letterboxd_movie_id,movieId,title,letterboxd_title,letterboxd_year,title_for_tmdb,letterboxd_movie_url,letterboxd_created_at
movie_871fea660f35,1,The Devil Wears Prada 2,The Devil Wears Prada 2,,The Devil Wears Prada 2,,2026-05-25T11:31:02+00:00
movie_5d698159a979,2,The Devil Wears Prada 2 (2026),The Devil Wears Prada 2 (2026),2026,The Devil Wears Prada 2,https://letterboxd.com/film/the-devil-wears-prada-2/,2026-05-25T11:31:02+00:00
movie_013fc9446ecf,3,Michael (2026),Michael (2026),2026,Michael,https://letterboxd.com/film/michael-2026/,2026-05-25T11:31:02+00:00
movie_ee3c31396b08,4,The Drama (2026),The Drama (2026),2026,The Drama,https://letterboxd.com/film/the-drama/,2026-05-25T11:31:02+00:00
movie_abe81071e651,5,Scream 7 (2026),Scream 7 (2026),2026,Scream 7,https://letterboxd.com/film/scream-7/,2026-05-25T11:31:02+00:00
movie_a66d3f7ee581,6,How to Make a Killing (2026),How to Make a Killing (2026),2026,How to Make a Killing,https://letterboxd.com/film/how-to-make-a-killing-2026/,2026-05-25T11:31:02+00:00
movie_e18af3485a4f,7,Wuthering Heights (2026),Wuthering Heights (2026),2026,Wuthering Heights,https://letterboxd.com/film/wuthering-heights-2026/,2026-05-25T11:31:02+00:00
movie_974d12c07a61,8,The Rip (2026),The Rip (2026),2026,The Rip,https://letterboxd.com/film/the-rip-2026/,2026-05-25T11:31:02+00:00
movie_23a2cb71790b,9,Stranger Things 5: The Finale (2025),Stranger Things 5: The Finale (2025),2025,Stranger Things 5: The Finale,https://letterboxd.com/film/stranger-things-5-the-finale/,2026-05-25T11:31:02+00:00
movie_378b57d0114c,10,Anaconda (2025),Anaconda (2025),2025,Anaconda,https://letterboxd.com/film/anaconda-2025/,2026-05-25T11:31:02+00:00
movie_3ff0917b59a7,11,Five Nights at Freddy's 2 (2025),Five Nights at Freddy's 2 (2025),2025,Five Nights at Freddy's 2,https://letterboxd.com/film/five-nights-at-freddys-2/,2026-05-25T11:31:02+00:00
movie_f80612874d62,12,The Housemaid (2025),The Housemaid (2025),2025,The Housemaid,https://letterboxd.com/film/the-housemaid-2025/,2026-05-25T11:31:02+00:00
movie_34436252f567,13,Wicked: For Good (2025),Wicked: For Good (2025),2025,Wicked: For Good,https://letterboxd.com/film/wicked-for-good/,2026-05-25T11:31:02+00:00
movie_8fbe56e42ae3,14,The Running Man (2025),The Running Man (2025),2025,The Running Man,https://letterboxd.com/film/the-running-man-2025/,2026-05-25T11:31:02+00:00
movie_8907cd2784a3,15,Is This Thing On? (2025),Is This Thing On? (2025),2025,Is This Thing On?,https://letterboxd.com/film/is-this-thing-on-2025/,2026-05-25T11:31:02+00:00
movie_81f7ba5c4398,16,Marty Supreme (2025),Marty Supreme (2025),2025,Marty Supreme,https://letterboxd.com/film/marty-supreme/,2026-05-25T11:31:02+00:00
movie_c844a814c20f,17,One Battle After Another (2025),One Battle After Another (2025),2025,One Battle After Another,https://letterboxd.com/film/one-battle-after-another/,2026-05-25T11:31:02+00:00
movie_f919c61663a7,18,Roofman (2025),Roofman (2025),2025,Roofman,https://letterboxd.com/film/roofman/,2026-05-25T11:31:02+00:00
movie_dc8c05f5e47e,19,Wake Up Dead Man (2025),Wake Up Dead Man (2025),2025,Wake Up Dead Man,https://letterboxd.com/film/wake-up-dead-man/,2026-05-25T11:31:02+00:00
movie_f0de40f18a9a,20,Dead Man's Wire (2025),Dead Man's Wire (2025),2025,Dead Man's Wire,https://letterboxd.com/film/dead-mans-wire/,2026-05-25T11:31:02+00:00
movie_78f4ddce6e3e,21,The Conjuring: Last Rites (2025),The Conjuring: Last Rites (2025),2025,The Conjuring: Last Rites,https://letterboxd.com/film/the-conjuring-last-rites/,2026-05-25T11:31:02+00:00
movie_5f576f18fba5,22,The Smashing Machine (2025),The Smashing Machine (2025),2025,The Smashing Machine,https://letterboxd.com/film/the-smashing-machine-2025/,2026-05-25T11:31:02+00:00
movie_ef5e696ae77f,23,Frankenstein (2025),Frankenstein (2025),2025,Frankenstein,https://letterboxd.com/film/frankenstein-2025/,2026-05-25T11:31:02+00:00
movie_20df769f6663,24,Springsteen: Deliver Me from Nowhere (2025),Springsteen: Deliver Me from Nowhere (2025),2025,Springsteen: Deliver Me from Nowhere,https://letterboxd.com/film/springsteen-deliver-me-from-nowhere/,2026-05-25T11:31:02+00:00
movie_631846150059,25,After the Hunt (2025),After the Hunt (2025),2025,After the Hunt,https://letterboxd.com/film/after-the-hunt-2025/,2026-05-25T11:31:02+00:00
movie_b99571974530,26,Hamnet (2025),Hamnet (2025),2025,Hamnet,https://letterboxd.com/film/hamnet/,2026-05-25T11:31:02+00:00
movie_c5cbcc8d458e,27,Jay Kelly (2025),Jay Kelly (2025),2025,Jay Kelly,https://letterboxd.com/film/jay-kelly/,2026-05-25T11:31:02+00:00
movie_b5ed9c1fb50f,28,Bugonia (2025),Bugonia (2025),2025,Bugonia,https://letterboxd.com/film/bugonia/,2026-05-25T11:31:02+00:00
movie_4ad91f39a5a0,29,The Roses (2025),The Roses (2025),2025,The Roses,https://letterboxd.com/film/the-roses-2025/,2026-05-25T11:31:02+00:00
movie_0585f7ef90bf,30,Caught Stealing (2025),Caught Stealing (2025),2025,Caught Stealing,https://letterboxd.com/film/caught-stealing/,2026-05-25T11:31:02+00:00
movie_0283ee59a98b,31,Freakier Friday (2025),Freakier Friday (2025),2025,Freakier Friday,https://letterboxd.com/film/freakier-friday/,2026-05-25T11:31:02+00:00
movie_7f567902dd69,32,Weapons (2025),Weapons (2025),2025,Weapons,https://letterboxd.com/film/weapons-2025/,2026-05-25T11:31:02+00:00
movie_600afaf95f85,33,War of the Worlds (2025),War of the Worlds (2025),2025,War of the Worlds,https://letterboxd.com/film/war-of-the-worlds-2025/,2026-05-25T11:31:02+00:00
movie_6f306ec3b4fd,34,Happy Gilmore 2 (2025),Happy Gilmore 2 (2025),2025,Happy Gilmore 2,https://letterboxd.com/film/happy-gilmore-2/,2026-05-25T11:31:02+00:00
movie_3ee0ffb1efb0,35,The Fantastic 4: First Steps (2025),The Fantastic 4: First Steps (2025),2025,The Fantastic 4: First Steps,https://letterboxd.com/film/the-fantastic-4-first-steps/,2026-05-25T11:31:02+00:00
movie_e22fd77c2aab,36,Superman (2025),Superman (2025),2025,Superman,https://letterboxd.com/film/superman-2025/,2026-05-25T11:31:02+00:00
movie_7fdac2d5d755,37,28 Years Later (2025),28 Years Later (2025),2025,28 Years Later,https://letterboxd.com/film/28-years-later/,2026-05-25T11:31:02+00:00
movie_b82b02bbe797,38,Jurassic World Rebirth (2025),Jurassic World Rebirth (2025),2025,Jurassic World Rebirth,https://letterboxd.com/film/jurassic-world-rebirth/,2026-05-25T11:31:02+00:00
movie_414fdc6a1f3f,39,Materialists (2025),Materialists (2025),2025,Materialists,https://letterboxd.com/film/materialists/,2026-05-25T11:31:02+00:00
movie_1ef532512934,40,Die My Love (2025),Die My Love (2025),2025,Die My Love,https://letterboxd.com/film/die-my-love/,2026-05-25T11:31:02+00:00
movie_ed4626a25068,41,Eddington (2025),Eddington (2025),2025,Eddington,https://letterboxd.com/film/eddington/,2026-05-25T11:31:02+00:00
movie_d61c7a4e8a27,42,Sinners (2025),Sinners (2025),2025,Sinners,https://letterboxd.com/film/sinners-2025/,2026-05-25T11:31:02+00:00
movie_81c156403dd2,43,A Minecraft Movie (2025),A Minecraft Movie (2025),2025,A Minecraft Movie,https://letterboxd.com/film/a-minecraft-movie/,2026-05-25T11:31:02+00:00
movie_d7a47fbec631,44,Snow White (2025),Snow White (2025),2025,Snow White,https://letterboxd.com/film/snow-white-2025/,2026-05-25T11:31:02+00:00
movie_eca92ae852f8,45,Adolescence (2025),Adolescence (2025),2025,Adolescence,https://letterboxd.com/film/adolescence-2025/,2026-05-25T11:31:02+00:00
movie_f7193721f53b,46,The Accountant² (2025),The Accountant² (2025),2025,The Accountant²,https://letterboxd.com/film/the-accountant-2025/,2026-05-25T11:31:02+00:00
movie_29d7c8110199,47,Another Simple Favor (2025),Another Simple Favor (2025),2025,Another Simple Favor,https://letterboxd.com/film/another-simple-favor/,2026-05-25T11:31:02+00:00
movie_b823d997146f,48,Blue Moon (2025),Blue Moon (2025),2025,Blue Moon,https://letterboxd.com/film/blue-moon-2025/,2026-05-25T11:31:02+00:00
movie_9d32bd34b0d5,49,Train Dreams (2025),Train Dreams (2025),2025,Train Dreams,https://letterboxd.com/film/train-dreams/,2026-05-25T11:31:02+00:00
movie_5bd3aa3a6f80,50,The Perfect Neighbor (2025),The Perfect Neighbor (2025),2025,The Perfect Neighbor,https://letterboxd.com/film/the-perfect-neighbour/,2026-05-25T11:31:02+00:00
movie_d43c0cf15d70,51,Flight Risk (2025),Flight Risk (2025),2025,Flight Risk,https://letterboxd.com/film/flight-risk-2025/,2026-05-25T11:31:02+00:00
movie_bc30b21a3a05,52,Wolf Man (2025),Wolf Man (2025),2025,Wolf Man,https://letterboxd.com/film/wolf-man-2025/,2026-05-25T11:31:02+00:00
movie_02abd77512ca,53,Sonic the Hedgehog 3 (2024),Sonic the Hedgehog 3 (2024),2024,Sonic the Hedgehog 3,https://letterboxd.com/film/sonic-the-hedgehog-3/,2026-05-25T11:31:02+00:00
movie_33c4d3b21f1d,54,A Complete Unknown (2024),A Complete Unknown (2024),2024,A Complete Unknown,https://letterboxd.com/film/a-complete-unknown/,2026-05-25T11:31:02+00:00
movie_1c7d080e0039,55,Carry-On (2024),Carry-On (2024),2024,Carry-On,https://letterboxd.com/film/carry-on-2024/,2026-05-25T11:31:02+00:00
movie_52e0f7adf60b,56,Our Little Secret (2024),Our Little Secret (2024),2024,Our Little Secret,https://letterboxd.com/film/our-little-secret/,2026-05-25T11:31:02+00:00
movie_a4c7f895ebe6,57,Moana 2 (2024),Moana 2 (2024),2024,Moana 2,https://letterboxd.com/film/moana-2/,2026-05-25T11:31:02+00:00
movie_1f7ee0e2294b,58,Hot Frosty (2024),Hot Frosty (2024),2024,Hot Frosty,https://letterboxd.com/film/hot-frosty/,2026-05-25T11:31:02+00:00
movie_6528dbc76ec3,59,Nosferatu (2024),Nosferatu (2024),2024,Nosferatu,https://letterboxd.com/film/nosferatu-2024/,2026-05-25T11:31:02+00:00
movie_4c1367a10e37,60,Juror #2 (2024),Juror #2 (2024),2024,Juror #2,https://letterboxd.com/film/juror-2/,2026-05-25T11:31:02+00:00
movie_1722056d1e93,61,Here (2024),Here (2024),2024,Here,https://letterboxd.com/film/here-2024/,2026-05-25T11:31:02+00:00
movie_07786377e0d7,62,Wicked (2024),Wicked (2024),2024,Wicked,https://letterboxd.com/film/wicked-2024/,2026-05-25T11:31:02+00:00
movie_9a16601b89de,63,Smile 2 (2024),Smile 2 (2024),2024,Smile 2,https://letterboxd.com/film/smile-2-2024/,2026-05-25T11:31:02+00:00
movie_b1045798c13f,64,Salem's Lot (2024),Salem's Lot (2024),2024,Salem's Lot,https://letterboxd.com/film/salems-lot-2024/,2026-05-25T11:31:02+00:00
movie_7c9988bb5e2f,65,The Penguin (2024),The Penguin (2024),2024,The Penguin,https://letterboxd.com/film/the-penguin-2024/,2026-05-25T11:31:02+00:00
movie_25a55d3e8281,66,Heretic (2024),Heretic (2024),2024,Heretic,https://letterboxd.com/film/heretic-2024/,2026-05-25T11:31:02+00:00
movie_daae82201905,67,The Last Showgirl (2024),The Last Showgirl (2024),2024,The Last Showgirl,https://letterboxd.com/film/the-last-showgirl/,2026-05-25T11:31:02+00:00
movie_2ce6853bbf1e,68,Speak No Evil (2024),Speak No Evil (2024),2024,Speak No Evil,https://letterboxd.com/film/speak-no-evil-2024/,2026-05-25T11:31:02+00:00
movie_c606730c2a10,69,Joker: Folie à Deux (2024),Joker: Folie à Deux (2024),2024,Joker: Folie à Deux,https://letterboxd.com/film/joker-folie-a-deux/,2026-05-25T11:31:02+00:00
movie_d34a19ddf815,70,Saturday Night (2024),Saturday Night (2024),2024,Saturday Night,https://letterboxd.com/film/saturday-night-2024/,2026-05-25T11:31:02+00:00
movie_2bcf90ae895a,71,September 5 (2024),September 5 (2024),2024,September 5,https://letterboxd.com/film/september-5/,2026-05-25T11:31:02+00:00
movie_40341d7cfc53,72,Beetlejuice Beetlejuice (2024),Beetlejuice Beetlejuice (2024),2024,Beetlejuice Beetlejuice,https://letterboxd.com/film/beetlejuice-beetlejuice/,2026-05-25T11:31:02+00:00
movie_274459c26308,73,The Deliverance (2024),The Deliverance (2024),2024,The Deliverance,https://letterboxd.com/film/the-deliverance-2024/,2026-05-25T11:31:02+00:00
movie_8501230a945c,74,Michael,Michael,,Michael,,2026-05-25T11:31:59+00:00
movie_33f5bbb1e000,75,Obsession (2025),Obsession (2025),2025,Obsession,https://letterboxd.com/film/obsession-2025-2/,2026-05-25T11:31:59+00:00
movie_17a6a7e0df6b,76,Mickey 17 (2025),Mickey 17 (2025),2025,Mickey 17,https://letterboxd.com/film/mickey-17/,2026-05-25T11:31:59+00:00
movie_cedf3febb0bc,77,Deadpool & Wolverine (2024),Deadpool & Wolverine (2024),2024,Deadpool & Wolverine,https://letterboxd.com/film/deadpool-wolverine/,2026-05-25T11:31:59+00:00
movie_34fa33b670e6,78,Inside Out 2 (2024),Inside Out 2 (2024),2024,Inside Out 2,https://letterboxd.com/film/inside-out-2-2024/,2026-05-25T11:31:59+00:00
movie_5b93664b03e3,79,Anora (2024),Anora (2024),2024,Anora,https://letterboxd.com/film/anora/,2026-05-25T11:31:59+00:00
movie_458701a6a62a,80,The Substance (2024),The Substance (2024),2024,The Substance,https://letterboxd.com/film/the-substance/,2026-05-25T11:31:59+00:00
movie_ebe576a5f7ff,81,Challengers (2024),Challengers (2024),2024,Challengers,https://letterboxd.com/film/challengers/,2026-05-25T11:31:59+00:00
movie_c4e410a30a47,82,Dune: Part Two (2024),Dune: Part Two (2024),2024,Dune: Part Two,https://letterboxd.com/film/dune-part-two/,2026-05-25T11:31:59+00:00
movie_3159cc37d835,83,Poor Things (2023),Poor Things (2023),2023,Poor Things,https://letterboxd.com/film/poor-things-2023/,2026-05-25T11:31:59+00:00
movie_c85dda6ce167,84,Saltburn (2023),Saltburn (2023),2023,Saltburn,https://letterboxd.com/film/saltburn/,2026-05-25T11:31:59+00:00
movie_5444cb6d1937,85,Oppenheimer (2023),Oppenheimer (2023),2023,Oppenheimer,https://letterboxd.com/film/oppenheimer-2023/,2026-05-25T11:31:59+00:00
movie_3a62d507277f,86,Barbie (2023),Barbie (2023),2023,Barbie,https://letterboxd.com/film/barbie/,2026-05-25T11:31:59+00:00
movie_32c7fe1db1af,87,Past Lives (2023),Past Lives (2023),2023,Past Lives,https://letterboxd.com/film/past-lives/,2026-05-25T11:31:59+00:00
movie_6fbd3c8ceb7e,88,Avatar: The Way of Water (2022),Avatar: The Way of Water (2022),2022,Avatar: The Way of Water,https://letterboxd.com/film/avatar-the-way-of-water/,2026-05-25T11:31:59+00:00
movie_6a5567afcdef,89,Glass Onion (2022),Glass Onion (2022),2022,Glass Onion,https://letterboxd.com/film/glass-onion/,2026-05-25T11:31:59+00:00
movie_f4c6be2e04d3,90,The Menu (2022),The Menu (2022),2022,The Menu,https://letterboxd.com/film/the-menu-2022/,2026-05-25T11:31:59+00:00
movie_e07b59ba066a,91,Pearl (2022),Pearl (2022),2022,Pearl,https://letterboxd.com/film/pearl-2022/,2026-05-25T11:31:59+00:00
movie_d22ad5315c74,92,Aftersun (2022),Aftersun (2022),2022,Aftersun,https://letterboxd.com/film/aftersun/,2026-05-25T11:31:59+00:00
movie_ada912dea4a8,93,Everything Everywhere All at Once (2022),Everything Everywhere All at Once (2022),2022,Everything Everywhere All at Once,https://letterboxd.com/film/everything-everywhere-all-at-once/,2026-05-25T11:31:59+00:00
movie_dfa06e2a803c,94,The Batman (2022),The Batman (2022),2022,The Batman,https://letterboxd.com/film/the-batman/,2026-05-25T11:31:59+00:00
movie_c25046f431c2,95,Spider-Man: No Way Home (2021),Spider-Man: No Way Home (2021),2021,Spider-Man: No Way Home,https://letterboxd.com/film/spider-man-no-way-home/,2026-05-25T11:31:59+00:00
movie_9568eca66f71,96,Dune (2021),Dune (2021),2021,Dune,https://letterboxd.com/film/dune-2021/,2026-05-25T11:31:59+00:00
movie_483c8fca1e2d,97,Soul (2020),Soul (2020),2020,Soul,https://letterboxd.com/film/soul-2020/,2026-05-25T11:31:59+00:00
movie_887b7800e51e,98,Little Women (2019),Little Women (2019),2019,Little Women,https://letterboxd.com/film/little-women-2019/,2026-05-25T11:31:59+00:00
movie_9038b879d137,99,Jojo Rabbit (2019),Jojo Rabbit (2019),2019,Jojo Rabbit,https://letterboxd.com/film/jojo-rabbit/,2026-05-25T11:31:59+00:00
movie_caba8a39e813,100,Knives Out (2019),Knives Out (2019),2019,Knives Out,https://letterboxd.com/film/knives-out-2019/,2026-05-25T11:31:59+00:00
movie_8d77f5de807b,101,Joker (2019),Joker (2019),2019,Joker,https://letterboxd.com/film/joker-2019/,2026-05-25T11:31:59+00:00
movie_6ec0a2c70213,102,Midsommar (2019),Midsommar (2019),2019,Midsommar,https://letterboxd.com/film/midsommar/,2026-05-25T11:31:59+00:00
movie_f2bc0b1b6046,103,Once Upon a Time... in Hollywood (2019),Once Upon a Time... in Hollywood (2019),2019,Once Upon a Time... in Hollywood,https://letterboxd.com/film/once-upon-a-time-in-hollywood/,2026-05-25T11:31:59+00:00
movie_b2667582e263,104,Parasite (2019),Parasite (2019),2019,Parasite,https://letterboxd.com/film/parasite-2019/,2026-05-25T11:31:59+00:00
movie_5ff34f46312d,105,Avengers: Endgame (2019),Avengers: Endgame (2019),2019,Avengers: Endgame,https://letterboxd.com/film/avengers-endgame/,2026-05-25T11:31:59+00:00
movie_92f9e6661bb2,106,Spider-Man: Into the Spider-Verse (2018),Spider-Man: Into the Spider-Verse (2018),2018,Spider-Man: Into the Spider-Verse,https://letterboxd.com/film/spider-man-into-the-spider-verse/,2026-05-25T11:31:59+00:00
movie_1fcc6ccca7eb,107,Avengers: Infinity War (2018),Avengers: Infinity War (2018),2018,Avengers: Infinity War,https://letterboxd.com/film/avengers-infinity-war/,2026-05-25T11:31:59+00:00
movie_3f1c326e1684,108,Black Panther (2018),Black Panther (2018),2018,Black Panther,https://letterboxd.com/film/black-panther/,2026-05-25T11:31:59+00:00
movie_fc1138c65849,109,Hereditary (2018),Hereditary (2018),2018,Hereditary,https://letterboxd.com/film/hereditary/,2026-05-25T11:31:59+00:00
movie_a4aebaad5397,110,Coco (2017),Coco (2017),2017,Coco,https://letterboxd.com/film/coco-2017/,2026-05-25T11:31:59+00:00
movie_486e35b09590,111,Blade Runner 2049 (2017),Blade Runner 2049 (2017),2017,Blade Runner 2049,https://letterboxd.com/film/blade-runner-2049/,2026-05-25T11:31:59+00:00
movie_8a8760f9e0fd,112,It (2017),It (2017),2017,It,https://letterboxd.com/film/it-2017/,2026-05-25T11:31:59+00:00
movie_748c36bbfc55,113,Lady Bird (2017),Lady Bird (2017),2017,Lady Bird,https://letterboxd.com/film/lady-bird/,2026-05-25T11:31:59+00:00
movie_21578f5ce951,114,Baby Driver (2017),Baby Driver (2017),2017,Baby Driver,https://letterboxd.com/film/baby-driver/,2026-05-25T11:31:59+00:00
movie_dfbef72f639e,115,Get Out (2017),Get Out (2017),2017,Get Out,https://letterboxd.com/film/get-out-2017/,2026-05-25T11:31:59+00:00
movie_63122f78cb30,116,Call Me by Your Name (2017),Call Me by Your Name (2017),2017,Call Me by Your Name,https://letterboxd.com/film/call-me-by-your-name/,2026-05-25T11:31:59+00:00
movie_a9b8370a65b9,117,Arrival (2016),Arrival (2016),2016,Arrival,https://letterboxd.com/film/arrival-2016/,2026-05-25T11:31:59+00:00
movie_2c74b7ad667c,118,La La Land (2016),La La Land (2016),2016,La La Land,https://letterboxd.com/film/la-la-land/,2026-05-25T11:31:59+00:00
movie_02d73c1e3193,119,Inside Out (2015),Inside Out (2015),2015,Inside Out,https://letterboxd.com/film/inside-out-2015/,2026-05-25T11:31:59+00:00
movie_9833c8236f55,120,Interstellar (2014),Interstellar (2014),2014,Interstellar,https://letterboxd.com/film/interstellar/,2026-05-25T11:31:59+00:00
movie_741e12592b85,121,Gone Girl (2014),Gone Girl (2014),2014,Gone Girl,https://letterboxd.com/film/gone-girl/,2026-05-25T11:31:59+00:00
movie_8002c024c5db,122,Guardians of the Galaxy (2014),Guardians of the Galaxy (2014),2014,Guardians of the Galaxy,https://letterboxd.com/film/guardians-of-the-galaxy/,2026-05-25T11:31:59+00:00
movie_adb94abde648,123,The Grand Budapest Hotel (2014),The Grand Budapest Hotel (2014),2014,The Grand Budapest Hotel,https://letterboxd.com/film/the-grand-budapest-hotel/,2026-05-25T11:31:59+00:00
movie_972b9becb047,124,Whiplash (2014),Whiplash (2014),2014,Whiplash,https://letterboxd.com/film/whiplash-2014/,2026-05-25T11:31:59+00:00
movie_19043f58ee06,125,The Wolf of Wall Street (2013),The Wolf of Wall Street (2013),2013,The Wolf of Wall Street,https://letterboxd.com/film/the-wolf-of-wall-street/,2026-05-25T11:31:59+00:00
movie_338708068a5f,126,Her (2013),Her (2013),2013,Her,https://letterboxd.com/film/her/,2026-05-25T11:31:59+00:00
movie_62535f8bab61,127,Prisoners (2013),Prisoners (2013),2013,Prisoners,https://letterboxd.com/film/prisoners/,2026-05-25T11:31:59+00:00
movie_c1c725bcdaf2,128,Django Unchained (2012),Django Unchained (2012),2012,Django Unchained,https://letterboxd.com/film/django-unchained/,2026-05-25T11:31:59+00:00
movie_7a4c5d318e71,129,The Perks of Being a Wallflower (2012),The Perks of Being a Wallflower (2012),2012,The Perks of Being a Wallflower,https://letterboxd.com/film/the-perks-of-being-a-wallflower/,2026-05-25T11:31:59+00:00
movie_0d90a9a08240,130,The Hunger Games (2012),The Hunger Games (2012),2012,The Hunger Games,https://letterboxd.com/film/the-hunger-games/,2026-05-25T11:31:59+00:00
movie_6f0748a5a555,131,The Social Network (2010),The Social Network (2010),2010,The Social Network,https://letterboxd.com/film/the-social-network/,2026-05-25T11:31:59+00:00
movie_9b9bb77ebce0,132,Black Swan (2010),Black Swan (2010),2010,Black Swan,https://letterboxd.com/film/black-swan/,2026-05-25T11:31:59+00:00
movie_fe6ea9841532,133,They Will Kill You,They Will Kill You,,They Will Kill You,,2026-05-25T11:32:39+00:00
movie_8cf5bd664b09,134,They Will Kill You (2026),They Will Kill You (2026),2026,They Will Kill You,https://letterboxd.com/film/they-will-kill-you/,2026-05-25T11:32:39+00:00
movie_ef4f17e91059,135,Star Wars: The Mandalorian and Grogu (2026),Star Wars: The Mandalorian and Grogu (2026),2026,Star Wars: The Mandalorian and Grogu,https://letterboxd.com/film/star-wars-the-mandalorian-and-grogu/,2026-05-25T11:32:39+00:00
movie_be2a9c8e4669,136,Star Wars: The Mandalorian and Grogu,Star Wars: The Mandalorian and Grogu,,Star Wars: The Mandalorian and Grogu,,2026-05-25T11:32:48+00:00
movie_8160b89acd73,137,Zootopia 2 (2025),Zootopia 2 (2025),2025,Zootopia 2,https://letterboxd.com/film/zootopia-2/,2026-05-25T11:32:48+00:00
movie_84fe225f4d0e,138,The Naked Gun (2025),The Naked Gun (2025),2025,The Naked Gun,https://letterboxd.com/film/the-naked-gun/,2026-05-25T11:32:48+00:00
movie_dab003b338f0,139,KPop Demon Hunters (2025),KPop Demon Hunters (2025),2025,KPop Demon Hunters,https://letterboxd.com/film/kpop-demon-hunters/,2026-05-25T11:32:48+00:00
movie_0ca4f3dd3a15,140,Thunderbolts* (2025),Thunderbolts* (2025),2025,Thunderbolts*,https://letterboxd.com/film/thunderbolts/,2026-05-25T11:32:48+00:00
movie_6647eb07d799,141,Captain America: Brave New World (2025),Captain America: Brave New World (2025),2025,Captain America: Brave New World,https://letterboxd.com/film/captain-america-brave-new-world/,2026-05-25T11:32:48+00:00
movie_a2b8f880182b,142,Alien: Romulus (2024),Alien: Romulus (2024),2024,Alien: Romulus,https://letterboxd.com/film/alien-romulus/,2026-05-25T11:32:48+00:00
movie_266cb3eb0237,143,Longlegs (2024),Longlegs (2024),2024,Longlegs,https://letterboxd.com/film/longlegs/,2026-05-25T11:32:48+00:00
movie_8a278063b1e3,144,MaXXXine (2024),MaXXXine (2024),2024,MaXXXine,https://letterboxd.com/film/maxxxine/,2026-05-25T11:32:48+00:00
movie_6555b6ad0c5e,145,Furiosa: A Mad Max Saga (2024),Furiosa: A Mad Max Saga (2024),2024,Furiosa: A Mad Max Saga,https://letterboxd.com/film/furiosa-a-mad-max-saga/,2026-05-25T11:32:48+00:00
movie_cf8ba0f4c9cc,146,Immaculate (2024),Immaculate (2024),2024,Immaculate,https://letterboxd.com/film/immaculate-2024/,2026-05-25T11:32:48+00:00
movie_a8bb32f12539,147,The Fall Guy (2024),The Fall Guy (2024),2024,The Fall Guy,https://letterboxd.com/film/the-fall-guy-2024/,2026-05-25T11:32:48+00:00
movie_af1c1f3baeb5,148,Monkey Man (2024),Monkey Man (2024),2024,Monkey Man,https://letterboxd.com/film/monkey-man/,2026-05-25T11:32:48+00:00
movie_e2b70c6b530f,149,Love Lies Bleeding (2024),Love Lies Bleeding (2024),2024,Love Lies Bleeding,https://letterboxd.com/film/love-lies-bleeding-2024/,2026-05-25T11:32:48+00:00
movie_b821def2e9a0,150,I Saw the TV Glow (2024),I Saw the TV Glow (2024),2024,I Saw the TV Glow,https://letterboxd.com/film/i-saw-the-tv-glow/,2026-05-25T11:32:48+00:00
movie_8d3e2f125c32,151,The Iron Claw (2023),The Iron Claw (2023),2023,The Iron Claw,https://letterboxd.com/film/the-iron-claw-2023/,2026-05-25T11:32:48+00:00
movie_3530afebc5c0,152,Godzilla Minus One (2023),Godzilla Minus One (2023),2023,Godzilla Minus One,https://letterboxd.com/film/godzilla-minus-one/,2026-05-25T11:32:48+00:00
movie_89db0f185eb3,153,Five Nights at Freddy's (2023),Five Nights at Freddy's (2023),2023,Five Nights at Freddy's,https://letterboxd.com/film/five-nights-at-freddys/,2026-05-25T11:32:48+00:00
movie_79d949e369b7,154,No Hard Feelings (2023),No Hard Feelings (2023),2023,No Hard Feelings,https://letterboxd.com/film/no-hard-feelings-2023/,2026-05-25T11:32:48+00:00
movie_725d0340b50a,155,Spider-Man: Across the Spider-Verse (2023),Spider-Man: Across the Spider-Verse (2023),2023,Spider-Man: Across the Spider-Verse,https://letterboxd.com/film/spider-man-across-the-spider-verse/,2026-05-25T11:32:48+00:00
movie_7aa2c9407ebc,156,Killers of the Flower Moon (2023),Killers of the Flower Moon (2023),2023,Killers of the Flower Moon,https://letterboxd.com/film/killers-of-the-flower-moon/,2026-05-25T11:32:48+00:00
movie_5f7ff585f0b7,157,Guardians of the Galaxy Vol. 3 (2023),Guardians of the Galaxy Vol. 3 (2023),2023,Guardians of the Galaxy Vol. 3,https://letterboxd.com/film/guardians-of-the-galaxy-vol-3/,2026-05-25T11:32:48+00:00
movie_1306dbf87b14,158,The Super Mario Bros. Movie (2023),The Super Mario Bros. Movie (2023),2023,The Super Mario Bros. Movie,https://letterboxd.com/film/the-super-mario-bros-movie/,2026-05-25T11:32:48+00:00
movie_ba38f65056aa,159,Evil Dead Rise (2023),Evil Dead Rise (2023),2023,Evil Dead Rise,https://letterboxd.com/film/evil-dead-rise/,2026-05-25T11:32:48+00:00
movie_72cf78369a04,160,Bottoms (2023),Bottoms (2023),2023,Bottoms,https://letterboxd.com/film/bottoms/,2026-05-25T11:32:48+00:00
movie_775b98e38be3,161,Dungeons & Dragons: Honor Among Thieves (2023),Dungeons & Dragons: Honor Among Thieves (2023),2023,Dungeons & Dragons: Honor Among Thieves,https://letterboxd.com/film/dungeons-dragons-honor-among-thieves/,2026-05-25T11:32:48+00:00
movie_694d591f6cf7,162,Late Night with the Devil (2023),Late Night with the Devil (2023),2023,Late Night with the Devil,https://letterboxd.com/film/late-night-with-the-devil/,2026-05-25T11:32:48+00:00
movie_ba14f8120849,163,Scream VI (2023),Scream VI (2023),2023,Scream VI,https://letterboxd.com/film/scream-vi/,2026-05-25T11:32:48+00:00
movie_69187cabc963,164,Ant-Man and the Wasp: Quantumania (2023),Ant-Man and the Wasp: Quantumania (2023),2023,Ant-Man and the Wasp: Quantumania,https://letterboxd.com/film/ant-man-and-the-wasp-quantumania/,2026-05-25T11:32:48+00:00
movie_1a777ac9c628,165,M3GAN (2022),M3GAN (2022),2022,M3GAN,https://letterboxd.com/film/m3gan/,2026-05-25T11:32:48+00:00
movie_0ce8c0f5ac3b,166,Puss in Boots: The Last Wish (2022),Puss in Boots: The Last Wish (2022),2022,Puss in Boots: The Last Wish,https://letterboxd.com/film/puss-in-boots-the-last-wish/,2026-05-25T11:32:48+00:00
movie_a98648a048f7,167,Talk to Me (2022),Talk to Me (2022),2022,Talk to Me,https://letterboxd.com/film/talk-to-me-2022/,2026-05-25T11:32:48+00:00
movie_95e54ba648e7,168,Black Panther: Wakanda Forever (2022),Black Panther: Wakanda Forever (2022),2022,Black Panther: Wakanda Forever,https://letterboxd.com/film/black-panther-wakanda-forever/,2026-05-25T11:32:48+00:00
movie_2ed47b717a5a,169,Guillermo del Toro's Pinocchio (2022),Guillermo del Toro's Pinocchio (2022),2022,Guillermo del Toro's Pinocchio,https://letterboxd.com/film/guillermo-del-toros-pinocchio/,2026-05-25T11:32:48+00:00
movie_10a6984e6665,170,Smile (2022),Smile (2022),2022,Smile,https://letterboxd.com/film/smile-2022/,2026-05-25T11:32:48+00:00
movie_5388689a91fa,171,The Whale (2022),The Whale (2022),2022,The Whale,https://letterboxd.com/film/the-whale-2022/,2026-05-25T11:32:48+00:00
movie_986e28cf3b51,172,Barbarian (2022),Barbarian (2022),2022,Barbarian,https://letterboxd.com/film/barbarian-2022/,2026-05-25T11:32:48+00:00
movie_9be0a6adb0f6,173,Bullet Train (2022),Bullet Train (2022),2022,Bullet Train,https://letterboxd.com/film/bullet-train/,2026-05-25T11:32:48+00:00
movie_12638ea31b41,174,Nope (2022),Nope (2022),2022,Nope,https://letterboxd.com/film/nope/,2026-05-25T11:32:48+00:00
movie_dba6805cdcd6,175,Thor: Love and Thunder (2022),Thor: Love and Thunder (2022),2022,Thor: Love and Thunder,https://letterboxd.com/film/thor-love-and-thunder/,2026-05-25T11:32:48+00:00
movie_fdb7b5b87118,176,Elvis (2022),Elvis (2022),2022,Elvis,https://letterboxd.com/film/elvis-2022/,2026-05-25T11:32:48+00:00
movie_e1e6e62fd5f6,177,Doctor Strange in the Multiverse of Madness (2022),Doctor Strange in the Multiverse of Madness (2022),2022,Doctor Strange in the Multiverse of Madness,https://letterboxd.com/film/doctor-strange-in-the-multiverse-of-madness/,2026-05-25T11:32:48+00:00
movie_37b816bec1b6,178,The Northman (2022),The Northman (2022),2022,The Northman,https://letterboxd.com/film/the-northman/,2026-05-25T11:32:48+00:00
movie_cce935e73597,179,X (2022),X (2022),2022,X,https://letterboxd.com/film/x-2022/,2026-05-25T11:32:48+00:00
movie_74a92960d9ea,180,Turning Red (2022),Turning Red (2022),2022,Turning Red,https://letterboxd.com/film/turning-red/,2026-05-25T11:32:48+00:00
movie_15a4612ca995,181,Scream (2022),Scream (2022),2022,Scream,https://letterboxd.com/film/scream-2022/,2026-05-25T11:32:48+00:00
movie_324c02a45662,182,Blade Runner (1982),Blade Runner (1982),1982,Blade Runner,https://letterboxd.com/film/blade-runner/,2026-05-25T11:33:29+00:00
movie_7c50a11e209c,183,A Clockwork Orange (1971),A Clockwork Orange (1971),1971,A Clockwork Orange,https://letterboxd.com/film/a-clockwork-orange/,2026-05-25T11:33:29+00:00
movie_4e996993f84c,184,Remarkably Bright Creatures,Remarkably Bright Creatures,,Remarkably Bright Creatures,,2026-05-25T11:33:36+00:00
movie_f203c61c6a2d,185,Remarkably Bright Creatures (2026),Remarkably Bright Creatures (2026),2026,Remarkably Bright Creatures,https://letterboxd.com/film/remarkably-bright-creatures/,2026-05-25T11:33:36+00:00
movie_0c88cae5a200,186,The Sheep Detectives (2026),The Sheep Detectives (2026),2026,The Sheep Detectives,https://letterboxd.com/film/the-sheep-detectives/,2026-05-25T11:33:36+00:00
movie_fb0bfc3f1706,187,"You, Me & Tuscany (2026)","You, Me & Tuscany (2026)",2026,"You, Me & Tuscany",https://letterboxd.com/film/you-me-tuscany/,2026-05-25T11:33:36+00:00
movie_6d51396e9eb2,188,Mike & Nick & Nick & Alice (2026),Mike & Nick & Nick & Alice (2026),2026,Mike & Nick & Nick & Alice,https://letterboxd.com/film/mike-nick-nick-alice/,2026-05-25T11:33:36+00:00
movie_450a4b798899,189,Project Hail Mary (2026),Project Hail Mary (2026),2026,Project Hail Mary,https://letterboxd.com/film/project-hail-mary/,2026-05-25T11:33:36+00:00
movie_0b7e416e4ccb,190,People We Meet on Vacation (2026),People We Meet on Vacation (2026),2026,People We Meet on Vacation,https://letterboxd.com/film/people-we-meet-on-vacation/,2026-05-25T11:33:36+00:00
movie_7220d24ebc6e,191,Avatar: Fire and Ash (2025),Avatar: Fire and Ash (2025),2025,Avatar: Fire and Ash,https://letterboxd.com/film/avatar-fire-and-ash/,2026-05-25T11:33:36+00:00
movie_36328d564e45,192,"Good Luck, Have Fun, Don't Die (2025)","Good Luck, Have Fun, Don't Die (2025)",2025,"Good Luck, Have Fun, Don't Die",https://letterboxd.com/film/good-luck-have-fun-dont-die/,2026-05-25T11:33:36+00:00
movie_d13424ca22dc,193,The Long Walk (2025),The Long Walk (2025),2025,The Long Walk,https://letterboxd.com/film/the-long-walk-2025/,2026-05-25T11:33:36+00:00
movie_96667e61edd3,194,F1 (2025),F1 (2025),2025,F1,https://letterboxd.com/film/f1/,2026-05-25T11:33:36+00:00
movie_b5c82eea64a5,195,The Phoenician Scheme (2025),The Phoenician Scheme (2025),2025,The Phoenician Scheme,https://letterboxd.com/film/the-phoenician-scheme/,2026-05-25T11:33:36+00:00
movie_e4e8f07e8f5e,196,Mission: Impossible – The Final Reckoning (2025),Mission: Impossible – The Final Reckoning (2025),2025,Mission: Impossible – The Final Reckoning,https://letterboxd.com/film/mission-impossible-the-final-reckoning/,2026-05-25T11:33:36+00:00
movie_c08d090db3f2,197,The Wild Robot (2024),The Wild Robot (2024),2024,The Wild Robot,https://letterboxd.com/film/the-wild-robot/,2026-05-25T11:33:36+00:00
movie_db44c8bef1d4,198,The Day the Earth Blew Up: A Looney Tunes Movie (2024),The Day the Earth Blew Up: A Looney Tunes Movie (2024),2024,The Day the Earth Blew Up: A Looney Tunes Movie,https://letterboxd.com/film/the-day-the-earth-blew-up-a-looney-tunes-movie/,2026-05-25T11:33:36+00:00
movie_7679cc939766,199,Flow (2024),Flow (2024),2024,Flow,https://letterboxd.com/film/flow-2024/,2026-05-25T11:33:36+00:00
movie_8506a2509936,200,Civil War (2024),Civil War (2024),2024,Civil War,https://letterboxd.com/film/civil-war-2024/,2026-05-25T11:33:36+00:00
movie_4bd2675247f7,201,Anyone But You (2023),Anyone But You (2023),2023,Anyone But You,https://letterboxd.com/film/anyone-but-you/,2026-05-25T11:33:36+00:00
movie_4287f0cc36a3,202,Wonka (2023),Wonka (2023),2023,Wonka,https://letterboxd.com/film/wonka/,2026-05-25T11:33:36+00:00
movie_bfd5e2aae352,203,The Wonderful Story of Henry Sugar (2023),The Wonderful Story of Henry Sugar (2023),2023,The Wonderful Story of Henry Sugar,https://letterboxd.com/film/the-wonderful-story-of-henry-sugar/,2026-05-25T11:33:36+00:00
movie_2e6079f7f3dc,204,Mission: Impossible – Dead Reckoning (2023),Mission: Impossible – Dead Reckoning (2023),2023,Mission: Impossible – Dead Reckoning,https://letterboxd.com/film/mission-impossible-dead-reckoning/,2026-05-25T11:33:36+00:00
movie_1fa872be27e1,205,Elemental (2023),Elemental (2023),2023,Elemental,https://letterboxd.com/film/elemental-2023/,2026-05-25T11:33:36+00:00
movie_de8635b12bd5,206,Asteroid City (2023),Asteroid City (2023),2023,Asteroid City,https://letterboxd.com/film/asteroid-city/,2026-05-25T11:33:36+00:00
movie_457bb6fee831,207,Indiana Jones and the Dial of Destiny (2023),Indiana Jones and the Dial of Destiny (2023),2023,Indiana Jones and the Dial of Destiny,https://letterboxd.com/film/indiana-jones-and-the-dial-of-destiny/,2026-05-25T11:33:36+00:00
movie_1581f9cdf23c,208,John Wick: Chapter 4 (2023),John Wick: Chapter 4 (2023),2023,John Wick: Chapter 4,https://letterboxd.com/film/john-wick-chapter-4/,2026-05-25T11:33:36+00:00
movie_9d23ba2b8888,209,Babylon (2022),Babylon (2022),2022,Babylon,https://letterboxd.com/film/babylon-2022/,2026-05-25T11:33:36+00:00
movie_ac9c54e2e523,210,Suzume (2022),Suzume (2022),2022,Suzume,https://letterboxd.com/film/suzume/,2026-05-25T11:33:36+00:00
movie_fbee6e823bb9,211,Top Gun: Maverick (2022),Top Gun: Maverick (2022),2022,Top Gun: Maverick,https://letterboxd.com/film/top-gun-maverick/,2026-05-25T11:33:36+00:00
movie_1a7d7551c197,212,The Adam Project (2022),The Adam Project (2022),2022,The Adam Project,https://letterboxd.com/film/the-adam-project/,2026-05-25T11:33:36+00:00
movie_928deb7402e5,213,The Matrix Resurrections (2021),The Matrix Resurrections (2021),2021,The Matrix Resurrections,https://letterboxd.com/film/the-matrix-resurrections/,2026-05-25T11:33:36+00:00
movie_26e82af9a10c,214,Don't Look Up (2021),Don't Look Up (2021),2021,Don't Look Up,https://letterboxd.com/film/dont-look-up-2021/,2026-05-25T11:33:36+00:00
movie_52f9f17d1e15,215,Eternals (2021),Eternals (2021),2021,Eternals,https://letterboxd.com/film/eternals/,2026-05-25T11:33:36+00:00
movie_4f9c70748b0b,216,Free Guy (2021),Free Guy (2021),2021,Free Guy,https://letterboxd.com/film/free-guy/,2026-05-25T11:33:36+00:00
movie_334993d9a1f0,217,Project Hail Mary,Project Hail Mary,,Project Hail Mary,,2026-05-25T11:33:48+00:00
movie_0018087bda3e,218,No Country for Old Men (2007),No Country for Old Men (2007),2007,No Country for Old Men,https://letterboxd.com/film/no-country-for-old-men/,2026-05-25T11:34:29+00:00
movie_90cf65027f92,219,Conclave (2024),Conclave (2024),2024,Conclave,https://letterboxd.com/film/conclave/,2026-05-25T11:34:29+00:00
movie_4eeeea737a0d,220,Inception (2010),Inception (2010),2010,Inception,https://letterboxd.com/film/inception/,2026-05-25T11:34:37+00:00
movie_61cc1956dc5d,221,Shutter Island (2010),Shutter Island (2010),2010,Shutter Island,https://letterboxd.com/film/shutter-island/,2026-05-25T11:34:37+00:00
movie_0b573a672ade,222,Avatar (2009),Avatar (2009),2009,Avatar,https://letterboxd.com/film/avatar/,2026-05-25T11:34:37+00:00
movie_7025693e68c0,223,Inglourious Basterds (2009),Inglourious Basterds (2009),2009,Inglourious Basterds,https://letterboxd.com/film/inglourious-basterds/,2026-05-25T11:34:37+00:00
movie_ca5da872e27c,224,Up (2009),Up (2009),2009,Up,https://letterboxd.com/film/up/,2026-05-25T11:34:37+00:00
movie_47cedfde2332,225,Coraline (2009),Coraline (2009),2009,Coraline,https://letterboxd.com/film/coraline/,2026-05-25T11:34:37+00:00
movie_a70496b2805c,226,(500) Days of Summer (2009),(500) Days of Summer (2009),2009,(500) Days of Summer,https://letterboxd.com/film/500-days-of-summer/,2026-05-25T11:34:37+00:00
movie_129c48a46053,227,The Dark Knight (2008),The Dark Knight (2008),2008,The Dark Knight,https://letterboxd.com/film/the-dark-knight/,2026-05-25T11:34:37+00:00
movie_7e6ba669ed2e,228,Ratatouille (2007),Ratatouille (2007),2007,Ratatouille,https://letterboxd.com/film/ratatouille/,2026-05-25T11:34:37+00:00
movie_0af63e2bcf2a,229,The Devil Wears Prada (2006),The Devil Wears Prada (2006),2006,The Devil Wears Prada,https://letterboxd.com/film/the-devil-wears-prada/,2026-05-25T11:34:37+00:00
movie_c9e035933593,230,Pride & Prejudice (2005),Pride & Prejudice (2005),2005,Pride & Prejudice,https://letterboxd.com/film/pride-prejudice/,2026-05-25T11:34:37+00:00
movie_c8e041ee18a8,231,Harry Potter and the Prisoner of Azkaban (2004),Harry Potter and the Prisoner of Azkaban (2004),2004,Harry Potter and the Prisoner of Azkaban,https://letterboxd.com/film/harry-potter-and-the-prisoner-of-azkaban/,2026-05-25T11:34:37+00:00
movie_cfcc27c70fc1,232,The Notebook (2004),The Notebook (2004),2004,The Notebook,https://letterboxd.com/film/the-notebook/,2026-05-25T11:34:37+00:00
movie_69428cbe45a8,233,Mean Girls (2004),Mean Girls (2004),2004,Mean Girls,https://letterboxd.com/film/mean-girls/,2026-05-25T11:34:37+00:00
movie_c5a09786440a,234,Eternal Sunshine of the Spotless Mind (2004),Eternal Sunshine of the Spotless Mind (2004),2004,Eternal Sunshine of the Spotless Mind,https://letterboxd.com/film/eternal-sunshine-of-the-spotless-mind/,2026-05-25T11:34:37+00:00
movie_97413a6d1941,235,Kill Bill: Vol. 1 (2003),Kill Bill: Vol. 1 (2003),2003,Kill Bill: Vol. 1,https://letterboxd.com/film/kill-bill-vol-1/,2026-05-25T11:34:37+00:00
movie_c7327d79662e,236,Catch Me If You Can (2002),Catch Me If You Can (2002),2002,Catch Me If You Can,https://letterboxd.com/film/catch-me-if-you-can-2002/,2026-05-25T11:34:37+00:00
movie_e6a4f86a318f,237,The Lord of the Rings: The Fellowship of the Ring (2001),The Lord of the Rings: The Fellowship of the Ring (2001),2001,The Lord of the Rings: The Fellowship of the Ring,https://letterboxd.com/film/the-lord-of-the-rings-the-fellowship-of-the-ring/,2026-05-25T11:34:37+00:00
movie_482be0284f32,238,Harry Potter and the Philosopher's Stone (2001),Harry Potter and the Philosopher's Stone (2001),2001,Harry Potter and the Philosopher's Stone,https://letterboxd.com/film/harry-potter-and-the-philosophers-stone/,2026-05-25T11:34:37+00:00
movie_985e194e52bf,239,Father Mother Sister Brother (2025),Father Mother Sister Brother (2025),2025,Father Mother Sister Brother,https://letterboxd.com/film/father-mother-sister-brother/,2026-05-25T11:35:25+00:00
movie_28dd0262b585,240,No Other Choice (2025),No Other Choice (2025),2025,No Other Choice,https://letterboxd.com/film/no-other-choice-2025/,2026-05-25T11:35:25+00:00
movie_a6da821786a4,241,Sentimental Value (2025),Sentimental Value (2025),2025,Sentimental Value,https://letterboxd.com/film/sentimental-value-2025/,2026-05-25T11:35:25+00:00
movie_99545c0d9647,242,It Was Just an Accident (2025),It Was Just an Accident (2025),2025,It Was Just an Accident,https://letterboxd.com/film/it-was-just-an-accident/,2026-05-25T11:35:25+00:00
movie_6d23236beb16,243,Sirāt (2025),Sirāt (2025),2025,Sirāt,https://letterboxd.com/film/sirat-2025/,2026-05-25T11:35:25+00:00
movie_65092e155a3a,244,The Brutalist (2024),The Brutalist (2024),2024,The Brutalist,https://letterboxd.com/film/the-brutalist/,2026-05-25T11:35:25+00:00
movie_63f8d352daaf,245,The Seed of the Sacred Fig (2024),The Seed of the Sacred Fig (2024),2024,The Seed of the Sacred Fig,https://letterboxd.com/film/the-seed-of-the-sacred-fig/,2026-05-25T11:35:25+00:00
movie_d089b3f54e54,246,The Count of Monte Cristo (2024),The Count of Monte Cristo (2024),2024,The Count of Monte Cristo,https://letterboxd.com/film/the-count-of-monte-cristo-2024/,2026-05-25T11:35:25+00:00
movie_5e60daa18079,247,The Apprentice (2024),The Apprentice (2024),2024,The Apprentice,https://letterboxd.com/film/the-apprentice-2024/,2026-05-25T11:35:25+00:00
movie_5497134db5a6,248,Emilia Pérez (2024),Emilia Pérez (2024),2024,Emilia Pérez,https://letterboxd.com/film/emilia-perez/,2026-05-25T11:35:25+00:00
movie_9e35ea973052,249,Megalopolis (2024),Megalopolis (2024),2024,Megalopolis,https://letterboxd.com/film/megalopolis-2024/,2026-05-25T11:35:25+00:00
movie_461e67c35cc5,250,Priscilla (2023),Priscilla (2023),2023,Priscilla,https://letterboxd.com/film/priscilla/,2026-05-25T11:35:25+00:00
movie_7942abbac2ce,251,The Boy and the Heron (2023),The Boy and the Heron (2023),2023,The Boy and the Heron,https://letterboxd.com/film/the-boy-and-the-heron/,2026-05-25T11:35:25+00:00
movie_5d70ea4f7009,252,Perfect Days (2023),Perfect Days (2023),2023,Perfect Days,https://letterboxd.com/film/perfect-days-2023/,2026-05-25T11:35:25+00:00
movie_d044bdc24244,253,Anatomy of a Fall (2023),Anatomy of a Fall (2023),2023,Anatomy of a Fall,https://letterboxd.com/film/anatomy-of-a-fall/,2026-05-25T11:35:25+00:00
movie_cfea47e66f74,254,The Zone of Interest (2023),The Zone of Interest (2023),2023,The Zone of Interest,https://letterboxd.com/film/the-zone-of-interest/,2026-05-25T11:35:25+00:00
movie_29395c2cd359,255,The Banshees of Inisherin (2022),The Banshees of Inisherin (2022),2022,The Banshees of Inisherin,https://letterboxd.com/film/the-banshees-of-inisherin/,2026-05-25T11:35:25+00:00
movie_332d16b144f3,256,TÁR (2022),TÁR (2022),2022,TÁR,https://letterboxd.com/film/tar-2022/,2026-05-25T11:35:25+00:00
movie_d15a51b3aec3,257,Decision to Leave (2022),Decision to Leave (2022),2022,Decision to Leave,https://letterboxd.com/film/decision-to-leave/,2026-05-25T11:35:25+00:00
movie_6430f43e96d1,258,Nightmare Alley (2021),Nightmare Alley (2021),2021,Nightmare Alley,https://letterboxd.com/film/nightmare-alley-2021/,2026-05-25T11:35:25+00:00
movie_785544fdb40d,259,No Time to Die (2021),No Time to Die (2021),2021,No Time to Die,https://letterboxd.com/film/no-time-to-die-2021/,2026-05-25T11:35:25+00:00
movie_a5d3530c111d,260,Titane (2021),Titane (2021),2021,Titane,https://letterboxd.com/film/titane/,2026-05-25T11:35:25+00:00
movie_aaec17afc916,261,Drive My Car (2021),Drive My Car (2021),2021,Drive My Car,https://letterboxd.com/film/drive-my-car/,2026-05-25T11:35:25+00:00
movie_b4c3d9651204,262,The Worst Person in the World (2021),The Worst Person in the World (2021),2021,The Worst Person in the World,https://letterboxd.com/film/the-worst-person-in-the-world/,2026-05-25T11:35:25+00:00
movie_b3190fbed88f,263,Tenet (2020),Tenet (2020),2020,Tenet,https://letterboxd.com/film/tenet/,2026-05-25T11:35:25+00:00
movie_a9782784c8dd,264,Portrait of a Lady on Fire (2019),Portrait of a Lady on Fire (2019),2019,Portrait of a Lady on Fire,https://letterboxd.com/film/portrait-of-a-lady-on-fire/,2026-05-25T11:35:25+00:00
movie_74ebfdd23d3b,265,Green Book (2018),Green Book (2018),2018,Green Book,https://letterboxd.com/film/green-book/,2026-05-25T11:35:25+00:00
movie_77d962c349ed,266,Free Solo (2018),Free Solo (2018),2018,Free Solo,https://letterboxd.com/film/free-solo/,2026-05-25T11:35:25+00:00
movie_27e29efb411d,267,Roma (2018),Roma (2018),2018,Roma,https://letterboxd.com/film/roma-2018/,2026-05-25T11:35:25+00:00
movie_0f796a08aa78,268,BlacKkKlansman (2018),BlacKkKlansman (2018),2018,BlacKkKlansman,https://letterboxd.com/film/blackkklansman/,2026-05-25T11:35:25+00:00
movie_0e7b1e60e961,269,Climax (2018),Climax (2018),2018,Climax,https://letterboxd.com/film/climax-2018/,2026-05-25T11:35:25+00:00
movie_b588c650d002,270,Cold War (2018),Cold War (2018),2018,Cold War,https://letterboxd.com/film/cold-war-2018/,2026-05-25T11:35:25+00:00
movie_f99149ebb883,271,Phantom Thread (2017),Phantom Thread (2017),2017,Phantom Thread,https://letterboxd.com/film/phantom-thread/,2026-05-25T11:35:25+00:00
movie_e0f1b1704cc6,272,Spectre (2015),Spectre (2015),2015,Spectre,https://letterboxd.com/film/spectre-2015/,2026-05-25T11:35:25+00:00
movie_79f408d8413e,273,Sicario (2015),Sicario (2015),2015,Sicario,https://letterboxd.com/film/sicario-2015/,2026-05-25T11:35:25+00:00
movie_83c52f8ed079,274,The Imitation Game (2014),The Imitation Game (2014),2014,The Imitation Game,https://letterboxd.com/film/the-imitation-game/,2026-05-25T11:35:25+00:00
movie_8b920c37debd,275,Birdman or (The Unexpected Virtue of Ignorance) (2014),Birdman or (The Unexpected Virtue of Ignorance) (2014),2014,Birdman or (The Unexpected Virtue of Ignorance),https://letterboxd.com/film/birdman-or-the-unexpected-virtue-of-ignorance/,2026-05-25T11:35:25+00:00
movie_b669d230e0fc,276,Mommy (2014),Mommy (2014),2014,Mommy,https://letterboxd.com/film/mommy-2014/,2026-05-25T11:35:25+00:00
movie_6ad2aa12ef00,277,Nymphomaniac: Vol. I (2013),Nymphomaniac: Vol. I (2013),2013,Nymphomaniac: Vol. I,https://letterboxd.com/film/nymphomaniac-volume-i/,2026-05-25T11:35:25+00:00
movie_24941c53c538,278,Forrest Gump,Forrest Gump,,Forrest Gump,,2026-05-25T11:36:04+00:00
movie_604df50f3d45,279,Forrest Gump (1994),Forrest Gump (1994),1994,Forrest Gump,https://letterboxd.com/film/forrest-gump/,2026-05-25T11:36:04+00:00
movie_ef5e963c97b4,280,Spirited Away (2001),Spirited Away (2001),2001,Spirited Away,https://letterboxd.com/film/spirited-away/,2026-05-25T11:36:04+00:00
movie_25c942f6cf0a,281,American Psycho (2000),American Psycho (2000),2000,American Psycho,https://letterboxd.com/film/american-psycho/,2026-05-25T11:36:04+00:00
movie_8d4f97685992,282,Little Miss Sunshine (2006),Little Miss Sunshine (2006),2006,Little Miss Sunshine,https://letterboxd.com/film/little-miss-sunshine/,2026-05-25T11:36:12+00:00
movie_7186ad2a8741,283,Donnie Darko (2001),Donnie Darko (2001),2001,Donnie Darko,https://letterboxd.com/film/donnie-darko/,2026-05-25T11:36:12+00:00
movie_7db436bd5764,284,Fight Club (1999),Fight Club (1999),1999,Fight Club,https://letterboxd.com/film/fight-club/,2026-05-25T11:36:12+00:00
movie_20f22e3f23e3,285,The Matrix (1999),The Matrix (1999),1999,The Matrix,https://letterboxd.com/film/the-matrix/,2026-05-25T11:36:12+00:00
movie_b859ef94ffec,286,The Truman Show (1998),The Truman Show (1998),1998,The Truman Show,https://letterboxd.com/film/the-truman-show/,2026-05-25T11:36:12+00:00
movie_333e90f07751,287,Good Will Hunting (1997),Good Will Hunting (1997),1997,Good Will Hunting,https://letterboxd.com/film/good-will-hunting/,2026-05-25T11:36:12+00:00
movie_4a9474a53c61,288,Se7en (1995),Se7en (1995),1995,Se7en,https://letterboxd.com/film/se7en/,2026-05-25T11:36:12+00:00
movie_45a8b53806d9,289,The Shawshank Redemption (1994),The Shawshank Redemption (1994),1994,The Shawshank Redemption,https://letterboxd.com/film/the-shawshank-redemption/,2026-05-25T11:36:12+00:00
movie_3bfc4df6daa9,290,Pulp Fiction (1994),Pulp Fiction (1994),1994,Pulp Fiction,https://letterboxd.com/film/pulp-fiction/,2026-05-25T11:36:12+00:00
movie_e09e0f514de2,291,The Silence of the Lambs (1991),The Silence of the Lambs (1991),1991,The Silence of the Lambs,https://letterboxd.com/film/the-silence-of-the-lambs/,2026-05-25T11:36:12+00:00
movie_2b07e2547051,292,Dead Poets Society (1989),Dead Poets Society (1989),1989,Dead Poets Society,https://letterboxd.com/film/dead-poets-society/,2026-05-25T11:36:12+00:00
movie_5e27c725b692,293,The Shining (1980),The Shining (1980),1980,The Shining,https://letterboxd.com/film/the-shining/,2026-05-25T11:36:12+00:00
movie_4fedb8a845b6,294,Taxi Driver (1976),Taxi Driver (1976),1976,Taxi Driver,https://letterboxd.com/film/taxi-driver/,2026-05-25T11:36:12+00:00
movie_9a61211bf546,295,The Godfather (1972),The Godfather (1972),1972,The Godfather,https://letterboxd.com/film/the-godfather/,2026-05-25T11:36:12+00:00
movie_07c4b29eb188,296,Captain America: Civil War (2016),Captain America: Civil War (2016),2016,Captain America: Civil War,https://letterboxd.com/film/captain-america-civil-war/,2026-05-25T11:36:55+00:00
movie_0ed17ec5eda8,297,Uncut Gems (2019),Uncut Gems (2019),2019,Uncut Gems,https://letterboxd.com/film/uncut-gems/,2026-05-25T11:36:55+00:00
movie_816c3a7bd1e8,298,Finding Nemo (2003),Finding Nemo (2003),2003,Finding Nemo,https://letterboxd.com/film/finding-nemo/,2026-05-25T11:36:55+00:00
movie_17908ad0cfd3,299,Marty Supreme,Marty Supreme,,Marty Supreme,,2026-05-25T11:37:01+00:00
movie_fca091f43587,300,The Hunger Games: The Ballad of Songbirds & Snakes (2023),The Hunger Games: The Ballad of Songbirds & Snakes (2023),2023,The Hunger Games: The Ballad of Songbirds & Snakes,https://letterboxd.com/film/the-hunger-games-the-ballad-of-songbirds-snakes/,2026-05-25T11:37:01+00:00
movie_8cc8be79e8d2,301,The Holdovers (2023),The Holdovers (2023),2023,The Holdovers,https://letterboxd.com/film/the-holdovers/,2026-05-25T11:37:01+00:00
movie_73b43ab76445,302,Us (2019),Us (2019),2019,Us,https://letterboxd.com/film/us-2019/,2026-05-25T11:37:01+00:00
movie_72851ad39bf8,303,Thor: Ragnarok (2017),Thor: Ragnarok (2017),2017,Thor: Ragnarok,https://letterboxd.com/film/thor-ragnarok/,2026-05-25T11:37:01+00:00
movie_ab4aa6eb4fa7,304,Deadpool (2016),Deadpool (2016),2016,Deadpool,https://letterboxd.com/film/deadpool/,2026-05-25T11:37:01+00:00
movie_795169c4b5e3,305,The Hunger Games: Catching Fire (2013),The Hunger Games: Catching Fire (2013),2013,The Hunger Games: Catching Fire,https://letterboxd.com/film/the-hunger-games-catching-fire/,2026-05-25T11:37:01+00:00
movie_1b5e6abe8b63,306,The Avengers (2012),The Avengers (2012),2012,The Avengers,https://letterboxd.com/film/the-avengers-2012/,2026-05-25T11:37:01+00:00
movie_a93fce76d3f1,307,The Drama,The Drama,,The Drama,,2026-05-25T11:37:56+00:00
movie_2408331f025b,308,Send Help (2026),Send Help (2026),2026,Send Help,https://letterboxd.com/film/send-help/,2026-05-25T11:37:56+00:00
movie_04a972153893,309,Moonlight (2016),Moonlight (2016),2016,Moonlight,https://letterboxd.com/film/moonlight-2016/,2026-05-25T11:37:56+00:00
movie_be265e6255f9,310,Bridesmaids (2011),Bridesmaids (2011),2011,Bridesmaids,https://letterboxd.com/film/bridesmaids/,2026-05-25T11:37:56+00:00
movie_544f8e5eff16,311,Scott Pilgrim vs. the World (2010),Scott Pilgrim vs. the World (2010),2010,Scott Pilgrim vs. the World,https://letterboxd.com/film/scott-pilgrim-vs-the-world/,2026-05-25T11:37:56+00:00
movie_8106792ba7b7,312,Mr. Nobody (2009),Mr. Nobody (2009),2009,Mr. Nobody,https://letterboxd.com/film/mr-nobody/,2026-05-25T11:37:56+00:00
movie_f95291e65494,313,WALL·E (2008),WALL·E (2008),2008,WALL·E,https://letterboxd.com/film/walle/,2026-05-25T11:37:56+00:00
movie_29c8d8aba972,314,1917 (2019),1917 (2019),2019,1917,https://letterboxd.com/film/1917/,2026-05-25T11:38:40+00:00
movie_15f24c34fbe4,315,Beautiful Boy (2018),Beautiful Boy (2018),2018,Beautiful Boy,https://letterboxd.com/film/beautiful-boy-2018/,2026-05-25T11:38:40+00:00
movie_83c5ebde4b0c,316,Dunkirk (2017),Dunkirk (2017),2017,Dunkirk,https://letterboxd.com/film/dunkirk-2017/,2026-05-25T11:38:40+00:00
movie_ca148e207423,317,Mad Max: Fury Road (2015),Mad Max: Fury Road (2015),2015,Mad Max: Fury Road,https://letterboxd.com/film/mad-max-fury-road/,2026-05-25T11:38:40+00:00
movie_ece8cc9915f0,318,John Wick (2014),John Wick (2014),2014,John Wick,https://letterboxd.com/film/john-wick/,2026-05-25T11:38:40+00:00
movie_df4883c2af07,319,Nightcrawler (2014),Nightcrawler (2014),2014,Nightcrawler,https://letterboxd.com/film/nightcrawler/,2026-05-25T11:38:40+00:00
movie_c4cb07780124,320,About Time (2013),About Time (2013),2013,About Time,https://letterboxd.com/film/about-time/,2026-05-25T11:38:40+00:00
movie_0a05316b8c51,321,The Dark Knight Rises (2012),The Dark Knight Rises (2012),2012,The Dark Knight Rises,https://letterboxd.com/film/the-dark-knight-rises/,2026-05-25T11:38:40+00:00
movie_1192441d939b,322,Drive (2011),Drive (2011),2011,Drive,https://letterboxd.com/film/drive-2011/,2026-05-25T11:38:40+00:00
movie_94ee3c8f25b8,323,Fantastic Mr. Fox (2009),Fantastic Mr. Fox (2009),2009,Fantastic Mr. Fox,https://letterboxd.com/film/fantastic-mr-fox/,2026-05-25T11:38:40+00:00
movie_110ec14652e5,324,Interstellar,Interstellar,,Interstellar,,2026-05-25T11:39:17+00:00
movie_9f5835e4b245,325,Gladiator II (2024),Gladiator II (2024),2024,Gladiator II,https://letterboxd.com/film/gladiator-ii/,2026-05-25T11:39:24+00:00
movie_7c03a42ab867,326,Normal People (2020),Normal People (2020),2020,Normal People,https://letterboxd.com/film/normal-people-2020/,2026-05-25T11:39:24+00:00
movie_92e72ba960cf,327,Manchester by the Sea (2016),Manchester by the Sea (2016),2016,Manchester by the Sea,https://letterboxd.com/film/manchester-by-the-sea/,2026-05-25T11:39:24+00:00
movie_d2c7f10ad797,328,22 Jump Street (2014),22 Jump Street (2014),2014,22 Jump Street,https://letterboxd.com/film/22-jump-street/,2026-05-25T11:39:24+00:00
movie_abb900b7e59b,329,Edge of Tomorrow (2014),Edge of Tomorrow (2014),2014,Edge of Tomorrow,https://letterboxd.com/film/edge-of-tomorrow/,2026-05-25T11:39:24+00:00
movie_db1a95ebdcbb,330,The Other Guys (2010),The Other Guys (2010),2010,The Other Guys,https://letterboxd.com/film/the-other-guys/,2026-05-25T11:39:24+00:00
movie_2dd15c897240,331,Surf's Up (2007),Surf's Up (2007),2007,Surf's Up,https://letterboxd.com/film/surfs-up/,2026-05-25T11:39:24+00:00
movie_d695e6362467,332,Spider-Man (2002),Spider-Man (2002),2002,Spider-Man,https://letterboxd.com/film/spider-man/,2026-05-25T11:39:24+00:00
movie_b694c6b7e7a2,333,Memento (2000),Memento (2000),2000,Memento,https://letterboxd.com/film/memento/,2026-05-25T11:39:24+00:00
movie_ac92a2ca310c,334,Scent of a Woman (1992),Scent of a Woman (1992),1992,Scent of a Woman,https://letterboxd.com/film/scent-of-a-woman/,2026-05-25T11:39:24+00:00
movie_2a0c034be11c,335,Ferris Bueller's Day Off (1986),Ferris Bueller's Day Off (1986),1986,Ferris Bueller's Day Off,https://letterboxd.com/film/ferris-buellers-day-off/,2026-05-25T11:39:24+00:00
movie_71fea8496e1d,336,The Super Mario Galaxy Movie,The Super Mario Galaxy Movie,,The Super Mario Galaxy Movie,,2026-05-25T11:40:12+00:00
movie_f5bbd30a6439,337,The Super Mario Galaxy Movie (2026),The Super Mario Galaxy Movie (2026),2026,The Super Mario Galaxy Movie,https://letterboxd.com/film/the-super-mario-galaxy-movie/,2026-05-25T11:40:12+00:00
movie_e2c1d4bf9efc,338,Hoppers (2026),Hoppers (2026),2026,Hoppers,https://letterboxd.com/film/hoppers/,2026-05-25T11:40:12+00:00
movie_81b2129c4441,339,Predator: Badlands (2025),Predator: Badlands (2025),2025,Predator: Badlands,https://letterboxd.com/film/predator-badlands/,2026-05-25T11:40:12+00:00
movie_843a2148750c,340,The Bad Guys 2 (2025),The Bad Guys 2 (2025),2025,The Bad Guys 2,https://letterboxd.com/film/the-bad-guys-2/,2026-05-25T11:40:12+00:00
movie_5f6589e700d9,341,Heads of State (2025),Heads of State (2025),2025,Heads of State,https://letterboxd.com/film/heads-of-state/,2026-05-25T11:40:12+00:00
movie_5747d9732bc1,342,Elio (2025),Elio (2025),2025,Elio,https://letterboxd.com/film/elio/,2026-05-25T11:40:12+00:00
movie_ce7dd2a9d60d,343,Predator: Killer of Killers (2025),Predator: Killer of Killers (2025),2025,Predator: Killer of Killers,https://letterboxd.com/film/predator-killer-of-killers/,2026-05-25T11:40:12+00:00
movie_113913d21d9d,344,Better Man (2024),Better Man (2024),2024,Better Man,https://letterboxd.com/film/better-man-2024/,2026-05-25T11:40:12+00:00
movie_29e272c360ea,345,Kung Fu Panda 4 (2024),Kung Fu Panda 4 (2024),2024,Kung Fu Panda 4,https://letterboxd.com/film/kung-fu-panda-4/,2026-05-25T11:40:12+00:00
movie_0a5ce0b67780,346,The Creator (2023),The Creator (2023),2023,The Creator,https://letterboxd.com/film/the-creator-2023/,2026-05-25T11:40:12+00:00
movie_1f5674bdf020,347,The Killer (2023),The Killer (2023),2023,The Killer,https://letterboxd.com/film/the-killer-2023/,2026-05-25T11:40:12+00:00
movie_2330adcf3424,348,Teenage Mutant Ninja Turtles: Mutant Mayhem (2023),Teenage Mutant Ninja Turtles: Mutant Mayhem (2023),2023,Teenage Mutant Ninja Turtles: Mutant Mayhem,https://letterboxd.com/film/teenage-mutant-ninja-turtles-mutant-mayhem/,2026-05-25T11:40:12+00:00
movie_9bc56b35ce46,349,Blue Beetle (2023),Blue Beetle (2023),2023,Blue Beetle,https://letterboxd.com/film/blue-beetle/,2026-05-25T11:40:12+00:00
movie_d6408ae48ecc,350,Nimona (2023),Nimona (2023),2023,Nimona,https://letterboxd.com/film/nimona-2023/,2026-05-25T11:40:12+00:00
movie_791f55339e0b,351,Renfield (2023),Renfield (2023),2023,Renfield,https://letterboxd.com/film/renfield/,2026-05-25T11:40:12+00:00
movie_23a6a031f2c6,352,Black Adam (2022),Black Adam (2022),2022,Black Adam,https://letterboxd.com/film/black-adam/,2026-05-25T11:40:12+00:00
movie_f9c83fb77ec4,353,All Quiet on the Western Front (2022),All Quiet on the Western Front (2022),2022,All Quiet on the Western Front,https://letterboxd.com/film/all-quiet-on-the-western-front-2022/,2026-05-25T11:40:12+00:00
movie_d695e876ddd0,354,Weird: The Al Yankovic Story (2022),Weird: The Al Yankovic Story (2022),2022,Weird: The Al Yankovic Story,https://letterboxd.com/film/weird-the-al-yankovic-story-2022/,2026-05-25T11:40:12+00:00
movie_ee297bb3b051,355,Prey (2022),Prey (2022),2022,Prey,https://letterboxd.com/film/prey-2022/,2026-05-25T11:40:12+00:00
movie_43e0961fc104,356,The Gray Man (2022),The Gray Man (2022),2022,The Gray Man,https://letterboxd.com/film/the-gray-man-2022/,2026-05-25T11:40:12+00:00
movie_b51534c718cc,357,The Man from Toronto (2022),The Man from Toronto (2022),2022,The Man from Toronto,https://letterboxd.com/film/the-man-from-toronto-2022/,2026-05-25T11:40:12+00:00
movie_19b6edc8b78c,358,Lightyear (2022),Lightyear (2022),2022,Lightyear,https://letterboxd.com/film/lightyear-2022/,2026-05-25T11:40:12+00:00
movie_cda2b276b2cf,359,Sonic the Hedgehog 2 (2022),Sonic the Hedgehog 2 (2022),2022,Sonic the Hedgehog 2,https://letterboxd.com/film/sonic-the-hedgehog-2/,2026-05-25T11:40:12+00:00
movie_e6d496b1534a,360,RRR (2022),RRR (2022),2022,RRR,https://letterboxd.com/film/rrr/,2026-05-25T11:40:12+00:00
movie_c42f9147a21b,361,The Bad Guys (2022),The Bad Guys (2022),2022,The Bad Guys,https://letterboxd.com/film/the-bad-guys-2022/,2026-05-25T11:40:12+00:00
movie_cca5ab218b08,362,House of Gucci (2021),House of Gucci (2021),2021,House of Gucci,https://letterboxd.com/film/house-of-gucci/,2026-05-25T11:40:12+00:00
movie_4c3263bdd328,363,Red Notice (2021),Red Notice (2021),2021,Red Notice,https://letterboxd.com/film/red-notice/,2026-05-25T11:40:12+00:00
movie_044b50af3896,364,Encanto (2021),Encanto (2021),2021,Encanto,https://letterboxd.com/film/encanto/,2026-05-25T11:40:12+00:00
movie_475ba0568cc1,365,Ghostbusters: Afterlife (2021),Ghostbusters: Afterlife (2021),2021,Ghostbusters: Afterlife,https://letterboxd.com/film/ghostbusters-afterlife/,2026-05-25T11:40:12+00:00
movie_b69b9447a2a7,366,Shang-Chi and the Legend of the Ten Rings (2021),Shang-Chi and the Legend of the Ten Rings (2021),2021,Shang-Chi and the Legend of the Ten Rings,https://letterboxd.com/film/shang-chi-and-the-legend-of-the-ten-rings/,2026-05-25T11:40:12+00:00
movie_c181d9f1d55f,367,Avatar: Fire and Ash,Avatar: Fire and Ash,,Avatar: Fire and Ash,,2026-05-25T11:40:55+00:00
movie_5a06fd97b613,368,We Live in Time (2024),We Live in Time (2024),2024,We Live in Time,https://letterboxd.com/film/we-live-in-time/,2026-05-25T11:40:55+00:00
movie_ff07ecb6507e,369,Spider-Man: Far From Home (2019),Spider-Man: Far From Home (2019),2019,Spider-Man: Far From Home,https://letterboxd.com/film/spider-man-far-from-home/,2026-05-25T11:40:55+00:00
movie_e2d49b389087,370,Bohemian Rhapsody (2018),Bohemian Rhapsody (2018),2018,Bohemian Rhapsody,https://letterboxd.com/film/bohemian-rhapsody/,2026-05-25T11:40:55+00:00
movie_3084db0cd922,371,Spider-Man: Homecoming (2017),Spider-Man: Homecoming (2017),2017,Spider-Man: Homecoming,https://letterboxd.com/film/spider-man-homecoming/,2026-05-25T11:40:55+00:00
movie_fdcb82d86546,372,Guardians of the Galaxy Vol. 2 (2017),Guardians of the Galaxy Vol. 2 (2017),2017,Guardians of the Galaxy Vol. 2,https://letterboxd.com/film/guardians-of-the-galaxy-vol-2/,2026-05-25T11:40:55+00:00
movie_637279f0ae4d,373,Doctor Strange (2016),Doctor Strange (2016),2016,Doctor Strange,https://letterboxd.com/film/doctor-strange-2016/,2026-05-25T11:40:55+00:00
movie_2fdc01d12a6e,374,Star Wars: The Force Awakens (2015),Star Wars: The Force Awakens (2015),2015,Star Wars: The Force Awakens,https://letterboxd.com/film/star-wars-the-force-awakens/,2026-05-25T11:40:55+00:00
movie_8a1625cf6f32,375,Avengers: Age of Ultron (2015),Avengers: Age of Ultron (2015),2015,Avengers: Age of Ultron,https://letterboxd.com/film/avengers-age-of-ultron/,2026-05-25T11:40:55+00:00
movie_db79aeb7af67,376,The Hunger Games: Mockingjay – Part 1 (2014),The Hunger Games: Mockingjay – Part 1 (2014),2014,The Hunger Games: Mockingjay – Part 1,https://letterboxd.com/film/the-hunger-games-mockingjay-part-1/,2026-05-25T11:40:55+00:00
movie_9c67e166f9b7,377,Captain America: The Winter Soldier (2014),Captain America: The Winter Soldier (2014),2014,Captain America: The Winter Soldier,https://letterboxd.com/film/captain-america-the-winter-soldier/,2026-05-25T11:40:55+00:00
movie_ba3eb67c2fbc,378,Now You See Me (2013),Now You See Me (2013),2013,Now You See Me,https://letterboxd.com/film/now-you-see-me/,2026-05-25T11:40:55+00:00
movie_4ab5eadad006,379,Pitch Perfect (2012),Pitch Perfect (2012),2012,Pitch Perfect,https://letterboxd.com/film/pitch-perfect/,2026-05-25T11:40:55+00:00
movie_655d71b80b13,380,The Amazing Spider-Man (2012),The Amazing Spider-Man (2012),2012,The Amazing Spider-Man,https://letterboxd.com/film/the-amazing-spider-man/,2026-05-25T11:40:55+00:00
movie_21ff1a4c3810,381,Captain America: The First Avenger (2011),Captain America: The First Avenger (2011),2011,Captain America: The First Avenger,https://letterboxd.com/film/captain-america-the-first-avenger/,2026-05-25T11:40:55+00:00
movie_6fc6df657159,382,"Crazy, Stupid, Love. (2011)","Crazy, Stupid, Love. (2011)",2011,"Crazy, Stupid, Love.",https://letterboxd.com/film/crazy-stupid-love/,2026-05-25T11:40:55+00:00
movie_835a99f2049c,383,Harry Potter and the Deathly Hallows: Part 2 (2011),Harry Potter and the Deathly Hallows: Part 2 (2011),2011,Harry Potter and the Deathly Hallows: Part 2,https://letterboxd.com/film/harry-potter-and-the-deathly-hallows-part-2/,2026-05-25T11:40:55+00:00
movie_1ca74b520343,384,Harry Potter and the Deathly Hallows: Part 1 (2010),Harry Potter and the Deathly Hallows: Part 1 (2010),2010,Harry Potter and the Deathly Hallows: Part 1,https://letterboxd.com/film/harry-potter-and-the-deathly-hallows-part-1/,2026-05-25T11:40:55+00:00
movie_984bd01135fa,385,How to Train Your Dragon (2010),How to Train Your Dragon (2010),2010,How to Train Your Dragon,https://letterboxd.com/film/how-to-train-your-dragon/,2026-05-25T11:40:55+00:00
movie_b26a6c2f4c5a,386,Roommates (2026),Roommates (2026),2026,Roommates,https://letterboxd.com/film/roommates-2026/,2026-05-25T11:41:45+00:00
movie_b88366fe3ba4,387,28 Years Later: The Bone Temple (2026),28 Years Later: The Bone Temple (2026),2026,28 Years Later: The Bone Temple,https://letterboxd.com/film/28-years-later-the-bone-temple/,2026-05-25T11:41:45+00:00
movie_278f11aaa54a,388,Eternity (2025),Eternity (2025),2025,Eternity,https://letterboxd.com/film/eternity-2025-1/,2026-05-25T11:41:45+00:00
movie_b1bb1b592127,389,Twinless (2025),Twinless (2025),2025,Twinless,https://letterboxd.com/film/twinless/,2026-05-25T11:41:45+00:00
movie_6ba5777b277b,390,Companion (2025),Companion (2025),2025,Companion,https://letterboxd.com/film/companion-2025/,2026-05-25T11:41:45+00:00
movie_1fdaca2b62ea,391,Caddo Lake (2024),Caddo Lake (2024),2024,Caddo Lake,https://letterboxd.com/film/caddo-lake/,2026-05-25T11:41:45+00:00
movie_14919eaf0e46,392,Not Okay (2022),Not Okay (2022),2022,Not Okay,https://letterboxd.com/film/not-okay/,2026-05-25T11:41:45+00:00
movie_f95c09eabc9d,393,All Too Well: The Short Film (2021),All Too Well: The Short Film (2021),2021,All Too Well: The Short Film,https://letterboxd.com/film/all-too-well-the-short-film/,2026-05-25T11:41:45+00:00
movie_85ada891cf97,394,Love and Monsters (2020),Love and Monsters (2020),2020,Love and Monsters,https://letterboxd.com/film/love-and-monsters/,2026-05-25T11:41:45+00:00
movie_d19778d78f96,395,Sound of Metal (2019),Sound of Metal (2019),2019,Sound of Metal,https://letterboxd.com/film/sound-of-metal/,2026-05-25T11:41:45+00:00
movie_5fdc9a7a4f4c,396,Ready or Not (2019),Ready or Not (2019),2019,Ready or Not,https://letterboxd.com/film/ready-or-not-2019/,2026-05-25T11:41:45+00:00
movie_8611b539b1e9,397,Maze Runner: The Death Cure (2018),Maze Runner: The Death Cure (2018),2018,Maze Runner: The Death Cure,https://letterboxd.com/film/maze-runner-the-death-cure/,2026-05-25T11:41:45+00:00
movie_9c1ce4cb9f5b,398,Swiss Army Man (2016),Swiss Army Man (2016),2016,Swiss Army Man,https://letterboxd.com/film/swiss-army-man/,2026-05-25T11:41:45+00:00
movie_72e2f8920549,399,Maze Runner: The Scorch Trials (2015),Maze Runner: The Scorch Trials (2015),2015,Maze Runner: The Scorch Trials,https://letterboxd.com/film/maze-runner-the-scorch-trials/,2026-05-25T11:41:45+00:00
movie_c63952828f9e,400,The Maze Runner (2014),The Maze Runner (2014),2014,The Maze Runner,https://letterboxd.com/film/the-maze-runner/,2026-05-25T11:41:45+00:00
movie_9e97ebdf4038,401,Jennifer's Body (2009),Jennifer's Body (2009),2009,Jennifer's Body,https://letterboxd.com/film/jennifers-body/,2026-05-25T11:41:45+00:00
movie_1bb9c5f17a99,402,Twilight (2008),Twilight (2008),2008,Twilight,https://letterboxd.com/film/twilight-2008/,2026-05-25T11:41:45+00:00
movie_3ae0953409b2,403,Mamma Mia! (2008),Mamma Mia! (2008),2008,Mamma Mia!,https://letterboxd.com/film/mamma-mia/,2026-05-25T11:41:45+00:00
movie_18b858ac86fb,404,27 Dresses (2008),27 Dresses (2008),2008,27 Dresses,https://letterboxd.com/film/27-dresses/,2026-05-25T11:41:45+00:00
movie_36227dda626b,405,Star Wars: Episode III – Revenge of the Sith (2005),Star Wars: Episode III – Revenge of the Sith (2005),2005,Star Wars: Episode III – Revenge of the Sith,https://letterboxd.com/film/star-wars-episode-iii-revenge-of-the-sith/,2026-05-25T11:41:45+00:00
movie_eea3b9ac9d09,406,13 Going on 30 (2004),13 Going on 30 (2004),2004,13 Going on 30,https://letterboxd.com/film/13-going-on-30-3/,2026-05-25T11:41:45+00:00
movie_83cd525aa6ce,407,Lost in Translation (2003),Lost in Translation (2003),2003,Lost in Translation,https://letterboxd.com/film/lost-in-translation/,2026-05-25T11:41:45+00:00
movie_087fe00066e3,408,How to Lose a Guy in 10 Days (2003),How to Lose a Guy in 10 Days (2003),2003,How to Lose a Guy in 10 Days,https://letterboxd.com/film/how-to-lose-a-guy-in-10-days/,2026-05-25T11:41:45+00:00
movie_8603139abb99,409,Star Wars: Episode II – Attack of the Clones (2002),Star Wars: Episode II – Attack of the Clones (2002),2002,Star Wars: Episode II – Attack of the Clones,https://letterboxd.com/film/star-wars-episode-ii-attack-of-the-clones/,2026-05-25T11:41:45+00:00
movie_8203d5a0502f,410,Ratatouille,Ratatouille,,Ratatouille,,2026-05-25T11:43:07+00:00
movie_4d83952d25d8,411,Nosferatu,Nosferatu,,Nosferatu,,2026-05-25T11:43:14+00:00
movie_58698201be7a,412,Klaus (2019),Klaus (2019),2019,Klaus,https://letterboxd.com/film/klaus/,2026-05-25T11:44:02+00:00
movie_8af234e92cab,413,The Greatest Showman (2017),The Greatest Showman (2017),2017,The Greatest Showman,https://letterboxd.com/film/the-greatest-showman/,2026-05-25T11:44:02+00:00
movie_d49f6f3d4e22,414,The Florida Project (2017),The Florida Project (2017),2017,The Florida Project,https://letterboxd.com/film/the-florida-project/,2026-05-25T11:44:02+00:00
movie_0ad33454483f,415,Hidden Figures (2016),Hidden Figures (2016),2016,Hidden Figures,https://letterboxd.com/film/hidden-figures/,2026-05-25T11:44:02+00:00
movie_dfd0079b3167,416,Your Name. (2016),Your Name. (2016),2016,Your Name.,https://letterboxd.com/film/your-name/,2026-05-25T11:44:02+00:00
movie_4d94c178adbf,417,Jurassic World (2015),Jurassic World (2015),2015,Jurassic World,https://letterboxd.com/film/jurassic-world/,2026-05-25T11:44:02+00:00
movie_097e7fd84175,418,Song of the Sea (2014),Song of the Sea (2014),2014,Song of the Sea,https://letterboxd.com/film/song-of-the-sea/,2026-05-25T11:44:02+00:00
movie_6974315aa705,419,The Conjuring (2013),The Conjuring (2013),2013,The Conjuring,https://letterboxd.com/film/the-conjuring/,2026-05-25T11:44:02+00:00
movie_51556d957642,420,Moonrise Kingdom (2012),Moonrise Kingdom (2012),2012,Moonrise Kingdom,https://letterboxd.com/film/moonrise-kingdom/,2026-05-25T11:44:02+00:00
movie_8b69d7926355,421,Tangled (2010),Tangled (2010),2010,Tangled,https://letterboxd.com/film/tangled-2010/,2026-05-25T11:44:02+00:00
movie_a2be1b51b99f,422,Flipped (2010),Flipped (2010),2010,Flipped,https://letterboxd.com/film/flipped/,2026-05-25T11:44:02+00:00
movie_542403a7f2a0,423,Alice in Wonderland (2010),Alice in Wonderland (2010),2010,Alice in Wonderland,https://letterboxd.com/film/alice-in-wonderland-2010/,2026-05-25T11:44:02+00:00
movie_bd59775f37e6,424,Juno (2007),Juno (2007),2007,Juno,https://letterboxd.com/film/juno/,2026-05-25T11:44:02+00:00
movie_bf5214e0f4ca,425,The Prestige (2006),The Prestige (2006),2006,The Prestige,https://letterboxd.com/film/the-prestige/,2026-05-25T11:44:02+00:00
movie_ea9857398859,426,Cars (2006),Cars (2006),2006,Cars,https://letterboxd.com/film/cars/,2026-05-25T11:44:02+00:00
movie_8ba1b5727939,427,Harry Potter and the Goblet of Fire (2005),Harry Potter and the Goblet of Fire (2005),2005,Harry Potter and the Goblet of Fire,https://letterboxd.com/film/harry-potter-and-the-goblet-of-fire/,2026-05-25T11:44:02+00:00
movie_95372c7c89e5,428,Howl's Moving Castle (2004),Howl's Moving Castle (2004),2004,Howl's Moving Castle,https://letterboxd.com/film/howls-moving-castle/,2026-05-25T11:44:02+00:00
movie_47d21f5373f7,429,The Craft (1996),The Craft (1996),1996,The Craft,https://letterboxd.com/film/the-craft/,2026-05-25T11:44:37+00:00
movie_fcb585dcfb90,430,The Woman in Cabin 10 (2025),The Woman in Cabin 10 (2025),2025,The Woman in Cabin 10,https://letterboxd.com/film/the-woman-in-cabin-10/,2026-05-25T11:44:46+00:00
movie_88650d96225e,431,Black Phone 2 (2025),Black Phone 2 (2025),2025,Black Phone 2,https://letterboxd.com/film/black-phone-2/,2026-05-25T11:44:46+00:00
movie_678481a00f51,432,HIM (2025),HIM (2025),2025,HIM,https://letterboxd.com/film/him-2025/,2026-05-25T11:44:46+00:00
movie_fff0ed951c4f,433,A Quiet Place: Day One (2024),A Quiet Place: Day One (2024),2024,A Quiet Place: Day One,https://letterboxd.com/film/a-quiet-place-day-one/,2026-05-25T11:44:46+00:00
movie_ebdbe57e5002,434,"Red, White & Royal Blue (2023)","Red, White & Royal Blue (2023)",2023,"Red, White & Royal Blue",https://letterboxd.com/film/red-white-royal-blue/,2026-05-25T11:44:46+00:00
movie_b1f38a05e692,435,Don't Worry Darling (2022),Don't Worry Darling (2022),2022,Don't Worry Darling,https://letterboxd.com/film/dont-worry-darling/,2026-05-25T11:44:46+00:00
movie_734ebb715ddc,436,Bones and All (2022),Bones and All (2022),2022,Bones and All,https://letterboxd.com/film/bones-and-all/,2026-05-25T11:44:46+00:00
movie_19234047d817,437,Bodies Bodies Bodies (2022),Bodies Bodies Bodies (2022),2022,Bodies Bodies Bodies,https://letterboxd.com/film/bodies-bodies-bodies/,2026-05-25T11:44:46+00:00
movie_6a1b157dcd28,438,The Black Phone (2021),The Black Phone (2021),2021,The Black Phone,https://letterboxd.com/film/the-black-phone/,2026-05-25T11:44:47+00:00
movie_9f0f638ee02a,439,Squid Game (2021),Squid Game (2021),2021,Squid Game,https://letterboxd.com/film/squid-game/,2026-05-25T11:44:47+00:00
movie_a365548da010,440,The Suicide Squad (2021),The Suicide Squad (2021),2021,The Suicide Squad,https://letterboxd.com/film/the-suicide-squad/,2026-05-25T11:44:47+00:00
movie_56c5e4548465,441,Old (2021),Old (2021),2021,Old,https://letterboxd.com/film/old-2021/,2026-05-25T11:44:47+00:00
movie_56f724029d12,442,Fear Street: 1994 (2021),Fear Street: 1994 (2021),2021,Fear Street: 1994,https://letterboxd.com/film/fear-street-1994/,2026-05-25T11:44:47+00:00
movie_d21d39889be1,443,Luca (2021),Luca (2021),2021,Luca,https://letterboxd.com/film/luca-2021/,2026-05-25T11:44:47+00:00
movie_00478b2e5316,444,Cruella (2021),Cruella (2021),2021,Cruella,https://letterboxd.com/film/cruella/,2026-05-25T11:44:47+00:00
movie_6c0ac67c1073,445,A Quiet Place Part II (2020),A Quiet Place Part II (2020),2020,A Quiet Place Part II,https://letterboxd.com/film/a-quiet-place-part-ii/,2026-05-25T11:44:47+00:00
movie_29ee74e0bd5a,446,Emma. (2020),Emma. (2020),2020,Emma.,https://letterboxd.com/film/emma-2020/,2026-05-25T11:44:47+00:00
movie_7fb208b128df,447,Birds of Prey (and the Fantabulous Emancipation of One Harley Quinn) (2020),Birds of Prey (and the Fantabulous Emancipation of One Harley Quinn) (2020),2020,Birds of Prey (and the Fantabulous Emancipation of One Harley Quinn),https://letterboxd.com/film/birds-of-prey-and-the-fantabulous-emancipation-of-one-harley-quinn/,2026-05-25T11:44:47+00:00
movie_7c5bde32c812,448,Frozen II (2019),Frozen II (2019),2019,Frozen II,https://letterboxd.com/film/frozen-2/,2026-05-25T11:44:47+00:00
movie_cde34a6eebbb,449,In the Tall Grass (2019),In the Tall Grass (2019),2019,In the Tall Grass,https://letterboxd.com/film/in-the-tall-grass-2019/,2026-05-25T11:44:47+00:00
movie_e72ec37bcbfe,450,The Platform (2019),The Platform (2019),2019,The Platform,https://letterboxd.com/film/the-platform/,2026-05-25T11:44:47+00:00
movie_a5450475b2eb,451,It Chapter Two (2019),It Chapter Two (2019),2019,It Chapter Two,https://letterboxd.com/film/it-chapter-two/,2026-05-25T11:44:47+00:00
movie_2d83aca71d1d,452,Spider-Man,Spider-Man,,Spider-Man,,2026-05-25T11:45:27+00:00
movie_bb0510c7290e,453,The Game (1997),The Game (1997),1997,The Game,https://letterboxd.com/film/the-game/,2026-05-25T11:45:27+00:00
movie_03b581868589,454,Zodiac (2007),Zodiac (2007),2007,Zodiac,https://letterboxd.com/film/zodiac/,2026-05-25T11:45:27+00:00
movie_8c06a9733c37,455,Mortal Kombat II,Mortal Kombat II,,Mortal Kombat II,,2026-05-25T11:45:35+00:00
movie_d90faf9c1a5f,456,Mortal Kombat II (2026),Mortal Kombat II (2026),2026,Mortal Kombat II,https://letterboxd.com/film/mortal-kombat-ii/,2026-05-25T11:45:35+00:00
movie_d5002e32a4c9,457,Apex (2026),Apex (2026),2026,Apex,https://letterboxd.com/film/apex-2026/,2026-05-25T11:45:35+00:00
movie_2b44695a1e56,458,The Last Voyage of the Demeter (2023),The Last Voyage of the Demeter (2023),2023,The Last Voyage of the Demeter,https://letterboxd.com/film/the-last-voyage-of-the-demeter/,2026-05-25T11:45:35+00:00
movie_3486817954cd,459,"Love, Death & Robots: Bad Travelling (2022)","Love, Death & Robots: Bad Travelling (2022)",2022,"Love, Death & Robots: Bad Travelling",https://letterboxd.com/film/love-death-robots-bad-travelling/,2026-05-25T11:45:35+00:00
movie_5c662b0c377f,460,The Last Duel (2021),The Last Duel (2021),2021,The Last Duel,https://letterboxd.com/film/the-last-duel-2021/,2026-05-25T11:45:35+00:00
movie_6964addfd918,461,The Irishman (2019),The Irishman (2019),2019,The Irishman,https://letterboxd.com/film/the-irishman-2019/,2026-05-25T11:45:35+00:00
movie_1fa497ad1514,462,Star Wars: The Last Jedi (2017),Star Wars: The Last Jedi (2017),2017,Star Wars: The Last Jedi,https://letterboxd.com/film/star-wars-the-last-jedi/,2026-05-25T11:45:35+00:00
movie_1c7a5ff053a5,463,The Magnificent Seven (2016),The Magnificent Seven (2016),2016,The Magnificent Seven,https://letterboxd.com/film/the-magnificent-seven-2016/,2026-05-25T11:45:35+00:00
movie_c2797c43b461,464,The Nice Guys (2016),The Nice Guys (2016),2016,The Nice Guys,https://letterboxd.com/film/the-nice-guys/,2026-05-25T11:45:35+00:00
movie_d262df82da3e,465,The Hateful Eight (2015),The Hateful Eight (2015),2015,The Hateful Eight,https://letterboxd.com/film/the-hateful-eight/,2026-05-25T11:45:35+00:00
movie_2d116ccd1b8e,466,The Hobbit: The Battle of the Five Armies (2014),The Hobbit: The Battle of the Five Armies (2014),2014,The Hobbit: The Battle of the Five Armies,https://letterboxd.com/film/the-hobbit-the-battle-of-the-five-armies/,2026-05-25T11:45:35+00:00
movie_ad312527c811,467,The Hobbit: The Desolation of Smaug (2013),The Hobbit: The Desolation of Smaug (2013),2013,The Hobbit: The Desolation of Smaug,https://letterboxd.com/film/the-hobbit-the-desolation-of-smaug/,2026-05-25T11:45:35+00:00
movie_5914f37bdb9d,468,Snowpiercer (2013),Snowpiercer (2013),2013,Snowpiercer,https://letterboxd.com/film/snowpiercer/,2026-05-25T11:45:35+00:00
movie_05b42b7dc802,469,The Wind Rises (2013),The Wind Rises (2013),2013,The Wind Rises,https://letterboxd.com/film/the-wind-rises/,2026-05-25T11:45:35+00:00
movie_a62185905ebb,470,The Hobbit: An Unexpected Journey (2012),The Hobbit: An Unexpected Journey (2012),2012,The Hobbit: An Unexpected Journey,https://letterboxd.com/film/the-hobbit-an-unexpected-journey/,2026-05-25T11:45:35+00:00
movie_c03ffb60ac00,471,From Up on Poppy Hill (2011),From Up on Poppy Hill (2011),2011,From Up on Poppy Hill,https://letterboxd.com/film/from-up-on-poppy-hill/,2026-05-25T11:45:35+00:00
movie_1269f2931233,472,I Saw the Devil (2010),I Saw the Devil (2010),2010,I Saw the Devil,https://letterboxd.com/film/i-saw-the-devil/,2026-05-25T11:45:35+00:00
movie_bf88796c1c9b,473,Death Proof (2007),Death Proof (2007),2007,Death Proof,https://letterboxd.com/film/death-proof/,2026-05-25T11:45:35+00:00
movie_e4e29853e83b,474,Tales from Earthsea (2006),Tales from Earthsea (2006),2006,Tales from Earthsea,https://letterboxd.com/film/tales-from-earthsea/,2026-05-25T11:45:35+00:00
movie_ada65fb74d5a,475,The Host (2006),The Host (2006),2006,The Host,https://letterboxd.com/film/the-host/,2026-05-25T11:45:35+00:00
movie_53769c6e91ff,476,Entergalactic (2022),Entergalactic (2022),2022,Entergalactic,https://letterboxd.com/film/entergalactic/,2026-05-25T11:46:24+00:00
movie_be8fa1d76319,477,Iron Lung (2026),Iron Lung (2026),2026,Iron Lung,https://letterboxd.com/film/iron-lung/,2026-05-25T11:46:32+00:00
movie_26d3856bf8b7,478,TRON: Ares (2025),TRON: Ares (2025),2025,TRON: Ares,https://letterboxd.com/film/tron-ares/,2026-05-25T11:46:32+00:00
movie_1d34bac8a64a,479,Demon Slayer: Kimetsu no Yaiba Infinity Castle (2025),Demon Slayer: Kimetsu no Yaiba Infinity Castle (2025),2025,Demon Slayer: Kimetsu no Yaiba Infinity Castle,https://letterboxd.com/film/demon-slayer-kimetsu-no-yaiba-infinity-castle/,2026-05-25T11:46:32+00:00
movie_1f220d5cae3f,480,Lilo & Stitch (2025),Lilo & Stitch (2025),2025,Lilo & Stitch,https://letterboxd.com/film/lilo-stitch-2025/,2026-05-25T11:46:32+00:00
movie_12525e97e3ae,481,Road House (2024),Road House (2024),2024,Road House,https://letterboxd.com/film/road-house-2024/,2026-05-25T11:46:32+00:00
movie_c9c25e3774cf,482,Kneecap (2024),Kneecap (2024),2024,Kneecap,https://letterboxd.com/film/kneecap/,2026-05-25T11:46:32+00:00
movie_c2422bda0d50,483,Napoleon (2023),Napoleon (2023),2023,Napoleon,https://letterboxd.com/film/napoleon-2023/,2026-05-25T11:46:32+00:00
movie_31bc5d1af996,484,Saw X (2023),Saw X (2023),2023,Saw X,https://letterboxd.com/film/saw-x/,2026-05-25T11:46:32+00:00
movie_4fee7e426cc6,485,The Nun II (2023),The Nun II (2023),2023,The Nun II,https://letterboxd.com/film/the-nun-ii/,2026-05-25T11:46:32+00:00
movie_3687511b31e0,486,Creed III (2023),Creed III (2023),2023,Creed III,https://letterboxd.com/film/creed-iii/,2026-05-25T11:46:32+00:00
movie_f6e349dcece0,487,A Man Called Otto (2022),A Man Called Otto (2022),2022,A Man Called Otto,https://letterboxd.com/film/a-man-called-otto/,2026-05-25T11:46:32+00:00
movie_8f7934b72cf5,488,Terrifier 2 (2022),Terrifier 2 (2022),2022,Terrifier 2,https://letterboxd.com/film/terrifier-2/,2026-05-25T11:46:32+00:00
movie_c4d704a92cc7,489,Obi-Wan Kenobi (2022),Obi-Wan Kenobi (2022),2022,Obi-Wan Kenobi,https://letterboxd.com/film/obi-wan-kenobi/,2026-05-25T11:46:32+00:00
movie_ff54ba2610f9,490,Fantastic Beasts: The Secrets of Dumbledore (2022),Fantastic Beasts: The Secrets of Dumbledore (2022),2022,Fantastic Beasts: The Secrets of Dumbledore,https://letterboxd.com/film/fantastic-beasts-the-secrets-of-dumbledore/,2026-05-25T11:46:32+00:00
movie_3c311399cef6,491,Texas Chainsaw Massacre (2022),Texas Chainsaw Massacre (2022),2022,Texas Chainsaw Massacre,https://letterboxd.com/film/texas-chainsaw-massacre/,2026-05-25T11:46:32+00:00
movie_862c661544f5,492,The King's Man (2021),The King's Man (2021),2021,The King's Man,https://letterboxd.com/film/the-kings-man/,2026-05-25T11:46:32+00:00
movie_19dff9c174f8,493,Sing 2 (2021),Sing 2 (2021),2021,Sing 2,https://letterboxd.com/film/sing-2/,2026-05-25T11:46:32+00:00
movie_3238dbc4a479,494,Zootopia 2,Zootopia 2,,Zootopia 2,,2026-05-25T11:47:19+00:00
movie_94bbc5449757,495,Trap (2024),Trap (2024),2024,Trap,https://letterboxd.com/film/trap-2024/,2026-05-25T11:47:19+00:00
movie_830bc694447b,496,Star Wars: The Rise of Skywalker (2019),Star Wars: The Rise of Skywalker (2019),2019,Star Wars: The Rise of Skywalker,https://letterboxd.com/film/star-wars-the-rise-of-skywalker/,2026-05-25T11:47:19+00:00
movie_d562b559b136,497,Captain Marvel (2019),Captain Marvel (2019),2019,Captain Marvel,https://letterboxd.com/film/captain-marvel/,2026-05-25T11:47:19+00:00
movie_5363f9b4b237,498,Venom (2018),Venom (2018),2018,Venom,https://letterboxd.com/film/venom-2018/,2026-05-25T11:47:19+00:00
movie_d846dfcf24bc,499,Incredibles 2 (2018),Incredibles 2 (2018),2018,Incredibles 2,https://letterboxd.com/film/incredibles-2/,2026-05-25T11:47:19+00:00
movie_11720e574b53,500,Deadpool 2 (2018),Deadpool 2 (2018),2018,Deadpool 2,https://letterboxd.com/film/deadpool-2/,2026-05-25T11:47:19+00:00
movie_6e7e17e83d6f,501,Ready Player One (2018),Ready Player One (2018),2018,Ready Player One,https://letterboxd.com/film/ready-player-one/,2026-05-25T11:47:19+00:00
movie_b0707a801927,502,Isle of Dogs (2018),Isle of Dogs (2018),2018,Isle of Dogs,https://letterboxd.com/film/isle-of-dogs-2018/,2026-05-25T11:47:19+00:00
movie_b0829873fdf0,503,"I, Tonya (2017)","I, Tonya (2017)",2017,"I, Tonya",https://letterboxd.com/film/i-tonya/,2026-05-25T11:47:19+00:00
movie_80f8107613d5,504,Logan (2017),Logan (2017),2017,Logan,https://letterboxd.com/film/logan-2017/,2026-05-25T11:47:19+00:00
movie_1c4bf1dd348d,505,The Lego Batman Movie (2017),The Lego Batman Movie (2017),2017,The Lego Batman Movie,https://letterboxd.com/film/the-lego-batman-movie/,2026-05-25T11:47:19+00:00
movie_1234c8c34c9a,506,Moana (2016),Moana (2016),2016,Moana,https://letterboxd.com/film/moana-2016/,2026-05-25T11:47:19+00:00
movie_75471935706f,507,Split (2016),Split (2016),2016,Split,https://letterboxd.com/film/split-2016/,2026-05-25T11:47:19+00:00
movie_f93f6b1a6e7e,508,Suicide Squad (2016),Suicide Squad (2016),2016,Suicide Squad,https://letterboxd.com/film/suicide-squad-2016/,2026-05-25T11:47:19+00:00
movie_060a1e001879,509,Sinners,Sinners,,Sinners,,2026-05-25T11:48:06+00:00
movie_1975c8d92b06,510,The Queen's Gambit (2020),The Queen's Gambit (2020),2020,The Queen's Gambit,https://letterboxd.com/film/the-queens-gambit/,2026-05-25T11:48:06+00:00
movie_cb39a215c080,511,The Lobster (2015),The Lobster (2015),2015,The Lobster,https://letterboxd.com/film/the-lobster/,2026-05-25T11:48:06+00:00
movie_404f18683e49,512,Frances Ha (2012),Frances Ha (2012),2012,Frances Ha,https://letterboxd.com/film/frances-ha/,2026-05-25T11:48:06+00:00
movie_422c1707bf55,513,Thirteen (2003),Thirteen (2003),2003,Thirteen,https://letterboxd.com/film/thirteen/,2026-05-25T11:48:06+00:00
movie_90adbdbe533a,514,The Pianist (2002),The Pianist (2002),2002,The Pianist,https://letterboxd.com/film/the-pianist/,2026-05-25T11:48:06+00:00
movie_ec3ad3b74872,515,"Girl, Interrupted (1999)","Girl, Interrupted (1999)",1999,"Girl, Interrupted",https://letterboxd.com/film/girl-interrupted/,2026-05-25T11:48:06+00:00
movie_afc655b5c558,516,The Green Mile (1999),The Green Mile (1999),1999,The Green Mile,https://letterboxd.com/film/the-green-mile/,2026-05-25T11:48:06+00:00
movie_71581a8528f6,517,American Beauty (1999),American Beauty (1999),1999,American Beauty,https://letterboxd.com/film/american-beauty/,2026-05-25T11:48:06+00:00
movie_a3882ea5d0fe,518,The Sixth Sense (1999),The Sixth Sense (1999),1999,The Sixth Sense,https://letterboxd.com/film/the-sixth-sense/,2026-05-25T11:48:06+00:00
movie_5df6dea048b7,519,The Virgin Suicides (1999),The Virgin Suicides (1999),1999,The Virgin Suicides,https://letterboxd.com/film/the-virgin-suicides/,2026-05-25T11:48:06+00:00
movie_ea8c82d5b74a,520,Notting Hill (1999),Notting Hill (1999),1999,Notting Hill,https://letterboxd.com/film/notting-hill/,2026-05-25T11:48:06+00:00
movie_76e57c2a644f,521,10 Things I Hate About You (1999),10 Things I Hate About You (1999),1999,10 Things I Hate About You,https://letterboxd.com/film/10-things-i-hate-about-you/,2026-05-25T11:48:06+00:00
movie_3f1646ad5c12,522,Perfect Blue (1997),Perfect Blue (1997),1997,Perfect Blue,https://letterboxd.com/film/perfect-blue/,2026-05-25T11:48:06+00:00
movie_afac39ca2fea,523,Neon Genesis Evangelion: The End of Evangelion (1997),Neon Genesis Evangelion: The End of Evangelion (1997),1997,Neon Genesis Evangelion: The End of Evangelion,https://letterboxd.com/film/neon-genesis-evangelion-the-end-of-evangelion/,2026-05-25T11:48:06+00:00
movie_63082b233547,524,Princess Mononoke (1997),Princess Mononoke (1997),1997,Princess Mononoke,https://letterboxd.com/film/princess-mononoke/,2026-05-25T11:48:06+00:00
movie_709c561ae1c2,525,Braveheart (1995),Braveheart (1995),1995,Braveheart,https://letterboxd.com/film/braveheart/,2026-05-25T11:48:06+00:00
movie_6eeb2fa26611,526,Kiki's Delivery Service (1989),Kiki's Delivery Service (1989),1989,Kiki's Delivery Service,https://letterboxd.com/film/kikis-delivery-service/,2026-05-25T11:48:06+00:00
movie_d30372e9da26,527,The Godfather Part II (1974),The Godfather Part II (1974),1974,The Godfather Part II,https://letterboxd.com/film/the-godfather-part-ii/,2026-05-25T11:48:06+00:00
movie_da2edc72af54,528,Fantastic Planet (1973),Fantastic Planet (1973),1973,Fantastic Planet,https://letterboxd.com/film/fantastic-planet/,2026-05-25T11:48:06+00:00
movie_b9f1af352bed,529,Zootopia (2016),Zootopia (2016),2016,Zootopia,https://letterboxd.com/film/zootopia/,2026-05-25T11:48:51+00:00
movie_4c0aa3e7ceee,530,Big Hero 6 (2014),Big Hero 6 (2014),2014,Big Hero 6,https://letterboxd.com/film/big-hero-6/,2026-05-25T11:48:51+00:00
movie_193d38777ae4,531,Frozen (2013),Frozen (2013),2013,Frozen,https://letterboxd.com/film/frozen-2013/,2026-05-25T11:48:51+00:00
movie_1c4b2e1f2c24,532,The Great Gatsby (2013),The Great Gatsby (2013),2013,The Great Gatsby,https://letterboxd.com/film/the-great-gatsby-2013/,2026-05-25T11:48:51+00:00
movie_cb73a2c60616,533,Harry Potter and the Half-Blood Prince (2009),Harry Potter and the Half-Blood Prince (2009),2009,Harry Potter and the Half-Blood Prince,https://letterboxd.com/film/harry-potter-and-the-half-blood-prince/,2026-05-25T11:48:51+00:00
movie_1c93923aef4b,534,Ponyo (2008),Ponyo (2008),2008,Ponyo,https://letterboxd.com/film/ponyo/,2026-05-25T11:48:51+00:00
movie_63999a210faf,535,Harry Potter and the Order of the Phoenix (2007),Harry Potter and the Order of the Phoenix (2007),2007,Harry Potter and the Order of the Phoenix,https://letterboxd.com/film/harry-potter-and-the-order-of-the-phoenix/,2026-05-25T11:48:51+00:00
movie_e2b518fe536f,536,The Incredibles (2004),The Incredibles (2004),2004,The Incredibles,https://letterboxd.com/film/the-incredibles/,2026-05-25T11:48:51+00:00
movie_a2c0aa39b88d,537,Pirates of the Caribbean: The Curse of the Black Pearl (2003),Pirates of the Caribbean: The Curse of the Black Pearl (2003),2003,Pirates of the Caribbean: The Curse of the Black Pearl,https://letterboxd.com/film/pirates-of-the-caribbean-the-curse-of-the-black-pearl/,2026-05-25T11:48:51+00:00
movie_ae9b74a450d0,538,Harry Potter and the Chamber of Secrets (2002),Harry Potter and the Chamber of Secrets (2002),2002,Harry Potter and the Chamber of Secrets,https://letterboxd.com/film/harry-potter-and-the-chamber-of-secrets/,2026-05-25T11:48:51+00:00
movie_564134ceb929,539,City of God (2002),City of God (2002),2002,City of God,https://letterboxd.com/film/city-of-god/,2026-05-25T11:48:51+00:00
movie_c089b473e31d,540,Ocean's Eleven (2001),Ocean's Eleven (2001),2001,Ocean's Eleven,https://letterboxd.com/film/oceans-eleven-2001/,2026-05-25T11:48:51+00:00
movie_c352d77333e4,541,"Monsters, Inc. (2001)","Monsters, Inc. (2001)",2001,"Monsters, Inc.",https://letterboxd.com/film/monsters-inc/,2026-05-25T11:48:51+00:00
movie_4b97eccf771b,542,Mulholland Drive (2001),Mulholland Drive (2001),2001,Mulholland Drive,https://letterboxd.com/film/mulholland-drive/,2026-05-25T11:48:51+00:00
movie_ddc0ca86d926,543,Amélie (2001),Amélie (2001),2001,Amélie,https://letterboxd.com/film/amelie/,2026-05-25T11:48:51+00:00
movie_62b2cbb9a458,544,Shrek (2001),Shrek (2001),2001,Shrek,https://letterboxd.com/film/shrek/,2026-05-25T11:48:51+00:00
movie_bcf60547f959,545,Gladiator (2000),Gladiator (2000),2000,Gladiator,https://letterboxd.com/film/gladiator-2000/,2026-05-25T11:48:51+00:00
movie_7337e829d81b,546,There Will Be Blood (2007),There Will Be Blood (2007),2007,There Will Be Blood,https://letterboxd.com/film/there-will-be-blood/,2026-05-25T11:49:43+00:00
movie_8aff0699cb71,547,Lady Vengeance (2005),Lady Vengeance (2005),2005,Lady Vengeance,https://letterboxd.com/film/lady-vengeance/,2026-05-25T11:49:43+00:00
movie_cbc0f05535d1,548,The Lord of the Rings: The Return of the King (2003),The Lord of the Rings: The Return of the King (2003),2003,The Lord of the Rings: The Return of the King,https://letterboxd.com/film/the-lord-of-the-rings-the-return-of-the-king/,2026-05-25T11:49:43+00:00
movie_2b14c8240ea5,549,Oldboy (2003),Oldboy (2003),2003,Oldboy,https://letterboxd.com/film/oldboy/,2026-05-25T11:49:43+00:00
movie_4e6949551572,550,Heat (1995),Heat (1995),1995,Heat,https://letterboxd.com/film/heat-1995/,2026-05-25T11:49:43+00:00
movie_b79b2af35175,551,La Haine (1995),La Haine (1995),1995,La Haine,https://letterboxd.com/film/la-haine/,2026-05-25T11:49:43+00:00
movie_722db1f88b81,552,GoodFellas (1990),GoodFellas (1990),1990,GoodFellas,https://letterboxd.com/film/goodfellas/,2026-05-25T11:49:43+00:00
movie_f7ce05540a25,553,Apocalypse Now (1979),Apocalypse Now (1979),1979,Apocalypse Now,https://letterboxd.com/film/apocalypse-now/,2026-05-25T11:49:43+00:00
movie_4f01cf7ac0d5,554,2001: A Space Odyssey (1968),2001: A Space Odyssey (1968),1968,2001: A Space Odyssey,https://letterboxd.com/film/2001-a-space-odyssey/,2026-05-25T11:49:43+00:00
movie_2452cd150b54,555,12 Angry Men (1957),12 Angry Men (1957),1957,12 Angry Men,https://letterboxd.com/film/12-angry-men/,2026-05-25T11:49:43+00:00
movie_3c199efa9691,556,Five Nights at Freddy's 2,Five Nights at Freddy's 2,,Five Nights at Freddy's 2,,2026-05-25T11:50:29+00:00
movie_902ec4ba7985,557,Chainsaw Man – The Movie: Reze Arc (2025),Chainsaw Man – The Movie: Reze Arc (2025),2025,Chainsaw Man – The Movie: Reze Arc,https://letterboxd.com/film/chainsaw-man-the-movie-reze-arc/,2026-05-25T11:50:29+00:00
movie_5ae8a0533de3,558,Venom: The Last Dance (2024),Venom: The Last Dance (2024),2024,Venom: The Last Dance,https://letterboxd.com/film/venom-the-last-dance/,2026-05-25T11:50:29+00:00
movie_d356806ca5d0,559,Look Back (2024),Look Back (2024),2024,Look Back,https://letterboxd.com/film/look-back-2024/,2026-05-25T11:50:29+00:00
movie_359c2e7093d8,560,Baby Reindeer (2024),Baby Reindeer (2024),2024,Baby Reindeer,https://letterboxd.com/film/baby-reindeer/,2026-05-25T11:50:29+00:00
movie_9ab1259962f3,561,Godzilla × Kong: The New Empire (2024),Godzilla × Kong: The New Empire (2024),2024,Godzilla × Kong: The New Empire,https://letterboxd.com/film/godzilla-kong-the-new-empire/,2026-05-25T11:50:29+00:00
movie_ccd016d7b800,562,They Cloned Tyrone (2023),They Cloned Tyrone (2023),2023,They Cloned Tyrone,https://letterboxd.com/film/they-cloned-tyrone/,2026-05-25T11:50:29+00:00
movie_c8490a079504,563,The Guardians of the Galaxy Holiday Special (2022),The Guardians of the Galaxy Holiday Special (2022),2022,The Guardians of the Galaxy Holiday Special,https://letterboxd.com/film/the-guardians-of-the-galaxy-holiday-special/,2026-05-25T11:50:29+00:00
movie_25c15399103c,564,Wendell & Wild (2022),Wendell & Wild (2022),2022,Wendell & Wild,https://letterboxd.com/film/wendell-wild/,2026-05-25T11:50:29+00:00
movie_35df4176f59a,565,Venom: Let There Be Carnage (2021),Venom: Let There Be Carnage (2021),2021,Venom: Let There Be Carnage,https://letterboxd.com/film/venom-let-there-be-carnage/,2026-05-25T11:50:29+00:00
movie_517054d38b3d,566,Black Widow (2021),Black Widow (2021),2021,Black Widow,https://letterboxd.com/film/black-widow-2021/,2026-05-25T11:50:29+00:00
movie_42101a2fb18b,567,The Mitchells vs. the Machines (2021),The Mitchells vs. the Machines (2021),2021,The Mitchells vs. the Machines,https://letterboxd.com/film/the-mitchells-vs-the-machines/,2026-05-25T11:50:29+00:00
movie_7c7049f1f373,568,Godzilla vs. Kong (2021),Godzilla vs. Kong (2021),2021,Godzilla vs. Kong,https://letterboxd.com/film/godzilla-vs-kong/,2026-05-25T11:50:29+00:00
movie_348fc41aa6dd,569,Evangelion: 3.0+1.0 Thrice Upon a Time (2021),Evangelion: 3.0+1.0 Thrice Upon a Time (2021),2021,Evangelion: 3.0+1.0 Thrice Upon a Time,https://letterboxd.com/film/evangelion-3010-thrice-upon-a-time/,2026-05-25T11:50:29+00:00
movie_a8ed54ba39d4,570,Smiling Friends (2020),Smiling Friends (2020),2020,Smiling Friends,https://letterboxd.com/film/smiling-friends/,2026-05-25T11:50:29+00:00
movie_56f8883414cc,571,Brightburn (2019),Brightburn (2019),2019,Brightburn,https://letterboxd.com/film/brightburn/,2026-05-25T11:50:29+00:00
movie_c78bbac56654,572,Shazam! (2019),Shazam! (2019),2019,Shazam!,https://letterboxd.com/film/shazam/,2026-05-25T11:50:29+00:00
movie_0668bc476b3e,573,Aquaman (2018),Aquaman (2018),2018,Aquaman,https://letterboxd.com/film/aquaman-2018/,2026-05-25T11:50:29+00:00
movie_626e5165396e,574,Bird Box (2018),Bird Box (2018),2018,Bird Box,https://letterboxd.com/film/bird-box/,2026-05-25T11:50:29+00:00
movie_edfd90f4d9ac,575,The Grinch (2018),The Grinch (2018),2018,The Grinch,https://letterboxd.com/film/the-grinch/,2026-05-25T11:50:29+00:00
movie_04b54c5ab8f0,576,Ant-Man and the Wasp (2018),Ant-Man and the Wasp (2018),2018,Ant-Man and the Wasp,https://letterboxd.com/film/ant-man-and-the-wasp/,2026-05-25T11:50:29+00:00
movie_20054b16d875,577,The Prince of Egypt (1998),The Prince of Egypt (1998),1998,The Prince of Egypt,https://letterboxd.com/film/the-prince-of-egypt/,2026-05-25T11:51:13+00:00
movie_7b0d3305eeb3,578,White Chicks (2004),White Chicks (2004),2004,White Chicks,https://letterboxd.com/film/white-chicks/,2026-05-25T11:51:13+00:00
movie_0fbc4d3cd8c1,579,Rogue One: A Star Wars Story (2016),Rogue One: A Star Wars Story (2016),2016,Rogue One: A Star Wars Story,https://letterboxd.com/film/rogue-one-a-star-wars-story/,2026-05-25T11:51:20+00:00
movie_82da11a71bb3,580,The Martian (2015),The Martian (2015),2015,The Martian,https://letterboxd.com/film/the-martian/,2026-05-25T11:51:20+00:00
movie_3952df123290,581,The Witch (2015),The Witch (2015),2015,The Witch,https://letterboxd.com/film/the-witch-2015/,2026-05-25T11:51:20+00:00
movie_dca9665d578b,582,Toy Story 3 (2010),Toy Story 3 (2010),2010,Toy Story 3,https://letterboxd.com/film/toy-story-3/,2026-05-25T11:51:21+00:00
movie_e87cb4278e9e,583,Iron Man 2 (2010),Iron Man 2 (2010),2010,Iron Man 2,https://letterboxd.com/film/iron-man-2/,2026-05-25T11:51:21+00:00
movie_8ca38910acc8,584,The Hangover (2009),The Hangover (2009),2009,The Hangover,https://letterboxd.com/film/the-hangover/,2026-05-25T11:51:21+00:00
movie_e8f7e99aa434,585,Iron Man (2008),Iron Man (2008),2008,Iron Man,https://letterboxd.com/film/iron-man-2008/,2026-05-25T11:51:21+00:00
movie_f03eb2e5151e,586,Superbad (2007),Superbad (2007),2007,Superbad,https://letterboxd.com/film/superbad/,2026-05-25T11:51:21+00:00
movie_160af1117acb,587,Spider-Man 3 (2007),Spider-Man 3 (2007),2007,Spider-Man 3,https://letterboxd.com/film/spider-man-3/,2026-05-25T11:51:21+00:00
movie_ad8228c5d484,588,Good Will Hunting,Good Will Hunting,,Good Will Hunting,,2026-05-25T11:51:28+00:00
movie_4b9796d8ad81,589,The Godfather,The Godfather,,The Godfather,,2026-05-25T11:52:03+00:00
movie_a189d03e16f6,590,Titanic (1997),Titanic (1997),1997,Titanic,https://letterboxd.com/film/titanic-1997/,2026-05-25T11:52:11+00:00
movie_4d8c71a738c5,591,Scream (1996),Scream (1996),1996,Scream,https://letterboxd.com/film/scream/,2026-05-25T11:52:11+00:00
movie_6f2a36857e77,592,Home Alone (1990),Home Alone (1990),1990,Home Alone,https://letterboxd.com/film/home-alone/,2026-05-25T11:52:11+00:00
movie_7812d0944dbd,593,Back to the Future (1985),Back to the Future (1985),1985,Back to the Future,https://letterboxd.com/film/back-to-the-future/,2026-05-25T11:52:11+00:00
movie_b5c3c4740839,594,Star Wars (1977),Star Wars (1977),1977,Star Wars,https://letterboxd.com/film/star-wars/,2026-05-25T11:52:11+00:00
movie_6af44d0785c3,595,Death of a Unicorn (2025),Death of a Unicorn (2025),2025,Death of a Unicorn,https://letterboxd.com/film/death-of-a-unicorn/,2026-05-25T11:53:03+00:00
movie_56a91fbc55b9,596,Together (2025),Together (2025),2025,Together,https://letterboxd.com/film/together-2025/,2026-05-25T11:53:03+00:00
movie_183e419df931,597,Fall (2022),Fall (2022),2022,Fall,https://letterboxd.com/film/fall-2022/,2026-05-25T11:53:03+00:00
movie_3b86a0263f12,598,Last Night in Soho (2021),Last Night in Soho (2021),2021,Last Night in Soho,https://letterboxd.com/film/last-night-in-soho/,2026-05-25T11:53:03+00:00
movie_7c3f22e8ff06,599,Bo Burnham: Inside (2021),Bo Burnham: Inside (2021),2021,Bo Burnham: Inside,https://letterboxd.com/film/bo-burnham-inside/,2026-05-25T11:53:03+00:00
movie_1de2a347d168,600,Run (2020),Run (2020),2020,Run,https://letterboxd.com/film/run-2020/,2026-05-25T11:53:03+00:00
movie_a0468dfd3675,601,Nomadland (2020),Nomadland (2020),2020,Nomadland,https://letterboxd.com/film/nomadland/,2026-05-25T11:53:03+00:00
movie_f6b64ce30035,602,Vivarium (2019),Vivarium (2019),2019,Vivarium,https://letterboxd.com/film/vivarium/,2026-05-25T11:53:03+00:00
movie_b87a1bfc92a3,603,Booksmart (2019),Booksmart (2019),2019,Booksmart,https://letterboxd.com/film/booksmart/,2026-05-25T11:53:03+00:00
movie_8b95ba5e8ea5,604,The Haunting of Hill House (2018),The Haunting of Hill House (2018),2018,The Haunting of Hill House,https://letterboxd.com/film/the-haunting-2018/,2026-05-25T11:53:03+00:00
movie_debaf8cc1499,605,Mamma Mia! Here We Go Again (2018),Mamma Mia! Here We Go Again (2018),2018,Mamma Mia! Here We Go Again,https://letterboxd.com/film/mamma-mia-here-we-go-again/,2026-05-25T11:53:03+00:00
movie_42a5bfbfa6d4,606,Ocean's Eight (2018),Ocean's Eight (2018),2018,Ocean's Eight,https://letterboxd.com/film/oceans-eight/,2026-05-25T11:53:03+00:00
movie_3fface589e73,607,Solo: A Star Wars Story (2018),Solo: A Star Wars Story (2018),2018,Solo: A Star Wars Story,https://letterboxd.com/film/solo-a-star-wars-story/,2026-05-25T11:53:03+00:00
movie_094fd29fd7a3,608,A Quiet Place (2018),A Quiet Place (2018),2018,A Quiet Place,https://letterboxd.com/film/a-quiet-place-2018/,2026-05-25T11:53:03+00:00
movie_a8790c7bee5f,609,"Love, Simon (2018)","Love, Simon (2018)",2018,"Love, Simon",https://letterboxd.com/film/love-simon/,2026-05-25T11:53:03+00:00
movie_39d7b61dabde,610,Annihilation (2018),Annihilation (2018),2018,Annihilation,https://letterboxd.com/film/annihilation/,2026-05-25T11:53:03+00:00
movie_9e0d5960917b,611,Kingsman: The Golden Circle (2017),Kingsman: The Golden Circle (2017),2017,Kingsman: The Golden Circle,https://letterboxd.com/film/kingsman-the-golden-circle/,2026-05-25T11:53:03+00:00
movie_1ebd427946ea,612,"Three Billboards Outside Ebbing, Missouri (2017)","Three Billboards Outside Ebbing, Missouri (2017)",2017,"Three Billboards Outside Ebbing, Missouri",https://letterboxd.com/film/three-billboards-outside-ebbing-missouri/,2026-05-25T11:53:03+00:00
movie_e23352a18273,613,Fantastic Beasts and Where to Find Them (2016),Fantastic Beasts and Where to Find Them (2016),2016,Fantastic Beasts and Where to Find Them,https://letterboxd.com/film/fantastic-beasts-and-where-to-find-them/,2026-05-25T11:53:03+00:00
movie_098012132e5c,614,Terrifier (2016),Terrifier (2016),2016,Terrifier,https://letterboxd.com/film/terrifier-2016/,2026-05-25T11:53:03+00:00
movie_b0e41e3661e6,615,Miss Peregrine's Home for Peculiar Children (2016),Miss Peregrine's Home for Peculiar Children (2016),2016,Miss Peregrine's Home for Peculiar Children,https://letterboxd.com/film/miss-peregrines-home-for-peculiar-children/,2026-05-25T11:53:03+00:00
movie_11b96b4f3bfb,616,The Edge of Seventeen (2016),The Edge of Seventeen (2016),2016,The Edge of Seventeen,https://letterboxd.com/film/the-edge-of-seventeen/,2026-05-25T11:53:03+00:00
movie_2130714bb96e,617,The Autopsy of Jane Doe (2016),The Autopsy of Jane Doe (2016),2016,The Autopsy of Jane Doe,https://letterboxd.com/film/the-autopsy-of-jane-doe/,2026-05-25T11:53:03+00:00
movie_adae527e52f8,618,Hacksaw Ridge (2016),Hacksaw Ridge (2016),2016,Hacksaw Ridge,https://letterboxd.com/film/hacksaw-ridge/,2026-05-25T11:53:03+00:00
movie_54afa878a53e,619,Kubo and the Two Strings (2016),Kubo and the Two Strings (2016),2016,Kubo and the Two Strings,https://letterboxd.com/film/kubo-and-the-two-strings/,2026-05-25T11:53:03+00:00
movie_b871cb4184ce,620,Finding Dory (2016),Finding Dory (2016),2016,Finding Dory,https://letterboxd.com/film/finding-dory/,2026-05-25T11:53:03+00:00
movie_7b6e2d1a877f,621,Gladiator,Gladiator,,Gladiator,,2026-05-25T11:53:55+00:00
movie_a54c1f3f40ee,622,Jurassic Park (1993),Jurassic Park (1993),1993,Jurassic Park,https://letterboxd.com/film/jurassic-park/,2026-05-25T11:53:55+00:00
movie_ea562945d59b,623,The Revenant (2015),The Revenant (2015),2015,The Revenant,https://letterboxd.com/film/the-revenant-2015/,2026-05-25T11:54:03+00:00
movie_ca81f957388e,624,The Big Short (2015),The Big Short (2015),2015,The Big Short,https://letterboxd.com/film/the-big-short/,2026-05-25T11:54:03+00:00
movie_7ba6e9ace715,625,Kingsman: The Secret Service (2014),Kingsman: The Secret Service (2014),2014,Kingsman: The Secret Service,https://letterboxd.com/film/kingsman-the-secret-service/,2026-05-25T11:54:03+00:00
movie_f4b65c56b63a,626,The Amazing Spider-Man 2 (2014),The Amazing Spider-Man 2 (2014),2014,The Amazing Spider-Man 2,https://letterboxd.com/film/the-amazing-spider-man-2/,2026-05-25T11:54:03+00:00
movie_7fedc847c84d,627,The Lego Movie (2014),The Lego Movie (2014),2014,The Lego Movie,https://letterboxd.com/film/the-lego-movie/,2026-05-25T11:54:03+00:00
movie_1d745f50b9b7,628,21 Jump Street (2012),21 Jump Street (2012),2012,21 Jump Street,https://letterboxd.com/film/21-jump-street/,2026-05-25T11:54:03+00:00
movie_6abd23426933,629,Thor (2011),Thor (2011),2011,Thor,https://letterboxd.com/film/thor/,2026-05-25T11:54:03+00:00
movie_434ee7417e67,630,The Princess Bride (1987),The Princess Bride (1987),1987,The Princess Bride,https://letterboxd.com/film/the-princess-bride/,2026-05-25T11:54:43+00:00
movie_98e0911b7ec3,631,The Sheep Detectives,The Sheep Detectives,,The Sheep Detectives,,2026-05-25T11:55:38+00:00
movie_97091527eabc,632,How to Train Your Dragon (2025),How to Train Your Dragon (2025),2025,How to Train Your Dragon,https://letterboxd.com/film/how-to-train-your-dragon-2025/,2026-05-25T11:55:45+00:00
movie_3ada86696b71,633,Warfare (2025),Warfare (2025),2025,Warfare,https://letterboxd.com/film/warfare/,2026-05-25T11:55:45+00:00
movie_fcf728830cda,634,Wallace & Gromit: Vengeance Most Fowl (2024),Wallace & Gromit: Vengeance Most Fowl (2024),2024,Wallace & Gromit: Vengeance Most Fowl,https://letterboxd.com/film/wallace-gromit-vengeance-most-fowl/,2026-05-25T11:55:45+00:00
movie_16857d584b25,635,The Life of Chuck (2024),The Life of Chuck (2024),2024,The Life of Chuck,https://letterboxd.com/film/the-life-of-chuck/,2026-05-25T11:55:45+00:00
movie_55a732c4fec8,636,A Haunting in Venice (2023),A Haunting in Venice (2023),2023,A Haunting in Venice,https://letterboxd.com/film/a-haunting-in-venice/,2026-05-25T11:55:45+00:00
movie_d4b0f3485400,637,Society of the Snow (2023),Society of the Snow (2023),2023,Society of the Snow,https://letterboxd.com/film/society-of-the-snow/,2026-05-25T11:55:45+00:00
movie_720ba7e6b07a,638,Air (2023),Air (2023),2023,Air,https://letterboxd.com/film/air-2023/,2026-05-25T11:55:45+00:00
movie_597727f8a89c,639,Enola Holmes 2 (2022),Enola Holmes 2 (2022),2022,Enola Holmes 2,https://letterboxd.com/film/enola-holmes-2/,2026-05-25T11:55:45+00:00
movie_9bc10231bb20,640,Minions: The Rise of Gru (2022),Minions: The Rise of Gru (2022),2022,Minions: The Rise of Gru,https://letterboxd.com/film/minions-the-rise-of-gru/,2026-05-25T11:55:45+00:00
movie_4dcbd6f7aed3,641,Jurassic World Dominion (2022),Jurassic World Dominion (2022),2022,Jurassic World Dominion,https://letterboxd.com/film/jurassic-world-dominion/,2026-05-25T11:55:45+00:00
movie_e987c07c4aae,642,Moon Knight (2022),Moon Knight (2022),2022,Moon Knight,https://letterboxd.com/film/moon-knight-2022/,2026-05-25T11:55:45+00:00
movie_489ecf178ce6,643,Love Hard (2021),Love Hard (2021),2021,Love Hard,https://letterboxd.com/film/love-hard/,2026-05-25T11:56:25+00:00
movie_16464bdec467,644,The Hating Game (2021),The Hating Game (2021),2021,The Hating Game,https://letterboxd.com/film/the-hating-game/,2026-05-25T11:56:25+00:00
movie_9b6b58248624,645,Now You See Me: Now You Don't (2025),Now You See Me: Now You Don't (2025),2025,Now You See Me: Now You Don't,https://letterboxd.com/film/now-you-see-me-now-you-dont-2025/,2026-05-25T11:56:32+00:00
movie_58f86b8ce2b7,646,The Map That Leads to You (2025),The Map That Leads to You (2025),2025,The Map That Leads to You,https://letterboxd.com/film/the-map-that-leads-to-you/,2026-05-25T11:56:32+00:00
movie_1b6cf38cc8b6,647,My Oxford Year (2025),My Oxford Year (2025),2025,My Oxford Year,https://letterboxd.com/film/my-oxford-year/,2026-05-25T11:56:32+00:00
movie_77188f4291cf,648,It Ends with Us (2024),It Ends with Us (2024),2024,It Ends with Us,https://letterboxd.com/film/it-ends-with-us/,2026-05-25T11:56:32+00:00
movie_e8a86e01a8aa,649,Beating Hearts (2024),Beating Hearts (2024),2024,Beating Hearts,https://letterboxd.com/film/beating-hearts-2024/,2026-05-25T11:56:32+00:00
movie_5d8ae8c2df8b,650,Purple Hearts (2022),Purple Hearts (2022),2022,Purple Hearts,https://letterboxd.com/film/purple-hearts-2022/,2026-05-25T11:56:32+00:00
movie_a77db70417b6,651,Where the Crawdads Sing (2022),Where the Crawdads Sing (2022),2022,Where the Crawdads Sing,https://letterboxd.com/film/where-the-crawdads-sing/,2026-05-25T11:56:32+00:00
movie_15c7f837fa3d,652,All the Bright Places (2020),All the Bright Places (2020),2020,All the Bright Places,https://letterboxd.com/film/all-the-bright-places/,2026-05-25T11:56:32+00:00
movie_27bf1cbb33c2,653,Marriage Story (2019),Marriage Story (2019),2019,Marriage Story,https://letterboxd.com/film/marriage-story-2019/,2026-05-25T11:56:32+00:00
movie_6f29ffdeafe4,654,Toy Story 4 (2019),Toy Story 4 (2019),2019,Toy Story 4,https://letterboxd.com/film/toy-story-4/,2026-05-25T11:56:33+00:00
movie_36426f3f39ca,655,John Wick: Chapter 3 – Parabellum (2019),John Wick: Chapter 3 – Parabellum (2019),2019,John Wick: Chapter 3 – Parabellum,https://letterboxd.com/film/john-wick-chapter-3-parabellum/,2026-05-25T11:56:33+00:00
movie_33a9701558b8,656,Yesterday (2019),Yesterday (2019),2019,Yesterday,https://letterboxd.com/film/yesterday-2019/,2026-05-25T11:56:33+00:00
movie_c30553e08d61,657,Five Feet Apart (2019),Five Feet Apart (2019),2019,Five Feet Apart,https://letterboxd.com/film/five-feet-apart/,2026-05-25T11:56:33+00:00
movie_03a64f76f276,658,A Star Is Born (2018),A Star Is Born (2018),2018,A Star Is Born,https://letterboxd.com/film/a-star-is-born-2018/,2026-05-25T11:56:33+00:00
movie_bbc88b6462fe,659,The Shawshank Redemption,The Shawshank Redemption,,The Shawshank Redemption,,2026-05-25T11:57:23+00:00
movie_44b54becdafb,660,Black Clover: Sword of the Wizard King (2023),Black Clover: Sword of the Wizard King (2023),2023,Black Clover: Sword of the Wizard King,https://letterboxd.com/film/black-clover-sword-of-the-wizard-king/,2026-05-25T11:57:31+00:00
movie_8da896b746a6,661,Spirited Away,Spirited Away,,Spirited Away,,2026-05-25T11:58:13+00:00
movie_e0185cfa735b,662,Hoppers,Hoppers,,Hoppers,,2026-05-25T11:58:21+00:00
movie_e1d4177cd7f5,663,The Flash (2023),The Flash (2023),2023,The Flash,https://letterboxd.com/film/the-flash/,2026-05-25T11:58:21+00:00
movie_378da6994b1e,664,Loki (2021),Loki (2021),2021,Loki,https://letterboxd.com/film/loki-2021/,2026-05-25T11:58:21+00:00
movie_1b5b39874050,665,Zack Snyder's Justice League (2021),Zack Snyder's Justice League (2021),2021,Zack Snyder's Justice League,https://letterboxd.com/film/zack-snyders-justice-league/,2026-05-25T11:58:21+00:00
movie_0535ab3ab44f,666,Raya and the Last Dragon (2021),Raya and the Last Dragon (2021),2021,Raya and the Last Dragon,https://letterboxd.com/film/raya-and-the-last-dragon/,2026-05-25T11:58:21+00:00
movie_bd8826e50405,667,WandaVision (2021),WandaVision (2021),2021,WandaVision,https://letterboxd.com/film/wandavision/,2026-05-25T11:58:21+00:00
movie_95d5ad814fa1,668,Wonder Woman 1984 (2020),Wonder Woman 1984 (2020),2020,Wonder Woman 1984,https://letterboxd.com/film/wonder-woman-1984/,2026-05-25T11:58:21+00:00
movie_4c8ef97c9f23,669,Onward (2020),Onward (2020),2020,Onward,https://letterboxd.com/film/onward-2020/,2026-05-25T11:58:21+00:00
movie_86c70050e2a7,670,Pokémon Detective Pikachu (2019),Pokémon Detective Pikachu (2019),2019,Pokémon Detective Pikachu,https://letterboxd.com/film/pokemon-detective-pikachu/,2026-05-25T11:58:21+00:00
movie_a2979dcddbc0,671,Fantastic Beasts: The Crimes of Grindelwald (2018),Fantastic Beasts: The Crimes of Grindelwald (2018),2018,Fantastic Beasts: The Crimes of Grindelwald,https://letterboxd.com/film/fantastic-beasts-the-crimes-of-grindelwald/,2026-05-25T11:58:21+00:00
movie_b3ffb9644b5c,672,Ralph Breaks the Internet (2018),Ralph Breaks the Internet (2018),2018,Ralph Breaks the Internet,https://letterboxd.com/film/ralph-breaks-the-internet/,2026-05-25T11:58:21+00:00
movie_2a3117301866,673,Obsession,Obsession,,Obsession,,2026-05-25T11:59:02+00:00
movie_c6751f2a9a1a,674,Fear Street: 1978 (2021),Fear Street: 1978 (2021),2021,Fear Street: 1978,https://letterboxd.com/film/fear-street-1978/,2026-05-25T11:59:02+00:00
movie_09dba8214a93,675,Thrash (2026),Thrash (2026),2026,Thrash,https://letterboxd.com/film/thrash-2026/,2026-05-25T11:59:10+00:00
movie_8411b9733c4c,676,Return to Silent Hill (2026),Return to Silent Hill (2026),2026,Return to Silent Hill,https://letterboxd.com/film/return-to-silent-hill/,2026-05-25T11:59:10+00:00
movie_ab992d98cfde,677,Dracula (2025),Dracula (2025),2025,Dracula,https://letterboxd.com/film/dracula-2025/,2026-05-25T11:59:10+00:00
movie_23a11c339cd9,678,I Know What You Did Last Summer (2025),I Know What You Did Last Summer (2025),2025,I Know What You Did Last Summer,https://letterboxd.com/film/i-know-what-you-did-last-summer-2025/,2026-05-25T11:59:10+00:00
movie_7e2ddb185c0e,679,Honey Don't! (2025),Honey Don't! (2025),2025,Honey Don't!,https://letterboxd.com/film/honey-dont/,2026-05-25T11:59:10+00:00
movie_6f366267750c,680,Blink Twice (2024),Blink Twice (2024),2024,Blink Twice,https://letterboxd.com/film/blink-twice/,2026-05-25T11:59:10+00:00
movie_3e661b934aff,681,The Idea of You (2024),The Idea of You (2024),2024,The Idea of You,https://letterboxd.com/film/the-idea-of-you-2024/,2026-05-25T11:59:10+00:00
movie_2a8de4354d7b,682,BEEF (2023),BEEF (2023),2023,BEEF,https://letterboxd.com/film/beef-2023/,2026-05-25T11:59:10+00:00
movie_913535c6a2b8,683,The Invisible Man (2020),The Invisible Man (2020),2020,The Invisible Man,https://letterboxd.com/film/the-invisible-man-2020/,2026-05-25T11:59:10+00:00
movie_b93bd80320b8,684,The Lighthouse (2019),The Lighthouse (2019),2019,The Lighthouse,https://letterboxd.com/film/the-lighthouse-2019/,2026-05-25T11:59:10+00:00
movie_44d4595e5591,685,The Hunger Games,The Hunger Games,,The Hunger Games,,2026-05-25T11:59:22+00:00
movie_8acac25f2fc8,686,Inside Out 2,Inside Out 2,,Inside Out 2,,2026-05-25T12:00:13+00:00
movie_a80c25b29d21,687,Memories of Murder (2003),Memories of Murder (2003),2003,Memories of Murder,https://letterboxd.com/film/memories-of-murder/,2026-05-25T12:00:13+00:00
movie_ffb5eb1cc91f,688,Scream,Scream,,Scream,,2026-05-25T12:00:50+00:00
movie_183f49d85cf1,689,Ladies First,Ladies First,,Ladies First,,2026-05-25T12:00:57+00:00
movie_6b1219107171,690,Ladies First (2026),Ladies First (2026),2026,Ladies First,https://letterboxd.com/film/ladies-first-2026/,2026-05-25T12:00:57+00:00
movie_d14d0e899da0,691,Hokum (2026),Hokum (2026),2026,Hokum,https://letterboxd.com/film/hokum/,2026-05-25T12:00:57+00:00
movie_00b78e7ded07,692,Secretary (2002),Secretary (2002),2002,Secretary,https://letterboxd.com/film/secretary/,2026-05-25T12:00:57+00:00
movie_e23ae66c3b64,693,The Royal Tenenbaums (2001),The Royal Tenenbaums (2001),2001,The Royal Tenenbaums,https://letterboxd.com/film/the-royal-tenenbaums/,2026-05-25T12:00:57+00:00
movie_f92487984c81,694,Scream 3 (2000),Scream 3 (2000),2000,Scream 3,https://letterboxd.com/film/scream-3/,2026-05-25T12:00:57+00:00
movie_adf8011bc47e,695,Star Wars: Episode I – The Phantom Menace (1999),Star Wars: Episode I – The Phantom Menace (1999),1999,Star Wars: Episode I – The Phantom Menace,https://letterboxd.com/film/star-wars-episode-i-the-phantom-menace/,2026-05-25T12:00:57+00:00
movie_d6a8398cb2ea,696,Romeo + Juliet (1996),Romeo + Juliet (1996),1996,Romeo + Juliet,https://letterboxd.com/film/romeo-juliet-1996/,2026-05-25T12:00:57+00:00
movie_d1dbdcc3bd4b,697,Natural Born Killers (1994),Natural Born Killers (1994),1994,Natural Born Killers,https://letterboxd.com/film/natural-born-killers/,2026-05-25T12:00:57+00:00
movie_203d9cc00763,698,Top Gun (1986),Top Gun (1986),1986,Top Gun,https://letterboxd.com/film/top-gun/,2026-05-25T12:00:57+00:00
movie_ee229517e9e8,699,The Empire Strikes Back (1980),The Empire Strikes Back (1980),1980,The Empire Strikes Back,https://letterboxd.com/film/the-empire-strikes-back/,2026-05-25T12:00:57+00:00
movie_c629d39e8c23,700,The Texas Chain Saw Massacre (1974),The Texas Chain Saw Massacre (1974),1974,The Texas Chain Saw Massacre,https://letterboxd.com/film/the-texas-chain-saw-massacre/,2026-05-25T12:00:57+00:00
movie_690c7a092518,701,Inglourious Basterds,Inglourious Basterds,,Inglourious Basterds,,2026-05-25T12:01:01+00:00
movie_30991087868e,702,Drive,Drive,,Drive,,2026-05-25T12:01:44+00:00
movie_e03f93e986b3,703,KPop Demon Hunters,KPop Demon Hunters,,KPop Demon Hunters,,2026-05-25T12:01:51+00:00
movie_837a16371c92,704,Batman Begins (2005),Batman Begins (2005),2005,Batman Begins,https://letterboxd.com/film/batman-begins/,2026-05-25T12:01:51+00:00
movie_0850ff3002d2,705,Spider-Man 2 (2004),Spider-Man 2 (2004),2004,Spider-Man 2,https://letterboxd.com/film/spider-man-2/,2026-05-25T12:01:51+00:00
movie_027ecf295afc,706,Kill Bill: Vol. 2 (2004),Kill Bill: Vol. 2 (2004),2004,Kill Bill: Vol. 2,https://letterboxd.com/film/kill-bill-vol-2/,2026-05-25T12:01:51+00:00
movie_35b9d8651e7e,707,The Lord of the Rings: The Two Towers (2002),The Lord of the Rings: The Two Towers (2002),2002,The Lord of the Rings: The Two Towers,https://letterboxd.com/film/the-lord-of-the-rings-the-two-towers/,2026-05-25T12:01:51+00:00
movie_bda48921d48b,708,Urchin (2025),Urchin (2025),2025,Urchin,https://letterboxd.com/film/urchin-2025/,2026-05-25T12:02:41+00:00
movie_f7631667bd4f,709,Black Bag (2025),Black Bag (2025),2025,Black Bag,https://letterboxd.com/film/black-bag-2025/,2026-05-25T12:02:41+00:00
movie_ef20cb5678b9,710,Bridget Jones: Mad About the Boy (2025),Bridget Jones: Mad About the Boy (2025),2025,Bridget Jones: Mad About the Boy,https://letterboxd.com/film/bridget-jones-mad-about-the-boy/,2026-05-25T12:02:41+00:00
movie_a6ea91b96a0f,711,"Sorry, Baby (2025)","Sorry, Baby (2025)",2025,"Sorry, Baby",https://letterboxd.com/film/sorry-baby-2025/,2026-05-25T12:02:41+00:00
movie_d678ff302fc9,712,"Oh, Hi! (2025)","Oh, Hi! (2025)",2025,"Oh, Hi!",https://letterboxd.com/film/oh-hi/,2026-05-25T12:02:41+00:00
movie_980545b8052b,713,Babygirl (2024),Babygirl (2024),2024,Babygirl,https://letterboxd.com/film/babygirl-2024/,2026-05-25T12:02:41+00:00
movie_810972985ac7,714,A Different Man (2024),A Different Man (2024),2024,A Different Man,https://letterboxd.com/film/a-different-man/,2026-05-25T12:02:41+00:00
movie_073fe3f8fe36,715,My Old Ass (2024),My Old Ass (2024),2024,My Old Ass,https://letterboxd.com/film/my-old-ass/,2026-05-25T12:02:41+00:00
movie_adca27f3a865,716,A Real Pain (2024),A Real Pain (2024),2024,A Real Pain,https://letterboxd.com/film/a-real-pain/,2026-05-25T12:02:41+00:00
movie_bde2025bd98a,717,Presence (2024),Presence (2024),2024,Presence,https://letterboxd.com/film/presence-2024/,2026-05-25T12:02:41+00:00
movie_f58709566fcd,718,Dìdi (弟弟) (2024),Dìdi (弟弟) (2024),2024,Dìdi (弟弟),https://letterboxd.com/film/didi-2024/,2026-05-25T12:02:41+00:00
movie_17fe4ec892a3,719,La Chimera (2023),La Chimera (2023),2023,La Chimera,https://letterboxd.com/film/la-chimera/,2026-05-25T12:02:41+00:00
movie_9e4e854fe96d,720,You People (2023),You People (2023),2023,You People,https://letterboxd.com/film/you-people-2023/,2026-05-25T12:02:41+00:00
movie_39866c3345aa,721,See How They Run (2022),See How They Run (2022),2022,See How They Run,https://letterboxd.com/film/see-how-they-run-2022/,2026-05-25T12:02:41+00:00
movie_bf8826f28a27,722,Broker (2022),Broker (2022),2022,Broker,https://letterboxd.com/film/broker-2022/,2026-05-25T12:02:41+00:00
movie_2da69a2d813d,723,Triangle of Sadness (2022),Triangle of Sadness (2022),2022,Triangle of Sadness,https://letterboxd.com/film/triangle-of-sadness/,2026-05-25T12:02:41+00:00
movie_24c00fdcde03,724,The Twilight Saga: New Moon (2009),The Twilight Saga: New Moon (2009),2009,The Twilight Saga: New Moon,https://letterboxd.com/film/the-twilight-saga-new-moon/,2026-05-25T12:03:17+00:00
movie_7e53d9809a69,725,Brave (2012),Brave (2012),2012,Brave,https://letterboxd.com/film/brave-2012/,2026-05-25T12:03:17+00:00
movie_cbe3236e8ab9,726,Stranger Things 5: The Finale,Stranger Things 5: The Finale,,Stranger Things 5: The Finale,,2026-05-25T12:03:25+00:00
movie_1bc20d6f393b,727,Final Destination Bloodlines (2025),Final Destination Bloodlines (2025),2025,Final Destination Bloodlines,https://letterboxd.com/film/final-destination-bloodlines/,2026-05-25T12:03:25+00:00
movie_0e6c71a767b3,728,"tick, tick... BOOM! (2021)","tick, tick... BOOM! (2021)",2021,"tick, tick... BOOM!",https://letterboxd.com/film/tick-tick-boom-2021/,2026-05-25T12:03:25+00:00
movie_83a5e6bb12ea,729,Mamma Mia!,Mamma Mia!,,Mamma Mia!,,2026-05-25T12:03:33+00:00
movie_49b8a482ac7c,730,Chernobyl (2019),Chernobyl (2019),2019,Chernobyl,https://letterboxd.com/film/chernobyl/,2026-05-25T12:04:10+00:00
movie_7c40c0163578,731,Castle in the Sky (1986),Castle in the Sky (1986),1986,Castle in the Sky,https://letterboxd.com/film/castle-in-the-sky/,2026-05-25T12:04:10+00:00
movie_d697330fa74a,732,Enola Holmes (2020),Enola Holmes (2020),2020,Enola Holmes,https://letterboxd.com/film/enola-holmes/,2026-05-25T12:04:19+00:00
movie_f91f63c04afc,733,War Dogs (2016),War Dogs (2016),2016,War Dogs,https://letterboxd.com/film/war-dogs-2016/,2026-05-25T12:04:19+00:00
movie_6a7a7b2c3b89,734,The Hunger Games: Mockingjay – Part 2 (2015),The Hunger Games: Mockingjay – Part 2 (2015),2015,The Hunger Games: Mockingjay – Part 2,https://letterboxd.com/film/the-hunger-games-mockingjay-part-2/,2026-05-25T12:04:19+00:00
movie_40e97d00c481,735,Ant-Man (2015),Ant-Man (2015),2015,Ant-Man,https://letterboxd.com/film/ant-man/,2026-05-25T12:04:19+00:00
movie_6585bcf681ec,736,Shoplifters (2018),Shoplifters (2018),2018,Shoplifters,https://letterboxd.com/film/shoplifters/,2026-05-25T12:05:11+00:00
movie_18ee53ab60f2,737,My Life as a Zucchini (2016),My Life as a Zucchini (2016),2016,My Life as a Zucchini,https://letterboxd.com/film/my-life-as-a-zucchini/,2026-05-25T12:05:11+00:00
movie_8d5a0816b905,738,The Secret Life of Walter Mitty (2013),The Secret Life of Walter Mitty (2013),2013,The Secret Life of Walter Mitty,https://letterboxd.com/film/the-secret-life-of-walter-mitty-2013/,2026-05-25T12:05:11+00:00
movie_b48121118091,739,Life of Pi (2012),Life of Pi (2012),2012,Life of Pi,https://letterboxd.com/film/life-of-pi/,2026-05-25T12:05:11+00:00
movie_f36c0d9ab6a7,740,The Hunt (2012),The Hunt (2012),2012,The Hunt,https://letterboxd.com/film/the-hunt-2012/,2026-05-25T12:05:11+00:00
movie_d8d48d0e3a2c,741,The Intouchables (2011),The Intouchables (2011),2011,The Intouchables,https://letterboxd.com/film/the-intouchables/,2026-05-25T12:05:11+00:00
movie_0b443f28731f,742,Midnight in Paris (2011),Midnight in Paris (2011),2011,Midnight in Paris,https://letterboxd.com/film/midnight-in-paris/,2026-05-25T12:05:11+00:00
movie_e387419b3d3a,743,Submarine (2010),Submarine (2010),2010,Submarine,https://letterboxd.com/film/submarine/,2026-05-25T12:05:11+00:00
movie_311d32626aa3,744,The Princess and the Frog (2009),The Princess and the Frog (2009),2009,The Princess and the Frog,https://letterboxd.com/film/the-princess-and-the-frog/,2026-05-25T12:05:11+00:00
movie_3f0222b8a69f,745,Hachi: A Dog's Tale (2009),Hachi: A Dog's Tale (2009),2009,Hachi: A Dog's Tale,https://letterboxd.com/film/hachi-a-dogs-tale/,2026-05-25T12:05:11+00:00
movie_120dd45e7b9c,746,Kung Fu Panda (2008),Kung Fu Panda (2008),2008,Kung Fu Panda,https://letterboxd.com/film/kung-fu-panda/,2026-05-25T12:05:11+00:00
movie_8f15cda4a430,747,In Bruges (2008),In Bruges (2008),2008,In Bruges,https://letterboxd.com/film/in-bruges/,2026-05-25T12:05:11+00:00
movie_de189ccda6a4,748,Persepolis (2007),Persepolis (2007),2007,Persepolis,https://letterboxd.com/film/persepolis/,2026-05-25T12:05:11+00:00
movie_354e4043eee2,749,Hot Fuzz (2007),Hot Fuzz (2007),2007,Hot Fuzz,https://letterboxd.com/film/hot-fuzz/,2026-05-25T12:05:11+00:00
movie_7d7d1b5eeabf,750,Casino Royale (2006),Casino Royale (2006),2006,Casino Royale,https://letterboxd.com/film/casino-royale-2006/,2026-05-25T12:05:11+00:00
movie_7106c2ee961c,751,Paprika (2006),Paprika (2006),2006,Paprika,https://letterboxd.com/film/paprika-2006/,2026-05-25T12:05:11+00:00
movie_218c688e8c45,752,Pan's Labyrinth (2006),Pan's Labyrinth (2006),2006,Pan's Labyrinth,https://letterboxd.com/film/pans-labyrinth/,2026-05-25T12:05:11+00:00
movie_5f0aebf3f327,753,V for Vendetta (2005),V for Vendetta (2005),2005,V for Vendetta,https://letterboxd.com/film/v-for-vendetta/,2026-05-25T12:05:11+00:00
movie_951cf5553fed,754,Corpse Bride (2005),Corpse Bride (2005),2005,Corpse Bride,https://letterboxd.com/film/corpse-bride/,2026-05-25T12:05:11+00:00
movie_988e7e1ce405,755,Brokeback Mountain (2005),Brokeback Mountain (2005),2005,Brokeback Mountain,https://letterboxd.com/film/brokeback-mountain/,2026-05-25T12:05:11+00:00
movie_2741d0cbc087,756,Bugonia,Bugonia,,Bugonia,,2026-05-25T12:05:32+00:00
movie_14bdf0c97372,757,Fight Club,Fight Club,,Fight Club,,2026-05-25T12:05:55+00:00
movie_f5db1281c64a,758,Frankenstein,Frankenstein,,Frankenstein,,2026-05-25T12:06:03+00:00
movie_67a3c09d5120,759,Moonlight,Moonlight,,Moonlight,,2026-05-25T12:07:29+00:00
movie_d161632a4772,760,The Princess Diaries (2001),The Princess Diaries (2001),2001,The Princess Diaries,https://letterboxd.com/film/the-princess-diaries/,2026-05-25T12:07:35+00:00
movie_4e09be2c33de,761,Ghost in the Shell (1995),Ghost in the Shell (1995),1995,Ghost in the Shell,https://letterboxd.com/film/ghost-in-the-shell/,2026-05-25T12:07:35+00:00
movie_c52d92b4e26a,762,The Nightmare Before Christmas (1993),The Nightmare Before Christmas (1993),1993,The Nightmare Before Christmas,https://letterboxd.com/film/the-nightmare-before-christmas/,2026-05-25T12:07:35+00:00
movie_b601bac9e5ce,763,Aladdin (1992),Aladdin (1992),1992,Aladdin,https://letterboxd.com/film/aladdin/,2026-05-25T12:07:35+00:00
movie_51f79331810e,764,Apex,Apex,,Apex,,2026-05-25T12:08:23+00:00
movie_9275f2a2e303,765,Peaky Blinders: The Immortal Man (2026),Peaky Blinders: The Immortal Man (2026),2026,Peaky Blinders: The Immortal Man,https://letterboxd.com/film/peaky-blinders-the-immortal-man/,2026-05-25T12:08:23+00:00
movie_a28ef872c51e,766,I Swear (2025),I Swear (2025),2025,I Swear,https://letterboxd.com/film/i-swear/,2026-05-25T12:08:23+00:00
movie_b0038f943296,767,The Marvels (2023),The Marvels (2023),2023,The Marvels,https://letterboxd.com/film/the-marvels/,2026-05-25T12:08:23+00:00
movie_121c979b4f90,768,Nobody (2021),Nobody (2021),2021,Nobody,https://letterboxd.com/film/nobody-2021/,2026-05-25T12:08:23+00:00
movie_1de0998ba8ad,769,The Gentlemen (2019),The Gentlemen (2019),2019,The Gentlemen,https://letterboxd.com/film/the-gentlemen/,2026-05-25T12:08:23+00:00
movie_1ab69e40bd7c,770,Creed II (2018),Creed II (2018),2018,Creed II,https://letterboxd.com/film/creed-ii/,2026-05-25T12:08:23+00:00
movie_53a653f4c3f3,771,Halloween (2018),Halloween (2018),2018,Halloween,https://letterboxd.com/film/halloween-2018/,2026-05-25T12:08:23+00:00
movie_61e192f121b0,772,John Wick: Chapter 2 (2017),John Wick: Chapter 2 (2017),2017,John Wick: Chapter 2,https://letterboxd.com/film/john-wick-chapter-2/,2026-05-25T12:08:23+00:00
movie_a7042b374bdd,773,Wind River (2017),Wind River (2017),2017,Wind River,https://letterboxd.com/film/wind-river-2017/,2026-05-25T12:08:23+00:00
movie_4eac208b14a4,774,The Accountant (2016),The Accountant (2016),2016,The Accountant,https://letterboxd.com/film/the-accountant-2016/,2026-05-25T12:08:23+00:00
movie_f22c56bf4b8e,775,Creed (2015),Creed (2015),2015,Creed,https://letterboxd.com/film/creed/,2026-05-25T12:08:23+00:00
movie_5f68674f5b71,776,Spotlight (2015),Spotlight (2015),2015,Spotlight,https://letterboxd.com/film/spotlight/,2026-05-25T12:08:23+00:00
movie_9bcc0519b734,777,Southpaw (2015),Southpaw (2015),2015,Southpaw,https://letterboxd.com/film/southpaw-2015/,2026-05-25T12:08:23+00:00
movie_5474b92fc818,778,Furious 7 (2015),Furious 7 (2015),2015,Furious 7,https://letterboxd.com/film/furious-7/,2026-05-25T12:08:23+00:00
movie_f1aaf4e98f13,779,Focus (2015),Focus (2015),2015,Focus,https://letterboxd.com/film/focus-2015/,2026-05-25T12:08:23+00:00
movie_525c35b63a53,780,American Sniper (2014),American Sniper (2014),2014,American Sniper,https://letterboxd.com/film/american-sniper/,2026-05-25T12:08:23+00:00
movie_7998d5a2566a,781,Batman Begins,Batman Begins,,Batman Begins,,2026-05-25T12:09:18+00:00
movie_585733e4b570,782,Five Nights at Freddy's,Five Nights at Freddy's,,Five Nights at Freddy's,,2026-05-25T12:09:56+00:00
movie_5569804a1c7b,783,Weapons,Weapons,,Weapons,,2026-05-25T12:10:48+00:00
movie_10f789b293d7,784,Until Dawn (2025),Until Dawn (2025),2025,Until Dawn,https://letterboxd.com/film/until-dawn-2025/,2026-05-25T12:10:55+00:00
movie_a3780d2f33f4,785,The Ugly Stepsister (2025),The Ugly Stepsister (2025),2025,The Ugly Stepsister,https://letterboxd.com/film/the-ugly-stepsister/,2026-05-25T12:10:55+00:00
movie_a764c33e9187,786,Uncharted (2022),Uncharted (2022),2022,Uncharted,https://letterboxd.com/film/uncharted-2022/,2026-05-25T12:10:55+00:00
movie_5feae85dbcc9,787,Fractured (2019),Fractured (2019),2019,Fractured,https://letterboxd.com/film/fractured-2019/,2026-05-25T12:10:55+00:00
movie_5e77623630ec,788,Catch Me If You Can,Catch Me If You Can,,Catch Me If You Can,,2026-05-25T12:11:41+00:00
movie_16866f6f4c3b,789,Wake Up Dead Man,Wake Up Dead Man,,Wake Up Dead Man,,2026-05-25T12:11:48+00:00
movie_b0e3736b3503,790,Sunshine (2024),Sunshine (2024),2024,Sunshine,https://letterboxd.com/film/sunshine-2024/,2026-05-25T12:12:38+00:00
movie_96e035ebad66,791,To All the Boys I've Loved Before (2018),To All the Boys I've Loved Before (2018),2018,To All the Boys I've Loved Before,https://letterboxd.com/film/to-all-the-boys-ive-loved-before/,2026-05-25T12:12:38+00:00
movie_9501bc884c91,792,Me Before You (2016),Me Before You (2016),2016,Me Before You,https://letterboxd.com/film/me-before-you/,2026-05-25T12:12:38+00:00
movie_79b48ea48dfe,793,Nuremberg (2025),Nuremberg (2025),2025,Nuremberg,https://letterboxd.com/film/nuremberg-2025/,2026-05-25T12:13:23+00:00
movie_b31f9aad277d,794,The Exorcist: Believer (2023),The Exorcist: Believer (2023),2023,The Exorcist: Believer,https://letterboxd.com/film/the-exorcist-believer/,2026-05-25T12:13:23+00:00
movie_fb686a06f46a,795,Jujutsu Kaisen 0 (2021),Jujutsu Kaisen 0 (2021),2021,Jujutsu Kaisen 0,https://letterboxd.com/film/jujutsu-kaisen-0/,2026-05-25T12:13:23+00:00
movie_4fceb8791818,796,Justice League (2017),Justice League (2017),2017,Justice League,https://letterboxd.com/film/justice-league/,2026-05-25T12:13:23+00:00
movie_6c346ee9067c,797,Mission: Impossible – Rogue Nation (2015),Mission: Impossible – Rogue Nation (2015),2015,Mission: Impossible – Rogue Nation,https://letterboxd.com/film/mission-impossible-rogue-nation/,2026-05-25T12:13:23+00:00
movie_21f233626251,798,X-Men: Days of Future Past (2014),X-Men: Days of Future Past (2014),2014,X-Men: Days of Future Past,https://letterboxd.com/film/x-men-days-of-future-past/,2026-05-25T12:13:23+00:00
movie_b11e9f082ca8,799,Wreck-It Ralph (2012),Wreck-It Ralph (2012),2012,Wreck-It Ralph,https://letterboxd.com/film/wreck-it-ralph/,2026-05-25T12:13:23+00:00
movie_0ea7c622ffaa,800,Mission: Impossible – Ghost Protocol (2011),Mission: Impossible – Ghost Protocol (2011),2011,Mission: Impossible – Ghost Protocol,https://letterboxd.com/film/mission-impossible-ghost-protocol/,2026-05-25T12:13:23+00:00
movie_64f97f4afd0a,801,Moneyball (2011),Moneyball (2011),2011,Moneyball,https://letterboxd.com/film/moneyball/,2026-05-25T12:13:59+00:00
movie_2a3f922555e1,802,Transformers One (2024),Transformers One (2024),2024,Transformers One,https://letterboxd.com/film/transformers-one/,2026-05-25T12:14:06+00:00
movie_0e0d9f51d921,803,Madame Web (2024),Madame Web (2024),2024,Madame Web,https://letterboxd.com/film/madame-web/,2026-05-25T12:14:06+00:00
movie_4a5abf16ec5b,804,Transformers: Rise of the Beasts (2023),Transformers: Rise of the Beasts (2023),2023,Transformers: Rise of the Beasts,https://letterboxd.com/film/transformers-rise-of-the-beasts/,2026-05-25T12:14:06+00:00
movie_d3a26649f52b,805,Fast X (2023),Fast X (2023),2023,Fast X,https://letterboxd.com/film/fast-x/,2026-05-25T12:14:06+00:00
movie_388050edcbc8,806,Morbius (2022),Morbius (2022),2022,Morbius,https://letterboxd.com/film/morbius/,2026-05-25T12:14:06+00:00
movie_adde1e59afab,807,F9 (2021),F9 (2021),2021,F9,https://letterboxd.com/film/f9/,2026-05-25T12:14:06+00:00
movie_1715f68bd969,808,Ford v Ferrari (2019),Ford v Ferrari (2019),2019,Ford v Ferrari,https://letterboxd.com/film/ford-v-ferrari/,2026-05-25T12:14:06+00:00
movie_918e629af7c9,809,Fast & Furious Presents: Hobbs & Shaw (2019),Fast & Furious Presents: Hobbs & Shaw (2019),2019,Fast & Furious Presents: Hobbs & Shaw,https://letterboxd.com/film/fast-furious-presents-hobbs-shaw/,2026-05-25T12:14:06+00:00
movie_d9ab664417f0,810,Bumblebee (2018),Bumblebee (2018),2018,Bumblebee,https://letterboxd.com/film/bumblebee/,2026-05-25T12:14:06+00:00
movie_b47cf2712acd,811,Sicario: Day of the Soldado (2018),Sicario: Day of the Soldado (2018),2018,Sicario: Day of the Soldado,https://letterboxd.com/film/sicario-day-of-the-soldado/,2026-05-25T12:14:06+00:00
movie_b4efe31d8fb5,812,The Devil Wears Prada,The Devil Wears Prada,,The Devil Wears Prada,,2026-05-25T12:14:43+00:00
movie_71d5d59a2f1b,813,The Emperor's New Groove (2000),The Emperor's New Groove (2000),2000,The Emperor's New Groove,https://letterboxd.com/film/the-emperors-new-groove/,2026-05-25T12:14:43+00:00
movie_eb07f05480c0,814,Twisters (2024),Twisters (2024),2024,Twisters,https://letterboxd.com/film/twisters/,2026-05-25T12:14:51+00:00
movie_abbb66c06c8c,815,Mean Girls (2024),Mean Girls (2024),2024,Mean Girls,https://letterboxd.com/film/mean-girls-2024/,2026-05-25T12:14:51+00:00
movie_82e9443e2247,816,Woman of the Hour (2023),Woman of the Hour (2023),2023,Woman of the Hour,https://letterboxd.com/film/woman-of-the-hour/,2026-05-25T12:14:51+00:00
movie_37c8e177d009,817,Do Revenge (2022),Do Revenge (2022),2022,Do Revenge,https://letterboxd.com/film/do-revenge/,2026-05-25T12:14:51+00:00
movie_ac58a88fa97c,818,West Side Story (2021),West Side Story (2021),2021,West Side Story,https://letterboxd.com/film/west-side-story-2021/,2026-05-25T12:14:51+00:00
movie_9a21fc364823,819,Hamilton (2020),Hamilton (2020),2020,Hamilton,https://letterboxd.com/film/hamilton-2020/,2026-05-25T12:14:51+00:00
movie_9add5a8ed8ba,820,Rocketman (2019),Rocketman (2019),2019,Rocketman,https://letterboxd.com/film/rocketman-2019/,2026-05-25T12:14:51+00:00
movie_999c726822d7,821,Game Night (2018),Game Night (2018),2018,Game Night,https://letterboxd.com/film/game-night/,2026-05-25T12:14:51+00:00
movie_6baa55438e7a,822,Eighth Grade (2018),Eighth Grade (2018),2018,Eighth Grade,https://letterboxd.com/film/eighth-grade/,2026-05-25T12:14:51+00:00
movie_2c4ec87a98be,823,Jumanji: Welcome to the Jungle (2017),Jumanji: Welcome to the Jungle (2017),2017,Jumanji: Welcome to the Jungle,https://letterboxd.com/film/jumanji-welcome-to-the-jungle/,2026-05-25T12:14:51+00:00
movie_dc95f640e7eb,824,Wonder (2017),Wonder (2017),2017,Wonder,https://letterboxd.com/film/wonder-2017/,2026-05-25T12:14:51+00:00
movie_858a7ea05412,825,The Shape of Water (2017),The Shape of Water (2017),2017,The Shape of Water,https://letterboxd.com/film/the-shape-of-water/,2026-05-25T12:14:51+00:00
movie_f6add1560c0e,826,Okja (2017),Okja (2017),2017,Okja,https://letterboxd.com/film/okja/,2026-05-25T12:14:51+00:00
movie_e8b6f470aca3,827,Beauty and the Beast (2017),Beauty and the Beast (2017),2017,Beauty and the Beast,https://letterboxd.com/film/beauty-and-the-beast-2017/,2026-05-25T12:14:51+00:00
movie_4938415b28b5,828,Now You See Me 2 (2016),Now You See Me 2 (2016),2016,Now You See Me 2,https://letterboxd.com/film/now-you-see-me-2/,2026-05-25T12:14:51+00:00
movie_065f629eac50,829,Lady Bird,Lady Bird,,Lady Bird,,2026-05-25T12:14:59+00:00
movie_35a0fd3cfdcb,830,The Secret in Their Eyes (2009),The Secret in Their Eyes (2009),2009,The Secret in Their Eyes,https://letterboxd.com/film/the-secret-in-their-eyes/,2026-05-25T12:15:44+00:00
movie_e0c99dddae6d,831,Incendies (2010),Incendies (2010),2010,Incendies,https://letterboxd.com/film/incendies/,2026-05-25T12:15:52+00:00
movie_a9a067e583d9,832,Midsommar,Midsommar,,Midsommar,,2026-05-25T12:16:00+00:00
movie_cf16a5052556,833,Anna Karenina (2012),Anna Karenina (2012),2012,Anna Karenina,https://letterboxd.com/film/anna-karenina-2012/,2026-05-25T12:16:37+00:00
movie_80b650a79ffd,834,HIS & HERS (2026),HIS & HERS (2026),2026,HIS & HERS,https://letterboxd.com/film/his-hers-2026/,2026-05-25T12:16:44+00:00
movie_8dec5839ba7a,835,Steve (2025),Steve (2025),2025,Steve,https://letterboxd.com/film/steve-2025/,2026-05-25T12:16:44+00:00
movie_cb15b985d5fa,836,The Thursday Murder Club (2025),The Thursday Murder Club (2025),2025,The Thursday Murder Club,https://letterboxd.com/film/the-thursday-murder-club/,2026-05-25T12:16:44+00:00
movie_8a67fae98224,837,Zero Day (2025),Zero Day (2025),2025,Zero Day,https://letterboxd.com/film/zero-day-2025-1/,2026-05-25T12:16:44+00:00
movie_5411c6eb98a9,838,Your Fault (2024),Your Fault (2024),2024,Your Fault,https://letterboxd.com/film/your-fault/,2026-05-25T12:16:44+00:00
movie_7dc0624f96d3,839,Uglies (2024),Uglies (2024),2024,Uglies,https://letterboxd.com/film/uglies/,2026-05-25T12:16:44+00:00
movie_cc84a1adf6cb,840,A Family Affair (2024),A Family Affair (2024),2024,A Family Affair,https://letterboxd.com/film/a-family-affair-2024-1/,2026-05-25T12:16:44+00:00
movie_40edaca55dc6,841,Despicable Me 4 (2024),Despicable Me 4 (2024),2024,Despicable Me 4,https://letterboxd.com/film/despicable-me-4/,2026-05-25T12:16:44+00:00
movie_f45fd821d435,842,The Tearsmith (2024),The Tearsmith (2024),2024,The Tearsmith,https://letterboxd.com/film/the-tearsmith/,2026-05-25T12:16:44+00:00
movie_cb0720d2a806,843,One Day (2024),One Day (2024),2024,One Day,https://letterboxd.com/film/one-day-2024/,2026-05-25T12:16:44+00:00
movie_5c7e92181708,844,Aquaman and the Lost Kingdom (2023),Aquaman and the Lost Kingdom (2023),2023,Aquaman and the Lost Kingdom,https://letterboxd.com/film/aquaman-and-the-lost-kingdom/,2026-05-25T12:16:44+00:00
movie_e339857119b4,845,You Are So Not Invited to My Bat Mitzvah (2023),You Are So Not Invited to My Bat Mitzvah (2023),2023,You Are So Not Invited to My Bat Mitzvah,https://letterboxd.com/film/you-are-so-not-invited-to-my-bat-mitzvah/,2026-05-25T12:16:44+00:00
movie_8031e0d1700e,846,My Fault (2023),My Fault (2023),2023,My Fault,https://letterboxd.com/film/my-fault/,2026-05-25T12:16:44+00:00
movie_dc31cc8a9862,847,May December (2023),May December (2023),2023,May December,https://letterboxd.com/film/may-december/,2026-05-25T12:16:44+00:00
movie_f4046cff37a7,848,Queen Charlotte: A Bridgerton Story (2023),Queen Charlotte: A Bridgerton Story (2023),2023,Queen Charlotte: A Bridgerton Story,https://letterboxd.com/film/queen-charlotte-a-bridgerton-story/,2026-05-25T12:16:44+00:00
movie_bc27c85a1574,849,Murder Mystery 2 (2023),Murder Mystery 2 (2023),2023,Murder Mystery 2,https://letterboxd.com/film/murder-mystery-2/,2026-05-25T12:16:44+00:00
movie_522fcbbe91e9,850,The Pale Blue Eye (2022),The Pale Blue Eye (2022),2022,The Pale Blue Eye,https://letterboxd.com/film/the-pale-blue-eye/,2026-05-25T12:16:44+00:00
movie_9f6d811a3259,851,DAHMER - Monster: The Jeffrey Dahmer Story (2022),DAHMER - Monster: The Jeffrey Dahmer Story (2022),2022,DAHMER - Monster: The Jeffrey Dahmer Story,https://letterboxd.com/film/dahmer-monster-the-jeffrey-dahmer-story/,2026-05-25T12:16:44+00:00
movie_f6bd600de929,852,The Fabelmans (2022),The Fabelmans (2022),2022,The Fabelmans,https://letterboxd.com/film/the-fabelmans/,2026-05-25T12:16:44+00:00
movie_110c09d88160,853,Blonde (2022),Blonde (2022),2022,Blonde,https://letterboxd.com/film/blonde-2022/,2026-05-25T12:16:44+00:00
movie_d2e647cb0249,854,To All the Boys: Always and Forever (2021),To All the Boys: Always and Forever (2021),2021,To All the Boys: Always and Forever,https://letterboxd.com/film/to-all-the-boys-always-and-forever/,2026-05-25T12:16:44+00:00
movie_94505ea586e6,855,Malcolm & Marie (2021),Malcolm & Marie (2021),2021,Malcolm & Marie,https://letterboxd.com/film/malcolm-marie/,2026-05-25T12:16:44+00:00
movie_fb4f93c09b40,856,Euphoria: Trouble Don't Last Always (2020),Euphoria: Trouble Don't Last Always (2020),2020,Euphoria: Trouble Don't Last Always,https://letterboxd.com/film/euphoria-trouble-dont-last-always/,2026-05-25T12:16:44+00:00
movie_356aa05bc640,857,The Departed (2006),The Departed (2006),2006,The Departed,https://letterboxd.com/film/the-departed/,2026-05-25T12:17:30+00:00
movie_8f4fb0638a01,858,Jackie Brown (1997),Jackie Brown (1997),1997,Jackie Brown,https://letterboxd.com/film/jackie-brown/,2026-05-25T12:17:30+00:00
movie_8bca3d5ef563,859,Schindler's List (1993),Schindler's List (1993),1993,Schindler's List,https://letterboxd.com/film/schindlers-list/,2026-05-25T12:17:30+00:00
movie_57d93c7183e6,860,Reservoir Dogs (1992),Reservoir Dogs (1992),1992,Reservoir Dogs,https://letterboxd.com/film/reservoir-dogs/,2026-05-25T12:17:30+00:00
movie_979707c92d00,861,Grave of the Fireflies (1988),Grave of the Fireflies (1988),1988,Grave of the Fireflies,https://letterboxd.com/film/grave-of-the-fireflies/,2026-05-25T12:17:30+00:00
movie_2eed2e446542,862,"The Good, the Bad and the Ugly (1966)","The Good, the Bad and the Ugly (1966)",1966,"The Good, the Bad and the Ugly",https://letterboxd.com/film/the-good-the-bad-and-the-ugly/,2026-05-25T12:17:30+00:00
movie_538c88549c54,863,Fantastic Mr. Fox,Fantastic Mr. Fox,,Fantastic Mr. Fox,,2026-05-25T12:18:10+00:00
movie_0ec2df02b0b8,864,mid90s (2018),mid90s (2018),2018,mid90s,https://letterboxd.com/film/mid90s/,2026-05-25T12:18:18+00:00
movie_c50620e630e6,865,The Favourite (2018),The Favourite (2018),2018,The Favourite,https://letterboxd.com/film/the-favourite/,2026-05-25T12:18:18+00:00
movie_71e4b81f1993,866,mother! (2017),mother! (2017),2017,mother!,https://letterboxd.com/film/mother-2017/,2026-05-25T12:18:18+00:00
movie_942d6d07766d,867,Iron Man 3 (2013),Iron Man 3 (2013),2013,Iron Man 3,https://letterboxd.com/film/iron-man-3/,2026-05-25T12:18:18+00:00
movie_6c0876cd5355,868,Megamind (2010),Megamind (2010),2010,Megamind,https://letterboxd.com/film/megamind/,2026-05-25T12:18:18+00:00
movie_670c2b97871a,869,Despicable Me (2010),Despicable Me (2010),2010,Despicable Me,https://letterboxd.com/film/despicable-me/,2026-05-25T12:18:18+00:00
movie_fe78f18ef13a,870,Everything Everywhere All at Once,Everything Everywhere All at Once,,Everything Everywhere All at Once,,2026-05-25T12:18:59+00:00
movie_d72ddd32557e,871,The Silence of the Lambs,The Silence of the Lambs,,The Silence of the Lambs,,2026-05-25T12:19:10+00:00
movie_7a1bc8f8b3df,872,Twilight,Twilight,,Twilight,,2026-05-25T12:19:49+00:00
movie_b1da30174e41,873,Requiem for a Dream (2000),Requiem for a Dream (2000),2000,Requiem for a Dream,https://letterboxd.com/film/requiem-for-a-dream/,2026-05-25T12:19:57+00:00
movie_636df9d9604c,874,Toy Story (1995),Toy Story (1995),1995,Toy Story,https://letterboxd.com/film/toy-story/,2026-05-25T12:20:38+00:00
movie_9daf149aefea,875,Soul,Soul,,Soul,,2026-05-25T12:20:44+00:00
movie_bdfc2679fe83,876,Joker,Joker,,Joker,,2026-05-25T12:21:31+00:00
movie_851dc54662a2,877,No Country for Old Men,No Country for Old Men,,No Country for Old Men,,2026-05-25T12:22:09+00:00
movie_7dc68f4ad9a8,878,Pig (2021),Pig (2021),2021,Pig,https://letterboxd.com/film/pig-2021/,2026-05-25T12:22:18+00:00
movie_949255a19ce2,879,Sonic the Hedgehog (2020),Sonic the Hedgehog (2020),2020,Sonic the Hedgehog,https://letterboxd.com/film/sonic-the-hedgehog/,2026-05-25T12:22:18+00:00
movie_d7f045a4edc3,880,Godzilla: King of the Monsters (2019),Godzilla: King of the Monsters (2019),2019,Godzilla: King of the Monsters,https://letterboxd.com/film/godzilla-king-of-the-monsters-2019/,2026-05-25T12:22:18+00:00
movie_343394b80c16,881,Dangal (2016),Dangal (2016),2016,Dangal,https://letterboxd.com/film/dangal/,2026-05-25T12:22:18+00:00
movie_4b1589944e8c,882,A Silent Voice: The Movie (2016),A Silent Voice: The Movie (2016),2016,A Silent Voice: The Movie,https://letterboxd.com/film/a-silent-voice-the-movie/,2026-05-25T12:22:18+00:00
movie_28231bd20b3a,883,Train to Busan (2016),Train to Busan (2016),2016,Train to Busan,https://letterboxd.com/film/train-to-busan/,2026-05-25T12:22:18+00:00
movie_3ea62b6e9172,884,Kung Fu Panda 3 (2016),Kung Fu Panda 3 (2016),2016,Kung Fu Panda 3,https://letterboxd.com/film/kung-fu-panda-3/,2026-05-25T12:22:18+00:00
movie_c553fc42d715,885,Captain Fantastic (2016),Captain Fantastic (2016),2016,Captain Fantastic,https://letterboxd.com/film/captain-fantastic/,2026-05-25T12:22:18+00:00
movie_3635c31fbd8d,886,PK (2014),PK (2014),2014,PK,https://letterboxd.com/film/pk/,2026-05-25T12:22:18+00:00
movie_ec4fdea0cc9a,887,Fury (2014),Fury (2014),2014,Fury,https://letterboxd.com/film/fury-2014/,2026-05-25T12:22:18+00:00
movie_24c371b5dd39,888,Lucy (2014),Lucy (2014),2014,Lucy,https://letterboxd.com/film/lucy-2014/,2026-05-25T12:22:18+00:00
movie_c3a8008e2f99,889,Coherence (2013),Coherence (2013),2013,Coherence,https://letterboxd.com/film/coherence/,2026-05-25T12:22:18+00:00
movie_b010b51ec97a,890,Enemy (2013),Enemy (2013),2013,Enemy,https://letterboxd.com/film/enemy/,2026-05-25T12:22:18+00:00
movie_9e3a530c69ab,891,Rush (2013),Rush (2013),2013,Rush,https://letterboxd.com/film/rush-2013/,2026-05-25T12:22:18+00:00
movie_80629f20a0d5,892,World War Z (2013),World War Z (2013),2013,World War Z,https://letterboxd.com/film/world-war-z/,2026-05-25T12:22:18+00:00
movie_edf68f24d53e,893,The Dictator (2012),The Dictator (2012),2012,The Dictator,https://letterboxd.com/film/the-dictator-2012/,2026-05-25T12:22:18+00:00
movie_c30f39224ed3,894,Project X (2012),Project X (2012),2012,Project X,https://letterboxd.com/film/project-x-2012/,2026-05-25T12:22:18+00:00
movie_39aaf7819139,895,Ice Age (2002),Ice Age (2002),2002,Ice Age,https://letterboxd.com/film/ice-age/,2026-05-25T12:23:49+00:00
movie_dfcbe13763ab,896,Monsters University (2013),Monsters University (2013),2013,Monsters University,https://letterboxd.com/film/monsters-university/,2026-05-25T12:23:49+00:00
movie_aa86b340ce8e,897,The Secret Agent (2025),The Secret Agent (2025),2025,The Secret Agent,https://letterboxd.com/film/the-secret-agent-2025/,2026-05-25T12:25:33+00:00
movie_2dd6cb2d0c42,898,Karate Kid: Legends (2025),Karate Kid: Legends (2025),2025,Karate Kid: Legends,https://letterboxd.com/film/karate-kid-legends/,2026-05-25T12:25:33+00:00
movie_d0ced3ea68b6,899,Bad Boys: Ride or Die (2024),Bad Boys: Ride or Die (2024),2024,Bad Boys: Ride or Die,https://letterboxd.com/film/bad-boys-ride-or-die/,2026-05-25T12:25:33+00:00
movie_7932e59b7800,900,Feel the Beat (2020),Feel the Beat (2020),2020,Feel the Beat,https://letterboxd.com/film/feel-the-beat-2020/,2026-05-25T12:25:33+00:00
movie_f1c04c350618,901,The Father (2020),The Father (2020),2020,The Father,https://letterboxd.com/film/the-father-2020/,2026-05-25T12:25:33+00:00
movie_18f39a259b55,902,Bad Boys for Life (2020),Bad Boys for Life (2020),2020,Bad Boys for Life,https://letterboxd.com/film/bad-boys-for-life/,2026-05-25T12:25:33+00:00
movie_e8679bc05580,903,The Predator (2018),The Predator (2018),2018,The Predator,https://letterboxd.com/film/the-predator/,2026-05-25T12:25:33+00:00
movie_2b0abf94e0f3,904,Cars 3 (2017),Cars 3 (2017),2017,Cars 3,https://letterboxd.com/film/cars-3/,2026-05-25T12:25:33+00:00
movie_68e9ee4b82ac,905,The Fate of the Furious (2017),The Fate of the Furious (2017),2017,The Fate of the Furious,https://letterboxd.com/film/the-fate-of-the-furious/,2026-05-25T12:25:33+00:00
movie_2949bfa2f2ad,906,Teen Beach Movie (2013),Teen Beach Movie (2013),2013,Teen Beach Movie,https://letterboxd.com/film/teen-beach-movie/,2026-05-25T12:25:33+00:00
movie_0e3a13941595,907,The Hangover Part III (2013),The Hangover Part III (2013),2013,The Hangover Part III,https://letterboxd.com/film/the-hangover-part-iii/,2026-05-25T12:25:33+00:00
movie_865de52f7391,908,Fast & Furious 6 (2013),Fast & Furious 6 (2013),2013,Fast & Furious 6,https://letterboxd.com/film/fast-furious-6/,2026-05-25T12:25:33+00:00
movie_f0704bfd3b68,909,Silver Linings Playbook (2012),Silver Linings Playbook (2012),2012,Silver Linings Playbook,https://letterboxd.com/film/silver-linings-playbook/,2026-05-25T12:25:33+00:00
movie_d8b51d4886d6,910,Chainsaw Man (2022),Chainsaw Man (2022),2022,Chainsaw Man,https://letterboxd.com/film/chainsaw-man-2022/,2026-05-25T12:26:16+00:00
movie_7e0a41f82aa3,911,Doctor Sleep (2019),Doctor Sleep (2019),2019,Doctor Sleep,https://letterboxd.com/film/doctor-sleep/,2026-05-25T12:26:16+00:00
movie_714c9766ce23,912,Sweeney Todd: The Demon Barber of Fleet Street (2007),Sweeney Todd: The Demon Barber of Fleet Street (2007),2007,Sweeney Todd: The Demon Barber of Fleet Street,https://letterboxd.com/film/sweeney-todd-the-demon-barber-of-fleet-street-2007/,2026-05-25T12:26:16+00:00
movie_9bb6d32b4b35,913,Aladdin (2019),Aladdin (2019),2019,Aladdin,https://letterboxd.com/film/aladdin-2019/,2026-05-25T12:26:23+00:00
movie_1053b1f87079,914,How to Train Your Dragon: The Hidden World (2019),How to Train Your Dragon: The Hidden World (2019),2019,How to Train Your Dragon: The Hidden World,https://letterboxd.com/film/how-to-train-your-dragon-the-hidden-world/,2026-05-25T12:26:23+00:00
movie_041d944421c2,915,She's the Man (2006),She's the Man (2006),2006,She's the Man,https://letterboxd.com/film/shes-the-man/,2026-05-25T12:27:09+00:00
movie_61177378dec6,916,Donnie Darko,Donnie Darko,,Donnie Darko,,2026-05-25T12:27:56+00:00
movie_3f0d5096bcaa,917,Scarface (1983),Scarface (1983),1983,Scarface,https://letterboxd.com/film/scarface-1983/,2026-05-25T12:28:48+00:00
movie_e7f37f468f13,918,American Gangster (2007),American Gangster (2007),2007,American Gangster,https://letterboxd.com/film/american-gangster/,2026-05-25T12:28:48+00:00
movie_236a4f1040db,919,Wrath of Man (2021),Wrath of Man (2021),2021,Wrath of Man,https://letterboxd.com/film/wrath-of-man/,2026-05-25T12:28:56+00:00
movie_2c862630f9b2,920,The Equalizer 2 (2018),The Equalizer 2 (2018),2018,The Equalizer 2,https://letterboxd.com/film/the-equalizer-2/,2026-05-25T12:28:56+00:00
movie_0b44ad5ce9f7,921,Legend (2015),Legend (2015),2015,Legend,https://letterboxd.com/film/legend-2015/,2026-05-25T12:28:56+00:00
movie_48cac1163e2b,922,The Equalizer (2014),The Equalizer (2014),2014,The Equalizer,https://letterboxd.com/film/the-equalizer/,2026-05-25T12:28:56+00:00
movie_1c246c650329,923,Blended (2014),Blended (2014),2014,Blended,https://letterboxd.com/film/blended/,2026-05-25T12:28:56+00:00
movie_165ff3eb547f,924,Grown Ups 2 (2013),Grown Ups 2 (2013),2013,Grown Ups 2,https://letterboxd.com/film/grown-ups-2/,2026-05-25T12:28:56+00:00
movie_449a269a2059,925,Zero Dark Thirty (2012),Zero Dark Thirty (2012),2012,Zero Dark Thirty,https://letterboxd.com/film/zero-dark-thirty/,2026-05-25T12:28:56+00:00
movie_4227689fc41b,926,Flight (2012),Flight (2012),2012,Flight,https://letterboxd.com/film/flight/,2026-05-25T12:28:56+00:00
movie_ec17d885c14b,927,Warrior (2011),Warrior (2011),2011,Warrior,https://letterboxd.com/film/warrior/,2026-05-25T12:28:56+00:00
movie_a30a502eb31b,928,Limitless (2011),Limitless (2011),2011,Limitless,https://letterboxd.com/film/limitless/,2026-05-25T12:28:56+00:00
movie_1c16e50885f0,929,Just Go with It (2011),Just Go with It (2011),2011,Just Go with It,https://letterboxd.com/film/just-go-with-it/,2026-05-25T12:28:56+00:00
movie_f40fa45c8cb5,930,Margin Call (2011),Margin Call (2011),2011,Margin Call,https://letterboxd.com/film/margin-call/,2026-05-25T12:28:56+00:00
movie_5424a8fbe783,931,The Expendables (2010),The Expendables (2010),2010,The Expendables,https://letterboxd.com/film/the-expendables/,2026-05-25T12:28:56+00:00
movie_d59da58cd7cf,932,Grown Ups (2010),Grown Ups (2010),2010,Grown Ups,https://letterboxd.com/film/grown-ups/,2026-05-25T12:28:56+00:00
movie_8eb7f9369bc6,933,The Book of Eli (2010),The Book of Eli (2010),2010,The Book of Eli,https://letterboxd.com/film/the-book-of-eli/,2026-05-25T12:28:56+00:00
movie_687c037bda88,934,Gran Torino (2008),Gran Torino (2008),2008,Gran Torino,https://letterboxd.com/film/gran-torino/,2026-05-25T12:28:56+00:00
movie_0f4fe28318b9,935,Step Brothers (2008),Step Brothers (2008),2008,Step Brothers,https://letterboxd.com/film/step-brothers/,2026-05-25T12:28:56+00:00
movie_99ee0cd19401,936,Django Unchained,Django Unchained,,Django Unchained,,2026-05-25T12:29:07+00:00
movie_86ca441d38e9,937,Nouvelle Vague (2025),Nouvelle Vague (2025),2025,Nouvelle Vague,https://letterboxd.com/film/nouvelle-vague-2025/,2026-05-25T12:29:52+00:00
movie_19d3bfe2592f,938,Fallen Leaves (2023),Fallen Leaves (2023),2023,Fallen Leaves,https://letterboxd.com/film/fallen-leaves-2023/,2026-05-25T12:29:52+00:00
movie_735974794abc,939,"The French Dispatch of the Liberty, Kansas Evening Sun (2021)","The French Dispatch of the Liberty, Kansas Evening Sun (2021)",2021,"The French Dispatch of the Liberty, Kansas Evening Sun",https://letterboxd.com/film/the-french-dispatch-of-the-liberty-kansas/,2026-05-25T12:29:52+00:00
movie_049a55b84f40,940,My Octopus Teacher (2020),My Octopus Teacher (2020),2020,My Octopus Teacher,https://letterboxd.com/film/my-octopus-teacher/,2026-05-25T12:29:52+00:00
movie_a0db33729190,941,The Farewell (2019),The Farewell (2019),2019,The Farewell,https://letterboxd.com/film/the-farewell-2019/,2026-05-25T12:29:52+00:00
movie_c377ffc41770,942,Under the Silver Lake (2018),Under the Silver Lake (2018),2018,Under the Silver Lake,https://letterboxd.com/film/under-the-silver-lake/,2026-05-25T12:29:52+00:00
movie_f6a47931478f,943,Murder on the Orient Express (2017),Murder on the Orient Express (2017),2017,Murder on the Orient Express,https://letterboxd.com/film/murder-on-the-orient-express-2017/,2026-05-25T12:29:52+00:00
movie_6041cfd2e1e9,944,The Death of Stalin (2017),The Death of Stalin (2017),2017,The Death of Stalin,https://letterboxd.com/film/the-death-of-stalin/,2026-05-25T12:29:52+00:00
movie_cf5b22cc959d,945,The Wailing (2016),The Wailing (2016),2016,The Wailing,https://letterboxd.com/film/the-wailing/,2026-05-25T12:29:52+00:00
movie_26b1592a0af9,946,The Jungle Book (2016),The Jungle Book (2016),2016,The Jungle Book,https://letterboxd.com/film/the-jungle-book-2016/,2026-05-25T12:29:52+00:00
movie_981f9a957381,947,Tangerine (2015),Tangerine (2015),2015,Tangerine,https://letterboxd.com/film/tangerine/,2026-05-25T12:29:52+00:00
movie_a272617d908b,948,Ex Machina (2015),Ex Machina (2015),2015,Ex Machina,https://letterboxd.com/film/ex-machina-2015/,2026-05-25T12:29:52+00:00
movie_31aa3d218ee2,949,Into the Woods (2014),Into the Woods (2014),2014,Into the Woods,https://letterboxd.com/film/into-the-woods-2014/,2026-05-25T12:29:52+00:00
movie_eaf6ed863184,950,When Marnie Was There (2014),When Marnie Was There (2014),2014,When Marnie Was There,https://letterboxd.com/film/when-marnie-was-there/,2026-05-25T12:29:52+00:00
movie_37b448164c81,951,Dallas Buyers Club (2013),Dallas Buyers Club (2013),2013,Dallas Buyers Club,https://letterboxd.com/film/dallas-buyers-club/,2026-05-25T12:29:52+00:00
movie_4bec670fd71d,952,12 Years a Slave (2013),12 Years a Slave (2013),2013,12 Years a Slave,https://letterboxd.com/film/12-years-a-slave/,2026-05-25T12:29:52+00:00
movie_5e5dbc5e8f09,953,Kill Bill: Vol. 1,Kill Bill: Vol. 1,,Kill Bill: Vol. 1,,2026-05-25T12:30:32+00:00
movie_a6befde5561d,954,The Prestige,The Prestige,,The Prestige,,2026-05-25T12:31:22+00:00
movie_2101ed42327e,955,Bring Her Back (2025),Bring Her Back (2025),2025,Bring Her Back,https://letterboxd.com/film/bring-her-back/,2026-05-25T12:31:30+00:00
movie_dbf81ef5d876,956,HAIKYU!! The Dumpster Battle (2024),HAIKYU!! The Dumpster Battle (2024),2024,HAIKYU!! The Dumpster Battle,https://letterboxd.com/film/haikyu-the-dumpster-battle/,2026-05-25T12:31:30+00:00
movie_7af56f5c77b2,957,Chronicle (2012),Chronicle (2012),2012,Chronicle,https://letterboxd.com/film/chronicle/,2026-05-25T12:31:30+00:00
movie_08c00006a10d,958,Saving Private Ryan (1998),Saving Private Ryan (1998),1998,Saving Private Ryan,https://letterboxd.com/film/saving-private-ryan/,2026-05-25T12:31:30+00:00
movie_ae091ed8e609,959,Mulan (1998),Mulan (1998),1998,Mulan,https://letterboxd.com/film/mulan/,2026-05-25T12:31:30+00:00
movie_c43a9cdadd43,960,The Lion King (1994),The Lion King (1994),1994,The Lion King,https://letterboxd.com/film/the-lion-king/,2026-05-25T12:31:30+00:00
movie_87ab06c5b420,961,Psycho (1960),Psycho (1960),1960,Psycho,https://letterboxd.com/film/psycho/,2026-05-25T12:32:14+00:00
movie_00645148ec0f,962,Nirvanna the Band the Show the Movie (2025),Nirvanna the Band the Show the Movie (2025),2025,Nirvanna the Band the Show the Movie,https://letterboxd.com/film/nirvanna-the-band-the-show-the-movie/,2026-05-25T12:32:22+00:00
movie_2fb292fbea4b,963,"It's Never Over, Jeff Buckley (2025)","It's Never Over, Jeff Buckley (2025)",2025,"It's Never Over, Jeff Buckley",https://letterboxd.com/film/its-never-over-jeff-buckley/,2026-05-25T12:32:22+00:00
movie_ad08872d0d62,964,Evil Does Not Exist (2023),Evil Does Not Exist (2023),2023,Evil Does Not Exist,https://letterboxd.com/film/evil-does-not-exist/,2026-05-25T12:32:22+00:00
movie_bf5c742ba647,965,Licorice Pizza (2021),Licorice Pizza (2021),2021,Licorice Pizza,https://letterboxd.com/film/licorice-pizza/,2026-05-25T12:32:22+00:00
movie_29bb32345f4a,966,Spencer (2021),Spencer (2021),2021,Spencer,https://letterboxd.com/film/spencer-2021/,2026-05-25T12:32:22+00:00
movie_f853e1a29c57,967,The House That Jack Built (2018),The House That Jack Built (2018),2018,The House That Jack Built,https://letterboxd.com/film/the-house-that-jack-built-2018/,2026-05-25T12:32:22+00:00
movie_d06c76a99cca,968,Good Time (2017),Good Time (2017),2017,Good Time,https://letterboxd.com/film/good-time/,2026-05-25T12:32:22+00:00
movie_42636035853d,969,The Handmaiden (2016),The Handmaiden (2016),2016,The Handmaiden,https://letterboxd.com/film/the-handmaiden/,2026-05-25T12:32:22+00:00
movie_4742e0b3f496,970,Inherent Vice (2014),Inherent Vice (2014),2014,Inherent Vice,https://letterboxd.com/film/inherent-vice/,2026-05-25T12:32:22+00:00
movie_a16ff576d7e5,971,The Tale of The Princess Kaguya (2013),The Tale of The Princess Kaguya (2013),2013,The Tale of The Princess Kaguya,https://letterboxd.com/film/the-tale-of-the-princess-kaguya/,2026-05-25T12:32:22+00:00
movie_dd4d09343b5f,972,Helter Skelter (2012),Helter Skelter (2012),2012,Helter Skelter,https://letterboxd.com/film/helter-skelter-2012/,2026-05-25T12:32:22+00:00
movie_fd1620cee522,973,Apocalypto (2006),Apocalypto (2006),2006,Apocalypto,https://letterboxd.com/film/apocalypto/,2026-05-25T12:34:01+00:00
movie_e2ba723012db,974,Shaun of the Dead (2004),Shaun of the Dead (2004),2004,Shaun of the Dead,https://letterboxd.com/film/shaun-of-the-dead/,2026-05-25T12:34:01+00:00
movie_4a3384027582,975,Elf (2003),Elf (2003),2003,Elf,https://letterboxd.com/film/elf/,2026-05-25T12:34:01+00:00
movie_e7fe8424c4f2,976,School of Rock (2003),School of Rock (2003),2003,School of Rock,https://letterboxd.com/film/school-of-rock/,2026-05-25T12:34:01+00:00
movie_a51795da9e29,977,Apollo 13 (1995),Apollo 13 (1995),1995,Apollo 13,https://letterboxd.com/film/apollo-13/,2026-05-25T12:34:01+00:00
movie_96a7e0c9b228,978,Back to the Future Part II (1989),Back to the Future Part II (1989),1989,Back to the Future Part II,https://letterboxd.com/film/back-to-the-future-part-ii/,2026-05-25T12:34:01+00:00
movie_d7b975d70372,979,Die Hard (1988),Die Hard (1988),1988,Die Hard,https://letterboxd.com/film/die-hard/,2026-05-25T12:34:01+00:00
movie_d34420a54e2a,980,Return of the Jedi (1983),Return of the Jedi (1983),1983,Return of the Jedi,https://letterboxd.com/film/return-of-the-jedi/,2026-05-25T12:34:01+00:00
movie_778ab2966baf,981,Raiders of the Lost Ark (1981),Raiders of the Lost Ark (1981),1981,Raiders of the Lost Ark,https://letterboxd.com/film/raiders-of-the-lost-ark/,2026-05-25T12:34:01+00:00
movie_ffd2117805e3,982,Grease (1978),Grease (1978),1978,Grease,https://letterboxd.com/film/grease/,2026-05-25T12:34:01+00:00
movie_36ae6bea8d32,983,Dead Poets Society,Dead Poets Society,,Dead Poets Society,,2026-05-25T12:34:32+00:00
movie_603845bbd130,984,Deadpool & Wolverine,Deadpool & Wolverine,,Deadpool & Wolverine,,2026-05-25T12:35:05+00:00
movie_dffb20e340bc,985,You've Got Mail (1998),You've Got Mail (1998),1998,You've Got Mail,https://letterboxd.com/film/youve-got-mail/,2026-05-25T12:35:05+00:00
movie_bc167552d687,986,Before Sunrise (1995),Before Sunrise (1995),1995,Before Sunrise,https://letterboxd.com/film/before-sunrise/,2026-05-25T12:35:05+00:00
movie_011d3ae758bd,987,Rocky IV (1985),Rocky IV (1985),1985,Rocky IV,https://letterboxd.com/film/rocky-iv/,2026-05-25T12:35:42+00:00
movie_b07691f17353,988,Rocky II (1979),Rocky II (1979),1979,Rocky II,https://letterboxd.com/film/rocky-ii/,2026-05-25T12:35:42+00:00
movie_068a03a62841,989,Even If This Love Disappears Tonight (2025),Even If This Love Disappears Tonight (2025),2025,Even If This Love Disappears Tonight,https://letterboxd.com/film/even-if-this-love-disappears-tonight/,2026-05-25T12:35:48+00:00
movie_adff5a848506,990,Rental Family (2025),Rental Family (2025),2025,Rental Family,https://letterboxd.com/film/rental-family-2025/,2026-05-25T12:35:48+00:00
movie_83a251a9b860,991,When Life Gives You Tangerines (2025),When Life Gives You Tangerines (2025),2025,When Life Gives You Tangerines,https://letterboxd.com/film/when-life-gives-you-tangerines-2025/,2026-05-25T12:35:48+00:00
movie_8ed41ada3c08,992,Drawing Closer (2024),Drawing Closer (2024),2024,Drawing Closer,https://letterboxd.com/film/drawing-closer/,2026-05-25T12:35:48+00:00
movie_de47ab32a47b,993,Lovely Runner (2024),Lovely Runner (2024),2024,Lovely Runner,https://letterboxd.com/film/lovely-runner/,2026-05-25T12:35:48+00:00
movie_72a73a0f23c6,994,Queen of Tears (2024),Queen of Tears (2024),2024,Queen of Tears,https://letterboxd.com/film/queen-of-tears-2024/,2026-05-25T12:35:48+00:00
movie_079585c0d30a,995,18x2 Beyond Youthful Days (2024),18x2 Beyond Youthful Days (2024),2024,18x2 Beyond Youthful Days,https://letterboxd.com/film/18x2-beyond-youthful-days/,2026-05-25T12:35:48+00:00
movie_dbf5dea4a045,996,20th Century Girl (2022),20th Century Girl (2022),2022,20th Century Girl,https://letterboxd.com/film/20th-century-girl/,2026-05-25T12:35:48+00:00
movie_073686cac8fa,997,Twenty Five Twenty One (2022),Twenty Five Twenty One (2022),2022,Twenty Five Twenty One,https://letterboxd.com/film/twenty-five-twenty-one/,2026-05-25T12:35:48+00:00
movie_183ad2d792b8,998,Demon Slayer -Kimetsu no Yaiba- The Movie: Mugen Train (2020),Demon Slayer -Kimetsu no Yaiba- The Movie: Mugen Train (2020),2020,Demon Slayer -Kimetsu no Yaiba- The Movie: Mugen Train,https://letterboxd.com/film/demon-slayer-kimetsu-no-yaiba-the-movie-mugen/,2026-05-25T12:35:48+00:00
movie_a649149f6e62,999,It's Okay to Not Be Okay (2020),It's Okay to Not Be Okay (2020),2020,It's Okay to Not Be Okay,https://letterboxd.com/film/its-okay-to-not-be-okay/,2026-05-25T12:35:49+00:00
movie_ade5addd47a8,1000,Weathering with You (2019),Weathering with You (2019),2019,Weathering with You,https://letterboxd.com/film/weathering-with-you/,2026-05-25T12:35:49+00:00
movie_82ad8f35e647,1001,Mad Max: Fury Road,Mad Max: Fury Road,,Mad Max: Fury Road,,2026-05-25T12:36:30+00:00
movie_46d3c58e306b,1002,Challengers,Challengers,,Challengers,,2026-05-25T12:36:30+00:00
movie_9a24baf3aeb9,1003,One Battle After Another,One Battle After Another,,One Battle After Another,,2026-05-25T12:36:38+00:00
movie_0269c79c69d1,1004,Ballerina (2025),Ballerina (2025),2025,Ballerina,https://letterboxd.com/film/ballerina-2025/,2026-05-25T12:36:38+00:00
movie_57e7cc402ee8,1005,The Social Dilemma (2020),The Social Dilemma (2020),2020,The Social Dilemma,https://letterboxd.com/film/the-social-dilemma/,2026-05-25T12:36:38+00:00
movie_6a1162b7f208,1006,Love & Other Drugs (2010),Love & Other Drugs (2010),2010,Love & Other Drugs,https://letterboxd.com/film/love-other-drugs/,2026-05-25T12:36:38+00:00
movie_32ef9ca1ea7f,1007,Blue Valentine (2010),Blue Valentine (2010),2010,Blue Valentine,https://letterboxd.com/film/blue-valentine/,2026-05-25T12:36:38+00:00
movie_bc7845e0ff98,1008,The Incredible Hulk (2008),The Incredible Hulk (2008),2008,The Incredible Hulk,https://letterboxd.com/film/the-incredible-hulk/,2026-05-25T12:36:38+00:00
movie_b670c4239501,1009,Portrait of a Lady on Fire,Portrait of a Lady on Fire,,Portrait of a Lady on Fire,,2026-05-25T12:36:42+00:00
movie_259f8d2926f4,1010,Iron Man 3,Iron Man 3,,Iron Man 3,,2026-05-25T12:37:09+00:00
movie_4c8aad81e61c,1011,The Stranger (2025),The Stranger (2025),2025,The Stranger,https://letterboxd.com/film/the-stranger-2025-1/,2026-05-25T12:38:26+00:00
movie_7e4fc36c2aa3,1012,Attack on Titan: THE LAST ATTACK (2024),Attack on Titan: THE LAST ATTACK (2024),2024,Attack on Titan: THE LAST ATTACK,https://letterboxd.com/film/attack-on-titan-the-last-attack/,2026-05-25T12:38:26+00:00
movie_a3f7d19c4401,1013,Attack on Titan The Final Chapters: Special 2 (2023),Attack on Titan The Final Chapters: Special 2 (2023),2023,Attack on Titan The Final Chapters: Special 2,https://letterboxd.com/film/attack-on-titan-the-final-chapters-special-2/,2026-05-25T12:38:26+00:00
movie_13d813b9a1d4,1014,Vinland Saga (2019),Vinland Saga (2019),2019,Vinland Saga,https://letterboxd.com/film/vinland-saga/,2026-05-25T12:38:26+00:00
movie_59fb7f2d4c9b,1015,Chainsaw Man – The Movie: Reze Arc,Chainsaw Man – The Movie: Reze Arc,,Chainsaw Man – The Movie: Reze Arc,,2026-05-25T12:39:02+00:00
movie_03dddf8fd1fe,1016,Legally Blonde (2001),Legally Blonde (2001),2001,Legally Blonde,https://letterboxd.com/film/legally-blonde/,2026-05-25T12:39:09+00:00
movie_4b1e49a34094,1017,La La Land,La La Land,,La La Land,,2026-05-25T12:39:59+00:00
movie_1b1fc2ea0f65,1018,Beau Is Afraid (2023),Beau Is Afraid (2023),2023,Beau Is Afraid,https://letterboxd.com/film/beau-is-afraid/,2026-05-25T12:40:06+00:00
movie_b1205b7c37a8,1019,Dear Evan Hansen (2021),Dear Evan Hansen (2021),2021,Dear Evan Hansen,https://letterboxd.com/film/dear-evan-hansen/,2026-05-25T12:40:06+00:00
movie_4d94ce948592,1020,Crazy Rich Asians (2018),Crazy Rich Asians (2018),2018,Crazy Rich Asians,https://letterboxd.com/film/crazy-rich-asians/,2026-05-25T12:40:06+00:00
movie_952262c78760,1021,Vacation (2015),Vacation (2015),2015,Vacation,https://letterboxd.com/film/vacation-2015/,2026-05-25T12:40:06+00:00
movie_87c955b58d75,1022,We're the Millers (2013),We're the Millers (2013),2013,We're the Millers,https://letterboxd.com/film/were-the-millers/,2026-05-25T12:40:06+00:00
movie_f05478548756,1023,Wild Child (2008),Wild Child (2008),2008,Wild Child,https://letterboxd.com/film/wild-child/,2026-05-25T12:40:06+00:00
movie_f3b1f479638d,1024,Disturbia (2007),Disturbia (2007),2007,Disturbia,https://letterboxd.com/film/disturbia/,2026-05-25T12:40:06+00:00
movie_aa7e47db643b,1025,A Cinderella Story (2004),A Cinderella Story (2004),2004,A Cinderella Story,https://letterboxd.com/film/a-cinderella-story/,2026-05-25T12:40:06+00:00
movie_ee43e2f85c9e,1026,Freaky Friday (2003),Freaky Friday (2003),2003,Freaky Friday,https://letterboxd.com/film/freaky-friday-2003/,2026-05-25T12:40:06+00:00
movie_671d1f724029,1027,Clueless (1995),Clueless (1995),1995,Clueless,https://letterboxd.com/film/clueless/,2026-05-25T12:40:06+00:00
movie_d6c0525e00b5,1028,The Conjuring: Last Rites,The Conjuring: Last Rites,,The Conjuring: Last Rites,,2026-05-25T12:40:56+00:00
movie_efae93e70beb,1029,Dhurandhar The Revenge,Dhurandhar The Revenge,,Dhurandhar The Revenge,,2026-05-25T12:41:05+00:00
movie_b0d230d2ffdb,1030,Dhurandhar The Revenge (2026),Dhurandhar The Revenge (2026),2026,Dhurandhar The Revenge,https://letterboxd.com/film/dhurandhar-the-revenge/,2026-05-25T12:41:05+00:00
movie_1d9d186e7275,1031,Dhurandhar (2025),Dhurandhar (2025),2025,Dhurandhar,https://letterboxd.com/film/dhurandhar/,2026-05-25T12:41:05+00:00
movie_c088c503b130,1032,The Conjuring: The Devil Made Me Do It (2021),The Conjuring: The Devil Made Me Do It (2021),2021,The Conjuring: The Devil Made Me Do It,https://letterboxd.com/film/the-conjuring-the-devil-made-me-do-it/,2026-05-25T12:41:05+00:00
movie_f827e627ecd3,1033,Pirates of the Caribbean: Dead Men Tell No Tales (2017),Pirates of the Caribbean: Dead Men Tell No Tales (2017),2017,Pirates of the Caribbean: Dead Men Tell No Tales,https://letterboxd.com/film/pirates-of-the-caribbean-dead-men-tell-no-tales/,2026-05-25T12:41:05+00:00
movie_a8d5f17a7411,1034,The Conjuring 2 (2016),The Conjuring 2 (2016),2016,The Conjuring 2,https://letterboxd.com/film/the-conjuring-2/,2026-05-25T12:41:05+00:00
movie_937964cf887f,1035,Pirates of the Caribbean: On Stranger Tides (2011),Pirates of the Caribbean: On Stranger Tides (2011),2011,Pirates of the Caribbean: On Stranger Tides,https://letterboxd.com/film/pirates-of-the-caribbean-on-stranger-tides/,2026-05-25T12:41:05+00:00
movie_55946ad349d9,1036,Pirates of the Caribbean: At World's End (2007),Pirates of the Caribbean: At World's End (2007),2007,Pirates of the Caribbean: At World's End,https://letterboxd.com/film/pirates-of-the-caribbean-at-worlds-end/,2026-05-25T12:41:05+00:00
movie_74b8b7207814,1037,Pirates of the Caribbean: Dead Man's Chest (2006),Pirates of the Caribbean: Dead Man's Chest (2006),2006,Pirates of the Caribbean: Dead Man's Chest,https://letterboxd.com/film/pirates-of-the-caribbean-dead-mans-chest/,2026-05-25T12:41:05+00:00
movie_5ba097513b26,1038,The Mask (1994),The Mask (1994),1994,The Mask,https://letterboxd.com/film/the-mask-1994/,2026-05-25T12:41:50+00:00
movie_2b07203f9759,1039,Passenger,Passenger,,Passenger,,2026-05-25T12:41:58+00:00
movie_1f1df105602a,1040,Passenger (2026),Passenger (2026),2026,Passenger,https://letterboxd.com/film/passenger-2026/,2026-05-25T12:41:58+00:00
movie_2d09342bd9a8,1041,Swapped (2026),Swapped (2026),2026,Swapped,https://letterboxd.com/film/swapped-2026/,2026-05-25T12:41:58+00:00
movie_13f8092d7673,1042,Lee Cronin's The Mummy (2026),Lee Cronin's The Mummy (2026),2026,Lee Cronin's The Mummy,https://letterboxd.com/film/lee-cronins-the-mummy/,2026-05-25T12:41:58+00:00
movie_920f07b4ba4b,1043,American Psycho,American Psycho,,American Psycho,,2026-05-25T12:42:21+00:00
movie_8b0d069f80c6,1044,My Neighbor Totoro,My Neighbor Totoro,,My Neighbor Totoro,,2026-05-25T12:42:44+00:00
movie_ca532ed7f194,1045,The Fantastic 4: First Steps,The Fantastic 4: First Steps,,The Fantastic 4: First Steps,,2026-05-25T12:42:51+00:00
movie_36d117d56aac,1046,The Woman King (2022),The Woman King (2022),2022,The Woman King,https://letterboxd.com/film/the-woman-king/,2026-05-25T12:42:51+00:00
movie_fe4d11645f2e,1047,Waves (2019),Waves (2019),2019,Waves,https://letterboxd.com/film/waves-2019/,2026-05-25T12:42:51+00:00
movie_530e0d283d48,1048,At Eternity's Gate (2018),At Eternity's Gate (2018),2018,At Eternity's Gate,https://letterboxd.com/film/at-eternitys-gate/,2026-05-25T12:42:51+00:00
movie_9940c7872a1a,1049,Jurassic World: Fallen Kingdom (2018),Jurassic World: Fallen Kingdom (2018),2018,Jurassic World: Fallen Kingdom,https://letterboxd.com/film/jurassic-world-fallen-kingdom/,2026-05-25T12:42:51+00:00
movie_aec698dda8e0,1050,Wonder Woman (2017),Wonder Woman (2017),2017,Wonder Woman,https://letterboxd.com/film/wonder-woman-2017/,2026-05-25T12:42:51+00:00
movie_8b3b25ded35d,1051,Night at the Museum: Secret of the Tomb (2014),Night at the Museum: Secret of the Tomb (2014),2014,Night at the Museum: Secret of the Tomb,https://letterboxd.com/film/night-at-the-museum-secret-of-the-tomb/,2026-05-25T12:42:51+00:00
movie_47f27ebc87c2,1052,Edward Scissorhands,Edward Scissorhands,,Edward Scissorhands,,2026-05-25T12:42:55+00:00
movie_019bdb955049,1053,Isle of Dogs,Isle of Dogs,,Isle of Dogs,,2026-05-25T12:43:22+00:00
movie_28584780b328,1054,Hustle (2022),Hustle (2022),2022,Hustle,https://letterboxd.com/film/hustle-2022/,2026-05-25T12:43:50+00:00
movie_0716ec63fc04,1055,King Richard (2021),King Richard (2021),2021,King Richard,https://letterboxd.com/film/king-richard/,2026-05-25T12:43:50+00:00
movie_9ef71686e38a,1056,Space Jam: A New Legacy (2021),Space Jam: A New Legacy (2021),2021,Space Jam: A New Legacy,https://letterboxd.com/film/space-jam-a-new-legacy/,2026-05-25T12:43:50+00:00
movie_216185972f87,1057,Spies in Disguise (2019),Spies in Disguise (2019),2019,Spies in Disguise,https://letterboxd.com/film/spies-in-disguise/,2026-05-25T12:43:50+00:00
movie_d2621a199bae,1058,El Camino: A Breaking Bad Movie (2019),El Camino: A Breaking Bad Movie (2019),2019,El Camino: A Breaking Bad Movie,https://letterboxd.com/film/el-camino-a-breaking-bad-movie/,2026-05-25T12:43:50+00:00
movie_ffc58842fd43,1059,Murder Mystery (2019),Murder Mystery (2019),2019,Murder Mystery,https://letterboxd.com/film/murder-mystery/,2026-05-25T12:43:50+00:00
movie_b4d734ed0bc6,1060,Hotel Transylvania 3: Summer Vacation (2018),Hotel Transylvania 3: Summer Vacation (2018),2018,Hotel Transylvania 3: Summer Vacation,https://letterboxd.com/film/hotel-transylvania-3-summer-vacation/,2026-05-25T12:43:50+00:00
movie_dfe287093c8b,1061,Hotel Transylvania 2 (2015),Hotel Transylvania 2 (2015),2015,Hotel Transylvania 2,https://letterboxd.com/film/hotel-transylvania-2/,2026-05-25T12:43:50+00:00
movie_635152a2d378,1062,Pixels (2015),Pixels (2015),2015,Pixels,https://letterboxd.com/film/pixels-2015/,2026-05-25T12:43:50+00:00
movie_e519ceebd7cd,1063,Hotel Transylvania (2012),Hotel Transylvania (2012),2012,Hotel Transylvania,https://letterboxd.com/film/hotel-transylvania/,2026-05-25T12:43:50+00:00
movie_3444ee406264,1064,Mission: Impossible – Fallout (2018),Mission: Impossible – Fallout (2018),2018,Mission: Impossible – Fallout,https://letterboxd.com/film/mission-impossible-fallout/,2026-05-25T12:44:39+00:00
movie_3537d179c948,1065,Whiplash,Whiplash,,Whiplash,,2026-05-25T12:45:16+00:00
movie_f89a45856f4f,1066,Tetris (2023),Tetris (2023),2023,Tetris,https://letterboxd.com/film/tetris/,2026-05-25T12:45:24+00:00
movie_2d22a622bf0c,1067,The Intern (2015),The Intern (2015),2015,The Intern,https://letterboxd.com/film/the-intern-2015/,2026-05-25T12:45:24+00:00
movie_a81e1b518bc8,1068,Ted 2 (2015),Ted 2 (2015),2015,Ted 2,https://letterboxd.com/film/ted-2/,2026-05-25T12:45:24+00:00
movie_90aefc05ebc1,1069,Predestination (2014),Predestination (2014),2014,Predestination,https://letterboxd.com/film/predestination/,2026-05-25T12:45:24+00:00
movie_13562630dfab,1070,Man of Steel (2013),Man of Steel (2013),2013,Man of Steel,https://letterboxd.com/film/man-of-steel/,2026-05-25T12:45:24+00:00
movie_97919683c4e1,1071,Ted (2012),Ted (2012),2012,Ted,https://letterboxd.com/film/ted/,2026-05-25T12:45:24+00:00
movie_7a976b55499a,1072,The 40 Year Old Virgin (2005),The 40 Year Old Virgin (2005),2005,The 40 Year Old Virgin,https://letterboxd.com/film/the-40-year-old-virgin/,2026-05-25T12:45:24+00:00
movie_472498a91e6b,1073,Coach Carter (2005),Coach Carter (2005),2005,Coach Carter,https://letterboxd.com/film/coach-carter/,2026-05-25T12:45:24+00:00
movie_3ffea3152b8f,1074,Collateral (2004),Collateral (2004),2004,Collateral,https://letterboxd.com/film/collateral/,2026-05-25T12:45:24+00:00
movie_1af9e12a9412,1075,The Terminal (2004),The Terminal (2004),2004,The Terminal,https://letterboxd.com/film/the-terminal/,2026-05-25T12:45:24+00:00
movie_a351118873be,1076,Snatch (2000),Snatch (2000),2000,Snatch,https://letterboxd.com/film/snatch/,2026-05-25T12:45:24+00:00
movie_fc29dc4b3388,1077,The Big Lebowski (1998),The Big Lebowski (1998),1998,The Big Lebowski,https://letterboxd.com/film/the-big-lebowski/,2026-05-25T12:45:24+00:00
movie_23968cdc157f,1078,The Devil's Advocate (1997),The Devil's Advocate (1997),1997,The Devil's Advocate,https://letterboxd.com/film/the-devils-advocate/,2026-05-25T12:45:24+00:00
movie_1e8f5f473251,1079,Oldboy,Oldboy,,Oldboy,,2026-05-25T12:45:51+00:00
movie_66572a0a982a,1080,Parasite,Parasite,,Parasite,,2026-05-25T12:46:16+00:00
movie_83584b231bea,1081,Incantation (2022),Incantation (2022),2022,Incantation,https://letterboxd.com/film/incantation-2022/,2026-05-25T12:46:24+00:00
movie_e362007d2a8f,1082,Carol (2015),Carol (2015),2015,Carol,https://letterboxd.com/film/carol-2015/,2026-05-25T12:46:24+00:00
movie_234ddfeb13db,1083,We Need to Talk About Kevin (2011),We Need to Talk About Kevin (2011),2011,We Need to Talk About Kevin,https://letterboxd.com/film/we-need-to-talk-about-kevin/,2026-05-25T12:46:24+00:00
movie_aa32429d7e32,1084,Mean Girls 2 (2011),Mean Girls 2 (2011),2011,Mean Girls 2,https://letterboxd.com/film/mean-girls-2/,2026-05-25T12:46:24+00:00
movie_b008fa4a2fe9,1085,Aquamarine (2006),Aquamarine (2006),2006,Aquamarine,https://letterboxd.com/film/aquamarine/,2026-05-25T12:46:24+00:00
movie_488e389f794d,1086,The Parent Trap (1998),The Parent Trap (1998),1998,The Parent Trap,https://letterboxd.com/film/the-parent-trap-1998/,2026-05-25T12:46:24+00:00
movie_2b7267874669,1087,Green Book,Green Book,,Green Book,,2026-05-25T12:47:14+00:00
movie_3f40a83daf3b,1088,The Mastermind (2025),The Mastermind (2025),2025,The Mastermind,https://letterboxd.com/film/the-mastermind-2025/,2026-05-25T12:47:22+00:00
movie_52d482e0fc8e,1089,Little Amélie or the Character of Rain (2025),Little Amélie or the Character of Rain (2025),2025,Little Amélie or the Character of Rain,https://letterboxd.com/film/little-amelie-or-the-character-of-rain/,2026-05-25T12:47:22+00:00
movie_a099c709b1e2,1090,The Lord of the Rings: The War of the Rohirrim (2024),The Lord of the Rings: The War of the Rohirrim (2024),2024,The Lord of the Rings: The War of the Rohirrim,https://letterboxd.com/film/the-lord-of-the-rings-the-war-of-the-rohirrim/,2026-05-25T12:47:22+00:00
movie_49e8f12ad470,1091,I'm Still Here (2024),I'm Still Here (2024),2024,I'm Still Here,https://letterboxd.com/film/im-still-here-2024/,2026-05-25T12:47:22+00:00
movie_550e0fa94c02,1092,Shōgun (2024),Shōgun (2024),2024,Shōgun,https://letterboxd.com/film/shogun-2024/,2026-05-25T12:47:22+00:00
movie_57a14fd61c22,1093,BLUE EYE SAMURAI (2023),BLUE EYE SAMURAI (2023),2023,BLUE EYE SAMURAI,https://letterboxd.com/film/blue-eye-samurai/,2026-05-25T12:47:22+00:00
movie_f859132051e2,1094,American Fiction (2023),American Fiction (2023),2023,American Fiction,https://letterboxd.com/film/american-fiction/,2026-05-25T12:47:22+00:00
movie_f77cb71421e5,1095,Death on the Nile (2022),Death on the Nile (2022),2022,Death on the Nile,https://letterboxd.com/film/death-on-the-nile-2022/,2026-05-25T12:47:22+00:00
movie_6a411c4b0dc6,1096,The Substance,The Substance,,The Substance,,2026-05-25T12:48:15+00:00
movie_704e8b300a66,1097,Memento,Memento,,Memento,,2026-05-25T12:48:18+00:00
movie_a19322ab98b5,1098,Paddington (2014),Paddington (2014),2014,Paddington,https://letterboxd.com/film/paddington/,2026-05-25T12:49:12+00:00
movie_90bbe958f52b,1099,Mysterious Skin (2004),Mysterious Skin (2004),2004,Mysterious Skin,https://letterboxd.com/film/mysterious-skin/,2026-05-25T12:49:12+00:00
movie_0b8d0fb61548,1100,Matilda (1996),Matilda (1996),1996,Matilda,https://letterboxd.com/film/matilda/,2026-05-25T12:49:12+00:00
movie_c10a98bfde83,1101,Pretty Woman (1990),Pretty Woman (1990),1990,Pretty Woman,https://letterboxd.com/film/pretty-woman/,2026-05-25T12:49:12+00:00
movie_83439f44ea5b,1102,Queer (2024),Queer (2024),2024,Queer,https://letterboxd.com/film/queer-2024/,2026-05-25T12:50:05+00:00
movie_2236b693ec25,1103,Cloud (2024),Cloud (2024),2024,Cloud,https://letterboxd.com/film/cloud-2024/,2026-05-25T12:50:05+00:00
movie_bcd1e1ad0ba8,1104,Parthenope (2024),Parthenope (2024),2024,Parthenope,https://letterboxd.com/film/parthenope/,2026-05-25T12:50:05+00:00
movie_4c6754d295e1,1105,The Hand of God (2021),The Hand of God (2021),2021,The Hand of God,https://letterboxd.com/film/the-hand-of-god/,2026-05-25T12:50:05+00:00
movie_b86cc2dc2976,1106,Another Round (2020),Another Round (2020),2020,Another Round,https://letterboxd.com/film/another-round/,2026-05-25T12:50:05+00:00
movie_1e6023b87e32,1107,A Rainy Day in New York (2019),A Rainy Day in New York (2019),2019,A Rainy Day in New York,https://letterboxd.com/film/a-rainy-day-in-new-york/,2026-05-25T12:50:05+00:00
movie_425bf2faa245,1108,T2 Trainspotting (2017),T2 Trainspotting (2017),2017,T2 Trainspotting,https://letterboxd.com/film/t2-trainspotting/,2026-05-25T12:50:05+00:00
movie_9618237d33ba,1109,Laurence Anyways (2012),Laurence Anyways (2012),2012,Laurence Anyways,https://letterboxd.com/film/laurence-anyways/,2026-05-25T12:50:05+00:00
movie_774a5c2362a0,1110,Vicky Cristina Barcelona (2008),Vicky Cristina Barcelona (2008),2008,Vicky Cristina Barcelona,https://letterboxd.com/film/vicky-cristina-barcelona/,2026-05-25T12:50:05+00:00
movie_7b6475850b03,1111,Inland Empire (2006),Inland Empire (2006),2006,Inland Empire,https://letterboxd.com/film/inland-empire/,2026-05-25T12:50:05+00:00
movie_52cbcd3c11d9,1112,Volver (2006),Volver (2006),2006,Volver,https://letterboxd.com/film/volver/,2026-05-25T12:50:05+00:00
movie_aa93ec3f0af6,1113,In the Mood for Love (2000),In the Mood for Love (2000),2000,In the Mood for Love,https://letterboxd.com/film/in-the-mood-for-love/,2026-05-25T12:50:05+00:00
movie_88ccb6df0160,1114,The Talented Mr. Ripley (1999),The Talented Mr. Ripley (1999),1999,The Talented Mr. Ripley,https://letterboxd.com/film/the-talented-mr-ripley/,2026-05-25T12:50:05+00:00
movie_7f38dfa40966,1115,How to Train Your Dragon,How to Train Your Dragon,,How to Train Your Dragon,,2026-05-25T12:50:50+00:00
movie_3e35ee8b547b,1116,28 Years Later: The Bone Temple,28 Years Later: The Bone Temple,,28 Years Later: The Bone Temple,,2026-05-25T12:50:58+00:00
movie_ed65860a633f,1117,Regretting You (2025),Regretting You (2025),2025,Regretting You,https://letterboxd.com/film/regretting-you/,2026-05-25T12:50:58+00:00
movie_ead80564926d,1118,Monster (2023),Monster (2023),2023,Monster,https://letterboxd.com/film/monster-2023/,2026-05-25T12:50:58+00:00
movie_3c4d7b35c89d,1119,Close (2022),Close (2022),2022,Close,https://letterboxd.com/film/close-2022/,2026-05-25T12:50:58+00:00
movie_a0d7abe672a2,1120,The Help (2011),The Help (2011),2011,The Help,https://letterboxd.com/film/the-help/,2026-05-25T12:50:58+00:00
movie_d1e4bf3ac0b9,1121,Rush Hour 3 (2007),Rush Hour 3 (2007),2007,Rush Hour 3,https://letterboxd.com/film/rush-hour-3/,2026-05-25T12:50:58+00:00
movie_157d255335ce,1122,Bridge to Terabithia (2007),Bridge to Terabithia (2007),2007,Bridge to Terabithia,https://letterboxd.com/film/bridge-to-terabithia/,2026-05-25T12:50:58+00:00
movie_ad981479f281,1123,Rush Hour 2 (2001),Rush Hour 2 (2001),2001,Rush Hour 2,https://letterboxd.com/film/rush-hour-2/,2026-05-25T12:50:58+00:00
movie_7cdbc71a7cd9,1124,Eyes Wide Shut (1999),Eyes Wide Shut (1999),1999,Eyes Wide Shut,https://letterboxd.com/film/eyes-wide-shut/,2026-05-25T12:50:58+00:00
movie_3105bf63e493,1125,Rush Hour (1998),Rush Hour (1998),1998,Rush Hour,https://letterboxd.com/film/rush-hour/,2026-05-25T12:50:58+00:00
movie_62106916fa0d,1126,Shutter Island,Shutter Island,,Shutter Island,,2026-05-25T12:51:01+00:00
movie_29d3b94cf242,1127,The Perks of Being a Wallflower,The Perks of Being a Wallflower,,The Perks of Being a Wallflower,,2026-05-25T12:51:12+00:00
movie_77007a1fb2cc,1128,Prisoners,Prisoners,,Prisoners,,2026-05-25T12:51:29+00:00
movie_c6cb0353ec35,1129,Latin Blood – The Ballad of Ney Matogrosso (2025),Latin Blood – The Ballad of Ney Matogrosso (2025),2025,Latin Blood – The Ballad of Ney Matogrosso,https://letterboxd.com/film/latin-blood-the-ballad-of-ney-matogrosso/,2026-05-25T12:51:50+00:00
movie_5d69cccccfa3,1130,Spider-Man: Beyond the Spider-Verse,Spider-Man: Beyond the Spider-Verse,,Spider-Man: Beyond the Spider-Verse,,2026-05-25T12:51:57+00:00
movie_13870ad9f3f1,1131,Spider-Man: Beyond the Spider-Verse (2027),Spider-Man: Beyond the Spider-Verse (2027),2027,Spider-Man: Beyond the Spider-Verse,https://letterboxd.com/film/spider-man-beyond-the-spider-verse/,2026-05-25T12:51:57+00:00
movie_cc04ccce4057,1132,The Glory (2022),The Glory (2022),2022,The Glory,https://letterboxd.com/film/the-glory/,2026-05-25T12:51:57+00:00
movie_ed626f797e54,1133,Mortal Kombat (2021),Mortal Kombat (2021),2021,Mortal Kombat,https://letterboxd.com/film/mortal-kombat-2021/,2026-05-25T12:52:56+00:00
movie_7cda432c9c80,1134,Shrek 2 (2004),Shrek 2 (2004),2004,Shrek 2,https://letterboxd.com/film/shrek-2/,2026-05-25T12:52:56+00:00
movie_59fc993db840,1135,Call Me by Your Name,Call Me by Your Name,,Call Me by Your Name,,2026-05-25T12:53:24+00:00
movie_566efd2c989a,1136,The Family Plan 2 (2025),The Family Plan 2 (2025),2025,The Family Plan 2,https://letterboxd.com/film/the-family-plan-2/,2026-05-25T12:54:39+00:00
movie_7c0e649c8a41,1137,A Working Man (2025),A Working Man (2025),2025,A Working Man,https://letterboxd.com/film/a-working-man/,2026-05-25T12:54:39+00:00
movie_7e4e3b196664,1138,Wolfs (2024),Wolfs (2024),2024,Wolfs,https://letterboxd.com/film/wolfs/,2026-05-25T12:54:39+00:00
movie_dd7546a5ff96,1139,The Beekeeper (2024),The Beekeeper (2024),2024,The Beekeeper,https://letterboxd.com/film/the-beekeeper-2024/,2026-05-25T12:54:39+00:00
movie_62172ca41473,1140,The Family Plan (2023),The Family Plan (2023),2023,The Family Plan,https://letterboxd.com/film/the-family-plan/,2026-05-25T12:54:39+00:00
movie_45ba14c98951,1141,The King (2019),The King (2019),2019,The King,https://letterboxd.com/film/the-king-2019/,2026-05-25T12:54:39+00:00
movie_94861495c31b,1142,A Ghost Story (2017),A Ghost Story (2017),2017,A Ghost Story,https://letterboxd.com/film/a-ghost-story-2017/,2026-05-25T12:54:39+00:00
movie_987ec2a57789,1143,Spy (2015),Spy (2015),2015,Spy,https://letterboxd.com/film/spy/,2026-05-25T12:54:39+00:00
movie_791abed3d2ce,1144,Under the Skin (2013),Under the Skin (2013),2013,Under the Skin,https://letterboxd.com/film/under-the-skin-2013/,2026-05-25T12:54:39+00:00
movie_b829da5f7206,1145,Kick-Ass 2 (2013),Kick-Ass 2 (2013),2013,Kick-Ass 2,https://letterboxd.com/film/kick-ass-2/,2026-05-25T12:54:39+00:00
movie_6ccd35aa0643,1146,The Place Beyond the Pines (2012),The Place Beyond the Pines (2012),2012,The Place Beyond the Pines,https://letterboxd.com/film/the-place-beyond-the-pines/,2026-05-25T12:54:39+00:00
movie_dcb198c80c96,1147,Moonrise Kingdom,Moonrise Kingdom,,Moonrise Kingdom,,2026-05-25T12:55:28+00:00
movie_4d69ec7d8a57,1148,Speak No Evil,Speak No Evil,,Speak No Evil,,2026-05-25T12:56:16+00:00
movie_75e8a7438725,1149,The Monkey (2025),The Monkey (2025),2025,The Monkey,https://letterboxd.com/film/the-monkey-2025/,2026-05-25T12:56:16+00:00
movie_c28a09b07c92,1150,Over the Garden Wall (2014),Over the Garden Wall (2014),2014,Over the Garden Wall,https://letterboxd.com/film/over-the-garden-wall-2014/,2026-05-25T12:56:23+00:00
movie_626b57c84463,1151,Zombieland (2009),Zombieland (2009),2009,Zombieland,https://letterboxd.com/film/zombieland/,2026-05-25T12:56:23+00:00
movie_02f8363f1b29,1152,28 Days Later (2002),28 Days Later (2002),2002,28 Days Later,https://letterboxd.com/film/28-days-later/,2026-05-25T12:56:23+00:00
movie_9a2680f08749,1153,My Neighbor Totoro (1988),My Neighbor Totoro (1988),1988,My Neighbor Totoro,https://letterboxd.com/film/my-neighbor-totoro/,2026-05-25T12:56:23+00:00
movie_254a607fc4a1,1154,Halloween (1978),Halloween (1978),1978,Halloween,https://letterboxd.com/film/halloween-1978/,2026-05-25T12:56:23+00:00
movie_134dc20bdd14,1155,The Rocky Horror Picture Show (1975),The Rocky Horror Picture Show (1975),1975,The Rocky Horror Picture Show,https://letterboxd.com/film/the-rocky-horror-picture-show/,2026-05-25T12:56:23+00:00
movie_4e1a329bd672,1156,Inception,Inception,,Inception,,2026-05-25T12:57:03+00:00
movie_9327b764a223,1157,The Day of the Jackal (2024),The Day of the Jackal (2024),2024,The Day of the Jackal,https://letterboxd.com/film/the-day-of-the-jackal-2024/,2026-05-25T12:57:10+00:00
movie_b078fa3f3979,1158,Cars 2 (2011),Cars 2 (2011),2011,Cars 2,https://letterboxd.com/film/cars-2/,2026-05-25T12:57:10+00:00
movie_ff906f4258a0,1159,Fast Five (2011),Fast Five (2011),2011,Fast Five,https://letterboxd.com/film/fast-five/,2026-05-25T12:57:10+00:00
movie_ef6275e03788,1160,Fast & Furious (2009),Fast & Furious (2009),2009,Fast & Furious,https://letterboxd.com/film/fast-furious/,2026-05-25T12:57:10+00:00
movie_ee9448335834,1161,The Fast and the Furious: Tokyo Drift (2006),The Fast and the Furious: Tokyo Drift (2006),2006,The Fast and the Furious: Tokyo Drift,https://letterboxd.com/film/the-fast-and-the-furious-tokyo-drift/,2026-05-25T12:57:10+00:00
movie_3108a266e68e,1162,2 Fast 2 Furious (2003),2 Fast 2 Furious (2003),2003,2 Fast 2 Furious,https://letterboxd.com/film/2-fast-2-furious/,2026-05-25T12:57:10+00:00
movie_f6742233a748,1163,Fargo (1996),Fargo (1996),1996,Fargo,https://letterboxd.com/film/fargo/,2026-05-25T12:57:10+00:00
movie_1ff4868ce0de,1164,The Crash,The Crash,,The Crash,,2026-05-25T12:58:01+00:00
movie_0aaa0acda228,1165,The Crash (2026),The Crash (2026),2026,The Crash,https://letterboxd.com/film/the-crash-2026/,2026-05-25T12:58:01+00:00
movie_ee2c5a48e5a4,1166,Monster: The Ed Gein Story (2025),Monster: The Ed Gein Story (2025),2025,Monster: The Ed Gein Story,https://letterboxd.com/film/monster-the-ed-gein-story/,2026-05-25T12:58:01+00:00
movie_5507dbc3eccf,1167,Lisa Frankenstein (2024),Lisa Frankenstein (2024),2024,Lisa Frankenstein,https://letterboxd.com/film/lisa-frankenstein/,2026-05-25T12:58:01+00:00
movie_deb79a39f822,1168,Fresh (2022),Fresh (2022),2022,Fresh,https://letterboxd.com/film/fresh-2022/,2026-05-25T12:58:01+00:00
movie_64adc8be942c,1169,Candyman (2021),Candyman (2021),2021,Candyman,https://letterboxd.com/film/candyman-2021/,2026-05-25T12:58:01+00:00
movie_cf79143b7c81,1170,Raw (2016),Raw (2016),2016,Raw,https://letterboxd.com/film/raw-2016/,2026-05-25T12:58:01+00:00
movie_686d1a4137a1,1171,Hannibal (2001),Hannibal (2001),2001,Hannibal,https://letterboxd.com/film/hannibal/,2026-05-25T12:58:52+00:00
movie_c298ae0c2c51,1172,Meet Joe Black (1998),Meet Joe Black (1998),1998,Meet Joe Black,https://letterboxd.com/film/meet-joe-black/,2026-05-25T12:58:52+00:00
movie_e5cfc5b26490,1173,Donnie Brasco (1997),Donnie Brasco (1997),1997,Donnie Brasco,https://letterboxd.com/film/donnie-brasco/,2026-05-25T12:58:52+00:00
movie_289084897d67,1174,Edward Scissorhands (1990),Edward Scissorhands (1990),1990,Edward Scissorhands,https://letterboxd.com/film/edward-scissorhands/,2026-05-25T12:58:52+00:00
movie_d81927022217,1175,Tinker Tailor Soldier Spy (2011),Tinker Tailor Soldier Spy (2011),2011,Tinker Tailor Soldier Spy,https://letterboxd.com/film/tinker-tailor-soldier-spy/,2026-05-25T12:59:33+00:00
movie_b522d2c8d8a6,1176,Midnight Sun (2018),Midnight Sun (2018),2018,Midnight Sun,https://letterboxd.com/film/midnight-sun-2018/,2026-05-25T13:00:35+00:00
movie_73f67757c608,1177,Monster House (2006),Monster House (2006),2006,Monster House,https://letterboxd.com/film/monster-house/,2026-05-25T13:00:35+00:00
movie_953cfcbafb07,1178,Thanksgiving (2023),Thanksgiving (2023),2023,Thanksgiving,https://letterboxd.com/film/thanksgiving-2023/,2026-05-25T13:01:22+00:00
movie_796d6f82868a,1179,Halloween Kills (2021),Halloween Kills (2021),2021,Halloween Kills,https://letterboxd.com/film/halloween-kills/,2026-05-25T13:01:22+00:00
movie_110919105380,1180,The Nun (2018),The Nun (2018),2018,The Nun,https://letterboxd.com/film/the-nun-2018/,2026-05-25T13:01:22+00:00
movie_bae0f94193f0,1181,The Ritual (2017),The Ritual (2017),2017,The Ritual,https://letterboxd.com/film/the-ritual-2017/,2026-05-25T13:01:22+00:00
movie_9b823de21a95,1182,The Visit (2015),The Visit (2015),2015,The Visit,https://letterboxd.com/film/the-visit-2015/,2026-05-25T13:01:22+00:00
movie_23c05c9c5053,1183,Annabelle (2014),Annabelle (2014),2014,Annabelle,https://letterboxd.com/film/annabelle/,2026-05-25T13:01:22+00:00
movie_e99a6c6d4d4a,1184,The Purge (2013),The Purge (2013),2013,The Purge,https://letterboxd.com/film/the-purge/,2026-05-25T13:01:22+00:00
movie_ac1cd1053557,1185,The Twilight Saga: Breaking Dawn – Part 2 (2012),The Twilight Saga: Breaking Dawn – Part 2 (2012),2012,The Twilight Saga: Breaking Dawn – Part 2,https://letterboxd.com/film/the-twilight-saga-breaking-dawn-part-2/,2026-05-25T13:01:22+00:00
movie_5e70dd89c0c0,1186,The Twilight Saga: Breaking Dawn – Part 1 (2011),The Twilight Saga: Breaking Dawn – Part 1 (2011),2011,The Twilight Saga: Breaking Dawn – Part 1,https://letterboxd.com/film/the-twilight-saga-breaking-dawn-part-1/,2026-05-25T13:01:22+00:00
movie_e18438aa342f,1187,The Twilight Saga: Eclipse (2010),The Twilight Saga: Eclipse (2010),2010,The Twilight Saga: Eclipse,https://letterboxd.com/film/the-twilight-saga-eclipse/,2026-05-25T13:01:22+00:00
movie_613c70f5244a,1188,Norbit (2007),Norbit (2007),2007,Norbit,https://letterboxd.com/film/norbit/,2026-05-25T13:01:22+00:00
movie_02d445a4d752,1189,300 (2006),300 (2006),2006,300,https://letterboxd.com/film/300/,2026-05-25T13:01:22+00:00
movie_eeceb0706233,1190,Saw III (2006),Saw III (2006),2006,Saw III,https://letterboxd.com/film/saw-iii/,2026-05-25T13:01:22+00:00
movie_6be9611240ea,1191,Saw II (2005),Saw II (2005),2005,Saw II,https://letterboxd.com/film/saw-ii/,2026-05-25T13:01:22+00:00
movie_56083685d5f8,1192,Kingdom of Heaven (2005),Kingdom of Heaven (2005),2005,Kingdom of Heaven,https://letterboxd.com/film/kingdom-of-heaven/,2026-05-25T13:01:22+00:00
movie_9faf5d5e29cc,1193,Troy (2004),Troy (2004),2004,Troy,https://letterboxd.com/film/troy/,2026-05-25T13:01:22+00:00
movie_e8ceac00d6e8,1194,Saw (2004),Saw (2004),2004,Saw,https://letterboxd.com/film/saw/,2026-05-25T13:01:22+00:00
movie_516f7acc943c,1195,The Blair Witch Project (1999),The Blair Witch Project (1999),1999,The Blair Witch Project,https://letterboxd.com/film/the-blair-witch-project/,2026-05-25T13:01:22+00:00
movie_9bbaf3f9cdee,1196,The Punisher: One Last Kill (2026),The Punisher: One Last Kill (2026),2026,The Punisher: One Last Kill,https://letterboxd.com/film/the-punisher-one-last-kill/,2026-05-25T13:02:07+00:00
movie_8f387dc159fc,1197,Wonder Man (2026),Wonder Man (2026),2026,Wonder Man,https://letterboxd.com/film/wonder-man-2026/,2026-05-25T13:02:07+00:00
movie_d18f7e32a4da,1198,Thor: The Dark World (2013),Thor: The Dark World (2013),2013,Thor: The Dark World,https://letterboxd.com/film/thor-the-dark-world/,2026-05-25T13:02:07+00:00
movie_7ae7de77dcc0,1199,The Crow (1994),The Crow (1994),1994,The Crow,https://letterboxd.com/film/the-crow/,2026-05-25T13:02:07+00:00
movie_a27d7756bc9a,1200,The Rays and Shadows (2026),The Rays and Shadows (2026),2026,The Rays and Shadows,https://letterboxd.com/film/the-rays-and-shadows/,2026-05-25T13:02:57+00:00
movie_f5066bbd2a8a,1201,A House of Dynamite (2025),A House of Dynamite (2025),2025,A House of Dynamite,https://letterboxd.com/film/a-house-of-dynamite/,2026-05-25T13:02:57+00:00
movie_2f8b20e64e77,1202,Nino (2025),Nino (2025),2025,Nino,https://letterboxd.com/film/nino-2025/,2026-05-25T13:02:57+00:00
movie_5475bb5a4d84,1203,The Little Sister (2025),The Little Sister (2025),2025,The Little Sister,https://letterboxd.com/film/the-little-sister-2025/,2026-05-25T13:02:57+00:00
movie_261ce0f39a78,1204,The Great Arch (2025),The Great Arch (2025),2025,The Great Arch,https://letterboxd.com/film/the-great-arch-2025/,2026-05-25T13:02:57+00:00
movie_609976270167,1205,Arco (2025),Arco (2025),2025,Arco,https://letterboxd.com/film/arco/,2026-05-25T13:02:57+00:00
movie_a28d5a3e13b4,1206,Enzo (2025),Enzo (2025),2025,Enzo,https://letterboxd.com/film/enzo-2025/,2026-05-25T13:02:57+00:00
movie_fc3a33b7551c,1207,Love Is Overrated (2025),Love Is Overrated (2025),2025,Love Is Overrated,https://letterboxd.com/film/love-is-overrated/,2026-05-25T13:02:57+00:00
movie_248e31c1c285,1208,The Ties That Bind Us (2024),The Ties That Bind Us (2024),2024,The Ties That Bind Us,https://letterboxd.com/film/the-ties-that-bind-us/,2026-05-25T13:02:57+00:00
movie_5102157bb89f,1209,GOAT (2026),GOAT (2026),2026,GOAT,https://letterboxd.com/film/goat-2026/,2026-05-25T13:03:57+00:00
movie_6fcb715406a2,1210,Attack on Titan: Chronicle (2020),Attack on Titan: Chronicle (2020),2020,Attack on Titan: Chronicle,https://letterboxd.com/film/attack-on-titan-chronicle/,2026-05-25T13:03:57+00:00
movie_80759aa3093f,1211,The Last Dance (2020),The Last Dance (2020),2020,The Last Dance,https://letterboxd.com/film/the-last-dance-2020/,2026-05-25T13:03:57+00:00
movie_b1d738ebc301,1212,Coraline,Coraline,,Coraline,,2026-05-25T13:04:00+00:00
movie_09dc204d4f0f,1213,The Bride! (2026),The Bride! (2026),2026,The Bride!,https://letterboxd.com/film/the-bride-2026/,2026-05-25T13:04:46+00:00
movie_5ed621cd9951,1214,The Thing (1982),The Thing (1982),1982,The Thing,https://letterboxd.com/film/the-thing/,2026-05-25T13:04:46+00:00
movie_dd622643e113,1215,Friendship (2024),Friendship (2024),2024,Friendship,https://letterboxd.com/film/friendship-2024/,2026-05-25T13:05:36+00:00
movie_78f0a426cbc6,1216,Dream Scenario (2023),Dream Scenario (2023),2023,Dream Scenario,https://letterboxd.com/film/dream-scenario/,2026-05-25T13:05:36+00:00
movie_8debfcfa1080,1217,Marcel the Shell with Shoes On (2021),Marcel the Shell with Shoes On (2021),2021,Marcel the Shell with Shoes On,https://letterboxd.com/film/marcel-the-shell-with-shoes-on-2021/,2026-05-25T13:05:36+00:00
movie_3c607ac042c4,1218,Anora,Anora,,Anora,,2026-05-25T13:05:55+00:00
movie_f22d7f850907,1219,It's What's Inside (2024),It's What's Inside (2024),2024,It's What's Inside,https://letterboxd.com/film/its-whats-inside/,2026-05-25T13:06:35+00:00
movie_cbdcf9c69b67,1220,Poison (2023),Poison (2023),2023,Poison,https://letterboxd.com/film/poison-2023/,2026-05-25T13:06:35+00:00
movie_1901306ea7b1,1221,Nefarious (2023),Nefarious (2023),2023,Nefarious,https://letterboxd.com/film/nefarious-2023/,2026-05-25T13:06:35+00:00
movie_be56b34ad50f,1222,The House (2022),The House (2022),2022,The House,https://letterboxd.com/film/the-house-2022-1/,2026-05-25T13:06:35+00:00
movie_300c3e7076a0,1223,The Guilty (2021),The Guilty (2021),2021,The Guilty,https://letterboxd.com/film/the-guilty-2021/,2026-05-25T13:06:35+00:00
movie_ab2bb4f68350,1224,Sorry to Bother You (2018),Sorry to Bother You (2018),2018,Sorry to Bother You,https://letterboxd.com/film/sorry-to-bother-you/,2026-05-25T13:06:35+00:00
movie_a707933d26a2,1225,Sausage Party (2016),Sausage Party (2016),2016,Sausage Party,https://letterboxd.com/film/sausage-party/,2026-05-25T13:06:35+00:00
movie_ff750111b218,1226,10 Cloverfield Lane (2016),10 Cloverfield Lane (2016),2016,10 Cloverfield Lane,https://letterboxd.com/film/10-cloverfield-lane/,2026-05-25T13:06:35+00:00
movie_17f5c49da366,1227,Rise of the Planet of the Apes (2011),Rise of the Planet of the Apes (2011),2011,Rise of the Planet of the Apes,https://letterboxd.com/film/rise-of-the-planet-of-the-apes/,2026-05-25T13:06:35+00:00
movie_8d16ac259aa3,1228,Cloudy with a Chance of Meatballs (2009),Cloudy with a Chance of Meatballs (2009),2009,Cloudy with a Chance of Meatballs,https://letterboxd.com/film/cloudy-with-a-chance-of-meatballs/,2026-05-25T13:06:35+00:00
movie_0f2ccd4b66cf,1229,District 9 (2009),District 9 (2009),2009,District 9,https://letterboxd.com/film/district-9/,2026-05-25T13:06:35+00:00
movie_80c1db9e07be,1230,Beetlejuice (1988),Beetlejuice (1988),1988,Beetlejuice,https://letterboxd.com/film/beetlejuice/,2026-05-25T13:07:30+00:00
movie_85f8b03224e3,1231,Alien (1979),Alien (1979),1979,Alien,https://letterboxd.com/film/alien/,2026-05-25T13:07:30+00:00
movie_53893df1a3e3,1232,Jaws (1975),Jaws (1975),1975,Jaws,https://letterboxd.com/film/jaws/,2026-05-25T13:07:30+00:00
movie_df05f2154f17,1233,The Mummy (1999),The Mummy (1999),1999,The Mummy,https://letterboxd.com/film/the-mummy-1999/,2026-05-25T13:09:10+00:00
movie_072de4f114eb,1234,Terminator 2: Judgment Day (1991),Terminator 2: Judgment Day (1991),1991,Terminator 2: Judgment Day,https://letterboxd.com/film/terminator-2-judgment-day/,2026-05-25T13:09:10+00:00
movie_876fb75854f4,1235,TRON: Legacy (2010),TRON: Legacy (2010),2010,TRON: Legacy,https://letterboxd.com/film/tron-legacy/,2026-05-25T13:09:10+00:00
movie_8b56ad2531c0,1236,Billie Eilish — Hit Me Hard and Soft: The Tour (Live in 3D),Billie Eilish — Hit Me Hard and Soft: The Tour (Live in 3D),,Billie Eilish — Hit Me Hard and Soft: The Tour (Live in 3D),,2026-05-25T13:09:17+00:00
movie_0cef0dd0d37f,1237,Billie Eilish — Hit Me Hard and Soft: The Tour (Live in 3D) (2026),Billie Eilish — Hit Me Hard and Soft: The Tour (Live in 3D) (2026),2026,Billie Eilish — Hit Me Hard and Soft: The Tour (Live in 3D),https://letterboxd.com/film/billie-eilish-hit-me-hard-and-soft-the-tour/,2026-05-25T13:09:17+00:00
movie_8f2bf8177416,1238,Ready or Not 2: Here I Come (2026),Ready or Not 2: Here I Come (2026),2026,Ready or Not 2: Here I Come,https://letterboxd.com/film/ready-or-not-2-here-i-come/,2026-05-25T13:09:17+00:00
movie_2e66fc8aebcc,1239,Primate (2025),Primate (2025),2025,Primate,https://letterboxd.com/film/primate-2025/,2026-05-25T13:09:17+00:00
movie_5270d23d1b52,1240,Novocaine (2025),Novocaine (2025),2025,Novocaine,https://letterboxd.com/film/novocaine-2025/,2026-05-25T13:09:17+00:00
movie_c392e17ed2b2,1241,Good Boy (2025),Good Boy (2025),2025,Good Boy,https://letterboxd.com/film/good-boy-2025/,2026-05-25T13:09:17+00:00
movie_5a003fcbbeb5,1242,Heart Eyes (2025),Heart Eyes (2025),2025,Heart Eyes,https://letterboxd.com/film/heart-eyes/,2026-05-25T13:09:17+00:00
movie_041fb27096c3,1243,Terrifier 3 (2024),Terrifier 3 (2024),2024,Terrifier 3,https://letterboxd.com/film/terrifier-3/,2026-05-25T13:09:17+00:00
movie_62744023409e,1244,Abigail (2024),Abigail (2024),2024,Abigail,https://letterboxd.com/film/abigail-2024/,2026-05-25T13:09:17+00:00
movie_5dabb0e35be6,1245,Thelma (2024),Thelma (2024),2024,Thelma,https://letterboxd.com/film/thelma-2024/,2026-05-25T13:09:17+00:00
movie_21d9d91b4341,1246,Strange Darling (2023),Strange Darling (2023),2023,Strange Darling,https://letterboxd.com/film/strange-darling/,2026-05-25T13:09:17+00:00
movie_9a9eca3296d4,1247,Shazam! Fury of the Gods (2023),Shazam! Fury of the Gods (2023),2023,Shazam! Fury of the Gods,https://letterboxd.com/film/shazam-fury-of-the-gods/,2026-05-25T13:09:17+00:00
movie_4ebb97266c19,1248,The Pursuit of Happyness,The Pursuit of Happyness,,The Pursuit of Happyness,,2026-05-25T13:11:01+00:00
movie_c1d47b9c8986,1249,Ad Astra (2019),Ad Astra (2019),2019,Ad Astra,https://letterboxd.com/film/ad-astra-2019/,2026-05-25T13:11:10+00:00
movie_bdff929b69c6,1250,I Am Legend (2007),I Am Legend (2007),2007,I Am Legend,https://letterboxd.com/film/i-am-legend/,2026-05-25T13:11:10+00:00
movie_a4b51d88624e,1251,The Pursuit of Happyness (2006),The Pursuit of Happyness (2006),2006,The Pursuit of Happyness,https://letterboxd.com/film/the-pursuit-of-happyness/,2026-05-25T13:11:10+00:00
movie_2b5af3afd070,1252,Mr. & Mrs. Smith (2005),Mr. & Mrs. Smith (2005),2005,Mr. & Mrs. Smith,https://letterboxd.com/film/mr-mrs-smith-2005/,2026-05-25T13:11:10+00:00
movie_2c5b316262b1,1253,Better Days (2019),Better Days (2019),2019,Better Days,https://letterboxd.com/film/better-days-2019/,2026-05-25T13:11:50+00:00
movie_fe0da7379073,1254,Divergent (2014),Divergent (2014),2014,Divergent,https://letterboxd.com/film/divergent/,2026-05-25T13:11:50+00:00
movie_b8edf4b03cbb,1255,Shelter (2026),Shelter (2026),2026,Shelter,https://letterboxd.com/film/shelter-2026/,2026-05-25T13:11:57+00:00
movie_1143c0c037d0,1256,10DANCE (2025),10DANCE (2025),2025,10DANCE,https://letterboxd.com/film/10dance/,2026-05-25T13:11:57+00:00
movie_01bcd74663e3,1257,Brick (2025),Brick (2025),2025,Brick,https://letterboxd.com/film/brick-2025/,2026-05-25T13:11:57+00:00
movie_dea80686ef15,1258,The Gorge (2025),The Gorge (2025),2025,The Gorge,https://letterboxd.com/film/the-gorge-2025/,2026-05-25T13:11:57+00:00
movie_cf6e62be61e4,1259,My Fault: London (2025),My Fault: London (2025),2025,My Fault: London,https://letterboxd.com/film/my-fault-london/,2026-05-25T13:11:57+00:00
movie_04a58ba9cb27,1260,The Judge from Hell (2024),The Judge from Hell (2024),2024,The Judge from Hell,https://letterboxd.com/film/the-judge-from-hell/,2026-05-25T13:11:57+00:00
movie_c0c6b0ac89ef,1261,My Name Is Loh Kiwan (2024),My Name Is Loh Kiwan (2024),2024,My Name Is Loh Kiwan,https://letterboxd.com/film/my-name-is-loh-kiwan/,2026-05-25T13:11:57+00:00
movie_44c52b1de88c,1262,Young Hearts (2024),Young Hearts (2024),2024,Young Hearts,https://letterboxd.com/film/young-hearts-2024/,2026-05-25T13:11:57+00:00
movie_d761b89cc7cd,1263,A Killer Paradox (2024),A Killer Paradox (2024),2024,A Killer Paradox,https://letterboxd.com/film/a-killer-paradox/,2026-05-25T13:11:57+00:00
movie_3b0b10e2de21,1264,All of Us Strangers (2023),All of Us Strangers (2023),2023,All of Us Strangers,https://letterboxd.com/film/all-of-us-strangers/,2026-05-25T13:11:57+00:00
movie_59d42aa8801f,1265,See You in My 19th Life (2023),See You in My 19th Life (2023),2023,See You in My 19th Life,https://letterboxd.com/film/see-you-in-my-19th-life/,2026-05-25T13:11:57+00:00
movie_979c06dd2c41,1266,King the Land (2023),King the Land (2023),2023,King the Land,https://letterboxd.com/film/king-the-land/,2026-05-25T13:11:57+00:00
movie_6a2c1b466930,1267,Bloodhounds (2023),Bloodhounds (2023),2023,Bloodhounds,https://letterboxd.com/film/bloodhounds-2023/,2026-05-25T13:11:57+00:00
movie_782af0a14c3e,1268,Weak Hero (2022),Weak Hero (2022),2022,Weak Hero,https://letterboxd.com/film/weak-hero/,2026-05-25T13:11:57+00:00
movie_eca664f7fed6,1269,Revenge of Others (2022),Revenge of Others (2022),2022,Revenge of Others,https://letterboxd.com/film/revenge-of-others/,2026-05-25T13:11:57+00:00
movie_ab04b4a86b1a,1270,Burning Days (2022),Burning Days (2022),2022,Burning Days,https://letterboxd.com/film/burning-days/,2026-05-25T13:11:57+00:00
movie_d7f3f0c72013,1271,Business Proposal (2022),Business Proposal (2022),2022,Business Proposal,https://letterboxd.com/film/business-proposal/,2026-05-25T13:11:57+00:00
movie_7ba96c9e1d15,1272,All of Us Are Dead (2022),All of Us Are Dead (2022),2022,All of Us Are Dead,https://letterboxd.com/film/all-of-us-are-dead/,2026-05-25T13:11:57+00:00
movie_92c982b70366,1273,Redeeming Love (2022),Redeeming Love (2022),2022,Redeeming Love,https://letterboxd.com/film/redeeming-love/,2026-05-25T13:11:57+00:00
movie_2283c025d570,1274,Watcher (2022),Watcher (2022),2022,Watcher,https://letterboxd.com/film/watcher/,2026-05-25T13:11:57+00:00
movie_007aea6eb395,1275,Happiness (2021),Happiness (2021),2021,Happiness,https://letterboxd.com/film/happiness-2021-1/,2026-05-25T13:11:57+00:00
movie_d381fb93c207,1276,The Notebook,The Notebook,,The Notebook,,2026-05-25T13:12:17+00:00
movie_d06efe508965,1277,If Wishes Could Kill (2026),If Wishes Could Kill (2026),2026,If Wishes Could Kill,https://letterboxd.com/film/if-wishes-could-kill/,2026-05-25T13:12:55+00:00
movie_6ef7ec674375,1278,Mufasa: The Lion King (2024),Mufasa: The Lion King (2024),2024,Mufasa: The Lion King,https://letterboxd.com/film/mufasa-the-lion-king/,2026-05-25T13:12:55+00:00
movie_368e621b90bd,1279,Time Cut (2024),Time Cut (2024),2024,Time Cut,https://letterboxd.com/film/time-cut/,2026-05-25T13:12:55+00:00
movie_dabebe96a0a0,1280,The Platform 2 (2024),The Platform 2 (2024),2024,The Platform 2,https://letterboxd.com/film/the-platform-2/,2026-05-25T13:12:55+00:00
movie_68d6ce981841,1281,Leave the World Behind (2023),Leave the World Behind (2023),2023,Leave the World Behind,https://letterboxd.com/film/leave-the-world-behind-2023/,2026-05-25T13:12:55+00:00
movie_3031f6da6476,1282,Tin & Tina (2023),Tin & Tina (2023),2023,Tin & Tina,https://letterboxd.com/film/tin-tina-2023/,2026-05-25T13:12:55+00:00
movie_5e369a8f2206,1283,Escape Room: Tournament of Champions (2021),Escape Room: Tournament of Champions (2021),2021,Escape Room: Tournament of Champions,https://letterboxd.com/film/escape-room-tournament-of-champions/,2026-05-25T13:12:55+00:00
movie_daeca04d4855,1284,Behind Her Eyes (2021),Behind Her Eyes (2021),2021,Behind Her Eyes,https://letterboxd.com/film/behind-her-eyes/,2026-05-25T13:12:55+00:00
movie_42acd1b96990,1285,The Map of Tiny Perfect Things (2021),The Map of Tiny Perfect Things (2021),2021,The Map of Tiny Perfect Things,https://letterboxd.com/film/the-map-of-tiny-perfect-things/,2026-05-25T13:12:55+00:00
movie_06593dcf8a23,1286,To All the Boys: P.S. I Still Love You (2020),To All the Boys: P.S. I Still Love You (2020),2020,To All the Boys: P.S. I Still Love You,https://letterboxd.com/film/to-all-the-boys-ps-i-still-love-you/,2026-05-25T13:12:55+00:00
movie_a219c85b2436,1287,Palm Springs (2020),Palm Springs (2020),2020,Palm Springs,https://letterboxd.com/film/palm-springs-2020/,2026-05-25T13:12:55+00:00
movie_121ea995d801,1288,The Lion King (2019),The Lion King (2019),2019,The Lion King,https://letterboxd.com/film/the-lion-king-2019/,2026-05-25T13:12:55+00:00
movie_31b1273d6d26,1289,Escape Room (2019),Escape Room (2019),2019,Escape Room,https://letterboxd.com/film/escape-room-2019/,2026-05-25T13:12:55+00:00
movie_17e91cd72c66,1290,Peaky Blinders: The Immortal Man,Peaky Blinders: The Immortal Man,,Peaky Blinders: The Immortal Man,,2026-05-25T13:13:46+00:00
movie_66b08da42a10,1291,The Ministry of Ungentlemanly Warfare (2024),The Ministry of Ungentlemanly Warfare (2024),2024,The Ministry of Ungentlemanly Warfare,https://letterboxd.com/film/the-ministry-of-ungentlemanly-warfare/,2026-05-25T13:13:46+00:00
movie_00fa495d5a0b,1292,Despicable Me 3 (2017),Despicable Me 3 (2017),2017,Despicable Me 3,https://letterboxd.com/film/despicable-me-3/,2026-05-25T13:13:46+00:00
movie_20a319132f45,1293,Despicable Me 2 (2013),Despicable Me 2 (2013),2013,Despicable Me 2,https://letterboxd.com/film/despicable-me-2/,2026-05-25T13:13:46+00:00
movie_c6b99c830878,1294,Oblivion (2013),Oblivion (2013),2013,Oblivion,https://letterboxd.com/film/oblivion-2013/,2026-05-25T13:13:46+00:00
movie_f77754d437d0,1295,Sherlock Holmes: A Game of Shadows (2011),Sherlock Holmes: A Game of Shadows (2011),2011,Sherlock Holmes: A Game of Shadows,https://letterboxd.com/film/sherlock-holmes-a-game-of-shadows/,2026-05-25T13:13:46+00:00
movie_1d90053837b7,1296,Sherlock Holmes (2009),Sherlock Holmes (2009),2009,Sherlock Holmes,https://letterboxd.com/film/sherlock-holmes-2009/,2026-05-25T13:13:46+00:00
movie_aa3e5805f9b9,1297,Quantum of Solace (2008),Quantum of Solace (2008),2008,Quantum of Solace,https://letterboxd.com/film/quantum-of-solace/,2026-05-25T13:13:46+00:00
movie_07d98921a4d0,1298,You Don't Mess with the Zohan (2008),You Don't Mess with the Zohan (2008),2008,You Don't Mess with the Zohan,https://letterboxd.com/film/you-dont-mess-with-the-zohan/,2026-05-25T13:13:46+00:00
movie_a347c60d4dbd,1299,The Darjeeling Limited (2007),The Darjeeling Limited (2007),2007,The Darjeeling Limited,https://letterboxd.com/film/the-darjeeling-limited/,2026-05-25T13:13:46+00:00
movie_bec2692a84df,1300,Ocean's Thirteen (2007),Ocean's Thirteen (2007),2007,Ocean's Thirteen,https://letterboxd.com/film/oceans-thirteen/,2026-05-25T13:13:46+00:00
movie_1e4ba2b7920b,1301,Oppenheimer,Oppenheimer,,Oppenheimer,,2026-05-25T13:10:14+00:00
movie_5322282ed931,1302,The Godfather Part II,The Godfather Part II,,The Godfather Part II,,2026-05-25T13:14:20+00:00
movie_25612367f322,1303,His Three Daughters (2023),His Three Daughters (2023),2023,His Three Daughters,https://letterboxd.com/film/his-three-daughters/,2026-05-25T13:14:51+00:00
movie_3f83e0bb1120,1304,Infinity Pool (2023),Infinity Pool (2023),2023,Infinity Pool,https://letterboxd.com/film/infinity-pool/,2026-05-25T13:14:51+00:00
movie_1254b4dbc4f2,1305,Causeway (2022),Causeway (2022),2022,Causeway,https://letterboxd.com/film/causeway/,2026-05-25T13:14:51+00:00
movie_bf5e4d3b3e24,1306,The Kissing Booth 3 (2021),The Kissing Booth 3 (2021),2021,The Kissing Booth 3,https://letterboxd.com/film/the-kissing-booth-3/,2026-05-25T13:14:51+00:00
movie_1d7a28884719,1307,Peter Rabbit 2: The Runaway (2021),Peter Rabbit 2: The Runaway (2021),2021,Peter Rabbit 2: The Runaway,https://letterboxd.com/film/peter-rabbit-2-the-runaway/,2026-05-25T13:14:51+00:00
movie_13195612bf15,1308,Euphoria: F*ck Anyone Who’s Not a Sea Blob (2021),Euphoria: F*ck Anyone Who’s Not a Sea Blob (2021),2021,Euphoria: F*ck Anyone Who’s Not a Sea Blob,https://letterboxd.com/film/euphoria-fck-anyone-whos-not-a-sea-blob/,2026-05-25T13:14:51+00:00
movie_e7e0dc08efd6,1309,The Kissing Booth 2 (2020),The Kissing Booth 2 (2020),2020,The Kissing Booth 2,https://letterboxd.com/film/the-kissing-booth-2/,2026-05-25T13:14:51+00:00
movie_7122ad77a63e,1310,Summer of 85 (2020),Summer of 85 (2020),2020,Summer of 85,https://letterboxd.com/film/summer-of-85/,2026-05-25T13:14:51+00:00
movie_a59493166665,1311,Maleficent: Mistress of Evil (2019),Maleficent: Mistress of Evil (2019),2019,Maleficent: Mistress of Evil,https://letterboxd.com/film/maleficent-mistress-of-evil/,2026-05-25T13:14:51+00:00
movie_a028ab918e42,1312,"Paris, Texas","Paris, Texas",,"Paris, Texas",,2026-05-25T13:16:32+00:00
movie_5511542647b2,1313,"Paris, Texas (1984)","Paris, Texas (1984)",1984,"Paris, Texas",https://letterboxd.com/film/paris-texas/,2026-05-25T13:16:32+00:00
movie_ea1aa019af0f,1314,National Theatre Live: Fleabag (2019),National Theatre Live: Fleabag (2019),2019,National Theatre Live: Fleabag,https://letterboxd.com/film/national-theatre-live-fleabag/,2026-05-25T13:16:38+00:00
movie_a0b1d3e7837a,1315,Room (2015),Room (2015),2015,Room,https://letterboxd.com/film/room-2015/,2026-05-25T13:16:38+00:00
movie_9f41e13e54ac,1316,Maleficent (2014),Maleficent (2014),2014,Maleficent,https://letterboxd.com/film/maleficent/,2026-05-25T13:16:38+00:00
movie_eaaaec1f8314,1317,The Fault in Our Stars (2014),The Fault in Our Stars (2014),2014,The Fault in Our Stars,https://letterboxd.com/film/the-fault-in-our-stars/,2026-05-25T13:16:38+00:00
movie_2b2869b6fc78,1318,Before Midnight (2013),Before Midnight (2013),2013,Before Midnight,https://letterboxd.com/film/before-midnight/,2026-05-25T13:16:38+00:00
movie_074ad17c1152,1319,Black Mirror: Nosedive (2016),Black Mirror: Nosedive (2016),2016,Black Mirror: Nosedive,https://letterboxd.com/film/black-mirror-nosedive/,2026-05-25T13:18:13+00:00
movie_3f55c5b54eb3,1320,Zombieland: Double Tap (2019),Zombieland: Double Tap (2019),2019,Zombieland: Double Tap,https://letterboxd.com/film/zombieland-double-tap/,2026-05-25T13:18:21+00:00
movie_2882e52717f1,1321,Men in Black: International (2019),Men in Black: International (2019),2019,Men in Black: International,https://letterboxd.com/film/men-in-black-international/,2026-05-25T13:18:21+00:00
movie_c884bd5cb695,1322,"Extremely Wicked, Shockingly Evil and Vile (2019)","Extremely Wicked, Shockingly Evil and Vile (2019)",2019,"Extremely Wicked, Shockingly Evil and Vile",https://letterboxd.com/film/extremely-wicked-shockingly-evil-and-vile/,2026-05-25T13:18:21+00:00
movie_4d69af46b127,1323,Glass (2019),Glass (2019),2019,Glass,https://letterboxd.com/film/glass-2019/,2026-05-25T13:18:21+00:00
movie_d5dcca9dee8c,1324,Black Mirror: Bandersnatch (2018),Black Mirror: Bandersnatch (2018),2018,Black Mirror: Bandersnatch,https://letterboxd.com/film/black-mirror-bandersnatch/,2026-05-25T13:18:21+00:00
movie_6159631d0fa1,1325,Instant Family (2018),Instant Family (2018),2018,Instant Family,https://letterboxd.com/film/instant-family/,2026-05-25T13:18:21+00:00
movie_a60e1d828f50,1326,The Meg (2018),The Meg (2018),2018,The Meg,https://letterboxd.com/film/the-meg/,2026-05-25T13:18:21+00:00
movie_65e961636e35,1327,Toy Story 2 (1999),Toy Story 2 (1999),1999,Toy Story 2,https://letterboxd.com/film/toy-story-2/,2026-05-25T13:19:04+00:00
movie_e7c87086347a,1328,The Truman Show,The Truman Show,,The Truman Show,,2026-05-25T13:19:24+00:00
movie_3bed8eb0554b,1329,"Girl, Interrupted","Girl, Interrupted",,"Girl, Interrupted",,2026-05-25T13:20:02+00:00
movie_e2aa4f5f9a22,1330,Superman,Superman,,Superman,,2026-05-25T13:20:57+00:00
movie_2821d717eccf,1331,Hokum,Hokum,,Hokum,,2026-05-25T13:21:38+00:00
movie_19db3d54d409,1332,Princess Mononoke,Princess Mononoke,,Princess Mononoke,,2026-05-25T13:23:15+00:00
movie_f17599247dc8,1333,It's a Wonderful Life (1946),It's a Wonderful Life (1946),1946,It's a Wonderful Life,https://letterboxd.com/film/its-a-wonderful-life/,2026-05-25T13:23:15+00:00
movie_c3f76632058e,1334,Wuthering Heights,Wuthering Heights,,Wuthering Heights,,2026-05-25T13:23:21+00:00
movie_929d8f46ff83,1335,Charlie and the Chocolate Factory (2005),Charlie and the Chocolate Factory (2005),2005,Charlie and the Chocolate Factory,https://letterboxd.com/film/charlie-and-the-chocolate-factory/,2026-05-25T13:23:21+00:00
movie_927726022481,1336,The Life Aquatic with Steve Zissou (2004),The Life Aquatic with Steve Zissou (2004),2004,The Life Aquatic with Steve Zissou,https://letterboxd.com/film/the-life-aquatic-with-steve-zissou/,2026-05-25T13:23:21+00:00
movie_2c636fa0b52d,1337,Pulp Fiction,Pulp Fiction,,Pulp Fiction,,2026-05-25T13:23:29+00:00
movie_61ee0c1c175c,1338,The SpongeBob SquarePants Movie,The SpongeBob SquarePants Movie,,The SpongeBob SquarePants Movie,,2026-05-25T13:24:06+00:00
movie_e58320248da9,1339,Gran Turismo (2023),Gran Turismo (2023),2023,Gran Turismo,https://letterboxd.com/film/gran-turismo/,2026-05-25T13:24:13+00:00
movie_10313253b211,1340,Through My Window (2022),Through My Window (2022),2022,Through My Window,https://letterboxd.com/film/through-my-window/,2026-05-25T13:24:13+00:00
movie_9e9e4a39c62a,1341,Fatherhood (2021),Fatherhood (2021),2021,Fatherhood,https://letterboxd.com/film/fatherhood-2021/,2026-05-25T13:24:13+00:00
movie_6e3fa29b3f1b,1342,Hubie Halloween (2020),Hubie Halloween (2020),2020,Hubie Halloween,https://letterboxd.com/film/hubie-halloween/,2026-05-25T13:24:13+00:00
movie_cd1d79d62abf,1343,Jumanji: The Next Level (2019),Jumanji: The Next Level (2019),2019,Jumanji: The Next Level,https://letterboxd.com/film/jumanji-the-next-level/,2026-05-25T13:24:13+00:00
movie_9299293ed158,1344,Peter Rabbit (2018),Peter Rabbit (2018),2018,Peter Rabbit,https://letterboxd.com/film/peter-rabbit/,2026-05-25T13:24:13+00:00
movie_c09a43a4b686,1345,The Babysitter (2017),The Babysitter (2017),2017,The Babysitter,https://letterboxd.com/film/the-babysitter-2017/,2026-05-25T13:24:13+00:00
movie_99e5a2c4f8ee,1346,The Secret Life of Pets (2016),The Secret Life of Pets (2016),2016,The Secret Life of Pets,https://letterboxd.com/film/the-secret-life-of-pets/,2026-05-25T13:24:13+00:00
movie_30872026a0e0,1347,Central Intelligence (2016),Central Intelligence (2016),2016,Central Intelligence,https://letterboxd.com/film/central-intelligence/,2026-05-25T13:24:13+00:00
movie_191a413e1d1f,1348,Batman v Superman: Dawn of Justice (2016),Batman v Superman: Dawn of Justice (2016),2016,Batman v Superman: Dawn of Justice,https://letterboxd.com/film/batman-v-superman-dawn-of-justice/,2026-05-25T13:24:13+00:00
movie_314367d6b4d3,1349,Minions (2015),Minions (2015),2015,Minions,https://letterboxd.com/film/minions/,2026-05-25T13:24:13+00:00
movie_9585ff3e2f68,1350,Penguins of Madagascar (2014),Penguins of Madagascar (2014),2014,Penguins of Madagascar,https://letterboxd.com/film/penguins-of-madagascar-2014/,2026-05-25T13:24:13+00:00
movie_1c9a581eb705,1351,Zodiac,Zodiac,,Zodiac,,2026-05-25T13:24:33+00:00
movie_2ec9d801368a,1352,Dune: Part Two,Dune: Part Two,,Dune: Part Two,,2026-05-25T13:25:04+00:00
movie_ab05e8ac7dbd,1353,The Girl Next Door (2004),The Girl Next Door (2004),2004,The Girl Next Door,https://letterboxd.com/film/the-girl-next-door-2004/,2026-05-25T13:25:13+00:00
movie_6c4e734d4b79,1354,Star Wars: The Clone Wars (2008),Star Wars: The Clone Wars (2008),2008,Star Wars: The Clone Wars,https://letterboxd.com/film/star-wars-the-clone-wars/,2026-05-25T13:26:03+00:00
movie_12c19199508e,1355,Vanilla Sky (2001),Vanilla Sky (2001),2001,Vanilla Sky,https://letterboxd.com/film/vanilla-sky/,2026-05-25T13:26:49+00:00
movie_6bb25849b383,1356,Minority Report (2002),Minority Report (2002),2002,Minority Report,https://letterboxd.com/film/minority-report/,2026-05-25T13:26:49+00:00
movie_f6a50fd8dd31,1357,Tropic Thunder (2008),Tropic Thunder (2008),2008,Tropic Thunder,https://letterboxd.com/film/tropic-thunder/,2026-05-25T13:26:57+00:00
movie_6ebb06ebf4b3,1358,Insomnia (2002),Insomnia (2002),2002,Insomnia,https://letterboxd.com/film/insomnia-2002/,2026-05-25T13:26:57+00:00
movie_c41aadbb28c2,1359,Mission: Impossible (1996),Mission: Impossible (1996),1996,Mission: Impossible,https://letterboxd.com/film/mission-impossible/,2026-05-25T13:26:57+00:00
movie_17b7eb5855bf,1360,The Killing of a Sacred Deer (2017),The Killing of a Sacred Deer (2017),2017,The Killing of a Sacred Deer,https://letterboxd.com/film/the-killing-of-a-sacred-deer/,2026-05-25T13:27:43+00:00
movie_6f5d0d8b36e8,1361,Punch-Drunk Love (2002),Punch-Drunk Love (2002),2002,Punch-Drunk Love,https://letterboxd.com/film/punch-drunk-love/,2026-05-25T13:27:43+00:00
movie_bf94fa30b1f1,1362,Lost Highway (1997),Lost Highway (1997),1997,Lost Highway,https://letterboxd.com/film/lost-highway/,2026-05-25T13:27:43+00:00
movie_0ac30e66aece,1363,Cinema Paradiso (1988),Cinema Paradiso (1988),1988,Cinema Paradiso,https://letterboxd.com/film/cinema-paradiso/,2026-05-25T13:27:43+00:00
movie_6723d15431ae,1364,Full Metal Jacket (1987),Full Metal Jacket (1987),1987,Full Metal Jacket,https://letterboxd.com/film/full-metal-jacket/,2026-05-25T13:27:43+00:00
movie_aab9a1d9e1ff,1365,Blue Velvet (1986),Blue Velvet (1986),1986,Blue Velvet,https://letterboxd.com/film/blue-velvet/,2026-05-25T13:27:43+00:00
movie_35b9c966aff6,1366,Eraserhead (1977),Eraserhead (1977),1977,Eraserhead,https://letterboxd.com/film/eraserhead/,2026-05-25T13:27:43+00:00
movie_d58df8ecc41d,1367,Dr. Strangelove or: How I Learned to Stop Worrying and Love the Bomb (1964),Dr. Strangelove or: How I Learned to Stop Worrying and Love the Bomb (1964),1964,Dr. Strangelove or: How I Learned to Stop Worrying and Love the Bomb,https://letterboxd.com/film/dr-strangelove-or-how-i-learned-to-stop-worrying-and-love-the-bomb/,2026-05-25T13:27:43+00:00
movie_f64cdb3954e0,1368,Mickey 17,Mickey 17,,Mickey 17,,2026-05-25T13:28:13+00:00
movie_69937f429673,1369,Ghostbusters: Frozen Empire (2024),Ghostbusters: Frozen Empire (2024),2024,Ghostbusters: Frozen Empire,https://letterboxd.com/film/ghostbusters-frozen-empire/,2026-05-25T13:28:43+00:00
movie_2189f1461ef2,1370,Knock at the Cabin (2023),Knock at the Cabin (2023),2023,Knock at the Cabin,https://letterboxd.com/film/knock-at-the-cabin/,2026-05-25T13:28:43+00:00
movie_8f6eed460540,1371,Halloween Ends (2022),Halloween Ends (2022),2022,Halloween Ends,https://letterboxd.com/film/halloween-ends/,2026-05-25T13:28:43+00:00
movie_67c3c7ba3017,1372,Mank (2020),Mank (2020),2020,Mank,https://letterboxd.com/film/mank/,2026-05-25T13:28:43+00:00
movie_0607f8e5fe2a,1373,Scarface,Scarface,,Scarface,,2026-05-25T13:29:27+00:00
movie_c3cabe74884f,1374,The Social Network,The Social Network,,The Social Network,,2026-05-25T13:29:27+00:00
movie_eb0538cd1870,1375,Kraven the Hunter (2024),Kraven the Hunter (2024),2024,Kraven the Hunter,https://letterboxd.com/film/kraven-the-hunter/,2026-05-25T13:29:34+00:00
movie_6b6b6eb93f42,1376,Kingdom of the Planet of the Apes (2024),Kingdom of the Planet of the Apes (2024),2024,Kingdom of the Planet of the Apes,https://letterboxd.com/film/kingdom-of-the-planet-of-the-apes/,2026-05-25T13:29:34+00:00
movie_b57329369460,1377,Meg 2: The Trench (2023),Meg 2: The Trench (2023),2023,Meg 2: The Trench,https://letterboxd.com/film/meg-2-the-trench/,2026-05-25T13:29:34+00:00
movie_aee23413a55f,1378,Missing (2023),Missing (2023),2023,Missing,https://letterboxd.com/film/missing-2023/,2026-05-25T13:29:34+00:00
movie_46d82472b0cc,1379,The Good Nurse (2022),The Good Nurse (2022),2022,The Good Nurse,https://letterboxd.com/film/the-good-nurse/,2026-05-25T13:29:34+00:00
movie_910f9eec8431,1380,Persuasion (2022),Persuasion (2022),2022,Persuasion,https://letterboxd.com/film/persuasion-2022/,2026-05-25T13:29:34+00:00
movie_3ba2e107f39b,1381,Resident Evil: Welcome to Raccoon City (2021),Resident Evil: Welcome to Raccoon City (2021),2021,Resident Evil: Welcome to Raccoon City,https://letterboxd.com/film/resident-evil-welcome-to-raccoon-city/,2026-05-25T13:29:34+00:00
movie_7ecf1412da50,1382,Fear Street: 1666 (2021),Fear Street: 1666 (2021),2021,Fear Street: 1666,https://letterboxd.com/film/fear-street-1666/,2026-05-25T13:29:34+00:00
movie_dda55bf8b633,1383,Moxie (2021),Moxie (2021),2021,Moxie,https://letterboxd.com/film/moxie-2021/,2026-05-25T13:29:34+00:00
movie_e1a50526305b,1384,The Devil All the Time (2020),The Devil All the Time (2020),2020,The Devil All the Time,https://letterboxd.com/film/the-devil-all-the-time/,2026-05-25T13:29:34+00:00
movie_fbd5cf85e12f,1385,The New Mutants (2020),The New Mutants (2020),2020,The New Mutants,https://letterboxd.com/film/the-new-mutants/,2026-05-25T13:29:34+00:00
movie_05d770d8c665,1386,6 Underground (2019),6 Underground (2019),2019,6 Underground,https://letterboxd.com/film/6-underground/,2026-05-25T13:30:31+00:00
movie_306155cf1e8e,1387,Scary Stories to Tell in the Dark (2019),Scary Stories to Tell in the Dark (2019),2019,Scary Stories to Tell in the Dark,https://letterboxd.com/film/scary-stories-to-tell-in-the-dark-2019/,2026-05-25T13:30:31+00:00
movie_df1409e48300,1388,Alita: Battle Angel (2019),Alita: Battle Angel (2019),2019,Alita: Battle Angel,https://letterboxd.com/film/alita-battle-angel/,2026-05-25T13:30:32+00:00
movie_1edccb29c11f,1389,Happy Death Day (2017),Happy Death Day (2017),2017,Happy Death Day,https://letterboxd.com/film/happy-death-day/,2026-05-25T13:30:32+00:00
movie_d8f29b423176,1390,Gifted (2017),Gifted (2017),2017,Gifted,https://letterboxd.com/film/gifted-2017/,2026-05-25T13:30:32+00:00
movie_67505b44e0a6,1391,Fifty Shades Darker (2017),Fifty Shades Darker (2017),2017,Fifty Shades Darker,https://letterboxd.com/film/fifty-shades-darker/,2026-05-25T13:30:32+00:00
movie_27dafbfe0145,1392,Back to the Future,Back to the Future,,Back to the Future,,2026-05-25T13:31:10+00:00
movie_69aa55e3df2d,1393,All Her Fault (2025),All Her Fault (2025),2025,All Her Fault,https://letterboxd.com/film/all-her-fault/,2026-05-25T13:32:07+00:00
movie_5bbe03654fdb,1394,John Tucker Must Die (2006),John Tucker Must Die (2006),2006,John Tucker Must Die,https://letterboxd.com/film/john-tucker-must-die/,2026-05-25T13:32:07+00:00
movie_b045875dc18c,1395,Marie Antoinette (2006),Marie Antoinette (2006),2006,Marie Antoinette,https://letterboxd.com/film/marie-antoinette-2006/,2026-05-25T13:32:07+00:00
movie_1f22129040bd,1396,A Walk to Remember (2002),A Walk to Remember (2002),2002,A Walk to Remember,https://letterboxd.com/film/a-walk-to-remember/,2026-05-25T13:32:07+00:00
movie_580cb6592d1a,1397,Nowhere (2023),Nowhere (2023),2023,Nowhere,https://letterboxd.com/film/nowhere-2023-2/,2026-05-25T13:34:20+00:00
movie_f6dae64042e7,1398,Passengers (2016),Passengers (2016),2016,Passengers,https://letterboxd.com/film/passengers-2016/,2026-05-25T13:34:20+00:00
movie_7ce227b70383,1399,3096 Days (2013),3096 Days (2013),2013,3096 Days,https://letterboxd.com/film/3096-days/,2026-05-25T13:34:20+00:00
movie_5b376c9277a1,1400,The Fast and the Furious (2001),The Fast and the Furious (2001),2001,The Fast and the Furious,https://letterboxd.com/film/the-fast-and-the-furious-2001/,2026-05-25T13:34:20+00:00
movie_194949c7e6a8,1401,One of Them Days (2025),One of Them Days (2025),2025,One of Them Days,https://letterboxd.com/film/one-of-them-days/,2026-05-25T13:35:18+00:00
movie_07bc0486b248,1402,Red One (2024),Red One (2024),2024,Red One,https://letterboxd.com/film/red-one/,2026-05-25T13:35:18+00:00
movie_bce1d47411c8,1403,Rebel Ridge (2024),Rebel Ridge (2024),2024,Rebel Ridge,https://letterboxd.com/film/rebel-ridge/,2026-05-25T13:35:18+00:00
movie_daddd2e2d7ca,1404,Argylle (2024),Argylle (2024),2024,Argylle,https://letterboxd.com/film/argylle/,2026-05-25T13:35:18+00:00
movie_f8db1494ced7,1405,Hit Man (2023),Hit Man (2023),2023,Hit Man,https://letterboxd.com/film/hit-man-2023/,2026-05-25T13:35:18+00:00
movie_32332a87f687,1406,Cocaine Bear (2023),Cocaine Bear (2023),2023,Cocaine Bear,https://letterboxd.com/film/cocaine-bear/,2026-05-25T13:35:18+00:00
movie_3364d05aa013,1407,Amsterdam (2022),Amsterdam (2022),2022,Amsterdam,https://letterboxd.com/film/amsterdam-2022/,2026-05-25T13:35:18+00:00
movie_acd867d7c7bd,1408,Lee Cronin's The Mummy,Lee Cronin's The Mummy,,Lee Cronin's The Mummy,,2026-05-25T13:36:05+00:00
movie_cad6e2173259,1409,Faces of Death (2026),Faces of Death (2026),2026,Faces of Death,https://letterboxd.com/film/faces-of-death-2026/,2026-05-25T13:36:05+00:00
movie_f3e4bd1da7f0,1410,Something Very Bad Is Going to Happen (2026),Something Very Bad Is Going to Happen (2026),2026,Something Very Bad Is Going to Happen,https://letterboxd.com/film/something-very-bad-is-going-to-happen/,2026-05-25T13:36:05+00:00
movie_0421ef3a4b44,1411,Crime 101 (2026),Crime 101 (2026),2026,Crime 101,https://letterboxd.com/film/crime-101/,2026-05-25T13:36:05+00:00
movie_b378b25307ae,1412,undertone (2025),undertone (2025),2025,undertone,https://letterboxd.com/film/undertone-2025/,2026-05-25T13:36:05+00:00
movie_3bf3291d3cf6,1413,Don't Move (2024),Don't Move (2024),2024,Don't Move,https://letterboxd.com/film/dont-move-2024/,2026-05-25T13:36:05+00:00
movie_f1e5fe13c235,1414,Monsters: The Lyle and Erik Menendez Story (2024),Monsters: The Lyle and Erik Menendez Story (2024),2024,Monsters: The Lyle and Erik Menendez Story,https://letterboxd.com/film/monsters-2024/,2026-05-25T13:36:05+00:00
movie_5035e7b2d538,1415,Cuckoo (2024),Cuckoo (2024),2024,Cuckoo,https://letterboxd.com/film/cuckoo-2024/,2026-05-25T13:36:05+00:00
movie_abcba8000ee4,1416,In a Violent Nature (2024),In a Violent Nature (2024),2024,In a Violent Nature,https://letterboxd.com/film/in-a-violent-nature/,2026-05-25T13:36:05+00:00
movie_a1345c691d68,1417,When Evil Lurks (2023),When Evil Lurks (2023),2023,When Evil Lurks,https://letterboxd.com/film/when-evil-lurks/,2026-05-25T13:36:05+00:00
movie_b4f7a2aa9fa8,1418,"Love, Death & Robots: Mason's Rats (2022)","Love, Death & Robots: Mason's Rats (2022)",2022,"Love, Death & Robots: Mason's Rats",https://letterboxd.com/film/love-death-robots-masons-rats/,2026-05-25T13:36:05+00:00
movie_4c5b6f70ade9,1419,"Love, Death & Robots: Night of the Mini Dead (2022)","Love, Death & Robots: Night of the Mini Dead (2022)",2022,"Love, Death & Robots: Night of the Mini Dead",https://letterboxd.com/film/love-death-robots-night-of-the-mini-dead/,2026-05-25T13:36:05+00:00
movie_69d1fc99ba31,1420,"Love, Death & Robots: Jibaro (2022)","Love, Death & Robots: Jibaro (2022)",2022,"Love, Death & Robots: Jibaro",https://letterboxd.com/film/love-death-robots-jibaro-2022/,2026-05-25T13:36:05+00:00
movie_b52987ce3231,1421,"Love, Death & Robots: Three Robots: Exit Strategies (2022)","Love, Death & Robots: Three Robots: Exit Strategies (2022)",2022,"Love, Death & Robots: Three Robots: Exit Strategies",https://letterboxd.com/film/love-death-robots-three-robots-exit-strategies/,2026-05-25T13:36:05+00:00
movie_df1199a42635,1422,Heat,Heat,,Heat,,2026-05-25T13:36:17+00:00
movie_68049a214866,1423,How the Grinch Stole Christmas (2000),How the Grinch Stole Christmas (2000),2000,How the Grinch Stole Christmas,https://letterboxd.com/film/how-the-grinch-stole-christmas-2000/,2026-05-25T13:37:09+00:00
movie_d12e2a7ea40a,1424,(500) Days of Summer,(500) Days of Summer,,(500) Days of Summer,,2026-05-25T13:38:48+00:00
movie_f4c5e2034b7c,1425,Hacksaw Ridge,Hacksaw Ridge,,Hacksaw Ridge,,2026-05-25T13:39:43+00:00
movie_18322d67e1c2,1426,The Breakfast Club (1985),The Breakfast Club (1985),1985,The Breakfast Club,https://letterboxd.com/film/the-breakfast-club/,2026-05-25T13:39:50+00:00
movie_6b12ce51ed35,1427,Confessions of a Shopaholic (2009),Confessions of a Shopaholic (2009),2009,Confessions of a Shopaholic,https://letterboxd.com/film/confessions-of-a-shopaholic/,2026-05-25T13:40:42+00:00
movie_0a19b7440598,1428,Black Swan,Black Swan,,Black Swan,,2026-05-25T13:41:29+00:00
movie_c9f388fafd4c,1429,Pitch Perfect 3 (2017),Pitch Perfect 3 (2017),2017,Pitch Perfect 3,https://letterboxd.com/film/pitch-perfect-3/,2026-05-25T13:42:35+00:00
movie_12c27d5d690f,1430,Pitch Perfect 2 (2015),Pitch Perfect 2 (2015),2015,Pitch Perfect 2,https://letterboxd.com/film/pitch-perfect-2/,2026-05-25T13:42:35+00:00
movie_8662896d348c,1431,End of Watch (2012),End of Watch (2012),2012,End of Watch,https://letterboxd.com/film/end-of-watch/,2026-05-25T13:42:35+00:00
movie_a6ba1ef1569e,1432,Friends with Benefits (2011),Friends with Benefits (2011),2011,Friends with Benefits,https://letterboxd.com/film/friends-with-benefits/,2026-05-25T13:42:35+00:00
movie_42ff26f8bfab,1433,Brother Bear (2003),Brother Bear (2003),2003,Brother Bear,https://letterboxd.com/film/brother-bear/,2026-05-25T13:42:35+00:00
movie_06bcb4b085de,1434,Remember the Titans (2000),Remember the Titans (2000),2000,Remember the Titans,https://letterboxd.com/film/remember-the-titans/,2026-05-25T13:42:35+00:00
movie_d438115af068,1435,Rocky (1976),Rocky (1976),1976,Rocky,https://letterboxd.com/film/rocky/,2026-05-25T13:42:35+00:00
movie_657d39d1614b,1436,The Elephant Man (1980),The Elephant Man (1980),1980,The Elephant Man,https://letterboxd.com/film/the-elephant-man/,2026-05-25T13:43:30+00:00
movie_1f8a05a917fb,1437,Lawrence of Arabia (1962),Lawrence of Arabia (1962),1962,Lawrence of Arabia,https://letterboxd.com/film/lawrence-of-arabia/,2026-05-25T13:43:30+00:00
movie_4c0287ed5f66,1438,Rear Window (1954),Rear Window (1954),1954,Rear Window,https://letterboxd.com/film/rear-window/,2026-05-25T13:43:30+00:00
movie_e788643564c3,1439,Casablanca (1942),Casablanca (1942),1942,Casablanca,https://letterboxd.com/film/casablanca/,2026-05-25T13:43:30+00:00
movie_bb8b95d29714,1440,The Virgin Suicides,The Virgin Suicides,,The Virgin Suicides,,2026-05-25T13:44:09+00:00
movie_5d2e1bcc992c,1441,Memoir of a Snail (2024),Memoir of a Snail (2024),2024,Memoir of a Snail,https://letterboxd.com/film/memoir-of-a-snail/,2026-05-25T13:44:17+00:00
movie_f61ab4e2aa0b,1442,In the Heights (2021),In the Heights (2021),2021,In the Heights,https://letterboxd.com/film/in-the-heights/,2026-05-25T13:44:17+00:00
movie_4eb00fc1325d,1443,The Usual Suspects (1995),The Usual Suspects (1995),1995,The Usual Suspects,https://letterboxd.com/film/the-usual-suspects/,2026-05-25T13:44:17+00:00
movie_6fc464c57ede,1444,The Terminator,The Terminator,,The Terminator,,2026-05-25T13:44:44+00:00
movie_4f0b66f6f9fe,1445,If I Had Legs I'd Kick You (2025),If I Had Legs I'd Kick You (2025),2025,If I Had Legs I'd Kick You,https://letterboxd.com/film/if-i-had-legs-id-kick-you/,2026-05-25T13:45:11+00:00
movie_3cbb8dcaec1c,1446,Men (2022),Men (2022),2022,Men,https://letterboxd.com/film/men-2022/,2026-05-25T13:45:11+00:00
movie_669765f6b55c,1447,The Northman,The Northman,,The Northman,,2026-05-25T13:45:49+00:00
movie_ca5e7bbd09dd,1448,The Flame (2020),The Flame (2020),2020,The Flame,https://letterboxd.com/film/the-flame-2020-2/,2026-05-25T13:46:43+00:00
movie_07a4b845e44e,1449,The Haunting of Bly Manor (2020),The Haunting of Bly Manor (2020),2020,The Haunting of Bly Manor,https://letterboxd.com/film/the-haunting-of-bly-manor/,2026-05-25T13:46:43+00:00
movie_561252ff8648,1450,Watchmen (2019),Watchmen (2019),2019,Watchmen,https://letterboxd.com/film/watchmen-2019/,2026-05-25T13:46:43+00:00
movie_016da1d9a7d8,1451,1922 (2017),1922 (2017),2017,1922,https://letterboxd.com/film/1922-2017/,2026-05-25T13:46:43+00:00
movie_d5e524c7b6ad,1452,The Woman in the Yard (2025),The Woman in the Yard (2025),2025,The Woman in the Yard,https://letterboxd.com/film/the-woman-in-the-yard/,2026-05-25T13:49:04+00:00
movie_05f552d4a9ce,1453,The Theory of Everything (2014),The Theory of Everything (2014),2014,The Theory of Everything,https://letterboxd.com/film/the-theory-of-everything-2014/,2026-05-25T13:49:04+00:00
movie_e463482841ae,1454,Easy A (2010),Easy A (2010),2010,Easy A,https://letterboxd.com/film/easy-a/,2026-05-25T13:49:04+00:00
movie_f72f4b376984,1455,The Proposal (2009),The Proposal (2009),2009,The Proposal,https://letterboxd.com/film/the-proposal-2009/,2026-05-25T13:49:04+00:00
movie_c7b09da4693f,1456,Night at the Museum: Battle of the Smithsonian (2009),Night at the Museum: Battle of the Smithsonian (2009),2009,Night at the Museum: Battle of the Smithsonian,https://letterboxd.com/film/night-at-the-museum-battle-of-the-smithsonian/,2026-05-25T13:49:04+00:00
movie_7e329bc2e737,1457,Perfect Blue,Perfect Blue,,Perfect Blue,,2026-05-25T13:49:49+00:00
movie_fd2efc33bec7,1458,Lord of the Flies (2026),Lord of the Flies (2026),2026,Lord of the Flies,https://letterboxd.com/film/lord-of-the-flies-2026/,2026-05-25T13:49:56+00:00
movie_736fe0296184,1459,The Great Flood (2025),The Great Flood (2025),2025,The Great Flood,https://letterboxd.com/film/the-great-flood-2025/,2026-05-25T13:49:56+00:00
movie_bf44e8d724ae,1460,Love Untangled (2025),Love Untangled (2025),2025,Love Untangled,https://letterboxd.com/film/love-untangled/,2026-05-25T13:49:56+00:00
movie_413e6fb47869,1461,Strange Harvest (2024),Strange Harvest (2024),2024,Strange Harvest,https://letterboxd.com/film/strange-harvest-2024/,2026-05-25T13:49:56+00:00
movie_64c9f6769b54,1462,How to Make Millions Before Grandma Dies (2024),How to Make Millions Before Grandma Dies (2024),2024,How to Make Millions Before Grandma Dies,https://letterboxd.com/film/how-to-make-millions-before-grandma-dies/,2026-05-25T13:49:56+00:00
movie_eb5a5691f139,1463,Twinkling Watermelon (2023),Twinkling Watermelon (2023),2023,Twinkling Watermelon,https://letterboxd.com/film/twinkling-watermelon/,2026-05-25T13:49:56+00:00
movie_ead82ca0f86a,1464,"Miraculous: Ladybug & Cat Noir, The Movie (2023)","Miraculous: Ladybug & Cat Noir, The Movie (2023)",2023,"Miraculous: Ladybug & Cat Noir, The Movie",https://letterboxd.com/film/miraculous-ladybug-cat-noir-the-movie/,2026-05-25T13:49:56+00:00
movie_a7163416ceb9,1465,Bitch X Rich (2023),Bitch X Rich (2023),2023,Bitch X Rich,https://letterboxd.com/film/bitch-x-rich/,2026-05-25T13:49:56+00:00
movie_85353413f045,1466,The Little Mermaid (2023),The Little Mermaid (2023),2023,The Little Mermaid,https://letterboxd.com/film/the-little-mermaid-2023/,2026-05-25T13:49:56+00:00
movie_91ccddbe1831,1467,Duty After School (2023),Duty After School (2023),2023,Duty After School,https://letterboxd.com/film/duty-after-school/,2026-05-25T13:49:56+00:00
movie_fc7b52d0e7c4,1468,Soulmate (2023),Soulmate (2023),2023,Soulmate,https://letterboxd.com/film/soulmate-2023/,2026-05-25T13:49:56+00:00
movie_f0a4ed724981,1469,Our Beloved Summer (2021),Our Beloved Summer (2021),2021,Our Beloved Summer,https://letterboxd.com/film/our-beloved-summer/,2026-05-25T13:49:56+00:00
movie_58a571597d0d,1470,Vivo (2021),Vivo (2021),2021,Vivo,https://letterboxd.com/film/vivo/,2026-05-25T13:49:56+00:00
movie_95fdc7074459,1471,Belle (2021),Belle (2021),2021,Belle,https://letterboxd.com/film/belle-2021/,2026-05-25T13:49:56+00:00
movie_88b62d64474d,1472,Pearl,Pearl,,Pearl,,2026-05-25T13:49:59+00:00
movie_b0a0c0de1ffc,1473,The Phantom of the Opera (2004),The Phantom of the Opera (2004),2004,The Phantom of the Opera,https://letterboxd.com/film/the-phantom-of-the-opera-2004/,2026-05-25T13:51:00+00:00
movie_4a3c311de7d3,1474,Citizen Kane (1941),Citizen Kane (1941),1941,Citizen Kane,https://letterboxd.com/film/citizen-kane/,2026-05-25T13:51:00+00:00
movie_6c2835371068,1475,Children of Men (2006),Children of Men (2006),2006,Children of Men,https://letterboxd.com/film/children-of-men/,2026-05-25T13:51:55+00:00
movie_7e758e6b9bb2,1476,Reminders of Him (2026),Reminders of Him (2026),2026,Reminders of Him,https://letterboxd.com/film/reminders-of-him/,2026-05-25T13:53:35+00:00
movie_466d6b8bdbd3,1477,The Strangers: Chapter 3 (2026),The Strangers: Chapter 3 (2026),2026,The Strangers: Chapter 3,https://letterboxd.com/film/the-strangers-chapter-3/,2026-05-25T13:53:35+00:00
movie_129cdae26b72,1478,Cold Storage (2026),Cold Storage (2026),2026,Cold Storage,https://letterboxd.com/film/cold-storage-2026/,2026-05-25T13:53:35+00:00
movie_89cfffbd7313,1479,Mercy (2026),Mercy (2026),2026,Mercy,https://letterboxd.com/film/mercy-2026/,2026-05-25T13:53:35+00:00
movie_77b44a2e1c07,1480,Our Fault (2025),Our Fault (2025),2025,Our Fault,https://letterboxd.com/film/our-fault/,2026-05-25T13:53:35+00:00
movie_ee6484ab8aa3,1481,Whistle (2025),Whistle (2025),2025,Whistle,https://letterboxd.com/film/whistle-2025-1/,2026-05-25T13:53:35+00:00
movie_37241788346d,1482,The Strangers: Chapter 2 (2025),The Strangers: Chapter 2 (2025),2025,The Strangers: Chapter 2,https://letterboxd.com/film/the-strangers-chapter-2/,2026-05-25T13:53:35+00:00
movie_532a114a7386,1483,M3GAN 2.0 (2025),M3GAN 2.0 (2025),2025,M3GAN 2.0,https://letterboxd.com/film/m3gan-20/,2026-05-25T13:53:35+00:00
movie_b39d26b66e09,1484,Fear Street: Prom Queen (2025),Fear Street: Prom Queen (2025),2025,Fear Street: Prom Queen,https://letterboxd.com/film/fear-street-prom-queen/,2026-05-25T13:53:35+00:00
movie_9c617acb30ce,1485,Black Mirror: USS Callister – Into Infinity (2025),Black Mirror: USS Callister – Into Infinity (2025),2025,Black Mirror: USS Callister – Into Infinity,https://letterboxd.com/film/black-mirror-uss-callister-into-infinity/,2026-05-25T13:53:35+00:00
movie_d26d86738050,1486,Black Mirror: Plaything (2025),Black Mirror: Plaything (2025),2025,Black Mirror: Plaything,https://letterboxd.com/film/black-mirror-plaything/,2026-05-25T13:53:35+00:00
movie_19ca59fbeb2e,1487,Black Mirror: Common People (2025),Black Mirror: Common People (2025),2025,Black Mirror: Common People,https://letterboxd.com/film/black-mirror-common-people/,2026-05-25T13:53:35+00:00
movie_bf01ee13a690,1488,Clown in a Cornfield (2025),Clown in a Cornfield (2025),2025,Clown in a Cornfield,https://letterboxd.com/film/clown-in-a-cornfield/,2026-05-25T13:53:35+00:00
movie_03858aced181,1489,Sidelined: The QB and Me (2024),Sidelined: The QB and Me (2024),2024,Sidelined: The QB and Me,https://letterboxd.com/film/sidelined-the-qb-and-me/,2026-05-25T13:53:35+00:00
movie_4a225dc3f990,1490,Incoming (2024),Incoming (2024),2024,Incoming,https://letterboxd.com/film/incoming-2024/,2026-05-25T13:53:35+00:00
movie_5f98ad0b9ff3,1491,The Strangers: Chapter 1 (2024),The Strangers: Chapter 1 (2024),2024,The Strangers: Chapter 1,https://letterboxd.com/film/the-strangers-chapter-1/,2026-05-25T13:53:35+00:00
movie_1618aa4ede0a,1492,Snack Shack (2024),Snack Shack (2024),2024,Snack Shack,https://letterboxd.com/film/snack-shack/,2026-05-25T13:53:35+00:00
movie_3cb27c0d429c,1493,Totally Killer (2023),Totally Killer (2023),2023,Totally Killer,https://letterboxd.com/film/totally-killer/,2026-05-25T13:53:35+00:00
movie_5269b5b33867,1494,Pride & Prejudice,Pride & Prejudice,,Pride & Prejudice,,2026-05-25T13:33:30+00:00
movie_26c202fde834,1495,"Love, Rosie (2014)","Love, Rosie (2014)",2014,"Love, Rosie",https://letterboxd.com/film/love-rosie/,2026-05-25T13:54:25+00:00
movie_115861480073,1496,The Karate Kid (2010),The Karate Kid (2010),2010,The Karate Kid,https://letterboxd.com/film/the-karate-kid-2010/,2026-05-25T13:54:25+00:00
movie_3741ec0757f7,1497,Atonement (2007),Atonement (2007),2007,Atonement,https://letterboxd.com/film/atonement/,2026-05-25T13:54:25+00:00
movie_9a1354ad602d,1498,The Holiday (2006),The Holiday (2006),2006,The Holiday,https://letterboxd.com/film/the-holiday/,2026-05-25T13:54:25+00:00
movie_a3bf951e1f2f,1499,Borat: Cultural Learnings of America for Make Benefit Glorious Nation of Kazakhstan (2006),Borat: Cultural Learnings of America for Make Benefit Glorious Nation of Kazakhstan (2006),2006,Borat: Cultural Learnings of America for Make Benefit Glorious Nation of Kazakhstan,https://letterboxd.com/film/borat-cultural-learnings-of-america-for-make-benefit-glorious-nation-of-kazakhstan/,2026-05-25T13:54:25+00:00
movie_f13964686d8b,1500,How to Lose a Guy in 10 Days,How to Lose a Guy in 10 Days,,How to Lose a Guy in 10 Days,,2026-05-25T13:54:33+00:00
movie_c25c4bb1bb35,1501,Hamnet,Hamnet,,Hamnet,,2026-05-25T13:54:44+00:00
movie_fc77a6aeee7c,1502,Your Name.,Your Name.,,Your Name.,,2026-05-25T13:55:17+00:00
movie_412c1528a6ab,1503,Paddington 2 (2017),Paddington 2 (2017),2017,Paddington 2,https://letterboxd.com/film/paddington-2/,2026-05-25T13:55:24+00:00
movie_76d251fce082,1504,How to Train Your Dragon 2 (2014),How to Train Your Dragon 2 (2014),2014,How to Train Your Dragon 2,https://letterboxd.com/film/how-to-train-your-dragon-2/,2026-05-25T13:55:24+00:00
movie_2acd17dc3836,1505,Mr. Peabody & Sherman (2014),Mr. Peabody & Sherman (2014),2014,Mr. Peabody & Sherman,https://letterboxd.com/film/mr-peabody-sherman/,2026-05-25T13:55:24+00:00
movie_f92beab7b537,1506,The Garden of Words (2013),The Garden of Words (2013),2013,The Garden of Words,https://letterboxd.com/film/the-garden-of-words/,2026-05-25T13:55:24+00:00
movie_4a0eddca7ffd,1507,Diary of a Wimpy Kid: Dog Days (2012),Diary of a Wimpy Kid: Dog Days (2012),2012,Diary of a Wimpy Kid: Dog Days,https://letterboxd.com/film/diary-of-a-wimpy-kid-dog-days/,2026-05-25T13:55:24+00:00
movie_cf4b8d2c316b,1508,Wolf Children (2012),Wolf Children (2012),2012,Wolf Children,https://letterboxd.com/film/wolf-children/,2026-05-25T13:55:24+00:00
movie_d43c79aa36d0,1509,Ice Age: Continental Drift (2012),Ice Age: Continental Drift (2012),2012,Ice Age: Continental Drift,https://letterboxd.com/film/ice-age-continental-drift/,2026-05-25T13:55:24+00:00
movie_bae63326d478,1510,The Lorax (2012),The Lorax (2012),2012,The Lorax,https://letterboxd.com/film/the-lorax-2012/,2026-05-25T13:55:24+00:00
movie_768fff3b73c3,1511,Kung Fu Panda 2 (2011),Kung Fu Panda 2 (2011),2011,Kung Fu Panda 2,https://letterboxd.com/film/kung-fu-panda-2/,2026-05-25T13:55:24+00:00
movie_3aeee948aec8,1512,Diary of a Wimpy Kid: Rodrick Rules (2011),Diary of a Wimpy Kid: Rodrick Rules (2011),2011,Diary of a Wimpy Kid: Rodrick Rules,https://letterboxd.com/film/diary-of-a-wimpy-kid-rodrick-rules/,2026-05-25T13:55:24+00:00
movie_cd502d3f9958,1513,Rio (2011),Rio (2011),2011,Rio,https://letterboxd.com/film/rio-2011/,2026-05-25T13:55:24+00:00
movie_be69921e001d,1514,Diary of a Wimpy Kid (2010),Diary of a Wimpy Kid (2010),2010,Diary of a Wimpy Kid,https://letterboxd.com/film/diary-of-a-wimpy-kid/,2026-05-25T13:55:24+00:00
movie_6165ecc10d7c,1515,Alvin and the Chipmunks: The Squeakquel (2009),Alvin and the Chipmunks: The Squeakquel (2009),2009,Alvin and the Chipmunks: The Squeakquel,https://letterboxd.com/film/alvin-and-the-chipmunks-the-squeakquel/,2026-05-25T13:55:24+00:00
movie_b5f5f67c69f8,1516,High School Musical 3: Senior Year (2008),High School Musical 3: Senior Year (2008),2008,High School Musical 3: Senior Year,https://letterboxd.com/film/high-school-musical-3-senior-year/,2026-05-25T13:55:24+00:00
movie_5697f70f3a81,1517,Fallen Angels (1995),Fallen Angels (1995),1995,Fallen Angels,https://letterboxd.com/film/fallen-angels/,2026-05-25T13:56:05+00:00
movie_7ffebfc494ad,1518,The Green Knight (2021),The Green Knight (2021),2021,The Green Knight,https://letterboxd.com/film/the-green-knight/,2026-05-25T13:56:12+00:00
movie_55b0f1dd6f0c,1519,The Half of It (2020),The Half of It (2020),2020,The Half of It,https://letterboxd.com/film/the-half-of-it/,2026-05-25T13:56:12+00:00
movie_3937d4197c7b,1520,Shiva Baby (2020),Shiva Baby (2020),2020,Shiva Baby,https://letterboxd.com/film/shiva-baby-2020/,2026-05-25T13:56:12+00:00
movie_dd753aaa75f9,1521,Kill Bill: The Whole Bloody Affair (2004),Kill Bill: The Whole Bloody Affair (2004),2004,Kill Bill: The Whole Bloody Affair,https://letterboxd.com/film/kill-bill-the-whole-bloody-affair/,2026-05-25T13:56:12+00:00
movie_052f5acc0d1b,1522,2046 (2004),2046 (2004),2004,2046,https://letterboxd.com/film/2046/,2026-05-25T13:56:12+00:00
movie_eb23bf463558,1523,All About Lily Chou-Chou (2001),All About Lily Chou-Chou (2001),2001,All About Lily Chou-Chou,https://letterboxd.com/film/all-about-lily-chou-chou/,2026-05-25T13:56:12+00:00
movie_75fe8b4436e8,1524,"Crouching Tiger, Hidden Dragon (2000)","Crouching Tiger, Hidden Dragon (2000)",2000,"Crouching Tiger, Hidden Dragon",https://letterboxd.com/film/crouching-tiger-hidden-dragon/,2026-05-25T13:56:12+00:00
movie_958051eb1b4c,1525,But I'm a Cheerleader (1999),But I'm a Cheerleader (1999),1999,But I'm a Cheerleader,https://letterboxd.com/film/but-im-a-cheerleader/,2026-05-25T13:56:12+00:00
movie_bc02078e0579,1526,Rushmore (1998),Rushmore (1998),1998,Rushmore,https://letterboxd.com/film/rushmore/,2026-05-25T13:56:12+00:00
movie_6d596f1a904e,1527,Boogie Nights (1997),Boogie Nights (1997),1997,Boogie Nights,https://letterboxd.com/film/boogie-nights/,2026-05-25T13:56:12+00:00
movie_b2324eb3fcc7,1528,Chungking Express (1994),Chungking Express (1994),1994,Chungking Express,https://letterboxd.com/film/chungking-express/,2026-05-25T13:56:12+00:00
movie_2055082bd3f1,1529,When Harry Met Sally... (1989),When Harry Met Sally... (1989),1989,When Harry Met Sally...,https://letterboxd.com/film/when-harry-met-sally/,2026-05-25T13:56:12+00:00
movie_953ff4e94a71,1530,Knives Out,Knives Out,,Knives Out,,2026-05-25T13:56:53+00:00
movie_ec1323a3e86f,1531,Cast Away (2000),Cast Away (2000),2000,Cast Away,https://letterboxd.com/film/cast-away/,2026-05-25T13:56:59+00:00
movie_ae64dfc3a8bf,1532,Groundhog Day (1993),Groundhog Day (1993),1993,Groundhog Day,https://letterboxd.com/film/groundhog-day/,2026-05-25T13:56:59+00:00
movie_50e9694e960b,1533,E.T. the Extra-Terrestrial (1982),E.T. the Extra-Terrestrial (1982),1982,E.T. the Extra-Terrestrial,https://letterboxd.com/film/et-the-extra-terrestrial/,2026-05-25T13:56:59+00:00
movie_9a6fe5897ffd,1534,The Wizard of Oz (1939),The Wizard of Oz (1939),1939,The Wizard of Oz,https://letterboxd.com/film/the-wizard-of-oz-1939/,2026-05-25T13:56:59+00:00
movie_61edd187b299,1535,Insidious: The Red Door (2023),Insidious: The Red Door (2023),2023,Insidious: The Red Door,https://letterboxd.com/film/insidious-the-red-door/,2026-05-25T13:57:53+00:00
movie_fdb4d741f3f8,1536,The Babadook (2014),The Babadook (2014),2014,The Babadook,https://letterboxd.com/film/the-babadook/,2026-05-25T13:57:53+00:00
movie_78553e3bcedc,1537,Sinister (2012),Sinister (2012),2012,Sinister,https://letterboxd.com/film/sinister/,2026-05-25T13:57:53+00:00
movie_dc8a88f29231,1538,"The Chronicles of Narnia: The Lion, the Witch and the Wardrobe (2005)","The Chronicles of Narnia: The Lion, the Witch and the Wardrobe (2005)",2005,"The Chronicles of Narnia: The Lion, the Witch and the Wardrobe",https://letterboxd.com/film/the-chronicles-of-narnia-the-lion-the-witch-and-the-wardrobe/,2026-05-25T13:57:53+00:00
movie_d483e7b8f6a0,1539,The Ring (2002),The Ring (2002),2002,The Ring,https://letterboxd.com/film/the-ring-2002/,2026-05-25T13:57:53+00:00
movie_00a89a57aa54,1540,10 Things I Hate About You,10 Things I Hate About You,,10 Things I Hate About You,,2026-05-25T13:58:33+00:00
movie_91ad0768223f,1541,Agatha All Along (2024),Agatha All Along (2024),2024,Agatha All Along,https://letterboxd.com/film/agatha-all-along-2024/,2026-05-25T13:58:41+00:00
movie_1b78d6af2fdf,1542,Cyberpunk: Edgerunners (2022),Cyberpunk: Edgerunners (2022),2022,Cyberpunk: Edgerunners,https://letterboxd.com/film/cyberpunk-edgerunners/,2026-05-25T13:58:41+00:00
movie_46879298ba30,1543,JUJUTSU KAISEN (2020),JUJUTSU KAISEN (2020),2020,JUJUTSU KAISEN,https://letterboxd.com/film/jujutsu-kaisen/,2026-05-25T13:58:41+00:00
movie_15487a3cb862,1544,Thor: Love and Thunder,Thor: Love and Thunder,,Thor: Love and Thunder,,2026-05-25T13:58:48+00:00
movie_4a175401044f,1545,Coco,Coco,,Coco,,2026-05-25T13:59:40+00:00
movie_77276f192956,1546,50 First Dates (2004),50 First Dates (2004),2004,50 First Dates,https://letterboxd.com/film/50-first-dates/,2026-05-25T13:59:40+00:00
movie_d9e6d6b30cdb,1547,Split,Split,,Split,,2026-05-25T14:00:32+00:00
movie_2a243cc4b875,1548,21 (2008),21 (2008),2008,21,https://letterboxd.com/film/21/,2026-05-25T14:02:50+00:00
movie_7f626cc2b057,1549,Nobody 2 (2025),Nobody 2 (2025),2025,Nobody 2,https://letterboxd.com/film/nobody-2/,2026-05-25T14:02:57+00:00
movie_fb64e0dd6053,1550,Ballerina (2023),Ballerina (2023),2023,Ballerina,https://letterboxd.com/film/ballerina-2023/,2026-05-25T14:02:57+00:00
movie_d0b58ff7fad2,1551,Hocus Pocus 2 (2022),Hocus Pocus 2 (2022),2022,Hocus Pocus 2,https://letterboxd.com/film/hocus-pocus-2/,2026-05-25T14:02:57+00:00
movie_447717c9d757,1552,Werewolf by Night (2022),Werewolf by Night (2022),2022,Werewolf by Night,https://letterboxd.com/film/werewolf-by-night/,2026-05-25T14:02:57+00:00
movie_266dfa814ea8,1553,Boiling Point (2021),Boiling Point (2021),2021,Boiling Point,https://letterboxd.com/film/boiling-point-2021/,2026-05-25T14:02:57+00:00
movie_eb3ca88e2383,1554,Straight Outta Compton (2015),Straight Outta Compton (2015),2015,Straight Outta Compton,https://letterboxd.com/film/straight-outta-compton/,2026-05-25T14:03:43+00:00
movie_ef89bba9dee1,1555,The Hangover Part II (2011),The Hangover Part II (2011),2011,The Hangover Part II,https://letterboxd.com/film/the-hangover-part-ii/,2026-05-25T14:03:43+00:00
movie_6f3d1063dcf1,1556,The Blind Side (2009),The Blind Side (2009),2009,The Blind Side,https://letterboxd.com/film/the-blind-side/,2026-05-25T14:03:43+00:00
movie_27b441d441d8,1557,Happy Gilmore (1996),Happy Gilmore (1996),1996,Happy Gilmore,https://letterboxd.com/film/happy-gilmore/,2026-05-25T14:03:43+00:00
movie_84216357d84f,1558,A Bronx Tale (1993),A Bronx Tale (1993),1993,A Bronx Tale,https://letterboxd.com/film/a-bronx-tale/,2026-05-25T14:03:43+00:00
movie_2c7770aa836a,1559,Boyz n the Hood (1991),Boyz n the Hood (1991),1991,Boyz n the Hood,https://letterboxd.com/film/boyz-n-the-hood/,2026-05-25T14:03:43+00:00
movie_6acf06820d8f,1560,Stand by Me (1986),Stand by Me (1986),1986,Stand by Me,https://letterboxd.com/film/stand-by-me/,2026-05-25T14:03:43+00:00
movie_80480ed451ff,1561,Avatar Aang: The Last Airbender,Avatar Aang: The Last Airbender,,Avatar Aang: The Last Airbender,,2026-05-25T14:04:31+00:00
movie_b4421cd81190,1562,Avatar Aang: The Last Airbender (2026),Avatar Aang: The Last Airbender (2026),2026,Avatar Aang: The Last Airbender,https://letterboxd.com/film/avatar-aang-the-last-airbender/,2026-05-25T14:04:31+00:00
movie_07d42c67e31e,1563,Creep 2 (2017),Creep 2 (2017),2017,Creep 2,https://letterboxd.com/film/creep-2/,2026-05-25T14:04:31+00:00
movie_1c808620748f,1564,Tusk (2014),Tusk (2014),2014,Tusk,https://letterboxd.com/film/tusk-2014/,2026-05-25T14:04:31+00:00
movie_efa34b7d7299,1565,Creep (2014),Creep (2014),2014,Creep,https://letterboxd.com/film/creep-2014/,2026-05-25T14:04:31+00:00
movie_880f52e94291,1566,Spider-Man: Across the Spider-Verse,Spider-Man: Across the Spider-Verse,,Spider-Man: Across the Spider-Verse,,2026-05-25T14:04:35+00:00
movie_21b7787b8259,1567,Blade Runner 2049,Blade Runner 2049,,Blade Runner 2049,,2026-05-25T14:06:08+00:00
movie_2c335d8367ec,1568,Madagascar: Escape 2 Africa (2008),Madagascar: Escape 2 Africa (2008),2008,Madagascar: Escape 2 Africa,https://letterboxd.com/film/madagascar-escape-2-africa/,2026-05-25T14:06:16+00:00
movie_2231407ae8b7,1569,Transformers (2007),Transformers (2007),2007,Transformers,https://letterboxd.com/film/transformers/,2026-05-25T14:06:16+00:00
movie_bca490b23df3,1570,Happy Feet (2006),Happy Feet (2006),2006,Happy Feet,https://letterboxd.com/film/happy-feet/,2026-05-25T14:06:16+00:00
movie_b710d068ce1e,1571,"Are You There God? It's Me, Margaret. (2023)","Are You There God? It's Me, Margaret. (2023)",2023,"Are You There God? It's Me, Margaret.",https://letterboxd.com/film/are-you-there-god-its-me-margaret/,2026-05-25T14:06:55+00:00
movie_701bcc92bfe1,1572,Speak (2004),Speak (2004),2004,Speak,https://letterboxd.com/film/speak/,2026-05-25T14:06:55+00:00
movie_3dd5b53c87de,1573,V/H/S/Halloween (2025),V/H/S/Halloween (2025),2025,V/H/S/Halloween,https://letterboxd.com/film/v-h-s-halloween/,2026-05-25T14:07:50+00:00
movie_2416bfd50e47,1574,Dangerous Animals (2025),Dangerous Animals (2025),2025,Dangerous Animals,https://letterboxd.com/film/dangerous-animals/,2026-05-25T14:07:50+00:00
movie_a4fae7388d20,1575,The Plague (2025),The Plague (2025),2025,The Plague,https://letterboxd.com/film/the-plague-2025/,2026-05-25T14:07:50+00:00
movie_c2875cef76e8,1576,Locked (2025),Locked (2025),2025,Locked,https://letterboxd.com/film/locked-2025/,2026-05-25T14:07:50+00:00
movie_63b9737f3c50,1577,MadS (2024),MadS (2024),2024,MadS,https://letterboxd.com/film/mads/,2026-05-25T14:07:50+00:00
movie_977b6c42eb8e,1578,V/H/S/Beyond (2024),V/H/S/Beyond (2024),2024,V/H/S/Beyond,https://letterboxd.com/film/v-h-s-beyond/,2026-05-25T14:07:50+00:00
movie_ed5e2409d4f5,1579,The Rule of Jenny Pen (2024),The Rule of Jenny Pen (2024),2024,The Rule of Jenny Pen,https://letterboxd.com/film/the-rule-of-jenny-pen/,2026-05-25T14:07:50+00:00
movie_05c75ddb92ef,1580,Milk & Serial (2024),Milk & Serial (2024),2024,Milk & Serial,https://letterboxd.com/film/milk-serial/,2026-05-25T14:07:50+00:00
movie_5af954995019,1581,Retirement Plan (2024),Retirement Plan (2024),2024,Retirement Plan,https://letterboxd.com/film/retirement-plan/,2026-05-25T14:07:50+00:00
movie_5e9db7bb19ed,1582,The Rat Catcher (2023),The Rat Catcher (2023),2023,The Rat Catcher,https://letterboxd.com/film/the-rat-catcher-2023/,2026-05-25T14:08:51+00:00
movie_301743086914,1583,The Swan (2023),The Swan (2023),2023,The Swan,https://letterboxd.com/film/the-swan-2023/,2026-05-25T14:08:51+00:00
movie_bcf216bbd13b,1584,The Secret World of Arrietty (2010),The Secret World of Arrietty (2010),2010,The Secret World of Arrietty,https://letterboxd.com/film/the-secret-world-of-arrietty/,2026-05-25T14:08:51+00:00
movie_fa72cbb419e9,1585,Alice in Wonderland (1951),Alice in Wonderland (1951),1951,Alice in Wonderland,https://letterboxd.com/film/alice-in-wonderland-1951/,2026-05-25T14:08:51+00:00
movie_bde76de84768,1586,Kick-Ass (2010),Kick-Ass (2010),2010,Kick-Ass,https://letterboxd.com/film/kick-ass/,2026-05-25T14:09:35+00:00
movie_d4ecde5aae5d,1587,Yannick (2023),Yannick (2023),2023,Yannick,https://letterboxd.com/film/yannick-2023/,2026-05-25T14:09:42+00:00
movie_37fcc5b99918,1588,The Animal Kingdom (2023),The Animal Kingdom (2023),2023,The Animal Kingdom,https://letterboxd.com/film/the-animal-kingdom-2023/,2026-05-25T14:09:42+00:00
movie_674b11ee20e6,1589,Materialists,Materialists,,Materialists,,2026-05-25T14:09:49+00:00
movie_f9147bc1a942,1590,Ready or Not 2: Here I Come,Ready or Not 2: Here I Come,,Ready or Not 2: Here I Come,,2026-05-25T14:11:13+00:00
movie_8304dbe0800d,1591,Pillion (2025),Pillion (2025),2025,Pillion,https://letterboxd.com/film/pillion-2025/,2026-05-25T14:11:13+00:00
movie_469729c309af,1592,The Ballad of Wallis Island (2025),The Ballad of Wallis Island (2025),2025,The Ballad of Wallis Island,https://letterboxd.com/film/the-ballad-of-wallis-island/,2026-05-25T14:11:13+00:00
movie_840d569287a2,1593,IF (2024),IF (2024),2024,IF,https://letterboxd.com/film/if-2024/,2026-05-25T14:11:13+00:00
movie_b31208fd3355,1594,Drive-Away Dolls (2024),Drive-Away Dolls (2024),2024,Drive-Away Dolls,https://letterboxd.com/film/drive-away-dolls/,2026-05-25T14:11:13+00:00
movie_26683be6d2bd,1595,Quiz Lady (2023),Quiz Lady (2023),2023,Quiz Lady,https://letterboxd.com/film/quiz-lady/,2026-05-25T14:11:13+00:00
movie_78ea056565fa,1596,Haunted Mansion (2023),Haunted Mansion (2023),2023,Haunted Mansion,https://letterboxd.com/film/haunted-mansion-2023/,2026-05-25T14:11:13+00:00
movie_ec30d72b2766,1597,The Taste of Things (2023),The Taste of Things (2023),2023,The Taste of Things,https://letterboxd.com/film/the-taste-of-things/,2026-05-25T14:11:13+00:00
movie_1227f00ffcbc,1598,Disenchanted (2022),Disenchanted (2022),2022,Disenchanted,https://letterboxd.com/film/disenchanted/,2026-05-25T14:11:13+00:00
movie_1a0490eb559b,1599,The Blackening (2022),The Blackening (2022),2022,The Blackening,https://letterboxd.com/film/the-blackening/,2026-05-25T14:11:13+00:00
movie_bb832e3ec33e,1600,Mrs. Harris Goes to Paris (2022),Mrs. Harris Goes to Paris (2022),2022,Mrs. Harris Goes to Paris,https://letterboxd.com/film/mrs-harris-goes-to-paris/,2026-05-25T14:11:13+00:00
movie_5760ce6a58f1,1601,The Bob's Burgers Movie (2022),The Bob's Burgers Movie (2022),2022,The Bob's Burgers Movie,https://letterboxd.com/film/the-bobs-burgers-movie/,2026-05-25T14:11:13+00:00
movie_e76c95dedad1,1602,The Lost City (2022),The Lost City (2022),2022,The Lost City,https://letterboxd.com/film/the-lost-city-2022/,2026-05-25T14:11:13+00:00
movie_11952e367125,1603,Jackass Forever (2022),Jackass Forever (2022),2022,Jackass Forever,https://letterboxd.com/film/jackass-forever/,2026-05-25T14:11:13+00:00
movie_7798fc39cb52,1604,Return of the Jedi,Return of the Jedi,,Return of the Jedi,,2026-05-25T14:11:32+00:00
movie_484ebacc913c,1605,Pizza Movie (2026),Pizza Movie (2026),2026,Pizza Movie,https://letterboxd.com/film/pizza-movie-2026/,2026-05-25T14:12:06+00:00
movie_b902bcf4d029,1606,Scott Pilgrim Takes Off (2023),Scott Pilgrim Takes Off (2023),2023,Scott Pilgrim Takes Off,https://letterboxd.com/film/scott-pilgrim-takes-off-2023/,2026-05-25T14:12:06+00:00
movie_6178a5b634b7,1607,Migration (2023),Migration (2023),2023,Migration,https://letterboxd.com/film/migration-2023/,2026-05-25T14:12:06+00:00
movie_939ece750e78,1608,Secret Invasion (2023),Secret Invasion (2023),2023,Secret Invasion,https://letterboxd.com/film/secret-invasion/,2026-05-25T14:12:06+00:00
movie_2c752bb10597,1609,Ms. Marvel (2022),Ms. Marvel (2022),2022,Ms. Marvel,https://letterboxd.com/film/ms-marvel/,2026-05-25T14:12:06+00:00
movie_e7c818d5f9dc,1610,Hawkeye (2021),Hawkeye (2021),2021,Hawkeye,https://letterboxd.com/film/hawkeye-2021/,2026-05-25T14:12:06+00:00
movie_1647da91f29b,1611,The Falcon and the Winter Soldier (2021),The Falcon and the Winter Soldier (2021),2021,The Falcon and the Winter Soldier,https://letterboxd.com/film/the-falcon-and-the-winter-soldier/,2026-05-25T14:12:06+00:00
movie_33e98486ad04,1612,The King of Staten Island (2020),The King of Staten Island (2020),2020,The King of Staten Island,https://letterboxd.com/film/the-king-of-staten-island/,2026-05-25T14:12:53+00:00
movie_be7a3e63205b,1613,The Disaster Artist (2017),The Disaster Artist (2017),2017,The Disaster Artist,https://letterboxd.com/film/the-disaster-artist/,2026-05-25T14:12:53+00:00
movie_baf622da3a38,1614,The Fundamentals of Caring (2016),The Fundamentals of Caring (2016),2016,The Fundamentals of Caring,https://letterboxd.com/film/the-fundamentals-of-caring/,2026-05-25T14:12:53+00:00
movie_1ea66456fee4,1615,I Origins (2014),I Origins (2014),2014,I Origins,https://letterboxd.com/film/i-origins/,2026-05-25T14:12:53+00:00
movie_f6ae3d27b626,1616,The Spectacular Now (2013),The Spectacular Now (2013),2013,The Spectacular Now,https://letterboxd.com/film/the-spectacular-now/,2026-05-25T14:12:53+00:00
movie_70fdddd048a2,1617,Office Space (1999),Office Space (1999),1999,Office Space,https://letterboxd.com/film/office-space/,2026-05-25T14:12:53+00:00
movie_b376b27d3cfe,1618,What's Eating Gilbert Grape (1993),What's Eating Gilbert Grape (1993),1993,What's Eating Gilbert Grape,https://letterboxd.com/film/whats-eating-gilbert-grape/,2026-05-25T14:12:53+00:00
movie_451859d067e2,1619,The Batman,The Batman,,The Batman,,2026-05-25T14:13:53+00:00
movie_fb8e3f2840ed,1620,The Chronology of Water (2025),The Chronology of Water (2025),2025,The Chronology of Water,https://letterboxd.com/film/the-chronology-of-water/,2026-05-25T14:14:43+00:00
movie_11f4684e270b,1621,Hot Milk (2025),Hot Milk (2025),2025,Hot Milk,https://letterboxd.com/film/hot-milk-2025/,2026-05-25T14:14:43+00:00
movie_884810d03816,1622,The Danish Girl (2015),The Danish Girl (2015),2015,The Danish Girl,https://letterboxd.com/film/the-danish-girl/,2026-05-25T14:14:43+00:00
movie_f36dabf2d8cd,1623,Whisper of the Heart (1995),Whisper of the Heart (1995),1995,Whisper of the Heart,https://letterboxd.com/film/whisper-of-the-heart/,2026-05-25T14:14:43+00:00
movie_c25c15001fc2,1624,Porco Rosso (1992),Porco Rosso (1992),1992,Porco Rosso,https://letterboxd.com/film/porco-rosso/,2026-05-25T14:14:43+00:00
movie_f8c95e72cb3b,1625,Nausicaä of the Valley of the Wind (1984),Nausicaä of the Valley of the Wind (1984),1984,Nausicaä of the Valley of the Wind,https://letterboxd.com/film/nausicaa-of-the-valley-of-the-wind/,2026-05-25T14:14:43+00:00
movie_950a94808f6c,1626,Takopi's Original Sin (2025),Takopi's Original Sin (2025),2025,Takopi's Original Sin,https://letterboxd.com/film/takopis-original-sin/,2026-05-25T14:15:33+00:00
movie_e3764b2549f2,1627,100 METERS (2025),100 METERS (2025),2025,100 METERS,https://letterboxd.com/film/100-meters-2025/,2026-05-25T14:15:33+00:00
movie_a3d780133f70,1628,Drifting Home (2022),Drifting Home (2022),2022,Drifting Home,https://letterboxd.com/film/drifting-home/,2026-05-25T14:15:33+00:00
movie_b6c755c5b446,1629,Bubble (2022),Bubble (2022),2022,Bubble,https://letterboxd.com/film/bubble-2022/,2026-05-25T14:15:33+00:00
movie_92584a63d9df,1630,"Josee, the Tiger and the Fish (2020)","Josee, the Tiger and the Fish (2020)",2020,"Josee, the Tiger and the Fish",https://letterboxd.com/film/josee-the-tiger-and-the-fish-2020/,2026-05-25T14:15:33+00:00
movie_3b4f15c57128,1631,A Whisker Away (2020),A Whisker Away (2020),2020,A Whisker Away,https://letterboxd.com/film/a-whisker-away/,2026-05-25T14:15:33+00:00
movie_dc17af0c1784,1632,I Want to Eat Your Pancreas (2018),I Want to Eat Your Pancreas (2018),2018,I Want to Eat Your Pancreas,https://letterboxd.com/film/i-want-to-eat-your-pancreas/,2026-05-25T14:15:33+00:00
movie_119f8a2fb948,1633,The Emoji Movie (2017),The Emoji Movie (2017),2017,The Emoji Movie,https://letterboxd.com/film/the-emoji-movie/,2026-05-25T14:15:33+00:00
movie_34e89647c768,1634,Home (2015),Home (2015),2015,Home,https://letterboxd.com/film/home-2015/,2026-05-25T14:15:33+00:00
movie_64cca6bce6f4,1635,Your Lie in April (2014),Your Lie in April (2014),2014,Your Lie in April,https://letterboxd.com/film/your-lie-in-april-2014/,2026-05-25T14:15:33+00:00
movie_8577f9fe666e,1636,Pacific Rim (2013),Pacific Rim (2013),2013,Pacific Rim,https://letterboxd.com/film/pacific-rim/,2026-05-25T14:15:33+00:00
movie_3a11695339b0,1637,Rise of the Guardians (2012),Rise of the Guardians (2012),2012,Rise of the Guardians,https://letterboxd.com/film/rise-of-the-guardians/,2026-05-25T14:15:33+00:00
movie_614370abfd93,1638,The Six Triple Eight (2024),The Six Triple Eight (2024),2024,The Six Triple Eight,https://letterboxd.com/film/the-six-triple-eight-2024/,2026-05-25T14:17:09+00:00
movie_84eea13003ee,1639,Maid (2021),Maid (2021),2021,Maid,https://letterboxd.com/film/maid-2021/,2026-05-25T14:17:09+00:00
movie_077c97d6c19f,1640,Wish Dragon (2021),Wish Dragon (2021),2021,Wish Dragon,https://letterboxd.com/film/wish-dragon/,2026-05-25T14:17:09+00:00
movie_6d59e78e4cba,1641,The Croods: A New Age (2020),The Croods: A New Age (2020),2020,The Croods: A New Age,https://letterboxd.com/film/the-croods-a-new-age/,2026-05-25T14:17:09+00:00
movie_f6ee40c8cfdd,1642,The Silence (2019),The Silence (2019),2019,The Silence,https://letterboxd.com/film/the-silence-2019/,2026-05-25T14:17:09+00:00
movie_3e5b1cdb3e02,1643,Storks (2016),Storks (2016),2016,Storks,https://letterboxd.com/film/storks/,2026-05-25T14:17:09+00:00
movie_0a2237edc34b,1644,The Good Dinosaur (2015),The Good Dinosaur (2015),2015,The Good Dinosaur,https://letterboxd.com/film/the-good-dinosaur/,2026-05-25T14:17:09+00:00
movie_6a9adaf96f7b,1645,The Shining,The Shining,,The Shining,,2026-05-25T14:17:13+00:00
movie_cef5a9ed29e3,1646,Barbie,Barbie,,Barbie,,2026-05-25T13:15:46+00:00
movie_b5b35d7bce84,1647,Labyrinth (1986),Labyrinth (1986),1986,Labyrinth,https://letterboxd.com/film/labyrinth/,2026-05-25T14:18:10+00:00
movie_39657abc282f,1648,Poor Things,Poor Things,,Poor Things,,2026-05-25T14:18:15+00:00
movie_2601250e9835,1649,Scream 7,Scream 7,,Scream 7,,2026-05-25T14:19:10+00:00
movie_4c41ad9c6973,1650,There's Still Tomorrow (2023),There's Still Tomorrow (2023),2023,There's Still Tomorrow,https://letterboxd.com/film/theres-still-tomorrow/,2026-05-25T14:19:10+00:00
movie_ef4358971d8a,1651,The Lego Movie 2: The Second Part (2019),The Lego Movie 2: The Second Part (2019),2019,The Lego Movie 2: The Second Part,https://letterboxd.com/film/the-lego-movie-2-the-second-part/,2026-05-25T14:19:10+00:00
movie_b1b900e4d427,1652,X-Men Origins: Wolverine (2009),X-Men Origins: Wolverine (2009),2009,X-Men Origins: Wolverine,https://letterboxd.com/film/x-men-origins-wolverine/,2026-05-25T14:19:10+00:00
movie_50fa488917b1,1653,Taken (2008),Taken (2008),2008,Taken,https://letterboxd.com/film/taken/,2026-05-25T14:19:10+00:00
movie_573eb1e239fb,1654,Death Note (2006),Death Note (2006),2006,Death Note,https://letterboxd.com/film/death-note-2006/,2026-05-25T14:19:10+00:00
movie_a6d0934dd0f6,1655,The Polar Express (2004),The Polar Express (2004),2004,The Polar Express,https://letterboxd.com/film/the-polar-express/,2026-05-25T14:19:10+00:00
movie_af30789b68d6,1656,Life Is Beautiful (1997),Life Is Beautiful (1997),1997,Life Is Beautiful,https://letterboxd.com/film/life-is-beautiful/,2026-05-25T14:19:10+00:00
movie_7c9ef37b2107,1657,Mrs. Doubtfire (1993),Mrs. Doubtfire (1993),1993,Mrs. Doubtfire,https://letterboxd.com/film/mrs-doubtfire/,2026-05-25T14:19:10+00:00
movie_3102e83766db,1658,Where the Wild Things Are (2009),Where the Wild Things Are (2009),2009,Where the Wild Things Are,https://letterboxd.com/film/where-the-wild-things-are/,2026-05-25T14:19:47+00:00
movie_ee0728e8563b,1659,Y2K (2024),Y2K (2024),2024,Y2K,https://letterboxd.com/film/y2k-2024/,2026-05-25T14:19:54+00:00
movie_c75bf460a445,1660,Skinamarink (2022),Skinamarink (2022),2022,Skinamarink,https://letterboxd.com/film/skinamarink/,2026-05-25T14:19:54+00:00
movie_67a43e11699b,1661,Good Boy (2022),Good Boy (2022),2022,Good Boy,https://letterboxd.com/film/good-boy-2022/,2026-05-25T14:19:54+00:00
movie_df6db992f974,1662,Wolfwalkers (2020),Wolfwalkers (2020),2020,Wolfwalkers,https://letterboxd.com/film/wolfwalkers/,2026-05-25T14:19:54+00:00
movie_1e9fdc860852,1663,Mulan (2020),Mulan (2020),2020,Mulan,https://letterboxd.com/film/mulan-2020/,2026-05-25T14:19:54+00:00
movie_f203aef9124a,1664,Spree (2020),Spree (2020),2020,Spree,https://letterboxd.com/film/spree-2020/,2026-05-25T14:19:54+00:00
movie_3420c70eecfa,1665,Saint Maud (2019),Saint Maud (2019),2019,Saint Maud,https://letterboxd.com/film/saint-maud/,2026-05-25T14:19:54+00:00
movie_8dadf3874ec3,1666,Pet Sematary (2019),Pet Sematary (2019),2019,Pet Sematary,https://letterboxd.com/film/pet-sematary-2019/,2026-05-25T14:19:54+00:00
movie_9ca7333335ed,1667,Christopher Robin (2018),Christopher Robin (2018),2018,Christopher Robin,https://letterboxd.com/film/christopher-robin/,2026-05-25T14:19:54+00:00
movie_d855d3604033,1668,Death Note (2017),Death Note (2017),2017,Death Note,https://letterboxd.com/film/death-note-2017/,2026-05-25T14:19:54+00:00
movie_c3078b7b9906,1669,Mortal Engines (2018),Mortal Engines (2018),2018,Mortal Engines,https://letterboxd.com/film/mortal-engines/,2026-05-25T14:20:41+00:00
movie_c6112a0e6108,1670,Turtles All the Way Down (2024),Turtles All the Way Down (2024),2024,Turtles All the Way Down,https://letterboxd.com/film/turtles-all-the-way-down/,2026-05-25T14:20:49+00:00
movie_5c74cb7d9ab6,1671,Upgraded (2024),Upgraded (2024),2024,Upgraded,https://letterboxd.com/film/upgraded/,2026-05-25T14:20:49+00:00
movie_555a4976b2b4,1672,Spirited (2022),Spirited (2022),2022,Spirited,https://letterboxd.com/film/spirited/,2026-05-25T14:20:49+00:00
movie_00148f33fb5c,1673,The School for Good and Evil (2022),The School for Good and Evil (2022),2022,The School for Good and Evil,https://letterboxd.com/film/the-school-for-good-and-evil/,2026-05-25T14:20:49+00:00
movie_274261a569e3,1674,Roald Dahl's Matilda the Musical (2022),Roald Dahl's Matilda the Musical (2022),2022,Roald Dahl's Matilda the Musical,https://letterboxd.com/film/roald-dahls-matilda-the-musical/,2026-05-25T14:20:49+00:00
movie_34d2e8a3314c,1675,Home Sweet Home Alone (2021),Home Sweet Home Alone (2021),2021,Home Sweet Home Alone,https://letterboxd.com/film/home-sweet-home-alone/,2026-05-25T14:20:49+00:00
movie_3676deb129eb,1676,Cinderella (2021),Cinderella (2021),2021,Cinderella,https://letterboxd.com/film/cinderella-2021/,2026-05-25T14:20:49+00:00
movie_7b551ab9e614,1677,CODA (2021),CODA (2021),2021,CODA,https://letterboxd.com/film/coda-2021/,2026-05-25T14:20:49+00:00
movie_bfb09b7d3245,1678,The Trial of the Chicago 7 (2020),The Trial of the Chicago 7 (2020),2020,The Trial of the Chicago 7,https://letterboxd.com/film/the-trial-of-the-chicago-7/,2026-05-25T14:20:49+00:00
movie_7f257da27bda,1679,Abominable (2019),Abominable (2019),2019,Abominable,https://letterboxd.com/film/abominable-2019/,2026-05-25T14:20:49+00:00
movie_6865ed0c9505,1680,Just Mercy (2019),Just Mercy (2019),2019,Just Mercy,https://letterboxd.com/film/just-mercy/,2026-05-25T14:20:49+00:00
movie_d487b44f982f,1681,Dumbo (2019),Dumbo (2019),2019,Dumbo,https://letterboxd.com/film/dumbo-2019/,2026-05-25T14:20:49+00:00
movie_d2f60cf7a0f8,1682,Mary Poppins Returns (2018),Mary Poppins Returns (2018),2018,Mary Poppins Returns,https://letterboxd.com/film/mary-poppins-returns/,2026-05-25T14:20:49+00:00
movie_5432497c3366,1683,Annabelle: Creation (2017),Annabelle: Creation (2017),2017,Annabelle: Creation,https://letterboxd.com/film/annabelle-creation/,2026-05-25T14:20:49+00:00
movie_eccef421e6e2,1684,The Boss Baby (2017),The Boss Baby (2017),2017,The Boss Baby,https://letterboxd.com/film/the-boss-baby/,2026-05-25T14:20:49+00:00
movie_a3462e716ce7,1685,Trolls (2016),Trolls (2016),2016,Trolls,https://letterboxd.com/film/trolls/,2026-05-25T14:20:49+00:00
movie_3749ce785acd,1686,Sing (2016),Sing (2016),2016,Sing,https://letterboxd.com/film/sing-2016/,2026-05-25T14:20:49+00:00
movie_740d94a93e7a,1687,Alice Through the Looking Glass (2016),Alice Through the Looking Glass (2016),2016,Alice Through the Looking Glass,https://letterboxd.com/film/alice-through-the-looking-glass-2016/,2026-05-25T14:20:49+00:00
movie_ccd94fd8f22b,1688,Warcraft (2016),Warcraft (2016),2016,Warcraft,https://letterboxd.com/film/warcraft/,2026-05-25T14:20:49+00:00
movie_f69ff4776784,1689,Allegiant (2016),Allegiant (2016),2016,Allegiant,https://letterboxd.com/film/allegiant/,2026-05-25T14:20:49+00:00
movie_1b441bbe6beb,1690,A Minecraft Movie,A Minecraft Movie,,A Minecraft Movie,,2026-05-25T14:21:01+00:00
movie_c45f7da656ac,1691,Shrek Forever After (2010),Shrek Forever After (2010),2010,Shrek Forever After,https://letterboxd.com/film/shrek-forever-after/,2026-05-25T14:44:32+00:00
movie_fa589e77bbac,1692,Kinds of Kindness (2024),Kinds of Kindness (2024),2024,Kinds of Kindness,https://letterboxd.com/film/kinds-of-kindness/,2026-05-25T14:44:38+00:00
movie_d0af8a5cdbd4,1693,Marrowbone (2017),Marrowbone (2017),2017,Marrowbone,https://letterboxd.com/film/marrowbone/,2026-05-25T14:44:38+00:00
movie_67d67395121c,1694,Shrek,Shrek,,Shrek,,2026-05-25T14:44:42+00:00
movie_d9779bf53302,1695,The Electric State (2025),The Electric State (2025),2025,The Electric State,https://letterboxd.com/film/the-electric-state/,2026-05-25T14:45:31+00:00
movie_bc7a128c984b,1696,Rebel Moon – Part Two: The Scargiver (2024),Rebel Moon – Part Two: The Scargiver (2024),2024,Rebel Moon – Part Two: The Scargiver,https://letterboxd.com/film/rebel-moon-part-two-the-scargiver/,2026-05-25T14:45:31+00:00
movie_ace7ebe08c0c,1697,Rebel Moon – Part One: A Child of Fire (2023),Rebel Moon – Part One: A Child of Fire (2023),2023,Rebel Moon – Part One: A Child of Fire,https://letterboxd.com/film/rebel-moon-part-one-a-child-of-fire/,2026-05-25T14:45:31+00:00
movie_89b74b5183bc,1698,Ghost in the Shell (2017),Ghost in the Shell (2017),2017,Ghost in the Shell,https://letterboxd.com/film/ghost-in-the-shell-2017/,2026-05-25T14:45:31+00:00
movie_868b8a2773d8,1699,Elysium (2013),Elysium (2013),2013,Elysium,https://letterboxd.com/film/elysium-2013/,2026-05-25T14:45:31+00:00
movie_74f91245b044,1700,The Croods (2013),The Croods (2013),2013,The Croods,https://letterboxd.com/film/the-croods/,2026-05-25T14:45:31+00:00
movie_a9eb546f4f34,1701,The Chronicles of Narnia: The Voyage of the Dawn Treader (2010),The Chronicles of Narnia: The Voyage of the Dawn Treader (2010),2010,The Chronicles of Narnia: The Voyage of the Dawn Treader,https://letterboxd.com/film/the-chronicles-of-narnia-the-voyage-of-the-dawn-treader/,2026-05-25T14:45:31+00:00
movie_97fc714c04c7,1702,The Chronicles of Narnia: Prince Caspian (2008),The Chronicles of Narnia: Prince Caspian (2008),2008,The Chronicles of Narnia: Prince Caspian,https://letterboxd.com/film/the-chronicles-of-narnia-prince-caspian/,2026-05-25T14:45:31+00:00
movie_831d50b3b979,1703,"I, Robot (2004)","I, Robot (2004)",2004,"I, Robot",https://letterboxd.com/film/i-robot/,2026-05-25T14:45:31+00:00
movie_64adc278347d,1704,The Matrix Reloaded (2003),The Matrix Reloaded (2003),2003,The Matrix Reloaded,https://letterboxd.com/film/the-matrix-reloaded/,2026-05-25T14:45:31+00:00
movie_ce46d3ef9380,1705,Harry Potter and the Philosopher's Stone,Harry Potter and the Philosopher's Stone,,Harry Potter and the Philosopher's Stone,,2026-05-25T14:46:06+00:00
movie_8e4d11b661d7,1706,Pacific Rim: Uprising (2018),Pacific Rim: Uprising (2018),2018,Pacific Rim: Uprising,https://letterboxd.com/film/pacific-rim-uprising/,2026-05-25T14:46:38+00:00
movie_d25fe7086a44,1707,Zoolander (2001),Zoolander (2001),2001,Zoolander,https://letterboxd.com/film/zoolander/,2026-05-25T14:46:38+00:00
movie_9f2d5cb5ed85,1708,Alice in Wonderland,Alice in Wonderland,,Alice in Wonderland,,2026-05-25T14:47:16+00:00
movie_8f42c1bb47b9,1709,The Punisher: One Last Kill,The Punisher: One Last Kill,,The Punisher: One Last Kill,,2026-05-25T14:48:18+00:00
movie_0e73359c7bb2,1710,The Peanut Butter Falcon (2019),The Peanut Butter Falcon (2019),2019,The Peanut Butter Falcon,https://letterboxd.com/film/the-peanut-butter-falcon/,2026-05-25T14:48:18+00:00
movie_618cebf1a583,1711,War for the Planet of the Apes (2017),War for the Planet of the Apes (2017),2017,War for the Planet of the Apes,https://letterboxd.com/film/war-for-the-planet-of-the-apes/,2026-05-25T14:48:18+00:00
movie_15c05d1d7af0,1712,The Sixth Sense,The Sixth Sense,,The Sixth Sense,,2026-05-25T14:49:00+00:00
movie_8cf3cb6a24f5,1713,Swapped,Swapped,,Swapped,,2026-05-25T14:49:06+00:00
movie_3f03b03b2f17,1714,Fifty Shades of Grey (2015),Fifty Shades of Grey (2015),2015,Fifty Shades of Grey,https://letterboxd.com/film/fifty-shades-of-grey/,2026-05-25T14:49:06+00:00
movie_8f44099fce90,1715,People We Meet on Vacation,People We Meet on Vacation,,People We Meet on Vacation,,2026-05-25T14:49:48+00:00
movie_46f8720a91a6,1716,Blue Heron (2025),Blue Heron (2025),2025,Blue Heron,https://letterboxd.com/film/blue-heron/,2026-05-25T14:49:55+00:00
movie_0b6a2969f9c2,1717,High School Musical (2006),High School Musical (2006),2006,High School Musical,https://letterboxd.com/film/high-school-musical/,2026-05-25T14:49:55+00:00
movie_0085c6603f28,1718,The Matrix Revolutions (2003),The Matrix Revolutions (2003),2003,The Matrix Revolutions,https://letterboxd.com/film/the-matrix-revolutions/,2026-05-25T14:49:55+00:00
movie_83ced98ebf43,1719,The Hunger Games: The Ballad of Songbirds & Snakes,The Hunger Games: The Ballad of Songbirds & Snakes,,The Hunger Games: The Ballad of Songbirds & Snakes,,2026-05-25T14:50:14+00:00
movie_944e7e254579,1720,Twin Peaks: Fire Walk with Me (1992),Twin Peaks: Fire Walk with Me (1992),1992,Twin Peaks: Fire Walk with Me,https://letterboxd.com/film/twin-peaks-fire-walk-with-me/,2026-05-25T14:52:21+00:00
movie_361888a007ac,1721,Suspiria (2018),Suspiria (2018),2018,Suspiria,https://letterboxd.com/film/suspiria-2018/,2026-05-25T14:52:28+00:00
movie_c725ed4f4b7f,1722,The Love Witch (2016),The Love Witch (2016),2016,The Love Witch,https://letterboxd.com/film/the-love-witch/,2026-05-25T14:52:28+00:00
movie_e3860bd9a319,1723,Dark Shadows (2012),Dark Shadows (2012),2012,Dark Shadows,https://letterboxd.com/film/dark-shadows/,2026-05-25T14:52:28+00:00
movie_688728fc7b7c,1724,The Cat in the Hat (2003),The Cat in the Hat (2003),2003,The Cat in the Hat,https://letterboxd.com/film/the-cat-in-the-hat-2003/,2026-05-25T14:52:28+00:00
movie_ada9e345eb84,1725,Moulin Rouge! (2001),Moulin Rouge! (2001),2001,Moulin Rouge!,https://letterboxd.com/film/moulin-rouge-2001/,2026-05-25T14:52:28+00:00
movie_a33f37c76e58,1726,Buffalo '66 (1998),Buffalo '66 (1998),1998,Buffalo '66,https://letterboxd.com/film/buffalo-66/,2026-05-25T14:52:28+00:00
movie_ccb561ed78b1,1727,Bram Stoker's Dracula (1992),Bram Stoker's Dracula (1992),1992,Bram Stoker's Dracula,https://letterboxd.com/film/bram-stokers-dracula/,2026-05-25T14:52:28+00:00
movie_5aafe68b8690,1728,Fair Play (2023),Fair Play (2023),2023,Fair Play,https://letterboxd.com/film/fair-play-2023/,2026-05-25T14:53:21+00:00
movie_29b4eb8d097c,1729,Minari (2020),Minari (2020),2020,Minari,https://letterboxd.com/film/minari/,2026-05-25T14:53:21+00:00
movie_ba2eff27839e,1730,Nocturnal Animals (2016),Nocturnal Animals (2016),2016,Nocturnal Animals,https://letterboxd.com/film/nocturnal-animals/,2026-05-25T14:53:21+00:00
movie_b345dd4404c7,1731,Letters to Juliet (2010),Letters to Juliet (2010),2010,Letters to Juliet,https://letterboxd.com/film/letters-to-juliet/,2026-05-25T14:53:21+00:00
movie_93f6b75eca41,1732,Julie & Julia (2009),Julie & Julia (2009),2009,Julie & Julia,https://letterboxd.com/film/julie-julia/,2026-05-25T14:53:21+00:00
movie_fa1b75b92b95,1733,He's Just Not That Into You (2009),He's Just Not That Into You (2009),2009,He's Just Not That Into You,https://letterboxd.com/film/hes-just-not-that-into-you/,2026-05-25T14:53:21+00:00
movie_f9a17fb0909f,1734,The Boy in the Striped Pyjamas (2008),The Boy in the Striped Pyjamas (2008),2008,The Boy in the Striped Pyjamas,https://letterboxd.com/film/the-boy-in-the-striped-pyjamas/,2026-05-25T14:53:21+00:00
movie_633ab2d4bb9f,1735,Closer (2004),Closer (2004),2004,Closer,https://letterboxd.com/film/closer/,2026-05-25T14:53:21+00:00
movie_f6476179c8e4,1736,Guy Ritchie's The Covenant (2023),Guy Ritchie's The Covenant (2023),2023,Guy Ritchie's The Covenant,https://letterboxd.com/film/guy-ritchies-the-covenant/,2026-05-25T14:54:17+00:00
movie_9632a006a31b,1737,Cha Cha Real Smooth (2022),Cha Cha Real Smooth (2022),2022,Cha Cha Real Smooth,https://letterboxd.com/film/cha-cha-real-smooth/,2026-05-25T14:54:17+00:00
movie_b2edf99f4b44,1738,I Care a Lot (2020),I Care a Lot (2020),2020,I Care a Lot,https://letterboxd.com/film/i-care-a-lot/,2026-05-25T14:54:17+00:00
movie_0e1b56ad6fdb,1739,Greenland (2020),Greenland (2020),2020,Greenland,https://letterboxd.com/film/greenland/,2026-05-25T14:54:17+00:00
movie_512e48c87d38,1740,Extraction (2020),Extraction (2020),2020,Extraction,https://letterboxd.com/film/extraction-2020/,2026-05-25T14:54:17+00:00
movie_57e62b034715,1741,First Man (2018),First Man (2018),2018,First Man,https://letterboxd.com/film/first-man/,2026-05-25T14:54:17+00:00
movie_d4363393d714,1742,Uzumaki (2024),Uzumaki (2024),2024,Uzumaki,https://letterboxd.com/film/uzumaki/,2026-05-25T14:56:02+00:00
movie_7be2c67cd412,1743,Uptown Girls (2003),Uptown Girls (2003),2003,Uptown Girls,https://letterboxd.com/film/uptown-girls/,2026-05-25T14:56:02+00:00
movie_1d0cb2d3cb66,1744,Lolita (1997),Lolita (1997),1997,Lolita,https://letterboxd.com/film/lolita-1997/,2026-05-25T14:56:02+00:00
movie_4dcd7c9a4112,1745,Gremlins (1984),Gremlins (1984),1984,Gremlins,https://letterboxd.com/film/gremlins/,2026-05-25T14:56:02+00:00
movie_4c5cd8d9fe19,1746,The Exorcist (1973),The Exorcist (1973),1973,The Exorcist,https://letterboxd.com/film/the-exorcist/,2026-05-25T14:56:02+00:00
movie_f03a737eb5bd,1747,The Breakfast Club,The Breakfast Club,,The Breakfast Club,,2026-05-25T14:57:44+00:00
movie_66c7108a72cb,1748,Orphan (2009),Orphan (2009),2009,Orphan,https://letterboxd.com/film/orphan/,2026-05-25T14:57:51+00:00
movie_b32e6aad3084,1749,The Curious Case of Benjamin Button (2008),The Curious Case of Benjamin Button (2008),2008,The Curious Case of Benjamin Button,https://letterboxd.com/film/the-curious-case-of-benjamin-button/,2026-05-25T14:57:51+00:00
movie_9de26b1a5ccf,1750,The Others (2001),The Others (2001),2001,The Others,https://letterboxd.com/film/the-others/,2026-05-25T14:57:51+00:00
movie_a78d0ad3fb69,1751,Harry Potter and the Prisoner of Azkaban,Harry Potter and the Prisoner of Azkaban,,Harry Potter and the Prisoner of Azkaban,,2026-05-25T15:01:28+00:00
movie_5ab509bf7a1f,1752,Demon Slayer: Kimetsu no Yaiba -To the Hashira Training- (2024),Demon Slayer: Kimetsu no Yaiba -To the Hashira Training- (2024),2024,Demon Slayer: Kimetsu no Yaiba -To the Hashira Training-,https://letterboxd.com/film/demon-slayer-kimetsu-no-yaiba-to-the-hashira-training/,2026-05-25T15:02:15+00:00
movie_8d21041ec6ab,1753,Demon Slayer: Kimetsu no Yaiba -To the Swordsmith Village- (2023),Demon Slayer: Kimetsu no Yaiba -To the Swordsmith Village- (2023),2023,Demon Slayer: Kimetsu no Yaiba -To the Swordsmith Village-,https://letterboxd.com/film/demon-slayer-kimetsu-no-yaiba-to-the-swordsmith-village/,2026-05-25T15:02:15+00:00
movie_1bdfc72de84c,1754,Demon Slayer: Kimetsu no Yaiba (2019),Demon Slayer: Kimetsu no Yaiba (2019),2019,Demon Slayer: Kimetsu no Yaiba,https://letterboxd.com/film/demon-slayer-kimetsu-no-yaiba/,2026-05-25T15:02:15+00:00
movie_7dc63af8a0dc,1755,The Last Samurai (2003),The Last Samurai (2003),2003,The Last Samurai,https://letterboxd.com/film/the-last-samurai/,2026-05-25T15:02:15+00:00
movie_5e7314f74d98,1756,Seven Samurai (1954),Seven Samurai (1954),1954,Seven Samurai,https://letterboxd.com/film/seven-samurai/,2026-05-25T15:02:15+00:00
movie_a637644d1378,1757,The Equalizer 3 (2023),The Equalizer 3 (2023),2023,The Equalizer 3,https://letterboxd.com/film/the-equalizer-3/,2026-05-25T15:03:10+00:00
movie_9d7488590760,1758,Ahsoka (2023),Ahsoka (2023),2023,Ahsoka,https://letterboxd.com/film/ahsoka/,2026-05-25T15:03:10+00:00
movie_bbe9ea83b63d,1759,Ticket to Paradise (2022),Ticket to Paradise (2022),2022,Ticket to Paradise,https://letterboxd.com/film/ticket-to-paradise-2022/,2026-05-25T15:03:10+00:00
movie_621126139aeb,1760,Lady Chatterley's Lover (2022),Lady Chatterley's Lover (2022),2022,Lady Chatterley's Lover,https://letterboxd.com/film/lady-chatterleys-lover-2022/,2026-05-25T15:03:10+00:00
movie_4de16e250d9c,1761,Ambulance (2022),Ambulance (2022),2022,Ambulance,https://letterboxd.com/film/ambulance-2022/,2026-05-25T15:03:10+00:00
movie_5e2b23f83147,1762,Rambo: Last Blood (2019),Rambo: Last Blood (2019),2019,Rambo: Last Blood,https://letterboxd.com/film/rambo-last-blood/,2026-05-25T15:03:10+00:00
movie_8928f1bd352e,1763,Dark Phoenix (2019),Dark Phoenix (2019),2019,Dark Phoenix,https://letterboxd.com/film/dark-phoenix/,2026-05-25T15:03:10+00:00
movie_6c2e1ee7071a,1764,Extraction 2 (2023),Extraction 2 (2023),2023,Extraction 2,https://letterboxd.com/film/extraction-2/,2026-05-25T15:04:04+00:00
movie_7edb2ae08437,1765,Ghosted (2023),Ghosted (2023),2023,Ghosted,https://letterboxd.com/film/ghosted-2023/,2026-05-25T15:04:04+00:00
movie_b15f224d9221,1766,Operation Fortune: Ruse de Guerre (2023),Operation Fortune: Ruse de Guerre (2023),2023,Operation Fortune: Ruse de Guerre,https://letterboxd.com/film/operation-fortune-ruse-de-guerre/,2026-05-25T15:04:04+00:00
movie_04ec5d7e06ce,1767,Brothers (2009),Brothers (2009),2009,Brothers,https://letterboxd.com/film/brothers-2009/,2026-05-25T15:04:04+00:00
movie_9afe8e544282,1768,Outcome (2026),Outcome (2026),2026,Outcome,https://letterboxd.com/film/outcome/,2026-05-25T15:04:58+00:00
movie_1494d47d807c,1769,Forbidden Fruits (2026),Forbidden Fruits (2026),2026,Forbidden Fruits,https://letterboxd.com/film/forbidden-fruits-2026/,2026-05-25T15:04:58+00:00
movie_398107e4de26,1770,War Machine (2026),War Machine (2026),2026,War Machine,https://letterboxd.com/film/war-machine-2026/,2026-05-25T15:04:58+00:00
movie_fea8c8ba25e6,1771,A Big Bold Beautiful Journey (2025),A Big Bold Beautiful Journey (2025),2025,A Big Bold Beautiful Journey,https://letterboxd.com/film/a-big-bold-beautiful-journey/,2026-05-25T15:04:58+00:00
movie_8aafc18a0f4f,1772,Scarlet (2025),Scarlet (2025),2025,Scarlet,https://letterboxd.com/film/scarlet-2025/,2026-05-25T15:04:58+00:00
movie_db2d1835f18f,1773,Lokah Chapter 1: Chandra (2025),Lokah Chapter 1: Chandra (2025),2025,Lokah Chapter 1: Chandra,https://letterboxd.com/film/lokah-chapter-1-chandra/,2026-05-25T15:04:58+00:00
movie_d3a826c956f5,1774,Coolie (2025),Coolie (2025),2025,Coolie,https://letterboxd.com/film/coolie-2025/,2026-05-25T15:04:58+00:00
movie_6f784d932f96,1775,Homebound (2025),Homebound (2025),2025,Homebound,https://letterboxd.com/film/homebound-2025/,2026-05-25T15:04:58+00:00
movie_1efbd8b53da6,1776,Athena (2022),Athena (2022),2022,Athena,https://letterboxd.com/film/athena-2022-1/,2026-05-25T15:06:02+00:00
movie_82ec40b7fe02,1777,American History X (1998),American History X (1998),1998,American History X,https://letterboxd.com/film/american-history-x/,2026-05-25T15:06:02+00:00
movie_d294c369f334,1778,Carrie (1976),Carrie (1976),1976,Carrie,https://letterboxd.com/film/carrie-1976/,2026-05-25T15:06:02+00:00
movie_2dbc3ad10bab,1779,Harakiri (1962),Harakiri (1962),1962,Harakiri,https://letterboxd.com/film/harakiri/,2026-05-25T15:06:02+00:00
movie_0e92a9adb03e,1780,Casino (1995),Casino (1995),1995,Casino,https://letterboxd.com/film/casino/,2026-05-25T15:06:59+00:00
movie_3477bd5e42c8,1781,The Godfather Part III (1990),The Godfather Part III (1990),1990,The Godfather Part III,https://letterboxd.com/film/the-godfather-part-iii/,2026-05-25T15:06:59+00:00
movie_63c4652cd247,1782,The Testament of Ann Lee (2025),The Testament of Ann Lee (2025),2025,The Testament of Ann Lee,https://letterboxd.com/film/the-testament-of-ann-lee/,2026-05-25T15:09:47+00:00
movie_e1b158632493,1783,Sun and Concrete (2023),Sun and Concrete (2023),2023,Sun and Concrete,https://letterboxd.com/film/sun-and-concrete/,2026-05-25T15:09:47+00:00
movie_69e4defa51e6,1784,Burning (2018),Burning (2018),2018,Burning,https://letterboxd.com/film/burning-2018/,2026-05-25T15:09:47+00:00
movie_6bfab0bba05a,1785,Skyfall (2012),Skyfall (2012),2012,Skyfall,https://letterboxd.com/film/skyfall/,2026-05-25T15:09:47+00:00
movie_7d278db3c81b,1786,Let the Right One In (2008),Let the Right One In (2008),2008,Let the Right One In,https://letterboxd.com/film/let-the-right-one-in/,2026-05-25T15:09:47+00:00
movie_2b38b539ee23,1787,The Fall (2006),The Fall (2006),2006,The Fall,https://letterboxd.com/film/the-fall/,2026-05-25T15:09:47+00:00
movie_c985811abe70,1788,Napoleon Dynamite (2004),Napoleon Dynamite (2004),2004,Napoleon Dynamite,https://letterboxd.com/film/napoleon-dynamite/,2026-05-25T15:09:47+00:00
movie_66b44481140f,1789,Lilo & Stitch (2002),Lilo & Stitch (2002),2002,Lilo & Stitch,https://letterboxd.com/film/lilo-stitch/,2026-05-25T15:09:47+00:00
movie_dfd322f1068c,1790,Do the Right Thing (1989),Do the Right Thing (1989),1989,Do the Right Thing,https://letterboxd.com/film/do-the-right-thing/,2026-05-25T15:09:47+00:00
movie_48a89f5ac241,1791,Tell Me Softly (2025),Tell Me Softly (2025),2025,Tell Me Softly,https://letterboxd.com/film/tell-me-softly-2025/,2026-05-25T15:10:39+00:00
movie_38129645d550,1792,The Trauma Code: Heroes on Call (2025),The Trauma Code: Heroes on Call (2025),2025,The Trauma Code: Heroes on Call,https://letterboxd.com/film/the-trauma-code-heroes-on-call-2025/,2026-05-25T15:10:39+00:00
movie_fb3f17c326e7,1793,Damsel (2024),Damsel (2024),2024,Damsel,https://letterboxd.com/film/damsel-2024/,2026-05-25T15:10:39+00:00
movie_62599e0e0afd,1794,Through My Window 3: Looking at You (2024),Through My Window 3: Looking at You (2024),2024,Through My Window 3: Looking at You,https://letterboxd.com/film/through-my-window-3-looking-at-you/,2026-05-25T15:10:39+00:00
movie_8780e92e5631,1795,The Other Zoey (2023),The Other Zoey (2023),2023,The Other Zoey,https://letterboxd.com/film/the-other-zoey/,2026-05-25T15:10:39+00:00
movie_b0bf8e76e5ac,1796,Through My Window: Across the Sea (2023),Through My Window: Across the Sea (2023),2023,Through My Window: Across the Sea,https://letterboxd.com/film/through-my-window-across-the-sea/,2026-05-25T15:10:39+00:00
movie_c5898bed560f,1797,The In Between (2022),The In Between (2022),2022,The In Between,https://letterboxd.com/film/the-in-between-2022/,2026-05-25T15:10:39+00:00
movie_90be635a4f1f,1798,After (2019),After (2019),2019,After,https://letterboxd.com/film/after-2019/,2026-05-25T15:10:39+00:00
movie_494688ac8595,1799,The Kissing Booth (2018),The Kissing Booth (2018),2018,The Kissing Booth,https://letterboxd.com/film/the-kissing-booth/,2026-05-25T15:10:39+00:00
movie_2663589d3f02,1800,One Day (2011),One Day (2011),2011,One Day,https://letterboxd.com/film/one-day-2011/,2026-05-25T15:10:39+00:00
movie_cadb39120657,1801,Roommates,Roommates,,Roommates,,2026-05-25T15:11:43+00:00
movie_eb10b2a18739,1802,Unknown Number: The High School Catfish (2025),Unknown Number: The High School Catfish (2025),2025,Unknown Number: The High School Catfish,https://letterboxd.com/film/unknown-number-the-high-school-catfish/,2026-05-25T15:11:43+00:00
movie_1871864be630,1803,Madea's Destination Wedding (2025),Madea's Destination Wedding (2025),2025,Madea's Destination Wedding,https://letterboxd.com/film/madeas-destination-wedding/,2026-05-25T15:11:43+00:00
movie_31e340550a63,1804,Smurfs (2025),Smurfs (2025),2025,Smurfs,https://letterboxd.com/film/smurfs/,2026-05-25T15:11:43+00:00
movie_d98e5c9ffb67,1805,STRAW (2025),STRAW (2025),2025,STRAW,https://letterboxd.com/film/straw-2025/,2026-05-25T15:11:43+00:00
movie_cd0f477d4110,1806,Hurry Up Tomorrow (2025),Hurry Up Tomorrow (2025),2025,Hurry Up Tomorrow,https://letterboxd.com/film/hurry-up-tomorrow/,2026-05-25T15:11:43+00:00
movie_9f9fddfadbf9,1807,Opus (2025),Opus (2025),2025,Opus,https://letterboxd.com/film/opus-2025/,2026-05-25T15:11:43+00:00
movie_e2fde9b74c93,1808,Nightbitch (2024),Nightbitch (2024),2024,Nightbitch,https://letterboxd.com/film/nightbitch/,2026-05-25T15:11:43+00:00
movie_c639cc2b9c48,1809,Mothers' Instinct (2024),Mothers' Instinct (2024),2024,Mothers' Instinct,https://letterboxd.com/film/mothers-instinct-2024/,2026-05-25T15:11:43+00:00
movie_a68ccd75bb8b,1810,The Maze Runner,The Maze Runner,,The Maze Runner,,2026-05-25T15:12:36+00:00
movie_429931b4502a,1811,Men in Black 3 (2012),Men in Black 3 (2012),2012,Men in Black 3,https://letterboxd.com/film/men-in-black-3/,2026-05-25T15:12:44+00:00
movie_6f9e6119121d,1812,Salt (2010),Salt (2010),2010,Salt,https://letterboxd.com/film/salt-2010/,2026-05-25T15:12:44+00:00
movie_4959ed774d9c,1813,Red Eye (2005),Red Eye (2005),2005,Red Eye,https://letterboxd.com/film/red-eye/,2026-05-25T15:12:44+00:00
movie_40441f8343cb,1814,I Know What You Did Last Summer (1997),I Know What You Did Last Summer (1997),1997,I Know What You Did Last Summer,https://letterboxd.com/film/i-know-what-you-did-last-summer/,2026-05-25T15:12:44+00:00
movie_3f120eb953dc,1815,The Wolf of Wall Street,The Wolf of Wall Street,,The Wolf of Wall Street,,2026-05-25T15:13:21+00:00
movie_5460f23fc4cc,1816,Balls Up (2026),Balls Up (2026),2026,Balls Up,https://letterboxd.com/film/balls-up-2026/,2026-05-25T15:13:29+00:00
movie_410b55edc3d7,1817,Good Fortune (2025),Good Fortune (2025),2025,Good Fortune,https://letterboxd.com/film/good-fortune-2025/,2026-05-25T15:13:29+00:00
movie_2cec0e5cd779,1818,The Unbearable Weight of Massive Talent (2022),The Unbearable Weight of Massive Talent (2022),2022,The Unbearable Weight of Massive Talent,https://letterboxd.com/film/the-unbearable-weight-of-massive-talent/,2026-05-25T15:13:29+00:00
movie_2cfe7fcbac37,1819,Dexter: New Blood (2021),Dexter: New Blood (2021),2021,Dexter: New Blood,https://letterboxd.com/film/dexter-new-blood/,2026-05-25T15:13:29+00:00
movie_636b53131042,1820,Triple Frontier (2019),Triple Frontier (2019),2019,Triple Frontier,https://letterboxd.com/film/triple-frontier/,2026-05-25T15:13:29+00:00
movie_218c8680afdf,1821,Fifty Shades Freed (2018),Fifty Shades Freed (2018),2018,Fifty Shades Freed,https://letterboxd.com/film/fifty-shades-freed/,2026-05-25T15:13:29+00:00
movie_1d7fbc11c124,1822,Daddy's Home 2 (2017),Daddy's Home 2 (2017),2017,Daddy's Home 2,https://letterboxd.com/film/daddys-home-2/,2026-05-25T15:13:29+00:00
movie_560ff7722a7a,1823,The Lost Daughter (2021),The Lost Daughter (2021),2021,The Lost Daughter,https://letterboxd.com/film/the-lost-daughter-2021/,2026-05-25T15:14:19+00:00
movie_8a015306a4a8,1824,Paterson (2016),Paterson (2016),2016,Paterson,https://letterboxd.com/film/paterson/,2026-05-25T15:14:19+00:00
movie_38797fee8856,1825,Demolition (2015),Demolition (2015),2015,Demolition,https://letterboxd.com/film/demolition/,2026-05-25T15:14:19+00:00
movie_ed675e8004ed,1826,The Piano Teacher (2001),The Piano Teacher (2001),2001,The Piano Teacher,https://letterboxd.com/film/the-piano-teacher/,2026-05-25T15:14:19+00:00
movie_9600fe7f8f93,1827,The Lord of the Rings: The Fellowship of the Ring,The Lord of the Rings: The Fellowship of the Ring,,The Lord of the Rings: The Fellowship of the Ring,,2026-05-25T15:15:06+00:00
movie_675a9555ebdd,1828,Louis Theroux: Inside the Manosphere,Louis Theroux: Inside the Manosphere,,Louis Theroux: Inside the Manosphere,,2026-05-25T15:15:13+00:00
movie_dc2391f3b389,1829,Louis Theroux: Inside the Manosphere (2026),Louis Theroux: Inside the Manosphere (2026),2026,Louis Theroux: Inside the Manosphere,https://letterboxd.com/film/louis-theroux-inside-the-manosphere/,2026-05-25T15:15:13+00:00
movie_6b9a26fef301,1830,Samuel (2024),Samuel (2024),2024,Samuel,https://letterboxd.com/film/samuel-2024/,2026-05-25T15:15:13+00:00
movie_e4a4fde02bd8,1831,Ferrari (2023),Ferrari (2023),2023,Ferrari,https://letterboxd.com/film/ferrari-2023/,2026-05-25T15:15:58+00:00
movie_39ee2894da6b,1832,Silence (2016),Silence (2016),2016,Silence,https://letterboxd.com/film/silence/,2026-05-25T15:15:58+00:00
movie_afac27548f8b,1833,The BFG (2016),The BFG (2016),2016,The BFG,https://letterboxd.com/film/the-bfg-2016/,2026-05-25T15:15:58+00:00
movie_91d00aaf2572,1834,Watchmen (2009),Watchmen (2009),2009,Watchmen,https://letterboxd.com/film/watchmen/,2026-05-25T15:15:58+00:00
movie_40e19d525f98,1835,"Synecdoche, New York (2008)","Synecdoche, New York (2008)",2008,"Synecdoche, New York",https://letterboxd.com/film/synecdoche-new-york/,2026-05-25T15:15:58+00:00
movie_ca60f453f13e,1836,Sleepy Hollow (1999),Sleepy Hollow (1999),1999,Sleepy Hollow,https://letterboxd.com/film/sleepy-hollow/,2026-05-25T15:16:43+00:00
movie_fc86f00eb3f9,1837,Seven Years in Tibet (1997),Seven Years in Tibet (1997),1997,Seven Years in Tibet,https://letterboxd.com/film/seven-years-in-tibet/,2026-05-25T15:16:43+00:00
movie_67316408fb9e,1838,Trolls Band Together (2023),Trolls Band Together (2023),2023,Trolls Band Together,https://letterboxd.com/film/trolls-band-together/,2026-05-25T15:16:51+00:00
movie_8c1a0891ac81,1839,Z-O-M-B-I-E-S 3 (2022),Z-O-M-B-I-E-S 3 (2022),2022,Z-O-M-B-I-E-S 3,https://letterboxd.com/film/z-o-m-b-i-e-s-3/,2026-05-25T15:16:51+00:00
movie_08bf3e7ed083,1840,Holidate (2020),Holidate (2020),2020,Holidate,https://letterboxd.com/film/holidate/,2026-05-25T15:16:51+00:00
movie_e25c223aa9d4,1841,Trolls World Tour (2020),Trolls World Tour (2020),2020,Trolls World Tour,https://letterboxd.com/film/trolls-world-tour/,2026-05-25T15:16:51+00:00
movie_e68073ac46b9,1842,Star Wars: Episode III – Revenge of the Sith,Star Wars: Episode III – Revenge of the Sith,,Star Wars: Episode III – Revenge of the Sith,,2026-05-25T15:22:41+00:00
movie_18f8c3f636cf,1843,Final Destination 3 (2006),Final Destination 3 (2006),2006,Final Destination 3,https://letterboxd.com/film/final-destination-3/,2026-05-25T15:22:41+00:00
movie_d5a403be3d1d,1844,Final Destination 2 (2003),Final Destination 2 (2003),2003,Final Destination 2,https://letterboxd.com/film/final-destination-2/,2026-05-25T15:22:49+00:00
movie_f2c07f8d0e83,1845,The Neon Demon (2016),The Neon Demon (2016),2016,The Neon Demon,https://letterboxd.com/film/the-neon-demon/,2026-05-25T15:23:32+00:00
movie_2f6e9f042192,1846,Dumb Money (2023),Dumb Money (2023),2023,Dumb Money,https://letterboxd.com/film/dumb-money/,2026-05-25T15:25:33+00:00
movie_0dbb08059bb6,1847,Always Be My Maybe (2019),Always Be My Maybe (2019),2019,Always Be My Maybe,https://letterboxd.com/film/always-be-my-maybe-2019/,2026-05-25T15:25:33+00:00
movie_7256fbfe06f4,1848,Thunderbolts*,Thunderbolts*,,Thunderbolts*,,2026-05-25T15:25:52+00:00
movie_e9f493f7d6e1,1849,Oh. What. Fun. (2025),Oh. What. Fun. (2025),2025,Oh. What. Fun.,https://letterboxd.com/film/oh-what-fun/,2026-05-25T15:28:16+00:00
movie_52c3ce4a384c,1850,Descendants: The Rise of Red (2024),Descendants: The Rise of Red (2024),2024,Descendants: The Rise of Red,https://letterboxd.com/film/descendants-the-rise-of-red/,2026-05-25T15:28:16+00:00
movie_1ee63e282d59,1851,The Addams Family (2019),The Addams Family (2019),2019,The Addams Family,https://letterboxd.com/film/the-addams-family-2019/,2026-05-25T15:28:16+00:00
movie_c2d203e3941a,1852,Descendants 3 (2019),Descendants 3 (2019),2019,Descendants 3,https://letterboxd.com/film/descendants-3/,2026-05-25T15:28:16+00:00
movie_8ff9e2ae1489,1853,Officer Black Belt (2024),Officer Black Belt (2024),2024,Officer Black Belt,https://letterboxd.com/film/officer-black-belt/,2026-05-25T15:29:11+00:00
movie_a109d9e18aef,1854,The Watchers (2024),The Watchers (2024),2024,The Watchers,https://letterboxd.com/film/the-watchers-2024/,2026-05-25T15:29:11+00:00
movie_466751df7d28,1855,Love Reset (2023),Love Reset (2023),2023,Love Reset,https://letterboxd.com/film/love-reset-2023/,2026-05-25T15:29:11+00:00
movie_6f3b6bf18e70,1856,The Roundup (2022),The Roundup (2022),2022,The Roundup,https://letterboxd.com/film/the-roundup-2022/,2026-05-25T15:29:11+00:00
movie_b2341cdfd628,1857,Army of the Dead (2021),Army of the Dead (2021),2021,Army of the Dead,https://letterboxd.com/film/army-of-the-dead-2021/,2026-05-25T15:29:11+00:00
movie_c2d6cd0bb663,1858,Peninsula (2020),Peninsula (2020),2020,Peninsula,https://letterboxd.com/film/peninsula/,2026-05-25T15:29:11+00:00
movie_64c0b25da67e,1859,#Alive (2020),#Alive (2020),2020,#Alive,https://letterboxd.com/film/alive-2020/,2026-05-25T15:29:11+00:00
movie_ac348cb1d9bd,1860,Angel Has Fallen (2019),Angel Has Fallen (2019),2019,Angel Has Fallen,https://letterboxd.com/film/angel-has-fallen/,2026-05-25T15:29:11+00:00
movie_2431b8fb392e,1861,"The Gangster, the Cop, the Devil (2019)","The Gangster, the Cop, the Devil (2019)",2019,"The Gangster, the Cop, the Devil",https://letterboxd.com/film/the-gangster-the-cop-the-devil/,2026-05-25T15:29:11+00:00
movie_d1226c8f16e3,1862,Mountainhead (2025),Mountainhead (2025),2025,Mountainhead,https://letterboxd.com/film/mountainhead/,2026-05-25T15:30:56+00:00
movie_c8462268e72b,1863,American Murder: Gabby Petito (2025),American Murder: Gabby Petito (2025),2025,American Murder: Gabby Petito,https://letterboxd.com/film/american-murder-gabby-petito-2025/,2026-05-25T15:30:56+00:00
movie_2978e4d1cf39,1864,Cunk on Life (2024),Cunk on Life (2024),2024,Cunk on Life,https://letterboxd.com/film/cunk-on-life/,2026-05-25T15:30:56+00:00
movie_a29384be939b,1865,The Menendez Brothers (2024),The Menendez Brothers (2024),2024,The Menendez Brothers,https://letterboxd.com/film/the-menendez-brothers/,2026-05-25T15:30:56+00:00
movie_18cd4f2230f7,1866,Bridget Jones's Baby (2016),Bridget Jones's Baby (2016),2016,Bridget Jones's Baby,https://letterboxd.com/film/bridget-joness-baby/,2026-05-25T15:30:56+00:00
movie_16bbdf22bead,1867,Spider-Man: Into the Spider-Verse,Spider-Man: Into the Spider-Verse,,Spider-Man: Into the Spider-Verse,,2026-05-25T15:31:40+00:00
movie_19f095114f0d,1868,The Housemaid,The Housemaid,,The Housemaid,,2026-05-25T15:31:40+00:00
movie_503d99d63fc1,1869,Insurgent (2015),Insurgent (2015),2015,Insurgent,https://letterboxd.com/film/insurgent/,2026-05-25T15:31:48+00:00
movie_cc186b5cfeb8,1870,Les Misérables (2012),Les Misérables (2012),2012,Les Misérables,https://letterboxd.com/film/les-miserables-2012/,2026-05-25T15:31:48+00:00
movie_20fcc800d99a,1871,Hairspray (2007),Hairspray (2007),2007,Hairspray,https://letterboxd.com/film/hairspray-2007/,2026-05-25T15:31:48+00:00
movie_3b305ba8b4f1,1872,The Wrong Paris (2025),The Wrong Paris (2025),2025,The Wrong Paris,https://letterboxd.com/film/the-wrong-paris/,2026-05-25T15:33:37+00:00
movie_1689ef01404f,1873,The Life List (2025),The Life List (2025),2025,The Life List,https://letterboxd.com/film/the-life-list/,2026-05-25T15:33:37+00:00
movie_9409900fd084,1874,The Fall of the House of Usher (2023),The Fall of the House of Usher (2023),2023,The Fall of the House of Usher,https://letterboxd.com/film/the-fall-of-the-house-of-usher-2023/,2026-05-25T15:33:38+00:00
movie_26cddf3528eb,1875,Tarot (2024),Tarot (2024),2024,Tarot,https://letterboxd.com/film/tarot-2024/,2026-05-25T15:34:35+00:00
movie_07e9d124d5fb,1876,Wall to Wall (2025),Wall to Wall (2025),2025,Wall to Wall,https://letterboxd.com/film/wall-to-wall/,2026-05-25T15:36:21+00:00
movie_095cd6eeaedc,1877,The Woman in the Window (2021),The Woman in the Window (2021),2021,The Woman in the Window,https://letterboxd.com/film/the-woman-in-the-window-2021/,2026-05-25T15:36:21+00:00
movie_8f0e43a86695,1878,A Cure for Wellness (2016),A Cure for Wellness (2016),2016,A Cure for Wellness,https://letterboxd.com/film/a-cure-for-wellness/,2026-05-25T15:36:21+00:00
movie_0af44eb59c99,1879,The Wave (2008),The Wave (2008),2008,The Wave,https://letterboxd.com/film/the-wave-2008/,2026-05-25T15:36:21+00:00
movie_515dc0047b9b,1880,Downfall (2004),Downfall (2004),2004,Downfall,https://letterboxd.com/film/downfall/,2026-05-25T15:36:21+00:00
movie_d1a748b89601,1881,Se7en,Se7en,,Se7en,,2026-05-25T15:36:24+00:00
movie_9daf1b0e1af8,1882,Caramelo (2025),Caramelo (2025),2025,Caramelo,https://letterboxd.com/film/caramelo/,2026-05-25T15:38:05+00:00
movie_ebf696e55ba7,1883,Left-Handed Girl (2025),Left-Handed Girl (2025),2025,Left-Handed Girl,https://letterboxd.com/film/left-handed-girl/,2026-05-25T15:38:05+00:00
movie_0c8eb966fb16,1884,The Departed,The Departed,,The Departed,,2026-05-25T15:39:46+00:00
movie_f74f82132cf8,1885,The Karate Kid (1984),The Karate Kid (1984),1984,The Karate Kid,https://letterboxd.com/film/the-karate-kid/,2026-05-25T15:40:46+00:00
movie_06630ca2711f,1886,Kill Bill: Vol. 2,Kill Bill: Vol. 2,,Kill Bill: Vol. 2,,2026-05-25T15:41:26+00:00
movie_9edb96912ef2,1887,The Forever Purge (2021),The Forever Purge (2021),2021,The Forever Purge,https://letterboxd.com/film/the-forever-purge/,2026-05-25T15:41:33+00:00
movie_cbd792ab87cf,1888,Pineapple Express (2008),Pineapple Express (2008),2008,Pineapple Express,https://letterboxd.com/film/pineapple-express/,2026-05-25T15:41:33+00:00
movie_e7b376af85a3,1889,The Descent (2005),The Descent (2005),2005,The Descent,https://letterboxd.com/film/the-descent/,2026-05-25T15:41:33+00:00
movie_7c46c314f30a,1890,Vertigo (1958),Vertigo (1958),1958,Vertigo,https://letterboxd.com/film/vertigo/,2026-05-25T15:41:33+00:00
movie_768ca861a5c5,1891,Singin' in the Rain (1952),Singin' in the Rain (1952),1952,Singin' in the Rain,https://letterboxd.com/film/singin-in-the-rain/,2026-05-25T15:41:33+00:00
movie_da273257a384,1892,Paper Towns (2015),Paper Towns (2015),2015,Paper Towns,https://letterboxd.com/film/paper-towns/,2026-05-25T15:43:15+00:00
movie_18330eba71d1,1893,Mustang (2015),Mustang (2015),2015,Mustang,https://letterboxd.com/film/mustang-2015/,2026-05-25T15:43:15+00:00
movie_2f4ff8cca82f,1894,The DUFF (2015),The DUFF (2015),2015,The DUFF,https://letterboxd.com/film/the-duff/,2026-05-25T15:43:15+00:00
movie_99de35f8aebe,1895,The Bling Ring (2013),The Bling Ring (2013),2013,The Bling Ring,https://letterboxd.com/film/the-bling-ring/,2026-05-25T15:43:15+00:00
movie_bb844bc235d0,1896,The Lovely Bones (2009),The Lovely Bones (2009),2009,The Lovely Bones,https://letterboxd.com/film/the-lovely-bones/,2026-05-25T15:43:15+00:00
movie_0f12069c2fea,1897,Y Tu Mamá También (2001),Y Tu Mamá También (2001),2001,Y Tu Mamá También,https://letterboxd.com/film/y-tu-mama-tambien/,2026-05-25T15:43:15+00:00
movie_9c1d097d8e5a,1898,Trainspotting (1996),Trainspotting (1996),1996,Trainspotting,https://letterboxd.com/film/trainspotting/,2026-05-25T15:43:15+00:00
movie_e2ed4f01213e,1899,The Grand Budapest Hotel,The Grand Budapest Hotel,,The Grand Budapest Hotel,,2026-05-25T15:32:40+00:00
movie_d72dfc3d008f,1900,Kong: Skull Island (2017),Kong: Skull Island (2017),2017,Kong: Skull Island,https://letterboxd.com/film/kong-skull-island/,2026-05-25T15:44:09+00:00
movie_0a8341b0491c,1901,The Interview (2014),The Interview (2014),2014,The Interview,https://letterboxd.com/film/the-interview-2014/,2026-05-25T15:44:09+00:00
movie_a04cffeb2dda,1902,The Naked Gun: From the Files of Police Squad! (1988),The Naked Gun: From the Files of Police Squad! (1988),1988,The Naked Gun: From the Files of Police Squad!,https://letterboxd.com/film/the-naked-gun-from-the-files-of-police-squad/,2026-05-25T15:44:09+00:00
movie_323c35f77985,1903,Borat Subsequent Moviefilm: Delivery of Prodigious Bribe to American Regime for Make Benefit Once Glorious Nation of Kazakhstan (2020),Borat Subsequent Moviefilm: Delivery of Prodigious Bribe to American Regime for Make Benefit Once Glorious Nation of Kazakhstan (2020),2020,Borat Subsequent Moviefilm: Delivery of Prodigious Bribe to American Regime for Make Benefit Once Glorious Nation of Kazakhstan,https://letterboxd.com/film/borat-subsequent-moviefilm-delivery-of-prodigious/,2026-05-25T15:45:15+00:00
movie_45275b590577,1904,Pain and Glory (2019),Pain and Glory (2019),2019,Pain and Glory,https://letterboxd.com/film/pain-and-glory/,2026-05-25T15:45:15+00:00
movie_526e3c450fa5,1905,The Ballad of Buster Scruggs (2018),The Ballad of Buster Scruggs (2018),2018,The Ballad of Buster Scruggs,https://letterboxd.com/film/the-ballad-of-buster-scruggs/,2026-05-25T15:45:15+00:00
movie_93fecf1b0157,1906,Assassin's Creed (2016),Assassin's Creed (2016),2016,Assassin's Creed,https://letterboxd.com/film/assassins-creed/,2026-05-25T15:45:15+00:00
movie_5a580574cfd8,1907,Boyhood (2014),Boyhood (2014),2014,Boyhood,https://letterboxd.com/film/boyhood/,2026-05-25T15:45:15+00:00
movie_f82140c49f37,1908,After Everything (2023),After Everything (2023),2023,After Everything,https://letterboxd.com/film/after-everything-2023/,2026-05-25T15:46:01+00:00
movie_29b399c9444d,1909,After Ever Happy (2022),After Ever Happy (2022),2022,After Ever Happy,https://letterboxd.com/film/after-ever-happy/,2026-05-25T15:46:01+00:00
movie_fb9407353e17,1910,After We Fell (2021),After We Fell (2021),2021,After We Fell,https://letterboxd.com/film/after-we-fell/,2026-05-25T15:46:01+00:00
movie_d27bc6c36b27,1911,Annabelle Comes Home (2019),Annabelle Comes Home (2019),2019,Annabelle Comes Home,https://letterboxd.com/film/annabelle-comes-home/,2026-05-25T15:46:01+00:00
movie_812f33a060d8,1912,Believe Me: The Abduction of Lisa McVey (2018),Believe Me: The Abduction of Lisa McVey (2018),2018,Believe Me: The Abduction of Lisa McVey,https://letterboxd.com/film/believe-me-the-abduction-of-lisa-mcvey/,2026-05-25T15:46:01+00:00
movie_041a73709f7d,1913,Cinderella (2015),Cinderella (2015),2015,Cinderella,https://letterboxd.com/film/cinderella-2015/,2026-05-25T15:46:01+00:00
movie_31f65759108d,1914,Will & Harper (2024),Will & Harper (2024),2024,Will & Harper,https://letterboxd.com/film/will-harper/,2026-05-25T15:46:49+00:00
movie_e462d705b8b9,1915,Happiest Season (2020),Happiest Season (2020),2020,Happiest Season,https://letterboxd.com/film/happiest-season/,2026-05-25T15:46:49+00:00
movie_320c3dc16070,1916,The Artist (2011),The Artist (2011),2011,The Artist,https://letterboxd.com/film/the-artist/,2026-05-25T15:46:49+00:00
movie_84efdd36d929,1917,The House Bunny (2008),The House Bunny (2008),2008,The House Bunny,https://letterboxd.com/film/the-house-bunny/,2026-05-25T15:46:49+00:00
movie_8d19da66a7f5,1918,Before Sunset (2004),Before Sunset (2004),2004,Before Sunset,https://letterboxd.com/film/before-sunset/,2026-05-25T15:46:49+00:00
movie_7945688a974e,1919,Chicago (2002),Chicago (2002),2002,Chicago,https://letterboxd.com/film/chicago/,2026-05-25T15:46:49+00:00
movie_be273cc392eb,1920,Violent Night (2022),Violent Night (2022),2022,Violent Night,https://letterboxd.com/film/violent-night/,2026-05-25T15:49:09+00:00
movie_4f6732adc56c,1921,Tiger King (2020),Tiger King (2020),2020,Tiger King,https://letterboxd.com/film/tiger-king/,2026-05-25T15:49:09+00:00
movie_520126693aa9,1922,Underwater (2020),Underwater (2020),2020,Underwater,https://letterboxd.com/film/underwater-2020/,2026-05-25T15:49:09+00:00
movie_2d702c44f515,1923,Dolittle (2020),Dolittle (2020),2020,Dolittle,https://letterboxd.com/film/dolittle/,2026-05-25T15:49:09+00:00
movie_c8ab3aad683c,1924,Ella McCay (2025),Ella McCay (2025),2025,Ella McCay,https://letterboxd.com/film/ella-mccay/,2026-05-25T15:50:09+00:00
movie_e1991d508af0,1925,The Room Next Door (2024),The Room Next Door (2024),2024,The Room Next Door,https://letterboxd.com/film/the-room-next-door-2024/,2026-05-25T15:50:09+00:00
movie_8a0ff5b70054,1926,The First Omen (2024),The First Omen (2024),2024,The First Omen,https://letterboxd.com/film/the-first-omen/,2026-05-25T15:50:09+00:00
movie_d6c5524f29ad,1927,Small Things Like These (2024),Small Things Like These (2024),2024,Small Things Like These,https://letterboxd.com/film/small-things-like-these/,2026-05-25T15:50:09+00:00
movie_7f139205f949,1928,Leo (2023),Leo (2023),2023,Leo,https://letterboxd.com/film/leo-2023/,2026-05-25T15:50:09+00:00
movie_0d5f860a15eb,1929,Chicken Run: Dawn of the Nugget (2023),Chicken Run: Dawn of the Nugget (2023),2023,Chicken Run: Dawn of the Nugget,https://letterboxd.com/film/chicken-run-dawn-of-the-nugget/,2026-05-25T15:50:09+00:00
movie_c971e3442838,1930,Taylor Swift: The Eras Tour (2023),Taylor Swift: The Eras Tour (2023),2023,Taylor Swift: The Eras Tour,https://letterboxd.com/film/taylor-swift-the-eras-tour/,2026-05-25T15:50:59+00:00
movie_d9403b369a7c,1931,Wicked: For Good,Wicked: For Good,,Wicked: For Good,,2026-05-25T15:51:19+00:00
movie_5d73236b9f20,1932,Evil Dead II (1987),Evil Dead II (1987),1987,Evil Dead II,https://letterboxd.com/film/evil-dead-ii/,2026-05-25T15:52:48+00:00
movie_3c7be5de7e89,1933,Dust Bunny (2025),Dust Bunny (2025),2025,Dust Bunny,https://letterboxd.com/film/dust-bunny/,2026-05-25T15:52:56+00:00
movie_e9513eb1d9f2,1934,The Shadow Strays (2024),The Shadow Strays (2024),2024,The Shadow Strays,https://letterboxd.com/film/the-shadow-strays/,2026-05-25T15:52:57+00:00
movie_4555d5c569bc,1935,Afraid (2024),Afraid (2024),2024,Afraid,https://letterboxd.com/film/afraid-2024-1/,2026-05-25T15:52:57+00:00
movie_79abce1b3fd6,1936,Shelby Oaks (2024),Shelby Oaks (2024),2024,Shelby Oaks,https://letterboxd.com/film/shelby-oaks/,2026-05-25T15:52:57+00:00
movie_dd44c5561eda,1937,Ricky Stanicky (2024),Ricky Stanicky (2024),2024,Ricky Stanicky,https://letterboxd.com/film/ricky-stanicky/,2026-05-25T15:52:57+00:00
movie_316e340489ff,1938,Humanist Vampire Seeking Consenting Suicidal Person (2023),Humanist Vampire Seeking Consenting Suicidal Person (2023),2023,Humanist Vampire Seeking Consenting Suicidal Person,https://letterboxd.com/film/humanist-vampire-seeking-consenting-suicidal-person/,2026-05-25T15:52:57+00:00
movie_42fb1d75e5db,1939,The Boogeyman (2023),The Boogeyman (2023),2023,The Boogeyman,https://letterboxd.com/film/the-boogeyman/,2026-05-25T15:52:57+00:00
movie_163bb8ca75c2,1940,Only Lovers Left Alive (2013),Only Lovers Left Alive (2013),2013,Only Lovers Left Alive,https://letterboxd.com/film/only-lovers-left-alive/,2026-05-25T15:53:51+00:00
movie_48ce0b3f32a7,1941,The History of Sound (2025),The History of Sound (2025),2025,The History of Sound,https://letterboxd.com/film/the-history-of-sound/,2026-05-25T15:53:59+00:00
movie_06374119a4c5,1942,Bird (2024),Bird (2024),2024,Bird,https://letterboxd.com/film/bird-2024/,2026-05-25T15:53:59+00:00
movie_7627bea79464,1943,Sick of Myself (2022),Sick of Myself (2022),2022,Sick of Myself,https://letterboxd.com/film/sick-of-myself/,2026-05-25T15:53:59+00:00
movie_43e6ef4d62ba,1944,Twin Peaks: The Return (2017),Twin Peaks: The Return (2017),2017,Twin Peaks: The Return,https://letterboxd.com/film/twin-peaks-the-return/,2026-05-25T15:53:59+00:00
movie_965dbb62a5ce,1945,Spring Breakers (2012),Spring Breakers (2012),2012,Spring Breakers,https://letterboxd.com/film/spring-breakers/,2026-05-25T15:53:59+00:00
movie_440803f594d4,1946,Aftersun,Aftersun,,Aftersun,,2026-05-25T15:54:02+00:00
movie_c0288abedc1a,1947,Enchanted (2007),Enchanted (2007),2007,Enchanted,https://letterboxd.com/film/enchanted/,2026-05-25T15:54:45+00:00
movie_0f9fb3d811ab,1948,Ella Enchanted (2004),Ella Enchanted (2004),2004,Ella Enchanted,https://letterboxd.com/film/ella-enchanted/,2026-05-25T15:54:45+00:00
movie_d533bbf0a736,1949,The Residence (2025),The Residence (2025),2025,The Residence,https://letterboxd.com/film/the-residence-2025/,2026-05-25T15:54:52+00:00
movie_045b1dfc0413,1950,True Beauty (2020),True Beauty (2020),2020,True Beauty,https://letterboxd.com/film/true-beauty/,2026-05-25T15:55:40+00:00
movie_8c2ea21a30f1,1951,My Little Pony: Equestria Girls – Rainbow Rocks (2014),My Little Pony: Equestria Girls – Rainbow Rocks (2014),2014,My Little Pony: Equestria Girls – Rainbow Rocks,https://letterboxd.com/film/my-little-pony-equestria-girls-rainbow-rocks/,2026-05-25T15:55:40+00:00
movie_12145a48f4c4,1952,Raging Bull (1980),Raging Bull (1980),1980,Raging Bull,https://letterboxd.com/film/raging-bull/,2026-05-25T15:56:34+00:00
movie_7dc69d47b1db,1953,Beautiful Boy,Beautiful Boy,,Beautiful Boy,,2026-05-25T15:58:06+00:00
movie_0af8405ab995,1954,A Monster Calls (2016),A Monster Calls (2016),2016,A Monster Calls,https://letterboxd.com/film/a-monster-calls/,2026-05-25T15:58:06+00:00
movie_199df8d908b4,1955,Ne Zha (2019),Ne Zha (2019),2019,Ne Zha,https://letterboxd.com/film/ne-zha/,2026-05-25T15:58:13+00:00
movie_574c14736df0,1956,Me and Earl and the Dying Girl (2015),Me and Earl and the Dying Girl (2015),2015,Me and Earl and the Dying Girl,https://letterboxd.com/film/me-and-earl-and-the-dying-girl/,2026-05-25T15:58:13+00:00
movie_391cc4d1a0f6,1957,5 Centimeters per Second (2007),5 Centimeters per Second (2007),2007,5 Centimeters per Second,https://letterboxd.com/film/5-centimeters-per-second/,2026-05-25T15:58:13+00:00
movie_34b0534b4214,1958,Freedom Writers (2007),Freedom Writers (2007),2007,Freedom Writers,https://letterboxd.com/film/freedom-writers/,2026-05-25T15:58:13+00:00
movie_08e0c833b82c,1959,Click (2006),Click (2006),2006,Click,https://letterboxd.com/film/click/,2026-05-25T15:58:13+00:00
movie_4c305d55c9a2,1960,Once Upon a Time... in Hollywood,Once Upon a Time... in Hollywood,,Once Upon a Time... in Hollywood,,2026-05-25T15:58:55+00:00
movie_1cb65e4cb593,1961,Den of Thieves 2: Pantera (2025),Den of Thieves 2: Pantera (2025),2025,Den of Thieves 2: Pantera,https://letterboxd.com/film/den-of-thieves-2-pantera/,2026-05-25T15:59:02+00:00
movie_45873447f064,1962,Fly Me to the Moon (2024),Fly Me to the Moon (2024),2024,Fly Me to the Moon,https://letterboxd.com/film/fly-me-to-the-moon-2024/,2026-05-25T15:59:02+00:00
movie_cda502ce4562,1963,I Am Mother (2019),I Am Mother (2019),2019,I Am Mother,https://letterboxd.com/film/i-am-mother/,2026-05-25T15:59:02+00:00
movie_2d711037d822,1964,The Christmas Chronicles (2018),The Christmas Chronicles (2018),2018,The Christmas Chronicles,https://letterboxd.com/film/the-christmas-chronicles/,2026-05-25T15:59:02+00:00
movie_e8a2652e2ab6,1965,Goosebumps 2: Haunted Halloween (2018),Goosebumps 2: Haunted Halloween (2018),2018,Goosebumps 2: Haunted Halloween,https://letterboxd.com/film/goosebumps-2-haunted-halloween/,2026-05-25T15:59:02+00:00
movie_5f23921cda29,1966,The Green Mile,The Green Mile,,The Green Mile,,2026-05-25T16:00:09+00:00
movie_2a4c9f252fea,1967,Borderlands (2024),Borderlands (2024),2024,Borderlands,https://letterboxd.com/film/borderlands-2024/,2026-05-25T16:00:51+00:00
movie_3f9084c142c9,1968,The Boss Baby: Family Business (2021),The Boss Baby: Family Business (2021),2021,The Boss Baby: Family Business,https://letterboxd.com/film/the-boss-baby-family-business/,2026-05-25T16:00:51+00:00
movie_9ca9c3f508ca,1969,Sound of Falling (2025),Sound of Falling (2025),2025,Sound of Falling,https://letterboxd.com/film/sound-of-falling/,2026-05-25T16:02:21+00:00
movie_cb57a5a198b3,1970,No Other Land (2024),No Other Land (2024),2024,No Other Land,https://letterboxd.com/film/no-other-land/,2026-05-25T16:02:21+00:00
movie_5a41302b66c7,1971,Isi & Ossi (2020),Isi & Ossi (2020),2020,Isi & Ossi,https://letterboxd.com/film/isi-ossi/,2026-05-25T16:02:21+00:00
movie_c113fa5f794d,1972,Set It Up (2018),Set It Up (2018),2018,Set It Up,https://letterboxd.com/film/set-it-up/,2026-05-25T16:02:21+00:00
movie_6c3f8cc3a6ab,1973,Nerve (2016),Nerve (2016),2016,Nerve,https://letterboxd.com/film/nerve-2016/,2026-05-25T16:02:21+00:00
movie_767315623554,1974,The Other Woman (2014),The Other Woman (2014),2014,The Other Woman,https://letterboxd.com/film/the-other-woman-2014/,2026-05-25T16:02:21+00:00
movie_68fbf50486b4,1975,Magazine Dreams (2023),Magazine Dreams (2023),2023,Magazine Dreams,https://letterboxd.com/film/magazine-dreams/,2026-05-25T16:03:06+00:00
movie_fa84b0246b62,1976,13 Going on 30,13 Going on 30,,13 Going on 30,,2026-05-25T16:04:49+00:00
movie_8f48c96c37ca,1977,Exit 8 (2025),Exit 8 (2025),2025,Exit 8,https://letterboxd.com/film/exit-8/,2026-05-25T16:04:58+00:00
movie_fd9ba4426806,1978,The SpongeBob SquarePants Movie (2004),The SpongeBob SquarePants Movie (2004),2004,The SpongeBob SquarePants Movie,https://letterboxd.com/film/the-spongebob-squarepants-movie/,2026-05-25T16:05:47+00:00
movie_dc48070bbbae,1979,Little Women,Little Women,,Little Women,,2026-05-25T16:12:55+00:00
movie_f9e59cdcd206,1980,Love Actually (2003),Love Actually (2003),2003,Love Actually,https://letterboxd.com/film/love-actually/,2026-05-25T16:13:02+00:00
movie_83c3b721ced5,1981,Precious: Based on the Novel 'Push' by Sapphire (2009),Precious: Based on the Novel 'Push' by Sapphire (2009),2009,Precious: Based on the Novel 'Push' by Sapphire,https://letterboxd.com/film/precious-based-on-the-novel-push-by-sapphire/,2026-05-25T16:14:40+00:00
movie_fe09cddeb523,1982,Heathers (1989),Heathers (1989),1989,Heathers,https://letterboxd.com/film/heathers/,2026-05-25T16:14:40+00:00
movie_d3f78bbfbff0,1983,Me Before You,Me Before You,,Me Before You,,2026-05-25T14:57:16+00:00
movie_7910fadae4fc,1984,The Moment (2026),The Moment (2026),2026,The Moment,https://letterboxd.com/film/the-moment-2026/,2026-05-25T16:16:22+00:00
movie_3f1e16d96f98,1985,The Beast in Me (2025),The Beast in Me (2025),2025,The Beast in Me,https://letterboxd.com/film/the-beast-in-me/,2026-05-25T16:16:22+00:00
movie_73eac331dbf3,1986,Echo Valley (2025),Echo Valley (2025),2025,Echo Valley,https://letterboxd.com/film/echo-valley/,2026-05-25T16:16:22+00:00
movie_1a328dc8c796,1987,Miroirs No. 3 (2025),Miroirs No. 3 (2025),2025,Miroirs No. 3,https://letterboxd.com/film/miroirs-no-3/,2026-05-25T16:16:22+00:00
movie_8a27edec3080,1988,Apartment 7A (2024),Apartment 7A (2024),2024,Apartment 7A,https://letterboxd.com/film/apartment-7a/,2026-05-25T16:16:22+00:00
movie_25ad540e5fb3,1989,Eden (2024),Eden (2024),2024,Eden,https://letterboxd.com/film/eden-2024/,2026-05-25T16:16:22+00:00
movie_b77efddfed22,1990,The Book of Life (2014),The Book of Life (2014),2014,The Book of Life,https://letterboxd.com/film/the-book-of-life-2014/,2026-05-25T16:17:15+00:00
movie_4074ec38704f,1991,The Power of the Dog (2021),The Power of the Dog (2021),2021,The Power of the Dog,https://letterboxd.com/film/the-power-of-the-dog/,2026-05-25T16:18:18+00:00
movie_2077ebd835b7,1992,Bridge of Spies (2015),Bridge of Spies (2015),2015,Bridge of Spies,https://letterboxd.com/film/bridge-of-spies/,2026-05-25T16:18:18+00:00
movie_8c34bf77fd07,1993,Hugo (2011),Hugo (2011),2011,Hugo,https://letterboxd.com/film/hugo/,2026-05-25T16:18:18+00:00
movie_17cd89f08383,1994,A Separation (2011),A Separation (2011),2011,A Separation,https://letterboxd.com/film/a-separation/,2026-05-25T16:18:18+00:00
movie_219915b54a2a,1995,Indiana Jones and the Kingdom of the Crystal Skull (2008),Indiana Jones and the Kingdom of the Crystal Skull (2008),2008,Indiana Jones and the Kingdom of the Crystal Skull,https://letterboxd.com/film/indiana-jones-and-the-kingdom-of-the-crystal-skull/,2026-05-25T16:18:18+00:00
movie_665b68032a1f,1996,The Aviator (2004),The Aviator (2004),2004,The Aviator,https://letterboxd.com/film/the-aviator/,2026-05-25T16:18:18+00:00
movie_b3b6c48278f6,1997,Eternal Sunshine of the Spotless Mind,Eternal Sunshine of the Spotless Mind,,Eternal Sunshine of the Spotless Mind,,2026-05-25T16:18:54+00:00
movie_3cd0eae1e096,1998,Chef (2014),Chef (2014),2014,Chef,https://letterboxd.com/film/chef/,2026-05-25T16:19:01+00:00
movie_6779a4bfde9e,1999,Soyut Dışavurumcu Bir Dostluğun Anatomisi Veyahut Yan Yana (2025),Soyut Dışavurumcu Bir Dostluğun Anatomisi Veyahut Yan Yana (2025),2025,Soyut Dışavurumcu Bir Dostluğun Anatomisi Veyahut Yan Yana,https://letterboxd.com/film/soyut-dsavurumcu-bir-dostlugun-anatomisi/,2026-05-25T16:19:58+00:00
movie_1b67b829fe32,2000,Piece By Piece (2024),Piece By Piece (2024),2024,Piece By Piece,https://letterboxd.com/film/piece-by-piece-2024/,2026-05-25T16:19:58+00:00
movie_db918c8c10dc,2001,Don't Breathe (2016),Don't Breathe (2016),2016,Don't Breathe,https://letterboxd.com/film/dont-breathe-2016/,2026-05-25T16:21:45+00:00
movie_3ccc97731ab0,2002,It Follows (2014),It Follows (2014),2014,It Follows,https://letterboxd.com/film/it-follows/,2026-05-25T16:21:45+00:00
movie_ba46957a5d4d,2003,Evil Dead (2013),Evil Dead (2013),2013,Evil Dead,https://letterboxd.com/film/evil-dead/,2026-05-25T16:21:45+00:00
movie_2d2f7d944347,2004,The Cabin in the Woods (2011),The Cabin in the Woods (2011),2011,The Cabin in the Woods,https://letterboxd.com/film/the-cabin-in-the-woods/,2026-05-25T16:21:45+00:00
movie_140c3a62d4fc,2005,Final Destination 5 (2011),Final Destination 5 (2011),2011,Final Destination 5,https://letterboxd.com/film/final-destination-5/,2026-05-25T16:21:45+00:00
movie_3ee271fd6cc3,2006,Better Off Dead (2025),Better Off Dead (2025),2025,Better Off Dead,https://letterboxd.com/film/better-off-dead-2025/,2026-05-26T02:29:54+00:00
movie_255522083e25,2007,Together,Together,,Together,,2026-05-26T02:30:41+00:00
movie_9729e8b78ac7,2008,Ghostland (2018),Ghostland (2018),2018,Ghostland,https://letterboxd.com/film/ghostland/,2026-05-26T02:30:47+00:00
movie_7c23b4ed6b5e,2009,Funny Games (1997),Funny Games (1997),1997,Funny Games,https://letterboxd.com/film/funny-games/,2026-05-26T02:31:44+00:00
movie_e2fa9712179b,2010,Something Very Bad Is Going to Happen,Something Very Bad Is Going to Happen,,Something Very Bad Is Going to Happen,,2026-05-25T14:56:53+00:00
movie_d0b87f7aca86,2011,Dirty Dancing (1987),Dirty Dancing (1987),1987,Dirty Dancing,https://letterboxd.com/film/dirty-dancing/,2026-05-26T02:33:28+00:00
movie_b20956a2be32,2012,Harry Potter 20th Anniversary: Return to Hogwarts (2022),Harry Potter 20th Anniversary: Return to Hogwarts (2022),2022,Harry Potter 20th Anniversary: Return to Hogwarts,https://letterboxd.com/film/harry-potter-20th-anniversary-return-to-hogwarts/,2026-05-26T02:34:11+00:00
movie_e93c92fa1bfa,2013,One Flew Over the Cuckoo's Nest (1975),One Flew Over the Cuckoo's Nest (1975),1975,One Flew Over the Cuckoo's Nest,https://letterboxd.com/film/one-flew-over-the-cuckoos-nest/,2026-05-26T02:34:11+00:00
movie_8987545bbcfa,2014,JoJo's Bizarre Adventure: Steel Ball Run (2026),JoJo's Bizarre Adventure: Steel Ball Run (2026),2026,JoJo's Bizarre Adventure: Steel Ball Run,https://letterboxd.com/film/steel-ball-run-jojos-bizarre-adventure-2026/,2026-05-26T02:35:08+00:00
movie_7691a013417f,2015,JoJo's Bizarre Adventure: Golden Wind (2018),JoJo's Bizarre Adventure: Golden Wind (2018),2018,JoJo's Bizarre Adventure: Golden Wind,https://letterboxd.com/film/jojos-bizarre-adventure-golden-wind/,2026-05-26T02:35:08+00:00
movie_e3e618e05c92,2016,Darkest Hour (2017),Darkest Hour (2017),2017,Darkest Hour,https://letterboxd.com/film/darkest-hour/,2026-05-26T02:35:08+00:00
movie_c844880d5a5d,2017,No Half Measures: Creating the Final Season of Breaking Bad (2013),No Half Measures: Creating the Final Season of Breaking Bad (2013),2013,No Half Measures: Creating the Final Season of Breaking Bad,https://letterboxd.com/film/no-half-measures-creating-the-final-season-of-breaking-bad/,2026-05-26T02:35:08+00:00
movie_5af9bf5d6ed2,2018,Fullmetal Alchemist: Brotherhood (2009),Fullmetal Alchemist: Brotherhood (2009),2009,Fullmetal Alchemist: Brotherhood,https://letterboxd.com/film/fullmetal-alchemist-brotherhood/,2026-05-26T02:35:09+00:00
movie_673f55ae7046,2019,Monster (2004),Monster (2004),2004,Monster,https://letterboxd.com/film/monster-2004/,2026-05-26T02:35:09+00:00
movie_80ee470571cd,2020,GoodFellas,GoodFellas,,GoodFellas,,2026-05-26T02:35:55+00:00
movie_ed2ce66a9c64,2021,The Strangers (2008),The Strangers (2008),2008,The Strangers,https://letterboxd.com/film/the-strangers/,2026-05-26T02:36:02+00:00
movie_a4445d897198,2022,About Time,About Time,,About Time,,2026-05-26T02:36:48+00:00
movie_5d9dca42e682,2023,Past Lives,Past Lives,,Past Lives,,2026-05-26T02:36:48+00:00
movie_afa4f39d9d3d,2024,Hush (2016),Hush (2016),2016,Hush,https://letterboxd.com/film/hush-2016/,2026-05-26T02:36:56+00:00
movie_570194161ad0,2025,mid90s,mid90s,,mid90s,,2026-05-26T02:37:15+00:00
movie_1867aea083ca,2026,Malignant (2021),Malignant (2021),2021,Malignant,https://letterboxd.com/film/malignant-2021/,2026-05-26T02:39:41+00:00
movie_02693f9237f4,2027,Promising Young Woman (2020),Promising Young Woman (2020),2020,Promising Young Woman,https://letterboxd.com/film/promising-young-woman/,2026-05-26T02:39:42+00:00
movie_d61ace16ee63,2028,Into the Wild (2007),Into the Wild (2007),2007,Into the Wild,https://letterboxd.com/film/into-the-wild/,2026-05-26T02:41:25+00:00
movie_871f4d7f1bf1,2029,JUJUTSU KAISEN: Hidden Inventory / Premature Death - The Movie (2025),JUJUTSU KAISEN: Hidden Inventory / Premature Death - The Movie (2025),2025,JUJUTSU KAISEN: Hidden Inventory / Premature Death - The Movie,https://letterboxd.com/film/jujutsu-kaisen-hidden-inventory-premature/,2026-05-26T02:43:04+00:00
movie_7341b1f44d22,2030,"history of the entire world, i guess (2017)","history of the entire world, i guess (2017)",2017,"history of the entire world, i guess",https://letterboxd.com/film/history-of-the-entire-world-i-guess/,2026-05-26T02:43:04+00:00
movie_77f03ef25fab,2031,A Taxi Driver (2017),A Taxi Driver (2017),2017,A Taxi Driver,https://letterboxd.com/film/a-taxi-driver/,2026-05-26T02:44:33+00:00
movie_3dd2e7b2617a,2032,Descendants (2015),Descendants (2015),2015,Descendants,https://letterboxd.com/film/descendants-2015/,2026-05-26T02:44:33+00:00
movie_1850b23d738a,2033,Spiral: From the Book of Saw (2021),Spiral: From the Book of Saw (2021),2021,Spiral: From the Book of Saw,https://letterboxd.com/film/spiral-from-the-book-of-saw/,2026-05-26T02:46:16+00:00
movie_5f3910bad610,2034,Jigsaw (2017),Jigsaw (2017),2017,Jigsaw,https://letterboxd.com/film/jigsaw-2017/,2026-05-26T02:46:16+00:00
movie_0dfcc4e306a7,2035,To the Bone (2017),To the Bone (2017),2017,To the Bone,https://letterboxd.com/film/to-the-bone-2017/,2026-05-26T02:46:16+00:00
movie_939d255290ab,2036,Megan Is Missing (2011),Megan Is Missing (2011),2011,Megan Is Missing,https://letterboxd.com/film/megan-is-missing/,2026-05-26T02:46:16+00:00
movie_e6e662c90841,2037,Scream 4 (2011),Scream 4 (2011),2011,Scream 4,https://letterboxd.com/film/scream-4/,2026-05-26T02:46:16+00:00
movie_8e728f88e8ff,2038,Over the Hedge (2006),Over the Hedge (2006),2006,Over the Hedge,https://letterboxd.com/film/over-the-hedge/,2026-05-26T02:47:13+00:00
movie_c90fa7f3ca6d,2039,The Cat Returns (2002),The Cat Returns (2002),2002,The Cat Returns,https://letterboxd.com/film/the-cat-returns/,2026-05-26T02:47:13+00:00
movie_98527014176c,2040,12 Angry Men,12 Angry Men,,12 Angry Men,,2026-05-26T02:48:00+00:00
movie_9154fa344577,2041,Resident Evil: Retribution (2012),Resident Evil: Retribution (2012),2012,Resident Evil: Retribution,https://letterboxd.com/film/resident-evil-retribution/,2026-05-26T02:48:08+00:00
movie_71338b114e82,2042,The Raid (2011),The Raid (2011),2011,The Raid,https://letterboxd.com/film/the-raid-2011/,2026-05-26T02:48:08+00:00
movie_2c532a3ba778,2043,Resident Evil: Afterlife (2010),Resident Evil: Afterlife (2010),2010,Resident Evil: Afterlife,https://letterboxd.com/film/resident-evil-afterlife/,2026-05-26T02:48:08+00:00
movie_e8691f583052,2044,Resident Evil: Apocalypse (2004),Resident Evil: Apocalypse (2004),2004,Resident Evil: Apocalypse,https://letterboxd.com/film/resident-evil-apocalypse/,2026-05-26T02:48:08+00:00
movie_3cac7e5018a1,2045,Resident Evil (2002),Resident Evil (2002),2002,Resident Evil,https://letterboxd.com/film/resident-evil/,2026-05-26T02:48:08+00:00
movie_7d13b1ca9b56,2046,Léon: The Professional (1994),Léon: The Professional (1994),1994,Léon: The Professional,https://letterboxd.com/film/leon-the-professional/,2026-05-26T02:48:59+00:00
movie_36f8939747e3,2047,Paddington in Peru (2024),Paddington in Peru (2024),2024,Paddington in Peru,https://letterboxd.com/film/paddington-in-peru/,2026-05-26T02:49:51+00:00
movie_225013e41ec2,2048,The Garfield Movie (2024),The Garfield Movie (2024),2024,The Garfield Movie,https://letterboxd.com/film/the-garfield-movie/,2026-05-26T02:49:51+00:00
movie_9061cbefc859,2049,Pinocchio (2022),Pinocchio (2022),2022,Pinocchio,https://letterboxd.com/film/pinocchio-2022/,2026-05-26T02:49:51+00:00
movie_0069c72ea1ec,2050,365 Days: This Day (2022),365 Days: This Day (2022),2022,365 Days: This Day,https://letterboxd.com/film/365-days-this-day/,2026-05-26T02:49:51+00:00
movie_6212b3b27919,2051,He's All That (2021),He's All That (2021),2021,He's All That,https://letterboxd.com/film/hes-all-that/,2026-05-26T02:49:51+00:00
movie_3a4ab8608ad9,2052,The Fallout (2021),The Fallout (2021),2021,The Fallout,https://letterboxd.com/film/the-fallout/,2026-05-26T02:49:51+00:00
movie_897072a55fd6,2053,YES DAY (2021),YES DAY (2021),2021,YES DAY,https://letterboxd.com/film/yes-day/,2026-05-26T02:49:51+00:00
movie_d3806c8640ad,2054,The Babysitter: Killer Queen (2020),The Babysitter: Killer Queen (2020),2020,The Babysitter: Killer Queen,https://letterboxd.com/film/the-babysitter-killer-queen/,2026-05-26T02:49:51+00:00
movie_eaf94fa8ca5e,2055,365 Days (2020),365 Days (2020),2020,365 Days,https://letterboxd.com/film/365-days-2020/,2026-05-26T02:49:51+00:00
movie_a4ee9b0e3fed,2056,Tall Girl (2019),Tall Girl (2019),2019,Tall Girl,https://letterboxd.com/film/tall-girl/,2026-05-26T02:49:51+00:00
movie_dedae461aec2,2057,Zathura: A Space Adventure (2005),Zathura: A Space Adventure (2005),2005,Zathura: A Space Adventure,https://letterboxd.com/film/zathura-a-space-adventure/,2026-05-26T02:50:40+00:00
movie_06a7e2e8be6d,2058,Almost Famous (2000),Almost Famous (2000),2000,Almost Famous,https://letterboxd.com/film/almost-famous/,2026-05-26T02:50:40+00:00
movie_0af6cd79e96f,2059,Jumanji (1995),Jumanji (1995),1995,Jumanji,https://letterboxd.com/film/jumanji/,2026-05-26T02:50:40+00:00
movie_510158ec8074,2060,Thelma & Louise (1991),Thelma & Louise (1991),1991,Thelma & Louise,https://letterboxd.com/film/thelma-louise/,2026-05-26T02:50:40+00:00
movie_ca41e44eacaa,2061,Ghostbusters (1984),Ghostbusters (1984),1984,Ghostbusters,https://letterboxd.com/film/ghostbusters/,2026-05-26T02:50:40+00:00
movie_4d819ade2800,2062,Highest 2 Lowest (2025),Highest 2 Lowest (2025),2025,Highest 2 Lowest,https://letterboxd.com/film/highest-2-lowest/,2026-05-26T02:51:27+00:00
movie_96988f89e1c4,2063,No One Will Save You (2023),No One Will Save You (2023),2023,No One Will Save You,https://letterboxd.com/film/no-one-will-save-you/,2026-05-26T02:51:27+00:00
movie_1220a3ba97aa,2064,Dragon Ball Super: Super Hero (2022),Dragon Ball Super: Super Hero (2022),2022,Dragon Ball Super: Super Hero,https://letterboxd.com/film/dragon-ball-super-super-hero/,2026-05-26T02:51:27+00:00
movie_94bbb402b028,2065,The Interview,The Interview,,The Interview,,2026-05-26T02:52:47+00:00
movie_48d20b3eb55c,2066,Meet the Fockers (2004),Meet the Fockers (2004),2004,Meet the Fockers,https://letterboxd.com/film/meet-the-fockers/,2026-05-26T02:53:19+00:00
movie_b060e0631260,2067,Meet the Leroys (2024),Meet the Leroys (2024),2024,Meet the Leroys,https://letterboxd.com/film/meet-the-leroys/,2026-05-26T02:53:26+00:00
movie_fa4ee438981b,2068,Finch (2021),Finch (2021),2021,Finch,https://letterboxd.com/film/finch/,2026-05-26T02:53:26+00:00
movie_0e710b8bfef5,2069,Sully (2016),Sully (2016),2016,Sully,https://letterboxd.com/film/sully/,2026-05-26T02:53:26+00:00
movie_d89d97b4ed57,2070,"Hail, Caesar! (2016)","Hail, Caesar! (2016)",2016,"Hail, Caesar!",https://letterboxd.com/film/hail-caesar-2016/,2026-05-26T02:53:26+00:00
movie_fd0f7d34cbc7,2071,The Bélier Family (2014),The Bélier Family (2014),2014,The Bélier Family,https://letterboxd.com/film/the-belier-family/,2026-05-26T02:53:26+00:00
movie_50ff682829c4,2072,Captain Phillips (2013),Captain Phillips (2013),2013,Captain Phillips,https://letterboxd.com/film/captain-phillips/,2026-05-26T02:53:27+00:00
movie_4dbd2a3df9d6,2073,Gravity (2013),Gravity (2013),2013,Gravity,https://letterboxd.com/film/gravity-2013/,2026-05-26T02:53:27+00:00
movie_cadb45d0addd,2074,The Boxtrolls (2014),The Boxtrolls (2014),2014,The Boxtrolls,https://letterboxd.com/film/the-boxtrolls/,2026-05-26T02:54:20+00:00
movie_79eec56e75db,2075,In Time (2011),In Time (2011),2011,In Time,https://letterboxd.com/film/in-time/,2026-05-26T02:54:20+00:00
movie_4848534867d3,2076,Keeper (2025),Keeper (2025),2025,Keeper,https://letterboxd.com/film/keeper-2025/,2026-05-26T02:55:17+00:00
movie_9e1022c90bdb,2077,Havoc (2025),Havoc (2025),2025,Havoc,https://letterboxd.com/film/havoc-2025/,2026-05-26T02:55:17+00:00
movie_9aa808ac623a,2078,Lurker (2025),Lurker (2025),2025,Lurker,https://letterboxd.com/film/lurker-2025/,2026-05-26T02:55:17+00:00
movie_13afeb88161d,2079,Fight or Flight (2024),Fight or Flight (2024),2024,Fight or Flight,https://letterboxd.com/film/fight-or-flight-2024/,2026-05-26T02:55:17+00:00
movie_c614ba42db6f,2080,NANA (2006),NANA (2006),2006,NANA,https://letterboxd.com/film/nana-2006/,2026-05-26T02:56:01+00:00
movie_22fce6364f8b,2081,Frieren: Beyond Journey's End (2023),Frieren: Beyond Journey's End (2023),2023,Frieren: Beyond Journey's End,https://letterboxd.com/film/frieren-beyond-journeys-end/,2026-05-26T02:56:01+00:00
movie_324792b3eaa8,2082,Squid Game: Making Season 2 (2025),Squid Game: Making Season 2 (2025),2025,Squid Game: Making Season 2,https://letterboxd.com/film/squid-game-making-season-2/,2026-05-26T02:56:08+00:00
movie_eca612b53726,2083,The Apothecary Diaries (2023),The Apothecary Diaries (2023),2023,The Apothecary Diaries,https://letterboxd.com/film/the-apothecary-diaries/,2026-05-26T02:56:08+00:00
movie_a643e1287975,2084,Bride Wars (2009),Bride Wars (2009),2009,Bride Wars,https://letterboxd.com/film/bride-wars/,2026-05-26T02:56:08+00:00
movie_78517b8fddb1,2085,John Wick,John Wick,,John Wick,,2026-05-26T02:57:09+00:00
movie_7de76ab769bc,2086,3 Idiots (2009),3 Idiots (2009),2009,3 Idiots,https://letterboxd.com/film/3-idiots/,2026-05-25T14:59:32+00:00
movie_9648bd04921c,2087,Home Alone 2: Lost in New York (1992),Home Alone 2: Lost in New York (1992),1992,Home Alone 2: Lost in New York,https://letterboxd.com/film/home-alone-2-lost-in-new-york/,2026-05-26T02:58:38+00:00
movie_05b0d1db8722,2088,Your Name Engraved Herein (2020),Your Name Engraved Herein (2020),2020,Your Name Engraved Herein,https://letterboxd.com/film/your-name-engraved-herein/,2026-05-26T02:58:45+00:00
movie_ccd4fcfd27fe,2089,Fountain of Youth (2025),Fountain of Youth (2025),2025,Fountain of Youth,https://letterboxd.com/film/fountain-of-youth-2025/,2026-05-26T02:59:39+00:00
movie_f6567cafae6e,2090,Jungle Cruise (2021),Jungle Cruise (2021),2021,Jungle Cruise,https://letterboxd.com/film/jungle-cruise/,2026-05-26T02:59:39+00:00
movie_4f70e440d05a,2091,Hitman's Wife's Bodyguard (2021),Hitman's Wife's Bodyguard (2021),2021,Hitman's Wife's Bodyguard,https://letterboxd.com/film/hitmans-wifes-bodyguard/,2026-05-26T02:59:39+00:00
movie_cf42dc178ccf,2092,Tangled,Tangled,,Tangled,,2026-05-26T03:00:33+00:00
movie_19f242385aa4,2093,Crawl (2019),Crawl (2019),2019,Crawl,https://letterboxd.com/film/crawl-2019/,2026-05-26T03:03:16+00:00
movie_1a777edaa915,2094,San Andreas (2015),San Andreas (2015),2015,San Andreas,https://letterboxd.com/film/san-andreas/,2026-05-26T03:03:16+00:00
movie_ac8899062f98,2095,"As Above, So Below (2014)","As Above, So Below (2014)",2014,"As Above, So Below",https://letterboxd.com/film/as-above-so-below-2014/,2026-05-26T03:03:16+00:00
movie_4a9225ff626a,2096,2012 (2009),2012 (2009),2009,2012,https://letterboxd.com/film/2012/,2026-05-26T03:03:16+00:00
movie_6eb598aa4d36,2097,The Basketball Diaries (1995),The Basketball Diaries (1995),1995,The Basketball Diaries,https://letterboxd.com/film/the-basketball-diaries/,2026-05-26T03:04:50+00:00
movie_9b596beafaac,2098,Your Place or Mine (2023),Your Place or Mine (2023),2023,Your Place or Mine,https://letterboxd.com/film/your-place-or-mine-2023/,2026-05-26T03:05:39+00:00
movie_2f7aaf6aa94d,2099,C'mon C'mon (2021),C'mon C'mon (2021),2021,C'mon C'mon,https://letterboxd.com/film/cmon-cmon/,2026-05-26T03:05:39+00:00
movie_d537773fc801,2100,After We Collided (2020),After We Collided (2020),2020,After We Collided,https://letterboxd.com/film/after-we-collided/,2026-05-26T03:05:39+00:00
movie_884016591ffe,2101,Black Mirror: Eulogy (2025),Black Mirror: Eulogy (2025),2025,Black Mirror: Eulogy,https://letterboxd.com/film/black-mirror-eulogy/,2026-05-26T03:06:25+00:00
movie_86695cbd6e85,2102,Black Mirror: Bête Noire (2025),Black Mirror: Bête Noire (2025),2025,Black Mirror: Bête Noire,https://letterboxd.com/film/black-mirror-bete-noire/,2026-05-26T03:06:25+00:00
movie_92e934e228c3,2103,Black Mirror: Hotel Reverie (2025),Black Mirror: Hotel Reverie (2025),2025,Black Mirror: Hotel Reverie,https://letterboxd.com/film/black-mirror-hotel-reverie/,2026-05-26T03:06:25+00:00
movie_3e930a87ea29,2104,Mr. Nobody Against Putin (2025),Mr. Nobody Against Putin (2025),2025,Mr. Nobody Against Putin,https://letterboxd.com/film/mr-nobody-against-putin/,2026-05-26T03:06:25+00:00
movie_52c3b87be63b,2105,The Order (2024),The Order (2024),2024,The Order,https://letterboxd.com/film/the-order-2024/,2026-05-26T03:06:25+00:00
movie_98065deece9e,2106,The Promised Land (2023),The Promised Land (2023),2023,The Promised Land,https://letterboxd.com/film/the-promised-land-2023/,2026-05-26T03:06:25+00:00
movie_634925ea3346,2107,Red Rooms (2023),Red Rooms (2023),2023,Red Rooms,https://letterboxd.com/film/red-rooms/,2026-05-26T03:06:25+00:00
movie_8a577866bdfd,2108,Speak No Evil (2022),Speak No Evil (2022),2022,Speak No Evil,https://letterboxd.com/film/speak-no-evil-2022/,2026-05-26T03:06:25+00:00
movie_62bb860ccbe9,2109,Riders of Justice (2020),Riders of Justice (2020),2020,Riders of Justice,https://letterboxd.com/film/riders-of-justice/,2026-05-26T03:06:25+00:00
movie_851883b8b41b,2110,The King's Speech (2010),The King's Speech (2010),2010,The King's Speech,https://letterboxd.com/film/the-kings-speech/,2026-05-26T03:07:10+00:00
movie_a3cbde19fe55,2111,The Boy Who Harnessed the Wind (2019),The Boy Who Harnessed the Wind (2019),2019,The Boy Who Harnessed the Wind,https://letterboxd.com/film/the-boy-who-harnessed-the-wind/,2026-05-26T03:07:59+00:00
movie_93196a07eae5,2112,Toc Toc (2017),Toc Toc (2017),2017,Toc Toc,https://letterboxd.com/film/toc-toc-2017/,2026-05-26T03:07:59+00:00
movie_5bda2ed75729,2113,The Boy (2016),The Boy (2016),2016,The Boy,https://letterboxd.com/film/the-boy-2016/,2026-05-26T03:07:59+00:00
movie_7613346f197b,2114,No Strings Attached (2011),No Strings Attached (2011),2011,No Strings Attached,https://letterboxd.com/film/no-strings-attached/,2026-05-26T03:07:59+00:00
movie_6c48f77582cf,2115,Bolt (2008),Bolt (2008),2008,Bolt,https://letterboxd.com/film/bolt/,2026-05-26T03:07:59+00:00
movie_9dc00aaa9f1f,2116,Sex and the City (2008),Sex and the City (2008),2008,Sex and the City,https://letterboxd.com/film/sex-and-the-city/,2026-05-26T03:07:59+00:00
movie_e768f3423cf6,2117,Bee Movie (2007),Bee Movie (2007),2007,Bee Movie,https://letterboxd.com/film/bee-movie/,2026-05-26T03:07:59+00:00
movie_350a068206c9,2118,Blood Diamond (2006),Blood Diamond (2006),2006,Blood Diamond,https://letterboxd.com/film/blood-diamond/,2026-05-26T03:07:59+00:00
movie_e80397ee3f26,2119,Ice Age: The Meltdown (2006),Ice Age: The Meltdown (2006),2006,Ice Age: The Meltdown,https://letterboxd.com/film/ice-age-the-meltdown/,2026-05-26T03:07:59+00:00
movie_796989aa8e7b,2120,Chicken Little (2005),Chicken Little (2005),2005,Chicken Little,https://letterboxd.com/film/chicken-little-2005/,2026-05-26T03:07:59+00:00
movie_2ed32b85d4d4,2121,OSS 117: From Africa with Love (2021),OSS 117: From Africa with Love (2021),2021,OSS 117: From Africa with Love,https://letterboxd.com/film/oss-117-from-africa-with-love/,2026-05-26T03:08:44+00:00
movie_9554254afbe8,2122,OSS 117: Lost in Rio (2009),OSS 117: Lost in Rio (2009),2009,OSS 117: Lost in Rio,https://letterboxd.com/film/oss-117-lost-in-rio/,2026-05-26T03:08:44+00:00
movie_a443e291e0e6,2123,"OSS 117: Cairo, Nest of Spies (2006)","OSS 117: Cairo, Nest of Spies (2006)",2006,"OSS 117: Cairo, Nest of Spies",https://letterboxd.com/film/oss-117-cairo-nest-of-spies/,2026-05-26T03:08:44+00:00
movie_4a2fbe1644f5,2124,Jurassic Park III (2001),Jurassic Park III (2001),2001,Jurassic Park III,https://letterboxd.com/film/jurassic-park-iii/,2026-05-26T03:08:44+00:00
movie_c8a833f8df29,2125,Strange World (2022),Strange World (2022),2022,Strange World,https://letterboxd.com/film/strange-world-2022/,2026-05-26T03:11:04+00:00
movie_4c078a8182ae,2126,Scoob! (2020),Scoob! (2020),2020,Scoob!,https://letterboxd.com/film/scoob/,2026-05-26T03:11:04+00:00
movie_610840263cdb,2127,Zoolander 2 (2016),Zoolander 2 (2016),2016,Zoolander 2,https://letterboxd.com/film/zoolander-2/,2026-05-26T03:11:04+00:00
movie_c864889f9132,2128,Meet the Robinsons (2007),Meet the Robinsons (2007),2007,Meet the Robinsons,https://letterboxd.com/film/meet-the-robinsons/,2026-05-26T03:11:04+00:00
movie_65d8e62236fa,2129,The Da Vinci Code (2006),The Da Vinci Code (2006),2006,The Da Vinci Code,https://letterboxd.com/film/the-da-vinci-code/,2026-05-26T03:11:04+00:00
movie_cbaa25aea279,2130,Tarzan (1999),Tarzan (1999),1999,Tarzan,https://letterboxd.com/film/tarzan/,2026-05-26T03:11:04+00:00
movie_2aee2973ebf7,2131,The Dark Knight,The Dark Knight,,The Dark Knight,,2026-05-26T03:11:59+00:00
movie_8c94dabc0e02,2132,The Dinner Game (1998),The Dinner Game (1998),1998,The Dinner Game,https://letterboxd.com/film/the-dinner-game/,2026-05-26T03:12:48+00:00
movie_8df593a25b98,2133,City of God,City of God,,City of God,,2026-05-25T15:37:01+00:00
movie_57d82f8172bb,2134,The Heat (2013),The Heat (2013),2013,The Heat,https://letterboxd.com/film/the-heat/,2026-05-26T03:13:42+00:00
movie_b27062d9c2a3,2135,Horrible Bosses (2011),Horrible Bosses (2011),2011,Horrible Bosses,https://letterboxd.com/film/horrible-bosses/,2026-05-26T03:13:42+00:00
movie_6704185e1bb8,2136,Rango (2011),Rango (2011),2011,Rango,https://letterboxd.com/film/rango/,2026-05-26T03:13:42+00:00
movie_1f1abceb26f6,2137,Late Shift (2025),Late Shift (2025),2025,Late Shift,https://letterboxd.com/film/late-shift-2025/,2026-05-26T03:15:27+00:00
movie_f15ae236e16a,2138,Hundreds of Beavers (2022),Hundreds of Beavers (2022),2022,Hundreds of Beavers,https://letterboxd.com/film/hundreds-of-beavers/,2026-05-26T03:15:27+00:00
movie_c47333bcbb18,2139,Crash (1996),Crash (1996),1996,Crash,https://letterboxd.com/film/crash/,2026-05-26T03:15:27+00:00
movie_84ce9732da57,2140,Aliens (1986),Aliens (1986),1986,Aliens,https://letterboxd.com/film/aliens/,2026-05-26T03:15:27+00:00
movie_b9aa0d70f89f,2141,Black Mirror: Demon 79 (2023),Black Mirror: Demon 79 (2023),2023,Black Mirror: Demon 79,https://letterboxd.com/film/black-mirror-demon-79/,2026-05-26T03:16:17+00:00
movie_5a9f46bd35d6,2142,Little Fish (2020),Little Fish (2020),2020,Little Fish,https://letterboxd.com/film/little-fish-2020/,2026-05-26T03:16:17+00:00
movie_44c294c63595,2143,The Toxic Avenger (2023),The Toxic Avenger (2023),2023,The Toxic Avenger,https://letterboxd.com/film/the-toxic-avenger-2023/,2026-05-26T03:17:11+00:00
movie_c48622e653d2,2144,Loving Vincent (2017),Loving Vincent (2017),2017,Loving Vincent,https://letterboxd.com/film/loving-vincent/,2026-05-26T03:17:11+00:00
movie_1132d5726fae,2145,One Flew Over the Cuckoo's Nest,One Flew Over the Cuckoo's Nest,,One Flew Over the Cuckoo's Nest,,2026-05-26T03:18:13+00:00
movie_14e444dddec2,2146,Incendies,Incendies,,Incendies,,2026-05-26T03:20:40+00:00
movie_db04a47bdaaf,2147,Maharaja (2024),Maharaja (2024),2024,Maharaja,https://letterboxd.com/film/maharaja-2024/,2026-05-26T03:20:47+00:00
movie_758f79edfcf6,2148,Oddity (2024),Oddity (2024),2024,Oddity,https://letterboxd.com/film/oddity-2024/,2026-05-26T03:20:47+00:00
movie_b0ce89f3b81e,2149,Animal (2023),Animal (2023),2023,Animal,https://letterboxd.com/film/animal-2023/,2026-05-26T03:20:47+00:00
movie_1cde9dac8153,2150,Tumbbad (2018),Tumbbad (2018),2018,Tumbbad,https://letterboxd.com/film/tumbbad/,2026-05-26T03:20:48+00:00
movie_75b0696bc96b,2151,Tag (2018),Tag (2018),2018,Tag,https://letterboxd.com/film/tag-2018/,2026-05-26T03:20:48+00:00
movie_aa7f5063e9c0,2152,The Piano Accident (2025),The Piano Accident (2025),2025,The Piano Accident,https://letterboxd.com/film/the-piano-accident/,2026-05-26T03:21:42+00:00
movie_26d54989e0c9,2153,Colours of Time (2025),Colours of Time (2025),2025,Colours of Time,https://letterboxd.com/film/colours-of-time/,2026-05-26T03:21:42+00:00
movie_8f056912631e,2154,Rise (2022),Rise (2022),2022,Rise,https://letterboxd.com/film/rise-2022/,2026-05-26T03:21:42+00:00
movie_9ad63fe27015,2155,Annette (2021),Annette (2021),2021,Annette,https://letterboxd.com/film/annette/,2026-05-26T03:21:42+00:00
movie_05fa71d27408,2156,Yves Saint Laurent (2014),Yves Saint Laurent (2014),2014,Yves Saint Laurent,https://letterboxd.com/film/yves-saint-laurent-2014/,2026-05-26T03:21:42+00:00
movie_7a468964540e,2157,Thelma & Louise,Thelma & Louise,,Thelma & Louise,,2026-05-26T03:22:01+00:00
movie_c116bc42ab97,2158,F1,F1,,F1,,2026-05-26T03:22:39+00:00
movie_f3e534b2d58b,2159,The Christmas Chronicles: Part Two (2020),The Christmas Chronicles: Part Two (2020),2020,The Christmas Chronicles: Part Two,https://letterboxd.com/film/the-christmas-chronicles-part-two/,2026-05-26T03:22:39+00:00
movie_58acf610470a,2160,Dora and the Lost City of Gold (2019),Dora and the Lost City of Gold (2019),2019,Dora and the Lost City of Gold,https://letterboxd.com/film/dora-and-the-lost-city-of-gold/,2026-05-26T03:22:39+00:00
movie_04d806bdc9d3,2161,Transformers: The Last Knight (2017),Transformers: The Last Knight (2017),2017,Transformers: The Last Knight,https://letterboxd.com/film/transformers-the-last-knight/,2026-05-26T03:22:39+00:00
movie_c2794bc2e1d0,2162,Train Dreams,Train Dreams,,Train Dreams,,2026-05-26T03:23:33+00:00
movie_9524d26f3687,2163,Bao (2018),Bao (2018),2018,Bao,https://letterboxd.com/film/bao-2018/,2026-05-26T03:24:30+00:00
movie_85153b4856ac,2164,Hunt for the Wilderpeople (2016),Hunt for the Wilderpeople (2016),2016,Hunt for the Wilderpeople,https://letterboxd.com/film/hunt-for-the-wilderpeople/,2026-05-26T03:24:30+00:00
movie_4899b6588d35,2165,Moon (2009),Moon (2009),2009,Moon,https://letterboxd.com/film/moon/,2026-05-26T03:24:30+00:00
movie_2b5e3220d4c6,2166,Lars and the Real Girl (2007),Lars and the Real Girl (2007),2007,Lars and the Real Girl,https://letterboxd.com/film/lars-and-the-real-girl/,2026-05-26T03:24:30+00:00
movie_3440130bf5d3,2167,Christy (2025),Christy (2025),2025,Christy,https://letterboxd.com/film/christy-2025-1/,2026-05-26T03:25:27+00:00
movie_574c2b260748,2168,Final Destination (2000),Final Destination (2000),2000,Final Destination,https://letterboxd.com/film/final-destination/,2026-05-26T03:25:27+00:00
movie_0e1e560a22e8,2169,Love Me Love Me (2026),Love Me Love Me (2026),2026,Love Me Love Me,https://letterboxd.com/film/love-me-love-me/,2026-05-26T03:27:31+00:00
movie_c8afceb42b46,2170,Inventing Anna (2022),Inventing Anna (2022),2022,Inventing Anna,https://letterboxd.com/film/inventing-anna/,2026-05-26T03:27:31+00:00
movie_27a48aa76508,2171,Roald Dahl's The Witches (2020),Roald Dahl's The Witches (2020),2020,Roald Dahl's The Witches,https://letterboxd.com/film/roald-dahls-the-witches/,2026-05-26T03:27:31+00:00
movie_8ebfbfa7a72d,2172,Looking for Alaska (2019),Looking for Alaska (2019),2019,Looking for Alaska,https://letterboxd.com/film/looking-for-alaska/,2026-05-26T03:27:31+00:00
movie_a29a8998b0ef,2173,The Matrix,The Matrix,,The Matrix,,2026-05-25T15:37:12+00:00
movie_cb7ac953c416,2174,Black Mirror: Mazey Day (2023),Black Mirror: Mazey Day (2023),2023,Black Mirror: Mazey Day,https://letterboxd.com/film/black-mirror-mazey-day/,2026-05-26T03:30:14+00:00
movie_0c4e89dd9318,2175,Black Mirror: Beyond the Sea (2023),Black Mirror: Beyond the Sea (2023),2023,Black Mirror: Beyond the Sea,https://letterboxd.com/film/black-mirror-beyond-the-sea/,2026-05-26T03:30:14+00:00
movie_560b09dff91d,2176,Black Mirror: Loch Henry (2023),Black Mirror: Loch Henry (2023),2023,Black Mirror: Loch Henry,https://letterboxd.com/film/black-mirror-loch-henry/,2026-05-26T03:30:14+00:00
movie_779fa086ee5e,2177,Black Mirror: Joan Is Awful (2023),Black Mirror: Joan Is Awful (2023),2023,Black Mirror: Joan Is Awful,https://letterboxd.com/film/black-mirror-joan-is-awful/,2026-05-26T03:30:14+00:00
movie_ad597954d12a,2178,About Dry Grasses (2023),About Dry Grasses (2023),2023,About Dry Grasses,https://letterboxd.com/film/about-dry-grasses/,2026-05-26T03:30:14+00:00
movie_103ac71e3b11,2179,Parallel Mothers (2021),Parallel Mothers (2021),2021,Parallel Mothers,https://letterboxd.com/film/parallel-mothers/,2026-05-26T03:30:15+00:00
movie_3f73bc8534a1,2180,"Love, Death & Robots: The Witness (2019)","Love, Death & Robots: The Witness (2019)",2019,"Love, Death & Robots: The Witness",https://letterboxd.com/film/love-death-robots-the-witness/,2026-05-26T03:30:15+00:00
movie_efe830e8dff1,2181,One Piece Fan Letter (2024),One Piece Fan Letter (2024),2024,One Piece Fan Letter,https://letterboxd.com/film/one-piece-fan-letter/,2026-05-26T03:31:12+00:00
movie_7b6dd5c2873f,2182,Wish (2023),Wish (2023),2023,Wish,https://letterboxd.com/film/wish-2023/,2026-05-26T03:31:12+00:00
movie_f07e9ce573b6,2183,Hunger (2023),Hunger (2023),2023,Hunger,https://letterboxd.com/film/hunger-2023/,2026-05-26T03:31:12+00:00
movie_d64bf3d44d96,2184,"Love, Death & Robots: The Very Pulse of the Machine (2022)","Love, Death & Robots: The Very Pulse of the Machine (2022)",2022,"Love, Death & Robots: The Very Pulse of the Machine",https://letterboxd.com/film/love-death-robots-the-very-pulse-of-the-machine/,2026-05-26T03:31:12+00:00
movie_3a3997bccf2a,2185,"Love, Death & Robots: Kill Team Kill (2022)","Love, Death & Robots: Kill Team Kill (2022)",2022,"Love, Death & Robots: Kill Team Kill",https://letterboxd.com/film/love-death-robots-kill-team-kill/,2026-05-26T03:31:12+00:00
movie_077edb768df0,2186,"Love, Death & Robots: In Vaulted Halls Entombed (2022)","Love, Death & Robots: In Vaulted Halls Entombed (2022)",2022,"Love, Death & Robots: In Vaulted Halls Entombed",https://letterboxd.com/film/love-death-robots-in-vaulted-halls-entombed/,2026-05-26T03:31:12+00:00
movie_3a76b60eae90,2187,"Love, Death & Robots: Swarm (2022)","Love, Death & Robots: Swarm (2022)",2022,"Love, Death & Robots: Swarm",https://letterboxd.com/film/love-death-robots-swarm/,2026-05-26T03:31:12+00:00
movie_9b3d5b3029c1,2188,The Butterfly Effect (2004),The Butterfly Effect (2004),2004,The Butterfly Effect,https://letterboxd.com/film/the-butterfly-effect/,2026-05-26T03:32:03+00:00
movie_f6aca5fcb912,2189,Manchester by the Sea,Manchester by the Sea,,Manchester by the Sea,,2026-05-26T03:32:03+00:00
movie_2dcf56e806f2,2190,Before Sunrise,Before Sunrise,,Before Sunrise,,2026-05-25T13:33:30+00:00
movie_edee64cb1a1c,2191,The Long Walk,The Long Walk,,The Long Walk,,2026-05-26T03:33:18+00:00
movie_9eb6d7fa50cc,2192,Greenland 2: Migration (2026),Greenland 2: Migration (2026),2026,Greenland 2: Migration,https://letterboxd.com/film/greenland-2-migration/,2026-05-26T03:34:00+00:00
movie_883da50723dc,2193,The Lost Bus (2025),The Lost Bus (2025),2025,The Lost Bus,https://letterboxd.com/film/the-lost-bus/,2026-05-26T03:34:00+00:00
movie_c87080f4801c,2194,The Rip,The Rip,,The Rip,,2026-05-26T03:34:15+00:00
movie_d16e13aab067,2195,Detachment (2011),Detachment (2011),2011,Detachment,https://letterboxd.com/film/detachment/,2026-05-26T03:35:55+00:00
movie_1af01347e051,2196,Luck (2022),Luck (2022),2022,Luck,https://letterboxd.com/film/luck-2022/,2026-05-26T03:36:41+00:00
movie_87191877f52d,2197,The Goldfinch (2019),The Goldfinch (2019),2019,The Goldfinch,https://letterboxd.com/film/the-goldfinch/,2026-05-26T03:36:41+00:00
movie_fdfc3a3b186d,2198,Gangs of New York (2002),Gangs of New York (2002),2002,Gangs of New York,https://letterboxd.com/film/gangs-of-new-york-2002/,2026-05-26T03:36:41+00:00
movie_6c95c5a21e64,2199,The Lord of the Rings: The Return of the King,The Lord of the Rings: The Return of the King,,The Lord of the Rings: The Return of the King,,2026-05-26T03:37:36+00:00
movie_6076b69e88b9,2200,Along for the Ride (2022),Along for the Ride (2022),2022,Along for the Ride,https://letterboxd.com/film/along-for-the-ride-2022/,2026-05-26T03:37:43+00:00
movie_22b85a92f8d0,2201,Deep Water (2022),Deep Water (2022),2022,Deep Water,https://letterboxd.com/film/deep-water-2022/,2026-05-26T03:37:43+00:00
movie_dacc7cb9c018,2202,Lost Ladies (2023),Lost Ladies (2023),2023,Lost Ladies,https://letterboxd.com/film/lost-ladies/,2026-05-26T03:39:45+00:00
movie_cc11c3221e07,2203,"Crazy, Stupid, Love.","Crazy, Stupid, Love.",,"Crazy, Stupid, Love.",,2026-05-26T03:40:15+00:00
movie_fd5aade90a54,2204,The Voice of Hind Rajab (2025),The Voice of Hind Rajab (2025),2025,The Voice of Hind Rajab,https://letterboxd.com/film/the-voice-of-hind-rajab/,2026-05-26T03:40:45+00:00
movie_4a26a2537b65,2205,"13 Days, 13 Nights (2025)","13 Days, 13 Nights (2025)",2025,"13 Days, 13 Nights",https://letterboxd.com/film/13-days-13-nights/,2026-05-26T03:40:45+00:00
movie_dc7f062530b0,2206,Once Upon My Mother (2025),Once Upon My Mother (2025),2025,Once Upon My Mother,https://letterboxd.com/film/once-upon-my-mother/,2026-05-26T03:40:45+00:00
movie_d7ff32c33159,2207,Souleymane's Story (2024),Souleymane's Story (2024),2024,Souleymane's Story,https://letterboxd.com/film/souleymanes-story/,2026-05-26T03:40:45+00:00
movie_1665ca749f57,2208,The Marching Band (2024),The Marching Band (2024),2024,The Marching Band,https://letterboxd.com/film/the-marching-band/,2026-05-26T03:40:45+00:00
movie_bdd87e0bd778,2209,A Little Something Extra (2024),A Little Something Extra (2024),2024,A Little Something Extra,https://letterboxd.com/film/a-little-something-extra/,2026-05-26T03:40:45+00:00
movie_558126f0af01,2210,Wingwomen (2023),Wingwomen (2023),2023,Wingwomen,https://letterboxd.com/film/wingwomen/,2026-05-26T03:40:45+00:00
movie_635d507f9f5c,2211,Lee (2023),Lee (2023),2023,Lee,https://letterboxd.com/film/lee-2023/,2026-05-26T03:40:45+00:00
movie_1e0c35a5db3a,2212,One Life (2023),One Life (2023),2023,One Life,https://letterboxd.com/film/one-life-2023/,2026-05-26T03:40:45+00:00
movie_9da8509a7436,2213,NYAD (2023),NYAD (2023),2023,NYAD,https://letterboxd.com/film/nyad/,2026-05-26T03:40:45+00:00
movie_3d8184169f66,2214,All Your Faces (2023),All Your Faces (2023),2023,All Your Faces,https://letterboxd.com/film/all-your-faces/,2026-05-26T03:40:45+00:00
movie_79e6848829e9,2215,The Torch (2022),The Torch (2022),2022,The Torch,https://letterboxd.com/film/the-torch-2022/,2026-05-26T03:40:45+00:00
movie_38c796fcf643,2216,November (2022),November (2022),2022,November,https://letterboxd.com/film/november-2022/,2026-05-26T03:40:45+00:00
movie_91878a5a0b80,2217,Send Help,Send Help,,Send Help,,2026-05-26T03:43:08+00:00
movie_0f236c26e8e3,2218,JUJUTSU KAISEN: Execution (2025),JUJUTSU KAISEN: Execution (2025),2025,JUJUTSU KAISEN: Execution,https://letterboxd.com/film/jujutsu-kaisen-execution/,2026-05-26T03:43:40+00:00
movie_e1f9e7704e49,2219,One Piece Film Red (2022),One Piece Film Red (2022),2022,One Piece Film Red,https://letterboxd.com/film/one-piece-film-red/,2026-05-26T03:43:40+00:00
movie_cc5c5d594ef9,2220,Muppets Most Wanted (2014),Muppets Most Wanted (2014),2014,Muppets Most Wanted,https://letterboxd.com/film/muppets-most-wanted/,2026-05-26T03:44:36+00:00
movie_b68c914311fe,2221,I Believe in Unicorns (2014),I Believe in Unicorns (2014),2014,I Believe in Unicorns,https://letterboxd.com/film/i-believe-in-unicorns/,2026-05-26T03:44:36+00:00
movie_8fab980a3f5b,2222,The Home (2025),The Home (2025),2025,The Home,https://letterboxd.com/film/the-home-2025-1/,2026-05-26T03:45:30+00:00
movie_28a69ce3171f,2223,Quiet on Set: The Dark Side of Kids TV (2024),Quiet on Set: The Dark Side of Kids TV (2024),2024,Quiet on Set: The Dark Side of Kids TV,https://letterboxd.com/film/quiet-on-set-the-dark-side-of-kids-tv/,2026-05-26T03:45:30+00:00
movie_4e03e7e08c61,2224,Family Switch (2023),Family Switch (2023),2023,Family Switch,https://letterboxd.com/film/family-switch/,2026-05-26T03:45:30+00:00
movie_0cc741826d61,2225,Love at First Sight (2023),Love at First Sight (2023),2023,Love at First Sight,https://letterboxd.com/film/love-at-first-sight-2023/,2026-05-26T03:45:30+00:00
movie_d8f9672aba9d,2226,Maestro (2023),Maestro (2023),2023,Maestro,https://letterboxd.com/film/maestro-2023/,2026-05-26T03:45:30+00:00
movie_b2b82a942440,2227,The Out-Laws (2023),The Out-Laws (2023),2023,The Out-Laws,https://letterboxd.com/film/the-out-laws/,2026-05-26T03:45:30+00:00
movie_330db5bcf5fc,2228,Rosaline (2022),Rosaline (2022),2022,Rosaline,https://letterboxd.com/film/rosaline/,2026-05-26T03:45:30+00:00
movie_a31c8ec8171a,2229,Akira (1988),Akira (1988),1988,Akira,https://letterboxd.com/film/akira/,2026-05-26T03:46:16+00:00
movie_f634ccdf0e71,2230,The Final Destination (2009),The Final Destination (2009),2009,The Final Destination,https://letterboxd.com/film/the-final-destination/,2026-05-26T03:47:09+00:00
movie_eff8470993e5,2231,Luckiest Girl Alive (2022),Luckiest Girl Alive (2022),2022,Luckiest Girl Alive,https://letterboxd.com/film/luckiest-girl-alive/,2026-05-26T03:47:58+00:00
movie_b7c21c877e21,2232,If Anything Happens I Love You (2020),If Anything Happens I Love You (2020),2020,If Anything Happens I Love You,https://letterboxd.com/film/if-anything-happens-i-love-you/,2026-05-26T03:49:52+00:00
movie_a21c03ab0925,2233,Real Steel (2011),Real Steel (2011),2011,Real Steel,https://letterboxd.com/film/real-steel/,2026-05-26T03:50:53+00:00
movie_84e9db0710f0,2234,Gone Girl,Gone Girl,,Gone Girl,,2026-05-26T03:51:29+00:00
movie_6319e044fbbf,2235,Black Phone 2,Black Phone 2,,Black Phone 2,,2026-05-26T03:53:23+00:00
movie_7ef222ce9118,2236,Violet Evergarden: The Movie (2020),Violet Evergarden: The Movie (2020),2020,Violet Evergarden: The Movie,https://letterboxd.com/film/violet-evergarden-the-movie/,2026-05-26T03:53:23+00:00
movie_c4b018273586,2237,Violet Evergarden (2018),Violet Evergarden (2018),2018,Violet Evergarden,https://letterboxd.com/film/violet-evergarden/,2026-05-26T03:53:23+00:00
movie_318407699b2c,2238,ERASED (2016),ERASED (2016),2016,ERASED,https://letterboxd.com/film/erased-2016-1/,2026-05-26T03:53:23+00:00
movie_51f2c00ffcc4,2239,Super 8 (2011),Super 8 (2011),2011,Super 8,https://letterboxd.com/film/super-8/,2026-05-26T03:53:23+00:00
movie_6e477a65f31e,2240,Silent Hill (2006),Silent Hill (2006),2006,Silent Hill,https://letterboxd.com/film/silent-hill/,2026-05-26T03:53:23+00:00
movie_377cb16d9ac4,2241,Cowboy Bebop (1998),Cowboy Bebop (1998),1998,Cowboy Bebop,https://letterboxd.com/film/cowboy-bebop/,2026-05-26T03:53:23+00:00
movie_1e88e499f273,2242,Mean Girls,Mean Girls,,Mean Girls,,2026-05-26T03:55:45+00:00
movie_89b761800f50,2243,Drop (2025),Drop (2025),2025,Drop,https://letterboxd.com/film/drop-2025/,2026-05-26T03:56:49+00:00
movie_c9171fbdb211,2244,Cassandra (2025),Cassandra (2025),2025,Cassandra,https://letterboxd.com/film/cassandra-2025-1/,2026-05-26T03:56:49+00:00
movie_f98d04989f03,2245,Reality (2023),Reality (2023),2023,Reality,https://letterboxd.com/film/reality-2023/,2026-05-26T03:56:49+00:00
movie_b93ddaa71a2d,2246,Black Bear (2020),Black Bear (2020),2020,Black Bear,https://letterboxd.com/film/black-bear/,2026-05-26T03:56:49+00:00
movie_1377f07f72b1,2247,Ma (2019),Ma (2019),2019,Ma,https://letterboxd.com/film/ma-2019/,2026-05-26T03:56:49+00:00
movie_25de86d69293,2248,Return to Seoul (2022),Return to Seoul (2022),2022,Return to Seoul,https://letterboxd.com/film/return-to-seoul/,2026-05-26T03:57:41+00:00
movie_5196590fe1eb,2249,Women Talking (2022),Women Talking (2022),2022,Women Talking,https://letterboxd.com/film/women-talking/,2026-05-26T03:57:49+00:00
movie_4319eccbdb64,2250,True Grit (2010),True Grit (2010),2010,True Grit,https://letterboxd.com/film/true-grit-2010/,2026-05-26T03:57:49+00:00
movie_d4926c59a827,2251,The Book of Boba Fett (2021),The Book of Boba Fett (2021),2021,The Book of Boba Fett,https://letterboxd.com/film/the-book-of-boba-fett/,2026-05-26T03:58:37+00:00
movie_6b48f707d074,2252,The First Purge (2018),The First Purge (2018),2018,The First Purge,https://letterboxd.com/film/the-first-purge/,2026-05-26T03:58:37+00:00
movie_1bd5e25733ac,2253,The Purge: Election Year (2016),The Purge: Election Year (2016),2016,The Purge: Election Year,https://letterboxd.com/film/the-purge-election-year/,2026-05-26T03:58:37+00:00
movie_a23d524e263f,2254,Everest (2015),Everest (2015),2015,Everest,https://letterboxd.com/film/everest-2015/,2026-05-26T03:58:37+00:00
movie_ccdaba77e50f,2255,Unfriended (2014),Unfriended (2014),2014,Unfriended,https://letterboxd.com/film/unfriended/,2026-05-26T03:58:37+00:00
movie_d7fcfead1bfa,2256,Hereditary,Hereditary,,Hereditary,,2026-05-26T03:58:57+00:00
movie_9c42b413d716,2257,Spirit: Stallion of the Cimarron (2002),Spirit: Stallion of the Cimarron (2002),2002,Spirit: Stallion of the Cimarron,https://letterboxd.com/film/spirit-stallion-of-the-cimarron/,2026-05-26T03:59:34+00:00
movie_d4cf6674d512,2258,Big Daddy (1999),Big Daddy (1999),1999,Big Daddy,https://letterboxd.com/film/big-daddy/,2026-05-26T03:59:34+00:00
movie_a55538fb663b,2259,Palo Alto (2013),Palo Alto (2013),2013,Palo Alto,https://letterboxd.com/film/palo-alto/,2026-05-26T04:00:32+00:00
movie_0424dbe24931,2260,Madagascar (2005),Madagascar (2005),2005,Madagascar,https://letterboxd.com/film/madagascar/,2026-05-26T04:00:32+00:00
movie_8b173cdf0012,2261,8 Mile (2002),8 Mile (2002),2002,8 Mile,https://letterboxd.com/film/8-mile/,2026-05-26T04:00:32+00:00
movie_eb18b80eca2c,2262,Step Up (2006),Step Up (2006),2006,Step Up,https://letterboxd.com/film/step-up/,2026-05-26T04:02:26+00:00
movie_17edb64c4c23,2263,Sisu (2022),Sisu (2022),2022,Sisu,https://letterboxd.com/film/sisu-2022/,2026-05-26T04:03:24+00:00
movie_210b509ef87d,2264,Backrooms (2026),Backrooms (2026),2026,Backrooms,https://letterboxd.com/film/backrooms-2026/,2026-05-26T04:06:52+00:00
movie_e9e123d7534c,2265,Normal (2025),Normal (2025),2025,Normal,https://letterboxd.com/film/normal-2025/,2026-05-26T04:06:52+00:00
movie_8e7ff0d61d57,2266,La Grazia (2025),La Grazia (2025),2025,La Grazia,https://letterboxd.com/film/la-grazia/,2026-05-26T04:07:59+00:00
movie_ddb82383b781,2267,A Sun (2019),A Sun (2019),2019,A Sun,https://letterboxd.com/film/a-sun/,2026-05-26T04:07:59+00:00
movie_198104451f57,2268,The Wonderful Story of Henry Sugar and Three More (2024),The Wonderful Story of Henry Sugar and Three More (2024),2024,The Wonderful Story of Henry Sugar and Three More,https://letterboxd.com/film/the-wonderful-story-of-henry-sugar-and-three-more/,2026-05-26T04:08:54+00:00
movie_3be78e0a181c,2269,Sentimental Value,Sentimental Value,,Sentimental Value,,2026-05-26T04:09:10+00:00
movie_1517cc3b33f3,2270,Guardians of the Galaxy Vol. 3,Guardians of the Galaxy Vol. 3,,Guardians of the Galaxy Vol. 3,,2026-05-26T04:09:26+00:00
movie_cc2763983a08,2271,The Sound of Music,The Sound of Music,,The Sound of Music,,2026-05-26T04:10:33+00:00
movie_0b7b6d3e4953,2272,The Boys in the Boat (2023),The Boys in the Boat (2023),2023,The Boys in the Boat,https://letterboxd.com/film/the-boys-in-the-boat/,2026-05-26T04:10:40+00:00
movie_0abead8ad587,2273,Wicked Little Letters (2023),Wicked Little Letters (2023),2023,Wicked Little Letters,https://letterboxd.com/film/wicked-little-letters/,2026-05-26T04:10:40+00:00
movie_409d7976bbcf,2274,Rebecca (2020),Rebecca (2020),2020,Rebecca,https://letterboxd.com/film/rebecca-2020/,2026-05-26T04:10:40+00:00
movie_5ecd4752063f,2275,Crazy Rich Asians,Crazy Rich Asians,,Crazy Rich Asians,,2026-05-26T04:11:08+00:00
movie_ad46060fccf5,2276,Arrival,Arrival,,Arrival,,2026-05-26T03:52:28+00:00
movie_b88ec0ac454c,2277,Eyes Wide Shut,Eyes Wide Shut,,Eyes Wide Shut,,2026-05-25T15:27:16+00:00
movie_5fa0fffd0a54,2278,Prometheus (2012),Prometheus (2012),2012,Prometheus,https://letterboxd.com/film/prometheus/,2026-05-25T16:10:14+00:00
movie_b6d958d0c25e,2279,Dune,Dune,,Dune,,2026-05-25T16:09:22+00:00
movie_06139a8e3563,2280,Grave of the Fireflies,Grave of the Fireflies,,Grave of the Fireflies,,2026-05-26T03:41:48+00:00
movie_37e15fbe79af,2281,The Little Prince (2015),The Little Prince (2015),2015,The Little Prince,https://letterboxd.com/film/the-little-prince-2015/,2026-05-25T14:56:53+00:00
movie_6db274966999,2282,Men in Black (1997),Men in Black (1997),1997,Men in Black,https://letterboxd.com/film/men-in-black/,2026-06-01T07:39:41+00:00
movie_76d13959d80e,2283,Backrooms,Backrooms,,Backrooms,,2026-06-01T07:40:36+00:00
movie_5da91d4feef0,2284,The Eternaut (2025),The Eternaut (2025),2025,The Eternaut,https://letterboxd.com/film/the-eternaut/,2026-06-01T07:40:44+00:00
movie_3d0f7a420a7f,2285,Robot Dreams (2023),Robot Dreams (2023),2023,Robot Dreams,https://letterboxd.com/film/robot-dreams/,2026-06-01T07:40:44+00:00
movie_1cbc8b41e0e2,2286,The Voyeurs (2021),The Voyeurs (2021),2021,The Voyeurs,https://letterboxd.com/film/the-voyeurs-2021/,2026-06-01T07:40:44+00:00
movie_d54aebc1a5a2,2287,Dinner in America (2020),Dinner in America (2020),2020,Dinner in America,https://letterboxd.com/film/dinner-in-america/,2026-06-01T07:40:48+00:00
movie_f53471809b8d,2288,Gonjiam: Haunted Asylum (2018),Gonjiam: Haunted Asylum (2018),2018,Gonjiam: Haunted Asylum,https://letterboxd.com/film/gonjiam-haunted-asylum/,2026-06-01T07:40:48+00:00
movie_3d4d79b94b56,2289,Veronica (2017),Veronica (2017),2017,Veronica,https://letterboxd.com/film/veronica-2017-1/,2026-06-01T07:40:48+00:00
movie_9b2fa60566d7,2290,What Happened to Monday (2017),What Happened to Monday (2017),2017,What Happened to Monday,https://letterboxd.com/film/what-happened-to-monday/,2026-06-01T07:40:48+00:00
movie_045c419098c1,2291,Chappie (2015),Chappie (2015),2015,Chappie,https://letterboxd.com/film/chappie/,2026-06-01T07:40:48+00:00
movie_ef382e0210c1,2292,The Taking of Deborah Logan (2014),The Taking of Deborah Logan (2014),2014,The Taking of Deborah Logan,https://letterboxd.com/film/the-taking-of-deborah-logan/,2026-06-01T07:40:48+00:00
movie_2a724879fd69,2293,Mystic River (2003),Mystic River (2003),2003,Mystic River,https://letterboxd.com/film/mystic-river/,2026-06-01T07:40:48+00:00
movie_58ebadf336c9,2294,Resurrection (2025),Resurrection (2025),2025,Resurrection,https://letterboxd.com/film/resurrection-2025/,2026-06-01T07:41:52+00:00
movie_ff4c1aef7f38,2295,Exhuma (2024),Exhuma (2024),2024,Exhuma,https://letterboxd.com/film/exhuma/,2026-06-01T07:41:59+00:00
movie_c120f601f97c,2296,The Princess Diaries 2: Royal Engagement (2004),The Princess Diaries 2: Royal Engagement (2004),2004,The Princess Diaries 2: Royal Engagement,https://letterboxd.com/film/the-princess-diaries-2-royal-engagement/,2026-06-01T07:44:13+00:00
movie_b533c54f32a7,2297,Before Sunset,Before Sunset,,Before Sunset,,2026-06-01T07:48:21+00:00
movie_6601380dfd0c,2298,The Singers (2025),The Singers (2025),2025,The Singers,https://letterboxd.com/film/the-singers-2025/,2026-06-01T07:49:30+00:00
movie_518db673c784,2299,Love & Death (2023),Love & Death (2023),2023,Love & Death,https://letterboxd.com/film/love-death/,2026-06-01T07:49:30+00:00
movie_2fdad91500ff,2300,Skyscraper (2018),Skyscraper (2018),2018,Skyscraper,https://letterboxd.com/film/skyscraper-2018/,2026-06-01T07:49:34+00:00
movie_fc754061dada,2301,Rampage (2018),Rampage (2018),2018,Rampage,https://letterboxd.com/film/rampage-2018/,2026-06-01T07:49:34+00:00
movie_f02d0b4626a6,2302,Baywatch (2017),Baywatch (2017),2017,Baywatch,https://letterboxd.com/film/baywatch/,2026-06-01T07:49:34+00:00
movie_970fc48f3ab5,2303,Mother Mary (2026),Mother Mary (2026),2026,Mother Mary,https://letterboxd.com/film/mother-mary-2026/,2026-06-01T07:50:57+00:00
movie_edab00d89b18,2304,The Bikeriders (2023),The Bikeriders (2023),2023,The Bikeriders,https://letterboxd.com/film/the-bikeriders/,2026-06-01T07:52:10+00:00
movie_b00111462f9c,2305,Companion,Companion,,Companion,,2026-06-01T07:53:09+00:00
movie_f7ee3d0aa7fa,2306,The Lego Ninjago Movie (2017),The Lego Ninjago Movie (2017),2017,The Lego Ninjago Movie,https://letterboxd.com/film/the-lego-ninjago-movie/,2026-06-01T07:53:46+00:00
movie_9b5c89de85e7,2307,Annie (2014),Annie (2014),2014,Annie,https://letterboxd.com/film/annie-2014/,2026-06-01T07:53:49+00:00
movie_f8fdae3ede57,2308,Insidious: Chapter 2 (2013),Insidious: Chapter 2 (2013),2013,Insidious: Chapter 2,https://letterboxd.com/film/insidious-chapter-2/,2026-06-01T07:53:49+00:00
movie_a9ac7949a2a2,2309,Turbo (2013),Turbo (2013),2013,Turbo,https://letterboxd.com/film/turbo/,2026-06-01T07:53:49+00:00
movie_e894cc8289bd,2310,Madagascar 3: Europe's Most Wanted (2012),Madagascar 3: Europe's Most Wanted (2012),2012,Madagascar 3: Europe's Most Wanted,https://letterboxd.com/film/madagascar-3-europes-most-wanted/,2026-06-01T07:53:49+00:00
movie_a00603f5be9d,2311,Puss in Boots (2011),Puss in Boots (2011),2011,Puss in Boots,https://letterboxd.com/film/puss-in-boots/,2026-06-01T07:53:49+00:00
movie_c9ea853b3017,2312,Insidious (2010),Insidious (2010),2010,Insidious,https://letterboxd.com/film/insidious/,2026-06-01T07:53:49+00:00
movie_4025086d1958,2313,Alvin and the Chipmunks (2007),Alvin and the Chipmunks (2007),2007,Alvin and the Chipmunks,https://letterboxd.com/film/alvin-and-the-chipmunks/,2026-06-01T07:53:49+00:00
movie_ee81ef01601a,2314,Shrek the Third (2007),Shrek the Third (2007),2007,Shrek the Third,https://letterboxd.com/film/shrek-the-third/,2026-06-01T07:53:49+00:00
movie_12fa0e3cd9ba,2315,The Amateur (2025),The Amateur (2025),2025,The Amateur,https://letterboxd.com/film/the-amateur-2025/,2026-06-01T07:56:14+00:00
movie_d16f29cdbbd4,2316,Last Breath (2025),Last Breath (2025),2025,Last Breath,https://letterboxd.com/film/last-breath-2025/,2026-06-01T07:56:14+00:00
movie_ff93e09bfaf6,2317,Under Paris (2024),Under Paris (2024),2024,Under Paris,https://letterboxd.com/film/under-paris/,2026-06-01T07:56:18+00:00
movie_ab1864f3ae95,2318,Green Room (2015),Green Room (2015),2015,Green Room,https://letterboxd.com/film/green-room/,2026-06-01T07:57:26+00:00
movie_e65422357d74,2319,White Chicks,White Chicks,,White Chicks,,2026-05-25T16:10:06+00:00
movie_fc0c16d1fd9a,2320,Ichi the Killer (2001),Ichi the Killer (2001),2001,Ichi the Killer,https://letterboxd.com/film/ichi-the-killer/,2026-06-01T07:57:30+00:00
movie_137e37b1c8ff,2321,Dazed and Confused (1993),Dazed and Confused (1993),1993,Dazed and Confused,https://letterboxd.com/film/dazed-and-confused/,2026-06-01T07:57:30+00:00
movie_ef711b0ffc04,2322,The Sandlot (1993),The Sandlot (1993),1993,The Sandlot,https://letterboxd.com/film/the-sandlot/,2026-06-01T07:57:30+00:00
movie_c25d0fbf7bab,2323,Back to the Future Part III (1990),Back to the Future Part III (1990),1990,Back to the Future Part III,https://letterboxd.com/film/back-to-the-future-part-iii/,2026-06-01T07:57:30+00:00
movie_82ddb5c1237f,2324,The Terminator (1984),The Terminator (1984),1984,The Terminator,https://letterboxd.com/film/the-terminator/,2026-06-01T07:57:30+00:00
movie_10419f17e8b6,2325,Friday the 13th (1980),Friday the 13th (1980),1980,Friday the 13th,https://letterboxd.com/film/friday-the-13th/,2026-06-01T07:57:30+00:00
movie_cd5cf602cecc,2326,The Perfect Couple (2024),The Perfect Couple (2024),2024,The Perfect Couple,https://letterboxd.com/film/the-perfect-couple-2024/,2026-06-01T08:00:57+00:00
movie_93d67be05882,2327,"Nevertheless, (2021)","Nevertheless, (2021)",2021,"Nevertheless,",https://letterboxd.com/film/nevertheless-2021/,2026-06-01T08:01:02+00:00
movie_6b9811b4be2d,2328,Folklore: The Long Pond Studio Sessions (2020),Folklore: The Long Pond Studio Sessions (2020),2020,Folklore: The Long Pond Studio Sessions,https://letterboxd.com/film/folklore-the-long-pond-studio-sessions/,2026-06-01T08:01:02+00:00
movie_bfb13faf20ba,2329,Hannah Montana 20th Anniversary Special (2026),Hannah Montana 20th Anniversary Special (2026),2026,Hannah Montana 20th Anniversary Special,https://letterboxd.com/film/hannah-montana-20th-anniversary-special/,2026-06-01T08:02:08+00:00
movie_11965f504664,2330,Nickel Boys (2024),Nickel Boys (2024),2024,Nickel Boys,https://letterboxd.com/film/nickel-boys/,2026-06-01T08:02:08+00:00
movie_3c4eae006a38,2331,Maria (2024),Maria (2024),2024,Maria,https://letterboxd.com/film/maria-2024/,2026-06-01T08:02:08+00:00
movie_8173168009bb,2332,I Love Boosters,I Love Boosters,,I Love Boosters,,2026-06-01T08:02:23+00:00
movie_7ed8c2fd4906,2333,Crush (2022),Crush (2022),2022,Crush,https://letterboxd.com/film/crush-2022/,2026-06-01T08:06:53+00:00
movie_7e3287b09a61,2334,Ice Age: Collision Course (2016),Ice Age: Collision Course (2016),2016,Ice Age: Collision Course,https://letterboxd.com/film/ice-age-collision-course/,2026-06-01T08:06:53+00:00
movie_62ebfe2a30a8,2335,Ice Age: Dawn of the Dinosaurs (2009),Ice Age: Dawn of the Dinosaurs (2009),2009,Ice Age: Dawn of the Dinosaurs,https://letterboxd.com/film/ice-age-dawn-of-the-dinosaurs/,2026-06-01T08:06:53+00:00
movie_ad4a32234858,2336,Bend It Like Beckham (2002),Bend It Like Beckham (2002),2002,Bend It Like Beckham,https://letterboxd.com/film/bend-it-like-beckham/,2026-06-01T08:06:57+00:00
movie_dba6fb594f98,2337,Scary Movie 2 (2001),Scary Movie 2 (2001),2001,Scary Movie 2,https://letterboxd.com/film/scary-movie-2/,2026-06-01T08:06:57+00:00
movie_a1f5238efe82,2338,Bridget Jones's Diary (2001),Bridget Jones's Diary (2001),2001,Bridget Jones's Diary,https://letterboxd.com/film/bridget-joness-diary/,2026-06-01T08:06:57+00:00
movie_e27ff202f66b,2339,Hercules (1997),Hercules (1997),1997,Hercules,https://letterboxd.com/film/hercules-1997/,2026-06-01T08:06:57+00:00
movie_76e4662def18,2340,Dog 51 (2025),Dog 51 (2025),2025,Dog 51,https://letterboxd.com/film/dog-51/,2026-06-01T08:08:14+00:00
movie_9989a6bd7a19,2341,Kaizen (2024),Kaizen (2024),2024,Kaizen,https://letterboxd.com/film/kaizen/,2026-06-01T08:08:14+00:00
movie_bd69cc847d84,2342,Holy Cow (2024),Holy Cow (2024),2024,Holy Cow,https://letterboxd.com/film/holy-cow-2024/,2026-06-01T08:08:14+00:00
movie_8fe6b2bbebfc,2343,Bob Marley: One Love (2024),Bob Marley: One Love (2024),2024,Bob Marley: One Love,https://letterboxd.com/film/bob-marley-one-love/,2026-06-01T08:08:14+00:00
movie_baa4a9496287,2344,The Three Musketeers: Milady (2023),The Three Musketeers: Milady (2023),2023,The Three Musketeers: Milady,https://letterboxd.com/film/the-three-musketeers-milady/,2026-06-01T08:08:18+00:00
movie_3a5c2c21ab20,2345,The Three Musketeers: D'Artagnan (2023),The Three Musketeers: D'Artagnan (2023),2023,The Three Musketeers: D'Artagnan,https://letterboxd.com/film/the-three-musketeers-dartagnan/,2026-06-01T08:08:18+00:00
movie_5221a00e4215,2346,Get Out,Get Out,,Get Out,,2026-06-01T08:04:20+00:00
movie_4ba4f63cad33,2347,Grave Torture (2024),Grave Torture (2024),2024,Grave Torture,https://letterboxd.com/film/grave-torture-2024/,2026-06-01T08:10:06+00:00
movie_b87f185daaf9,2348,Cobweb (2023),Cobweb (2023),2023,Cobweb,https://letterboxd.com/film/cobweb-2023/,2026-06-01T08:10:10+00:00
movie_f64186bf8a17,2349,The Pope's Exorcist (2023),The Pope's Exorcist (2023),2023,The Pope's Exorcist,https://letterboxd.com/film/the-popes-exorcist/,2026-06-01T08:10:10+00:00
movie_4db231a59022,2350,Midnight Mass (2021),Midnight Mass (2021),2021,Midnight Mass,https://letterboxd.com/film/midnight-mass-2021/,2026-06-01T08:10:10+00:00
movie_7ee0376a63d7,2351,Kingdom: Ashin of the North (2021),Kingdom: Ashin of the North (2021),2021,Kingdom: Ashin of the North,https://letterboxd.com/film/kingdom-ashin-of-the-north/,2026-06-01T08:10:10+00:00
movie_75191adf1e31,2352,The Tomorrow War (2021),The Tomorrow War (2021),2021,The Tomorrow War,https://letterboxd.com/film/the-tomorrow-war/,2026-06-01T08:13:19+00:00
movie_c17baca95d16,2353,Eurovision Song Contest: The Story of Fire Saga (2020),Eurovision Song Contest: The Story of Fire Saga (2020),2020,Eurovision Song Contest: The Story of Fire Saga,https://letterboxd.com/film/eurovision-song-contest-the-story-of-fire-saga/,2026-06-01T08:13:19+00:00
movie_5d4338af0b35,2354,The Secret Life of Pets 2 (2019),The Secret Life of Pets 2 (2019),2019,The Secret Life of Pets 2,https://letterboxd.com/film/the-secret-life-of-pets-2/,2026-06-01T08:13:19+00:00
movie_9a600a7ada96,2355,The Perfect Date (2019),The Perfect Date (2019),2019,The Perfect Date,https://letterboxd.com/film/the-perfect-date-2019/,2026-06-01T08:13:19+00:00
movie_a4663142a660,2356,The Princess Switch (2018),The Princess Switch (2018),2018,The Princess Switch,https://letterboxd.com/film/the-princess-switch/,2026-06-01T08:13:19+00:00
movie_708a773d37c4,2357,Smallfoot (2018),Smallfoot (2018),2018,Smallfoot,https://letterboxd.com/film/smallfoot/,2026-06-01T08:13:19+00:00
movie_f35aaf5c6294,2358,Subservience (2024),Subservience (2024),2024,Subservience,https://letterboxd.com/film/subservience-2024/,2026-06-01T08:14:25+00:00
movie_eacd93350f44,2359,12th Fail (2023),12th Fail (2023),2023,12th Fail,https://letterboxd.com/film/12th-fail/,2026-06-01T08:14:26+00:00
movie_a6ba94a2cd64,2360,Avatar: The Way of Water,Avatar: The Way of Water,,Avatar: The Way of Water,,2026-06-01T08:14:30+00:00
movie_41dffc52c55f,2361,Stay (2005),Stay (2005),2005,Stay,https://letterboxd.com/film/stay/,2026-06-01T08:18:36+00:00
movie_60bc3f87e2c9,2362,Man on Fire (2004),Man on Fire (2004),2004,Man on Fire,https://letterboxd.com/film/man-on-fire-2004/,2026-06-01T08:18:36+00:00
movie_b8caa0200ab2,2363,That Christmas (2024),That Christmas (2024),2024,That Christmas,https://letterboxd.com/film/that-christmas/,2026-06-01T08:20:55+00:00
movie_60622fb60ea5,2364,The Sea Beast (2022),The Sea Beast (2022),2022,The Sea Beast,https://letterboxd.com/film/the-sea-beast-2022/,2026-06-01T08:20:55+00:00
movie_4d6839199b91,2365,The Wrong Missy (2020),The Wrong Missy (2020),2020,The Wrong Missy,https://letterboxd.com/film/the-wrong-missy/,2026-06-01T08:20:58+00:00
movie_b9c671beb580,2366,The Willoughbys (2020),The Willoughbys (2020),2020,The Willoughbys,https://letterboxd.com/film/the-willoughbys/,2026-06-01T08:20:58+00:00
movie_330f200bd5ef,2367,Les Misérables (2019),Les Misérables (2019),2019,Les Misérables,https://letterboxd.com/film/les-miserables-2019/,2026-06-01T08:20:58+00:00
movie_48b8d196f3cf,2368,Sink or Swim (2018),Sink or Swim (2018),2018,Sink or Swim,https://letterboxd.com/film/sink-or-swim-2018/,2026-06-01T08:20:58+00:00
movie_85be5357609a,2369,Two Is a Family (2016),Two Is a Family (2016),2016,Two Is a Family,https://letterboxd.com/film/two-is-a-family/,2026-06-01T08:20:58+00:00
movie_1e01a9ddf501,2370,Slumdog Millionaire (2008),Slumdog Millionaire (2008),2008,Slumdog Millionaire,https://letterboxd.com/film/slumdog-millionaire/,2026-06-01T08:25:01+00:00
movie_2902b029f576,2371,Babyteeth (2019),Babyteeth (2019),2019,Babyteeth,https://letterboxd.com/film/babyteeth/,2026-06-01T08:26:15+00:00
movie_aa221d05eff6,2372,Someone Great (2019),Someone Great (2019),2019,Someone Great,https://letterboxd.com/film/someone-great/,2026-06-01T08:26:20+00:00
movie_e34f04569d4f,2373,Sierra Burgess Is a Loser (2018),Sierra Burgess Is a Loser (2018),2018,Sierra Burgess Is a Loser,https://letterboxd.com/film/sierra-burgess-is-a-loser/,2026-06-01T08:26:20+00:00
movie_04f2778c8681,2374,Little Italy (2018),Little Italy (2018),2018,Little Italy,https://letterboxd.com/film/little-italy-2018/,2026-06-01T08:26:20+00:00
movie_f6bdda8064aa,2375,The Age of Adaline (2015),The Age of Adaline (2015),2015,The Age of Adaline,https://letterboxd.com/film/the-age-of-adaline/,2026-06-01T08:26:20+00:00
movie_99f133f041fe,2376,The Boy and the Beast (2015),The Boy and the Beast (2015),2015,The Boy and the Beast,https://letterboxd.com/film/the-boy-and-the-beast/,2026-06-01T08:27:46+00:00
movie_c930f101ed76,2377,Blue Is the Warmest Color (2013),Blue Is the Warmest Color (2013),2013,Blue Is the Warmest Color,https://letterboxd.com/film/blue-is-the-warmest-color/,2026-06-01T08:27:46+00:00
movie_49faa29e4474,2378,Monte Carlo (2011),Monte Carlo (2011),2011,Monte Carlo,https://letterboxd.com/film/monte-carlo/,2026-06-01T08:28:51+00:00
movie_5cad60e845a9,2379,16 Wishes (2010),16 Wishes (2010),2010,16 Wishes,https://letterboxd.com/film/16-wishes/,2026-06-01T08:29:03+00:00
movie_b3a00db5464c,2380,Requiem for a Dream,Requiem for a Dream,,Requiem for a Dream,,2026-06-01T08:30:23+00:00
movie_2b8f629184da,2381,Anchorman: The Legend of Ron Burgundy (2004),Anchorman: The Legend of Ron Burgundy (2004),2004,Anchorman: The Legend of Ron Burgundy,https://letterboxd.com/film/anchorman-the-legend-of-ron-burgundy/,2026-06-01T08:30:30+00:00
movie_d1177dc1d957,2382,The Iron Giant (1999),The Iron Giant (1999),1999,The Iron Giant,https://letterboxd.com/film/the-iron-giant/,2026-06-01T08:30:30+00:00
movie_38677a53b220,2383,Move to Heaven (2021),Move to Heaven (2021),2021,Move to Heaven,https://letterboxd.com/film/move-to-heaven/,2026-06-01T08:32:46+00:00
movie_1a44e7e47d9e,2384,Spider-Man: No Way Home,Spider-Man: No Way Home,,Spider-Man: No Way Home,,2026-06-01T08:38:51+00:00
movie_7cbaf9df7370,2385,Guru (2025),Guru (2025),2025,Guru,https://letterboxd.com/film/guru-2025/,2026-06-01T08:39:47+00:00
movie_e060d37702a0,2386,Monsieur Aznavour (2024),Monsieur Aznavour (2024),2024,Monsieur Aznavour,https://letterboxd.com/film/monsieur-aznavour/,2026-06-01T08:39:47+00:00
movie_599ab5d75364,2387,LOL (Laughing Out Loud) (2008),LOL (Laughing Out Loud) (2008),2008,LOL (Laughing Out Loud),https://letterboxd.com/film/lol-laughing-out-loud/,2026-06-01T08:39:51+00:00
movie_e22b6ef58243,2388,I'm Thinking of Ending Things (2020),I'm Thinking of Ending Things (2020),2020,I'm Thinking of Ending Things,https://letterboxd.com/film/im-thinking-of-ending-things/,2026-06-01T08:41:34+00:00
movie_171a1f4ad26e,2389,Terminator: Dark Fate (2019),Terminator: Dark Fate (2019),2019,Terminator: Dark Fate,https://letterboxd.com/film/terminator-dark-fate/,2026-06-01T08:41:34+00:00
movie_7bf1c9268756,2390,Bad Times at the El Royale (2018),Bad Times at the El Royale (2018),2018,Bad Times at the El Royale,https://letterboxd.com/film/bad-times-at-the-el-royale/,2026-06-01T08:41:34+00:00
movie_e0496d2c507d,2391,The Night of the 12th (2022),The Night of the 12th (2022),2022,The Night of the 12th,https://letterboxd.com/film/the-night-of-the-12th/,2026-06-01T08:43:43+00:00
movie_70b0a1c6e4cd,2392,The Wolf's Call (2019),The Wolf's Call (2019),2019,The Wolf's Call,https://letterboxd.com/film/the-wolfs-call/,2026-06-01T08:43:46+00:00
movie_f05bd3fae02b,2393,C'est la vie! (2017),C'est la vie! (2017),2017,C'est la vie!,https://letterboxd.com/film/cest-la-vie-2017/,2026-06-01T08:43:46+00:00
movie_31fb7719974f,2394,Lion (2016),Lion (2016),2016,Lion,https://letterboxd.com/film/lion/,2026-06-01T08:43:46+00:00
movie_bc562c78ca89,2395,The Girl Who Cried Pearls (2025),The Girl Who Cried Pearls (2025),2025,The Girl Who Cried Pearls,https://letterboxd.com/film/the-girl-who-cried-pearls/,2026-06-01T08:44:51+00:00
movie_dd9fc4145e2e,2396,Night Swim (2024),Night Swim (2024),2024,Night Swim,https://letterboxd.com/film/night-swim-2024/,2026-06-01T08:44:51+00:00
movie_f70bef3e0a5c,2397,My Policeman (2022),My Policeman (2022),2022,My Policeman,https://letterboxd.com/film/my-policeman/,2026-06-01T08:44:51+00:00
movie_558f7697c3a1,2398,Orphan: First Kill (2022),Orphan: First Kill (2022),2022,Orphan: First Kill,https://letterboxd.com/film/orphan-first-kill/,2026-06-01T08:44:51+00:00
movie_fc63ac502462,2399,Hotel Transylvania: Transformania (2022),Hotel Transylvania: Transformania (2022),2022,Hotel Transylvania: Transformania,https://letterboxd.com/film/hotel-transylvania-transformania/,2026-06-01T08:44:51+00:00
movie_8258e2c0a127,2400,The SpongeBob Movie: Sponge on the Run (2020),The SpongeBob Movie: Sponge on the Run (2020),2020,The SpongeBob Movie: Sponge on the Run,https://letterboxd.com/film/the-spongebob-movie-sponge-on-the-run/,2026-06-01T08:44:55+00:00
movie_0d8b197f1a74,2401,47 Meters Down: Uncaged (2019),47 Meters Down: Uncaged (2019),2019,47 Meters Down: Uncaged,https://letterboxd.com/film/47-meters-down-uncaged/,2026-06-01T08:44:55+00:00
movie_ba201686916b,2402,Anna (2019),Anna (2019),2019,Anna,https://letterboxd.com/film/anna-2019/,2026-06-01T08:44:55+00:00
movie_50b2d5e52455,2403,The Hustle (2019),The Hustle (2019),2019,The Hustle,https://letterboxd.com/film/the-hustle-2019/,2026-06-01T08:44:55+00:00
movie_1f5284cd7174,2404,The Curse of La Llorona (2019),The Curse of La Llorona (2019),2019,The Curse of La Llorona,https://letterboxd.com/film/the-curse-of-la-llorona/,2026-06-01T08:44:55+00:00
movie_a32a55bc4632,2405,Anatomy of a Fall,Anatomy of a Fall,,Anatomy of a Fall,,2026-06-01T08:46:16+00:00
movie_747c61026a32,2406,Horton Hears a Who! (2008),Horton Hears a Who! (2008),2008,Horton Hears a Who!,https://letterboxd.com/film/horton-hears-a-who-2008/,2026-06-01T08:46:27+00:00
movie_75c0e51003a5,2407,Senior Year (2022),Senior Year (2022),2022,Senior Year,https://letterboxd.com/film/senior-year-2022/,2026-06-01T08:47:49+00:00
movie_a89fc33c0a2c,2408,Forgotten (2017),Forgotten (2017),2017,Forgotten,https://letterboxd.com/film/forgotten-2017/,2026-06-01T08:47:49+00:00
movie_0698584f1a66,2409,Life (2017),Life (2017),2017,Life,https://letterboxd.com/film/life-2017/,2026-06-01T08:47:54+00:00
movie_0df3cee42d2b,2410,Good Boys (2019),Good Boys (2019),2019,Good Boys,https://letterboxd.com/film/good-boys-2019/,2026-06-01T08:50:44+00:00
movie_d28751888f94,2411,Truth or Dare (2018),Truth or Dare (2018),2018,Truth or Dare,https://letterboxd.com/film/truth-or-dare-2018/,2026-06-01T08:50:44+00:00
movie_c23ec9dff478,2412,The Founder (2016),The Founder (2016),2016,The Founder,https://letterboxd.com/film/the-founder/,2026-06-01T08:50:44+00:00
movie_55b1ba21546b,2413,X-Men: Apocalypse (2016),X-Men: Apocalypse (2016),2016,X-Men: Apocalypse,https://letterboxd.com/film/x-men-apocalypse/,2026-06-01T08:50:44+00:00
movie_d98c92b24287,2414,Meiyazhagan (2024),Meiyazhagan (2024),2024,Meiyazhagan,https://letterboxd.com/film/meiyazhagan/,2026-06-01T08:55:38+00:00
movie_fd4cbd8e2ee9,2415,Dog Man (2025),Dog Man (2025),2025,Dog Man,https://letterboxd.com/film/dog-man/,2026-06-01T08:56:43+00:00
movie_0d8b61c5cdec,2416,Orion and the Dark (2024),Orion and the Dark (2024),2024,Orion and the Dark,https://letterboxd.com/film/orion-and-the-dark/,2026-06-01T08:56:43+00:00
movie_be246c7e165e,2417,DC League of Super-Pets (2022),DC League of Super-Pets (2022),2022,DC League of Super-Pets,https://letterboxd.com/film/dc-league-of-super-pets/,2026-06-01T08:56:43+00:00
movie_13960e45397d,2418,Coming 2 America (2021),Coming 2 America (2021),2021,Coming 2 America,https://letterboxd.com/film/coming-2-america/,2026-06-01T08:56:43+00:00
movie_7333cfece71f,2419,Tom & Jerry (2021),Tom & Jerry (2021),2021,Tom & Jerry,https://letterboxd.com/film/tom-jerry-2021/,2026-06-01T08:56:43+00:00
movie_233318ce919f,2420,My Little Pony: Equestria Girls - Friendship Games (2015),My Little Pony: Equestria Girls - Friendship Games (2015),2015,My Little Pony: Equestria Girls - Friendship Games,https://letterboxd.com/film/my-little-pony-equestria-girls-friendship-games/,2026-06-01T08:56:48+00:00
movie_ef3bfdeb8bd9,2421,ParaNorman (2012),ParaNorman (2012),2012,ParaNorman,https://letterboxd.com/film/paranorman/,2026-06-01T08:56:48+00:00
movie_ec26fe8b2606,2422,Study Group (2025),Study Group (2025),2025,Study Group,https://letterboxd.com/film/study-group/,2026-06-01T08:57:56+00:00
movie_fe85e884ba96,2423,Mr. Plankton (2024),Mr. Plankton (2024),2024,Mr. Plankton,https://letterboxd.com/film/mr-plankton/,2026-06-01T08:57:56+00:00
movie_0b0d22e177f1,2424,Hear Me: Our Summer (2024),Hear Me: Our Summer (2024),2024,Hear Me: Our Summer,https://letterboxd.com/film/hear-me-our-summer/,2026-06-01T08:57:56+00:00
movie_be630a912020,2425,Love Next Door (2024),Love Next Door (2024),2024,Love Next Door,https://letterboxd.com/film/love-next-door-2024/,2026-06-01T08:57:56+00:00
movie_b4c10a45ac6d,2426,Agak Laen (2024),Agak Laen (2024),2024,Agak Laen,https://letterboxd.com/film/agak-laen/,2026-06-01T08:57:56+00:00
movie_88765419604f,2427,Unlocked (2023),Unlocked (2023),2023,Unlocked,https://letterboxd.com/film/unlocked-2023/,2026-06-01T08:57:56+00:00
movie_82e2dad514d1,2428,Summer Strike (2022),Summer Strike (2022),2022,Summer Strike,https://letterboxd.com/film/summer-strike/,2026-06-01T08:57:56+00:00
movie_702c8e6cad31,2429,Stealing Raden Saleh (2022),Stealing Raden Saleh (2022),2022,Stealing Raden Saleh,https://letterboxd.com/film/stealing-raden-saleh/,2026-06-01T08:58:00+00:00
movie_17ddb9656f41,2430,Missing Home (2022),Missing Home (2022),2022,Missing Home,https://letterboxd.com/film/missing-home/,2026-06-01T08:58:00+00:00
movie_783649525437,2431,My Big Fat Greek Wedding (2002),My Big Fat Greek Wedding (2002),2002,My Big Fat Greek Wedding,https://letterboxd.com/film/my-big-fat-greek-wedding/,2026-06-01T09:00:33+00:00
movie_260b840e5d63,2432,My Best Friend's Wedding (1997),My Best Friend's Wedding (1997),1997,My Best Friend's Wedding,https://letterboxd.com/film/my-best-friends-wedding/,2026-06-01T09:00:33+00:00
movie_4dc46db5419d,2433,Attack on Titan The Final Chapters: Special 1 (2023),Attack on Titan The Final Chapters: Special 1 (2023),2023,Attack on Titan The Final Chapters: Special 1,https://letterboxd.com/film/attack-on-titan-the-final-chapters-special-1-2023/,2026-06-01T09:02:45+00:00
movie_9ee7b6112fa5,2434,My Little Pony: The Movie (2017),My Little Pony: The Movie (2017),2017,My Little Pony: The Movie,https://letterboxd.com/film/my-little-pony-the-movie-2017/,2026-06-01T09:03:55+00:00
movie_10756fb8dcc1,2435,Ghostbusters (2016),Ghostbusters (2016),2016,Ghostbusters,https://letterboxd.com/film/ghostbusters-2016/,2026-06-01T09:03:55+00:00
movie_7f5aded16f44,2436,My Little Pony: Equestria Girls (2013),My Little Pony: Equestria Girls (2013),2013,My Little Pony: Equestria Girls,https://letterboxd.com/film/my-little-pony-equestria-girls/,2026-06-01T09:03:55+00:00
movie_caf0c6af2167,2437,Night at the Museum (2006),Night at the Museum (2006),2006,Night at the Museum,https://letterboxd.com/film/night-at-the-museum/,2026-06-01T09:03:55+00:00
movie_d1ae43169294,2438,Shark Tale (2004),Shark Tale (2004),2004,Shark Tale,https://letterboxd.com/film/shark-tale/,2026-06-01T09:03:55+00:00
movie_97f89342532a,2439,The Call (2020),The Call (2020),2020,The Call,https://letterboxd.com/film/the-call-2020-3/,2026-06-01T09:05:19+00:00
movie_e2ec79c2c118,2440,Charlie's Angels (2019),Charlie's Angels (2019),2019,Charlie's Angels,https://letterboxd.com/film/charlies-angels-2019/,2026-06-01T09:05:19+00:00
movie_bccf2fe63d0c,2441,I Love Boosters (2026),I Love Boosters (2026),2026,I Love Boosters,https://letterboxd.com/film/i-love-boosters/,2026-06-01T09:06:36+00:00
movie_8b34c85e2854,2442,Song Sung Blue (2025),Song Sung Blue (2025),2025,Song Sung Blue,https://letterboxd.com/film/song-sung-blue-2025/,2026-06-01T09:06:36+00:00
movie_457162d48f22,2443,Night School (2018),Night School (2018),2018,Night School,https://letterboxd.com/film/night-school-2018/,2026-06-01T09:06:40+00:00
movie_8dcb63dadabe,2444,Descendants 2 (2017),Descendants 2 (2017),2017,Descendants 2,https://letterboxd.com/film/descendants-2/,2026-06-01T09:06:40+00:00
movie_3bb3c5eddd1c,2445,Valerian and the City of a Thousand Planets (2017),Valerian and the City of a Thousand Planets (2017),2017,Valerian and the City of a Thousand Planets,https://letterboxd.com/film/valerian-and-the-city-of-a-thousand-planets/,2026-06-01T09:06:40+00:00
movie_8b6122410e8b,2446,The Impossible (2012),The Impossible (2012),2012,The Impossible,https://letterboxd.com/film/the-impossible/,2026-06-01T09:11:16+00:00
movie_a2ed10410cfd,2447,One Day,One Day,,One Day,,2026-06-01T09:12:24+00:00
movie_15b60f53e557,2448,We Can Be Heroes (2020),We Can Be Heroes (2020),2020,We Can Be Heroes,https://letterboxd.com/film/we-can-be-heroes-2020/,2026-06-01T09:14:36+00:00
movie_123b2d64a4bd,2449,Words Bubble Up Like Soda Pop (2020),Words Bubble Up Like Soda Pop (2020),2020,Words Bubble Up Like Soda Pop,https://letterboxd.com/film/words-bubble-up-like-soda-pop/,2026-06-01T09:14:36+00:00
movie_61e87aab9424,2450,K-12 (2019),K-12 (2019),2019,K-12,https://letterboxd.com/film/k-12/,2026-06-01T09:14:36+00:00
movie_daff427552e1,2451,Z-O-M-B-I-E-S (2018),Z-O-M-B-I-E-S (2018),2018,Z-O-M-B-I-E-S,https://letterboxd.com/film/z-o-m-b-i-e-s/,2026-06-01T09:14:41+00:00
movie_9fd8df276d25,2452,Secret of the Wings (2012),Secret of the Wings (2012),2012,Secret of the Wings,https://letterboxd.com/film/secret-of-the-wings/,2026-06-01T09:14:41+00:00
movie_3144cf86916b,2453,Miracle in Cell No. 7 (2019),Miracle in Cell No. 7 (2019),2019,Miracle in Cell No. 7,https://letterboxd.com/film/miracle-in-cell-no-7-2019-1/,2026-06-01T09:15:40+00:00
movie_dd8ae3c8fdc2,2454,The Hate U Give (2018),The Hate U Give (2018),2018,The Hate U Give,https://letterboxd.com/film/the-hate-u-give/,2026-06-01T09:15:40+00:00
movie_f4c2d7283b8f,2455,The Lives of Others (2006),The Lives of Others (2006),2006,The Lives of Others,https://letterboxd.com/film/the-lives-of-others/,2026-06-01T09:15:44+00:00
movie_92d057077080,2456,Our Unwritten Seoul (2025),Our Unwritten Seoul (2025),2025,Our Unwritten Seoul,https://letterboxd.com/film/our-unwritten-seoul/,2026-06-01T09:16:49+00:00
movie_2dbbe8463f4f,2457,SPY x FAMILY CODE: White (2023),SPY x FAMILY CODE: White (2023),2023,SPY x FAMILY CODE: White,https://letterboxd.com/film/spy-x-family-code-white/,2026-06-01T09:16:49+00:00
movie_f872d0d0fad8,2458,Night Has Come (2023),Night Has Come (2023),2023,Night Has Come,https://letterboxd.com/film/night-has-come-2023/,2026-06-01T09:16:49+00:00
movie_380dab611a61,2459,My Name (2021),My Name (2021),2021,My Name,https://letterboxd.com/film/my-name/,2026-06-01T09:16:53+00:00
movie_2c5f62e159eb,2460,Youth of May (2021),Youth of May (2021),2021,Youth of May,https://letterboxd.com/film/youth-of-may/,2026-06-01T09:16:53+00:00
movie_12d4cfc4aad6,2461,Sweet Home (2020),Sweet Home (2020),2020,Sweet Home,https://letterboxd.com/film/sweet-home-2020/,2026-06-01T09:16:53+00:00
movie_b9e6a69f6b99,2462,The Uncanny Counter (2020),The Uncanny Counter (2020),2020,The Uncanny Counter,https://letterboxd.com/film/the-uncanny-counter/,2026-06-01T09:16:53+00:00
movie_3fd409ecb192,2463,The Witch: Part 1. The Subversion (2018),The Witch: Part 1. The Subversion (2018),2018,The Witch: Part 1. The Subversion,https://letterboxd.com/film/the-witch-part-1-the-subversion/,2026-06-01T09:16:53+00:00
movie_0b4e71329b70,2464,Begin Again (2013),Begin Again (2013),2013,Begin Again,https://letterboxd.com/film/begin-again/,2026-06-01T09:16:53+00:00
movie_90250579899a,2465,Crimson Peak (2015),Crimson Peak (2015),2015,Crimson Peak,https://letterboxd.com/film/crimson-peak/,2026-06-01T09:19:25+00:00
movie_4d8209a84a11,2466,Inside Man (2006),Inside Man (2006),2006,Inside Man,https://letterboxd.com/film/inside-man/,2026-06-01T09:19:25+00:00
movie_9d53fea35687,2467,Trainwreck: The Astroworld Tragedy (2025),Trainwreck: The Astroworld Tragedy (2025),2025,Trainwreck: The Astroworld Tragedy,https://letterboxd.com/film/trainwreck-the-astroworld-tragedy/,2026-06-01T09:20:27+00:00
movie_d1907d3ecb7a,2468,Love Hurts (2025),Love Hurts (2025),2025,Love Hurts,https://letterboxd.com/film/love-hurts-2025/,2026-06-01T09:23:14+00:00
movie_875c2179a66e,2469,Block Pass (2024),Block Pass (2024),2024,Block Pass,https://letterboxd.com/film/block-pass/,2026-06-01T09:23:14+00:00
movie_a3b0cc35e34c,2470,Spaceman (2024),Spaceman (2024),2024,Spaceman,https://letterboxd.com/film/spaceman-2024/,2026-06-01T09:23:14+00:00
movie_aa16f1ac4efe,2471,Kaamelott: The First Chapter (2021),Kaamelott: The First Chapter (2021),2021,Kaamelott: The First Chapter,https://letterboxd.com/film/kaamelott-the-first-chapter/,2026-06-01T09:23:18+00:00
movie_55427d624de9,2472,Heathers: The Musical (2022),Heathers: The Musical (2022),2022,Heathers: The Musical,https://letterboxd.com/film/heathers-the-musical-1/,2026-06-01T09:25:32+00:00
movie_48f034438926,2473,The Angry Birds Movie (2016),The Angry Birds Movie (2016),2016,The Angry Birds Movie,https://letterboxd.com/film/the-angry-birds-movie/,2026-06-01T09:25:37+00:00
movie_6cb1dd38ee1f,2474,Little Miss Sunshine,Little Miss Sunshine,,Little Miss Sunshine,,2026-06-01T08:22:35+00:00
movie_b7085048ad74,2475,The Lost Chapter: Yuki's Revenge (2025),The Lost Chapter: Yuki's Revenge (2025),2025,The Lost Chapter: Yuki's Revenge,https://letterboxd.com/film/the-lost-chapter-yukis-revenge/,2026-06-01T09:26:51+00:00
movie_2f2801b3f32e,2476,Scream 2 (1997),Scream 2 (1997),1997,Scream 2,https://letterboxd.com/film/scream-2/,2026-06-01T07:58:44+00:00
movie_e4ff4f1df419,2477,BlackBerry (2023),BlackBerry (2023),2023,BlackBerry,https://letterboxd.com/film/blackberry-2023/,2026-06-01T09:30:40+00:00
movie_cb708ac38c80,2478,Little Women (2022),Little Women (2022),2022,Little Women,https://letterboxd.com/film/little-women-2022-1/,2026-06-01T09:30:40+00:00
movie_700f7b44eece,2479,Hometown Cha-Cha-Cha (2021),Hometown Cha-Cha-Cha (2021),2021,Hometown Cha-Cha-Cha,https://letterboxd.com/film/hometown-cha-cha-cha/,2026-06-01T09:30:44+00:00
movie_e78042dad8ac,2480,Midnight (2021),Midnight (2021),2021,Midnight,https://letterboxd.com/film/midnight-2021/,2026-06-01T09:30:44+00:00
movie_fe5e0cff9ad9,2481,Extraordinary You (2019),Extraordinary You (2019),2019,Extraordinary You,https://letterboxd.com/film/extraordinary-you/,2026-06-01T09:30:44+00:00
movie_a77b55a88811,2482,Chip 'n Dale: Rescue Rangers (2022),Chip 'n Dale: Rescue Rangers (2022),2022,Chip 'n Dale: Rescue Rangers,https://letterboxd.com/film/chip-n-dale-rescue-rangers/,2026-06-01T09:31:38+00:00
movie_e91c244f8656,2483,Downsizing (2017),Downsizing (2017),2017,Downsizing,https://letterboxd.com/film/downsizing/,2026-06-01T09:31:41+00:00
movie_528fbc85feff,2484,Ne Zha 2 (2025),Ne Zha 2 (2025),2025,Ne Zha 2,https://letterboxd.com/film/ne-zha-2/,2026-06-01T09:32:35+00:00
movie_bd5eecaa6daf,2485,Scott Pilgrim vs. the World,Scott Pilgrim vs. the World,,Scott Pilgrim vs. the World,,2026-06-01T09:34:28+00:00
movie_d6e5cd3040b7,2486,DAN DA DAN: Evil Eye (2025),DAN DA DAN: Evil Eye (2025),2025,DAN DA DAN: Evil Eye,https://letterboxd.com/film/dan-da-dan-evil-eye/,2026-06-01T09:35:40+00:00
movie_4f6f8465d325,2487,The Stronghold (2021),The Stronghold (2021),2021,The Stronghold,https://letterboxd.com/film/the-stronghold-2021/,2026-06-01T09:38:03+00:00
movie_1c594d9ca6d5,2488,Don't Breathe 2 (2021),Don't Breathe 2 (2021),2021,Don't Breathe 2,https://letterboxd.com/film/dont-breathe-2/,2026-06-01T09:38:03+00:00
movie_1c0c2b573f1c,2489,Benedetta (2021),Benedetta (2021),2021,Benedetta,https://letterboxd.com/film/benedetta/,2026-06-01T09:38:03+00:00
movie_0c0b5166619d,2490,Black Box (2021),Black Box (2021),2021,Black Box,https://letterboxd.com/film/black-box-2021-1/,2026-06-01T09:38:03+00:00
movie_e8c715c7b308,2491,Capernaum (2018),Capernaum (2018),2018,Capernaum,https://letterboxd.com/film/capernaum/,2026-06-01T09:38:03+00:00
movie_4169153c4df4,2492,Two People Exchanging Saliva (2024),Two People Exchanging Saliva (2024),2024,Two People Exchanging Saliva,https://letterboxd.com/film/two-people-exchanging-saliva/,2026-06-01T09:38:59+00:00
movie_335cfa801a57,2493,Happy Death Day 2U (2019),Happy Death Day 2U (2019),2019,Happy Death Day 2U,https://letterboxd.com/film/happy-death-day-2u/,2026-06-01T09:39:04+00:00
movie_eb5dffd20f73,2494,Moonfall (2022),Moonfall (2022),2022,Moonfall,https://letterboxd.com/film/moonfall/,2026-06-01T09:41:32+00:00
movie_85e74c691710,2495,The Many Saints of Newark (2021),The Many Saints of Newark (2021),2021,The Many Saints of Newark,https://letterboxd.com/film/the-many-saints-of-newark/,2026-06-01T09:41:32+00:00
movie_64e0f3562348,2496,Friends: The Reunion (2021),Friends: The Reunion (2021),2021,Friends: The Reunion,https://letterboxd.com/film/friends-the-reunion/,2026-06-01T09:41:32+00:00
movie_ebbedbc58805,2497,The Little Things (2021),The Little Things (2021),2021,The Little Things,https://letterboxd.com/film/the-little-things-2021/,2026-06-01T09:41:32+00:00
movie_3271b02ad3ff,2498,The Last 10 Years (2022),The Last 10 Years (2022),2022,The Last 10 Years,https://letterboxd.com/film/the-last-10-years/,2026-06-01T09:43:26+00:00
movie_acc4bd0c8ed1,2499,Countdown (2019),Countdown (2019),2019,Countdown,https://letterboxd.com/film/countdown-2019/,2026-06-01T09:43:26+00:00
movie_d0513428e715,2500,Eli (2019),Eli (2019),2019,Eli,https://letterboxd.com/film/eli-2019/,2026-06-01T09:43:26+00:00
movie_34cb59dd8b0c,2501,Hedda (2025),Hedda (2025),2025,Hedda,https://letterboxd.com/film/hedda-2025/,2026-06-01T09:44:34+00:00
movie_ece862d38381,2502,Good News (2025),Good News (2025),2025,Good News,https://letterboxd.com/film/good-news-2025/,2026-06-01T09:44:34+00:00
movie_d10b2bf33c97,2503,Trainwreck: Poop Cruise (2025),Trainwreck: Poop Cruise (2025),2025,Trainwreck: Poop Cruise,https://letterboxd.com/film/trainwreck-poop-cruise/,2026-06-01T09:44:34+00:00
movie_7380f5e3cb1f,2504,A Nonsense Christmas with Sabrina Carpenter (2024),A Nonsense Christmas with Sabrina Carpenter (2024),2024,A Nonsense Christmas with Sabrina Carpenter,https://letterboxd.com/film/a-nonsense-christmas-with-sabrina-carpenter/,2026-06-01T09:44:34+00:00
movie_e97352594329,2505,Sing Sing (2023),Sing Sing (2023),2023,Sing Sing,https://letterboxd.com/film/sing-sing-2023/,2026-06-01T09:44:39+00:00
movie_8406b09239bc,2506,Mr. Harrigan's Phone (2022),Mr. Harrigan's Phone (2022),2022,Mr. Harrigan's Phone,https://letterboxd.com/film/mr-harrigans-phone/,2026-06-01T09:44:39+00:00
movie_e03fc1b04467,2507,Before I Fall (2017),Before I Fall (2017),2017,Before I Fall,https://letterboxd.com/film/before-i-fall/,2026-06-01T09:45:35+00:00
movie_f5ac9fd3ca4a,2508,Tinker Bell (2008),Tinker Bell (2008),2008,Tinker Bell,https://letterboxd.com/film/tinkerbell/,2026-06-01T09:46:56+00:00
movie_f96149ca33a8,2509,Bridget Jones: The Edge of Reason (2004),Bridget Jones: The Edge of Reason (2004),2004,Bridget Jones: The Edge of Reason,https://letterboxd.com/film/bridget-jones-the-edge-of-reason/,2026-06-01T09:46:56+00:00
movie_34d628658d4e,2510,The Little Mermaid (1989),The Little Mermaid (1989),1989,The Little Mermaid,https://letterboxd.com/film/the-little-mermaid/,2026-06-01T09:46:56+00:00
movie_2d8af492d005,2511,The Angry Birds Movie 2 (2019),The Angry Birds Movie 2 (2019),2019,The Angry Birds Movie 2,https://letterboxd.com/film/the-angry-birds-movie-2/,2026-06-01T09:52:03+00:00
movie_0865011dc305,2512,Irish Wish (2024),Irish Wish (2024),2024,Irish Wish,https://letterboxd.com/film/irish-wish/,2026-06-01T09:53:11+00:00
movie_0487f2035c56,2513,Falling for Christmas (2022),Falling for Christmas (2022),2022,Falling for Christmas,https://letterboxd.com/film/falling-for-christmas/,2026-06-01T09:53:15+00:00
movie_93d21d60f06a,2514,All the Empty Rooms (2025),All the Empty Rooms (2025),2025,All the Empty Rooms,https://letterboxd.com/film/all-the-empty-rooms/,2026-06-01T09:54:45+00:00
movie_6b18bb58200b,2515,Z-O-M-B-I-E-S 4: Dawn of the Vampires (2025),Z-O-M-B-I-E-S 4: Dawn of the Vampires (2025),2025,Z-O-M-B-I-E-S 4: Dawn of the Vampires,https://letterboxd.com/film/z-o-m-b-i-e-s-4-dawn-of-the-vampires/,2026-06-01T09:54:45+00:00
movie_c568624ee26c,2516,This Is the End (2013),This Is the End (2013),2013,This Is the End,https://letterboxd.com/film/this-is-the-end/,2026-06-01T09:54:49+00:00
movie_2cd7814680ae,2517,Pretty Lethal (2026),Pretty Lethal (2026),2026,Pretty Lethal,https://letterboxd.com/film/pretty-lethal/,2026-06-01T09:55:53+00:00
movie_4550ce2713c8,2518,Jingle Bell Heist (2025),Jingle Bell Heist (2025),2025,Jingle Bell Heist,https://letterboxd.com/film/jingle-bell-heist/,2026-06-01T09:55:53+00:00
movie_756a5d99d905,2519,Maintenance Required (2025),Maintenance Required (2025),2025,Maintenance Required,https://letterboxd.com/film/maintenance-required/,2026-06-01T09:55:58+00:00
movie_a11474ddad50,2520,Mile End Kicks (2025),Mile End Kicks (2025),2025,Mile End Kicks,https://letterboxd.com/film/mile-end-kicks/,2026-06-01T09:55:58+00:00
movie_b74a21506725,2521,Ballad of a Small Player (2025),Ballad of a Small Player (2025),2025,Ballad of a Small Player,https://letterboxd.com/film/ballad-of-a-small-player/,2026-06-01T09:55:58+00:00
movie_bd01372ab3c3,2522,Eastern Promises (2007),Eastern Promises (2007),2007,Eastern Promises,https://letterboxd.com/film/eastern-promises/,2026-06-01T09:58:12+00:00
movie_c9c973d7f26d,2523,The Dirt (2019),The Dirt (2019),2019,The Dirt,https://letterboxd.com/film/the-dirt/,2026-06-01T09:59:31+00:00
movie_26f2f214f202,2524,Diary of a Wimpy Kid: The Long Haul (2017),Diary of a Wimpy Kid: The Long Haul (2017),2017,Diary of a Wimpy Kid: The Long Haul,https://letterboxd.com/film/diary-of-a-wimpy-kid-the-long-haul/,2026-06-01T09:59:36+00:00
movie_4e8f064171c1,2525,Sing Street (2016),Sing Street (2016),2016,Sing Street,https://letterboxd.com/film/sing-street/,2026-06-01T09:59:36+00:00
movie_816fcda1b0a8,2526,Daddy's Home (2015),Daddy's Home (2015),2015,Daddy's Home,https://letterboxd.com/film/daddys-home/,2026-06-01T09:59:36+00:00
movie_c8390126995c,2527,The Last Song (2010),The Last Song (2010),2010,The Last Song,https://letterboxd.com/film/the-last-song/,2026-06-01T10:03:42+00:00
movie_6fde82b003ba,2528,17 Again (2009),17 Again (2009),2009,17 Again,https://letterboxd.com/film/17-again/,2026-06-01T10:03:42+00:00
movie_4c027e441119,2529,The Adventures of Sharkboy and Lavagirl (2005),The Adventures of Sharkboy and Lavagirl (2005),2005,The Adventures of Sharkboy and Lavagirl,https://letterboxd.com/film/the-adventures-of-sharkboy-and-lavagirl/,2026-06-01T10:03:42+00:00
movie_ef5fe7666784,2530,Million Dollar Baby (2004),Million Dollar Baby (2004),2004,Million Dollar Baby,https://letterboxd.com/film/million-dollar-baby/,2026-06-01T10:04:58+00:00
movie_58c0892cc563,2531,There Will Be Blood,There Will Be Blood,,There Will Be Blood,,2026-06-01T10:10:24+00:00
movie_31cbd4a318c1,2532,Over the Moon (2020),Over the Moon (2020),2020,Over the Moon,https://letterboxd.com/film/over-the-moon-2020/,2026-06-01T10:10:32+00:00
movie_fbd158d1bfdf,2533,Frankenweenie (2012),Frankenweenie (2012),2012,Frankenweenie,https://letterboxd.com/film/frankenweenie-2012/,2026-06-01T10:10:37+00:00
movie_d6a3f6d030e6,2534,The Chorus (2004),The Chorus (2004),2004,The Chorus,https://letterboxd.com/film/the-chorus/,2026-06-01T10:10:37+00:00
movie_4d9ca28a0bbc,2535,Big Fish (2003),Big Fish (2003),2003,Big Fish,https://letterboxd.com/film/big-fish/,2026-06-01T10:11:35+00:00
movie_8f5c9d8c3fdd,2536,Strangers from Hell (2019),Strangers from Hell (2019),2019,Strangers from Hell,https://letterboxd.com/film/strangers-from-hell/,2026-06-01T10:14:13+00:00
movie_5fdf06aa1110,2537,Guardian: The Lonely and Great God (2016),Guardian: The Lonely and Great God (2016),2016,Guardian: The Lonely and Great God,https://letterboxd.com/film/guardian-the-lonely-and-great-god/,2026-06-01T10:14:13+00:00
movie_484b3f9ae022,2538,Dawn of the Planet of the Apes (2014),Dawn of the Planet of the Apes (2014),2014,Dawn of the Planet of the Apes,https://letterboxd.com/film/dawn-of-the-planet-of-the-apes/,2026-06-01T10:16:25+00:00
movie_100e6bf86872,2539,Looper (2012),Looper (2012),2012,Looper,https://letterboxd.com/film/looper/,2026-06-01T10:16:28+00:00
movie_786bfd15e918,2540,The Adventures of Tintin (2011),The Adventures of Tintin (2011),2011,The Adventures of Tintin,https://letterboxd.com/film/the-adventures-of-tintin/,2026-06-01T10:16:28+00:00
movie_80656f782e7b,2541,X-Men: First Class (2011),X-Men: First Class (2011),2011,X-Men: First Class,https://letterboxd.com/film/x-men-first-class/,2026-06-01T10:16:29+00:00
movie_b9fb10973a59,2542,Polisse (2011),Polisse (2011),2011,Polisse,https://letterboxd.com/film/polisse/,2026-06-01T10:16:29+00:00
movie_72edc20fe6ba,2543,[REC] (2007),[REC] (2007),2007,[REC],https://letterboxd.com/film/rec/,2026-06-01T10:16:29+00:00
movie_cd5ae7aa71a7,2544,Nonnas (2025),Nonnas (2025),2025,Nonnas,https://letterboxd.com/film/nonnas/,2026-06-01T10:22:04+00:00
movie_2ed310d6819e,2545,Back in Action (2025),Back in Action (2025),2025,Back in Action,https://letterboxd.com/film/back-in-action-2025/,2026-06-01T10:22:04+00:00
movie_e955f247d7c8,2546,Asterix & Obelix: The Middle Kingdom (2023),Asterix & Obelix: The Middle Kingdom (2023),2023,Asterix & Obelix: The Middle Kingdom,https://letterboxd.com/film/asterix-obelix-the-middle-kingdom/,2026-06-01T10:29:59+00:00
movie_86729c327b7d,2547,Tenor (2022),Tenor (2022),2022,Tenor,https://letterboxd.com/film/tenor/,2026-06-01T10:29:59+00:00
movie_5df5f965b1c2,2548,Slender Man (2018),Slender Man (2018),2018,Slender Man,https://letterboxd.com/film/slender-man/,2026-06-01T10:31:21+00:00
movie_a0614d5fe00a,2549,Alien: Covenant (2017),Alien: Covenant (2017),2017,Alien: Covenant,https://letterboxd.com/film/alien-covenant/,2026-06-01T10:31:21+00:00
movie_01a6f7367c9d,2550,Mama (2013),Mama (2013),2013,Mama,https://letterboxd.com/film/mama-2013/,2026-06-01T10:31:21+00:00
movie_3fe0439ec153,2551,The Crow (2024),The Crow (2024),2024,The Crow,https://letterboxd.com/film/the-crow-2024/,2026-06-01T10:32:27+00:00
movie_f32f19130d9b,2552,Mask Girl (2023),Mask Girl (2023),2023,Mask Girl,https://letterboxd.com/film/mask-girl-2023/,2026-06-01T10:32:27+00:00
movie_a9b40054d765,2553,Scooby-Doo (2002),Scooby-Doo (2002),2002,Scooby-Doo,https://letterboxd.com/film/scooby-doo/,2026-06-01T10:32:43+00:00
movie_b151dfc20365,2554,The Mummy Returns (2001),The Mummy Returns (2001),2001,The Mummy Returns,https://letterboxd.com/film/the-mummy-returns/,2026-06-01T10:32:43+00:00
movie_4f5077c75bb5,2555,Vampire Hunter D: Bloodlust (2000),Vampire Hunter D: Bloodlust (2000),2000,Vampire Hunter D: Bloodlust,https://letterboxd.com/film/vampire-hunter-d-bloodlust/,2026-06-01T10:33:34+00:00
movie_6fac68434a4b,2556,A Monster in Paris (2011),A Monster in Paris (2011),2011,A Monster in Paris,https://letterboxd.com/film/a-monster-in-paris/,2026-06-01T10:33:44+00:00
movie_bcca8e20db1c,2557,Possessor (2020),Possessor (2020),2020,Possessor,https://letterboxd.com/film/possessor/,2026-06-01T10:34:50+00:00
movie_82c31f5b24a6,2558,A Dog's Purpose (2017),A Dog's Purpose (2017),2017,A Dog's Purpose,https://letterboxd.com/film/a-dogs-purpose/,2026-06-01T10:34:54+00:00
movie_1c8766ce377f,2559,Breakfast at Tiffany's (1961),Breakfast at Tiffany's (1961),1961,Breakfast at Tiffany's,https://letterboxd.com/film/breakfast-at-tiffanys/,2026-06-01T10:38:37+00:00
movie_9238a63a5060,2560,Brokeback Mountain,Brokeback Mountain,,Brokeback Mountain,,2026-06-01T07:42:50+00:00
movie_c9eb43a3b9ef,2561,His House (2020),His House (2020),2020,His House,https://letterboxd.com/film/his-house/,2026-06-01T10:41:08+00:00
movie_249f3b66056e,2562,Olivia Rodrigo: GUTS World Tour (2024),Olivia Rodrigo: GUTS World Tour (2024),2024,Olivia Rodrigo: GUTS World Tour,https://letterboxd.com/film/olivia-rodrigo-guts-world-tour/,2026-06-01T10:42:38+00:00
movie_449b232c8cfc,2563,Daisy Jones & the Six (2023),Daisy Jones & the Six (2023),2023,Daisy Jones & the Six,https://letterboxd.com/film/daisy-jones-the-six/,2026-06-01T10:42:38+00:00
movie_9238fb04f1ef,2564,Miss Americana (2020),Miss Americana (2020),2020,Miss Americana,https://letterboxd.com/film/miss-americana/,2026-06-01T10:42:42+00:00
movie_35e6fab934ea,2565,Harry Potter and the Half-Blood Prince,Harry Potter and the Half-Blood Prince,,Harry Potter and the Half-Blood Prince,,2026-06-01T10:46:58+00:00
movie_4f68dcfe8363,2566,Like Stars on Earth (2007),Like Stars on Earth (2007),2007,Like Stars on Earth,https://letterboxd.com/film/like-stars-on-earth/,2026-05-25T14:59:32+00:00
movie_edc432f03bce,2567,The Sound of Music (1965),The Sound of Music (1965),1965,The Sound of Music,https://letterboxd.com/film/the-sound-of-music/,2026-06-01T10:48:54+00:00
movie_131872f18e38,2568,Barbie in the Pink Shoes (2013),Barbie in the Pink Shoes (2013),2013,Barbie in the Pink Shoes,https://letterboxd.com/film/barbie-in-the-pink-shoes/,2026-06-01T10:51:29+00:00
movie_65ed07ab25a0,2569,The Human Centipede 3 (Final Sequence) (2015),The Human Centipede 3 (Final Sequence) (2015),2015,The Human Centipede 3 (Final Sequence),https://letterboxd.com/film/the-human-centipede-3-final-sequence/,2026-06-01T10:54:13+00:00
movie_98dda79ed267,2570,The Human Centipede (First Sequence) (2009),The Human Centipede (First Sequence) (2009),2009,The Human Centipede (First Sequence),https://letterboxd.com/film/the-human-centipede-first-sequence/,2026-06-01T10:54:13+00:00
movie_2b74de5fcc1c,2571,Primal Fear (1996),Primal Fear (1996),1996,Primal Fear,https://letterboxd.com/film/primal-fear/,2026-06-01T10:57:40+00:00
movie_35ac75b532af,2572,Hell or High Water (2016),Hell or High Water (2016),2016,Hell or High Water,https://letterboxd.com/film/hell-or-high-water/,2026-06-01T10:58:43+00:00
movie_76016bb7e82c,2573,Gerald's Game (2017),Gerald's Game (2017),2017,Gerald's Game,https://letterboxd.com/film/geralds-game/,2026-06-01T11:00:23+00:00
movie_af872297afa5,2574,Tall Girl 2 (2022),Tall Girl 2 (2022),2022,Tall Girl 2,https://letterboxd.com/film/tall-girl-2/,2026-06-01T11:01:20+00:00
movie_a0181b499329,2575,Lamb (2021),Lamb (2021),2021,Lamb,https://letterboxd.com/film/lamb-2021/,2026-06-01T11:01:20+00:00
movie_dbe6a81aaebb,2576,The Old Guard (2020),The Old Guard (2020),2020,The Old Guard,https://letterboxd.com/film/the-old-guard-2020/,2026-06-01T11:01:20+00:00
movie_d0137c5d1cf9,2577,Sky High (2005),Sky High (2005),2005,Sky High,https://letterboxd.com/film/sky-high-2005/,2026-06-01T11:03:38+00:00
movie_76a72a581885,2578,A Simple Favor (2018),A Simple Favor (2018),2018,A Simple Favor,https://letterboxd.com/film/a-simple-favor/,2026-06-01T11:05:39+00:00
movie_ee895b72e388,2579,Now You See Me 2,Now You See Me 2,,Now You See Me 2,,2026-06-01T11:05:43+00:00
movie_f4346a341393,2580,Run Lola Run (1998),Run Lola Run (1998),1998,Run Lola Run,https://letterboxd.com/film/run-lola-run/,2026-06-01T11:09:15+00:00
movie_2df0ca768a4c,2581,Gattaca (1997),Gattaca (1997),1997,Gattaca,https://letterboxd.com/film/gattaca/,2026-06-01T11:09:15+00:00
movie_680fa6c25aff,2582,She-Hulk: Attorney at Law (2022),She-Hulk: Attorney at Law (2022),2022,She-Hulk: Attorney at Law,https://letterboxd.com/film/she-hulk-attorney-at-law/,2026-06-01T11:10:23+00:00
movie_9c0c4e0d9ec8,2583,Taken 3 (2014),Taken 3 (2014),2014,Taken 3,https://letterboxd.com/film/taken-3/,2026-06-01T11:13:28+00:00
movie_382113832341,2584,Taken 2 (2012),Taken 2 (2012),2012,Taken 2,https://letterboxd.com/film/taken-2/,2026-06-01T11:13:28+00:00
movie_b25c3c8ea928,2585,Ocean's Twelve (2004),Ocean's Twelve (2004),2004,Ocean's Twelve,https://letterboxd.com/film/oceans-twelve/,2026-06-01T11:13:32+00:00
movie_8a4c96b73ce4,2586,Charlie's Angels (2000),Charlie's Angels (2000),2000,Charlie's Angels,https://letterboxd.com/film/charlies-angels/,2026-06-01T11:13:32+00:00
movie_e05e85014375,2587,Family Pack (2024),Family Pack (2024),2024,Family Pack,https://letterboxd.com/film/family-pack-2024/,2026-06-01T11:14:29+00:00
movie_1d836f11a50d,2588,Five (2016),Five (2016),2016,Five,https://letterboxd.com/film/five-2016/,2026-06-01T11:16:08+00:00
movie_f6d80119ec03,2589,What's in a Name (2012),What's in a Name (2012),2012,What's in a Name,https://letterboxd.com/film/whats-in-a-name/,2026-06-01T11:16:08+00:00
movie_6b3502cd1f1c,2590,WHAT DID JACK DO? (2017),WHAT DID JACK DO? (2017),2017,WHAT DID JACK DO?,https://letterboxd.com/film/what-did-jack-do/,2026-06-01T11:17:20+00:00
movie_0e9795328511,2591,Bill & Ted Face the Music (2020),Bill & Ted Face the Music (2020),2020,Bill & Ted Face the Music,https://letterboxd.com/film/bill-ted-face-the-music/,2026-06-01T11:21:06+00:00
movie_c01922ffade3,2592,Insidious: The Last Key (2018),Insidious: The Last Key (2018),2018,Insidious: The Last Key,https://letterboxd.com/film/insidious-the-last-key/,2026-06-01T11:21:06+00:00
movie_6b9f177df5a1,2593,Insidious: Chapter 3 (2015),Insidious: Chapter 3 (2015),2015,Insidious: Chapter 3,https://letterboxd.com/film/insidious-chapter-3/,2026-06-01T11:21:11+00:00
movie_18c0795085a5,2594,65 (2023),65 (2023),2023,65,https://letterboxd.com/film/65/,2026-06-01T11:26:48+00:00
movie_2ed566dc2502,2595,How to Have Sex (2023),How to Have Sex (2023),2023,How to Have Sex,https://letterboxd.com/film/how-to-have-sex/,2026-06-01T11:30:31+00:00
movie_b1c497da7500,2596,Sisu: Road to Revenge (2025),Sisu: Road to Revenge (2025),2025,Sisu: Road to Revenge,https://letterboxd.com/film/sisu-road-to-revenge/,2026-06-01T11:35:26+00:00
movie_74596a35668d,2597,Dream (2023),Dream (2023),2023,Dream,https://letterboxd.com/film/dream-2023/,2026-06-01T11:42:28+00:00
movie_f53e160d5871,2598,Sydney White (2007),Sydney White (2007),2007,Sydney White,https://letterboxd.com/film/sydney-white/,2026-06-01T11:42:28+00:00
movie_5807da66365b,2599,The Town (2010),The Town (2010),2010,The Town,https://letterboxd.com/film/the-town/,2026-06-01T11:44:53+00:00
movie_2d14fe4c6a40,2600,Transformers: Age of Extinction (2014),Transformers: Age of Extinction (2014),2014,Transformers: Age of Extinction,https://letterboxd.com/film/transformers-age-of-extinction/,2026-06-01T11:51:28+00:00
movie_debfbfcb655f,2601,High School Musical 2 (2007),High School Musical 2 (2007),2007,High School Musical 2,https://letterboxd.com/film/high-school-musical-2/,2026-06-01T11:52:43+00:00
movie_1ad186fa8dbc,2602,Inside Out,Inside Out,,Inside Out,,2026-06-01T11:55:58+00:00
movie_637a33a4be5b,2603,Titanic,Titanic,,Titanic,,2026-06-01T11:59:13+00:00
movie_53bb4f020772,2604,Freaky (2020),Freaky (2020),2020,Freaky,https://letterboxd.com/film/freaky/,2026-06-01T12:01:32+00:00
movie_54fe5e34ebaf,2605,Neighbors (2014),Neighbors (2014),2014,Neighbors,https://letterboxd.com/film/neighbors-2014/,2026-06-01T12:35:26+00:00
movie_ef01911baef8,2606,Spider-Man: Homecoming,Spider-Man: Homecoming,,Spider-Man: Homecoming,,2026-06-01T12:35:47+00:00
movie_b7111f391ebb,2607,Stand by Me,Stand by Me,,Stand by Me,,2026-06-01T12:48:30+00:00
movie_927b0b66c325,2608,27 Dresses,27 Dresses,,27 Dresses,,2026-06-01T12:52:09+00:00
movie_faa02ccba5d9,2609,Joy Ride (2023),Joy Ride (2023),2023,Joy Ride,https://letterboxd.com/film/joy-ride-2023/,2026-06-01T12:58:35+00:00
movie_51325d6a5c61,2610,Miller's Girl (2024),Miller's Girl (2024),2024,Miller's Girl,https://letterboxd.com/film/millers-girl/,2026-06-01T13:04:34+00:00
movie_8148e4d26124,2611,Uptown Girls,Uptown Girls,,Uptown Girls,,2026-06-01T13:10:57+00:00
movie_099e8b57f9b4,2612,Back to Black (2024),Back to Black (2024),2024,Back to Black,https://letterboxd.com/film/back-to-black/,2026-06-01T13:14:43+00:00
movie_6f6e5a7719af,2613,Lights Out (2016),Lights Out (2016),2016,Lights Out,https://letterboxd.com/film/lights-out-2016/,2026-06-01T13:14:47+00:00
movie_6d5672eb71b2,2614,Transformers: Dark of the Moon (2011),Transformers: Dark of the Moon (2011),2011,Transformers: Dark of the Moon,https://letterboxd.com/film/transformers-dark-of-the-moon/,2026-06-01T13:15:52+00:00
movie_b7c30aa0eff9,2615,Transformers: Revenge of the Fallen (2009),Transformers: Revenge of the Fallen (2009),2009,Transformers: Revenge of the Fallen,https://letterboxd.com/film/transformers-revenge-of-the-fallen/,2026-06-01T13:15:52+00:00
movie_077478372eae,2616,A Beautiful Mind (2001),A Beautiful Mind (2001),2001,A Beautiful Mind,https://letterboxd.com/film/a-beautiful-mind/,2026-06-01T13:20:31+00:00
movie_175dc0e876eb,2617,Speed Racer (2008),Speed Racer (2008),2008,Speed Racer,https://letterboxd.com/film/speed-racer/,2026-06-01T13:24:32+00:00
movie_cf23f3a48ab9,2618,Fantastic Four (2005),Fantastic Four (2005),2005,Fantastic Four,https://letterboxd.com/film/fantastic-four-2005/,2026-06-01T13:24:37+00:00
movie_2294cac50a81,2619,DAN DA DAN: First Encounter (2024),DAN DA DAN: First Encounter (2024),2024,DAN DA DAN: First Encounter,https://letterboxd.com/film/dan-da-dan-first-encounter/,2026-06-01T13:25:32+00:00
movie_89ae25130fb1,2620,What We Do in the Shadows (2014),What We Do in the Shadows (2014),2014,What We Do in the Shadows,https://letterboxd.com/film/what-we-do-in-the-shadows/,2026-06-01T13:32:59+00:00
movie_52f60cd38c50,2621,Notting Hill,Notting Hill,,Notting Hill,,2026-06-01T13:37:55+00:00
movie_bfd0a45c615a,2622,The Mummy: Tomb of the Dragon Emperor (2008),The Mummy: Tomb of the Dragon Emperor (2008),2008,The Mummy: Tomb of the Dragon Emperor,https://letterboxd.com/film/the-mummy-tomb-of-the-dragon-emperor/,2026-06-01T13:38:36+00:00
movie_d030818738ce,2623,Judas and the Black Messiah (2021),Judas and the Black Messiah (2021),2021,Judas and the Black Messiah,https://letterboxd.com/film/judas-and-the-black-messiah/,2026-06-01T13:44:09+00:00
movie_e1117a6102bf,2624,Lemonade Mouth (2011),Lemonade Mouth (2011),2011,Lemonade Mouth,https://letterboxd.com/film/lemonade-mouth/,2026-06-01T14:33:58+00:00
movie_458252336833,2625,The Union (2024),The Union (2024),2024,The Union,https://letterboxd.com/film/the-union-2024/,2026-06-01T14:36:56+00:00
movie_772788eeea5c,2626,Gemini Man (2019),Gemini Man (2019),2019,Gemini Man,https://letterboxd.com/film/gemini-man-2019/,2026-06-01T14:37:00+00:00
movie_99650ff73e87,2627,Kill Boksoon (2023),Kill Boksoon (2023),2023,Kill Boksoon,https://letterboxd.com/film/kill-boksoon/,2026-06-01T14:58:01+00:00
movie_5c84cdc8afd2,2628,"The Tunnel to Summer, the Exit of Goodbyes (2022)","The Tunnel to Summer, the Exit of Goodbyes (2022)",2022,"The Tunnel to Summer, the Exit of Goodbyes",https://letterboxd.com/film/the-tunnel-to-summer-the-exit-of-goodbyes/,2026-06-01T15:08:34+00:00
movie_e7688318c2f2,2629,Lost in Translation,Lost in Translation,,Lost in Translation,,2026-06-01T15:28:31+00:00
movie_b6264b1e3baf,2630,Greyhound (2020),Greyhound (2020),2020,Greyhound,https://letterboxd.com/film/greyhound/,2026-06-01T15:52:27+00:00
movie_921bccc2ce1e,2631,Fackham Hall (2025),Fackham Hall (2025),2025,Fackham Hall,https://letterboxd.com/film/fackham-hall/,2026-06-01T16:05:56+00:00
movie_946150c32dd2,2632,Am I OK? (2022),Am I OK? (2022),2022,Am I OK?,https://letterboxd.com/film/am-i-ok/,2026-06-01T16:18:56+00:00
movie_429a88eeea62,2633,Atonement,Atonement,,Atonement,,2026-06-01T16:41:08+00:00
movie_015b7ec5530f,2634,Rye Lane (2023),Rye Lane (2023),2023,Rye Lane,https://letterboxd.com/film/rye-lane/,2026-06-01T16:50:43+00:00
movie_9d7b0b8ce26c,2635,Kids (1995),Kids (1995),1995,Kids,https://letterboxd.com/film/kids/,2026-06-01T17:11:01+00:00
movie_141d208c0dc2,2636,Mulholland Drive,Mulholland Drive,,Mulholland Drive,,2026-06-01T16:29:55+00:00
