movieId,title,genres
1,The Roses (2025),(no genres listed)
2,Sonic the Hedgehog 3 (2024),(no genres listed)
3,Wolf Man (2025),(no genres listed)
4,Flight Risk (2025),(no genres listed)
5,The Perfect Neighbor (2025),(no genres listed)
6,Bugonia (2025),(no genres listed)
7,The Devil Wears Prada 2 (2026),(no genres listed)
8,Train Dreams (2025),(no genres listed)
9,Wicked: For Good (2025),(no genres listed)
10,Happy Gilmore 2 (2025),(no genres listed)
11,Another Simple Favor (2025),(no genres listed)
12,Smile 2 (2024),(no genres listed)
13,A Complete Unknown (2024),(no genres listed)
14,Adolescence (2025),(no genres listed)
15,The Running Man (2025),(no genres listed)
16,Here (2024),(no genres listed)
17,Is This Thing On? (2025),(no genres listed)
18,Marty Supreme (2025),(no genres listed)
19,Sinners (2025),(no genres listed)
20,The Penguin (2024),(no genres listed)
21,The Fantastic 4: First Steps (2025),(no genres listed)
22,Speak No Evil (2024),(no genres listed)
23,Saturday Night (2024),(no genres listed)
24,The Accountant² (2025),(no genres listed)
25,The Deliverance (2024),(no genres listed)
26,September 5 (2024),(no genres listed)
27,One Battle After Another (2025),(no genres listed)
28,The Devil Wears Prada 2,(no genres listed)
29,Snow White (2025),(no genres listed)
30,Michael (2026),(no genres listed)
31,The Drama (2026),(no genres listed)
32,Juror #2 (2024),(no genres listed)
33,Scream 7 (2026),(no genres listed)
34,How to Make a Killing (2026),(no genres listed)
35,Wuthering Heights (2026),(no genres listed)
36,Nosferatu (2024),(no genres listed)
37,The Rip (2026),(no genres listed)
38,Beetlejuice Beetlejuice (2024),(no genres listed)
39,Hot Frosty (2024),(no genres listed)
40,Stranger Things 5: The Finale (2025),(no genres listed)
41,Anaconda (2025),(no genres listed)
42,Five Nights at Freddy's 2 (2025),(no genres listed)
43,The Housemaid (2025),(no genres listed)
44,A Minecraft Movie (2025),(no genres listed)
45,Jay Kelly (2025),(no genres listed)
46,Wicked (2024),(no genres listed)
47,Eddington (2025),(no genres listed)
48,Our Little Secret (2024),(no genres listed)
49,Carry-On (2024),(no genres listed)
50,Moana 2 (2024),(no genres listed)
51,Superman (2025),(no genres listed)
52,Blue Moon (2025),(no genres listed)
53,Die My Love (2025),(no genres listed)
54,The Conjuring: Last Rites (2025),(no genres listed)
55,Springsteen: Deliver Me from Nowhere (2025),(no genres listed)
56,Hamnet (2025),(no genres listed)
57,War of the Worlds (2025),(no genres listed)
58,Dead Man's Wire (2025),(no genres listed)
59,Freakier Friday (2025),(no genres listed)
60,Joker: Folie à Deux (2024),(no genres listed)
61,Wake Up Dead Man (2025),(no genres listed)
62,After the Hunt (2025),(no genres listed)
63,Frankenstein (2025),(no genres listed)
64,Salem's Lot (2024),(no genres listed)
65,The Smashing Machine (2025),(no genres listed)
66,Roofman (2025),(no genres listed)
67,28 Years Later (2025),(no genres listed)
68,Materialists (2025),(no genres listed)
69,The Last Showgirl (2024),(no genres listed)
70,Weapons (2025),(no genres listed)
71,Jurassic World Rebirth (2025),(no genres listed)
72,Heretic (2024),(no genres listed)
73,Caught Stealing (2025),(no genres listed)
74,Speak,(no genres listed)
75,National Lampoon's Christmas Vacation,(no genres listed)
76,Black Swan (2010),(no genres listed)
77,Prisoners (2013),(no genres listed)
78,The Batman (2022),(no genres listed)
79,Little Women (2019),(no genres listed)
80,The Wolf of Wall Street (2013),(no genres listed)
81,Deadpool & Wolverine (2024),(no genres listed)
82,Once Upon a Time... in Hollywood (2019),(no genres listed)
83,Anora (2024),(no genres listed)
84,Challengers (2024),(no genres listed)
85,Coco (2017),(no genres listed)
86,The Perks of Being a Wallflower (2012),(no genres listed)
87,Django Unchained (2012),(no genres listed)
88,Guardians of the Galaxy (2014),(no genres listed)
89,La La Land (2016),(no genres listed)
90,The Substance (2024),(no genres listed)
91,Dune (2021),(no genres listed)
92,Lady Bird (2017),(no genres listed)
93,Pearl (2022),(no genres listed)
94,Arrival (2016),(no genres listed)
95,Obsession (2025),(no genres listed)
96,Call Me by Your Name (2017),(no genres listed)
97,Jojo Rabbit (2019),(no genres listed)
98,Avengers: Endgame (2019),(no genres listed)
99,Knives Out (2019),(no genres listed)
100,Inside Out (2015),(no genres listed)
101,Parasite (2019),(no genres listed)
102,Spider-Man: Into the Spider-Verse (2018),(no genres listed)
103,Baby Driver (2017),(no genres listed)
104,Whiplash (2014),(no genres listed)
105,Hereditary (2018),(no genres listed)
106,Barbie (2023),(no genres listed)
107,It (2017),(no genres listed)
108,Midsommar (2019),(no genres listed)
109,Spider-Man: No Way Home (2021),(no genres listed)
110,Get Out (2017),(no genres listed)
111,Saltburn (2023),(no genres listed)
112,Avatar: The Way of Water (2022),(no genres listed)
113,Interstellar (2014),(no genres listed)
114,Aftersun (2022),(no genres listed)
115,Blade Runner 2049 (2017),(no genres listed)
116,Mickey 17 (2025),(no genres listed)
117,Glass Onion (2022),(no genres listed)
118,Her (2013),(no genres listed)
119,Gone Girl (2014),(no genres listed)
120,Joker (2019),(no genres listed)
121,Dune: Part Two (2024),(no genres listed)
122,Poor Things (2023),(no genres listed)
123,Black Panther (2018),(no genres listed)
124,Avengers: Infinity War (2018),(no genres listed)
125,The Hunger Games (2012),(no genres listed)
126,Michael,(no genres listed)
127,The Menu (2022),(no genres listed)
128,The Grand Budapest Hotel (2014),(no genres listed)
129,Oppenheimer (2023),(no genres listed)
130,The Social Network (2010),(no genres listed)
131,Past Lives (2023),(no genres listed)
132,Everything Everywhere All at Once (2022),(no genres listed)
133,Soul (2020),(no genres listed)
134,Inside Out 2 (2024),(no genres listed)
135,Star Wars: The Mandalorian and Grogu (2026),(no genres listed)
136,They Will Kill You (2026),(no genres listed)
137,They Will Kill You,(no genres listed)
138,Captain America: Brave New World (2025),(no genres listed)
139,Scream VI (2023),(no genres listed)
140,Killers of the Flower Moon (2023),(no genres listed)
141,Bullet Train (2022),(no genres listed)
142,The Northman (2022),(no genres listed)
143,Doctor Strange in the Multiverse of Madness (2022),(no genres listed)
144,Nope (2022),(no genres listed)
145,Smile (2022),(no genres listed)
146,Longlegs (2024),(no genres listed)
147,MaXXXine (2024),(no genres listed)
148,The Super Mario Bros. Movie (2023),(no genres listed)
149,The Naked Gun (2025),(no genres listed)
150,Scream (2022),(no genres listed)
151,Turning Red (2022),(no genres listed)
152,Puss in Boots: The Last Wish (2022),(no genres listed)
153,Talk to Me (2022),(no genres listed)
154,Black Panther: Wakanda Forever (2022),(no genres listed)
155,Guardians of the Galaxy Vol. 3 (2023),(no genres listed)
156,Bottoms (2023),(no genres listed)
157,Thunderbolts* (2025),(no genres listed)
158,Zootopia 2 (2025),(no genres listed)
159,Star Wars: The Mandalorian and Grogu,(no genres listed)
160,Spider-Man: Across the Spider-Verse (2023),(no genres listed)
161,Evil Dead Rise (2023),(no genres listed)
162,Thor: Love and Thunder (2022),(no genres listed)
163,Elvis (2022),(no genres listed)
164,No Hard Feelings (2023),(no genres listed)
165,X (2022),(no genres listed)
166,The Whale (2022),(no genres listed)
167,Five Nights at Freddy's (2023),(no genres listed)
168,Barbarian (2022),(no genres listed)
169,Guillermo del Toro's Pinocchio (2022),(no genres listed)
170,KPop Demon Hunters (2025),(no genres listed)
171,Ant-Man and the Wasp: Quantumania (2023),(no genres listed)
172,Immaculate (2024),(no genres listed)
173,The Fall Guy (2024),(no genres listed)
174,Monkey Man (2024),(no genres listed)
175,Love Lies Bleeding (2024),(no genres listed)
176,Dungeons & Dragons: Honor Among Thieves (2023),(no genres listed)
177,I Saw the TV Glow (2024),(no genres listed)
178,The Iron Claw (2023),(no genres listed)
179,Godzilla Minus One (2023),(no genres listed)
180,M3GAN (2022),(no genres listed)
181,Alien: Romulus (2024),(no genres listed)
182,Furiosa: A Mad Max Saga (2024),(no genres listed)
183,Late Night with the Devil (2023),(no genres listed)
184,After Hours,(no genres listed)
185,Blade Runner,(no genres listed)
186,Blade Runner (1982),(no genres listed)
187,Brazil (1985),(no genres listed)
188,A Clockwork Orange (1971),(no genres listed)
189,The Long Walk (2025),(no genres listed)
190,Mission: Impossible – The Final Reckoning (2025),(no genres listed)
191,Free Guy (2021),(no genres listed)
192,Remarkably Bright Creatures (2026),(no genres listed)
193,The Wild Robot (2024),(no genres listed)
194,Remarkably Bright Creatures,(no genres listed)
195,The Day the Earth Blew Up: A Looney Tunes Movie (2024),(no genres listed)
196,Flow (2024),(no genres listed)
197,F1 (2025),(no genres listed)
198,The Phoenician Scheme (2025),(no genres listed)
199,Civil War (2024),(no genres listed)
200,Babylon (2022),(no genres listed)
201,Suzume (2022),(no genres listed)
202,Avatar: Fire and Ash (2025),(no genres listed)
203,Indiana Jones and the Dial of Destiny (2023),(no genres listed)
204,People We Meet on Vacation (2026),(no genres listed)
205,Eternals (2021),(no genres listed)
206,Top Gun: Maverick (2022),(no genres listed)
207,Don't Look Up (2021),(no genres listed)
208,Project Hail Mary (2026),(no genres listed)
209,The Adam Project (2022),(no genres listed)
210,The Matrix Resurrections (2021),(no genres listed)
211,Mike & Nick & Nick & Alice (2026),(no genres listed)
212,John Wick: Chapter 4 (2023),(no genres listed)
213,Anyone But You (2023),(no genres listed)
214,Wonka (2023),(no genres listed)
215,"Good Luck, Have Fun, Don't Die (2025)",(no genres listed)
216,The Wonderful Story of Henry Sugar (2023),(no genres listed)
217,Mission: Impossible – Dead Reckoning (2023),(no genres listed)
218,The Sheep Detectives (2026),(no genres listed)
219,"You, Me & Tuscany (2026)",(no genres listed)
220,Asteroid City (2023),(no genres listed)
221,Elemental (2023),(no genres listed)
222,Terminator 2: Judgment Day,(no genres listed)
223,Project Hail Mary,(no genres listed)
224,No Country for Old Men (2007),(no genres listed)
225,Conclave (2024),(no genres listed)
226,The Lord of the Rings: The Fellowship of the Ring (2001),(no genres listed)
227,Inglourious Basterds (2009),(no genres listed)
228,The Dark Knight (2008),(no genres listed)
229,The Devil Wears Prada (2006),(no genres listed)
230,Inception (2010),(no genres listed)
231,Harry Potter and the Prisoner of Azkaban (2004),(no genres listed)
232,Harry Potter and the Philosopher's Stone (2001),(no genres listed)
233,Ratatouille (2007),(no genres listed)
234,Up (2009),(no genres listed)
235,Pride & Prejudice (2005),(no genres listed)
236,Catch Me If You Can (2002),(no genres listed)
237,Coraline (2009),(no genres listed)
238,Avatar (2009),(no genres listed)
239,Shutter Island (2010),(no genres listed)
240,(500) Days of Summer (2009),(no genres listed)
241,Eternal Sunshine of the Spotless Mind (2004),(no genres listed)
242,Kill Bill: Vol. 1 (2003),(no genres listed)
243,The Notebook (2004),(no genres listed)
244,Mean Girls (2004),(no genres listed)
245,Portrait of a Lady on Fire (2019),(no genres listed)
246,Emilia Pérez (2024),(no genres listed)
247,Decision to Leave (2022),(no genres listed)
248,No Other Choice (2025),(no genres listed)
249,Roma (2018),(no genres listed)
250,Nightmare Alley (2021),(no genres listed)
251,Sicario (2015),(no genres listed)
252,Phantom Thread (2017),(no genres listed)
253,Father Mother Sister Brother (2025),(no genres listed)
254,Mommy (2014),(no genres listed)
255,It Was Just an Accident (2025),(no genres listed)
256,Megalopolis (2024),(no genres listed)
257,Nymphomaniac: Vol. I (2013),(no genres listed)
258,Climax (2018),(no genres listed)
259,Cold War (2018),(no genres listed)
260,No Time to Die (2021),(no genres listed)
261,Spectre (2015),(no genres listed)
262,Drive My Car (2021),(no genres listed)
263,The Zone of Interest (2023),(no genres listed)
264,Anatomy of a Fall (2023),(no genres listed)
265,Sentimental Value (2025),(no genres listed)
266,Free Solo (2018),(no genres listed)
267,The Beloved (2026),(no genres listed)
268,Sirāt (2025),(no genres listed)
269,Bitter Christmas (2026),(no genres listed)
270,Birdman or (The Unexpected Virtue of Ignorance) (2014),(no genres listed)
271,TÁR (2022),(no genres listed)
272,The Brutalist (2024),(no genres listed)
273,Perfect Days (2023),(no genres listed)
274,The Banshees of Inisherin (2022),(no genres listed)
275,Titane (2021),(no genres listed)
276,The Seed of the Sacred Fig (2024),(no genres listed)
277,The Boy and the Heron (2023),(no genres listed)
278,The Apprentice (2024),(no genres listed)
279,Priscilla (2023),(no genres listed)
280,Green Book (2018),(no genres listed)
281,Tenet (2020),(no genres listed)
282,Pacifiction (2022),(no genres listed)
283,BlacKkKlansman (2018),(no genres listed)
284,The Count of Monte Cristo (2024),(no genres listed)
285,The Worst Person in the World (2021),(no genres listed)
286,The Beloved,(no genres listed)
287,The Imitation Game (2014),(no genres listed)
288,American Psycho (2000),(no genres listed)
289,Spirited Away (2001),(no genres listed)
290,Forrest Gump (1994),(no genres listed)
291,Forrest Gump,(no genres listed)
292,The Truman Show (1998),(no genres listed)
293,Dead Poets Society (1989),(no genres listed)
294,Fight Club (1999),(no genres listed)
295,Se7en (1995),(no genres listed)
296,Donnie Darko (2001),(no genres listed)
297,The Matrix (1999),(no genres listed)
298,Good Will Hunting (1997),(no genres listed)
299,The Shawshank Redemption (1994),(no genres listed)
300,The Silence of the Lambs (1991),(no genres listed)
301,Pulp Fiction (1994),(no genres listed)
302,Little Miss Sunshine (2006),(no genres listed)
303,The Shining (1980),(no genres listed)
304,Taxi Driver (1976),(no genres listed)
305,The Godfather (1972),(no genres listed)
306,Finding Nemo (2003),(no genres listed)
307,Uncut Gems (2019),(no genres listed)
308,Captain America: Civil War,(no genres listed)
309,Captain America: Civil War (2016),(no genres listed)
310,The Avengers (2012),(no genres listed)
311,Deadpool (2016),(no genres listed)
312,Thor: Ragnarok (2017),(no genres listed)
313,The Hunger Games: Catching Fire (2013),(no genres listed)
314,The Hunger Games: The Ballad of Songbirds & Snakes (2023),(no genres listed)
315,Marty Supreme,(no genres listed)
316,Us (2019),(no genres listed)
317,The Holdovers (2023),(no genres listed)
318,Moonlight (2016),(no genres listed)
319,Mr. Nobody (2009),(no genres listed)
320,Send Help (2026),(no genres listed)
321,The Drama,(no genres listed)
322,Still Alice (2014),(no genres listed)
323,Bridesmaids (2011),(no genres listed)
324,WALL·E (2008),(no genres listed)
325,Scott Pilgrim vs. the World (2010),(no genres listed)
326,Drive (2011),(no genres listed)
327,About Time (2013),(no genres listed)
328,Dunkirk (2017),(no genres listed)
329,Beautiful Boy (2018),(no genres listed)
330,John Wick (2014),(no genres listed)
331,The Dark Knight Rises (2012),(no genres listed)
332,Mad Max: Fury Road (2015),(no genres listed)
333,Fantastic Mr. Fox (2009),(no genres listed)
334,1917 (2019),(no genres listed)
335,Nightcrawler (2014),(no genres listed)
336,Interstellar,(no genres listed)
337,Surf's Up (2007),(no genres listed)
338,Scent of a Woman (1992),(no genres listed)
339,Ferris Bueller's Day Off (1986),(no genres listed)
340,Black Bird (2022),(no genres listed)
341,The Other Guys (2010),(no genres listed)
342,22 Jump Street (2014),(no genres listed)
343,Manchester by the Sea (2016),(no genres listed)
344,Memento (2000),(no genres listed)
345,Gladiator II (2024),(no genres listed)
346,Spider-Man (2002),(no genres listed)
347,Edge of Tomorrow (2014),(no genres listed)
348,Normal People (2020),(no genres listed)
349,Predator: Killer of Killers (2025),(no genres listed)
350,House of Gucci (2021),(no genres listed)
351,The Super Mario Galaxy Movie,(no genres listed)
352,Heads of State (2025),(no genres listed)
353,RRR (2022),(no genres listed)
354,The Bad Guys (2022),(no genres listed)
355,Blue Beetle (2023),(no genres listed)
356,The Bad Guys 2 (2025),(no genres listed)
357,Red Notice (2021),(no genres listed)
358,Lightyear (2022),(no genres listed)
359,Sonic the Hedgehog 2 (2022),(no genres listed)
360,Encanto (2021),(no genres listed)
361,The President's Cake (2025),(no genres listed)
362,Ghostbusters: Afterlife (2021),(no genres listed)
363,Weird: The Al Yankovic Story (2022),(no genres listed)
364,Nimona (2023),(no genres listed)
365,Shang-Chi and the Legend of the Ten Rings (2021),(no genres listed)
366,The Killer (2023),(no genres listed)
367,All Quiet on the Western Front (2022),(no genres listed)
368,The Gray Man (2022),(no genres listed)
369,Renfield (2023),(no genres listed)
370,Teenage Mutant Ninja Turtles: Mutant Mayhem (2023),(no genres listed)
371,The Super Mario Galaxy Movie (2026),(no genres listed)
372,Prey (2022),(no genres listed)
373,Black Adam (2022),(no genres listed)
374,The Man from Toronto (2022),(no genres listed)
375,Hoppers (2026),(no genres listed)
376,The Creator (2023),(no genres listed)
377,Better Man (2024),(no genres listed)
378,Elio (2025),(no genres listed)
379,Predator: Badlands (2025),(no genres listed)
380,Kung Fu Panda 4 (2024),(no genres listed)
381,Captain America: The Winter Soldier (2014),(no genres listed)
382,Star Wars: The Force Awakens (2015),(no genres listed)
383,The Hunger Games: Mockingjay – Part 1 (2014),(no genres listed)
384,How to Train Your Dragon (2010),(no genres listed)
385,Spider-Man: Far From Home (2019),(no genres listed)
386,Captain America: The First Avenger (2011),(no genres listed)
387,Harry Potter and the Deathly Hallows: Part 2 (2011),(no genres listed)
388,Harry Potter and the Deathly Hallows: Part 1 (2010),(no genres listed)
389,Pitch Perfect (2012),(no genres listed)
390,"Crazy, Stupid, Love. (2011)",(no genres listed)
391,Avengers: Age of Ultron (2015),(no genres listed)
392,Now You See Me (2013),(no genres listed)
393,Bohemian Rhapsody (2018),(no genres listed)
394,Avatar: Fire and Ash,(no genres listed)
395,Doctor Strange (2016),(no genres listed)
396,Spider-Man: Homecoming (2017),(no genres listed)
397,The Amazing Spider-Man (2012),(no genres listed)
398,Guardians of the Galaxy Vol. 2 (2017),(no genres listed)
399,We Live in Time (2024),(no genres listed)
400,Lost in Translation (2003),(no genres listed)
401,Love and Monsters (2020),(no genres listed)
402,Eternity (2025),(no genres listed)
403,Star Wars: Episode II – Attack of the Clones (2002),(no genres listed)
404,How to Lose a Guy in 10 Days (2003),(no genres listed)
405,Not Okay (2022),(no genres listed)
406,Ready or Not (2019),(no genres listed)
407,All Too Well: The Short Film (2021),(no genres listed)
408,28 Years Later: The Bone Temple (2026),(no genres listed)
409,Caddo Lake (2024),(no genres listed)
410,Self Reliance (2023),(no genres listed)
411,Sound of Metal (2019),(no genres listed)
412,Star Wars: Episode III – Revenge of the Sith (2005),(no genres listed)
413,Companion (2025),(no genres listed)
414,Roommates (2026),(no genres listed)
415,Twinless (2025),(no genres listed)
416,Jennifer's Body (2009),(no genres listed)
417,Swiss Army Man (2016),(no genres listed)
418,Twilight (2008),(no genres listed)
419,27 Dresses (2008),(no genres listed)
420,Maze Runner: The Death Cure (2018),(no genres listed)
421,Maze Runner: The Scorch Trials (2015),(no genres listed)
422,Mamma Mia! (2008),(no genres listed)
423,13 Going on 30 (2004),(no genres listed)
424,The Maze Runner (2014),(no genres listed)
425,Ratatouille,(no genres listed)
426,Nosferatu,(no genres listed)
427,The Prestige (2006),(no genres listed)
428,Moonrise Kingdom (2012),(no genres listed)
429,Flipped (2010),(no genres listed)
430,Jurassic World (2015),(no genres listed)
431,Howl's Moving Castle (2004),(no genres listed)
432,Hidden Figures (2016),(no genres listed)
433,Your Name. (2016),(no genres listed)
434,The Greatest Showman (2017),(no genres listed)
435,Cars (2006),(no genres listed)
436,Harry Potter and the Goblet of Fire (2005),(no genres listed)
437,Klaus (2019),(no genres listed)
438,The Conjuring (2013),(no genres listed)
439,Alice in Wonderland (2010),(no genres listed)
440,Song of the Sea (2014),(no genres listed)
441,Juno (2007),(no genres listed)
442,Tangled (2010),(no genres listed)
443,The Florida Project (2017),(no genres listed)
444,The Craft (1996),(no genres listed)
445,Don't Worry Darling (2022),(no genres listed)
446,Bones and All (2022),(no genres listed)
447,"Red, White & Royal Blue (2023)",(no genres listed)
448,HIM (2025),(no genres listed)
449,The Woman in Cabin 10 (2025),(no genres listed)
450,A Quiet Place: Day One (2024),(no genres listed)
451,Bodies Bodies Bodies (2022),(no genres listed)
452,Black Phone 2 (2025),(no genres listed)
453,Birds of Prey (and the Fantabulous Emancipation of One Harley Quinn) (2020),(no genres listed)
454,Squid Game (2021),(no genres listed)
455,It Chapter Two (2019),(no genres listed)
456,The Platform (2019),(no genres listed)
457,The Suicide Squad (2021),(no genres listed)
458,Emma. (2020),(no genres listed)
459,A Quiet Place Part II (2020),(no genres listed)
460,Cruella (2021),(no genres listed)
461,The Black Phone (2021),(no genres listed)
462,Old (2021),(no genres listed)
463,In the Tall Grass (2019),(no genres listed)
464,Frozen II (2019),(no genres listed)
465,Luca (2021),(no genres listed)
466,Fear Street: 1994 (2021),(no genres listed)
467,Spider-Man,(no genres listed)
468,The Game (1997),(no genres listed)
469,Zodiac (2007),(no genres listed)
470,Mortal Kombat II,(no genres listed)
471,The Hobbit: An Unexpected Journey (2012),(no genres listed)
472,The Magnificent Seven (2016),(no genres listed)
473,The Last Duel (2021),(no genres listed)
474,Death Proof (2007),(no genres listed)
475,The Hateful Eight (2015),(no genres listed)
476,The Hobbit: The Battle of the Five Armies (2014),(no genres listed)
477,The Hobbit: The Desolation of Smaug (2013),(no genres listed)
478,"Love, Death & Robots: Can't Stop (2025)",(no genres listed)
479,King Kong (2005),(no genres listed)
480,The Wind Rises (2013),(no genres listed)
481,Apex (2026),(no genres listed)
482,"Love, Death & Robots: Bad Travelling (2022)",(no genres listed)
483,Jupiter Ascending (2015),(no genres listed)
484,Star Wars: The Last Jedi (2017),(no genres listed)
485,The Last Voyage of the Demeter (2023),(no genres listed)
486,Tales from Earthsea (2006),(no genres listed)
487,From Up on Poppy Hill (2011),(no genres listed)
488,I Saw the Devil (2010),(no genres listed)
489,Snowpiercer (2013),(no genres listed)
490,The Irishman (2019),(no genres listed)
491,The Nice Guys (2016),(no genres listed)
492,Mortal Kombat II (2026),(no genres listed)
493,The Host (2006),(no genres listed)
494,Entergalactic,(no genres listed)
495,Spy Kids (2001),(no genres listed)
496,Neon Genesis Evangelion (1995),(no genres listed)
497,Entergalactic (2022),(no genres listed)
498,TRON: Ares (2025),(no genres listed)
499,Texas Chainsaw Massacre (2022),(no genres listed)
500,Sing 2 (2021),(no genres listed)
501,Fantastic Beasts: The Secrets of Dumbledore (2022),(no genres listed)
502,Napoleon (2023),(no genres listed)
503,Lilo & Stitch (2025),(no genres listed)
504,Road House (2024),(no genres listed)
505,The Nun II (2023),(no genres listed)
506,Saw X (2023),(no genres listed)
507,Iron Lung (2026),(no genres listed)
508,Demon Slayer: Kimetsu no Yaiba Infinity Castle (2025),(no genres listed)
509,Obi-Wan Kenobi (2022),(no genres listed)
510,Kneecap (2024),(no genres listed)
511,The King's Man (2021),(no genres listed)
512,Creed III (2023),(no genres listed)
513,A Man Called Otto (2022),(no genres listed)
514,Terrifier 2 (2022),(no genres listed)
515,Trap (2024),(no genres listed)
516,"I, Tonya (2017)",(no genres listed)
517,Split (2016),(no genres listed)
518,Incredibles 2 (2018),(no genres listed)
519,Moana (2016),(no genres listed)
520,Logan (2017),(no genres listed)
521,Isle of Dogs (2018),(no genres listed)
522,The Lego Batman Movie (2017),(no genres listed)
523,Ready Player One (2018),(no genres listed)
524,Deadpool 2 (2018),(no genres listed)
525,Suicide Squad (2016),(no genres listed)
526,Star Wars: The Rise of Skywalker (2019),(no genres listed)
527,Zootopia 2,(no genres listed)
528,Captain Marvel (2019),(no genres listed)
529,Venom (2018),(no genres listed)
530,Kiki's Delivery Service (1989),(no genres listed)
531,10 Things I Hate About You (1999),(no genres listed)
532,Fantastic Planet (1973),(no genres listed)
533,Braveheart (1995),(no genres listed)
534,Neon Genesis Evangelion: The End of Evangelion (1997),(no genres listed)
535,Thirteen (2003),(no genres listed)
536,Princess Mononoke (1997),(no genres listed)
537,Perfect Blue (1997),(no genres listed)
538,The Virgin Suicides (1999),(no genres listed)
539,The Queen's Gambit (2020),(no genres listed)
540,Sinners,(no genres listed)
541,American Beauty (1999),(no genres listed)
542,The Green Mile (1999),(no genres listed)
543,The Lobster (2015),(no genres listed)
544,Frances Ha (2012),(no genres listed)
545,The Pianist (2002),(no genres listed)
546,"Girl, Interrupted (1999)",(no genres listed)
547,The Sixth Sense (1999),(no genres listed)
548,The Godfather Part II (1974),(no genres listed)
549,Notting Hill (1999),(no genres listed)
550,City of God (2002),(no genres listed)
551,Gladiator (2000),(no genres listed)
552,Mulholland Drive (2001),(no genres listed)
553,Amélie (2001),(no genres listed)
554,"Monsters, Inc. (2001)",(no genres listed)
555,Shrek (2001),(no genres listed)
556,Ocean's Eleven (2001),(no genres listed)
557,The Great Gatsby (2013),(no genres listed)
558,The Incredibles (2004),(no genres listed)
559,Pirates of the Caribbean: The Curse of the Black Pearl (2003),(no genres listed)
560,Harry Potter and the Half-Blood Prince (2009),(no genres listed)
561,Zootopia (2016),(no genres listed)
562,Big Hero 6 (2014),(no genres listed)
563,Frozen (2013),(no genres listed)
564,Harry Potter and the Chamber of Secrets (2002),(no genres listed)
565,Ponyo (2008),(no genres listed)
566,Harry Potter and the Order of the Phoenix (2007),(no genres listed)
567,12 Angry Men (1957),(no genres listed)
568,Apocalypse Now (1979),(no genres listed)
569,Lady Vengeance (2005),(no genres listed)
570,GoodFellas (1990),(no genres listed)
571,There Will Be Blood (2007),(no genres listed)
572,La Haine (1995),(no genres listed)
573,Oldboy (2003),(no genres listed)
574,The Lord of the Rings: The Return of the King (2003),(no genres listed)
575,Heat (1995),(no genres listed)
576,2001: A Space Odyssey (1968),(no genres listed)
577,First They Killed My Father (2017),(no genres listed)
578,Thirteen,(no genres listed)
579,The Mitchells vs. the Machines (2021),(no genres listed)
580,The Guardians of the Galaxy Holiday Special (2022),(no genres listed)
581,The Grinch (2018),(no genres listed)
582,Godzilla × Kong: The New Empire (2024),(no genres listed)
583,Wendell & Wild (2022),(no genres listed)
584,Venom: Let There Be Carnage (2021),(no genres listed)
585,Venom: The Last Dance (2024),(no genres listed)
586,Brightburn (2019),(no genres listed)
587,Bird Box (2018),(no genres listed)
588,Smiling Friends (2020),(no genres listed)
589,Five Nights at Freddy's 2,(no genres listed)
590,Aquaman (2018),(no genres listed)
591,Shazam! (2019),(no genres listed)
592,Black Widow (2021),(no genres listed)
593,Ant-Man and the Wasp (2018),(no genres listed)
594,Night Patrol (2025),(no genres listed)
595,Look Back (2024),(no genres listed)
596,They Cloned Tyrone (2023),(no genres listed)
597,Baby Reindeer (2024),(no genres listed)
598,Evangelion: 3.0+1.0 Thrice Upon a Time (2021),(no genres listed)
599,Godzilla vs. Kong (2021),(no genres listed)
600,Chainsaw Man – The Movie: Reze Arc (2025),(no genres listed)
601,The Avengers,(no genres listed)
602,The Prince of Egypt,(no genres listed)
603,The Prince of Egypt (1998),(no genres listed)
604,White Chicks (2004),(no genres listed)
605,The Martian (2015),(no genres listed)
606,The Witch (2015),(no genres listed)
607,Rogue One: A Star Wars Story (2016),(no genres listed)
608,Iron Man (2008),(no genres listed)
609,Superbad (2007),(no genres listed)
610,Toy Story 3 (2010),(no genres listed)
611,The Hangover (2009),(no genres listed)
612,Iron Man 2 (2010),(no genres listed)
613,Spider-Man 3 (2007),(no genres listed)
614,Good Will Hunting,(no genres listed)
615,The Godfather,(no genres listed)
616,Star Wars (1977),(no genres listed)
617,Titanic (1997),(no genres listed)
618,Back to the Future (1985),(no genres listed)
619,Scream (1996),(no genres listed)
620,Home Alone (1990),(no genres listed)
621,Vivarium (2019),(no genres listed)
622,Terrifier (2016),(no genres listed)
623,Miss Peregrine's Home for Peculiar Children (2016),(no genres listed)
624,Kubo and the Two Strings (2016),(no genres listed)
625,Hacksaw Ridge (2016),(no genres listed)
626,"Love, Simon (2018)",(no genres listed)
627,Possum (2018),(no genres listed)
628,A Quiet Place (2018),(no genres listed)
629,Mamma Mia! Here We Go Again (2018),(no genres listed)
630,Kingsman: The Golden Circle (2017),(no genres listed)
631,Run (2020),(no genres listed)
632,Bo Burnham: Inside (2021),(no genres listed)
633,Booksmart (2019),(no genres listed)
634,Solo: A Star Wars Story (2018),(no genres listed)
635,Nomadland (2020),(no genres listed)
636,Fall (2022),(no genres listed)
637,Fantastic Beasts and Where to Find Them (2016),(no genres listed)
638,The Edge of Seventeen (2016),(no genres listed)
639,The Autopsy of Jane Doe (2016),(no genres listed)
640,Missing Link (2019),(no genres listed)
641,Last Night in Soho (2021),(no genres listed)
642,Finding Dory (2016),(no genres listed)
643,Death of a Unicorn (2025),(no genres listed)
644,Annihilation (2018),(no genres listed)
645,Ocean's Eight (2018),(no genres listed)
646,The Haunting of Hill House (2018),(no genres listed)
647,Together (2025),(no genres listed)
648,"Three Billboards Outside Ebbing, Missouri (2017)",(no genres listed)
649,The Wrong Trousers,(no genres listed)
650,How the Grinch Stole Christmas,(no genres listed)
651,Gladiator,(no genres listed)
652,Jurassic Park (1993),(no genres listed)
653,Thor (2011),(no genres listed)
654,The Big Short (2015),(no genres listed)
655,21 Jump Street (2012),(no genres listed)
656,Kingsman: The Secret Service (2014),(no genres listed)
657,The Amazing Spider-Man 2 (2014),(no genres listed)
658,The Revenant (2015),(no genres listed)
659,The Lego Movie (2014),(no genres listed)
660,The Princess Bride,(no genres listed)
661,The Princess Bride (1987),(no genres listed)
662,The Sheep Detectives,(no genres listed)
663,Life of Brian (1979),(no genres listed)
664,Platoon (1986),(no genres listed)
665,Wallace & Gromit: Vengeance Most Fowl (2024),(no genres listed)
666,The Life of Chuck (2024),(no genres listed)
667,Society of the Snow (2023),(no genres listed)
668,Jurassic World Dominion (2022),(no genres listed)
669,Minions: The Rise of Gru (2022),(no genres listed)
670,Air (2023),(no genres listed)
671,A Haunting in Venice (2023),(no genres listed)
672,Enola Holmes 2 (2022),(no genres listed)
673,Moon Knight (2022),(no genres listed)
674,How to Train Your Dragon (2025),(no genres listed)
675,Warfare (2025),(no genres listed)
676,Love Hard (2021),(no genres listed)
677,The Vow (2012),(no genres listed)
678,The Hating Game (2021),(no genres listed)
679,Beating Hearts (2024),(no genres listed)
680,My Oxford Year (2025),(no genres listed)
681,All the Bright Places (2020),(no genres listed)
682,Purple Hearts (2022),(no genres listed)
683,It Ends with Us (2024),(no genres listed)
684,Marriage Story (2019),(no genres listed)
685,Where the Crawdads Sing (2022),(no genres listed)
686,Now You See Me: Now You Don't (2025),(no genres listed)
687,The Map That Leads to You (2025),(no genres listed)
688,Yesterday (2019),(no genres listed)
689,A Star Is Born (2018),(no genres listed)
690,Five Feet Apart (2019),(no genres listed)
691,Toy Story 4 (2019),(no genres listed)
692,John Wick: Chapter 3 – Parabellum (2019),(no genres listed)
693,World War Z,(no genres listed)
694,The Amazing Spider-Man 2,(no genres listed)
695,The Shawshank Redemption,(no genres listed)
696,Black Clover: Sword of the Wizard King (2023),(no genres listed)
697,Spirited Away,(no genres listed)
698,Hoppers,(no genres listed)
699,Pokémon Detective Pikachu (2019),(no genres listed)
700,WandaVision (2021),(no genres listed)
701,Zack Snyder's Justice League (2021),(no genres listed)
702,Loki (2021),(no genres listed)
703,Raya and the Last Dragon (2021),(no genres listed)
704,The Flash (2023),(no genres listed)
705,Wonder Woman 1984 (2020),(no genres listed)
706,Fantastic Beasts: The Crimes of Grindelwald (2018),(no genres listed)
707,Ralph Breaks the Internet (2018),(no genres listed)
708,Onward (2020),(no genres listed)
709,Obsession,(no genres listed)
710,Fear Street: 1978 (2021),(no genres listed)
711,Blink Twice (2024),(no genres listed)
712,Honey Don't! (2025),(no genres listed)
713,The Invisible Man (2020),(no genres listed)
714,BEEF (2023),(no genres listed)
715,I Know What You Did Last Summer (2025),(no genres listed)
716,Dracula (2025),(no genres listed)
717,The Idea of You (2024),(no genres listed)
718,Thrash (2026),(no genres listed)
719,Return to Silent Hill (2026),(no genres listed)
720,The Lighthouse (2019),(no genres listed)
721,Black Panther,(no genres listed)
722,The Hunger Games,(no genres listed)
723,Inside Out 2,(no genres listed)
724,Memories of Murder (2003),(no genres listed)
725,Scream,(no genres listed)
726,Romeo + Juliet (1996),(no genres listed)
727,Natural Born Killers (1994),(no genres listed)
728,Top Gun (1986),(no genres listed)
729,The Texas Chain Saw Massacre (1974),(no genres listed)
730,The Empire Strikes Back (1980),(no genres listed)
731,Ladies First,(no genres listed)
732,Ladies First (2026),(no genres listed)
733,Star Wars: Episode I – The Phantom Menace (1999),(no genres listed)
734,Scream 3 (2000),(no genres listed)
735,Hokum (2026),(no genres listed)
736,The Royal Tenenbaums (2001),(no genres listed)
737,Secretary (2002),(no genres listed)
738,Inglourious Basterds,(no genres listed)
739,Drive,(no genres listed)
740,The Lord of the Rings: The Two Towers (2002),(no genres listed)
741,Spider-Man 2 (2004),(no genres listed)
742,Batman Begins (2005),(no genres listed)
743,Kill Bill: Vol. 2 (2004),(no genres listed)
744,KPop Demon Hunters,(no genres listed)
745,Magic Mike's Last Dance (2023),(no genres listed)
746,Presence (2024),(no genres listed)
747,My Old Ass (2024),(no genres listed)
748,Dìdi (弟弟) (2024),(no genres listed)
749,Babygirl (2024),(no genres listed)
750,Sanctuary (2022),(no genres listed)
751,You People (2023),(no genres listed)
752,A Different Man (2024),(no genres listed)
753,A Real Pain (2024),(no genres listed)
754,Urchin (2025),(no genres listed)
755,A Nice Indian Boy (2024),(no genres listed)
756,"Oh, Hi! (2025)",(no genres listed)
757,Jane Austen Wrecked My Life (2024),(no genres listed)
758,Bridget Jones: Mad About the Boy (2025),(no genres listed)
759,Triangle of Sadness (2022),(no genres listed)
760,Problemista (2023),(no genres listed)
761,La Chimera (2023),(no genres listed)
762,"Sorry, Baby (2025)",(no genres listed)
763,Scrapper (2023),(no genres listed)
764,Broker (2022),(no genres listed)
765,Femme (2023),(no genres listed)
766,See How They Run (2022),(no genres listed)
767,Black Bag (2025),(no genres listed)
768,The Twilight Saga: New Moon,(no genres listed)
769,Brave (2012),(no genres listed)
770,The Twilight Saga: New Moon (2009),(no genres listed)
771,"tick, tick... BOOM! (2021)",(no genres listed)
772,Stranger Things 5: The Finale,(no genres listed)
773,Final Destination Bloodlines (2025),(no genres listed)
774,Mamma Mia!,(no genres listed)
775,Chernobyl (2019),(no genres listed)
776,Chernobyl,(no genres listed)
777,Castle in the Sky (1986),(no genres listed)
778,Band of Brothers (2001),(no genres listed)
779,Enola Holmes (2020),(no genres listed)
780,Ant-Man (2015),(no genres listed)
781,The Hunger Games: Mockingjay – Part 2 (2015),(no genres listed)
782,War Dogs (2016),(no genres listed)
783,A Man Called Ove (2015),(no genres listed)
784,My Life as a Zucchini (2016),(no genres listed)
785,The Princess and the Frog (2009),(no genres listed)
786,The Secret Life of Walter Mitty (2013),(no genres listed)
787,Life of Pi (2012),(no genres listed)
788,The Hunt (2012),(no genres listed)
789,Shoplifters (2018),(no genres listed)
790,The Bucket List (2007),(no genres listed)
791,Submarine (2010),(no genres listed)
792,In Bruges (2008),(no genres listed)
793,Hachi: A Dog's Tale (2009),(no genres listed)
794,Hot Fuzz (2007),(no genres listed)
795,V for Vendetta (2005),(no genres listed)
796,Kung Fu Panda (2008),(no genres listed)
797,Pan's Labyrinth (2006),(no genres listed)
798,Mary and Max (2009),(no genres listed)
799,Corpse Bride (2005),(no genres listed)
800,Persepolis (2007),(no genres listed)
801,Paprika (2006),(no genres listed)
802,The Intouchables (2011),(no genres listed)
803,Casino Royale (2006),(no genres listed)
804,Midnight in Paris (2011),(no genres listed)
805,Brokeback Mountain (2005),(no genres listed)
806,Bugonia,(no genres listed)
807,Fight Club,(no genres listed)
808,Frankenstein,(no genres listed)
809,Moonlight,(no genres listed)
810,Ghost in the Shell (1995),(no genres listed)
811,The Nightmare Before Christmas (1993),(no genres listed)
812,Aladdin (1992),(no genres listed)
813,The Princess Diaries (2001),(no genres listed)
814,Furious 7 (2015),(no genres listed)
815,American Sniper (2014),(no genres listed)
816,The Accountant (2016),(no genres listed)
817,Creed (2015),(no genres listed)
818,Spotlight (2015),(no genres listed)
819,Southpaw (2015),(no genres listed)
820,I Swear (2025),(no genres listed)
821,Apex,(no genres listed)
822,Focus (2015),(no genres listed)
823,Nobody (2021),(no genres listed)
824,The Marvels (2023),(no genres listed)
825,The Gentlemen (2019),(no genres listed)
826,Creed II (2018),(no genres listed)
827,Halloween (2018),(no genres listed)
828,Peaky Blinders: The Immortal Man (2026),(no genres listed)
829,John Wick: Chapter 2 (2017),(no genres listed)
830,Wind River (2017),(no genres listed)
831,Star Wars,(no genres listed)
832,Raiders of the Lost Ark,(no genres listed)
833,Batman Begins,(no genres listed)
834,Five Nights at Freddy's,(no genres listed)
835,Weapons,(no genres listed)
836,Uncharted (2022),(no genres listed)
837,Until Dawn (2025),(no genres listed)
838,The Ugly Stepsister (2025),(no genres listed)
839,Fractured (2019),(no genres listed)
840,Catch Me If You Can,(no genres listed)
841,Wake Up Dead Man,(no genres listed)
842,To All the Boys I've Loved Before (2018),(no genres listed)
843,Goyo: The Boy General (2018),(no genres listed)
844,Barcelona: A Love Untold (2016),(no genres listed)
845,Seven Sundays (2017),(no genres listed)
846,Love You to the Stars and Back (2017),(no genres listed)
847,My Ex & Whys (2017),(no genres listed)
848,"I'm Drunk, I Love You (2017)",(no genres listed)
849,Kontrabida Academy (2025),(no genres listed)
850,The Hows of Us (2018),(no genres listed)
851,Nocebo (2022),(no genres listed)
852,Alone/Together (2019),(no genres listed)
853,Miracle in Cell No. 7 (2019),(no genres listed)
854,Fan Girl (2020),(no genres listed)
855,Four Sisters Before the Wedding (2020),(no genres listed)
856,I Love Lizzy (2023),(no genres listed)
857,Bar Boys (2017),(no genres listed)
858,Lolo and the Kid (2024),(no genres listed)
859,Mallari (2023),(no genres listed)
860,GomBurZa (2023),(no genres listed)
861,My Future You (2024),(no genres listed)
862,The Delivery Rider (2025),(no genres listed)
863,Sunshine (2024),(no genres listed)
864,And the Breadwinner Is... (2024),(no genres listed)
865,Green Bones (2024),(no genres listed)
866,Uninvited (2024),(no genres listed)
867,The Kingdom (2024),(no genres listed)
868,Everyone Knows Every Juan (2025),(no genres listed)
869,18th Rose (2026),(no genres listed)
870,The Girl Allergic to Wi-Fi (2018),(no genres listed)
871,Me Before You (2016),(no genres listed)
872,Heneral Luna (2015),(no genres listed)
873,Rewind (2023),(no genres listed)
874,Justice League (2017),(no genres listed)
875,Wreck-It Ralph (2012),(no genres listed)
876,Mission: Impossible – Rogue Nation (2015),(no genres listed)
877,Mission: Impossible – Ghost Protocol (2011),(no genres listed)
878,Jujutsu Kaisen 0 (2021),(no genres listed)
879,Nuremberg,(no genres listed)
880,X-Men: Days of Future Past (2014),(no genres listed)
881,Nuremberg (2025),(no genres listed)
882,The Exorcist: Believer (2023),(no genres listed)
883,Moneyball (2011),(no genres listed)
884,F9 (2021),(no genres listed)
885,Fast & Furious Presents: Hobbs & Shaw (2019),(no genres listed)
886,Ford v Ferrari (2019),(no genres listed)
887,Mobile Suit Gundam Hathaway (2021),(no genres listed)
888,Fast X (2023),(no genres listed)
889,Mobile Suit Gundam GQuuuuuuX -Beginning- (2025),(no genres listed)
890,Morbius (2022),(no genres listed)
891,Transformers One (2024),(no genres listed)
892,Madame Web (2024),(no genres listed)
893,Sicario: Day of the Soldado (2018),(no genres listed)
894,Bumblebee (2018),(no genres listed)
895,Transformers: Rise of the Beasts (2023),(no genres listed)
896,The Devil Wears Prada,(no genres listed)
897,The Emperor's New Groove (2000),(no genres listed)
898,Game Night (2018),(no genres listed)
899,Wonder (2017),(no genres listed)
900,Jumanji: Welcome to the Jungle (2017),(no genres listed)
901,Eighth Grade (2018),(no genres listed)
902,Do Revenge (2022),(no genres listed)
903,Beauty and the Beast (2017),(no genres listed)
904,Okja (2017),(no genres listed)
905,Twisters (2024),(no genres listed)
906,Woman of the Hour (2023),(no genres listed)
907,The Shape of Water (2017),(no genres listed)
908,Hamilton (2020),(no genres listed)
909,Now You See Me 2 (2016),(no genres listed)
910,West Side Story (2021),(no genres listed)
911,Rocketman (2019),(no genres listed)
912,Mean Girls (2024),(no genres listed)
913,Lady Bird,(no genres listed)
914,The Secret in Their Eyes (2009),(no genres listed)
915,The Secret in Their Eyes,(no genres listed)
916,La Dolce Vita (1960),(no genres listed)
917,Incendies (2010),(no genres listed)
918,Midsommar,(no genres listed)
919,Anna Karenina (2012),(no genres listed)
920,Emma.,(no genres listed)
921,Blonde (2022),(no genres listed)
922,DAHMER - Monster: The Jeffrey Dahmer Story (2022),(no genres listed)
923,Malcolm & Marie (2021),(no genres listed)
924,Euphoria: Trouble Don't Last Always (2020),(no genres listed)
925,Bridgerton - The Afterparty (2021),(no genres listed)
926,To All the Boys: Always and Forever (2021),(no genres listed)
927,The Tearsmith (2024),(no genres listed)
928,May December (2023),(no genres listed)
929,The Fabelmans (2022),(no genres listed)
930,My Fault (2023),(no genres listed)
931,Queen Charlotte: A Bridgerton Story (2023),(no genres listed)
932,Aquaman and the Lost Kingdom (2023),(no genres listed)
933,HIS & HERS (2026),(no genres listed)
934,The Thursday Murder Club (2025),(no genres listed)
935,Zero Day (2025),(no genres listed)
936,A Family Affair (2024),(no genres listed)
937,Steve (2025),(no genres listed)
938,Uglies (2024),(no genres listed)
939,You Are So Not Invited to My Bat Mitzvah (2023),(no genres listed)
940,Despicable Me 4 (2024),(no genres listed)
941,Your Fault (2024),(no genres listed)
942,One Day (2024),(no genres listed)
943,Murder Mystery 2 (2023),(no genres listed)
944,The Pale Blue Eye (2022),(no genres listed)
945,Tenet,(no genres listed)
946,A Fistful of Dollars (1964),(no genres listed)
947,For a Few Dollars More (1965),(no genres listed)
948,Grave of the Fireflies (1988),(no genres listed)
949,Jackie Brown (1997),(no genres listed)
950,Reservoir Dogs (1992),(no genres listed)
951,Schindler's List (1993),(no genres listed)
952,Grindhouse (2007),(no genres listed)
953,"The Good, the Bad and the Ugly (1966)",(no genres listed)
954,The Departed (2006),(no genres listed)
955,Fantastic Mr. Fox,(no genres listed)
956,mother! (2017),(no genres listed)
957,Megamind (2010),(no genres listed)
958,Iron Man 3 (2013),(no genres listed)
959,Despicable Me (2010),(no genres listed)
960,The Favourite (2018),(no genres listed)
961,mid90s (2018),(no genres listed)
962,Sunset Boulevard (1950),(no genres listed)
963,Everything Everywhere All at Once,(no genres listed)
964,The Silence of the Lambs,(no genres listed)
965,Twilight,(no genres listed)
966,Requiem for a Dream (2000),(no genres listed)
967,Toy Story (1995),(no genres listed)
968,Toy Story,(no genres listed)
969,Soul,(no genres listed)
970,Joker,(no genres listed)
971,No Country for Old Men,(no genres listed)
972,The Summit of the Gods (2021),(no genres listed)
973,Rockstar (2011),(no genres listed)
974,Lucy (2014),(no genres listed)
975,Tau (2018),(no genres listed)
976,Sonic the Hedgehog (2020),(no genres listed)
977,Coherence (2013),(no genres listed)
978,Project X (2012),(no genres listed)
979,Pad Man (2018),(no genres listed)
980,Enemy (2013),(no genres listed)
981,Rush (2013),(no genres listed)
982,World War Z (2013),(no genres listed)
983,PK (2014),(no genres listed)
984,Godzilla: King of the Monsters (2019),(no genres listed)
985,Qala (2022),(no genres listed)
986,Train to Busan (2016),(no genres listed)
987,Kung Fu Panda 3 (2016),(no genres listed)
988,Captain Fantastic (2016),(no genres listed)
989,Barfi! (2012),(no genres listed)
990,The Dictator (2012),(no genres listed)
991,Fury (2014),(no genres listed)
992,Pig (2021),(no genres listed)
993,A Silent Voice: The Movie (2016),(no genres listed)
994,Dangal (2016),(no genres listed)
995,The Amazing Spider-Man,(no genres listed)
996,The Hobbit: An Unexpected Journey,(no genres listed)
997,Ice Age (2002),(no genres listed)
998,Monsters University (2013),(no genres listed)
999,Us,(no genres listed)
1000,Avengers: Endgame,(no genres listed)
1001,Cars 3 (2017),(no genres listed)
1002,Spider-Man: Brand New Day,(no genres listed)
1003,The Secret Agent (2025),(no genres listed)
1004,Feel the Beat (2020),(no genres listed)
1005,The Fate of the Furious (2017),(no genres listed)
1006,Spider-Man: Brand New Day (2026),(no genres listed)
1007,180 (2026),(no genres listed)
1008,Karate Kid: Legends (2025),(no genres listed)
1009,Bad Boys for Life (2020),(no genres listed)
1010,Let Him Go (2020),(no genres listed)
1011,The Hangover Part III (2013),(no genres listed)
1012,Cloud 9 (2014),(no genres listed)
1013,The Expendables 3 (2014),(no genres listed)
1014,Silver Linings Playbook (2012),(no genres listed)
1015,The Father (2020),(no genres listed)
1016,Teen Beach 2 (2015),(no genres listed)
1017,Teen Beach Movie (2013),(no genres listed)
1018,Bad Boys: Ride or Die (2024),(no genres listed)
1019,The Predator (2018),(no genres listed)
1020,Fast & Furious 6 (2013),(no genres listed)
1021,Doctor Sleep (2019),(no genres listed)
1022,Sweeney Todd: The Demon Barber of Fleet Street (2007),(no genres listed)
1023,Chainsaw Man (2022),(no genres listed)
1024,Aladdin (2019),(no genres listed)
1025,How to Train Your Dragon: The Hidden World (2019),(no genres listed)
1026,Charlie and the Chocolate Factory,(no genres listed)
1027,She's the Man,(no genres listed)
1028,She's the Man (2006),(no genres listed)
1029,Donnie Darko,(no genres listed)
1030,American Gangster (2007),(no genres listed)
1031,Scarface (1983),(no genres listed)
1032,The Equalizer 2 (2018),(no genres listed)
1033,Limitless (2011),(no genres listed)
1034,Just Go with It (2011),(no genres listed)
1035,The Expendables (2010),(no genres listed)
1036,Grown Ups (2010),(no genres listed)
1037,The Book of Eli (2010),(no genres listed)
1038,The Mechanic (2011),(no genres listed)
1039,Margin Call (2011),(no genres listed)
1040,Sin City: A Dame to Kill For (2014),(no genres listed)
1041,Step Brothers (2008),(no genres listed)
1042,The Hurt Locker (2008),(no genres listed)
1043,Transporter 3 (2008),(no genres listed)
1044,Gran Torino (2008),(no genres listed)
1045,Law Abiding Citizen (2009),(no genres listed)
1046,Warrior (2011),(no genres listed)
1047,Zero Dark Thirty (2012),(no genres listed)
1048,Homefront (2013),(no genres listed)
1049,Parker (2013),(no genres listed)
1050,Grown Ups 2 (2013),(no genres listed)
1051,Mechanic: Resurrection (2016),(no genres listed)
1052,Wrath of Man (2021),(no genres listed)
1053,Blended (2014),(no genres listed)
1054,The Equalizer (2014),(no genres listed)
1055,Flight (2012),(no genres listed)
1056,Jack and Jill (2011),(no genres listed)
1057,Anchorman 2: The Legend Continues (2013),(no genres listed)
1058,The Expendables 2 (2012),(no genres listed)
1059,The Bourne Legacy (2012),(no genres listed)
1060,Unstoppable (2010),(no genres listed)
1061,Legend (2015),(no genres listed)
1062,Saw II,(no genres listed)
1063,Dog Day Afternoon,(no genres listed)
1064,Django Unchained,(no genres listed)
1065,Murder on the Orient Express (2017),(no genres listed)
1066,The Farewell (2019),(no genres listed)
1067,Under the Silver Lake (2018),(no genres listed)
1068,My Octopus Teacher (2020),(no genres listed)
1069,Compartment No. 6 (2021),(no genres listed)
1070,"The French Dispatch of the Liberty, Kansas Evening Sun (2021)",(no genres listed)
1071,Dallas Buyers Club (2013),(no genres listed)
1072,White Boy Rick (2018),(no genres listed)
1073,The Death of Stalin (2017),(no genres listed)
1074,King Arthur: Legend of the Sword (2017),(no genres listed)
1075,Into the Woods (2014),(no genres listed)
1076,Ex Machina (2015),(no genres listed)
1077,Tangerine (2015),(no genres listed)
1078,Black Mass (2015),(no genres listed)
1079,The Jungle Book (2016),(no genres listed)
1080,The Wailing (2016),(no genres listed)
1081,When Marnie Was There (2014),(no genres listed)
1082,Fallen Leaves (2023),(no genres listed)
1083,Nouvelle Vague (2025),(no genres listed)
1084,12 Years a Slave (2013),(no genres listed)
1085,My Father's Shadow (2025),(no genres listed)
1086,Kill Bill: Vol. 1,(no genres listed)
1087,The Prestige,(no genres listed)
1088,Saving Private Ryan (1998),(no genres listed)
1089,I Am Sam (2001),(no genres listed)
1090,The Number 23 (2007),(no genres listed)
1091,HAIKYU!! The Dumpster Battle (2024),(no genres listed)
1092,Bring Her Back (2025),(no genres listed)
1093,Mulan (1998),(no genres listed)
1094,The Lion King (1994),(no genres listed)
1095,Sideways (2004),(no genres listed)
1096,Chronicle (2012),(no genres listed)
1097,Psycho (1960),(no genres listed)
1098,Himizu (2011),(no genres listed)
1099,Spencer (2021),(no genres listed)
1100,The Velvet Underground (2021),(no genres listed)
1101,On the Beach at Night Alone (2017),(no genres listed)
1102,The Master (2012),(no genres listed)
1103,Evangelion: 3.0 You Can (Not) Redo (2012),(no genres listed)
1104,Stoker (2013),(no genres listed)
1105,The Tale of The Princess Kaguya (2013),(no genres listed)
1106,Nymphomaniac: Vol. II (2013),(no genres listed)
1107,Inherent Vice (2014),(no genres listed)
1108,Helter Skelter (2012),(no genres listed)
1109,The Handmaiden (2016),(no genres listed)
1110,Good Time (2017),(no genres listed)
1111,Asako I & II (2018),(no genres listed)
1112,Evil Does Not Exist (2023),(no genres listed)
1113,The House That Jack Built (2018),(no genres listed)
1114,Nirvanna the Band the Show the Movie (2025),(no genres listed)
1115,The Novelist's Film (2022),(no genres listed)
1116,Licorice Pizza (2021),(no genres listed)
1117,"It's Never Over, Jeff Buckley (2025)",(no genres listed)
1118,A Traveler's Needs (2024),(no genres listed)
1119,Elf (2003),(no genres listed)
1120,Die Hard (1988),(no genres listed)
1121,School of Rock (2003),(no genres listed)
1122,Back to the Future Part II (1989),(no genres listed)
1123,Grease (1978),(no genres listed)
1124,Return of the Jedi (1983),(no genres listed)
1125,Raiders of the Lost Ark (1981),(no genres listed)
1126,Shaun of the Dead (2004),(no genres listed)
1127,Apollo 13 (1995),(no genres listed)
1128,Dirty Harry (1971),(no genres listed)
1129,Apocalypto (2006),(no genres listed)
1130,Dead Poets Society,(no genres listed)
1131,Before Sunrise (1995),(no genres listed)
1132,You've Got Mail (1998),(no genres listed)
1133,Deadpool & Wolverine,(no genres listed)
1134,The Hot Chick (2002),(no genres listed)
1135,Ip Man 2 (2010),(no genres listed)
1136,Rocky IV,(no genres listed)
1137,Rocky IV (1985),(no genres listed)
1138,Rocky II (1979),(no genres listed)
1139,Lovely Runner (2024),(no genres listed)
1140,20th Century Girl (2022),(no genres listed)
1141,18x2 Beyond Youthful Days (2024),(no genres listed)
1142,Even If This Love Disappears Tonight (2025),(no genres listed)
1143,Rental Family (2025),(no genres listed)
1144,Drawing Closer (2024),(no genres listed)
1145,Demon Slayer -Kimetsu no Yaiba- The Movie: Mugen Train (2020),(no genres listed)
1146,When Life Gives You Tangerines (2025),(no genres listed)
1147,Queen of Tears (2024),(no genres listed)
1148,Twenty Five Twenty One (2022),(no genres listed)
1149,Weathering with You (2019),(no genres listed)
1150,It's Okay to Not Be Okay (2020),(no genres listed)
1151,Ip Man 4: The Finale (2019),(no genres listed)
1152,Crash Landing on You (2019),(no genres listed)
1153,Challengers,(no genres listed)
1154,Mad Max: Fury Road,(no genres listed)
1155,Love & Other Drugs (2010),(no genres listed)
1156,Blue Valentine (2010),(no genres listed)
1157,Ballerina (2025),(no genres listed)
1158,One Battle After Another,(no genres listed)
1159,The Social Dilemma (2020),(no genres listed)
1160,The Incredible Hulk (2008),(no genres listed)
1161,Portrait of a Lady on Fire,(no genres listed)
1162,Guardians of the Galaxy,(no genres listed)
1163,Iron Man 3,(no genres listed)
1164,Back to the Outback (2021),(no genres listed)
1165,The Stranger,(no genres listed)
1166,Vinland Saga (2019),(no genres listed)
1167,Attack on Titan The Final Chapters: Special 2 (2023),(no genres listed)
1168,Attack on Titan: THE LAST ATTACK (2024),(no genres listed)
1169,The Stranger (2025),(no genres listed)
1170,Chainsaw Man – The Movie: Reze Arc,(no genres listed)
1171,Legally Blonde (2001),(no genres listed)
1172,CJ7 (2008),(no genres listed)
1173,La La Land,(no genres listed)
1174,A Cinderella Story (2004),(no genres listed)
1175,Dear Evan Hansen (2021),(no genres listed)
1176,Wild Child (2008),(no genres listed)
1177,Disturbia (2007),(no genres listed)
1178,Vacation (2015),(no genres listed)
1179,We're the Millers (2013),(no genres listed)
1180,Tinker Bell and the Great Fairy Rescue (2010),(no genres listed)
1181,Freaky Friday (2003),(no genres listed)
1182,Crazy Rich Asians (2018),(no genres listed)
1183,Clueless (1995),(no genres listed)
1184,Beau Is Afraid (2023),(no genres listed)
1185,The Conjuring: Last Rites,(no genres listed)
1186,Pirates of the Caribbean: At World's End (2007),(no genres listed)
1187,Dhurandhar The Revenge,(no genres listed)
1188,The Conjuring: The Devil Made Me Do It (2021),(no genres listed)
1189,Pirates of the Caribbean: Dead Man's Chest (2006),(no genres listed)
1190,Pirates of the Caribbean: Dead Men Tell No Tales (2017),(no genres listed)
1191,Dhurandhar (2025),(no genres listed)
1192,Dhurandhar The Revenge (2026),(no genres listed)
1193,Pirates of the Caribbean: On Stranger Tides (2011),(no genres listed)
1194,The Conjuring 2 (2016),(no genres listed)
1195,The Mask (1994),(no genres listed)
1196,The Mask,(no genres listed)
1197,Lee Cronin's The Mummy (2026),(no genres listed)
1198,Passenger,(no genres listed)
1199,Swapped (2026),(no genres listed)
1200,Passenger (2026),(no genres listed)
1201,American Psycho,(no genres listed)
1202,My Neighbor Totoro,(no genres listed)
1203,Waves (2019),(no genres listed)
1204,Wonder Woman (2017),(no genres listed)
1205,The Fantastic 4: First Steps,(no genres listed)
1206,Jurassic World: Fallen Kingdom (2018),(no genres listed)
1207,Night at the Museum: Secret of the Tomb (2014),(no genres listed)
1208,At Eternity's Gate (2018),(no genres listed)
1209,The Woman King (2022),(no genres listed)
1210,Edward Scissorhands,(no genres listed)
1211,The Banshees of Inisherin,(no genres listed)
1212,Isle of Dogs,(no genres listed)
1213,El Camino: A Breaking Bad Movie,(no genres listed)
1214,Hustle (2022),(no genres listed)
1215,King Richard (2021),(no genres listed)
1216,Space Jam: A New Legacy (2021),(no genres listed)
1217,Murder Mystery (2019),(no genres listed)
1218,Spies in Disguise (2019),(no genres listed)
1219,Hotel Transylvania (2012),(no genres listed)
1220,El Camino: A Breaking Bad Movie (2019),(no genres listed)
1221,Hotel Transylvania 2 (2015),(no genres listed)
1222,Pixels (2015),(no genres listed)
1223,Eddie the Eagle (2015),(no genres listed)
1224,Hotel Transylvania 3: Summer Vacation (2018),(no genres listed)
1225,Mission: Impossible – Fallout (2018),(no genres listed)
1226,Whiplash,(no genres listed)
1227,Ted (2012),(no genres listed)
1228,The 40 Year Old Virgin (2005),(no genres listed)
1229,Tetris (2023),(no genres listed)
1230,Coach Carter (2005),(no genres listed)
1231,The Terminal (2004),(no genres listed)
1232,Snatch (2000),(no genres listed)
1233,The Big Lebowski (1998),(no genres listed)
1234,Collateral (2004),(no genres listed)
1235,Predestination (2014),(no genres listed)
1236,Ted 2 (2015),(no genres listed)
1237,The Intern (2015),(no genres listed)
1238,Burnt (2015),(no genres listed)
1239,Lamborghini: The Man Behind the Legend (2022),(no genres listed)
1240,The Outfit (2022),(no genres listed)
1241,Man of Steel (2013),(no genres listed)
1242,Pain & Gain (2013),(no genres listed)
1243,The Devil's Advocate (1997),(no genres listed)
1244,Watchmen,(no genres listed)
1245,Oldboy,(no genres listed)
1246,Parasite,(no genres listed)
1247,Aquamarine (2006),(no genres listed)
1248,Carol (2015),(no genres listed)
1249,Mean Girls 2 (2011),(no genres listed)
1250,Snow White and the Seven Dwarfs (1937),(no genres listed)
1251,We Need to Talk About Kevin (2011),(no genres listed)
1252,Incantation (2022),(no genres listed)
1253,The Parent Trap (1998),(no genres listed)
1254,Green Book,(no genres listed)
1255,Little Amélie or the Character of Rain (2025),(no genres listed)
1256,Shōgun (2024),(no genres listed)
1257,BLUE EYE SAMURAI (2023),(no genres listed)
1258,American Fiction (2023),(no genres listed)
1259,The Mastermind (2025),(no genres listed)
1260,I'm Still Here (2024),(no genres listed)
1261,The Lord of the Rings: The War of the Rohirrim (2024),(no genres listed)
1262,Death on the Nile (2022),(no genres listed)
1263,Sin City,(no genres listed)
1264,I Swear,(no genres listed)
1265,The Substance,(no genres listed)
1266,Memento,(no genres listed)
1267,Pretty Woman (1990),(no genres listed)
1268,Matilda (1996),(no genres listed)
1269,Possession (1981),(no genres listed)
1270,Paddington (2014),(no genres listed)
1271,Mysterious Skin (2004),(no genres listed)
1272,Withnail & I,(no genres listed)
1273,Volver (2006),(no genres listed)
1274,Still Walking (2008),(no genres listed)
1275,"Lust, Caution (2007)",(no genres listed)
1276,Coffee and Cigarettes (2003),(no genres listed)
1277,Reprise (2006),(no genres listed)
1278,T2 Trainspotting (2017),(no genres listed)
1279,Queer (2024),(no genres listed)
1280,Peter Hujar's Day (2025),(no genres listed)
1281,The Talented Mr. Ripley (1999),(no genres listed)
1282,Inland Empire (2006),(no genres listed)
1283,The Hand of God (2021),(no genres listed)
1284,Another Round (2020),(no genres listed)
1285,First Cow (2019),(no genres listed)
1286,A Rainy Day in New York (2019),(no genres listed)
1287,Cloud (2024),(no genres listed)
1288,Parthenope (2024),(no genres listed)
1289,Coup de Chance (2023),(no genres listed)
1290,The Beast (2023),(no genres listed)
1291,Café Society (2016),(no genres listed)
1292,The Great Beauty (2013),(no genres listed)
1293,"Oslo, August 31st (2011)",(no genres listed)
1294,In the Mood for Love (2000),(no genres listed)
1295,Vicky Cristina Barcelona (2008),(no genres listed)
1296,Laurence Anyways (2012),(no genres listed)
1297,How to Train Your Dragon,(no genres listed)
1298,Monster (2023),(no genres listed)
1299,Regretting You (2025),(no genres listed)
1300,Close (2022),(no genres listed)
1301,Rush Hour (1998),(no genres listed)
1302,Rush Hour 3 (2007),(no genres listed)
1303,Rush Hour 2 (2001),(no genres listed)
1304,The Help (2011),(no genres listed)
1305,Eyes Wide Shut (1999),(no genres listed)
1306,Bridge to Terabithia (2007),(no genres listed)
1307,28 Years Later: The Bone Temple,(no genres listed)
1308,Shutter Island,(no genres listed)
1309,The Perks of Being a Wallflower,(no genres listed)
1310,Prisoners,(no genres listed)
1311,Latin Blood – The Ballad of Ney Matogrosso,(no genres listed)
1312,Latin Blood – The Ballad of Ney Matogrosso (2025),(no genres listed)
1313,Spider-Man: Beyond the Spider-Verse,(no genres listed)
1314,The Glory (2022),(no genres listed)
1315,Spider-Man: Beyond the Spider-Verse (2027),(no genres listed)
1316,The Help,(no genres listed)
1317,Shrek 2,(no genres listed)
1318,Shrek 2 (2004),(no genres listed)
1319,Mortal Kombat (2021),(no genres listed)
1320,Call Me by Your Name,(no genres listed)
1321,The Family Plan 2 (2025),(no genres listed)
1322,The Beekeeper (2024),(no genres listed)
1323,The King (2019),(no genres listed)
1324,A Working Man (2025),(no genres listed)
1325,Spy (2015),(no genres listed)
1326,Under the Skin (2013),(no genres listed)
1327,Escape Plan (2013),(no genres listed)
1328,The Family Plan (2023),(no genres listed)
1329,Kick-Ass 2 (2013),(no genres listed)
1330,Jack Reacher (2012),(no genres listed)
1331,American Made (2017),(no genres listed)
1332,The Place Beyond the Pines (2012),(no genres listed)
1333,Wolfs (2024),(no genres listed)
1334,A Ghost Story (2017),(no genres listed)
1335,Moonrise Kingdom,(no genres listed)
1336,The Monkey (2025),(no genres listed)
1337,Speak No Evil,(no genres listed)
1338,The Mist (2007),(no genres listed)
1339,28 Days Later (2002),(no genres listed)
1340,Halloween (1978),(no genres listed)
1341,The Rocky Horror Picture Show (1975),(no genres listed)
1342,Over the Garden Wall (2014),(no genres listed)
1343,Zombieland (2009),(no genres listed)
1344,My Neighbor Totoro (1988),(no genres listed)
1345,Inception,(no genres listed)
1346,2 Fast 2 Furious (2003),(no genres listed)
1347,"The Rise of the Red Hot Chili Peppers: Our Brother, Hillel (2026)",(no genres listed)
1348,Gen V - Prime Premiere (2023),(no genres listed)
1349,The Fast and the Furious: Tokyo Drift (2006),(no genres listed)
1350,Fargo (1996),(no genres listed)
1351,Fast Five (2011),(no genres listed)
1352,Cars 2 (2011),(no genres listed)
1353,The Day of the Jackal (2024),(no genres listed)
1354,Fast & Furious (2009),(no genres listed)
1355,Love Lies Bleeding,(no genres listed)
1356,Fresh (2022),(no genres listed)
1357,Sharp Objects (2018),(no genres listed)
1358,The Crash,(no genres listed)
1359,The Crash (2026),(no genres listed)
1360,Monster: The Ed Gein Story (2025),(no genres listed)
1361,American Mary (2012),(no genres listed)
1362,Lisa Frankenstein (2024),(no genres listed)
1363,Candyman (2021),(no genres listed)
1364,A Girl Walks Home Alone at Night (2014),(no genres listed)
1365,Raw (2016),(no genres listed)
1366,Bulbbul (2020),(no genres listed)
1367,Zola (2020),(no genres listed)
1368,BEEF,(no genres listed)
1369,Coach Carter,(no genres listed)
1370,Hannibal (2001),(no genres listed)
1371,Donnie Brasco (1997),(no genres listed)
1372,Public Enemies (2009),(no genres listed)
1373,Edward Scissorhands (1990),(no genres listed)
1374,Meet Joe Black (1998),(no genres listed)
1375,The Assassination of Jesse James by the Coward Robert Ford (2007),(no genres listed)
1376,Tinker Tailor Soldier Spy (2011),(no genres listed)
1377,Triangle (2009),(no genres listed)
1378,Monster House (2006),(no genres listed)
1379,Midnight Sun (2018),(no genres listed)
1380,All the Bright Places,(no genres listed)
1381,Saw III (2006),(no genres listed)
1382,The Nun (2018),(no genres listed)
1383,Saw II (2005),(no genres listed)
1384,The Twilight Saga: Eclipse (2010),(no genres listed)
1385,The Visit (2015),(no genres listed)
1386,Thanksgiving (2023),(no genres listed)
1387,The Purge (2013),(no genres listed)
1388,The Twilight Saga: Breaking Dawn – Part 2 (2012),(no genres listed)
1389,Halloween Kills (2021),(no genres listed)
1390,Saw (2004),(no genres listed)
1391,Annabelle (2014),(no genres listed)
1392,The Blair Witch Project (1999),(no genres listed)
1393,The Twilight Saga: Breaking Dawn – Part 1 (2011),(no genres listed)
1394,The Ritual (2017),(no genres listed)
1395,300 (2006),(no genres listed)
1396,Troy (2004),(no genres listed)
1397,Kingdom of Heaven (2005),(no genres listed)
1398,Norbit (2007),(no genres listed)
1399,Gladiator II,(no genres listed)
1400,Spider-Man: Far From Home,(no genres listed)
1401,Thor: The Dark World (2013),(no genres listed)
1402,Wonder Man (2026),(no genres listed)
1403,Ironheart (2025),(no genres listed)
1404,The Crow (1994),(no genres listed)
1405,The Punisher: One Last Kill (2026),(no genres listed)
1406,E.T. the Extra-Terrestrial,(no genres listed)
1407,The Quiet Son (2024),(no genres listed)
1408,Whispers in the Woods (2025),(no genres listed)
1409,Meet the Barbarians (2024),(no genres listed)
1410,Arco (2025),(no genres listed)
1411,Love Is Overrated (2025),(no genres listed)
1412,The Great Arch (2025),(no genres listed)
1413,Enzo (2025),(no genres listed)
1414,A House of Dynamite (2025),(no genres listed)
1415,The Little Sister (2025),(no genres listed)
1416,Connemara (2025),(no genres listed)
1417,The Most Precious of Cargoes (2024),(no genres listed)
1418,The Rays and Shadows (2026),(no genres listed)
1419,Nino (2025),(no genres listed)
1420,The Ties That Bind Us (2024),(no genres listed)
1421,The Rays and Shadows,(no genres listed)
1422,Paris 2024 Olympic Opening Ceremony (2024),(no genres listed)
1423,Mr. Scorsese (2025),(no genres listed)
1424,Case 137 (2025),(no genres listed)
1425,Couture (2025),(no genres listed)
1426,Psycho,(no genres listed)
1427,Dreams,(no genres listed)
1428,The Last Dance (2020),(no genres listed)
1429,Attack on Titan: Chronicle (2020),(no genres listed)
1430,GOAT (2026),(no genres listed)
1431,Coraline,(no genres listed)
1432,The Thing (1982),(no genres listed)
1433,The Bride! (2026),(no genres listed)
1434,Dream Scenario (2023),(no genres listed)
1435,Friendship (2024),(no genres listed)
1436,Marcel the Shell with Shoes On (2021),(no genres listed)
1437,Anora,(no genres listed)
1438,If I Had Legs I'd Kick You,(no genres listed)
1439,Two Distant Strangers (2020),(no genres listed)
1440,District 9 (2009),(no genres listed)
1441,Sausage Party (2016),(no genres listed)
1442,The Giver (2014),(no genres listed)
1443,Rise of the Planet of the Apes (2011),(no genres listed)
1444,Nefarious (2023),(no genres listed)
1445,Monsters vs Aliens (2009),(no genres listed)
1446,Poison (2023),(no genres listed)
1447,The House (2022),(no genres listed)
1448,It's What's Inside (2024),(no genres listed)
1449,10 Cloverfield Lane (2016),(no genres listed)
1450,The Guilty (2021),(no genres listed)
1451,In the Grey,(no genres listed)
1452,Cloudy with a Chance of Meatballs (2009),(no genres listed)
1453,Sorry to Bother You (2018),(no genres listed)
1454,All Quiet on the Western Front,(no genres listed)
1455,Jaws (1975),(no genres listed)
1456,Beetlejuice (1988),(no genres listed)
1457,Alien (1979),(no genres listed)
1458,The Descent,(no genres listed)
1459,TRON: Legacy (2010),(no genres listed)
1460,The Mummy,(no genres listed)
1461,The Mummy (1999),(no genres listed)
1462,Terminator 2: Judgment Day (1991),(no genres listed)
1463,Billie Eilish — Hit Me Hard and Soft: The Tour (Live in 3D),(no genres listed)
1464,Hell of a Summer (2023),(no genres listed)
1465,The Passenger (2023),(no genres listed)
1466,Primate (2025),(no genres listed)
1467,Terrifier 3 (2024),(no genres listed)
1468,Freaky Tales (2024),(no genres listed)
1469,Thelma (2024),(no genres listed)
1470,Strange Darling (2023),(no genres listed)
1471,Abigail (2024),(no genres listed)
1472,Good Boy (2025),(no genres listed)
1473,Heart Eyes (2025),(no genres listed)
1474,Shazam! Fury of the Gods (2023),(no genres listed)
1475,"Silent Night, Deadly Night (2025)",(no genres listed)
1476,Novocaine (2025),(no genres listed)
1477,Get Away (2024),(no genres listed)
1478,Billie Eilish — Hit Me Hard and Soft: The Tour (Live in 3D) (2026),(no genres listed)
1479,Twenty One Pilots: More Than We Ever Imagined (2026),(no genres listed)
1480,Sacramento (2024),(no genres listed)
1481,Ready or Not 2: Here I Come (2026),(no genres listed)
1482,It Ends (2025),(no genres listed)
1483,The Pursuit of Happyness,(no genres listed)
1484,Ad Astra (2019),(no genres listed)
1485,The Pursuit of Happyness (2006),(no genres listed)
1486,I Am Legend (2007),(no genres listed)
1487,Mr. & Mrs. Smith (2005),(no genres listed)
1488,Better Days,(no genres listed)
1489,Better Days (2019),(no genres listed)
1490,Divergent (2014),(no genres listed)
1491,Fireworks (2023),(no genres listed)
1492,Happiness (2021),(no genres listed)
1493,The Crowded Room (2023),(no genres listed)
1494,Watcher (2022),(no genres listed)
1495,See You in My 19th Life (2023),(no genres listed)
1496,Business Proposal (2022),(no genres listed)
1497,All of Us Are Dead (2022),(no genres listed)
1498,Redeeming Love (2022),(no genres listed)
1499,Weak Hero (2022),(no genres listed)
1500,My Name Is Loh Kiwan (2024),(no genres listed)
1501,Dormitory (2023),(no genres listed)
1502,A Killer Paradox (2024),(no genres listed)
1503,King the Land (2023),(no genres listed)
1504,All of Us Strangers (2023),(no genres listed)
1505,Kutsal Damacana 4 (2023),(no genres listed)
1506,The Lost Boys (2023),(no genres listed)
1507,Bloodhounds (2023),(no genres listed)
1508,Revenge of Others (2022),(no genres listed)
1509,Destined with You (2023),(no genres listed)
1510,Bad and Crazy (2021),(no genres listed)
1511,On Swift Horses (2024),(no genres listed)
1512,The Judge from Hell (2024),(no genres listed)
1513,Love In The Big City (2024),(no genres listed)
1514,Burning Days (2022),(no genres listed)
1515,10DANCE (2025),(no genres listed)
1516,Brick (2025),(no genres listed)
1517,Young Hearts (2024),(no genres listed)
1518,The Narrow Road to the Deep North (2025),(no genres listed)
1519,Shelter (2026),(no genres listed)
1520,My Fault: London (2025),(no genres listed)
1521,Christmas Carol (2022),(no genres listed)
1522,The Gorge (2025),(no genres listed)
1523,Aşk Sadece Bir An (2025),(no genres listed)
1524,The Notebook,(no genres listed)
1525,To the Bone,(no genres listed)
1526,Time Cut (2024),(no genres listed)
1527,Escape Room: Tournament of Champions (2021),(no genres listed)
1528,The Map of Tiny Perfect Things (2021),(no genres listed)
1529,Girl from Nowhere: The Reset (2026),(no genres listed)
1530,Tin & Tina (2023),(no genres listed)
1531,Behind Her Eyes (2021),(no genres listed)
1532,Horse Girl (2020),(no genres listed)
1533,Dear Child (2023),(no genres listed)
1534,Escape Room (2019),(no genres listed)
1535,Palm Springs (2020),(no genres listed)
1536,Hypnotic (2021),(no genres listed)
1537,The Platform 2 (2024),(no genres listed)
1538,If Wishes Could Kill (2026),(no genres listed)
1539,Mufasa: The Lion King (2024),(no genres listed)
1540,Leave the World Behind (2023),(no genres listed)
1541,To All the Boys: P.S. I Still Love You (2020),(no genres listed)
1542,The Lion King (2019),(no genres listed)
1543,Awake (2021),(no genres listed)
1544,Sherlock Holmes: A Game of Shadows,(no genres listed)
1545,Reservoir Dogs,(no genres listed)
1546,Sherlock Holmes (2009),(no genres listed)
1547,The Lincoln Lawyer (2011),(no genres listed)
1548,Quantum of Solace (2008),(no genres listed)
1549,Sherlock Holmes: A Game of Shadows (2011),(no genres listed)
1550,Oblivion (2013),(no genres listed)
1551,You Don't Mess with the Zohan (2008),(no genres listed)
1552,The Darjeeling Limited (2007),(no genres listed)
1553,The Ministry of Ungentlemanly Warfare (2024),(no genres listed)
1554,Despicable Me 3 (2017),(no genres listed)
1555,Bronson (2008),(no genres listed)
1556,Peaky Blinders: The Immortal Man,(no genres listed)
1557,Ocean's Thirteen (2007),(no genres listed)
1558,Despicable Me 2 (2013),(no genres listed)
1559,The Gentlemen,(no genres listed)
1560,Oppenheimer,(no genres listed)
1561,The Godfather Part II,(no genres listed)
1562,Dazed and Confused,(no genres listed)
1563,Maleficent: Mistress of Evil (2019),(no genres listed)
1564,Infinity Pool (2023),(no genres listed)
1565,Summer of 85 (2020),(no genres listed)
1566,The Kissing Booth 3 (2021),(no genres listed)
1567,Peter Rabbit 2: The Runaway (2021),(no genres listed)
1568,Euphoria: F*ck Anyone Who’s Not a Sea Blob (2021),(no genres listed)
1569,The Kissing Booth 2 (2020),(no genres listed)
1570,Causeway (2022),(no genres listed)
1571,His Three Daughters (2023),(no genres listed)
1572,The Shape of Water,(no genres listed)
1573,"Paris, Texas (1984)",(no genres listed)
1574,"Paris, Texas",(no genres listed)
1575,Maleficent (2014),(no genres listed)
1576,The Fault in Our Stars (2014),(no genres listed)
1577,National Theatre Live: Fleabag (2019),(no genres listed)
1578,Before Midnight (2013),(no genres listed)
1579,Room (2015),(no genres listed)
1580,Ex Machina,(no genres listed)
1581,Black Mirror: Nosedive (2016),(no genres listed)
1582,The Last Airbender (2010),(no genres listed)
1583,Zombieland: Double Tap (2019),(no genres listed)
1584,Men in Black: International (2019),(no genres listed)
1585,Black Mirror: Bandersnatch (2018),(no genres listed)
1586,Glass (2019),(no genres listed)
1587,"Extremely Wicked, Shockingly Evil and Vile (2019)",(no genres listed)
1588,The Meg (2018),(no genres listed)
1589,Instant Family (2018),(no genres listed)
1590,Big Trouble in Little China (1986),(no genres listed)
1591,Toy Story 2 (1999),(no genres listed)
1592,The Truman Show,(no genres listed)
1593,"Girl, Interrupted",(no genres listed)
1594,Superman,(no genres listed)
1595,Hokum,(no genres listed)
1596,It's a Wonderful Life (1946),(no genres listed)
1597,Princess Mononoke,(no genres listed)
1598,The Life Aquatic with Steve Zissou (2004),(no genres listed)
1599,Charlie and the Chocolate Factory (2005),(no genres listed)
1600,Wuthering Heights,(no genres listed)
1601,Frida (2002),(no genres listed)
1602,Pulp Fiction,(no genres listed)
1603,The SpongeBob SquarePants Movie,(no genres listed)
1604,Penguins of Madagascar (2014),(no genres listed)
1605,Fatherhood (2021),(no genres listed)
1606,Central Intelligence (2016),(no genres listed)
1607,Peter Rabbit (2018),(no genres listed)
1608,The Secret Life of Pets (2016),(no genres listed)
1609,Hubie Halloween (2020),(no genres listed)
1610,Through My Window (2022),(no genres listed)
1611,Minions (2015),(no genres listed)
1612,Jumanji: The Next Level (2019),(no genres listed)
1613,Gran Turismo (2023),(no genres listed)
1614,Batman v Superman: Dawn of Justice (2016),(no genres listed)
1615,The Babysitter (2017),(no genres listed)
1616,Zodiac,(no genres listed)
1617,Dune: Part Two,(no genres listed)
1618,The Girl Next Door (2004),(no genres listed)
1619,Bhavesh Joshi Superhero (2018),(no genres listed)
1620,Fear (1996),(no genres listed)
1621,Thor: Ragnarok,(no genres listed)
1622,Dorian Gray (2009),(no genres listed)
1623,Star Wars: The Clone Wars (2008),(no genres listed)
1624,Barbarian,(no genres listed)
1625,Minority Report (2002),(no genres listed)
1626,Vanilla Sky (2001),(no genres listed)
1627,Jerry Maguire (1996),(no genres listed)
1628,Jerry Maguire,(no genres listed)
1629,Following (1998),(no genres listed)
1630,Constantine (2005),(no genres listed)
1631,Mission: Impossible II (2000),(no genres listed)
1632,Batman Forever (1995),(no genres listed)
1633,Tropic Thunder (2008),(no genres listed)
1634,Mission: Impossible III (2006),(no genres listed)
1635,Rain Man (1988),(no genres listed)
1636,Interview with the Vampire (1994),(no genres listed)
1637,Batman & Robin (1997),(no genres listed)
1638,Road to Perdition (2002),(no genres listed)
1639,Mission: Impossible (1996),(no genres listed)
1640,Insomnia (2002),(no genres listed)
1641,Magnolia (1999),(no genres listed)
1642,Batman Returns (1992),(no genres listed)
1643,Batman (1989),(no genres listed)
1644,Punch-Drunk Love (2002),(no genres listed)
1645,Dune (1984),(no genres listed)
1646,Lost Highway (1997),(no genres listed)
1647,8½ (1963),(no genres listed)
1648,True Romance (1993),(no genres listed)
1649,Adaptation. (2002),(no genres listed)
1650,Dr. Strangelove or: How I Learned to Stop Worrying and Love the Bomb (1964),(no genres listed)
1651,Twin Peaks (1989),(no genres listed)
1652,The Straight Story (1999),(no genres listed)
1653,Eraserhead (1977),(no genres listed)
1654,Full Metal Jacket (1987),(no genres listed)
1655,Yojimbo (1961),(no genres listed)
1656,Wild at Heart (1990),(no genres listed)
1657,The Killing of a Sacred Deer (2017),(no genres listed)
1658,Battle of the Sexes (2017),(no genres listed)
1659,The Battle of Algiers (1966),(no genres listed)
1660,Blue Velvet (1986),(no genres listed)
1661,Cinema Paradiso (1988),(no genres listed)
1662,Adaptation.,(no genres listed)
1663,Mickey 17,(no genres listed)
1664,Citizen Kane,(no genres listed)
1665,Mank (2020),(no genres listed)
1666,Ghostbusters: Frozen Empire (2024),(no genres listed)
1667,Knock at the Cabin (2023),(no genres listed)
1668,Beverly Hills Cop: Axel F (2024),(no genres listed)
1669,Halloween Ends (2022),(no genres listed)
1670,2001: A Space Odyssey,(no genres listed)
1671,The Social Network,(no genres listed)
1672,Scarface,(no genres listed)
1673,The Good Nurse (2022),(no genres listed)
1674,Persuasion (2022),(no genres listed)
1675,Missing (2023),(no genres listed)
1676,Kingdom of the Planet of the Apes (2024),(no genres listed)
1677,Meg 2: The Trench (2023),(no genres listed)
1678,Resident Evil: Welcome to Raccoon City (2021),(no genres listed)
1679,Moxie (2021),(no genres listed)
1680,The New Mutants (2020),(no genres listed)
1681,Kraven the Hunter (2024),(no genres listed)
1682,Fear Street: 1666 (2021),(no genres listed)
1683,The Devil All the Time (2020),(no genres listed)
1684,Ready Player One,(no genres listed)
1685,It Chapter Two,(no genres listed)
1686,6 Underground (2019),(no genres listed)
1687,Scary Stories to Tell in the Dark (2019),(no genres listed)
1688,Gifted (2017),(no genres listed)
1689,Alita: Battle Angel (2019),(no genres listed)
1690,Revenge (2017),(no genres listed)
1691,Fifty Shades Darker (2017),(no genres listed)
1692,Happy Death Day (2017),(no genres listed)
1693,Back to the Future,(no genres listed)
1694,Pan's Labyrinth,(no genres listed)
1695,The Lobster,(no genres listed)
1696,A Walk to Remember (2002),(no genres listed)
1697,Marie Antoinette (2006),(no genres listed)
1698,John Tucker Must Die (2006),(no genres listed)
1699,Three Steps Above Heaven (2010),(no genres listed)
1700,All Her Fault (2025),(no genres listed)
1701,Mr. & Mrs. Smith,(no genres listed)
1702,Green Street Hooligans,(no genres listed)
1703,Nowhere,(no genres listed)
1704,The Fast and the Furious (2001),(no genres listed)
1705,Passengers (2016),(no genres listed)
1706,I See You (2019),(no genres listed)
1707,3096 Days (2013),(no genres listed)
1708,Nowhere (2023),(no genres listed)
1709,Green Street Hooligans (2005),(no genres listed)
1710,Ikiru,(no genres listed)
1711,Ikiru (1952),(no genres listed)
1712,Red One (2024),(no genres listed)
1713,Amsterdam (2022),(no genres listed)
1714,Hit Man (2023),(no genres listed)
1715,One of Them Days (2025),(no genres listed)
1716,Argylle (2024),(no genres listed)
1717,Rebel Ridge (2024),(no genres listed)
1718,Cocaine Bear (2023),(no genres listed)
1719,Tropic Thunder,(no genres listed)
1720,"Love, Death & Robots: Three Robots: Exit Strategies (2022)",(no genres listed)
1721,"Love, Death & Robots: Close Encounters of the Mini Kind (2025)",(no genres listed)
1722,Don't Move (2024),(no genres listed)
1723,Monsters: The Lyle and Erik Menendez Story (2024),(no genres listed)
1724,"Love, Death & Robots: For He Can Creep (2025)",(no genres listed)
1725,undertone (2025),(no genres listed)
1726,"Love, Death & Robots: Jibaro (2022)",(no genres listed)
1727,Faces of Death (2026),(no genres listed)
1728,"Love, Death & Robots: The Other Large Thing (2025)",(no genres listed)
1729,"Love, Death & Robots: How Zeke Got Religion (2025)",(no genres listed)
1730,In a Violent Nature (2024),(no genres listed)
1731,Wayward (2025),(no genres listed)
1732,When Evil Lurks (2023),(no genres listed)
1733,Crime 101 (2026),(no genres listed)
1734,"Love, Death & Robots: Mason's Rats (2022)",(no genres listed)
1735,Something Very Bad Is Going to Happen (2026),(no genres listed)
1736,"Love, Death & Robots: Smart Appliances, Stupid Owners (2025)",(no genres listed)
1737,"Love, Death & Robots: Night of the Mini Dead (2022)",(no genres listed)
1738,Cuckoo (2024),(no genres listed)
1739,Lee Cronin's The Mummy,(no genres listed)
1740,Godzilla,(no genres listed)
1741,Heat,(no genres listed)
1742,How the Grinch Stole Christmas (2000),(no genres listed)
1743,(500) Days of Summer,(no genres listed)
1744,Hacksaw Ridge,(no genres listed)
1745,The Breakfast Club (1985),(no genres listed)
1746,The Edge of Seventeen,(no genres listed)
1747,Confessions of a Shopaholic (2009),(no genres listed)
1748,Black Swan,(no genres listed)
1749,Rocky (1976),(no genres listed)
1750,Friends with Benefits (2011),(no genres listed)
1751,End of Watch (2012),(no genres listed)
1752,Pitch Perfect 2 (2015),(no genres listed)
1753,Pitch Perfect 3 (2017),(no genres listed)
1754,Brother Bear (2003),(no genres listed)
1755,Remember the Titans (2000),(no genres listed)
1756,Rocky III (1982),(no genres listed)
1757,Casablanca (1942),(no genres listed)
1758,Rear Window (1954),(no genres listed)
1759,Lawrence of Arabia (1962),(no genres listed)
1760,The Elephant Man (1980),(no genres listed)
1761,Ran (1985),(no genres listed)
1762,Das Boot (1981),(no genres listed)
1763,Chinatown (1974),(no genres listed)
1764,My Suicide (2009),(no genres listed)
1765,The Virgin Suicides,(no genres listed)
1766,Memoir of a Snail (2024),(no genres listed)
1767,In the Heights (2021),(no genres listed)
1768,The Usual Suspects (1995),(no genres listed)
1769,The Naked Gun: From the Files of Police Squad!,(no genres listed)
1770,The Terminator,(no genres listed)
1771,Men (2022),(no genres listed)
1772,If I Had Legs I'd Kick You (2025),(no genres listed)
1773,The Northman,(no genres listed)
1774,Alibi.com 2 (2023),(no genres listed)
1775,The Haunting of Bly Manor (2020),(no genres listed)
1776,The Flame (2020),(no genres listed)
1777,Better Call Saul Presents: Slippin' Jimmy (2022),(no genres listed)
1778,Game of Thrones The IMAX Experience (2015),(no genres listed)
1779,City Hunter (2018),(no genres listed)
1780,Watchmen (2019),(no genres listed)
1781,Unorthodox (2020),(no genres listed)
1782,11.22.63 (2016),(no genres listed)
1783,Goodnight Mommy (2014),(no genres listed)
1784,Sinister 2 (2015),(no genres listed)
1785,Maniac (2018),(no genres listed)
1786,Mr. Robot_dec0d3d.doc (2016),(no genres listed)
1787,1922 (2017),(no genres listed)
1788,A Legend (2024),(no genres listed)
1789,The Whale,(no genres listed)
1790,Easy A (2010),(no genres listed)
1791,Night at the Museum: Battle of the Smithsonian (2009),(no genres listed)
1792,The Proposal (2009),(no genres listed)
1793,The Theory of Everything (2014),(no genres listed)
1794,Before We Go (2014),(no genres listed)
1795,On the Basis of Sex (2018),(no genres listed)
1796,The Woman in the Yard (2025),(no genres listed)
1797,Perfect Blue,(no genres listed)
1798,Love Untangled (2025),(no genres listed)
1799,Twinkling Watermelon (2023),(no genres listed)
1800,The Great Flood (2025),(no genres listed)
1801,"Miraculous: Ladybug & Cat Noir, The Movie (2023)",(no genres listed)
1802,How to Make Millions Before Grandma Dies (2024),(no genres listed)
1803,Soulmate (2023),(no genres listed)
1804,Parasyte: The Grey (2024),(no genres listed)
1805,Duty After School (2023),(no genres listed)
1806,Vivo (2021),(no genres listed)
1807,Lord of the Flies (2026),(no genres listed)
1808,Our Beloved Summer (2021),(no genres listed)
1809,The Little Mermaid (2023),(no genres listed)
1810,Bitch X Rich (2023),(no genres listed)
1811,Strange Harvest (2024),(no genres listed)
1812,Belle (2021),(no genres listed)
1813,Pearl,(no genres listed)
1814,Creep,(no genres listed)
1815,Juno,(no genres listed)
1816,The Lost Boys (1987),(no genres listed)
1817,Citizen Kane (1941),(no genres listed)
1818,The Phantom of the Opera (2004),(no genres listed)
1819,The Great Gatsby,(no genres listed)
1820,Children of Men (2006),(no genres listed)
1821,Clown in a Cornfield (2025),(no genres listed)
1822,Incoming (2024),(no genres listed)
1823,Sidelined: The QB and Me (2024),(no genres listed)
1824,Mercy (2026),(no genres listed)
1825,Black Mirror: Common People (2025),(no genres listed)
1826,M3GAN 2.0 (2025),(no genres listed)
1827,The Strangers: Chapter 3 (2026),(no genres listed)
1828,Snack Shack (2024),(no genres listed)
1829,Black Mirror: USS Callister – Into Infinity (2025),(no genres listed)
1830,Fear Street: Prom Queen (2025),(no genres listed)
1831,Our Fault (2025),(no genres listed)
1832,Whistle (2025),(no genres listed)
1833,The Strangers: Chapter 2 (2025),(no genres listed)
1834,Cold Storage (2026),(no genres listed)
1835,Imaginary (2024),(no genres listed)
1836,The Strangers: Chapter 1 (2024),(no genres listed)
1837,Totally Killer (2023),(no genres listed)
1838,Reminders of Him (2026),(no genres listed)
1839,Black Mirror: Plaything (2025),(no genres listed)
1840,Psycho Killer (2026),(no genres listed)
1841,The Bride!,(no genres listed)
1842,Pride & Prejudice,(no genres listed)
1843,Atonement (2007),(no genres listed)
1844,The Holiday (2006),(no genres listed)
1845,Borat: Cultural Learnings of America for Make Benefit Glorious Nation of Kazakhstan (2006),(no genres listed)
1846,The Karate Kid (2010),(no genres listed)
1847,"Love, Rosie (2014)",(no genres listed)
1848,The King,(no genres listed)
1849,How to Lose a Guy in 10 Days,(no genres listed)
1850,Hamnet,(no genres listed)
1851,Your Name.,(no genres listed)
1852,Kung Fu Panda 2 (2011),(no genres listed)
1853,Hop (2011),(no genres listed)
1854,Ice Age: Continental Drift (2012),(no genres listed)
1855,Summer Wars (2009),(no genres listed)
1856,"Night Is Short, Walk On Girl (2017)",(no genres listed)
1857,How to Train Your Dragon 2 (2014),(no genres listed)
1858,Diary of a Wimpy Kid: Rodrick Rules (2011),(no genres listed)
1859,Flavors of Youth (2018),(no genres listed)
1860,Wolf Children (2012),(no genres listed)
1861,The Garden of Words (2013),(no genres listed)
1862,The Lorax (2012),(no genres listed)
1863,Rio (2011),(no genres listed)
1864,Alvin and the Chipmunks: Chipwrecked (2011),(no genres listed)
1865,Promare (2019),(no genres listed)
1866,Mr. Peabody & Sherman (2014),(no genres listed)
1867,Diary of a Wimpy Kid (2010),(no genres listed)
1868,Paddington 2 (2017),(no genres listed)
1869,Diary of a Wimpy Kid: Dog Days (2012),(no genres listed)
1870,High School Musical 3: Senior Year (2008),(no genres listed)
1871,Alvin and the Chipmunks: The Squeakquel (2009),(no genres listed)
1872,Brick (2005),(no genres listed)
1873,Fallen Angels (1995),(no genres listed)
1874,But I'm a Cheerleader (1999),(no genres listed)
1875,"Crouching Tiger, Hidden Dragon (2000)",(no genres listed)
1876,Boogie Nights (1997),(no genres listed)
1877,Rushmore (1998),(no genres listed)
1878,Chungking Express (1994),(no genres listed)
1879,A Summer's Tale (1996),(no genres listed)
1880,Kill Bill: The Whole Bloody Affair (2004),(no genres listed)
1881,When Harry Met Sally... (1989),(no genres listed)
1882,Blue (2002),(no genres listed)
1883,The Half of It (2020),(no genres listed)
1884,Shiva Baby (2020),(no genres listed)
1885,Days of Being Wild (1990),(no genres listed)
1886,2046 (2004),(no genres listed)
1887,Water Lilies (2007),(no genres listed)
1888,The Green Knight (2021),(no genres listed)
1889,All About Lily Chou-Chou (2001),(no genres listed)
1890,Cure (1997),(no genres listed)
1891,Bottle Rocket (1996),(no genres listed)
1892,Knives Out,(no genres listed)
1893,E.T. the Extra-Terrestrial (1982),(no genres listed)
1894,The Wizard of Oz (1939),(no genres listed)
1895,Cast Away (2000),(no genres listed)
1896,Groundhog Day (1993),(no genres listed)
1897,The Babadook (2014),(no genres listed)
1898,The Ring (2002),(no genres listed)
1899,"The Chronicles of Narnia: The Lion, the Witch and the Wardrobe (2005)",(no genres listed)
1900,Insidious: The Red Door (2023),(no genres listed)
1901,Sinister (2012),(no genres listed)
1902,10 Things I Hate About You,(no genres listed)
1903,JUJUTSU KAISEN (2020),(no genres listed)
1904,Cyberpunk: Edgerunners (2022),(no genres listed)
1905,Agatha All Along (2024),(no genres listed)
1906,Bohemian Rhapsody,(no genres listed)
1907,Thor: Love and Thunder,(no genres listed)
1908,Puss in Boots: The Last Wish,(no genres listed)
1909,50 First Dates (2004),(no genres listed)
1910,Coco,(no genres listed)
1911,To All the Boys I've Loved Before,(no genres listed)
1912,Split,(no genres listed)
1913,21 (2008),(no genres listed)
1914,Van Helsing (2004),(no genres listed)
1915,Werewolf by Night (2022),(no genres listed)
1916,Hocus Pocus 2 (2022),(no genres listed)
1917,Ballerina (2023),(no genres listed)
1918,Boiling Point (2021),(no genres listed)
1919,Nobody 2 (2025),(no genres listed)
1920,A Bronx Tale (1993),(no genres listed)
1921,Happy Gilmore (1996),(no genres listed)
1922,Stand by Me (1986),(no genres listed)
1923,The Hangover Part II (2011),(no genres listed)
1924,Straight Outta Compton (2015),(no genres listed)
1925,The Blind Side (2009),(no genres listed)
1926,Wedding Crashers (2005),(no genres listed)
1927,Boyz n the Hood (1991),(no genres listed)
1928,Never Back Down (2008),(no genres listed)
1929,Training Day (2001),(no genres listed)
1930,Child's Play 2 (1990),(no genres listed)
1931,Tusk (2014),(no genres listed)
1932,Avatar Aang: The Last Airbender (2026),(no genres listed)
1933,Creep 2 (2017),(no genres listed)
1934,Creep (2014),(no genres listed)
1935,Avatar Aang: The Last Airbender,(no genres listed)
1936,Spider-Man: Across the Spider-Verse,(no genres listed)
1937,Now You See Me,(no genres listed)
1938,Blade Runner 2049,(no genres listed)
1939,Anaconda,(no genres listed)
1940,Happy Feet (2006),(no genres listed)
1941,Transformers (2007),(no genres listed)
1942,Madagascar: Escape 2 Africa (2008),(no genres listed)
1943,Speak (2004),(no genres listed)
1944,"Are You There God? It's Me, Margaret. (2023)",(no genres listed)
1945,Final Destination Bloodlines,(no genres listed)
1946,MadS (2024),(no genres listed)
1947,Milk & Serial (2024),(no genres listed)
1948,The Rule of Jenny Pen (2024),(no genres listed)
1949,V/H/S/Beyond (2024),(no genres listed)
1950,The Creep Tapes (2024),(no genres listed)
1951,Bodycam (2025),(no genres listed)
1952,V/H/S/Halloween (2025),(no genres listed)
1953,Beast of War (2025),(no genres listed)
1954,Wasteman (2025),(no genres listed)
1955,Resident Evil Requiem: Evil Has Always Had a Name (2026),(no genres listed)
1956,Neighborhood Watch (2025),(no genres listed)
1957,Retirement Plan (2024),(no genres listed)
1958,Dangerous Animals (2025),(no genres listed)
1959,Dolly (2025),(no genres listed)
1960,Match (2025),(no genres listed)
1961,The Plague (2025),(no genres listed)
1962,Locked (2025),(no genres listed)
1963,Eraserhead,(no genres listed)
1964,Alice in Wonderland (1951),(no genres listed)
1965,The Secret World of Arrietty (2010),(no genres listed)
1966,The Swan (2023),(no genres listed)
1967,The Rat Catcher (2023),(no genres listed)
1968,Kick-Ass (2010),(no genres listed)
1969,Triangle of Sadness,(no genres listed)
1970,Masquerade (2022),(no genres listed)
1971,Yannick (2023),(no genres listed)
1972,The Animal Kingdom (2023),(no genres listed)
1973,Smoking Causes Coughing (2022),(no genres listed)
1974,Christmas with the Tuches (2021),(no genres listed)
1975,Materialists,(no genres listed)
1976,The Blackening (2022),(no genres listed)
1977,Drive-Away Dolls (2024),(no genres listed)
1978,The Bob's Burgers Movie (2022),(no genres listed)
1979,Ready or Not 2: Here I Come,(no genres listed)
1980,IF (2024),(no genres listed)
1981,The Lost City (2022),(no genres listed)
1982,Jackass Forever (2022),(no genres listed)
1983,"Good Luck to You, Leo Grande (2022)",(no genres listed)
1984,Haunted Mansion (2023),(no genres listed)
1985,The Taste of Things (2023),(no genres listed)
1986,Pillion (2025),(no genres listed)
1987,Disenchanted (2022),(no genres listed)
1988,The Ballad of Wallis Island (2025),(no genres listed)
1989,Mrs. Harris Goes to Paris (2022),(no genres listed)
1990,Quiz Lady (2023),(no genres listed)
1991,Return of the Jedi,(no genres listed)
1992,Drive-Away Dolls,(no genres listed)
1993,Glass Onion,(no genres listed)
1994,Ms. Marvel (2022),(no genres listed)
1995,Hawkeye (2021),(no genres listed)
1996,Kaleidoscope (2023),(no genres listed)
1997,Scott Pilgrim Takes Off (2023),(no genres listed)
1998,Migration (2023),(no genres listed)
1999,Adventure Time: Fionna and Cake (2023),(no genres listed)
2000,Secret Invasion (2023),(no genres listed)
2001,Knuckles (2024),(no genres listed)
2002,The Falcon and the Winter Soldier (2021),(no genres listed)
2003,Sweetpea (2024),(no genres listed)
2004,Pizza Movie (2026),(no genres listed)
2005,Love & Other Drugs,(no genres listed)
2006,The Fundamentals of Caring (2016),(no genres listed)
2007,Blue Story (2019),(no genres listed)
2008,The Disaster Artist (2017),(no genres listed)
2009,The Spectacular Now (2013),(no genres listed)
2010,What's Eating Gilbert Grape (1993),(no genres listed)
2011,The King of Staten Island (2020),(no genres listed)
2012,I Origins (2014),(no genres listed)
2013,Office Space (1999),(no genres listed)
2014,Rush,(no genres listed)
2015,The Batman,(no genres listed)
2016,Dreams (1990),(no genres listed)
2017,Hot Milk (2025),(no genres listed)
2018,Nausicaä of the Valley of the Wind (1984),(no genres listed)
2019,Porco Rosso (1992),(no genres listed)
2020,The Girl Who Leapt Through Time (2006),(no genres listed)
2021,Renoir (2025),(no genres listed)
2022,The Chronology of Water (2025),(no genres listed)
2023,Wheel of Fortune and Fantasy (2021),(no genres listed)
2024,Whisper of the Heart (1995),(no genres listed)
2025,The Danish Girl (2015),(no genres listed)
2026,Your Lie in April (2014),(no genres listed)
2027,Home (2015),(no genres listed)
2028,Bubble (2022),(no genres listed)
2029,I Want to Eat Your Pancreas (2018),(no genres listed)
2030,Drifting Home (2022),(no genres listed)
2031,A Whisker Away (2020),(no genres listed)
2032,Rise of the Guardians (2012),(no genres listed)
2033,Pacific Rim (2013),(no genres listed)
2034,Pokémon the Movie: I Choose You! (2017),(no genres listed)
2035,The Emoji Movie (2017),(no genres listed)
2036,"Josee, the Tiger and the Fish (2020)",(no genres listed)
2037,The Penguin Lessons (2024),(no genres listed)
2038,100 METERS (2025),(no genres listed)
2039,Takopi's Original Sin (2025),(no genres listed)
2040,Baby Driver,(no genres listed)
2041,One Crazy Summer: A Look Back at Gravity Falls (2018),(no genres listed)
2042,Wish Dragon (2021),(no genres listed)
2043,Collateral Beauty (2016),(no genres listed)
2044,The Silence (2019),(no genres listed)
2045,Maid (2021),(no genres listed)
2046,The Croods: A New Age (2020),(no genres listed)
2047,The Six Triple Eight (2024),(no genres listed)
2048,Storks (2016),(no genres listed)
2049,The Good Dinosaur (2015),(no genres listed)
2050,The Shining,(no genres listed)
2051,Barbie,(no genres listed)
2052,Labyrinth (1986),(no genres listed)
2053,Poor Things,(no genres listed)
2054,Cado dalle nubi (2009),(no genres listed)
2055,Rocky V (1990),(no genres listed)
2056,X-Men Origins: Wolverine (2009),(no genres listed)
2057,Mrs. Doubtfire (1993),(no genres listed)
2058,Death Note (2006),(no genres listed)
2059,Rocky Balboa (2006),(no genres listed)
2060,The Polar Express (2004),(no genres listed)
2061,Mars Attacks! (1996),(no genres listed)
2062,Life Is Beautiful (1997),(no genres listed)
2063,Taken (2008),(no genres listed)
2064,There's Still Tomorrow (2023),(no genres listed)
2065,Death Parade (2015),(no genres listed)
2066,The Boy with Pink Pants (2024),(no genres listed)
2067,The Lego Movie 2: The Second Part (2019),(no genres listed)
2068,The Forge (2024),(no genres listed)
2069,Scream 7,(no genres listed)
2070,Mussolini: Son of the Century (2024),(no genres listed)
2071,Across the Universe (2007),(no genres listed)
2072,Where the Wild Things Are (2009),(no genres listed)
2073,Where the Wild Things Are,(no genres listed)
2074,Monster High: The Movie (2022),(no genres listed)
2075,Christopher Robin (2018),(no genres listed)
2076,Pet Sematary (2019),(no genres listed)
2077,Good Boy (2022),(no genres listed)
2078,Y2K (2024),(no genres listed)
2079,It Comes at Night (2017),(no genres listed)
2080,The Beatles: Get Back (2021),(no genres listed)
2081,Wolfwalkers (2020),(no genres listed)
2082,Spree (2020),(no genres listed)
2083,Saint Maud (2019),(no genres listed)
2084,Mulan (2020),(no genres listed)
2085,Death Note (2017),(no genres listed)
2086,Skinamarink (2022),(no genres listed)
2087,Monster High: Welcome to Monster High (2016),(no genres listed)
2088,Mortal Engines (2018),(no genres listed)
2089,Trolls (2016),(no genres listed)
2090,Just Mercy (2019),(no genres listed)
2091,Abominable (2019),(no genres listed)
2092,Dumbo (2019),(no genres listed)
2093,The 5th Wave (2016),(no genres listed)
2094,Allegiant (2016),(no genres listed)
2095,Warcraft (2016),(no genres listed)
2096,Alice Through the Looking Glass (2016),(no genres listed)
2097,Sing (2016),(no genres listed)
2098,Annabelle: Creation (2017),(no genres listed)
2099,Mary Poppins Returns (2018),(no genres listed)
2100,The Nutcracker and the Four Realms (2018),(no genres listed)
2101,Young Woman and the Sea (2024),(no genres listed)
2102,Turtles All the Way Down (2024),(no genres listed)
2103,Upgraded (2024),(no genres listed)
2104,Spirited (2022),(no genres listed)
2105,Slumberland (2022),(no genres listed)
2106,The School for Good and Evil (2022),(no genres listed)
2107,Roald Dahl's Matilda the Musical (2022),(no genres listed)
2108,The Boss Baby (2017),(no genres listed)
2109,Cinderella (2021),(no genres listed)
2110,A Wrinkle in Time (2018),(no genres listed)
2111,Home Sweet Home Alone (2021),(no genres listed)
2112,CODA (2021),(no genres listed)
2113,The Trial of the Chicago 7 (2020),(no genres listed)
2114,A Minecraft Movie,(no genres listed)
2115,Shrek Forever After,(no genres listed)
2116,Shrek Forever After (2010),(no genres listed)
2117,You've Got Mail,(no genres listed)
2118,How to Talk to Girls at Parties (2017),(no genres listed)
2119,Marrowbone (2017),(no genres listed)
2120,Kinds of Kindness (2024),(no genres listed)
2121,The Electrical Life of Louis Wain (2021),(no genres listed)
2122,Shrek,(no genres listed)
2123,Incredibles 2,(no genres listed)
2124,Up,(no genres listed)
2125,The Golden Compass (2007),(no genres listed)
2126,"I, Robot (2004)",(no genres listed)
2127,Underworld (2003),(no genres listed)
2128,The Electric State (2025),(no genres listed)
2129,RoboCop (2014),(no genres listed)
2130,Rebel Moon – Part Two: The Scargiver (2024),(no genres listed)
2131,The Croods (2013),(no genres listed)
2132,Elysium (2013),(no genres listed)
2133,The Chronicles of Narnia: The Voyage of the Dawn Treader (2010),(no genres listed)
2134,Atlas (2024),(no genres listed)
2135,The Chronicles of Narnia: Prince Caspian (2008),(no genres listed)
2136,The Matrix Reloaded (2003),(no genres listed)
2137,Rebel Moon – Part One: A Child of Fire (2023),(no genres listed)
2138,Ghost in the Shell (2017),(no genres listed)
2139,Cars 2,(no genres listed)
2140,How to Train Your Dragon 2,(no genres listed)
2141,Harry Potter and the Philosopher's Stone,(no genres listed)
2142,Pacific Rim: Uprising (2018),(no genres listed)
2143,Love & Mercy (2014),(no genres listed)
2144,Zoolander (2001),(no genres listed)
2145,Alice in Wonderland,(no genres listed)
2146,"The Good, the Bad and the Ugly",(no genres listed)
2147,The Peanut Butter Falcon (2019),(no genres listed)
2148,War for the Planet of the Apes (2017),(no genres listed)
2149,The Punisher: One Last Kill,(no genres listed)
2150,Warrior,(no genres listed)
2151,The Sixth Sense,(no genres listed)
2152,Chhichhore (2019),(no genres listed)
2153,Kabhi Khushi Kabhie Gham (2001),(no genres listed)
2154,Swapped,(no genres listed)
2155,Fifty Shades of Grey (2015),(no genres listed)
2156,Little Hearts (2025),(no genres listed)
2157,People We Meet on Vacation,(no genres listed)
2158,Blue Heron (2025),(no genres listed)
2159,The Matrix Revolutions (2003),(no genres listed)
2160,High School Musical (2006),(no genres listed)
2161,The Hunger Games: The Ballad of Songbirds & Snakes,(no genres listed)
2162,Twin Peaks: Fire Walk with Me (1992),(no genres listed)
2163,Twin Peaks: Fire Walk with Me,(no genres listed)
2164,Bram Stoker's Dracula (1992),(no genres listed)
2165,Dracula Untold (2014),(no genres listed)
2166,Rosemary's Baby (1968),(no genres listed)
2167,Buffalo '66 (1998),(no genres listed)
2168,The Cat in the Hat (2003),(no genres listed)
2169,Moulin Rouge! (2001),(no genres listed)
2170,The Love Witch (2016),(no genres listed)
2171,Dark Shadows (2012),(no genres listed)
2172,Suspiria (2018),(no genres listed)
2173,Ghost,(no genres listed)
2174,Avatar Spirits (2010),(no genres listed)
2175,Closer (2004),(no genres listed)
2176,Valentine's Day (2010),(no genres listed)
2177,Julie & Julia (2009),(no genres listed)
2178,Fair Play (2023),(no genres listed)
2179,He's Just Not That Into You (2009),(no genres listed)
2180,Minari (2020),(no genres listed)
2181,Letters to Juliet (2010),(no genres listed)
2182,The Tree of Life (2011),(no genres listed)
2183,The Boy in the Striped Pyjamas (2008),(no genres listed)
2184,Serendipity (2001),(no genres listed)
2185,Nocturnal Animals (2016),(no genres listed)
2186,The Bridges of Madison County,(no genres listed)
2187,Greenland (2020),(no genres listed)
2188,Extraction (2020),(no genres listed)
2189,Cha Cha Real Smooth (2022),(no genres listed)
2190,I Care a Lot (2020),(no genres listed)
2191,First Man (2018),(no genres listed)
2192,On the Count of Three (2021),(no genres listed)
2193,Guy Ritchie's The Covenant (2023),(no genres listed)
2194,The Exorcist (1973),(no genres listed)
2195,Gremlins (1984),(no genres listed)
2196,Sixteen Candles (1984),(no genres listed)
2197,Lolita (1997),(no genres listed)
2198,D.E.B.S. (2004),(no genres listed)
2199,The Addams Family (1991),(no genres listed)
2200,Uptown Girls (2003),(no genres listed)
2201,Uzumaki (2024),(no genres listed)
2202,Watching the Detectives (2007),(no genres listed)
2203,My Cousin Vinny (1992),(no genres listed)
2204,The Little Prince (2015),(no genres listed)
2205,Saving Face (2004),(no genres listed)
2206,Something Very Bad Is Going to Happen,(no genres listed)
2207,Your Name Engraved Herein,(no genres listed)
2208,Me Before You,(no genres listed)
2209,The Breakfast Club,(no genres listed)
2210,Orphan (2009),(no genres listed)
2211,The Others (2001),(no genres listed)
2212,The Curious Case of Benjamin Button (2008),(no genres listed)
2213,3 Idiots (2009),(no genres listed)
2214,3 Idiots,(no genres listed)
2215,Like Stars on Earth (2007),(no genres listed)
2216,Like Stars on Earth,(no genres listed)
2217,Harry Potter and the Prisoner of Azkaban,(no genres listed)
2218,Don't Look Up,(no genres listed)
2219,Demon Slayer: Kimetsu no Yaiba -To the Hashira Training- (2024),(no genres listed)
2220,Dumb and Dumber (1994),(no genres listed)
2221,The Last Samurai (2003),(no genres listed)
2222,Demon Slayer: Kimetsu no Yaiba -To the Swordsmith Village- (2023),(no genres listed)
2223,Kleks Academy (2023),(no genres listed)
2224,Seven Samurai (1954),(no genres listed)
2225,Furioza (2021),(no genres listed)
2226,Demon Slayer: Kimetsu no Yaiba (2019),(no genres listed)
2227,Tarot,(no genres listed)
2228,What We Do in the Shadows,(no genres listed)
2229,Stay,(no genres listed)
2230,Fast Forever,(no genres listed)
2231,Peter Pan & Wendy (2023),(no genres listed)
2232,Ahsoka (2023),(no genres listed)
2233,The Equalizer 3 (2023),(no genres listed)
2234,Expend4bles (2023),(no genres listed)
2235,Ticket to Paradise (2022),(no genres listed)
2236,Toy Story 5 (2026),(no genres listed)
2237,Fast Forever (2028),(no genres listed)
2238,Ambulance (2022),(no genres listed)
2239,Dark Phoenix (2019),(no genres listed)
2240,Lady Chatterley's Lover (2022),(no genres listed)
2241,Rambo: Last Blood (2019),(no genres listed)
2242,John Wick: Chapter 4,(no genres listed)
2243,Operation Fortune: Ruse de Guerre (2023),(no genres listed)
2244,Brothers (2009),(no genres listed)
2245,First Blood (1982),(no genres listed)
2246,Ghosted (2023),(no genres listed)
2247,Extraction 2 (2023),(no genres listed)
2248,Fallen Angels,(no genres listed)
2249,Accused (2026),(no genres listed)
2250,Baramulla (2025),(no genres listed)
2251,A Big Bold Beautiful Journey (2025),(no genres listed)
2252,The Dreadful (2026),(no genres listed)
2253,Subedaar (2026),(no genres listed)
2254,Do Deewane Seher Mein (2026),(no genres listed)
2255,War Machine (2026),(no genres listed)
2256,Assi (2026),(no genres listed)
2257,The Wrecking Crew (2026),(no genres listed)
2258,120 Bahadur (2025),(no genres listed)
2259,Border 2 (2026),(no genres listed)
2260,Happy Patel: Khatarnak Jasoos (2026),(no genres listed)
2261,The Bluff (2026),(no genres listed)
2262,Homebound (2025),(no genres listed)
2263,Ikkis (2026),(no genres listed)
2264,Housefull 5 (2025),(no genres listed)
2265,Toaster (2026),(no genres listed)
2266,O'Romeo (2026),(no genres listed)
2267,War 2 (2025),(no genres listed)
2268,Scarlet (2025),(no genres listed)
2269,Jolly LLB 3 (2025),(no genres listed)
2270,Sitaare Zameen Par (2025),(no genres listed)
2271,Tu Yaa Main (2026),(no genres listed)
2272,The Rajasaab (2026),(no genres listed)
2273,Lokah Chapter 1: Chandra (2025),(no genres listed)
2274,Haq (2025),(no genres listed)
2275,Outcome (2026),(no genres listed)
2276,Forbidden Fruits (2026),(no genres listed)
2277,Raid 2 (2025),(no genres listed)
2278,Vash Level 2 (2025),(no genres listed)
2279,Coolie (2025),(no genres listed)
2280,Birdman or (The Unexpected Virtue of Ignorance),(no genres listed)
2281,How to Make Millions Before Grandma Dies,(no genres listed)
2282,Harakiri,(no genres listed)
2283,Christiane F. (1981),(no genres listed)
2284,Dear Zachary: A Letter to a Son About His Father (2008),(no genres listed)
2285,Nosferatu (1922),(no genres listed)
2286,American History X (1998),(no genres listed)
2287,Saltburn,(no genres listed)
2288,Harakiri (1962),(no genres listed)
2289,Carrie (1976),(no genres listed)
2290,The Seventh Seal (1957),(no genres listed)
2291,Athena (2022),(no genres listed)
2292,The Godfather Part III (1990),(no genres listed)
2293,Casino (1995),(no genres listed)
2294,Red Dragon (2002),(no genres listed)
2295,BLACKPINK: Light Up the Sky (2020),(no genres listed)
2296,Eileen (2023),(no genres listed)
2297,Child Star (2024),(no genres listed)
2298,Sonic the Hedgehog 2,(no genres listed)
2299,Bottoms,(no genres listed)
2300,Do the Right Thing,(no genres listed)
2301,The Fall (2006),(no genres listed)
2302,Let the Right One In (2008),(no genres listed)
2303,Burning (2018),(no genres listed)
2304,Lilo & Stitch (2002),(no genres listed)
2305,The Testament of Ann Lee (2025),(no genres listed)
2306,Napoleon Dynamite (2004),(no genres listed)
2307,Sun and Concrete (2023),(no genres listed)
2308,Do the Right Thing (1989),(no genres listed)
2309,Skyfall (2012),(no genres listed)
2310,Drive My Car,(no genres listed)
2311,The Other Zoey (2023),(no genres listed)
2312,Through My Window: Across the Sea (2023),(no genres listed)
2313,Tell Me Softly (2025),(no genres listed)
2314,Through My Window 3: Looking at You (2024),(no genres listed)
2315,Sidelined 2: Intercepted (2025),(no genres listed)
2316,The Kissing Booth (2018),(no genres listed)
2317,The Trauma Code: Heroes on Call (2025),(no genres listed)
2318,After (2019),(no genres listed)
2319,The Mother (2023),(no genres listed)
2320,The In Between (2022),(no genres listed)
2321,Damsel (2024),(no genres listed)
2322,Beautiful Disaster (2023),(no genres listed)
2323,One Day (2011),(no genres listed)
2324,Perfect Addiction (2023),(no genres listed)
2325,The Idea of You,(no genres listed)
2326,Roommates,(no genres listed)
2327,Hurry Up Tomorrow (2025),(no genres listed)
2328,Smurfs (2025),(no genres listed)
2329,Madea's Destination Wedding (2025),(no genres listed)
2330,STRAW (2025),(no genres listed)
2331,South Park (Not Suitable for Children) (2023),(no genres listed)
2332,Mothers' Instinct (2024),(no genres listed)
2333,South Park: Joining the Panderverse (2023),(no genres listed)
2334,South Park: The End of Obesity (2024),(no genres listed)
2335,Opus (2025),(no genres listed)
2336,Nightbitch (2024),(no genres listed)
2337,Unknown Number: The High School Catfish (2025),(no genres listed)
2338,We Have a Ghost (2023),(no genres listed)
2339,Alkhallat+ (2022),(no genres listed)
2340,Alhamour H.A. (2023),(no genres listed)
2341,Exit 8,(no genres listed)
2342,Moana 2,(no genres listed)
2343,The Maze Runner,(no genres listed)
2344,Into the Blue (2005),(no genres listed)
2345,Gone in Sixty Seconds (2000),(no genres listed)
2346,The Bourne Identity (2002),(no genres listed)
2347,Double Jeopardy (1999),(no genres listed)
2348,Salt (2010),(no genres listed)
2349,The Hunger Games: Sunrise on the Reaping,(no genres listed)
2350,Independence Day (1996),(no genres listed)
2351,Face/Off (1997),(no genres listed)
2352,I Know What You Did Last Summer (1997),(no genres listed)
2353,Red Eye (2005),(no genres listed)
2354,London Has Fallen (2016),(no genres listed)
2355,The Bourne Ultimatum (2007),(no genres listed)
2356,The Hunger Games: Sunrise on the Reaping (2026),(no genres listed)
2357,Men in Black 3 (2012),(no genres listed)
2358,Olympus Has Fallen (2013),(no genres listed)
2359,The Wolf of Wall Street,(no genres listed)
2360,Dexter: New Blood (2021),(no genres listed)
2361,Me Time (2022),(no genres listed)
2362,Fifty Shades Freed (2018),(no genres listed)
2363,Planet Single 2 (2018),(no genres listed)
2364,Triple Frontier (2019),(no genres listed)
2365,Good Fortune (2025),(no genres listed)
2366,Father Stu (2022),(no genres listed)
2367,Vinci 2 (2025),(no genres listed)
2368,Daddy's Home 2 (2017),(no genres listed)
2369,The Unbearable Weight of Massive Talent (2022),(no genres listed)
2370,The Peasants (2023),(no genres listed)
2371,Balls Up (2026),(no genres listed)
2372,Daddio (2023),(no genres listed)
2373,The Station Agent (2003),(no genres listed)
2374,The Piano Teacher (2001),(no genres listed)
2375,Leviathan (2014),(no genres listed)
2376,Amour (2012),(no genres listed)
2377,A History of Violence (2005),(no genres listed)
2378,About Elly (2009),(no genres listed)
2379,Le Havre (2011),(no genres listed)
2380,Paterson (2016),(no genres listed)
2381,Short Term 12 (2013),(no genres listed)
2382,The Lost Daughter (2021),(no genres listed)
2383,Falcon Lake (2022),(no genres listed)
2384,Taste of Cherry (1997),(no genres listed)
2385,The Old Oak (2023),(no genres listed)
2386,Ammonite (2020),(no genres listed)
2387,Demolition (2015),(no genres listed)
2388,The Lord of the Rings: The Fellowship of the Ring,(no genres listed)
2389,Good Omens (2019),(no genres listed)
2390,Louis Theroux: Inside the Manosphere (2026),(no genres listed)
2391,Louis Theroux: Inside the Manosphere,(no genres listed)
2392,Samuel (2024),(no genres listed)
2393,Duel,(no genres listed)
2394,Watchmen (2009),(no genres listed)
2395,"Synecdoche, New York (2008)",(no genres listed)
2396,Ferrari (2023),(no genres listed)
2397,Silence (2016),(no genres listed)
2398,Lincoln (2012),(no genres listed)
2399,The BFG (2016),(no genres listed)
2400,Love (2015),(no genres listed)
2401,Seven Years in Tibet (1997),(no genres listed)
2402,Sleepy Hollow,(no genres listed)
2403,Sleepy Hollow (1999),(no genres listed)
2404,Holidate (2020),(no genres listed)
2405,Trolls World Tour (2020),(no genres listed)
2406,Z-O-M-B-I-E-S 3 (2022),(no genres listed)
2407,Trolls Band Together (2023),(no genres listed)
2408,Star Wars: Episode III – Revenge of the Sith,(no genres listed)
2409,Final Destination 3 (2006),(no genres listed)
2410,The Grudge (2004),(no genres listed)
2411,Final Destination 2 (2003),(no genres listed)
2412,Bullet Train,(no genres listed)
2413,The Neon Demon (2016),(no genres listed)
2414,Percy Jackson & the Olympians: The Lightning Thief (2010),(no genres listed)
2415,The First Frost (2025),(no genres listed)
2416,Ponyo,(no genres listed)
2417,Confessions of a Shopaholic,(no genres listed)
2418,The Empire Strikes Back,(no genres listed)
2419,Always Be My Maybe (2019),(no genres listed)
2420,Dumb Money (2023),(no genres listed)
2421,Plus One (2019),(no genres listed)
2422,Thunderbolts*,(no genres listed)
2423,Remember the Titans,(no genres listed)
2424,Star Wars: The Rise of Skywalker,(no genres listed)
2425,Descendants 3 (2019),(no genres listed)
2426,The Addams Family (2019),(no genres listed)
2427,Descendants: The Rise of Red (2024),(no genres listed)
2428,Ron's Gone Wrong (2021),(no genres listed)
2429,Oh. What. Fun. (2025),(no genres listed)
2430,The Addams Family 2 (2021),(no genres listed)
2431,What Men Want (2019),(no genres listed)
2432,Where the Crawdads Sing,(no genres listed)
2433,Dredd (2012),(no genres listed)
2434,Shark: The Beginning (2021),(no genres listed)
2435,"The Gangster, the Cop, the Devil (2019)",(no genres listed)
2436,Extreme Job (2019),(no genres listed)
2437,Unhinged (2020),(no genres listed)
2438,The Watchers (2024),(no genres listed)
2439,The Outpost (2019),(no genres listed)
2440,Confidential Assignment 2: International (2022),(no genres listed)
2441,Officer Black Belt (2024),(no genres listed)
2442,Escape (2024),(no genres listed)
2443,Following (2024),(no genres listed)
2444,The Roundup: Punishment (2024),(no genres listed)
2445,Brave Citizen (2023),(no genres listed)
2446,Love Reset (2023),(no genres listed)
2447,Peninsula (2020),(no genres listed)
2448,EXIT (2019),(no genres listed)
2449,Army of the Dead (2021),(no genres listed)
2450,The Night Eats the World (2018),(no genres listed)
2451,Angel Has Fallen (2019),(no genres listed)
2452,The Farm (2018),(no genres listed)
2453,#Alive (2020),(no genres listed)
2454,The Sadness (2021),(no genres listed)
2455,The Roundup (2022),(no genres listed)
2456,Conversations with a Killer: The John Wayne Gacy Tapes (2022),(no genres listed)
2457,A Christmas Prince (2017),(no genres listed)
2458,American Murder: Laci Peterson (2024),(no genres listed)
2459,Independence Day: Resurgence (2016),(no genres listed)
2460,"Marty, Life Is Short",(no genres listed)
2461,"My Father, the BTK Killer (2025)",(no genres listed)
2462,Mountainhead (2025),(no genres listed)
2463,The Hatchet Wielding Hitchhiker (2023),(no genres listed)
2464,American Murder: The Family Next Door (2020),(no genres listed)
2465,The Prom (2020),(no genres listed)
2466,Bridget Jones's Baby (2016),(no genres listed)
2467,Girl in the Picture (2022),(no genres listed)
2468,What Jennifer Did (2024),(no genres listed)
2469,American Nightmare (2024),(no genres listed)
2470,A Murder at the End of the World (2023),(no genres listed)
2471,"Marty, Life Is Short (2026)",(no genres listed)
2472,The Menendez Brothers (2024),(no genres listed)
2473,American Murder: Gabby Petito (2025),(no genres listed)
2474,This Is the Zodiac Speaking (2024),(no genres listed)
2475,Cunk on Life (2024),(no genres listed)
2476,Cold Case: Who Killed JonBenét Ramsey (2024),(no genres listed)
2477,While You Were Sleeping,(no genres listed)
2478,The Housemaid,(no genres listed)
2479,Spider-Man: Into the Spider-Verse,(no genres listed)
2480,Les Misérables (2012),(no genres listed)
2481,Mary Poppins (1964),(no genres listed)
2482,Hairspray (2007),(no genres listed)
2483,The Owl House: Watching and Dreaming (2023),(no genres listed)
2484,Insurgent (2015),(no genres listed)
2485,Picture This (2025),(no genres listed)
2486,The Wrong Paris (2025),(no genres listed)
2487,The Life List (2025),(no genres listed)
2488,The Fall of the House of Usher (2023),(no genres listed)
2489,The Mist,(no genres listed)
2490,Tarot (2024),(no genres listed)
2491,Awake (2007),(no genres listed)
2492,1408 (2007),(no genres listed)
2493,Rambo (2008),(no genres listed)
2494,The Wave (2008),(no genres listed)
2495,The Woman in the Window (2021),(no genres listed)
2496,Flatliners (2017),(no genres listed)
2497,Downfall (2004),(no genres listed)
2498,The Woman in Cabin 10,(no genres listed)
2499,Wall to Wall (2025),(no genres listed)
2500,The Invisible Guest (2016),(no genres listed)
2501,Men in Black II (2002),(no genres listed)
2502,A Cure for Wellness (2016),(no genres listed)
2503,Se7en,(no genres listed)
2504,Left-Handed Girl (2025),(no genres listed)
2505,Live Free or Die Hard (2007),(no genres listed)
2506,Caramelo (2025),(no genres listed)
2507,Pitch Perfect,(no genres listed)
2508,Her,(no genres listed)
2509,The Departed,(no genres listed)
2510,The Karate Kid (1984),(no genres listed)
2511,The Foreigner (2017),(no genres listed)
2512,Kill Bill: Vol. 2,(no genres listed)
2513,Singin' in the Rain (1952),(no genres listed)
2514,Pineapple Express (2008),(no genres listed)
2515,Vertigo (1958),(no genres listed)
2516,The Descent (2005),(no genres listed)
2517,The Forever Purge (2021),(no genres listed)
2518,Y Tu Mamá También (2001),(no genres listed)
2519,Nowhere (1997),(no genres listed)
2520,Trainspotting (1996),(no genres listed)
2521,The Lovely Bones (2009),(no genres listed)
2522,The DUFF (2015),(no genres listed)
2523,The Bling Ring (2013),(no genres listed)
2524,Mustang (2015),(no genres listed)
2525,Paper Towns (2015),(no genres listed)
2526,The Grand Budapest Hotel,(no genres listed)
2527,House,(no genres listed)
2528,The Iron Claw,(no genres listed)
2529,Kong: Skull Island (2017),(no genres listed)
2530,The Interview (2014),(no genres listed)
2531,The Naked Gun: From the Files of Police Squad! (1988),(no genres listed)
2532,22 Jump Street,(no genres listed)
2533,The Lego Batman Movie,(no genres listed)
2534,The Boy and the Heron,(no genres listed)
2535,Avatar,(no genres listed)
2536,Assassin's Creed (2016),(no genres listed)
2537,Tear Along the Dotted Line (2021),(no genres listed)
2538,This World Can't Tear Me Down (2023),(no genres listed)
2539,Borat Subsequent Moviefilm: Delivery of Prodigious Bribe to American Regime for Make Benefit Once Glorious Nation of Kazakhstan (2020),(no genres listed)
2540,Pain and Glory (2019),(no genres listed)
2541,Boyhood (2014),(no genres listed)
2542,Outlaw King (2018),(no genres listed)
2543,The Last One for the Road (2025),(no genres listed)
2544,Vermiglio (2024),(no genres listed)
2545,The Ballad of Buster Scruggs (2018),(no genres listed)
2546,Dogman (2023),(no genres listed)
2547,Five Feet Apart,(no genres listed)
2548,Annabelle Comes Home (2019),(no genres listed)
2549,Level 16 (2018),(no genres listed)
2550,After Everything (2023),(no genres listed)
2551,After We Fell (2021),(no genres listed)
2552,Cinderella (2015),(no genres listed)
2553,After Ever Happy (2022),(no genres listed)
2554,Believe Me: The Abduction of Lisa McVey (2018),(no genres listed)
2555,The Handmaiden,(no genres listed)
2556,Chicago (2002),(no genres listed)
2557,Happiest Season (2020),(no genres listed)
2558,Before Sunset (2004),(no genres listed)
2559,The Artist (2011),(no genres listed)
2560,Will & Harper (2024),(no genres listed)
2561,Stranger Than Fiction (2006),(no genres listed)
2562,The House Bunny (2008),(no genres listed)
2563,Hot Tub Time Machine (2010),(no genres listed)
2564,Whale Rider (2002),(no genres listed)
2565,Slay (2024),(no genres listed)
2566,Tiger King (2020),(no genres listed)
2567,Underwater (2020),(no genres listed)
2568,Class Action Park (2020),(no genres listed)
2569,Dolittle (2020),(no genres listed)
2570,Violent Night (2022),(no genres listed)
2571,Carrie,(no genres listed)
2572,The First Omen (2024),(no genres listed)
2573,Ella McCay (2025),(no genres listed)
2574,Small Things Like These (2024),(no genres listed)
2575,Chicken Run: Dawn of the Nugget (2023),(no genres listed)
2576,Leo (2023),(no genres listed)
2577,The Killer (2024),(no genres listed)
2578,The Room Next Door (2024),(no genres listed)
2579,28 Days Later,(no genres listed)
2580,Taylor Swift: The Eras Tour (2023),(no genres listed)
2581,Train to Busan,(no genres listed)
2582,Wicked: For Good,(no genres listed)
2583,A Quiet Place: Day One,(no genres listed)
2584,Evil Dead II,(no genres listed)
2585,Evil Dead II (1987),(no genres listed)
2586,Dust Bunny (2025),(no genres listed)
2587,Borderline (2025),(no genres listed)
2588,The Shadow Strays (2024),(no genres listed)
2589,Ricky Stanicky (2024),(no genres listed)
2590,Afraid (2024),(no genres listed)
2591,Humanist Vampire Seeking Consenting Suicidal Person (2023),(no genres listed)
2592,The Boogeyman (2023),(no genres listed)
2593,Shelby Oaks (2024),(no genres listed)
2594,Lars and the Real Girl,(no genres listed)
2595,The Place Beyond the Pines,(no genres listed)
2596,Only Lovers Left Alive (2013),(no genres listed)
2597,Only Lovers Left Alive,(no genres listed)
2598,Bird (2024),(no genres listed)
2599,Melancholia (2011),(no genres listed)
2600,Carnage (2011),(no genres listed)
2601,Twin Peaks: The Return (2017),(no genres listed)
2602,Spring Breakers (2012),(no genres listed)
2603,The History of Sound (2025),(no genres listed)
2604,The Square (2017),(no genres listed)
2605,Sick of Myself (2022),(no genres listed)
2606,Magic Farm (2025),(no genres listed)
2607,Aftersun,(no genres listed)
2608,Ocean's Eleven,(no genres listed)
2609,Little Women (1994),(no genres listed)
2610,Enchanted,(no genres listed)
2611,Enchanted (2007),(no genres listed)
2612,Ella Enchanted (2004),(no genres listed)
2613,The Undoing (2020),(no genres listed)
2614,The Residence (2025),(no genres listed)
2615,Mare of Easttown (2021),(no genres listed)
2616,My Little Pony: Equestria Girls – Rainbow Rocks (2014),(no genres listed)
2617,True Beauty (2020),(no genres listed)
2618,Wicked,(no genres listed)
2619,Puella Magi Madoka Magica (2011),(no genres listed)
2620,Borat: Cultural Learnings of America for Make Benefit Glorious Nation of Kazakhstan,(no genres listed)
2621,Raging Bull (1980),(no genres listed)
2622,A Monster Calls (2016),(no genres listed)
2623,Beautiful Boy,(no genres listed)
2624,Me and Earl and the Dying Girl (2015),(no genres listed)
2625,Click (2006),(no genres listed)
2626,5 Centimeters per Second (2007),(no genres listed)
2627,Freedom Writers (2007),(no genres listed)
2628,Ne Zha (2019),(no genres listed)
2629,The Alpinist (2021),(no genres listed)
2630,Fire of Love (2022),(no genres listed)
2631,Once Upon a Time... in Hollywood,(no genres listed)
2632,I Am Mother (2019),(no genres listed)
2633,Batman: Hush (2019),(no genres listed)
2634,The Christmas Chronicles (2018),(no genres listed)
2635,Goosebumps 2: Haunted Halloween (2018),(no genres listed)
2636,Fly Me to the Moon (2024),(no genres listed)
2637,Den of Thieves 2: Pantera (2025),(no genres listed)
2638,The Green Mile,(no genres listed)
2639,Groot's First Steps (2022),(no genres listed)
2640,The Little Guy (2022),(no genres listed)
2641,Groot Takes a Bath (2022),(no genres listed)
2642,Groot's Pursuit (2022),(no genres listed)
2643,Magnum Opus (2022),(no genres listed)
2644,The Boss Baby: Family Business (2021),(no genres listed)
2645,Borderlands (2024),(no genres listed)
2646,Tom Clancy's Without Remorse (2021),(no genres listed)
2647,ted (2024),(no genres listed)
2648,Afire (2023),(no genres listed)
2649,Perfect Days,(no genres listed)
2650,No Other Land (2024),(no genres listed)
2651,Sound of Falling (2025),(no genres listed)
2652,Isi & Ossi (2020),(no genres listed)
2653,Set It Up (2018),(no genres listed)
2654,Nerve (2016),(no genres listed)
2655,The Other Woman (2014),(no genres listed)
2656,Who Am I (2014),(no genres listed)
2657,Suck Me Shakespeer (2013),(no genres listed)
2658,System Crasher (2019),(no genres listed)
2659,The Book Thief (2013),(no genres listed)
2660,Memories of Murder,(no genres listed)
2661,Magazine Dreams (2023),(no genres listed)
2662,13 Going on 30,(no genres listed)
2663,Balls Up,(no genres listed)
2664,Searching (2018),(no genres listed)
2665,Exit 8 (2025),(no genres listed)
2666,The Lost Children (2024),(no genres listed)
2667,The SpongeBob SquarePants Movie (2004),(no genres listed)
2668,Ant-Man and the Wasp: Quantumania,(no genres listed)
2669,Harry Potter and the Order of the Phoenix,(no genres listed)
2670,Little Women,(no genres listed)
2671,Love Actually (2003),(no genres listed)
2672,The Strange Thing About the Johnsons (2011),(no genres listed)
2673,Heathers (1989),(no genres listed)
2674,Precious: Based on the Novel 'Push' by Sapphire (2009),(no genres listed)
2675,Look Back,(no genres listed)
2676,All About My Mother (1999),(no genres listed)
2677,Come and See (1985),(no genres listed)
2678,All Quiet on the Western Front (1930),(no genres listed)
2679,The Outsiders (1983),(no genres listed)
2680,Eden (2024),(no genres listed)
2681,The Instigators (2024),(no genres listed)
2682,Miroirs No. 3 (2025),(no genres listed)
2683,Apartment 7A (2024),(no genres listed)
2684,The Moment (2026),(no genres listed)
2685,The Beast in Me (2025),(no genres listed)
2686,Stans (2025),(no genres listed)
2687,UNTAMED (2025),(no genres listed)
2688,Echo Valley (2025),(no genres listed)
2689,Amrum (2025),(no genres listed)
2690,Hot Summer Nights,(no genres listed)
2691,The Book of Life (2014),(no genres listed)
2692,Atlantis: The Lost Empire (2001),(no genres listed)
2693,Silver Linings Playbook,(no genres listed)
2694,The Aviator (2004),(no genres listed)
2695,Hugo (2011),(no genres listed)
2696,The Act of Killing (2012),(no genres listed)
2697,Bridge of Spies (2015),(no genres listed)
2698,The White Ribbon (2009),(no genres listed)
2699,Indiana Jones and the Kingdom of the Crystal Skull (2008),(no genres listed)
2700,Rose (2026),(no genres listed)
2701,The Power of the Dog (2021),(no genres listed)
2702,A Separation (2011),(no genres listed)
2703,War of the Worlds (2005),(no genres listed)
2704,The Turin Horse (2011),(no genres listed)
2705,Memoria (2021),(no genres listed)
2706,Match Point (2005),(no genres listed)
2707,Ponniyin Selvan: Part II (2023),(no genres listed)
2708,Ponniyin Selvan: Part I (2022),(no genres listed)
2709,Four Daughters (2023),(no genres listed)
2710,Eternal Sunshine of the Spotless Mind,(no genres listed)
2711,Chef (2014),(no genres listed)
2712,Lilo & Stitch,(no genres listed)
2713,Piece By Piece (2024),(no genres listed)
2714,Play Dirty (2025),(no genres listed)
2715,Cooked (2025),(no genres listed)
2716,The Witcher: Sirens of the Deep (2025),(no genres listed)
2717,Soyut Dışavurumcu Bir Dostluğun Anatomisi Veyahut Yan Yana (2025),(no genres listed)
2718,Star Wars: Tales of the Underworld (2025),(no genres listed)
2719,"I, Tonya",(no genres listed)
2720,Bridge to Terabithia,(no genres listed)
2721,Marrowbone,(no genres listed)
2722,The Thing,(no genres listed)
2723,Cult of Chucky (2017),(no genres listed)
2724,Evil Dead (2013),(no genres listed)
2725,It Follows (2014),(no genres listed)
2726,Don't Breathe (2016),(no genres listed)
2727,The Cabin in the Woods (2011),(no genres listed)
2728,Final Destination 5 (2011),(no genres listed)
2729,Curse of Chucky (2013),(no genres listed)
2730,The Master and Margarita (2024),(no genres listed)
2731,Better Off Dead (2025),(no genres listed)
2732,That's My Boy (2012),(no genres listed)
2733,Together,(no genres listed)
2734,Hell House LLC II: The Abaddon Hotel (2018),(no genres listed)
2735,Ghostland (2018),(no genres listed)
2736,Thesis,(no genres listed)
2737,The Room (2003),(no genres listed)
2738,Funny Games (1997),(no genres listed)
2739,The 40 Year Old Virgin,(no genres listed)
2740,My Girl (1991),(no genres listed)
2741,Chantal in Fairyland (2024),(no genres listed)
2742,Babo: The Haftbefehl Story (2025),(no genres listed)
2743,The Perfect Secret (2019),(no genres listed)
2744,Shiny_Flakes: The Teenage Drug Lord (2021),(no genres listed)
2745,Before the Fall (2004),(no genres listed)
2746,Dirty Dancing (1987),(no genres listed)
2747,The Tank (2025),(no genres listed)
2748,One Flew Over the Cuckoo's Nest (1975),(no genres listed)
2749,Harry Potter 20th Anniversary: Return to Hogwarts (2022),(no genres listed)
2750,Yi Yi,(no genres listed)
2751,Apocalypse Now,(no genres listed)
2752,JoJo's Bizarre Adventure: Golden Wind (2018),(no genres listed)
2753,Darkest Hour (2017),(no genres listed)
2754,No Half Measures: Creating the Final Season of Breaking Bad (2013),(no genres listed)
2755,JoJo's Bizarre Adventure: Stardust Crusaders (2014),(no genres listed)
2756,Getting the Old Scent Again: Reimagining Red Dragon (2015),(no genres listed)
2757,JoJo's Bizarre Adventure: Steel Ball Run,(no genres listed)
2758,Hannibal: This Is My Design (2014),(no genres listed)
2759,Attack on Titan: The Roar of Awakening (2018),(no genres listed)
2760,JoJo's Bizarre Adventure: Steel Ball Run (2026),(no genres listed)
2761,BoJack Horseman Christmas Special: Sabrina's Christmas Wish (2014),(no genres listed)
2762,Berserk (1997),(no genres listed)
2763,Fullmetal Alchemist: Brotherhood (2009),(no genres listed)
2764,Monster (2004),(no genres listed)
2765,Mother (2009),(no genres listed)
2766,Bride of Chucky (1998),(no genres listed)
2767,Scent of a Woman,(no genres listed)
2768,GoodFellas,(no genres listed)
2769,The Strangers (2008),(no genres listed)
2770,Cherry (2021),(no genres listed)
2771,Becky (2020),(no genres listed)
2772,Knock Knock (2015),(no genres listed)
2773,Past Lives,(no genres listed)
2774,About Time,(no genres listed)
2775,Hush (2016),(no genres listed)
2776,mid90s,(no genres listed)
2777,Normal People,(no genres listed)
2778,Malignant (2021),(no genres listed)
2779,Promising Young Woman (2020),(no genres listed)
2780,Hustlers (2019),(no genres listed)
2781,Into the Wild,(no genres listed)
2782,Into the Wild (2007),(no genres listed)
2783,Stormskerry Maja (2024),(no genres listed)
2784,Attack on Titan: THE LAST ATTACK,(no genres listed)
2785,"history of the entire world, i guess (2017)",(no genres listed)
2786,Black Mirror: Shut Up and Dance (2016),(no genres listed)
2787,JUJUTSU KAISEN: Hidden Inventory / Premature Death - The Movie (2025),(no genres listed)
2788,Bungo Stray Dogs: Dead Apple (2018),(no genres listed)
2789,The Watch (2012),(no genres listed)
2790,Atomic Blonde (2017),(no genres listed)
2791,Descendants (2015),(no genres listed)
2792,A Taxi Driver (2017),(no genres listed)
2793,Love in the Big City (2024),(no genres listed)
2794,Citizen Dog (2004),(no genres listed)
2795,Human Resource (2025),(no genres listed)
2796,The Paradise of Thorns (2024),(no genres listed)
2797,Happy Old Year (2019),(no genres listed)
2798,Shutter (2004),(no genres listed)
2799,Bad Genius (2017),(no genres listed)
2800,Suicide Squad,(no genres listed)
2801,Jigsaw (2017),(no genres listed)
2802,Spiral: From the Book of Saw (2021),(no genres listed)
2803,Spider-Man: All Roads Lead to No Way Home (2022),(no genres listed)
2804,Mia (2023),(no genres listed)
2805,To the Bone (2017),(no genres listed)
2806,Scream 4 (2011),(no genres listed)
2807,Saw VI (2009),(no genres listed)
2808,A Serbian Film (2010),(no genres listed)
2809,Megan Is Missing (2011),(no genres listed)
2810,Twin Peaks: The Missing Pieces (2014),(no genres listed)
2811,Saw V (2008),(no genres listed)
2812,Saw 3D (2010),(no genres listed)
2813,Saw IV (2007),(no genres listed)
2814,The Basketball Diaries,(no genres listed)
2815,Song of the Sea,(no genres listed)
2816,Ocean Waves (1993),(no genres listed)
2817,The Cat Returns (2002),(no genres listed)
2818,Over the Hedge (2006),(no genres listed)
2819,Chicken Run (2000),(no genres listed)
2820,My Own Private Idaho (1991),(no genres listed)
2821,Only Yesterday (1991),(no genres listed)
2822,12 Angry Men,(no genres listed)
2823,Resident Evil: Apocalypse (2004),(no genres listed)
2824,Resident Evil: The Final Chapter (2016),(no genres listed)
2825,Resident Evil: Extinction (2007),(no genres listed)
2826,Resident Evil: Afterlife (2010),(no genres listed)
2827,Resident Evil: Retribution (2012),(no genres listed)
2828,The Raid (2011),(no genres listed)
2829,Resident Evil (2002),(no genres listed)
2830,The Revenant,(no genres listed)
2831,Léon: The Professional (1994),(no genres listed)
2832,YES DAY (2021),(no genres listed)
2833,Enola Holmes 3 (2026),(no genres listed)
2834,Pinocchio (2022),(no genres listed)
2835,Tall Girl (2019),(no genres listed)
2836,365 Days: This Day (2022),(no genres listed)
2837,Enola Holmes 3,(no genres listed)
2838,The Garfield Movie (2024),(no genres listed)
2839,Paddington in Peru (2024),(no genres listed)
2840,He's All That (2021),(no genres listed)
2841,The Babysitter: Killer Queen (2020),(no genres listed)
2842,365 Days (2020),(no genres listed)
2843,The Fallout (2021),(no genres listed)
2844,The To Do List (2013),(no genres listed)
2845,Jumanji (1995),(no genres listed)
2846,Hot Rod (2007),(no genres listed)
2847,Forgetting Sarah Marshall (2008),(no genres listed)
2848,Zathura: A Space Adventure (2005),(no genres listed)
2849,Adventureland (2009),(no genres listed)
2850,Ghostbusters (1984),(no genres listed)
2851,Thelma & Louise (1991),(no genres listed)
2852,Speed (1994),(no genres listed)
2853,Hot Summer Nights (2017),(no genres listed)
2854,The Way Way Back (2013),(no genres listed)
2855,Airplane! (1980),(no genres listed)
2856,Almost Famous (2000),(no genres listed)
2857,Civil War,(no genres listed)
2858,Highest 2 Lowest (2025),(no genres listed)
2859,No One Will Save You (2023),(no genres listed)
2860,Dragon Ball Super: Super Hero (2022),(no genres listed)
2861,The Interview,(no genres listed)
2862,Scooby-Doo 2: Monsters Unleashed,(no genres listed)
2863,Jumanji,(no genres listed)
2864,Meet the Fockers (2004),(no genres listed)
2865,Sully (2016),(no genres listed)
2866,Jason Bourne (2016),(no genres listed)
2867,Jack Mimoun & the Secrets of Val Verde (2022),(no genres listed)
2868,"Hail, Caesar! (2016)",(no genres listed)
2869,The Hitman's Bodyguard (2017),(no genres listed)
2870,Meet the Leroys (2024),(no genres listed)
2871,Dumb and Dumber To (2014),(no genres listed)
2872,Mortdecai (2015),(no genres listed)
2873,Finch (2021),(no genres listed)
2874,The Bélier Family (2014),(no genres listed)
2875,Gravity (2013),(no genres listed)
2876,Captain Phillips (2013),(no genres listed)
2877,Saving Mr. Banks (2013),(no genres listed)
2878,The Boxtrolls (2014),(no genres listed)
2879,Emerald Green (2016),(no genres listed)
2880,Bird Box Barcelona (2023),(no genres listed)
2881,Chloe (2009),(no genres listed)
2882,Red Riding Hood (2011),(no genres listed)
2883,In Time (2011),(no genres listed)
2884,A Quiet Place,(no genres listed)
2885,Havoc (2025),(no genres listed)
2886,Reality Check: Inside America's Next Top Model (2026),(no genres listed)
2887,Keeper (2025),(no genres listed)
2888,Lurker (2025),(no genres listed)
2889,Night Always Comes (2025),(no genres listed)
2890,Fight or Flight (2024),(no genres listed)
2891,TÁR,(no genres listed)
2892,NANA (2006),(no genres listed)
2893,Frieren: Beyond Journey's End (2023),(no genres listed)
2894,NANA,(no genres listed)
2895,The Apothecary Diaries (2023),(no genres listed)
2896,Squid Game: Making Season 2 (2025),(no genres listed)
2897,The Art of Sarah (2026),(no genres listed)
2898,Love Through a Prism (2026),(no genres listed)
2899,Bride Wars (2009),(no genres listed)
2900,Gravity,(no genres listed)
2901,John Wick,(no genres listed)
2902,Home Alone 2: Lost in New York (1992),(no genres listed)
2903,Your Name Engraved Herein (2020),(no genres listed)
2904,Hitman's Wife's Bodyguard (2021),(no genres listed)
2905,Fountain of Youth (2025),(no genres listed)
2906,Jungle Cruise (2021),(no genres listed)
2907,Moana,(no genres listed)
2908,"As Above, So Below",(no genres listed)
2909,Tangled,(no genres listed)
2910,The Loved One (2026),(no genres listed)
2911,The Loved One,(no genres listed)
2912,San Andreas (2015),(no genres listed)
2913,The Walking Dead: The Ones Who Live (2024),(no genres listed)
2914,2012 (2009),(no genres listed)
2915,Un/Happy for You (2024),(no genres listed)
2916,Crawl (2019),(no genres listed)
2917,Knowing (2009),(no genres listed)
2918,28 Weeks Later (2007),(no genres listed)
2919,Geostorm (2017),(no genres listed)
2920,Cloverfield (2008),(no genres listed)
2921,"As Above, So Below (2014)",(no genres listed)
2922,Demon Slayer: Kimetsu no Yaiba Infinity Castle,(no genres listed)
2923,Suzume,(no genres listed)
2924,The Basketball Diaries (1995),(no genres listed)
2925,The Doom Generation (1995),(no genres listed)
2926,The Dreamers (2003),(no genres listed)
2927,"Lock, Stock and Two Smoking Barrels (1998)",(no genres listed)
2928,Bramayugam (2024),(no genres listed)
2929,C'mon C'mon (2021),(no genres listed)
2930,Marry Me (2022),(no genres listed)
2931,Shotgun Wedding (2022),(no genres listed)
2932,Your Place or Mine (2023),(no genres listed)
2933,After We Collided (2020),(no genres listed)
2934,Riders of Justice (2020),(no genres listed)
2935,Black Mirror: Hotel Reverie (2025),(no genres listed)
2936,The Promised Land (2023),(no genres listed)
2937,Two Prosecutors (2025),(no genres listed)
2938,Nitram (2021),(no genres listed)
2939,The Order (2024),(no genres listed)
2940,Speak No Evil (2022),(no genres listed)
2941,Mr. Nobody Against Putin (2025),(no genres listed)
2942,Black Mirror: Bête Noire (2025),(no genres listed)
2943,Black Mirror: Eulogy (2025),(no genres listed)
2944,Toxic (2024),(no genres listed)
2945,Red Rooms (2023),(no genres listed)
2946,Dopesick (2021),(no genres listed)
2947,The Match (2025),(no genres listed)
2948,The Secret Life of Walter Mitty,(no genres listed)
2949,The Apartment (1960),(no genres listed)
2950,The King's Speech (2010),(no genres listed)
2951,The Untouchables (1987),(no genres listed)
2952,Elvis,(no genres listed)
2953,Unforgiven (1992),(no genres listed)
2954,Bee Movie (2007),(no genres listed)
2955,Becoming Jane (2007),(no genres listed)
2956,Sex and the City (2008),(no genres listed)
2957,Bolt (2008),(no genres listed)
2958,No Strings Attached (2011),(no genres listed)
2959,The Boy (2016),(no genres listed)
2960,Eat Pray Love (2010),(no genres listed)
2961,Toc Toc (2017),(no genres listed)
2962,The Boy Who Harnessed the Wind (2019),(no genres listed)
2963,Ice Age: The Meltdown (2006),(no genres listed)
2964,Blood Diamond (2006),(no genres listed)
2965,Chicken Little (2005),(no genres listed)
2966,The Time Traveler's Wife (2009),(no genres listed)
2967,Just Like Heaven (2005),(no genres listed)
2968,Jurassic Park III (2001),(no genres listed)
2969,Terminator Genisys (2015),(no genres listed)
2970,OSS 117: From Africa with Love (2021),(no genres listed)
2971,OSS 117: Lost in Rio (2009),(no genres listed)
2972,Hulk (2003),(no genres listed)
2973,"OSS 117: Cairo, Nest of Spies (2006)",(no genres listed)
2974,Terminator 3: Rise of the Machines (2003),(no genres listed)
2975,Scoob! (2020),(no genres listed)
2976,Tarzan (1999),(no genres listed)
2977,Meet the Robinsons (2007),(no genres listed)
2978,A Few Good Men (1992),(no genres listed)
2979,Ghost Ship (2002),(no genres listed)
2980,The Da Vinci Code (2006),(no genres listed)
2981,Unbreakable (2000),(no genres listed)
2982,Who Framed Roger Rabbit (1988),(no genres listed)
2983,Bonnie and Clyde (1967),(no genres listed)
2984,Jeepers Creepers 2 (2003),(no genres listed)
2985,Megamind vs. the Doom Syndicate (2024),(no genres listed)
2986,Strange World (2022),(no genres listed)
2987,Zoolander 2 (2016),(no genres listed)
2988,When Harry Met Sally...,(no genres listed)
2989,Legally Blonde,(no genres listed)
2990,The Dark Knight,(no genres listed)
2991,The Dinner Game (1998),(no genres listed)
2992,Summer Ghost (2021),(no genres listed)
2993,City of God,(no genres listed)
2994,Rango (2011),(no genres listed)
2995,Regular Show: The Movie (2015),(no genres listed)
2996,Justice League: The Flashpoint Paradox (2013),(no genres listed)
2997,Horrible Bosses (2011),(no genres listed)
2998,Green Lantern (2011),(no genres listed)
2999,Teen Titans: The Judas Contract (2017),(no genres listed)
3000,The Death of Superman (2018),(no genres listed)
3001,Justice League: War (2014),(no genres listed)
3002,Bad Teacher (2011),(no genres listed)
3003,The Heat (2013),(no genres listed)
3004,Percy Jackson: Sea of Monsters (2013),(no genres listed)
3005,The Smurfs (2011),(no genres listed)
3006,Seven Samurai,(no genres listed)
3007,Hundreds of Beavers (2022),(no genres listed)
3008,Clerks (1994),(no genres listed)
3009,Aliens (1986),(no genres listed)
3010,They Live (1988),(no genres listed)
3011,Frank (2014),(no genres listed)
3012,Late Shift (2025),(no genres listed)
3013,Grand Theft Hamlet (2024),(no genres listed)
3014,Crash (1996),(no genres listed)
3015,This Is Spinal Tap (1984),(no genres listed)
3016,Melania (2026),(no genres listed)
3017,Rebuilding (2025),(no genres listed)
3018,The People's Joker (2022),(no genres listed)
3019,Black Mirror: Smithereens (2019),(no genres listed)
3020,Black Mirror: USS Callister (2017),(no genres listed)
3021,Black Mirror: White Christmas (2014),(no genres listed)
3022,Black Mirror: Demon 79 (2023),(no genres listed)
3023,Black Mirror: Hated in the Nation (2016),(no genres listed)
3024,Black Mirror: White Bear (2013),(no genres listed)
3025,Black Mirror: Hang the DJ (2017),(no genres listed)
3026,Black Mirror: Fifteen Million Merits (2011),(no genres listed)
3027,Little Fish (2020),(no genres listed)
3028,Black Mirror: The Entire History of You (2011),(no genres listed)
3029,The Toxic Avenger (2023),(no genres listed)
3030,Pokémon the Movie: Mewtwo Strikes Back - Evolution (2019),(no genres listed)
3031,Pokémon the Movie: Secrets of the Jungle (2020),(no genres listed)
3032,Loving Vincent (2017),(no genres listed)
3033,"South Park: Bigger, Longer & Uncut (1999)",(no genres listed)
3034,Nobody Knows (2004),(no genres listed)
3035,Bad Boys II (2003),(no genres listed)
3036,The Machinist (2004),(no genres listed)
3037,One Flew Over the Cuckoo's Nest,(no genres listed)
3038,Howl's Moving Castle,(no genres listed)
3039,Die Hard,(no genres listed)
3040,Incendies,(no genres listed)
3041,K.G.F: Chapter 2 (2022),(no genres listed)
3042,Drishyam 2 (2022),(no genres listed)
3043,Animal (2023),(no genres listed)
3044,Doraemon the Movie: Nobita's Sky Utopia (2023),(no genres listed)
3045,Crayon Shin-chan the Movie: The Tornado Legend of Ninja Mononoke (2022),(no genres listed)
3046,Brahmāstra Part One: Shiva (2022),(no genres listed)
3047,Oddity (2024),(no genres listed)
3048,Maharaja (2024),(no genres listed)
3049,Badla (2019),(no genres listed)
3050,Hello World (2019),(no genres listed)
3051,Super 30 (2019),(no genres listed)
3052,Hindi Medium (2017),(no genres listed)
3053,Secret Superstar (2017),(no genres listed)
3054,K.G.F: Chapter 1 (2018),(no genres listed)
3055,Bāhubali 2: The Conclusion (2017),(no genres listed)
3056,Kabir Singh (2019),(no genres listed)
3057,The Art of Racing in the Rain (2019),(no genres listed)
3058,Tag (2018),(no genres listed)
3059,Andhadhun (2018),(no genres listed)
3060,Made in Abyss: Dawn of the Deep Soul (2020),(no genres listed)
3061,Tumbbad (2018),(no genres listed)
3062,Happy New Year,(no genres listed)
3063,Annette (2021),(no genres listed)
3064,Yves Saint Laurent (2014),(no genres listed)
3065,Colours of Time (2025),(no genres listed)
3066,Rise (2022),(no genres listed)
3067,The Piano Accident (2025),(no genres listed)
3068,Thelma & Louise,(no genres listed)
3069,The Lego Movie,(no genres listed)
3070,Adventure Time: Elements (2017),(no genres listed)
3071,The Outlaws (2017),(no genres listed)
3072,F1,(no genres listed)
3073,Dora and the Lost City of Gold (2019),(no genres listed)
3074,We Bare Bears: The Movie (2020),(no genres listed)
3075,Adventure Time: Islands (2017),(no genres listed)
3076,Primal (2019),(no genres listed)
3077,The Roundup: No Way Out (2023),(no genres listed)
3078,Transformers: The Last Knight (2017),(no genres listed)
3079,My Spy: The Eternal City (2024),(no genres listed)
3080,Badland Hunters (2024),(no genres listed)
3081,My Spy (2020),(no genres listed)
3082,The Loud House Movie (2021),(no genres listed)
3083,A Bad Moms Christmas (2017),(no genres listed)
3084,The Christmas Chronicles: Part Two (2020),(no genres listed)
3085,Train Dreams,(no genres listed)
3086,Temple Grandin (2010),(no genres listed)
3087,Serenity (2005),(no genres listed)
3088,Bao (2018),(no genres listed)
3089,Three Identical Strangers (2018),(no genres listed)
3090,Leave No Trace (2018),(no genres listed)
3091,Hunt for the Wilderpeople (2016),(no genres listed)
3092,Moon (2009),(no genres listed)
3093,Lars and the Real Girl (2007),(no genres listed)
3094,Election (1999),(no genres listed)
3095,Bring It On (2000),(no genres listed)
3096,Christy (2025),(no genres listed)
3097,Final Destination (2000),(no genres listed)
3098,The Hunt (2020),(no genres listed)
3099,A Complete Unknown,(no genres listed)
3100,Friendship,(no genres listed)
3101,Captain America: Brave New World,(no genres listed)
3102,The Fallout,(no genres listed)
3103,Spirit: Stallion of the Cimarron,(no genres listed)
3104,Love Me Love Me (2026),(no genres listed)
3105,Looking for Alaska (2019),(no genres listed)
3106,The Dropout (2022),(no genres listed)
3107,Roald Dahl's The Witches (2020),(no genres listed)
3108,Inventing Anna (2022),(no genres listed)
3109,Pen15: Jacuzzi (2021),(no genres listed)
3110,Children of the Sea (2019),(no genres listed)
3111,The Matrix,(no genres listed)
3112,Ice Age,(no genres listed)
3113,Euphoria: Trouble Don't Last Always,(no genres listed)
3114,Popstar: Never Stop Never Stopping (2016),(no genres listed)
3115,Look Who's Back (2015),(no genres listed)
3116,Snowden (2016),(no genres listed)
3117,The Antisocial Network: Memes to Mayhem (2024),(no genres listed)
3118,Paris Is Burning (1990),(no genres listed)
3119,The Color of Pomegranates (1969),(no genres listed)
3120,Black Mirror: Joan Is Awful (2023),(no genres listed)
3121,Black Mirror: Loch Henry (2023),(no genres listed)
3122,Black Mirror: Mazey Day (2023),(no genres listed)
3123,April (2024),(no genres listed)
3124,Strange Way of Life (2023),(no genres listed)
3125,Black Mirror: Beyond the Sea (2023),(no genres listed)
3126,About Dry Grasses (2023),(no genres listed)
3127,Cassandro (2023),(no genres listed)
3128,Happier Than Ever: A Love Letter to Los Angeles (2021),(no genres listed)
3129,Black Mirror: Striking Vipers (2019),(no genres listed)
3130,Supernova (2020),(no genres listed)
3131,Parallel Mothers (2021),(no genres listed)
3132,"Love, Death & Robots: The Witness (2019)",(no genres listed)
3133,Ethos (2020),(no genres listed)
3134,The Human Voice (2020),(no genres listed)
3135,"Black Mirror: Rachel, Jack and Ashley Too (2019)",(no genres listed)
3136,Black Mirror: Crocodile (2017),(no genres listed)
3137,Black Mirror: Arkangel (2017),(no genres listed)
3138,Black Mirror: Metalhead (2017),(no genres listed)
3139,Black Mirror: Black Museum (2017),(no genres listed)
3140,The Fall,(no genres listed)
3141,"Love, Death & Robots: The Screaming of the Tyrannosaur (2025)",(no genres listed)
3142,"Hello, Love, Again (2024)",(no genres listed)
3143,"Love, Death & Robots: Swarm (2022)",(no genres listed)
3144,"Love, Death & Robots: In Vaulted Halls Entombed (2022)",(no genres listed)
3145,One Piece Fan Letter (2024),(no genres listed)
3146,"Love, Death & Robots: The Very Pulse of the Machine (2022)",(no genres listed)
3147,"Love, Death & Robots: Kill Team Kill (2022)",(no genres listed)
3148,"Love, Death & Robots: 400 Boys (2025)",(no genres listed)
3149,"Love, Death & Robots: Spider Rose (2025)",(no genres listed)
3150,Bullet Train Explosion (2025),(no genres listed)
3151,The WONDERfools,(no genres listed)
3152,Ballot (2024),(no genres listed)
3153,Salaar: Part 1 - Ceasefire (2023),(no genres listed)
3154,"Love, Death & Robots: Golgotha (2025)",(no genres listed)
3155,A Very Good Girl (2023),(no genres listed)
3156,Hunger (2023),(no genres listed)
3157,Wish (2023),(no genres listed)
3158,Sampung Utos Kay Josh (2025),(no genres listed)
3159,"Shake, Rattle & Roll Extreme (2023)",(no genres listed)
3160,The WONDERfools (2026),(no genres listed)
3161,Partners in Crime (2022),(no genres listed)
3162,The Butterfly Effect (2004),(no genres listed)
3163,Manchester by the Sea,(no genres listed)
3164,Impossible Things (2021),(no genres listed)
3165,Chicuarotes (2019),(no genres listed)
3166,Life or Something Like It (2002),(no genres listed)
3167,Before Sunrise,(no genres listed)
3168,No Hard Feelings,(no genres listed)
3169,House of Wax,(no genres listed)
3170,House of Wax (2005),(no genres listed)
3171,The Evil Dead (1981),(no genres listed)
3172,Caveat (2020),(no genres listed)
3173,The Long Walk,(no genres listed)
3174,Alien,(no genres listed)
3175,Vicious (2025),(no genres listed)
3176,Greenland 2: Migration (2026),(no genres listed)
3177,The Lost Bus (2025),(no genres listed)
3178,Tom Clancy's Jack Ryan: Ghost War (2026),(no genres listed)
3179,Tom Clancy's Jack Ryan: Ghost War,(no genres listed)
3180,Downton Abbey: The Grand Finale (2025),(no genres listed)
3181,Marcello Hernández: American Boy (2026),(no genres listed)
3182,Deathstalker (2025),(no genres listed)
3183,Red Sonja (2025),(no genres listed)
3184,The Rip,(no genres listed)
3185,The Outsiders,(no genres listed)
3186,Predator,(no genres listed)
3187,Indiana Jones and the Dial of Destiny,(no genres listed)
3188,The Running Man,(no genres listed)
3189,Casper (1995),(no genres listed)
3190,Detachment (2011),(no genres listed)
3191,Nightcrawler,(no genres listed)
3192,The Greatest Hits (2024),(no genres listed)
3193,The Score (2001),(no genres listed)
3194,Luck (2022),(no genres listed)
3195,The Goldfinch (2019),(no genres listed)
3196,Gangs of New York (2002),(no genres listed)
3197,Good Luck Chuck (2007),(no genres listed)
3198,Batman v Superman: Dawn of Justice,(no genres listed)
3199,The Lord of the Rings: The Return of the King,(no genres listed)
3200,Along for the Ride (2022),(no genres listed)
3201,Foe (2023),(no genres listed)
3202,Deep Water (2022),(no genres listed)
3203,Nocturnal Animals,(no genres listed)
3204,Harry Potter and the Chamber of Secrets,(no genres listed)
3205,How to Train Your Dragon: The Hidden World,(no genres listed)
3206,Superboys of Malegaon (2024),(no genres listed)
3207,Bangalore Days (2014),(no genres listed)
3208,Highway (2014),(no genres listed)
3209,CTRL (2024),(no genres listed)
3210,Kho Gaye Hum Kahan (2023),(no genres listed)
3211,Dil Dhadakne Do (2015),(no genres listed)
3212,O Kadhal Kanmani (2015),(no genres listed)
3213,The White Tiger (2021),(no genres listed)
3214,Lost Ladies (2023),(no genres listed)
3215,Hridayam (2022),(no genres listed)
3216,Metro... In Dino (2025),(no genres listed)
3217,Girls Will Be Girls (2024),(no genres listed)
3218,"Crazy, Stupid, Love.",(no genres listed)
3219,Exterritorial (2025),(no genres listed)
3220,The Last Kingdom: Seven Kings Must Die (2023),(no genres listed)
3221,"13 Days, 13 Nights (2025)",(no genres listed)
3222,Boston Strangler (2023),(no genres listed)
3223,Banger (2025),(no genres listed)
3224,Luther: The Fallen Sun (2023),(no genres listed)
3225,Wingwomen (2023),(no genres listed)
3226,NYAD (2023),(no genres listed)
3227,One Life (2023),(no genres listed)
3228,Sleeping Dogs (2024),(no genres listed)
3229,Swiped (2025),(no genres listed)
3230,Once Upon My Mother (2025),(no genres listed)
3231,All Your Faces (2023),(no genres listed)
3232,The Voice of Hind Rajab (2025),(no genres listed)
3233,A Little Something Extra (2024),(no genres listed)
3234,Souleymane's Story (2024),(no genres listed)
3235,November (2022),(no genres listed)
3236,The Marching Band (2024),(no genres listed)
3237,DJ Mehdi: Made in France (2024),(no genres listed)
3238,The Torch (2022),(no genres listed)
3239,Lee (2023),(no genres listed)
3240,Unsubmissives (2025),(no genres listed)
3241,I'm Still Here,(no genres listed)
3242,Blue Velvet,(no genres listed)
3243,The Day After Tomorrow,(no genres listed)
3244,Send Help,(no genres listed)
3245,One Piece Film Red (2022),(no genres listed)
3246,Dark Nuns (2025),(no genres listed)
3247,JUJUTSU KAISEN: Execution (2025),(no genres listed)
3248,Peter Pan's Neverland Nightmare (2025),(no genres listed)
3249,You Are the Apple of My Eye (2024),(no genres listed)
3250,The Ritual (2025),(no genres listed)
3251,Quezon (2025),(no genres listed)
3252,The Fall Guy,(no genres listed)
3253,Muppets Most Wanted (2014),(no genres listed)
3254,I Believe in Unicorns (2014),(no genres listed)
3255,Love at First Sight (2023),(no genres listed)
3256,Maestro (2023),(no genres listed)
3257,Terri Joe: Missionary in Miami (2026),(no genres listed)
3258,Parachute (2023),(no genres listed)
3259,Quiet on Set: The Dark Side of Kids TV (2024),(no genres listed)
3260,The Watcher (2022),(no genres listed)
3261,The Home (2025),(no genres listed)
3262,Family Switch (2023),(no genres listed)
3263,Rosaline (2022),(no genres listed)
3264,Finestkind (2023),(no genres listed)
3265,The Out-Laws (2023),(no genres listed)
3266,Happiness for Beginners (2023),(no genres listed)
3267,The Hitchhiker's Guide to the Galaxy (2005),(no genres listed)
3268,Akira (1988),(no genres listed)
3269,No Time to Die,(no genres listed)
3270,The Final Destination (2009),(no genres listed)
3271,Jesus Revolution (2023),(no genres listed)
3272,Luckiest Girl Alive (2022),(no genres listed)
3273,Something from Tiffany's (2022),(no genres listed)
3274,"Lyle, Lyle, Crocodile (2022)",(no genres listed)
3275,Till (2022),(no genres listed)
3276,White Men Can't Jump (2023),(no genres listed)
3277,The Color Purple (2023),(no genres listed)
3278,The Holdovers,(no genres listed)
3279,Detective Byomkesh Bakshy! (2015),(no genres listed)
3280,If Anything Happens I Love You (2020),(no genres listed)
3281,Real Steel (2011),(no genres listed)
3282,Clash of the Titans (2010),(no genres listed)
3283,Ballerina,(no genres listed)
3284,Gone Girl,(no genres listed)
3285,The Thin Red Line (1998),(no genres listed)
3286,The Exorcism (2024),(no genres listed)
3287,Kotaro Lives Alone (2022),(no genres listed)
3288,Violet Evergarden: The Movie (2020),(no genres listed)
3289,Violet Evergarden (2018),(no genres listed)
3290,86 EIGHTY-SIX (2021),(no genres listed)
3291,Violet Evergarden: Eternity and the Auto Memory Doll (2019),(no genres listed)
3292,Silent Hill (2006),(no genres listed)
3293,Grave Encounters (2011),(no genres listed)
3294,ERASED (2016),(no genres listed)
3295,Super 8 (2011),(no genres listed)
3296,Black Phone 2,(no genres listed)
3297,Grave Encounters 2 (2012),(no genres listed)
3298,Cowboy Bebop (1998),(no genres listed)
3299,Ride Your Wave (2019),(no genres listed)
3300,The Dark Knight Rises,(no genres listed)
3301,Mean Girls,(no genres listed)
3302,Drop,(no genres listed)
3303,Cassandra (2025),(no genres listed)
3304,Delicious (2025),(no genres listed)
3305,Good American Family (2025),(no genres listed)
3306,Apple Cider Vinegar (2025),(no genres listed)
3307,Stromberg - Wieder alles wie immer (2025),(no genres listed)
3308,Alone (2020),(no genres listed)
3309,Reality (2023),(no genres listed)
3310,Drop (2025),(no genres listed)
3311,Black Bear (2020),(no genres listed)
3312,The Act (2019),(no genres listed)
3313,Nocturne (2020),(no genres listed)
3314,Ma (2019),(no genres listed)
3315,Return to Seoul (2022),(no genres listed)
3316,Martin Eden (2019),(no genres listed)
3317,The Quiet Girl (2022),(no genres listed)
3318,True Grit (2010),(no genres listed)
3319,Women Talking (2022),(no genres listed)
3320,The Teachers' Lounge (2023),(no genres listed)
3321,Changeling (2008),(no genres listed)
3322,A Prophet (2009),(no genres listed)
3323,Choose or Die (2022),(no genres listed)
3324,The Golden Glove (2019),(no genres listed)
3325,Den of Thieves (2018),(no genres listed)
3326,In the Heart of the Sea (2015),(no genres listed)
3327,The Book of Boba Fett (2021),(no genres listed)
3328,The Purge: Election Year (2016),(no genres listed)
3329,Unfriended (2014),(no genres listed)
3330,Everest (2015),(no genres listed)
3331,The First Purge (2018),(no genres listed)
3332,All of Us Are Dead,(no genres listed)
3333,Hereditary,(no genres listed)
3334,Spirit: Stallion of the Cimarron (2002),(no genres listed)
3335,Big Daddy (1999),(no genres listed)
3336,Big Little Lies (2017),(no genres listed)
3337,Y Tu Mamá También,(no genres listed)
3338,8 Mile (2002),(no genres listed)
3339,Madagascar (2005),(no genres listed)
3340,Palo Alto (2013),(no genres listed)
3341,She's All That (1999),(no genres listed)
3342,The Darkest Minds (2018),(no genres listed)
3343,Sharknado (2013),(no genres listed)
3344,Coco Before Chanel (2009),(no genres listed)
3345,Step Up (2006),(no genres listed)
3346,Journey 2: The Mysterious Island (2012),(no genres listed)
3347,Step Up 2: The Streets (2008),(no genres listed)
3348,Journey to the Center of the Earth (2008),(no genres listed)
3349,The Transporter (2002),(no genres listed)
3350,Maze Runner: The Scorch Trials,(no genres listed)
3351,Back to the Future Part III,(no genres listed)
3352,Copshop (2021),(no genres listed)
3353,The Conference (2023),(no genres listed)
3354,Sisu (2022),(no genres listed)
3355,Handling the Undead (2024),(no genres listed)
3356,The Brutalist,(no genres listed)
3357,Joker: Folie à Deux,(no genres listed)
3358,Inside (2023),(no genres listed)
3359,Baby Invasion (2024),(no genres listed)
3360,Backrooms (2026),(no genres listed)
3361,Normal (2025),(no genres listed)
3362,Transformers,(no genres listed)
3363,A Sun (2019),(no genres listed)
3364,La Grazia (2025),(no genres listed)
3365,"Like Father, Like Son (2013)",(no genres listed)
3366,Her Blue Sky (2019),(no genres listed)
3367,The Settlers (2023),(no genres listed)
3368,Ghost in the Shell,(no genres listed)
3369,The Wonderful Story of Henry Sugar and Three More (2024),(no genres listed)
3370,Dark Waters (2019),(no genres listed)
3371,Sentimental Value,(no genres listed)
3372,Forgetting Sarah Marshall,(no genres listed)
3373,Guardians of the Galaxy Vol. 3,(no genres listed)
3374,The Sound of Music,(no genres listed)
3375,Ocean with David Attenborough (2025),(no genres listed)
3376,The Boys in the Boat (2023),(no genres listed)
3377,Wicked Little Letters (2023),(no genres listed)
3378,Rebecca (2020),(no genres listed)
3379,Pelé (2021),(no genres listed)
3380,Crazy Rich Asians,(no genres listed)
3381,An Officer and a Spy (2019),(no genres listed)
3382,The 400 Blows (1959),(no genres listed)
3383,Weak Hero,(no genres listed)
3384,The Train of Death (2024),(no genres listed)
3385,Brighter Days Ahead (2025),(no genres listed)
3386,Arrival,(no genres listed)
3387,Eyes Wide Shut,(no genres listed)
3388,Prometheus (2012),(no genres listed)
3389,Kung Fu Panda,(no genres listed)
3390,Dune,(no genres listed)
3391,The Princess Diaries,(no genres listed)
3392,Grave of the Fireflies,(no genres listed)
3393,The Usual Suspects,(no genres listed)
3394,Detective Conan: One-Eyed Flashback (2025),(no genres listed)
3395,Miss Peregrine's Home for Peculiar Children,(no genres listed)
3396,The Wild Robot,(no genres listed)
3397,Men in Black (1997),(no genres listed)
3398,Mona Lisa Smile (2003),(no genres listed)
3399,Backrooms,(no genres listed)
3400,Concrete Utopia (2023),(no genres listed)
3401,The Voyeurs (2021),(no genres listed)
3402,The Rental (2020),(no genres listed)
3403,Apocalypse Z: The Beginning of the End (2024),(no genres listed)
3404,Significant Other (2022),(no genres listed)
3405,Outside the Wire (2021),(no genres listed)
3406,Blood Red Sky (2021),(no genres listed)
3407,The Innocents (2021),(no genres listed)
3408,The Eternaut (2025),(no genres listed)
3409,The Coffee Table (2022),(no genres listed)
3410,Robot Dreams (2023),(no genres listed)
3411,Wrong Turn (2021),(no genres listed)
3412,Gonjiam: Haunted Asylum (2018),(no genres listed)
3413,Veronica (2017),(no genres listed)
3414,What Happened to Monday (2017),(no genres listed)
3415,Color Out of Space (2019),(no genres listed)
3416,Dinner in America (2020),(no genres listed)
3417,Wallace & Gromit: The Curse of the Were-Rabbit (2005),(no genres listed)
3418,Mystic River (2003),(no genres listed)
3419,Circle (2015),(no genres listed)
3420,Chappie (2015),(no genres listed)
3421,The Taking of Deborah Logan (2014),(no genres listed)
3422,Moonage Daydream (2022),(no genres listed)
3423,Resurrection (2025),(no genres listed)
3424,Exhuma (2024),(no genres listed)
3425,Reflection in a Dead Diamond (2025),(no genres listed)
3426,Urban Legend (1998),(no genres listed)
3427,A Useful Ghost (2025),(no genres listed)
3428,National Theatre Live: Prima Facie (2022),(no genres listed)
3429,After Yang (2021),(no genres listed)
3430,Big World (2024),(no genres listed)
3431,Sweet Home Alabama (2002),(no genres listed)
3432,X-Men (2000),(no genres listed)
3433,The Princess Diaries 2: Royal Engagement (2004),(no genres listed)
3434,EuroTrip,(no genres listed)
3435,Iron Man,(no genres listed)
3436,Crime 101,(no genres listed)
3437,Ne Zha 2,(no genres listed)
3438,We're the Millers,(no genres listed)
3439,Ordinary Angels (2024),(no genres listed)
3440,127 Hours (2010),(no genres listed)
3441,Before Sunset,(no genres listed)
3442,127 Hours,(no genres listed)
3443,Seven Pounds (2008),(no genres listed)
3444,Love & Death (2023),(no genres listed)
3445,The Alabama Solution (2025),(no genres listed)
3446,Armed Only with a Camera: The Life and Death of Brent Renaud (2025),(no genres listed)
3447,Emancipation (2022),(no genres listed)
3448,La Palma (2024),(no genres listed)
3449,The Singers (2025),(no genres listed)
3450,Skyscraper (2018),(no genres listed)
3451,The Two Popes (2019),(no genres listed)
3452,Rampage (2018),(no genres listed)
3453,Bright (2017),(no genres listed)
3454,Baywatch (2017),(no genres listed)
3455,Despicable Me 3,(no genres listed)
3456,"The Chronicles of Narnia: The Lion, the Witch and the Wardrobe",(no genres listed)
3457,Mother Mary (2026),(no genres listed)
3458,H Is for Hawk (2025),(no genres listed)
3459,The Threesome (2025),(no genres listed)
3460,The Wizard of the Kremlin (2025),(no genres listed)
3461,The Choral (2025),(no genres listed)
3462,It Ends with Us,(no genres listed)
3463,Ma Rainey's Black Bottom (2020),(no genres listed)
3464,Speed Racer,(no genres listed)
3465,Amadeus,(no genres listed)
3466,Riff Raff (2024),(no genres listed)
3467,Tuner (2025),(no genres listed)
3468,Shin Godzilla (2016),(no genres listed)
3469,The Sweet East (2023),(no genres listed)
3470,Harvest (2024),(no genres listed)
3471,I Used to Be Funny (2023),(no genres listed)
3472,Sasquatch Sunset (2024),(no genres listed)
3473,The Last Stop in Yuma County (2023),(no genres listed)
3474,The Bikeriders (2023),(no genres listed)
3475,War of the Worlds,(no genres listed)
3476,Companion,(no genres listed)
3477,The Lego Ninjago Movie (2017),(no genres listed)
3478,Captain Underpants: The First Epic Movie (2017),(no genres listed)
3479,Turbo (2013),(no genres listed)
3480,Insidious: Chapter 2 (2013),(no genres listed)
3481,Shrek the Third (2007),(no genres listed)
3482,Madagascar 3: Europe's Most Wanted (2012),(no genres listed)
3483,Planes (2013),(no genres listed)
3484,Alvin and the Chipmunks (2007),(no genres listed)
3485,Annie (2014),(no genres listed)
3486,Insidious (2010),(no genres listed)
3487,Puss in Boots (2011),(no genres listed)
3488,Jujutsu Kaisen 0,(no genres listed)
3489,Last Breath (2025),(no genres listed)
3490,Hallow Road (2025),(no genres listed)
3491,The Amateur (2025),(no genres listed)
3492,Cleaner (2025),(no genres listed)
3493,G20 (2025),(no genres listed)
3494,Deep Cover (2025),(no genres listed)
3495,Dead of Winter (2025),(no genres listed)
3496,Humint (2026),(no genres listed)
3497,Fuze (2025),(no genres listed)
3498,Code 3 (2025),(no genres listed)
3499,Redux Redux (2025),(no genres listed)
3500,Old Dads (2023),(no genres listed)
3501,Relay (2024),(no genres listed)
3502,DEVO (2024),(no genres listed)
3503,The Luckiest Man in America (2024),(no genres listed)
3504,Under Paris (2024),(no genres listed)
3505,The Thicket (2024),(no genres listed)
3506,PLUTO (2023),(no genres listed)
3507,The Monkey,(no genres listed)
3508,Eternity,(no genres listed)
3509,X,(no genres listed)
3510,Krampus (2015),(no genres listed)
3511,The Strangers: Prey at Night (2018),(no genres listed)
3512,Grizzly Man (2005),(no genres listed)
3513,Jarhead (2005),(no genres listed)
3514,Friday the 13th (2009),(no genres listed)
3515,Tell Them You Love Me (2023),(no genres listed)
3516,Instructions Not Included (2013),(no genres listed)
3517,42 (2013),(no genres listed)
3518,Green Room (2015),(no genres listed)
3519,Screamboat (2025),(no genres listed)
3520,Trick 'r Treat (2007),(no genres listed)
3521,The Hills Have Eyes (2006),(no genres listed)
3522,Hell House LLC Origins: The Carmichael Manor (2023),(no genres listed)
3523,The Terminator (1984),(no genres listed)
3524,The Texas Chainsaw Massacre (2003),(no genres listed)
3525,Cléo from 5 to 7 (1962),(no genres listed)
3526,White Chicks,(no genres listed)
3527,Back to the Future Part III (1990),(no genres listed)
3528,Bicycle Thieves (1948),(no genres listed)
3529,A League of Their Own (1992),(no genres listed)
3530,Friday (1995),(no genres listed)
3531,The Sandlot (1993),(no genres listed)
3532,Friday the 13th (1980),(no genres listed)
3533,Dazed and Confused (1993),(no genres listed)
3534,Ichi the Killer (2001),(no genres listed)
3535,Colony,(no genres listed)
3536,Scream 2 (1997),(no genres listed)
3537,A Brighter Summer Day (1991),(no genres listed)
3538,An Elephant Sitting Still (2018),(no genres listed)
3539,Pitch Perfect 2,(no genres listed)
3540,"tick, tick... BOOM!",(no genres listed)
3541,Somebody to Love (2025),(no genres listed)
3542,Her Story (2024),(no genres listed)
3543,Sirens (2025),(no genres listed)
3544,SNL50: The Anniversary Special (2025),(no genres listed)
3545,Black Box Diaries (2024),(no genres listed)
3546,The Perfect Couple (2024),(no genres listed)
3547,Mother of the Bride (2024),(no genres listed)
3548,Taylor Swift | The Eras Tour | The Final Show (2025),(no genres listed)
3549,Lessons in Chemistry (2023),(no genres listed)
3550,Folklore: The Long Pond Studio Sessions (2020),(no genres listed)
3551,We Made a Beautiful Bouquet (2021),(no genres listed)
3552,"Nevertheless, (2021)",(no genres listed)
3553,Call Me Chihiro (2023),(no genres listed)
3554,First Love (2022),(no genres listed)
3555,Shiva Baby,(no genres listed)
3556,Maria (2024),(no genres listed)
3557,Eleanor the Great (2025),(no genres listed)
3558,Hannah Montana 20th Anniversary Special (2026),(no genres listed)
3559,Nickel Boys (2024),(no genres listed)
3560,Strawberry Mansion (2021),(no genres listed)
3561,Burn After Reading (2008),(no genres listed)
3562,Jackie (2016),(no genres listed)
3563,Garden State (2004),(no genres listed)
3564,Inside Llewyn Davis (2013),(no genres listed)
3565,20th Century Women (2016),(no genres listed)
3566,Hamilton,(no genres listed)
3567,I Feel Pretty (2018),(no genres listed)
3568,Barton Fink (1991),(no genres listed)
3569,Miller's Crossing (1990),(no genres listed)
3570,I Love Boosters,(no genres listed)
3571,Midnight in Paris,(no genres listed)
3572,Ice Age: Collision Course (2016),(no genres listed)
3573,Imagine Me & You (2005),(no genres listed)
3574,Freakier Friday,(no genres listed)
3575,Crush (2022),(no genres listed)
3576,Ride Along (2014),(no genres listed)
3577,Ice Age: Dawn of the Dinosaurs (2009),(no genres listed)
3578,Four Weddings and a Funeral (1994),(no genres listed)
3579,What a Girl Wants (2003),(no genres listed)
3580,Scary Movie 2 (2001),(no genres listed)
3581,Bridget Jones's Diary (2001),(no genres listed)
3582,Beverly Hills Cop (1984),(no genres listed)
3583,Hercules (1997),(no genres listed)
3584,The Aristocats (1970),(no genres listed)
3585,Bend It Like Beckham (2002),(no genres listed)
3586,Rush Hour,(no genres listed)
3587,ParaNorman,(no genres listed)
3588,Kaizen (2024),(no genres listed)
3589,The Balconettes (2024),(no genres listed)
3590,Bob Marley: One Love (2024),(no genres listed)
3591,Holy Cow (2024),(no genres listed)
3592,Dog 51 (2025),(no genres listed)
3593,The Old Guard 2 (2025),(no genres listed)
3594,Les SEGPA au ski (2023),(no genres listed)
3595,Yoroï (2025),(no genres listed)
3596,Blood & Gold (2023),(no genres listed)
3597,The Three Musketeers: Milady (2023),(no genres listed)
3598,Fanfic (2023),(no genres listed)
3599,The Three Musketeers: D'Artagnan (2023),(no genres listed)
3600,Paprika,(no genres listed)
3601,Get Out,(no genres listed)
3602,Happy Gilmore 2,(no genres listed)
3603,28 Years Later,(no genres listed)
3604,Grave Torture (2024),(no genres listed)
3605,Fréwaka (2024),(no genres listed)
3606,Mononoke the Movie: The Phantom in the Rain (2024),(no genres listed)
3607,Marshmallow (2025),(no genres listed)
3608,Mudborn (2025),(no genres listed)
3609,We Bury the Dead (2024),(no genres listed)
3610,Ziam (2025),(no genres listed)
3611,Mononoke the Movie: Chapter II - The Ashes of Rage (2025),(no genres listed)
3612,Do Not Enter (2026),(no genres listed)
3613,Strange Frequencies: Taiwan Killer Hospital (2024),(no genres listed)
3614,Uprising (2024),(no genres listed)
3615,The Diary (2024),(no genres listed)
3616,Influencer (2022),(no genres listed)
3617,Huesera: The Bone Woman (2022),(no genres listed)
3618,Mai (2024),(no genres listed)
3619,Kingdom: Ashin of the North (2021),(no genres listed)
3620,The Pope's Exorcist (2023),(no genres listed)
3621,Paranormal Activity: Next of Kin (2021),(no genres listed)
3622,Lullaby (2022),(no genres listed)
3623,Soft & Quiet (2022),(no genres listed)
3624,Sleep (2023),(no genres listed)
3625,Birth/Rebirth (2023),(no genres listed)
3626,Infested (2023),(no genres listed)
3627,No One Gets Out Alive (2021),(no genres listed)
3628,Chime (2024),(no genres listed)
3629,The Grandmother (2021),(no genres listed)
3630,Cobweb (2023),(no genres listed)
3631,Midnight Mass (2021),(no genres listed)
3632,Oddity,(no genres listed)
3633,Udaan (2010),(no genres listed)
3634,Oye Lucky! Lucky Oye! (2008),(no genres listed)
3635,Lost and Found (1996),(no genres listed)
3636,Chennai Express (2013),(no genres listed)
3637,The Royal Treatment (2022),(no genres listed)
3638,The Princess Switch 3: Romancing the Star (2021),(no genres listed)
3639,Champagne Problems (2025),(no genres listed)
3640,Muppets Haunted Mansion (2021),(no genres listed)
3641,Taylor Swift | The Official Release Party of a Showgirl (2025),(no genres listed)
3642,Last Christmas (2019),(no genres listed)
3643,The Perfect Date (2019),(no genres listed)
3644,The Secret Life of Pets 2 (2019),(no genres listed)
3645,The Tomorrow War (2021),(no genres listed)
3646,The Princess Switch (2018),(no genres listed)
3647,Smallfoot (2018),(no genres listed)
3648,Isn't It Romantic (2019),(no genres listed)
3649,Fantasy Island (2020),(no genres listed)
3650,Taylor Swift: Reputation Stadium Tour (2018),(no genres listed)
3651,Eurovision Song Contest: The Story of Fire Saga (2020),(no genres listed)
3652,An American Pickle (2020),(no genres listed)
3653,The Turning (2020),(no genres listed)
3654,A Beautiful Day in the Neighborhood (2019),(no genres listed)
3655,The Super Mario Bros. Movie,(no genres listed)
3656,Clue (1985),(no genres listed)
3657,Clue,(no genres listed)
3658,Raat Akeli Hai - The Bansal Murders (2025),(no genres listed)
3659,Stree 2 (2024),(no genres listed)
3660,Subservience (2024),(no genres listed)
3661,Crew (2024),(no genres listed)
3662,Khel Khel Mein (2024),(no genres listed)
3663,Dunki (2023),(no genres listed)
3664,Lift (2024),(no genres listed)
3665,12th Fail (2023),(no genres listed)
3666,Dream Girl 2 (2023),(no genres listed)
3667,Rocky Aur Rani Kii Prem Kahaani (2023),(no genres listed)
3668,Jawan (2023),(no genres listed)
3669,Merry Christmas (2024),(no genres listed)
3670,The Princess Switch: Switched Again (2020),(no genres listed)
3671,Gangubai Kathiawadi (2022),(no genres listed)
3672,Badhaai Do (2022),(no genres listed)
3673,Mimi (2021),(no genres listed)
3674,Darlings (2022),(no genres listed)
3675,Wedding Season (2022),(no genres listed)
3676,Avatar: The Way of Water,(no genres listed)
3677,There's Someone Inside Your House (2021),(no genres listed)
3678,The Weekend Away (2022),(no genres listed)
3679,83 (2021),(no genres listed)
3680,Ludo (2020),(no genres listed)
3681,9 (2009),(no genres listed)
3682,You're Next (2011),(no genres listed)
3683,A Nightmare on Elm Street (2010),(no genres listed)
3684,The Killer's Game (2024),(no genres listed)
3685,Pom Poko (1994),(no genres listed)
3686,A Nightmare on Elm Street (1984),(no genres listed)
3687,Superbad,(no genres listed)
3688,Safe House (2012),(no genres listed)
3689,Losers' Club (2011),(no genres listed)
3690,Déjà Vu (2006),(no genres listed)
3691,Stay (2005),(no genres listed)
3692,Man on Fire (2004),(no genres listed)
3693,Bruce Almighty (2003),(no genres listed)
3694,American Honey (2016),(no genres listed)
3695,Fresh,(no genres listed)
3696,The Sea Beast (2022),(no genres listed)
3697,Once Upon a Studio (2023),(no genres listed)
3698,The Twits (2025),(no genres listed)
3699,Zootopia+ (2022),(no genres listed)
3700,That Christmas (2024),(no genres listed)
3701,How to Train Your Dragon: Homecoming (2019),(no genres listed)
3702,Two Is a Family (2016),(no genres listed)
3703,Mary and The Witch's Flower (2017),(no genres listed)
3704,Les Misérables (2019),(no genres listed)
3705,Asterix: The Secret of the Magic Potion (2018),(no genres listed)
3706,Sink or Swim (2018),(no genres listed)
3707,School Life (2019),(no genres listed)
3708,Rim of the World (2019),(no genres listed)
3709,A Bag of Marbles (2017),(no genres listed)
3710,Piper (2016),(no genres listed)
3711,Dilili in Paris (2018),(no genres listed)
3712,Christmas & Co. (2017),(no genres listed)
3713,The Wrong Missy (2020),(no genres listed)
3714,The Willoughbys (2020),(no genres listed)
3715,Avengers: Infinity War,(no genres listed)
3716,Arco,(no genres listed)
3717,The Platform 2,(no genres listed)
3718,Little Miss Sunshine,(no genres listed)
3719,Pretty Lethal,(no genres listed)
3720,Slumdog Millionaire (2008),(no genres listed)
3721,The Dig (2021),(no genres listed)
3722,The Holiday,(no genres listed)
3723,Napoleon Dynamite,(no genres listed)
3724,The Investigation of Lucy Letby (2026),(no genres listed)
3725,Let It Snow (2019),(no genres listed)
3726,Babyteeth (2019),(no genres listed)
3727,God's Own Country (2017),(no genres listed)
3728,"Everything, Everything (2017)",(no genres listed)
3729,Someone Great (2019),(no genres listed)
3730,A Million Ways to Die in the West (2014),(no genres listed)
3731,The Age of Adaline (2015),(no genres listed)
3732,Little Italy (2018),(no genres listed)
3733,The Longest Ride (2015),(no genres listed)
3734,Sierra Burgess Is a Loser (2018),(no genres listed)
3735,The First Time (2012),(no genres listed)
3736,Practical Magic,(no genres listed)
3737,Nausicaä of the Valley of the Wind,(no genres listed)
3738,"Love, Death & Robots: The Secret War (2019)",(no genres listed)
3739,Riefenstahl (2024),(no genres listed)
3740,Arnold (2023),(no genres listed)
3741,Elisa & Marcela (2019),(no genres listed)
3742,"Love, Death & Robots: Zima Blue (2019)",(no genres listed)
3743,"Love, Death & Robots: Snow in the Desert (2021)",(no genres listed)
3744,"Love, Death & Robots: Pop Squad (2021)",(no genres listed)
3745,"Love, Death & Robots: Three Robots (2019)",(no genres listed)
3746,"Love, Death & Robots: The Drowned Giant (2021)",(no genres listed)
3747,"Love, Death & Robots: Ice (2021)",(no genres listed)
3748,Blue Is the Warmest Color (2013),(no genres listed)
3749,Kamisama Kiss (2012),(no genres listed)
3750,Chasing Mavericks (2012),(no genres listed)
3751,Johnny English Reborn (2011),(no genres listed)
3752,The Boy and the Beast (2015),(no genres listed)
3753,Terror in Resonance (2014),(no genres listed)
3754,300: Rise of an Empire (2014),(no genres listed)
3755,Taylor Swift | The End of an Era,(no genres listed)
3756,Monte Carlo (2011),(no genres listed)
3757,Pop Star Academy: KATSEYE (2024),(no genres listed)
3758,16 Wishes (2010),(no genres listed)
3759,Hannah Montana: The Movie (2009),(no genres listed)
3760,Leap Year (2010),(no genres listed)
3761,Camp Rock (2008),(no genres listed)
3762,Night at the Museum,(no genres listed)
3763,Clueless,(no genres listed)
3764,Requiem for a Dream,(no genres listed)
3765,Harold & Kumar Go to White Castle (2004),(no genres listed)
3766,From Dusk Till Dawn (1996),(no genres listed)
3767,Ace Ventura: Pet Detective (1994),(no genres listed)
3768,Anchorman: The Legend of Ron Burgundy (2004),(no genres listed)
3769,The Iron Giant (1999),(no genres listed)
3770,The Naked Gun 2½: The Smell of Fear (1991),(no genres listed)
3771,Strong Woman Do Bong-Soon (2017),(no genres listed)
3772,Move to Heaven (2021),(no genres listed)
3773,Ali & Ratu Ratu Queens (2021),(no genres listed)
3774,Wait Until I Make It (2026),(no genres listed)
3775,In the Absence of the Sun (2014),(no genres listed)
3776,The Architecture of Love (2024),(no genres listed)
3777,Lookism (2022),(no genres listed)
3778,Marry My Dead Body (2022),(no genres listed)
3779,Reply 1988 (2015),(no genres listed)
3780,My Liberation Notes (2022),(no genres listed)
3781,Taxi Driver (2021),(no genres listed)
3782,What's Up with Cinta? (2002),(no genres listed)
3783,Elf,(no genres listed)
3784,Casablanca,(no genres listed)
3785,Spider-Man: No Way Home,(no genres listed)
3786,Happy Gilmore,(no genres listed)
3787,The American Dream (2026),(no genres listed)
3788,Just an Illusion (2026),(no genres listed)
3789,Monsieur Aznavour (2024),(no genres listed)
3790,You Found Me (2025),(no genres listed)
3791,Guru (2025),(no genres listed)
3792,How to Make a Killing (2024),(no genres listed)
3793,Dune: Part Three (2026),(no genres listed)
3794,Dune: Part Three,(no genres listed)
3795,Little Tickles (2018),(no genres listed)
3796,Cheaper by the Dozen (2003),(no genres listed)
3797,Mandibles (2020),(no genres listed)
3798,LOL (Laughing Out Loud) (2008),(no genres listed)
3799,Serial Teachers (2013),(no genres listed)
3800,Serial Teachers 2 (2015),(no genres listed)
3801,Mulan,(no genres listed)
3802,Honey Boy (2019),(no genres listed)
3803,Bad Times at the El Royale (2018),(no genres listed)
3804,I'm Thinking of Ending Things (2020),(no genres listed)
3805,Argentina 1985 (2022),(no genres listed)
3806,Togo (2019),(no genres listed)
3807,Heroic Losers (2019),(no genres listed)
3808,Against the Ice (2022),(no genres listed)
3809,The Heist of the Century (2020),(no genres listed)
3810,Terminator: Dark Fate (2019),(no genres listed)
3811,The Dead Don't Die (2019),(no genres listed)
3812,The Beasts (2022),(no genres listed)
3813,The Unforgivable (2021),(no genres listed)
3814,Tolkien (2019),(no genres listed)
3815,Cast Away,(no genres listed)
3816,Waves,(no genres listed)
3817,The Lighthouse,(no genres listed)
3818,The Night of the 12th (2022),(no genres listed)
3819,Just the Two of Us (2023),(no genres listed)
3820,"No Chains, No Masters (2024)",(no genres listed)
3821,Borgo (2023),(no genres listed)
3822,"The Boy, the Mole, the Fox and the Horse (2022)",(no genres listed)
3823,Revoir Paris (2022),(no genres listed)
3824,Zero Fucks Given (2021),(no genres listed)
3825,The Good Teacher (2024),(no genres listed)
3826,BPM (Beats per Minute) (2017),(no genres listed)
3827,See You Up There (2017),(no genres listed)
3828,I Lost My Body (2019),(no genres listed)
3829,Papicha (2019),(no genres listed)
3830,"Someone, Somewhere (2019)",(no genres listed)
3831,Love at Second Sight (2019),(no genres listed)
3832,The Wolf's Call (2019),(no genres listed)
3833,JUJUTSU KAISEN,(no genres listed)
3834,Lion (2016),(no genres listed)
3835,The Sisters Brothers (2018),(no genres listed)
3836,C'est la vie! (2017),(no genres listed)
3837,Birds of Paradise (2021),(no genres listed)
3838,My Policeman (2022),(no genres listed)
3839,The Girl Who Cried Pearls (2025),(no genres listed)
3840,Hotel Transylvania: Transformania (2022),(no genres listed)
3841,Leila's Brothers (2022),(no genres listed)
3842,Orphan: First Kill (2022),(no genres listed)
3843,Night Swim (2024),(no genres listed)
3844,The Old Bachelor (2024),(no genres listed)
3845,Hit the Road (2021),(no genres listed)
3846,32 Malasana Street (2020),(no genres listed)
3847,The Hustle (2019),(no genres listed)
3848,The Curse of La Llorona (2019),(no genres listed)
3849,The SpongeBob Movie: Sponge on the Run (2020),(no genres listed)
3850,Chemical Hearts (2020),(no genres listed)
3851,Anna (2019),(no genres listed)
3852,Scooby-Doo! Return to Zombie Island (2019),(no genres listed)
3853,Haunt (2019),(no genres listed)
3854,Hair Love (2019),(no genres listed)
3855,47 Meters Down: Uncaged (2019),(no genres listed)
3856,Buffalo '66,(no genres listed)
3857,Rear Window,(no genres listed)
3858,The Exorcist,(no genres listed)
3859,Anatomy of a Fall,(no genres listed)
3860,Neon Genesis Evangelion: The End of Evangelion,(no genres listed)
3861,Horton Hears a Who! (2008),(no genres listed)
3862,Over the Garden Wall,(no genres listed)
3863,Emilia Pérez,(no genres listed)
3864,The 8 Show (2024),(no genres listed)
3865,Trigger (2025),(no genres listed)
3866,Ransomed (2023),(no genres listed)
3867,Dead Talents Society (2024),(no genres listed)
3868,Senior Year (2022),(no genres listed)
3869,Hijack 1971 (2024),(no genres listed)
3870,One Cut of the Dead (2017),(no genres listed)
3871,Forgotten (2017),(no genres listed)
3872,Hostel (2005),(no genres listed)
3873,Legion (2010),(no genres listed)
3874,Life (2017),(no genres listed)
3875,Stronger (2017),(no genres listed)
3876,Panic Room (2002),(no genres listed)
3877,As the Gods Will (2014),(no genres listed)
3878,The Day After Tomorrow (2004),(no genres listed)
3879,Late Night with the Devil,(no genres listed)
3880,Wonder Egg Priority (2021),(no genres listed)
3881,Tinker Bell and the Legend of the NeverBeast (2014),(no genres listed)
3882,Haikyu!! the Movie: The End and the Beginning (2015),(no genres listed)
3883,Argentina 1985,(no genres listed)
3884,Berserk,(no genres listed)
3885,SLC Punk,(no genres listed)
3886,SLC Punk (1998),(no genres listed)
3887,The 4:30 Movie (2024),(no genres listed)
3888,Good Boys (2019),(no genres listed)
3889,Truth or Dare (2018),(no genres listed)
3890,Guns Akimbo (2019),(no genres listed)
3891,X-Men: Apocalypse (2016),(no genres listed)
3892,Mayhem (2017),(no genres listed)
3893,The Founder (2016),(no genres listed)
3894,Vice (2018),(no genres listed)
3895,Office Space,(no genres listed)
3896,Novocaine,(no genres listed)
3897,American History X,(no genres listed)
3898,Terminator Salvation (2009),(no genres listed)
3899,Amadeus (1984),(no genres listed)
3900,Whiplash (2013),(no genres listed)
3901,It's a Wonderful Life,(no genres listed)
3902,Meiyazhagan (2024),(no genres listed)
3903,UglyDolls (2019),(no genres listed)
3904,Dream Productions (2024),(no genres listed)
3905,DC League of Super-Pets (2022),(no genres listed)
3906,Fences (2016),(no genres listed)
3907,"Ruby Gillman, Teenage Kraken (2023)",(no genres listed)
3908,Orion and the Dark (2024),(no genres listed)
3909,Tom & Jerry (2021),(no genres listed)
3910,Coming 2 America (2021),(no genres listed)
3911,Dog Man (2025),(no genres listed)
3912,Jim Henson Idea Man (2024),(no genres listed)
3913,Monster High: Scaris City of Frights (2013),(no genres listed)
3914,A Goofy Movie (1995),(no genres listed)
3915,Zootopia,(no genres listed)
3916,My Little Pony: Equestria Girls - Friendship Games (2015),(no genres listed)
3917,Monster High: Freaky Fusion (2014),(no genres listed)
3918,"Monster High: Frights, Camera, Action! (2014)",(no genres listed)
3919,ParaNorman (2012),(no genres listed)
3920,Mysterious Skin,(no genres listed)
3921,Dinner in America,(no genres listed)
3922,Hear Me: Our Summer (2024),(no genres listed)
3923,Falling in Love Like in Movies (2023),(no genres listed)
3924,Home Sweet Loan (2024),(no genres listed)
3925,Love Next Door (2024),(no genres listed)
3926,A Brother and 7 Siblings (2024),(no genres listed)
3927,When I Fly Towards You (2023),(no genres listed)
3928,Summer Strike (2022),(no genres listed)
3929,Mr. Plankton (2024),(no genres listed)
3930,Ghost in the Cell (2026),(no genres listed)
3931,Na Willa (2026),(no genres listed)
3932,Andai Ibu Tidak Menikah Dengan Ayah (2025),(no genres listed)
3933,The Elixir (2025),(no genres listed)
3934,On Your Lap (2025),(no genres listed)
3935,A Letter to My Youth (2026),(no genres listed)
3936,Komang (2025),(no genres listed)
3937,Call Me Dad (2025),(no genres listed)
3938,Solo Leveling -ReAwakening- (2024),(no genres listed)
3939,That Time I Got Reincarnated as a Slime the Movie: Scarlet Bond (2022),(no genres listed)
3940,The Siege at Thorn High (2025),(no genres listed)
3941,Agak Laen (2024),(no genres listed)
3942,Unlocked (2023),(no genres listed)
3943,Study Group (2025),(no genres listed)
3944,Ditto (2022),(no genres listed)
3945,Cigarette Girl (2023),(no genres listed)
3946,Sore: A Wife from the Future (2025),(no genres listed)
3947,Jumbo (2025),(no genres listed)
3948,Agak Laen: Menyala Pantiku! (2025),(no genres listed)
3949,My Love Story With Yamada-kun at Lv999 (2023),(no genres listed)
3950,BLUE LOCK (2022),(no genres listed)
3951,Weightlifting Fairy Kim Bok-joo (2016),(no genres listed)
3952,Missing Home (2022),(no genres listed)
3953,Miracle in Cell No. 7 (2022),(no genres listed)
3954,Flying Colors (2015),(no genres listed)
3955,Stealing Raden Saleh (2022),(no genres listed)
3956,Moriarty the Patriot (2020),(no genres listed)
3957,Glorious Days (2019),(no genres listed)
3958,Dilan 1990 (2018),(no genres listed)
3959,My ID is Gangnam Beauty (2018),(no genres listed)
3960,Our Blues (2022),(no genres listed)
3961,Imperfect (2019),(no genres listed)
3962,Kakegurui (2017),(no genres listed)
3963,Cemara's Family (2018),(no genres listed)
3964,Scary Movie,(no genres listed)
3965,My Big Fat Greek Wedding (2002),(no genres listed)
3966,Barb & Star Go to Vista Del Mar (2021),(no genres listed)
3967,Father of the Bride (1991),(no genres listed)
3968,Misery (1990),(no genres listed)
3969,My Best Friend's Wedding (1997),(no genres listed)
3970,Meet Joe Black,(no genres listed)
3971,The Rescue (2021),(no genres listed)
3972,Troll (2022),(no genres listed)
3973,Noah (2014),(no genres listed)
3974,The Girl with the Dragon Tattoo (2011),(no genres listed)
3975,All of Us Strangers,(no genres listed)
3976,The Skin I Live In (2011),(no genres listed)
3977,Good Grief (2023),(no genres listed)
3978,Attack on Titan The Final Chapters: Special 1 (2023),(no genres listed)
3979,Renaissance: A Film by Beyoncé (2023),(no genres listed)
3980,HOMECOMING: A film by Beyoncé (2019),(no genres listed)
3981,Aristotle and Dante Discover the Secrets of the Universe (2022),(no genres listed)
3982,The Dark Crystal (1982),(no genres listed)
3983,My Little Pony: Equestria Girls (2013),(no genres listed)
3984,Hurricane Bianca (2016),(no genres listed)
3985,Shark Tale (2004),(no genres listed)
3986,Hoodwinked! (2005),(no genres listed)
3987,Robots (2005),(no genres listed)
3988,My Little Pony: The Movie (2017),(no genres listed)
3989,Teen Titans Go! To the Movies (2018),(no genres listed)
3990,Night at the Museum (2006),(no genres listed)
3991,Ghostbusters (2016),(no genres listed)
3992,Sleeping Beauty,(no genres listed)
3993,Cinderella (1950),(no genres listed)
3994,Sleeping Beauty (1959),(no genres listed)
3995,Bambi (1942),(no genres listed)
3996,Pilot (2024),(no genres listed)
3997,The Call (2020),(no genres listed)
3998,Charlie's Angels (2019),(no genres listed)
3999,Yeh Jawaani Hai Deewani (2013),(no genres listed)
4000,Eddington,(no genres listed)
4001,Song Sung Blue (2025),(no genres listed)
4002,Devotion (2022),(no genres listed)
4003,Unsung Hero (2024),(no genres listed)
4004,I Love Boosters (2026),(no genres listed)
4005,"nothing, except everything. (2023)",(no genres listed)
4006,Valerian and the City of a Thousand Planets (2017),(no genres listed)
4007,Descendants 2 (2017),(no genres listed)
4008,Night School (2018),(no genres listed)
4009,Midway (2019),(no genres listed)
4010,Loki,(no genres listed)
4011,The House with a Clock in Its Walls (2018),(no genres listed)
4012,TRON: Legacy,(no genres listed)
4013,Star Wars: The Force Awakens,(no genres listed)
4014,The Lord of the Rings: The Two Towers,(no genres listed)
4015,Harry Potter and the Deathly Hallows: Part 1,(no genres listed)
4016,Gone with the Wind (1939),(no genres listed)
4017,A House on Fire (2024),(no genres listed)
4018,Frankenstein: The Anatomy Lesson (2025),(no genres listed)
4019,What's Love Got to Do with It? (2022),(no genres listed)
4020,The Braid (2023),(no genres listed)
4021,The Red Virgin (2024),(no genres listed)
4022,The Teacher Who Promised the Sea (2023),(no genres listed)
4023,Aladdin,(no genres listed)
4024,Contagion (2011),(no genres listed)
4025,Jane Eyre (2011),(no genres listed)
4026,The Impossible (2012),(no genres listed)
4027,One Day,(no genres listed)
4028,OPAL (2020),(no genres listed)
4029,We Can Be Heroes (2020),(no genres listed)
4030,Miraculous World: Shanghai - The Legend of Ladydragon (2021),(no genres listed)
4031,Words Bubble Up Like Soda Pop (2020),(no genres listed)
4032,Zen - Grogu and Dust Bunnies (2022),(no genres listed)
4033,Ciao Alberto (2021),(no genres listed)
4034,My Oni Girl (2024),(no genres listed)
4035,A Part of You (2024),(no genres listed)
4036,Helluva Boss (2019),(no genres listed)
4037,"Miraculous World: New York, United HeroeZ (2020)",(no genres listed)
4038,K-12 (2019),(no genres listed)
4039,Airplane Mode (2020),(no genres listed)
4040,The Remarkable Life of Ibelin (2024),(no genres listed)
4041,Secret of the Wings (2012),(no genres listed)
4042,Z-O-M-B-I-E-S (2018),(no genres listed)
4043,Monster High: 13 Wishes (2013),(no genres listed)
4044,In a Heartbeat (2017),(no genres listed)
4045,Ballerina (2016),(no genres listed)
4046,Museum of Innocence (2026),(no genres listed)
4047,The Hate U Give (2018),(no genres listed)
4048,The Girl on the Train (2016),(no genres listed)
4049,Miracle in Cell No. 7 (2019),(no genres listed)
4050,The Lives of Others (2006),(no genres listed)
4051,Alone (2008),(no genres listed)
4052,Brooklyn (2015),(no genres listed)
4053,Revolutionary Road (2008),(no genres listed)
4054,The Man from Earth (2007),(no genres listed)
4055,Roman Holiday (1953),(no genres listed)
4056,Roman Holiday,(no genres listed)
4057,Newtopia (2025),(no genres listed)
4058,SPY x FAMILY CODE: White (2023),(no genres listed)
4059,Pyramid Game (2024),(no genres listed)
4060,Light Shop (2024),(no genres listed)
4061,S Line (2025),(no genres listed)
4062,The Frog (2024),(no genres listed)
4063,The Trunk (2024),(no genres listed)
4064,Family by Choice (2024),(no genres listed)
4065,The Wailing of the Maghrib 2 (2025),(no genres listed)
4066,Hierarchy (2024),(no genres listed)
4067,Beyond the Bar (2025),(no genres listed)
4068,Dilan 1983 (2024),(no genres listed)
4069,The Winning Try (2025),(no genres listed)
4070,Menjelang Ajal (2024),(no genres listed)
4071,If Mom Is Gone Tomorrow (2024),(no genres listed)
4072,The Haunted Hotel (2023),(no genres listed)
4073,Head Over Heels (2025),(no genres listed)
4074,Pavane (2026),(no genres listed)
4075,Boyfriend on Demand (2026),(no genres listed)
4076,Resident Playbook (2025),(no genres listed)
4077,Friendly Rivalry (2025),(no genres listed)
4078,Shutter (2025),(no genres listed)
4079,Melo Movie (2025),(no genres listed)
4080,As You Stood By (2025),(no genres listed)
4081,Spirit Fingers (2025),(no genres listed)
4082,My Demon (2023),(no genres listed)
4083,Night Has Come (2023),(no genres listed)
4084,Rangga & Cinta (2025),(no genres listed)
4085,Sukma (2025),(no genres listed)
4086,The Atypical Family (2024),(no genres listed)
4087,Kang Mak from Pee Mak (2024),(no genres listed)
4088,Ancika (2024),(no genres listed)
4089,"The Haunted Apartment: ""Miss K"" (2024)",(no genres listed)
4090,Nine Puzzles (2025),(no genres listed)
4091,Once We Were Us (2025),(no genres listed)
4092,Our Unwritten Seoul (2025),(no genres listed)
4093,Sweet Home (2020),(no genres listed)
4094,Begin Again (2013),(no genres listed)
4095,Tokyo Ghoul (2014),(no genres listed)
4096,Mouse (2021),(no genres listed)
4097,Moving (2023),(no genres listed)
4098,The Witch: Part 1. The Subversion (2018),(no genres listed)
4099,The Witch Part 2 - The Other One (2022),(no genres listed)
4100,Extraordinary Attorney Woo (2022),(no genres listed)
4101,Youth of May (2021),(no genres listed)
4102,My Name (2021),(no genres listed)
4103,Racket Boys (2021),(no genres listed)
4104,The Uncanny Counter (2020),(no genres listed)
4105,Dilan 1991 (2019),(no genres listed)
4106,The First Slam Dunk (2022),(no genres listed)
4107,Pamali: The Corpse Village (2023),(no genres listed)
4108,Big Take (2024),(no genres listed)
4109,The Dark Tower (2017),(no genres listed)
4110,The Serpent (2021),(no genres listed)
4111,The Talented Mr. Ripley,(no genres listed)
4112,Ripley (2024),(no genres listed)
4113,"20,000 Species of Bees (2023)",(no genres listed)
4114,The Mauritanian (2021),(no genres listed)
4115,The After (2023),(no genres listed)
4116,The Gardener (2025),(no genres listed)
4117,God's Crooked Lines (2022),(no genres listed)
4118,Sundays (2025),(no genres listed)
4119,Gone Girls: The Long Island Serial Killer (2025),(no genres listed)
4120,The Big Fake (2025),(no genres listed)
4121,Jaane Jaan (2023),(no genres listed)
4122,Forgotten Love (2023),(no genres listed)
4123,A Widow's Game (2025),(no genres listed)
4124,"Love, Divided (2024)",(no genres listed)
4125,The Occupant (2020),(no genres listed)
4126,MH370: The Plane That Disappeared (2023),(no genres listed)
4127,Inside Man (2006),(no genres listed)
4128,When They See Us (2019),(no genres listed)
4129,Julieta (2016),(no genres listed)
4130,Crimson Peak (2015),(no genres listed)
4131,Molly's Game (2017),(no genres listed)
4132,Caleb Hearon: Model Comedian (2025),(no genres listed)
4133,Trainwreck: The Astroworld Tragedy (2025),(no genres listed)
4134,Monster High: Haunted (2015),(no genres listed)
4135,Dogtooth (2009),(no genres listed)
4136,Flipped,(no genres listed)
4137,Once Upon a Time in America,(no genres listed)
4138,Once Upon a Time in America (1984),(no genres listed)
4139,Kika (2025),(no genres listed)
4140,Deaf (2025),(no genres listed)
4141,Black Dog (2024),(no genres listed)
4142,Loveable (2024),(no genres listed)
4143,The Money Maker (2025),(no genres listed)
4144,Silent Friend (2025),(no genres listed)
4145,The Legend of Ochi (2025),(no genres listed)
4146,The Alto Knights (2025),(no genres listed)
4147,Leave One Day (2025),(no genres listed)
4148,Goodbye June (2025),(no genres listed)
4149,Spaceman (2024),(no genres listed)
4150,The Surfer (2024),(no genres listed)
4151,Block Pass (2024),(no genres listed)
4152,Outcome,(no genres listed)
4153,Love Hurts (2025),(no genres listed)
4154,Revelations (2025),(no genres listed)
4155,Hearts on Fire (2025),(no genres listed)
4156,Asterix & Obelix: The Big Fight (2025),(no genres listed)
4157,Cover-Up (2025),(no genres listed)
4158,The Post (2017),(no genres listed)
4159,Pain Hustlers (2023),(no genres listed)
4160,Reptile (2023),(no genres listed)
4161,A Normal Family (2023),(no genres listed)
4162,Palmer (2021),(no genres listed)
4163,Kaamelott: The First Chapter (2021),(no genres listed)
4164,Kompromat (2022),(no genres listed)
4165,The Highwaymen (2019),(no genres listed)
4166,Rustin (2023),(no genres listed)
4167,John Candy: I Like Me (2025),(no genres listed)
4168,The AI Doc: Or How I Became an Apocaloptimist (2026),(no genres listed)
4169,Monty Python and the Holy Grail (1975),(no genres listed)
4170,Jaws,(no genres listed)
4171,It's Such a Beautiful Day (2012),(no genres listed)
4172,It's Such a Beautiful Day,(no genres listed)
4173,Heathers: The Musical (2022),(no genres listed)
4174,White Noise (2022),(no genres listed)
4175,The Requin (2022),(no genres listed)
4176,The Son (2022),(no genres listed)
4177,Merrily We Roll Along (2025),(no genres listed)
4178,Waitress: The Musical (2023),(no genres listed)
4179,The Queen's Gambit,(no genres listed)
4180,The Angry Birds Movie (2016),(no genres listed)
4181,96 (2018),(no genres listed)
4182,Bonolota Express (2026),(no genres listed)
4183,Domm (2026),(no genres listed)
4184,Viduthalai: Part I (2023),(no genres listed)
4185,Tiger 3 (2023),(no genres listed)
4186,Fighter (2024),(no genres listed)
4187,Teri Baaton Mein Aisa Uljha Jiya (2024),(no genres listed)
4188,The Sympathizer (2024),(no genres listed)
4189,Pathaan (2023),(no genres listed)
4190,Utshob (2025),(no genres listed)
4191,The Lost Chapter: Yuki's Revenge (2025),(no genres listed)
4192,Deva (2025),(no genres listed)
4193,Thudarum (2025),(no genres listed)
4194,Viduthalai: Part II (2024),(no genres listed)
4195,Singham Again (2024),(no genres listed)
4196,War (2019),(no genres listed)
4197,Super Deluxe (2019),(no genres listed)
4198,Padmaavat (2018),(no genres listed)
4199,Zero (2018),(no genres listed)
4200,Laal Singh Chaddha (2022),(no genres listed)
4201,Chup (2022),(no genres listed)
4202,Vikram Vedha (2022),(no genres listed)
4203,Bharat (2019),(no genres listed)
4204,Master (2021),(no genres listed)
4205,Vikram (2022),(no genres listed)
4206,Pretty in Pink (1986),(no genres listed)
4207,After Hours (1985),(no genres listed)
4208,Ghost World (2001),(no genres listed)
4209,Spider-Man 3,(no genres listed)
4210,Jurassic Park,(no genres listed)
4211,The Last Viking (2025),(no genres listed)
4212,Mamma Mia! Here We Go Again,(no genres listed)
4213,It,(no genres listed)
4214,A Time Called You (2023),(no genres listed)
4215,A Shop for Killers (2024),(no genres listed)
4216,Vigilante (2023),(no genres listed)
4217,BlackBerry (2023),(no genres listed)
4218,Connect (2022),(no genres listed)
4219,The King of Pigs (2022),(no genres listed)
4220,The Sound of Magic (2022),(no genres listed)
4221,Juvenile Justice (2022),(no genres listed)
4222,Hellbound (2021),(no genres listed)
4223,Little Women (2022),(no genres listed)
4224,The Silent Sea (2021),(no genres listed)
4225,Vagabond (2019),(no genres listed)
4226,Extraordinary You (2019),(no genres listed)
4227,Tale of the Nine Tailed (2020),(no genres listed)
4228,Night in Paradise (2020),(no genres listed)
4229,Law School (2021),(no genres listed)
4230,Flower of Evil (2020),(no genres listed)
4231,Itaewon Class (2020),(no genres listed)
4232,The Chestnut Man (2021),(no genres listed)
4233,Run On (2020),(no genres listed)
4234,Beyond Evil (2021),(no genres listed)
4235,Hotel Del Luna (2019),(no genres listed)
4236,What's Wrong with Secretary Kim (2018),(no genres listed)
4237,Lovestruck in the City (2020),(no genres listed)
4238,The King: Eternal Monarch (2020),(no genres listed)
4239,D.P. (2021),(no genres listed)
4240,My Roommate Is a Gumiho (2021),(no genres listed)
4241,Hometown Cha-Cha-Cha (2021),(no genres listed)
4242,Doom at Your Service (2021),(no genres listed)
4243,Midnight (2021),(no genres listed)
4244,Emergency Declaration (2021),(no genres listed)
4245,"At a Distance, Spring is Green (2021)",(no genres listed)
4246,Chip 'n Dale: Rescue Rangers (2022),(no genres listed)
4247,You Can Live Forever (2022),(no genres listed)
4248,To All the Boys: P.S. I Still Love You,(no genres listed)
4249,Downsizing (2017),(no genres listed)
4250,Top Gun: Maverick,(no genres listed)
4251,Taylor Swift | The End of an Era (2025),(no genres listed)
4252,Ne Zha 2 (2025),(no genres listed)
4253,Idiocracy (2006),(no genres listed)
4254,Scott Pilgrim vs. the World,(no genres listed)
4255,A Man Called Otto,(no genres listed)
4256,DAN DA DAN: Evil Eye (2025),(no genres listed)
4257,Given (2020),(no genres listed)
4258,The Fast and the Furious,(no genres listed)
4259,Bacurau (2019),(no genres listed)
4260,The World's End (2013),(no genres listed)
4261,Bingo: The King of the Mornings (2017),(no genres listed)
4262,Corpse Bride,(no genres listed)
4263,Spermageddon (2024),(no genres listed)
4264,Man vs Baby (2025),(no genres listed)
4265,And Then We Danced (2019),(no genres listed)
4266,Don't Breathe 2 (2021),(no genres listed)
4267,Simply Black (2020),(no genres listed)
4268,The Stronghold (2021),(no genres listed)
4269,Serial (Bad) Weddings 2 (2019),(no genres listed)
4270,Capernaum (2018),(no genres listed)
4271,Black Box (2021),(no genres listed)
4272,Benedetta (2021),(no genres listed)
4273,Fantastic Beasts: The Secrets of Dumbledore,(no genres listed)
4274,Deerskin (2019),(no genres listed)
4275,27 (2023),(no genres listed)
4276,The Things You Kill (2025),(no genres listed)
4277,Jane Austen's Period Drama (2024),(no genres listed)
4278,Two People Exchanging Saliva (2024),(no genres listed)
4279,A Friend of Dorothy (2025),(no genres listed)
4280,Mars Express (2023),(no genres listed)
4281,The Carpenter's Son (2025),(no genres listed)
4282,Mandy (2018),(no genres listed)
4283,Olaf Presents (2021),(no genres listed)
4284,The Wild Pear Tree (2018),(no genres listed)
4285,22 vs. Earth (2021),(no genres listed)
4286,Mortal World (2018),(no genres listed)
4287,Happy Death Day 2U (2019),(no genres listed)
4288,Mad God (2021),(no genres listed)
4289,The Voice of Hind Rajab,(no genres listed)
4290,Sirāt,(no genres listed)
4291,X-Men Origins: Wolverine,(no genres listed)
4292,Aap Jaisa Koi (2025),(no genres listed)
4293,Saiyaara (2025),(no genres listed)
4294,Jigra (2024),(no genres listed)
4295,Dhoom Dhaam (2025),(no genres listed)
4296,Amaran (2024),(no genres listed)
4297,Do Patti (2024),(no genres listed)
4298,OMG 2 (2023),(no genres listed)
4299,Bhediya (2022),(no genres listed)
4300,Dil Bechara (2020),(no genres listed)
4301,Thappad (2020),(no genres listed)
4302,Kalank (2019),(no genres listed)
4303,Dream Girl (2019),(no genres listed)
4304,The Sky Is Pink (2019),(no genres listed)
4305,Kalki 2898-AD (2024),(no genres listed)
4306,Article 370 (2024),(no genres listed)
4307,Shaitaan (2024),(no genres listed)
4308,Munjya (2024),(no genres listed)
4309,Mrs. (2023),(no genres listed)
4310,Kathal (2023),(no genres listed)
4311,"Monica, O My Darling (2022)",(no genres listed)
4312,Sui Dhaaga - Made in India (2018),(no genres listed)
4313,Masaan (2015),(no genres listed)
4314,Laila Majnu (2018),(no genres listed)
4315,2.0 (2018),(no genres listed)
4316,Stree (2018),(no genres listed)
4317,Tamasha (2015),(no genres listed)
4318,Hichki (2018),(no genres listed)
4319,Raazi (2018),(no genres listed)
4320,Sanju (2018),(no genres listed)
4321,October (2018),(no genres listed)
4322,Lipstick Under My Burkha (2017),(no genres listed)
4323,Dear Zindagi (2016),(no genres listed)
4324,Drishyam (2015),(no genres listed)
4325,Ae Dil Hai Mushkil (2016),(no genres listed)
4326,Shaun the Sheep Movie (2015),(no genres listed)
4327,Bajrangi Bhaijaan (2015),(no genres listed)
4328,Bāhubali: The Beginning (2015),(no genres listed)
4329,The Man Who Knew Infinity (2015),(no genres listed)
4330,Dilwale (2015),(no genres listed)
4331,The Family McMullen (2025),(no genres listed)
4332,Louis Theroux: The Settlers (2025),(no genres listed)
4333,Hypnotic (2023),(no genres listed)
4334,Wise Guy: David Chase and The Sopranos (2024),(no genres listed)
4335,Arthur the King (2024),(no genres listed)
4336,Making of The Last of Us (2023),(no genres listed)
4337,Lou (2022),(no genres listed)
4338,Plane (2023),(no genres listed)
4339,Jaws @ 50: The Definitive Inside Story (2025),(no genres listed)
4340,News of the World (2020),(no genres listed)
4341,Let Them All Talk (2020),(no genres listed)
4342,The Ice Road (2021),(no genres listed)
4343,Friends: The Reunion (2021),(no genres listed)
4344,Scenes from a Marriage (2021),(no genres listed)
4345,The Many Saints of Newark (2021),(no genres listed)
4346,Moonfall (2022),(no genres listed)
4347,Black Crab (2022),(no genres listed)
4348,Last Seen Alive (2022),(no genres listed)
4349,Those Who Wish Me Dead (2021),(no genres listed)
4350,The Little Things (2021),(no genres listed)
4351,Fear of Rain (2021),(no genres listed)
4352,Under the Banner of Heaven (2022),(no genres listed)
4353,The Mysterious Gaze of the Flamingo (2025),(no genres listed)
4354,When the Phone Rings (2024),(no genres listed)
4355,Threads - Our Tapestry of Love (2020),(no genres listed)
4356,Pocket Hercules: Naim Suleymanoglu (2019),(no genres listed)
4357,NiNoKuni (2019),(no genres listed)
4358,Paper Lives (2021),(no genres listed)
4359,Eli (2019),(no genres listed)
4360,Countdown (2019),(no genres listed)
4361,You've Got Murder (2019),(no genres listed)
4362,Even If This Love Disappears from the World Tonight (2022),(no genres listed)
4363,Voices in the Wind (2020),(no genres listed)
4364,My Melody & Kuromi (2025),(no genres listed)
4365,The Last 10 Years (2022),(no genres listed)
4366,The Children's Train (2024),(no genres listed)
4367,The Sleeper (2025),(no genres listed)
4368,Your Eyes Tell (2020),(no genres listed)
4369,Drowning Love (2016),(no genres listed)
4370,Arif V 216 (2018),(no genres listed)
4371,Ayla: The Daughter of War (2017),(no genres listed)
4372,The Promised Neverland (2019),(no genres listed)
4373,Mirage (2018),(no genres listed)
4374,House of Hummingbird (2018),(no genres listed)
4375,Stranger in My Pocket (2018),(no genres listed)
4376,Barbie: Spy Squad (2016),(no genres listed)
4377,Barbie & Her Sisters in the Great Puppy Adventure (2015),(no genres listed)
4378,Delibal (2015),(no genres listed)
4379,Iftar Soda (2016),(no genres listed)
4380,Kiki's Delivery Service,(no genres listed)
4381,Pompei: Below the Clouds (2025),(no genres listed)
4382,Kinda Pregnant (2025),(no genres listed)
4383,Good News (2025),(no genres listed)
4384,Hedda (2025),(no genres listed)
4385,A Nonsense Christmas with Sabrina Carpenter (2024),(no genres listed)
4386,Trainwreck: Poop Cruise (2025),(no genres listed)
4387,Twisters,(no genres listed)
4388,Sing Sing (2023),(no genres listed)
4389,Mr. Harrigan's Phone (2022),(no genres listed)
4390,Before I Fall (2017),(no genres listed)
4391,Crimson Peak,(no genres listed)
4392,Franz (2025),(no genres listed)
4393,Tinker Bell and the Pirate Fairy (2014),(no genres listed)
4394,Waves (2024),(no genres listed)
4395,A Bug's Life (1998),(no genres listed)
4396,Bridget Jones: The Edge of Reason (2004),(no genres listed)
4397,The Little Mermaid (1989),(no genres listed)
4398,Tinker Bell and the Lost Treasure (2009),(no genres listed)
4399,Brave,(no genres listed)
4400,Tinker Bell (2008),(no genres listed)
4401,Predator (1987),(no genres listed)
4402,Holes (2003),(no genres listed)
4403,Cosmic Princess Kaguya! (2026),(no genres listed)
4404,The Return (2024),(no genres listed)
4405,F*ckin' Fred : Comme un Léopard (2025),(no genres listed)
4406,Kaamelott: The Second Chapter (Part I) (2025),(no genres listed)
4407,Out of Love (2025),(no genres listed)
4408,Primavera (2025),(no genres listed)
4409,Crash Course in Romance (2023),(no genres listed)
4410,Fiasco (2024),(no genres listed)
4411,Squeezie: Thanks Internet (2024),(no genres listed)
4412,Celebrity (2023),(no genres listed)
4413,Daily Dose of Sunshine (2023),(no genres listed)
4414,Inheritance (2024),(no genres listed)
4415,Weekend Rebels (2023),(no genres listed)
4416,Vincenzo (2021),(no genres listed)
4417,The Angry Birds Movie 2 (2019),(no genres listed)
4418,20th Century Girl,(no genres listed)
4419,Irish Wish (2024),(no genres listed)
4420,Bluey: The Sign (2024),(no genres listed)
4421,Fixed (2025),(no genres listed)
4422,Agatha Christie's Seven Dials (2026),(no genres listed)
4423,Bagman (2024),(no genres listed)
4424,Elemental,(no genres listed)
4425,Diary of a Wimpy Kid (2021),(no genres listed)
4426,Diary of a Wimpy Kid: Rodrick Rules (2022),(no genres listed)
4427,The Backrooms (Found Footage) (2022),(no genres listed)
4428,Falling for Christmas (2022),(no genres listed)
4429,Little Amélie or the Character of Rain,(no genres listed)
4430,Misery,(no genres listed)
4431,Barry Lyndon,(no genres listed)
4432,Life Is Beautiful,(no genres listed)
4433,The Lives of Others,(no genres listed)
4434,Nope,(no genres listed)
4435,Retribution (2023),(no genres listed)
4436,Winnie-the-Pooh: Blood and Honey 2 (2024),(no genres listed)
4437,Buy Now! The Shopping Conspiracy (2024),(no genres listed)
4438,Z-O-M-B-I-E-S 4: Dawn of the Vampires (2025),(no genres listed)
4439,All the Empty Rooms (2025),(no genres listed)
4440,Winnie the Pooh: Blood and Honey (2023),(no genres listed)
4441,The Beguiled (2017),(no genres listed)
4442,This Is the End (2013),(no genres listed)
4443,Blair Witch (2016),(no genres listed)
4444,Unfriended: Dark Web (2018),(no genres listed)
4445,Scrooge: A Christmas Carol (2022),(no genres listed)
4446,Despicable Me 2,(no genres listed)
4447,Blink Twice,(no genres listed)
4448,My Secret Santa (2025),(no genres listed)
4449,A Merry Little Ex-Mas (2025),(no genres listed)
4450,Jingle Bell Heist (2025),(no genres listed)
4451,Over Your Dead Body (2026),(no genres listed)
4452,In Your Dreams (2025),(no genres listed)
4453,Diary of a Wimpy Kid: The Last Straw (2025),(no genres listed)
4454,Pretty Lethal (2026),(no genres listed)
4455,Deep Water (2026),(no genres listed)
4456,Troll 2 (2025),(no genres listed)
4457,Anniversary (2025),(no genres listed)
4458,Fall for Me (2025),(no genres listed)
4459,Eenie Meanie (2025),(no genres listed)
4460,The SpongeBob Movie: Search for SquarePants (2025),(no genres listed)
4461,A Normal Woman (2025),(no genres listed)
4462,Ballad of a Small Player (2025),(no genres listed)
4463,Now You See Me: Now You Don't,(no genres listed)
4464,Influencers (2025),(no genres listed)
4465,The Hand That Rocks the Cradle (2025),(no genres listed)
4466,Mile End Kicks (2025),(no genres listed)
4467,Maintenance Required (2025),(no genres listed)
4468,Forbidden Fruits,(no genres listed)
4469,Return to Silent Hill,(no genres listed)
4470,The Great Flood,(no genres listed)
4471,Miss Congeniality,(no genres listed)
4472,Miss Congeniality (2000),(no genres listed)
4473,Furiosa: A Mad Max Saga,(no genres listed)
4474,Farewell My Concubine,(no genres listed)
4475,Eastern Promises (2007),(no genres listed)
4476,Ring (1998),(no genres listed)
4477,Candy Cane Lane (2023),(no genres listed)
4478,Spenser Confidential (2020),(no genres listed)
4479,Brahms: The Boy II (2020),(no genres listed)
4480,The Dirt (2019),(no genres listed)
4481,Dog (2022),(no genres listed)
4482,Jackass 4.5 (2022),(no genres listed)
4483,No One Will Miss Us (2024),(no genres listed)
4484,South Park: Post COVID (2021),(no genres listed)
4485,Memories of a Teenager (2019),(no genres listed)
4486,South Park: Post COVID: The Return of COVID (2021),(no genres listed)
4487,8-Bit Christmas (2021),(no genres listed)
4488,South Park the Streaming Wars Part 2 (2022),(no genres listed)
4489,South Park: The Pandemic Special (2020),(no genres listed)
4490,Sing Street (2016),(no genres listed)
4491,Venom,(no genres listed)
4492,Tales of an Immoral Couple (2016),(no genres listed)
4493,Daddy's Home (2015),(no genres listed)
4494,Bad Moms (2016),(no genres listed)
4495,The Ridiculous 6 (2015),(no genres listed)
4496,A Haunted House 2 (2014),(no genres listed)
4497,Diary of a Wimpy Kid: The Long Haul (2017),(no genres listed)
4498,Blockers (2018),(no genres listed)
4499,The Upside (2017),(no genres listed)
4500,Scream 3,(no genres listed)
4501,The Break-Up (2006),(no genres listed)
4502,Lara Croft: Tomb Raider (2001),(no genres listed)
4503,Avengers: Doomsday (2026),(no genres listed)
4504,Avengers: Doomsday,(no genres listed)
4505,"Love, Rosie",(no genres listed)
4506,Harry Potter and the Goblet of Fire,(no genres listed)
4507,Cars,(no genres listed)
4508,Spy Kids 3-D: Game Over (2003),(no genres listed)
4509,Honey (2003),(no genres listed)
4510,Spy Kids 2: The Island of Lost Dreams (2002),(no genres listed)
4511,Batman: Mask of the Phantasm (1993),(no genres listed)
4512,Menace II Society (1993),(no genres listed)
4513,Barnyard (2006),(no genres listed)
4514,17 Again (2009),(no genres listed)
4515,Easy A,(no genres listed)
4516,The Last Song (2010),(no genres listed)
4517,The Adventures of Sharkboy and Lavagirl (2005),(no genres listed)
4518,The Odyssey (2026),(no genres listed)
4519,The In-Laws 2 (2023),(no genres listed)
4520,The In-Laws (2021),(no genres listed)
4521,Dunkirk,(no genres listed)
4522,Million Dollar Baby (2004),(no genres listed)
4523,The Hunt,(no genres listed)
4524,Ride Away (2024),(no genres listed)
4525,God Save the Tuches (2025),(no genres listed)
4526,French Lover (2025),(no genres listed)
4527,Not Without My Shrink (2024),(no genres listed)
4528,Ernest & Celestine (2012),(no genres listed)
4529,Babysitting 2 (2015),(no genres listed)
4530,Nothing to Hide (2018),(no genres listed)
4531,Babysitting (2014),(no genres listed)
4532,The Marching Band,(no genres listed)
4533,Atlantis: The Lost Empire,(no genres listed)
4534,There Will Be Blood,(no genres listed)
4535,My First Summer (2020),(no genres listed)
4536,Earwig and the Witch (2020),(no genres listed)
4537,Over the Moon (2020),(no genres listed)
4538,Dou kyu sei – Classmates (2016),(no genres listed)
4539,Jack and the Cuckoo-Clock Heart (2013),(no genres listed)
4540,A Christmas Carol (2009),(no genres listed)
4541,Frankenweenie (2012),(no genres listed)
4542,Ruby Sparks (2012),(no genres listed)
4543,Perfume: The Story of a Murderer (2006),(no genres listed)
4544,The Chorus (2004),(no genres listed)
4545,Babygirl,(no genres listed)
4546,Pee-wee as Himself (2025),(no genres listed)
4547,30 Days of Night (2007),(no genres listed)
4548,Big Fish (2003),(no genres listed)
4549,Marriage Story,(no genres listed)
4550,The Making of Priscilla (2023),(no genres listed)
4551,Just My Luck (2006),(no genres listed)
4552,Blue Lagoon: The Awakening (2012),(no genres listed)
4553,New York Minute (2004),(no genres listed)
4554,First Daughter (2004),(no genres listed)
4555,She's Out of My League (2010),(no genres listed)
4556,But I'm a Cheerleader,(no genres listed)
4557,Shadow Beauty (2021),(no genres listed)
4558,Soundtrack #1 (2022),(no genres listed)
4559,Guardian: The Lonely and Great God (2016),(no genres listed)
4560,Welcome to Samdal-ri (2023),(no genres listed)
4561,Strangers from Hell (2019),(no genres listed)
4562,Descendants of the Sun (2016),(no genres listed)
4563,Anna (2022),(no genres listed)
4564,If Wishes Could Kill,(no genres listed)
4565,Dear X (2025),(no genres listed)
4566,Karma (2025),(no genres listed)
4567,The Legend of the Blue Sea (2016),(no genres listed)
4568,Luca,(no genres listed)
4569,Groundhog Day,(no genres listed)
4570,Big Eyes (2014),(no genres listed)
4571,The Wolverine (2013),(no genres listed)
4572,Dawn of the Planet of the Apes (2014),(no genres listed)
4573,Asterix: The Mansions of the Gods (2014),(no genres listed)
4574,The Tragedy of Macbeth (2021),(no genres listed)
4575,The Twilight Saga: Breaking Dawn – Part 2,(no genres listed)
4576,The Adventures of Tintin (2011),(no genres listed)
4577,Looper (2012),(no genres listed)
4578,A Serious Man (2009),(no genres listed)
4579,X-Men: First Class (2011),(no genres listed)
4580,Whip It (2009),(no genres listed)
4581,Hellboy II: The Golden Army (2008),(no genres listed)
4582,The Other Boleyn Girl (2008),(no genres listed)
4583,The Men Who Stare at Goats (2009),(no genres listed)
4584,Remember Me (2010),(no genres listed)
4585,The Orphanage (2007),(no genres listed)
4586,Polisse (2011),(no genres listed)
4587,Planet Terror (2007),(no genres listed)
4588,[REC] (2007),(no genres listed)
4589,The Boat That Rocked (2009),(no genres listed)
4590,#SalveRosa (2025),(no genres listed)
4591,Martyrs (2008),(no genres listed)
4592,Modern Times (1936),(no genres listed)
4593,Black Mirror: Playtest (2016),(no genres listed)
4594,Black Mirror: Be Right Back (2013),(no genres listed)
4595,Radiohead: In Rainbows - From the Basement (2008),(no genres listed)
4596,In the Mood for Love,(no genres listed)
4597,Shaolin Soccer,(no genres listed)
4598,The Elephant Man,(no genres listed)
4599,Central Station (1998),(no genres listed)
4600,"Ice Cold: Murder, Coffee and Jessica Wongso (2023)",(no genres listed)
4601,RedLife (2023),(no genres listed)
4602,180,(no genres listed)
4603,Back in Action (2025),(no genres listed)
4604,Nonnas (2025),(no genres listed)
4605,The Super Frugal Family (2025),(no genres listed)
4606,The Most Beautiful Girl in the World (2025),(no genres listed)
4607,Upstream (2024),(no genres listed)
4608,A Place Called Silence (2024),(no genres listed)
4609,Reunion (2024),(no genres listed)
4610,Firebreak (2026),(no genres listed)
4611,Vesper (2022),(no genres listed)
4612,Harriet (2019),(no genres listed)
4613,The Forgotten Battle (2020),(no genres listed)
4614,Munich – The Edge of War (2021),(no genres listed)
4615,Narvik (2022),(no genres listed)
4616,To Catch a Killer (2023),(no genres listed)
4617,The Hunger Games: Mockingjay – Part 2,(no genres listed)
4618,Schindler's List,(no genres listed)
4619,Simone: Woman of the Century (2022),(no genres listed)
4620,Tenor (2022),(no genres listed)
4621,Upon Entry (2022),(no genres listed)
4622,Junkyard Dog (2023),(no genres listed)
4623,Brothers (2024),(no genres listed)
4624,Consent (2023),(no genres listed)
4625,Asterix & Obelix: The Middle Kingdom (2023),(no genres listed)
4626,Daaaaaalí! (2023),(no genres listed)
4627,Jim's Story (2024),(no genres listed)
4628,The Second Act (2024),(no genres listed)
4629,Serial (Bad) Weddings (2014),(no genres listed)
4630,Case départ (2011),(no genres listed)
4631,Bye Bye Morons (2020),(no genres listed)
4632,Happening (2021),(no genres listed)
4633,Incredible But True (2022),(no genres listed)
4634,Leto (2018),(no genres listed)
4635,Dallas Buyers Club,(no genres listed)
4636,Memoirs of a Geisha (2005),(no genres listed)
4637,Fool Me Once (2024),(no genres listed)
4638,Ender's Game (2013),(no genres listed)
4639,Allied (2016),(no genres listed)
4640,The Space Between Us (2017),(no genres listed)
4641,Sherlock: The Final Problem (2017),(no genres listed)
4642,Inferno (2016),(no genres listed)
4643,Slender Man (2018),(no genres listed)
4644,Sherlock: The Abominable Bride (2016),(no genres listed)
4645,The Mummy (2017),(no genres listed)
4646,Alien: Covenant (2017),(no genres listed)
4647,Mama (2013),(no genres listed)
4648,Jumanji: Welcome to the Jungle,(no genres listed)
4649,Leatherface (2017),(no genres listed)
4650,The Crow (2024),(no genres listed)
4651,Clown (2014),(no genres listed)
4652,Mask Girl (2023),(no genres listed)
4653,Scooby-Doo (2002),(no genres listed)
4654,Mulan II (2004),(no genres listed)
4655,Scary Movie (2000),(no genres listed)
4656,The Mummy Returns (2001),(no genres listed)
4657,Wrong Turn (2003),(no genres listed)
4658,Warm Bodies (2013),(no genres listed)
4659,Vampire Hunter D: Bloodlust (2000),(no genres listed)
4660,The Red Turtle (2016),(no genres listed)
4661,The Stranger by the Shore (2020),(no genres listed)
4662,Mune: Guardian of the Moon (2014),(no genres listed)
4663,Hotarubi no Mori e (2011),(no genres listed)
4664,A Monster in Paris (2011),(no genres listed)
4665,The Tourist (2010),(no genres listed)
4666,Possessor (2020),(no genres listed)
4667,Steven Universe: The Movie (2019),(no genres listed)
4668,We're All Going to the World's Fair (2021),(no genres listed)
4669,The Owl House: Thanks to Them (2022),(no genres listed)
4670,Rise of the Teenage Mutant Ninja Turtles: The Movie (2022),(no genres listed)
4671,Sonny Boy (2021),(no genres listed)
4672,Attack on Titan: Wings of Freedom (2015),(no genres listed)
4673,Kizumonogatari Part 2: Nekketsu (2016),(no genres listed)
4674,Toy Story 4,(no genres listed)
4675,Kizumonogatari Part 3: Reiketsu (2017),(no genres listed)
4676,A Dog's Purpose (2017),(no genres listed)
4677,Kizumonogatari Part 1: Tekketsu (2016),(no genres listed)
4678,Meet the Robinsons,(no genres listed)
4679,Unpregnant (2020),(no genres listed)
4680,"Yes, God, Yes (2019)",(no genres listed)
4681,Big Time Adolescence (2019),(no genres listed)
4682,Metal Lords (2022),(no genres listed)
4683,The Lodge (2019),(no genres listed)
4684,The Miseducation of Cameron Post (2018),(no genres listed)
4685,Flower (2017),(no genres listed)
4686,Zapped (2014),(no genres listed)
4687,Rabbit Trap (2025),(no genres listed)
4688,Sketch (2024),(no genres listed)
4689,Hell House LLC: Lineage (2025),(no genres listed)
4690,Mother Mary,(no genres listed)
4691,Bone Lake (2024),(no genres listed)
4692,100 Nights of Hero (2025),(no genres listed)
4693,Holland (2025),(no genres listed)
4694,Hellboy: The Crooked Man (2024),(no genres listed)
4695,Slanted (2025),(no genres listed)
4696,Hold Your Breath (2024),(no genres listed)
4697,The Front Room (2024),(no genres listed)
4698,Mr. Crocket (2024),(no genres listed)
4699,Never Let Go (2024),(no genres listed)
4700,The Mortuary Assistant (2026),(no genres listed)
4701,Mother of Flies (2025),(no genres listed)
4702,Sebastian (2024),(no genres listed)
4703,Run Rabbit Run (2023),(no genres listed)
4704,Harold and the Purple Crayon (2024),(no genres listed)
4705,Batman: The Doom That Came to Gotham (2023),(no genres listed)
4706,Stopmotion (2023),(no genres listed)
4707,The Damned (2024),(no genres listed)
4708,V/H/S/85 (2023),(no genres listed)
4709,The Venture Bros.: Radiant Is the Blood of the Baboon Heart (2023),(no genres listed)
4710,Daisies,(no genres listed)
4711,Bird Box,(no genres listed)
4712,The Conjuring,(no genres listed)
4713,Eighth Grade,(no genres listed)
4714,Cruel Intentions,(no genres listed)
4715,Sucker Punch (2011),(no genres listed)
4716,Breakfast at Tiffany's (1961),(no genres listed)
4717,Practical Magic (1998),(no genres listed)
4718,X2 (2003),(no genres listed)
4719,X-Men: The Last Stand (2006),(no genres listed)
4720,Chicago,(no genres listed)
4721,Brokeback Mountain,(no genres listed)
4722,A Few Good Men,(no genres listed)
4723,All That's Left of You (2025),(no genres listed)
4724,His House (2020),(no genres listed)
4725,Abigail,(no genres listed)
4726,Twins in Paradise (2020),(no genres listed)
4727,Vanilla Sky,(no genres listed)
4728,Am I OK?,(no genres listed)
4729,Immaculate,(no genres listed)
4730,"The Program: Cons, Cults, and Kidnapping (2024)",(no genres listed)
4731,Daisy Jones & the Six (2023),(no genres listed)
4732,Next to Normal (2025),(no genres listed)
4733,Olivia Rodrigo: GUTS World Tour (2024),(no genres listed)
4734,True Spirit (2023),(no genres listed)
4735,Behind the Curtain: Stranger Things: The First Shadow (2025),(no genres listed)
4736,Stray Kids: The dominATE Experience (2026),(no genres listed)
4737,OLIVIA RODRIGO: driving home 2 u (a SOUR film) (2022),(no genres listed)
4738,Cats (2019),(no genres listed)
4739,Miss Americana (2020),(no genres listed)
4740,The Princess and the Frog,(no genres listed)
4741,The Impossible,(no genres listed)
4742,Do Revenge,(no genres listed)
4743,Ray (2004),(no genres listed)
4744,Lemony Snicket's A Series of Unfortunate Events (2004),(no genres listed)
4745,Paddington 2,(no genres listed)
4746,Harry Potter and the Half-Blood Prince,(no genres listed)
4747,Hot Fuzz,(no genres listed)
4748,The Island (2005),(no genres listed)
4749,The Craft,(no genres listed)
4750,The Pianist,(no genres listed)
4751,High and Low (1963),(no genres listed)
4752,The Sound of Music (1965),(no genres listed)
4753,Pather Panchali (1955),(no genres listed)
4754,Jab We Met (2007),(no genres listed)
4755,Patriot (2026),(no genres listed)
4756,Love Insurance Kompany (2026),(no genres listed)
4757,Mrithyunjay (2026),(no genres listed)
4758,Kartavya (2026),(no genres listed)
4759,Sambhavam Adhyayam Onnu (2026),(no genres listed)
4760,Masthishka Maranam (2026),(no genres listed)
4761,Vladimir (2026),(no genres listed)
4762,DTF St. Louis (2026),(no genres listed)
4763,Bharathanatyam 2 Mohiniyattam (2026),(no genres listed)
4764,Ustaad Bhagat Singh (2026),(no genres listed)
4765,Vengeance (2026),(no genres listed)
4766,Dacoit (2026),(no genres listed)
4767,Oru Durooha Saahacharyathil (2026),(no genres listed)
4768,Made in Korea (2026),(no genres listed)
4769,Bhooth Bangla (2026),(no genres listed)
4770,Thaai Kizhavi (2026),(no genres listed)
4771,Kara (2026),(no genres listed)
4772,Aadu 3 (2026),(no genres listed)
4773,Biker (2026),(no genres listed)
4774,Vaazha II (2026),(no genres listed)
4775,Happy Raj (2026),(no genres listed)
4776,Youth (2026),(no genres listed)
4777,Drishyam 3 (2026),(no genres listed)
4778,Prathichaya (2026),(no genres listed)
4779,56 Days (2026),(no genres listed)
4780,Mana ShankaraVaraPrasad Garu (2026),(no genres listed)
4781,Hotspot 2 Much (2026),(no genres listed)
4782,Chatha Pacha: The Ring of Rowdies (2026),(no genres listed)
4783,Parasakthi (2026),(no genres listed)
4784,Pennu Case (2026),(no genres listed)
4785,Bhartha Mahasayulaku Wignyapthi (2026),(no genres listed)
4786,Sarvam Maya (2025),(no genres listed)
4787,Ashakal Aayiram (2026),(no genres listed)
4788,With Love (2026),(no genres listed)
4789,How to Make a Killing,(no genres listed)
4790,Run Away (2026),(no genres listed)
4791,Couple Friendly (2026),(no genres listed)
4792,Mardaani 3 (2026),(no genres listed)
4793,Vaa Vaathiyaar (2026),(no genres listed)
4794,Thalaivar Thambi Thalaimaiyil (2026),(no genres listed)
4795,Naari Naari Naduma Murari (2026),(no genres listed)
4796,Prakambanam (2026),(no genres listed)
4797,Valathu Vashathe Kallan (2026),(no genres listed)
4798,Anaganaga Oka Raju (2026),(no genres listed)
4799,Baby Girl (2026),(no genres listed)
4800,Beauty and the Beast,(no genres listed)
4801,Beauty and the Beast (2014),(no genres listed)
4802,Nahir (2024),(no genres listed)
4803,Johanne Sacreblu (2025),(no genres listed)
4804,Kill the Jockey (2024),(no genres listed)
4805,"Monster High: Boo York, Boo York (2015)",(no genres listed)
4806,Handsome Devil (2016),(no genres listed)
4807,Barbie: The Princess & the Popstar (2012),(no genres listed)
4808,Monster High: Great Scarrier Reef (2016),(no genres listed)
4809,Barbie and the Secret Door (2014),(no genres listed)
4810,Barbie in the Pink Shoes (2013),(no genres listed)
4811,Gilmore Girls: A Year in the Life (2016),(no genres listed)
4812,Monster High: Why Do Ghouls Fall in Love? (2012),(no genres listed)
4813,Mirror Mirror (2012),(no genres listed)
4814,Sometimes I Think About Dying (2023),(no genres listed)
4815,The Last Year of Darkness (2023),(no genres listed)
4816,The Butterfly Effect,(no genres listed)
4817,Hannibal: This Is My Design,(no genres listed)
4818,Banana Fish (2018),(no genres listed)
4819,Wayne (2019),(no genres listed)
4820,Look Away (2018),(no genres listed)
4821,Firebird (2021),(no genres listed)
4822,Dororo (2019),(no genres listed)
4823,SK8 the Infinity (2021),(no genres listed)
4824,Devilman Crybaby (2018),(no genres listed)
4825,91 Days (2016),(no genres listed)
4826,The Amazing Digital Circus: The Last Act (2026),(no genres listed)
4827,The Amazing Digital Circus: The Last Act,(no genres listed)
4828,The Human Centipede 3 (Final Sequence) (2015),(no genres listed)
4829,The Human Centipede (First Sequence) (2009),(no genres listed)
4830,The Collector (2009),(no genres listed)
4831,House M.D.: The Doctor Directs (2012),(no genres listed)
4832,The Human Centipede 2 (Full Sequence) (2011),(no genres listed)
4833,I Spit on Your Grave (2010),(no genres listed)
4834,Rio 2 (2014),(no genres listed)
4835,Mr. Popper's Penguins (2011),(no genres listed)
4836,When Evil Lurks,(no genres listed)
4837,Happy as Lazzaro (2018),(no genres listed)
4838,A Poet (2025),(no genres listed)
4839,Noroi: The Curse (2005),(no genres listed)
4840,Blade (1998),(no genres listed)
4841,I May Destroy You (2020),(no genres listed)
4842,Rotting in the Sun (2023),(no genres listed)
4843,Passages (2023),(no genres listed)
4844,Pusher (1996),(no genres listed)
4845,Head-On (2004),(no genres listed)
4846,La Ciénaga (2001),(no genres listed)
4847,Trouble Every Day (2001),(no genres listed)
4848,Battle Royale (2000),(no genres listed)
4849,Love Exposure (2008),(no genres listed)
4850,Beau Travail (1999),(no genres listed)
4851,The Tenant (1976),(no genres listed)
4852,House (1977),(no genres listed)
4853,Tampopo (1985),(no genres listed)
4854,Angel's Egg (1985),(no genres listed)
4855,Man Bites Dog (1992),(no genres listed)
4856,Death Becomes Her (1992),(no genres listed)
4857,Belladonna of Sadness (1973),(no genres listed)
4858,The Young Girls of Rochefort (1967),(no genres listed)
4859,The Young Girls of Rochefort,(no genres listed)
4860,The Wedding (2026),(no genres listed)
4861,14 Peaks: Nothing Is Impossible (2021),(no genres listed)
4862,Driving Madeleine (2022),(no genres listed)
4863,The Man Who Could Not Remain Silent (2024),(no genres listed)
4864,The Tinder Swindler (2022),(no genres listed)
4865,Dirty Grandpa (2016),(no genres listed)
4866,Perfect Strangers (2016),(no genres listed)
4867,Youth (2015),(no genres listed)
4868,Boiling Point,(no genres listed)
4869,Amy (2015),(no genres listed)
4870,The Captive (2025),(no genres listed)
4871,Ouija (2014),(no genres listed)
4872,Ouija: Origin of Evil (2016),(no genres listed)
4873,Primal Fear (1996),(no genres listed)
4874,A Time to Kill (1996),(no genres listed)
4875,Sleepers (1996),(no genres listed)
4876,Whisper of the Heart,(no genres listed)
4877,Doctor Strange,(no genres listed)
4878,Hell or High Water (2016),(no genres listed)
4879,Captain Marvel,(no genres listed)
4880,Ford v Ferrari,(no genres listed)
4881,Sound of Metal,(no genres listed)
4882,Harry Styles. One Night in Manchester. (2026),(no genres listed)
4883,The Courier (2020),(no genres listed)
4884,Child's Play (2019),(no genres listed)
4885,Billie Eilish: The World's a Little Blurry (2021),(no genres listed)
4886,The Shallows (2016),(no genres listed)
4887,The Peanuts Movie (2015),(no genres listed)
4888,Gerald's Game (2017),(no genres listed)
4889,Vitória (2025),(no genres listed)
4890,The Assessment (2024),(no genres listed)
4891,The Park Maniac (2024),(no genres listed)
4892,Pictures of Ghosts (2023),(no genres listed)
4893,Just Another Christmas (2020),(no genres listed)
4894,Host (2020),(no genres listed)
4895,Lamb (2021),(no genres listed)
4896,The Old Guard (2020),(no genres listed)
4897,Cadaver (2020),(no genres listed)
4898,Black Panther: Wakanda Forever,(no genres listed)
4899,Pieces of a Woman (2020),(no genres listed)
4900,Tall Girl 2 (2022),(no genres listed)
4901,Depp V Heard (2023),(no genres listed)
4902,Spiderhead (2022),(no genres listed)
4903,The Wrath of Becky (2023),(no genres listed)
4904,Hardcore Henry (2015),(no genres listed)
4905,Flushed Away (2006),(no genres listed)
4906,Sky High (2005),(no genres listed)
4907,A Simple Favor (2018),(no genres listed)
4908,Now You See Me 2,(no genres listed)
4909,Birds of Prey (and the Fantabulous Emancipation of One Harley Quinn),(no genres listed)
4910,High and Low,(no genres listed)
4911,A Silent Voice: The Movie,(no genres listed)
4912,The Grudge (2019),(no genres listed)
4913,Norma: Antara Mertua dan Menantu (2025),(no genres listed)
4914,The Elixir,(no genres listed)
4915,Paranormal Activity 2 (2010),(no genres listed)
4916,Almost Famous,(no genres listed)
4917,Knight and Day (2010),(no genres listed)
4918,30 Minutes or Less (2011),(no genres listed)
4919,The Fountain (2006),(no genres listed)
4920,Kiss Kiss Bang Bang (2005),(no genres listed)
4921,A Knight's Tale (2001),(no genres listed)
4922,Moonstruck (1987),(no genres listed)
4923,Raising Arizona (1987),(no genres listed)
4924,Run Lola Run (1998),(no genres listed)
4925,The Last Unicorn (1982),(no genres listed)
4926,Gattaca (1997),(no genres listed)
4927,The Greatest Showman,(no genres listed)
4928,Beautiful Wedding (2024),(no genres listed)
4929,Marked Men: Rule + Shaw (2025),(no genres listed)
4930,A Babysitter's Guide to Monster Hunting (2020),(no genres listed)
4931,Jingle Jangle: A Christmas Journey (2020),(no genres listed)
4932,A Boy Called Christmas (2021),(no genres listed)
4933,She-Hulk: Attorney at Law (2022),(no genres listed)
4934,Maze Runner: The Death Cure,(no genres listed)
4935,La Vénus électrique (2026),(no genres listed)
4936,Goliath (2022),(no genres listed)
4937,La Vénus électrique,(no genres listed)
4938,The Goldman Case (2023),(no genres listed)
4939,All the Beauty and the Bloodshed (2022),(no genres listed)
4940,Burlesque (2010),(no genres listed)
4941,Hitman: Agent 47 (2015),(no genres listed)
4942,Rocketman,(no genres listed)
4943,"Monsters, Inc.",(no genres listed)
4944,Alvin and the Chipmunks: The Road Chip (2015),(no genres listed)
4945,Scary Movie 5 (2013),(no genres listed)
4946,Taken 2 (2012),(no genres listed)
4947,Taken 3 (2014),(no genres listed)
4948,Endless Love (2014),(no genres listed)
4949,Carrie (2013),(no genres listed)
4950,Ocean's Twelve (2004),(no genres listed)
4951,Charlie's Angels (2000),(no genres listed)
4952,Charlie's Angels: Full Throttle (2003),(no genres listed)
4953,Scary Movie 3 (2003),(no genres listed)
4954,Scary Movie 4 (2006),(no genres listed)
4955,The Seat (2025),(no genres listed)
4956,NOT BAD (2026),(no genres listed)
4957,Feel My Voice (2026),(no genres listed)
4958,BTS THE COMEBACK LIVE | ARIRANG (2026),(no genres listed)
4959,Apple Music Live: Gracie Abrams (2025),(no genres listed)
4960,BTS: THE RETURN (2026),(no genres listed)
4961,Marvel Zombies (2025),(no genres listed)
4962,Butcher's Stain (2025),(no genres listed)
4963,Finding Harry: The Craft Behind the Magic (2026),(no genres listed)
4964,Sean Combs: The Reckoning (2025),(no genres listed)
4965,Forevergreen (2025),(no genres listed)
4966,American Manhunt: Osama bin Laden (2025),(no genres listed)
4967,Maxton Hall: Reunion (2025),(no genres listed)
4968,One Last Adventure: The Making of Stranger Things 5 (2026),(no genres listed)
4969,"Miraculous World: London, At the Edge of Time (2024)",(no genres listed)
4970,Sing: Thriller (2024),(no genres listed)
4971,SNL50: The Homecoming Concert (2025),(no genres listed)
4972,Family Pack (2024),(no genres listed)
4973,Ladies & Gentlemen... 50 Years of SNL Music (2025),(no genres listed)
4974,Senna (2024),(no genres listed)
4975,Elton John: Never Too Late (2024),(no genres listed)
4976,Batman Ninja vs. Yakuza League (2025),(no genres listed)
4977,JUNG KOOK: I AM STILL (2024),(no genres listed)
4978,Laufey's A Night at the Symphony: Hollywood Bowl (2024),(no genres listed)
4979,The Devil Is Busy (2024),(no genres listed)
4980,Bad Influence (2025),(no genres listed)
4981,Mission: Impossible – The Final Reckoning,(no genres listed)
4982,Those Happy Days (2006),(no genres listed)
4983,Five (2016),(no genres listed)
4984,The American Dream,(no genres listed)
4985,What's in a Name (2012),(no genres listed)
4986,Through the Fire (2018),(no genres listed)
4987,Man vs Bee (2022),(no genres listed)
4988,Trouble (2024),(no genres listed)
4989,Intrusion (2021),(no genres listed)
4990,I Came By (2022),(no genres listed)
4991,Johnny English Strikes Again (2018),(no genres listed)
4992,CODA,(no genres listed)
4993,Time to Hunt (2020),(no genres listed)
4994,WHAT DID JACK DO? (2017),(no genres listed)
4995,Travis Scott: Look Mom I Can Fly (2019),(no genres listed)
4996,21 Bridges (2019),(no genres listed)
4997,Paul Blart: Mall Cop 2 (2015),(no genres listed)
4998,The Open House (2018),(no genres listed)
4999,Words on Bathroom Walls (2020),(no genres listed)
5000,Barbie: Dolphin Magic (2017),(no genres listed)
5001,Society of the Snow,(no genres listed)
5002,The Call of the Wild (2020),(no genres listed)
5003,Insidious: The Last Key (2018),(no genres listed)
5004,Conversations with a Killer: The Jeffrey Dahmer Tapes (2022),(no genres listed)
5005,Winchester (2018),(no genres listed)
5006,Tomb Raider (2018),(no genres listed)
5007,Cam (2018),(no genres listed)
5008,Joyland (2022),(no genres listed)
5009,Bill & Ted Face the Music (2020),(no genres listed)
5010,The War with Grandpa (2020),(no genres listed)
5011,13th (2016),(no genres listed)
5012,Insidious: Chapter 3 (2015),(no genres listed)
5013,Oculus (2013),(no genres listed)
5014,Marriage Story: From the Pages to the Performances (2019),(no genres listed)
5015,Roadrunner: A Film About Anthony Bourdain (2021),(no genres listed)
5016,A Good Person (2023),(no genres listed)
5017,Matilda,(no genres listed)
5018,While You Were Sleeping (1995),(no genres listed)
5019,Summer of 69 (2025),(no genres listed)
5020,The Other Bennet Sister (2026),(no genres listed)
5021,Nadaaniyan (2025),(no genres listed)
5022,How to Lose a Popularity Contest (2026),(no genres listed)
5023,Spellbound (2024),(no genres listed)
5024,Mary (2024),(no genres listed)
5025,I am the Secret in Your Heart (2024),(no genres listed)
5026,Girl Haunts Boy (2024),(no genres listed)
5027,Boot Camp (2024),(no genres listed)
5028,Ultraman: Rising (2024),(no genres listed)
5029,How to Date Billy Walsh (2024),(no genres listed)
5030,Players (2024),(no genres listed)
5031,Young Royals Forever (2024),(no genres listed)
5032,Code 8 Part II (2024),(no genres listed)
5033,Some Like It Hot,(no genres listed)
5034,Titane,(no genres listed)
5035,Lost Illusions (2021),(no genres listed)
5036,No Other Choice,(no genres listed)
5037,The Next 365 Days (2022),(no genres listed)
5038,Alpha (2025),(no genres listed)
5039,Cry Macho (2021),(no genres listed)
5040,Kate (2021),(no genres listed)
5041,Going in Style (2017),(no genres listed)
5042,The Mule (2018),(no genres listed)
5043,The Circle (2017),(no genres listed)
5044,"I, Daniel Blake (2016)",(no genres listed)
5045,Jack Reacher: Never Go Back (2016),(no genres listed)
5046,The Man from U.N.C.L.E. (2015),(no genres listed)
5047,Rio,(no genres listed)
5048,A Bug's Life,(no genres listed)
5049,Pirates of the Caribbean: The Curse of the Black Pearl,(no genres listed)
5050,Beetlejuice,(no genres listed)
5051,65 (2023),(no genres listed)
5052,Chaos Walking (2021),(no genres listed)
5053,All We Imagine as Light (2024),(no genres listed)
5054,If I Stay (2014),(no genres listed)
5055,The Best of Me (2014),(no genres listed)
5056,The Lucky One (2012),(no genres listed)
5057,47 Meters Down (2017),(no genres listed)
5058,Torrente for President,(no genres listed)
5059,Jungle (2017),(no genres listed)
5060,The Girl Who Escaped: The Kara Robinson Story (2023),(no genres listed)
5061,The Spy Who Dumped Me (2018),(no genres listed)
5062,The Wind Rises,(no genres listed)
5063,Burning,(no genres listed)
5064,Butterfly (2024),(no genres listed)
5065,Scars We Love (2024),(no genres listed)
5066,Dreams (2024),(no genres listed)
5067,Love (2024),(no genres listed)
5068,Dreams (2025),(no genres listed)
5069,Io Capitano (2023),(no genres listed)
5070,Put Your Soul on Your Hand and Walk (2025),(no genres listed)
5071,How to Have Sex (2023),(no genres listed)
5072,"Paris, 13th District (2021)",(no genres listed)
5073,Richard Jewell (2019),(no genres listed)
5074,Budapest (2018),(no genres listed)
5075,Once Upon a Time in Anatolia (2011),(no genres listed)
5076,Winter Sleep (2014),(no genres listed)
5077,Gold Brick (2023),(no genres listed)
5078,Dr. Stone: Ryusui (2022),(no genres listed)
5079,Taxi 5 (2018),(no genres listed)
5080,Ready or Not,(no genres listed)
5081,Jerry & Marge Go Large (2022),(no genres listed)
5082,A Fantastic Woman (2017),(no genres listed)
5083,Point Break (2015),(no genres listed)
5084,Star Trek Beyond (2016),(no genres listed)
5085,Holmes & Watson (2018),(no genres listed)
5086,Jojo Rabbit,(no genres listed)
5087,Nirvanna the Band the Show the Movie,(no genres listed)
5088,Ash (2025),(no genres listed)
5089,The Parenting (2025),(no genres listed)
5090,Sisu: Road to Revenge (2025),(no genres listed)
5091,Colors of Evil: Red (2024),(no genres listed)
5092,The Girl with the Needle (2024),(no genres listed)
5093,This Is the End,(no genres listed)
5094,Emily the Criminal (2022),(no genres listed)
5095,The Black Phone,(no genres listed)
5096,The Purge: Anarchy (2014),(no genres listed)
5097,The Butler (2013),(no genres listed)
5098,Blue Jay (2016),(no genres listed)
5099,A Dog's Way Home (2019),(no genres listed)
5100,Something's Gotta Give (2003),(no genres listed)
5101,As Good as It Gets (1997),(no genres listed)
5102,The Lost World: Jurassic Park (1997),(no genres listed)
5103,The Fifth Element (1997),(no genres listed)
5104,Big (1988),(no genres listed)
5105,Lolita (1962),(no genres listed)
5106,Sleepless in Seattle (1993),(no genres listed)
5107,WALL·E,(no genres listed)
5108,Snow Bear (2024),(no genres listed)
5109,JoJo's Bizarre Adventure: Stone Ocean (2021),(no genres listed)
5110,Escape Plan: The Extractors (2019),(no genres listed)
5111,Dragon Ball Super: Broly (2018),(no genres listed)
5112,Swing Girls,(no genres listed)
5113,Training Day,(no genres listed)
5114,"Hi Bye, Mama! (2020)",(no genres listed)
5115,Backstreet Rookie (2020),(no genres listed)
5116,The Gifted (2014),(no genres listed)
5117,18 Again (2020),(no genres listed)
5118,Tomorrow (2022),(no genres listed)
5119,Mr. Queen (2020),(no genres listed)
5120,Sydney White (2007),(no genres listed)
5121,Dream (2023),(no genres listed)
5122,On Your Wedding Day (2018),(no genres listed)
5123,Cheer Up (2022),(no genres listed)
5124,Fight for My Way (2017),(no genres listed)
5125,Man in Love (2021),(no genres listed)
5126,"Isa Pa, With Feelings (2019)",(no genres listed)
5127,Ruby Sparks,(no genres listed)
5128,Sound of Freedom (2023),(no genres listed)
5129,How to Be Single (2016),(no genres listed)
5130,The Town (2010),(no genres listed)
5131,You're Cordially Invited (2025),(no genres listed)
5132,Along Came Polly (2004),(no genres listed)
5133,Awakenings (1990),(no genres listed)
5134,Four Good Days (2020),(no genres listed)
5135,The Ides of March (2011),(no genres listed)
5136,Hillbilly Elegy (2020),(no genres listed)
5137,The End of the Tour (2015),(no genres listed)
5138,The Big Short,(no genres listed)
5139,The Town,(no genres listed)
5140,Joy (2015),(no genres listed)
5141,Far from the Madding Crowd (2015),(no genres listed)
5142,Unbroken (2014),(no genres listed)
5143,The Darjeeling Limited,(no genres listed)
5144,Maurice (1987),(no genres listed)
5145,Lost in Starlight (2025),(no genres listed)
5146,Upgrade (2018),(no genres listed)
5147,12 Strong (2018),(no genres listed)
5148,The Belko Experiment (2016),(no genres listed)
5149,Shot Caller (2017),(no genres listed)
5150,Patriots Day (2016),(no genres listed)
5151,Get Hard (2015),(no genres listed)
5152,Transformers: Age of Extinction (2014),(no genres listed)
5153,The Fighter (2010),(no genres listed)
5154,Lone Survivor (2013),(no genres listed)
5155,Source Code (2011),(no genres listed)
5156,We Bought a Zoo (2011),(no genres listed)
5157,The Big Sick (2017),(no genres listed)
5158,Erin Brockovich (2000),(no genres listed)
5159,The Namesake (2006),(no genres listed)
5160,High School Musical 2 (2007),(no genres listed)
5161,The Birdcage (1996),(no genres listed)
5162,Light Light Light (2023),(no genres listed)
5163,The Dream Songs (2022),(no genres listed)
5164,The Roommate (2011),(no genres listed)
5165,Recep Ivedik 7 (2022),(no genres listed)
5166,Recep Ivedik 6 (2019),(no genres listed)
5167,Recep Ivedik 5 (2017),(no genres listed)
5168,Recep Ivedik 2 (2009),(no genres listed)
5169,Recep Ivedik (2008),(no genres listed)
5170,Recep Ivedik 3 (2010),(no genres listed)
5171,Recep Ivedik 4 (2014),(no genres listed)
5172,The Breadwinner (2017),(no genres listed)
5173,Z-O-M-B-I-E-S 2 (2020),(no genres listed)
5174,Inside Out,(no genres listed)
5175,Heel (2025),(no genres listed)
5176,Chaos: The Manson Murders (2025),(no genres listed)
5177,Marmalade (2024),(no genres listed)
5178,The 7 Lives of Lea (2022),(no genres listed)
5179,Baby Reindeer,(no genres listed)
5180,How to Blow Up a Pipeline (2022),(no genres listed)
5181,The Contestant (2023),(no genres listed)
5182,Adrift (2018),(no genres listed)
5183,Titanic,(no genres listed)
5184,My Oxford Year,(no genres listed)
5185,Pretty Woman,(no genres listed)
5186,Iron Man 2,(no genres listed)
5187,The Emperor's New Groove,(no genres listed)
5188,Antlers (2021),(no genres listed)
5189,The Night House (2020),(no genres listed)
5190,Bloodshot (2020),(no genres listed)
5191,The Empty Man (2020),(no genres listed)
5192,Thunder Force (2021),(no genres listed)
5193,Freaky (2020),(no genres listed)
5194,A Quiet Place Part II,(no genres listed)
5195,Black Christmas,(no genres listed)
5196,Home Alone,(no genres listed)
5197,Becoming Led Zeppelin (2025),(no genres listed)
5198,All the Light We Cannot See (2023),(no genres listed)
5199,Clark (2022),(no genres listed)
5200,The Card Counter (2021),(no genres listed)
5201,Army of Thieves (2021),(no genres listed)
5202,Possession,(no genres listed)
5203,Neighbors (2014),(no genres listed)
5204,The Internship (2013),(no genres listed)
5205,Spider-Man: Homecoming,(no genres listed)
5206,Megalopolis,(no genres listed)
5207,Neighbors 2: Sorority Rising (2016),(no genres listed)
5208,Logan Lucky (2017),(no genres listed)
5209,Romeo and Juliet (1968),(no genres listed)
5210,The Lizzie McGuire Movie (2003),(no genres listed)
5211,Peter Pan (2003),(no genres listed)
5212,The Sisterhood of the Traveling Pants (2005),(no genres listed)
5213,The Wedding Planner (2001),(no genres listed)
5214,Lady and the Tramp (1955),(no genres listed)
5215,Check the Store Next Door 2 (2022),(no genres listed)
5216,Life As We Know It (2010),(no genres listed)
5217,Marley & Me (2008),(no genres listed)
5218,The Nanny Diaries (2007),(no genres listed)
5219,Supernatural: The End of the Road (2021),(no genres listed)
5220,"Angus, Thongs and Perfect Snogging (2008)",(no genres listed)
5221,Snow White and the Huntsman (2012),(no genres listed)
5222,Barbie: A Fairy Secret (2011),(no genres listed)
5223,My Little Pony: Equestria Girls - Legend of Everfree (2016),(no genres listed)
5224,Beauty and the Beast (1991),(no genres listed)
5225,Stuart Little (1999),(no genres listed)
5226,Anastasia (1997),(no genres listed)
5227,Breakfast at Tiffany's,(no genres listed)
5228,Sleepers,(no genres listed)
5229,Titan: The OceanGate Submersible Disaster (2025),(no genres listed)
5230,Artemis Fowl (2020),(no genres listed)
5231,Silent Night (2021),(no genres listed)
5232,When Life Gives You Tangerines,(no genres listed)
5233,Twelve Monkeys (1995),(no genres listed)
5234,Amores Perros (2000),(no genres listed)
5235,A Clockwork Orange,(no genres listed)
5236,Buen Camino (2025),(no genres listed)
5237,The Passion of the Christ (2004),(no genres listed)
5238,Silenced (2011),(no genres listed)
5239,Lawrence of Arabia,(no genres listed)
5240,El Conde (2023),(no genres listed)
5241,Arcadian (2024),(no genres listed)
5242,The World to Come (2020),(no genres listed)
5243,Great Pretender (2020),(no genres listed)
5244,The Void (2016),(no genres listed)
5245,Disobedience (2017),(no genres listed)
5246,Novitiate (2017),(no genres listed)
5247,Irreversible,(no genres listed)
5248,Freedom Writers,(no genres listed)
5249,Stand by Me,(no genres listed)
5250,Paul,(no genres listed)
5251,Midnight Runners (2017),(no genres listed)
5252,Coherence,(no genres listed)
5253,Through My Window,(no genres listed)
5254,Evil Dead Rise,(no genres listed)
5255,The Blair Witch Project,(no genres listed)
5256,Zoolander,(no genres listed)
5257,I'm Thinking of Ending Things,(no genres listed)
5258,My Father and My Son (2005),(no genres listed)
5259,The Hunger Games: Catching Fire,(no genres listed)
5260,Wild Child,(no genres listed)
5261,27 Dresses,(no genres listed)
5262,Won't You Be My Neighbor? (2018),(no genres listed)
5263,Dear Zoe (2022),(no genres listed)
5264,Failure to Launch (2006),(no genres listed)
5265,Where Am I Going? (2016),(no genres listed)
5266,From Rock Star to Killer (2025),(no genres listed)
5267,Billy Elliot (2000),(no genres listed)
5268,Insurgent,(no genres listed)
5269,Lolita,(no genres listed)
5270,Nana (2005),(no genres listed)
5271,Gia (1998),(no genres listed)
5272,Carol,(no genres listed)
5273,Martha (2024),(no genres listed)
5274,Counterattack (2025),(no genres listed)
5275,WHAM! (2023),(no genres listed)
5276,Joy Ride (2023),(no genres listed)
5277,Before Midnight,(no genres listed)
5278,Suspiria,(no genres listed)
5279,Attack on Titan (2015),(no genres listed)
5280,Moana (2026),(no genres listed)
5281,Bajirao Mastani (2015),(no genres listed)
5282,"Legally Blonde 2: Red, White & Blonde (2003)",(no genres listed)
5283,Pocahontas (1995),(no genres listed)
5284,American Pie (1999),(no genres listed)
5285,X-Men: Days of Future Past,(no genres listed)
5286,Jurassic World Dominion,(no genres listed)
5287,Pizza Movie,(no genres listed)
5288,Miller's Girl (2024),(no genres listed)
5289,Maid in Manhattan (2002),(no genres listed)
5290,2 Hearts (2020),(no genres listed)
5291,Under the Bridge (2024),(no genres listed)
5292,Awake,(no genres listed)
5293,Boyhood,(no genres listed)
5294,Blow (2001),(no genres listed)
5295,The Bus: A French Football Mutiny,(no genres listed)
5296,The Bus: A French Football Mutiny (2026),(no genres listed)
5297,War Machine,(no genres listed)
5298,Voy! Voy! Voy! (2023),(no genres listed)
5299,El Harifa (2024),(no genres listed)
5300,Asad,(no genres listed)
5301,Asad (2026),(no genres listed)
5302,Aisha Can't Fly Away (2025),(no genres listed)
5303,A Break of Happy Moments (2024),(no genres listed)
5304,Seeking Haven for Mr. Rambo (2024),(no genres listed)
5305,Monopoly (The Bank of Luck) (2017),(no genres listed)
5306,6 Days (2025),(no genres listed)
5307,The Suit (2018),(no genres listed)
5308,Siko Siko (2025),(no genres listed)
5309,"Miraculous World: Paris, Tales of Shadybug and Claw Noir (2023)",(no genres listed)
5310,Our Secret Diary (2023),(no genres listed)
5311,Bad Influence: The Dark Side of Kidfluencing (2025),(no genres listed)
5312,Wonderland (2024),(no genres listed)
5313,Just For Meeting You (2023),(no genres listed)
5314,Red Shoes and the Seven Dwarfs (2019),(no genres listed)
5315,Tune in for Love (2019),(no genres listed)
5316,Bones and All,(no genres listed)
5317,My Hero Academia: Heroes Rising (2019),(no genres listed)
5318,Phantom Thread,(no genres listed)
5319,Uptown Girls,(no genres listed)
5320,Girl in the Basement (2021),(no genres listed)
5321,Sumala (2024),(no genres listed)
5322,Liverleaf (2018),(no genres listed)
5323,Death Whisperer 2 (2024),(no genres listed)
5324,Ride or Die (2021),(no genres listed)
5325,Death Whisperer (2023),(no genres listed)
5326,Lost Bullet 2 (2022),(no genres listed)
5327,Gonjiam: Haunted Asylum,(no genres listed)
5328,Skate Kitchen (2018),(no genres listed)
5329,Fireworks (2017),(no genres listed)
5330,The Book of Life,(no genres listed)
5331,Hocus Pocus (1993),(no genres listed)
5332,Back to Black (2024),(no genres listed)
5333,Lights Out (2016),(no genres listed)
5334,Toy Story 2,(no genres listed)
5335,Resident Evil: Death Island (2023),(no genres listed)
5336,Resident Evil: Vendetta (2017),(no genres listed)
5337,Grimsby (2016),(no genres listed)
5338,The Medium (2021),(no genres listed)
5339,Transformers: Revenge of the Fallen (2009),(no genres listed)
5340,Transformers: Dark of the Moon (2011),(no genres listed)
5341,Real Steel,(no genres listed)
5342,Stuck in Love (2012),(no genres listed)
5343,Aztec Batman: Clash of Empires (2025),(no genres listed)
5344,I Am Frankelda (2025),(no genres listed)
5345,The Guernsey Literary & Potato Peel Pie Society (2018),(no genres listed)
5346,Blondi (2023),(no genres listed)
5347,Star Wars: Episode I – The Phantom Menace,(no genres listed)
5348,Hannah Montana 20th Anniversary Special,(no genres listed)
5349,Predestination,(no genres listed)
5350,The Lunchbox (2013),(no genres listed)
5351,Wild Tales (2014),(no genres listed)
5352,Piku (2015),(no genres listed)
5353,The Chaser (2008),(no genres listed)
5354,Karwaan (2018),(no genres listed)
5355,Zindagi Na Milegi Dobara (2011),(no genres listed)
5356,Columbus (2017),(no genres listed)
5357,Little Forest (2018),(no genres listed)
5358,A River Runs Through It (1992),(no genres listed)
5359,Night on Earth (1991),(no genres listed)
5360,Legends of the Fall (1994),(no genres listed)
5361,Persona (1966),(no genres listed)
5362,A Beautiful Mind (2001),(no genres listed)
5363,The Return (2003),(no genres listed)
5364,The Wonderful Story of Henry Sugar,(no genres listed)
5365,The Seventh Seal,(no genres listed)
5366,The Wicker Man (1973),(no genres listed)
5367,Romancham (2023),(no genres listed)
5368,Strays (2023),(no genres listed)
5369,Knock at the Cabin,(no genres listed)
5370,What Is a Woman? (2022),(no genres listed)
5371,Crimes of the Future (2022),(no genres listed)
5372,Kimi (2022),(no genres listed)
5373,Three Thousand Years of Longing (2022),(no genres listed)
5374,A Thousand and One (2023),(no genres listed)
5375,Snatch,(no genres listed)
5376,Dr. Strangelove or: How I Learned to Stop Worrying and Love the Bomb,(no genres listed)
5377,Over the Hedge,(no genres listed)
5378,Pokémon: The First Movie (1998),(no genres listed)
5379,Speed Racer (2008),(no genres listed)
5380,The Simpsons Movie (2007),(no genres listed)
5381,Ghost Rider (2007),(no genres listed)
5382,Paranormal Activity (2007),(no genres listed)
5383,[REC]² (2009),(no genres listed)
5384,Jackass Number Two (2006),(no genres listed)
5385,Fantastic Four (2005),(no genres listed)
5386,DodgeBall: A True Underdog Story (2004),(no genres listed)
5387,Hellboy (2004),(no genres listed)
5388,Dawn of the Dead (2004),(no genres listed)
5389,Pirates of the Caribbean: Dead Man's Chest,(no genres listed)
5390,Nanny McPhee (2005),(no genres listed)
5391,The Bourne Supremacy (2004),(no genres listed)
5392,National Treasure (2004),(no genres listed)
5393,Nacho Libre (2006),(no genres listed)
5394,Primal Fear,(no genres listed)
5395,Win or Lose (2025),(no genres listed)
5396,Dear Santa (2024),(no genres listed)
5397,Diary of a Wimpy Kid Christmas: Cabin Fever (2023),(no genres listed)
5398,DAN DA DAN: First Encounter (2024),(no genres listed)
5399,Mama Agnes (2023),(no genres listed)
5400,LEGO Star Wars: Rebuild the Galaxy (2024),(no genres listed)
5401,Merry Little Batman (2023),(no genres listed)
5402,BLUE LOCK THE MOVIE -EPISODE NAGI- (2024),(no genres listed)
5403,Doctor Strange in the Multiverse of Madness,(no genres listed)
5404,Fantastic Four,(no genres listed)
5405,Blue Valentine,(no genres listed)
5406,Life in a Year (2020),(no genres listed)
5407,Queen of Chess (2026),(no genres listed)
5408,Untold: Chess Mates (2026),(no genres listed)
5409,Between the Temples (2024),(no genres listed)
5410,Unfrosted (2024),(no genres listed)
5411,Anima (2019),(no genres listed)
5412,Mac & Devin Go to High School (2012),(no genres listed)
5413,Polar (2019),(no genres listed)
5414,Studio 666 (2022),(no genres listed)
5415,"O Brother, Where Art Thou?",(no genres listed)
5416,Kill Bill: The Whole Bloody Affair,(no genres listed)
5417,Dear Ex (2018),(no genres listed)
5418,Cunk on Earth (2022),(no genres listed)
5419,Fellow Travelers (2023),(no genres listed)
5420,Batman: Under the Red Hood (2010),(no genres listed)
5421,Boy (2010),(no genres listed)
5422,What We Do in the Shadows (2014),(no genres listed)
5423,Scream VI,(no genres listed)
5424,Eyes of Wakanda (2025),(no genres listed)
5425,The Judge (2014),(no genres listed)
5426,A Modern Farewell (2020),(no genres listed)
5427,Nobody Knows,(no genres listed)
5428,Red Rocket (2021),(no genres listed)
5429,Steve Jobs (2015),(no genres listed)
5430,The Motorcycle Diaries (2004),(no genres listed)
5431,Cargo 200 (2007),(no genres listed)
5432,Willy Wonka & the Chocolate Factory (1971),(no genres listed)
5433,The Piano Teacher,(no genres listed)
5434,Notting Hill,(no genres listed)
5435,Mortal World 2 (2023),(no genres listed)
5436,Rental Family,(no genres listed)
5437,Coming Soon (2014),(no genres listed)
5438,Seven Psychopaths (2012),(no genres listed)
5439,The Butterfly's Dream (2013),(no genres listed)
5440,The Hours (2002),(no genres listed)
5441,Destiny (2006),(no genres listed)
5442,21 Grams (2003),(no genres listed)
5443,Hunting Season (2010),(no genres listed)
5444,The Mummy: Tomb of the Dragon Emperor (2008),(no genres listed)
5445,Wristcutters: A Love Story (2006),(no genres listed)
5446,Hell House LLC (2015),(no genres listed)
5447,The Poughkeepsie Tapes (2007),(no genres listed)
5448,Poltergeist (1982),(no genres listed)
5449,Alien³ (1992),(no genres listed)
5450,The Odyssey,(no genres listed)
5451,Click,(no genres listed)
5452,Judas and the Black Messiah (2021),(no genres listed)
5453,It Was Just an Accident,(no genres listed)
5454,Twinkling Watermelon,(no genres listed)
5455,Frozen Fever (2015),(no genres listed)
5456,Can This Love Be Translated?,(no genres listed)
5457,Lupin (2021),(no genres listed)
5458,Street Flow (2019),(no genres listed)
5459,Street Flow 2 (2023),(no genres listed)
5460,Dragon Ball Z: Resurrection 'F' (2015),(no genres listed)
5461,The Little Mermaid,(no genres listed)
5462,Set It Up,(no genres listed)
5463,Nanny McPhee and the Big Bang (2010),(no genres listed)
5464,Rocky,(no genres listed)
5465,Avengers: Age of Ultron,(no genres listed)
5466,The Package (2018),(no genres listed)
5467,Asterix & Obelix: Mission Cleopatra (2002),(no genres listed)
5468,Azur & Asmar: The Princes' Quest (2006),(no genres listed)
5469,It (1990),(no genres listed)
5470,The Big Blue (1988),(no genres listed)
5471,The NeverEnding Story (1984),(no genres listed)
5472,Billy Elliot,(no genres listed)
5473,The Swimmers (2022),(no genres listed)
5474,Look Both Ways (2022),(no genres listed)
5475,"Hello, Goodbye, and Everything in Between (2022)",(no genres listed)
5476,Money Heist: From Tokyo to Berlin (2021),(no genres listed)
5477,Argo (2012),(no genres listed)
5478,The Odd Life of Timothy Green (2012),(no genres listed)
5479,Lemonade Mouth (2011),(no genres listed)
5480,Epic (2013),(no genres listed)
5481,Adventures in Babysitting (2016),(no genres listed)
5482,Cloudy with a Chance of Meatballs 2 (2013),(no genres listed)
5483,Free Birds (2013),(no genres listed)
5484,Gnomeo & Juliet (2011),(no genres listed)
5485,The Incredibles,(no genres listed)
5486,Nerve,(no genres listed)
5487,Day Shift (2022),(no genres listed)
5488,The Union (2024),(no genres listed)
5489,Too Old for Fairy Tales (2022),(no genres listed)
5490,Snoopy Presents: A Summer Musical (2025),(no genres listed)
5491,Jackpot! (2024),(no genres listed)
5492,The Book of Sun (2020),(no genres listed)
5493,Project Power (2020),(no genres listed)
5494,The Night Clerk (2020),(no genres listed)
5495,Gemini Man (2019),(no genres listed)
5496,Teen Titans Go! vs. Teen Titans (2019),(no genres listed)
5497,The Summer I Turned Pretty: The Movie,(no genres listed)
5498,The Summer I Turned Pretty: The Movie (2027),(no genres listed)
5499,Sold Out on You,(no genres listed)
5500,Frozen,(no genres listed)
5501,50/50 (2011),(no genres listed)
5502,Chhaava (2025),(no genres listed)
5503,Gangs of Wasseypur – Part 2 (2012),(no genres listed)
5504,Gangs of Wasseypur – Part 1 (2012),(no genres listed)
5505,La Haine,(no genres listed)
5506,Lady Vengeance,(no genres listed)
5507,The Ugly Stepsister,(no genres listed)
5508,Longlegs,(no genres listed)
5509,The Witch,(no genres listed)
5510,HIM,(no genres listed)
5511,My Girl,(no genres listed)
5512,Echo (2024),(no genres listed)
5513,Us and Them (2018),(no genres listed)
5514,The Colors Within (2024),(no genres listed)
5515,My Broken Mariko (2022),(no genres listed)
5516,A Tale of Two Sisters (2003),(no genres listed)
5517,Love Letter (1995),(no genres listed)
5518,One Million Yen Girl (2008),(no genres listed)
5519,To Kill a Mockingbird (1962),(no genres listed)
5520,I Want to Eat Your Pancreas,(no genres listed)
5521,Harry Potter and the Deathly Hallows: Part 2,(no genres listed)
5522,Crazxy (2025),(no genres listed)
5523,Sector 36 (2024),(no genres listed)
5524,Lucky Baskhar (2024),(no genres listed)
5525,Three of Us (2022),(no genres listed)
5526,Photograph (2019),(no genres listed)
5527,Sardar Udham (2021),(no genres listed)
5528,Sunset Boulevard,(no genres listed)
5529,The Insider,(no genres listed)
5530,Taxi Driver,(no genres listed)
5531,ODDTAXI (2021),(no genres listed)
5532,The Midnight Gospel (2020),(no genres listed)
5533,Tomorrowland (2015),(no genres listed)
5534,JoJo's Bizarre Adventure: Diamond is Unbreakable (2016),(no genres listed)
5535,Frozen II,(no genres listed)
5536,In the Grey (2026),(no genres listed)
5537,The Shadow's Edge (2025),(no genres listed)
5538,The Naked Gun,(no genres listed)
5539,"Meet, Greet & Bye (2025)",(no genres listed)
5540,GAP (2022),(no genres listed)
5541,Kill Boksoon (2023),(no genres listed)
5542,Trap,(no genres listed)
5543,Enola Holmes,(no genres listed)
5544,Logan,(no genres listed)
5545,Güeros (2014),(no genres listed)
5546,Death Note,(no genres listed)
5547,A Difficult Year (2023),(no genres listed)
5548,The Greatest Night in Pop (2024),(no genres listed)
5549,Just an Illusion,(no genres listed)
5550,The Speech (2020),(no genres listed)
5551,The Muppets (2011),(no genres listed)
5552,The Lorax,(no genres listed)
5553,School of Rock,(no genres listed)
5554,National Theatre Live: Fleabag,(no genres listed)
5555,Summer 1993 (2017),(no genres listed)
5556,The Bridges of Madison County (1995),(no genres listed)
5557,The Goonies (1985),(no genres listed)
5558,Empire Records,(no genres listed)
5559,In This Corner of the World (2016),(no genres listed)
5560,Malcolm in the Middle: Life's Still Unfair (2026),(no genres listed)
5561,The Mortal Instruments: City of Bones (2013),(no genres listed)
5562,The Outrun (2024),(no genres listed)
5563,given the Movie: To the Sea (2024),(no genres listed)
5564,Confessions of a Teenage Drama Queen (2004),(no genres listed)
5565,Identity (2003),(no genres listed)
5566,Crossroads (2002),(no genres listed)
5567,Fish Tank (2009),(no genres listed)
5568,Never Let Me Go (2010),(no genres listed)
5569,Solo Mio (2026),(no genres listed)
5570,The Fragrant Flower Blooms with Dignity (2025),(no genres listed)
5571,Tatsuki Fujimoto 17-26 (2025),(no genres listed)
5572,Kaiju No. 8: Mission Recon (2025),(no genres listed)
5573,The Boy's Word: Blood on the Asphalt (2023),(no genres listed)
5574,The Beautiful Game (2024),(no genres listed)
5575,【OSHI NO KO】 (2023),(no genres listed)
5576,"The Tunnel to Summer, the Exit of Goodbyes (2022)",(no genres listed)
5577,Demon Slayer: Kimetsu no Yaiba - Entertainment District Decisive Battle Arc (2023),(no genres listed)
5578,Andor: A Disney+ Day Special Look (2022),(no genres listed)
5579,Akira,(no genres listed)
5580,Sting (2024),(no genres listed)
5581,Marsupilami (2025),(no genres listed)
5582,Bad Trip (2021),(no genres listed)
5583,Little Man (2006),(no genres listed)
5584,1917,(no genres listed)
5585,Pushpa 2 - The Rule (2024),(no genres listed)
5586,They Call Him OG (2025),(no genres listed)
5587,Jailer (2023),(no genres listed)
5588,Leo (2023),(no genres listed)
5589,The Devil's Bath (2024),(no genres listed)
5590,Devara: Part 1 (2024),(no genres listed)
5591,Saripodhaa Sanivaaram (2024),(no genres listed)
5592,Emmanuelle (2024),(no genres listed)
5593,Indiana Jones and the Last Crusade (1989),(no genres listed)
5594,Escape from Alcatraz (1979),(no genres listed)
5595,Indiana Jones and the Temple of Doom (1984),(no genres listed)
5596,Rogue One: A Star Wars Story,(no genres listed)
5597,The Babadook,(no genres listed)
5598,Ocean's Eight,(no genres listed)
5599,Deadpool 2,(no genres listed)
5600,Terrifier,(no genres listed)
5601,Squid Game,(no genres listed)
5602,JoJo's Bizarre Adventure: Phantom Blood (2007),(no genres listed)
5603,CMXXIV (2025),(no genres listed)
5604,The Outside (2022),(no genres listed)
5605,Touch (2024),(no genres listed)
5606,The Autopsy (2022),(no genres listed)
5607,Do Not Disturb (2023),(no genres listed)
5608,Lot 36 (2022),(no genres listed)
5609,G.O.R.A. (2004),(no genres listed)
5610,Yahşi Batı (2009),(no genres listed)
5611,A.R.O.G (2008),(no genres listed)
5612,It's Kind of a Funny Story (2010),(no genres listed)
5613,Enter the Void (2009),(no genres listed)
5614,At the Bar (2007),(no genres listed)
5615,Boy Kills World (2023),(no genres listed)
5616,The Bubble (2022),(no genres listed)
5617,I Saw the TV Glow,(no genres listed)
5618,V/H/S/99 (2022),(no genres listed)
5619,Pillion,(no genres listed)
5620,Lost in Translation,(no genres listed)
5621,Doctor Who: The Star Beast (2023),(no genres listed)
5622,Doctor Who: Wild Blue Yonder (2023),(no genres listed)
5623,Doctor Who: The Giggle (2023),(no genres listed)
5624,Final Destination 7,(no genres listed)
5625,Final Destination 7 (2028),(no genres listed)
5626,Willy's Wonderland (2021),(no genres listed)
5627,Spontaneous (2020),(no genres listed)
5628,Karate Kid: Legends,(no genres listed)
5629,Ant-Man,(no genres listed)
5630,Schumacher (2021),(no genres listed)
5631,Rascal Does Not Dream of Bunny Girl Senpai (2018),(no genres listed)
5632,JJ+E (2021),(no genres listed)
5633,Rascal Does Not Dream of a Dreaming Girl (2019),(no genres listed)
5634,The Tasters (2025),(no genres listed)
5635,The Mitchells vs. the Machines,(no genres listed)
5636,Theater Camp (2023),(no genres listed)
5637,Only the River Flows (2023),(no genres listed)
5638,My Hero Academia: You're Next (2024),(no genres listed)
5639,Guillermo del Toro's Pinocchio: Handcarved Cinema (2022),(no genres listed)
5640,The Best Christmas Pageant Ever (2024),(no genres listed)
5641,Universal Language (2024),(no genres listed)
5642,On Becoming a Guinea Fowl (2024),(no genres listed)
5643,Final Destination,(no genres listed)
5644,Airplane!,(no genres listed)
5645,Elephant,(no genres listed)
5646,A Shaun the Sheep Movie: Farmageddon (2019),(no genres listed)
5647,Tusk,(no genres listed)
5648,The Hangover,(no genres listed)
5649,Skyscraper Live (2026),(no genres listed)
5650,Afterburn (2025),(no genres listed)
5651,Night Call (2024),(no genres listed)
5652,In the Lost Lands (2025),(no genres listed)
5653,A Time for Bravery (2025),(no genres listed)
5654,Manitou's Canoe (2025),(no genres listed)
5655,Next Goal Wins (2023),(no genres listed)
5656,maboroshi (2023),(no genres listed)
5657,I.S.S. (2023),(no genres listed)
5658,Freelance (2023),(no genres listed)
5659,Kandahar (2023),(no genres listed)
5660,The Continental: From the World of John Wick (2023),(no genres listed)
5661,Hidden Strike (2023),(no genres listed)
5662,Captain America: The First Avenger,(no genres listed)
5663,Sweethearts (2024),(no genres listed)
5664,Let Go (2024),(no genres listed)
5665,Cinema Paradiso,(no genres listed)
5666,The Nightmare Before Christmas,(no genres listed)
5667,Thor: The Dark World,(no genres listed)
5668,Project X,(no genres listed)
5669,The Moment,(no genres listed)
5670,The Worst Person in the World,(no genres listed)
5671,Even If This Love Disappears Tonight,(no genres listed)
5672,The Good Bad Mother (2023),(no genres listed)
5673,Extracurricular (2020),(no genres listed)
5674,Doctor Slump (2024),(no genres listed)
5675,My Daughter Is a Zombie (2025),(no genres listed)
5676,Mantis (2025),(no genres listed)
5677,Mercy for None (2025),(no genres listed)
5678,Tastefully Yours (2025),(no genres listed)
5679,Trap House (2025),(no genres listed)
5680,¿Quieres ser mi novia? (2026),(no genres listed)
5681,Playdate (2025),(no genres listed)
5682,A Very Jonas Christmas Movie (2025),(no genres listed)
5683,Merv (2025),(no genres listed)
5684,Our Times (2025),(no genres listed)
5685,The Pickup (2025),(no genres listed)
5686,Mesa de regalos (2025),(no genres listed)
5687,The Life List,(no genres listed)
5688,The Merry Gentlemen (2024),(no genres listed)
5689,Blame the Game (2024),(no genres listed)
5690,Avicii - I'm Tim (2024),(no genres listed)
5691,One Fast Move (2024),(no genres listed)
5692,Meet Me Next Christmas (2024),(no genres listed)
5693,Rez Ball (2024),(no genres listed)
5694,Instant Family,(no genres listed)
5695,Sharon & Ozzy Osbourne: Coming Home (2025),(no genres listed)
5696,Kylie (2026),(no genres listed)
5697,Spinal Tap II: The End Continues (2025),(no genres listed)
5698,Rivals (2024),(no genres listed)
5699,Ricky Gervais: Mortality (2025),(no genres listed)
5700,Inside Man (2022),(no genres listed)
5701,Bombshell (2019),(no genres listed)
5702,Greyhound (2020),(no genres listed)
5703,Rope,(no genres listed)
5704,Adolescence,(no genres listed)
5705,Moulin Rouge!,(no genres listed)
5706,Home Sweet Home (2025),(no genres listed)
5707,Total Recall (1990),(no genres listed)
5708,Copycat (1995),(no genres listed)
5709,An Education (2009),(no genres listed)
5710,Don't Worry Darling,(no genres listed)
5711,Kitbull (2019),(no genres listed)
5712,The Imaginary (2023),(no genres listed)
5713,The Zone of Interest,(no genres listed)
5714,MaXXXine,(no genres listed)
5715,The Boy in the Striped Pyjamas,(no genres listed)
5716,Winter Spring Summer or Fall (2024),(no genres listed)
5717,Lords of Chaos (2018),(no genres listed)
5718,Ginny & Georgia - The Afterparty (2021),(no genres listed)
5719,The Cabinet of Dr. Caligari (1920),(no genres listed)
5720,"O Brother, Where Art Thou? (2000)",(no genres listed)
5721,Audition (1999),(no genres listed)
5722,Irreversible (2002),(no genres listed)
5723,A.I. Artificial Intelligence (2001),(no genres listed)
5724,Meet the Parents (2000),(no genres listed)
5725,Uncut Gems,(no genres listed)
5726,Jacob's Ladder (1990),(no genres listed)
5727,Dances with Wolves (1990),(no genres listed)
5728,Close-Up (1990),(no genres listed)
5729,L.A. Confidential (1997),(no genres listed)
5730,Glengarry Glen Ross (1992),(no genres listed)
5731,Fackham Hall (2025),(no genres listed)
5732,AVP: Alien vs. Predator (2004),(no genres listed)
5733,The Big Lebowski,(no genres listed)
5734,The Dark and the Wicked (2020),(no genres listed)
5735,Star Trek (2009),(no genres listed)
5736,Bone Tomahawk (2015),(no genres listed)
5737,The Descendants (2011),(no genres listed)
5738,Paranormal Activity 3 (2011),(no genres listed)
5739,Star Trek Into Darkness (2013),(no genres listed)
5740,Man on the Moon (1999),(no genres listed)
5741,The King of Comedy (1982),(no genres listed)
5742,The King of Comedy,(no genres listed)
5743,The 47 (2024),(no genres listed)
5744,Hotel Mumbai (2018),(no genres listed)
5745,Re/Member (2022),(no genres listed)
5746,Goosebumps (2015),(no genres listed)
5747,Solo: A Star Wars Story,(no genres listed)
5748,Jeepers Creepers 3 (2017),(no genres listed)
5749,Adventure Time: Stakes (2015),(no genres listed)
5750,Cape Fear,(no genres listed)
5751,He's Just Not That Into You,(no genres listed)
5752,Close,(no genres listed)
5753,Barbie and the Diamond Castle (2008),(no genres listed)
5754,Barbie Mariposa & the Fairy Princess (2013),(no genres listed)
5755,Barbie in 'A Christmas Carol' (2008),(no genres listed)
5756,Another Cinderella Story (2008),(no genres listed)
5757,Barbie and the Three Musketeers (2009),(no genres listed)
5758,Barbie Presents: Thumbelina (2009),(no genres listed)
5759,Barbie: A Fashion Fairytale (2010),(no genres listed)
5760,Barbie: The Pearl Princess (2014),(no genres listed)
5761,Barbie in the 12 Dancing Princesses (2006),(no genres listed)
5762,Barbie in A Mermaid Tale (2010),(no genres listed)
5763,Barbie & Her Sisters in A Pony Tale (2013),(no genres listed)
5764,Barbie: Princess Charm School (2011),(no genres listed)
5765,Homo Argentum (2025),(no genres listed)
5766,The Virgin of the Quarry Lake (2025),(no genres listed)
5767,Belén (2025),(no genres listed)
5768,A Classic Horror Story (2021),(no genres listed)
5769,Am I OK? (2022),(no genres listed)
5770,Black Mirror: San Junipero (2016),(no genres listed)
5771,The Host (2013),(no genres listed)
5772,Below Her Mouth (2016),(no genres listed)
5773,By the Sea (2015),(no genres listed)
5774,Wonder,(no genres listed)
5775,Amélie,(no genres listed)
5776,My Little Pony: A New Generation (2021),(no genres listed)
5777,Jack the Giant Slayer (2013),(no genres listed)
5778,The Untamed (2019),(no genres listed)
5779,Word of Honor (2021),(no genres listed)
5780,Maleficent,(no genres listed)
5781,Colony (2026),(no genres listed)
5782,Tokyo Story (1953),(no genres listed)
5783,Priscilla,(no genres listed)
5784,Lilya 4-ever (2002),(no genres listed)
5785,Junji Ito Maniac: Japanese Tales of the Macabre (2023),(no genres listed)
5786,Young Adult Matters (2020),(no genres listed)
5787,To All the Boys: Always and Forever,(no genres listed)
5788,The Menu,(no genres listed)
5789,Overlord (2018),(no genres listed)
5790,Boogie Nights,(no genres listed)
5791,Once Upon a Time in the West (1968),(no genres listed)
5792,Mulholland Drive,(no genres listed)
5793,Sicario,(no genres listed)
5794,A Good Day to Die Hard (2013),(no genres listed)
5795,Due Date (2010),(no genres listed)
5796,War Horse (2011),(no genres listed)
5797,Project Almanac (2015),(no genres listed)
5798,Get Smart (2008),(no genres listed)
5799,Space Jam (1996),(no genres listed)
5800,Die Hard With a Vengeance (1995),(no genres listed)
5801,Signs (2002),(no genres listed)
5802,The Fugitive (1993),(no genres listed)
5803,The Man in the Moon (1991),(no genres listed)
5804,Clouds (2020),(no genres listed)
5805,"Batman: The Long Halloween, Part Two (2021)",(no genres listed)
5806,Flee (2021),(no genres listed)
5807,Millennium Actress (2001),(no genres listed)
5808,Redline (2009),(no genres listed)
5809,Monsters University,(no genres listed)
5810,Under the Tuscan Sun (2003),(no genres listed)
5811,Valkyrie (2008),(no genres listed)
5812,Angels & Demons (2009),(no genres listed)
5813,Snowdrop (2021),(no genres listed)
5814,2037 (2022),(no genres listed)
5815,Fever Dream (2024),(no genres listed)
5816,Victim or Hero (2025),(no genres listed)
5817,Shelter,(no genres listed)
5818,Hannah Montana: The Movie,(no genres listed)
5819,Enola Holmes 2,(no genres listed)
5820,Atonement,(no genres listed)
5821,Paddington,(no genres listed)
5822,Finding Emily (2026),(no genres listed)
5823,Velvet Buzzsaw (2019),(no genres listed)
5824,The Cloverfield Paradox (2018),(no genres listed)
5825,Non-Stop (2014),(no genres listed)
5826,The Imitation Game,(no genres listed)
5827,Wanted (2008),(no genres listed)
5828,Papillon (2017),(no genres listed)
5829,Adventure Time (2007),(no genres listed)
5830,Hannibal Rising (2007),(no genres listed)
5831,Secret Window (2004),(no genres listed)
5832,Letters to Juliet,(no genres listed)
5833,Captain Miller (2024),(no genres listed)
5834,Premalu (2024),(no genres listed)
5835,Marco (2024),(no genres listed)
5836,Rifle Club (2024),(no genres listed)
5837,Vaazha (2024),(no genres listed)
5838,Manjummel Boys (2024),(no genres listed)
5839,The Goat Life (2024),(no genres listed)
5840,Patriot,(no genres listed)
5841,Officer on Duty (2025),(no genres listed)
5842,L2: Empuraan (2025),(no genres listed)
5843,Alappuzha Gymkhana (2025),(no genres listed)
5844,Aavesham (2024),(no genres listed)
5845,Kantara - A Legend: Chapter 1 (2025),(no genres listed)
5846,Demon Slayer: Kimetsu no Yaiba - The Hashira Meeting Arc (2020),(no genres listed)
5847,Demon Slayer: Kimetsu no Yaiba Mt. Natagumo Arc (2020),(no genres listed)
5848,Ayyappanum Koshiyum (2020),(no genres listed)
5849,Lucifer (2019),(no genres listed)
5850,Minnal Murali (2021),(no genres listed)
5851,Bhoothakaalam (2022),(no genres listed)
5852,Drishyam 2 (2021),(no genres listed)
5853,Demon Slayer: Kimetsu no Yaiba - Tsuzumi Mansion Arc (2021),(no genres listed)
5854,#Home (2021),(no genres listed)
5855,Pushpa: The Rise (2021),(no genres listed)
5856,Empire Records (1995),(no genres listed)
5857,Gretel & Hansel (2020),(no genres listed)
5858,The Game Plan (2007),(no genres listed)
5859,Malcolm X (1992),(no genres listed)
5860,Love & Gelato (2022),(no genres listed)
5861,Louis Tomlinson: All of Those Voices (2023),(no genres listed)
5862,Rye Lane (2023),(no genres listed)
5863,My Big Fat Greek Wedding 3 (2023),(no genres listed)
5864,Gaga Chromatica Ball (2024),(no genres listed)
5865,Hunter x Hunter: Phantom Rouge (2013),(no genres listed)
5866,The Disastrous Life of Saiki K.: Reawakened (2019),(no genres listed)
5867,Candy (2006),(no genres listed)
5868,Barry Lyndon (1975),(no genres listed)
5869,Dog Day Afternoon (1975),(no genres listed)
5870,...And Justice for All (1979),(no genres listed)
5871,Serpico (1973),(no genres listed)
5872,Frankie and Johnny (1991),(no genres listed)
5873,A Place for Her (2025),(no genres listed)
5874,When Fall Is Coming (2024),(no genres listed)
5875,We Will Go (2025),(no genres listed)
5876,Palestine 36 (2025),(no genres listed)
5877,Summer Beats (2025),(no genres listed)
5878,LOL 2.0: Anne’s Golden Hour (2026),(no genres listed)
5879,Ghost Trail (2024),(no genres listed)
5880,An Ordinary Case (2024),(no genres listed)
5881,Armand (2024),(no genres listed)
5882,Talladega Nights: The Ballad of Ricky Bobby (2006),(no genres listed)
5883,The Purge,(no genres listed)
5884,Burrow (2020),(no genres listed)
5885,Talk to Me,(no genres listed)
5886,Gremlins,(no genres listed)
5887,John Wick: Chapter 2,(no genres listed)
5888,Footloose (2011),(no genres listed)
5889,Camp Rock 2: The Final Jam (2010),(no genres listed)
5890,Mermaids (1990),(no genres listed)
5891,Footloose (1984),(no genres listed)
5892,Sleepover (2004),(no genres listed)
5893,Tokyo Godfathers,(no genres listed)
5894,Dorohedoro (2020),(no genres listed)
5895,Parasyte -the maxim- (2014),(no genres listed)
5896,Night of the Reaper (2025),(no genres listed)
5897,The Immaculate Room (2022),(no genres listed)
5898,Number One (2026),(no genres listed)
5899,Yadang: The Snitch (2025),(no genres listed)
5900,You & Me & Me (2023),(no genres listed)
5901,"The Pig, the Snake and the Pigeon (2023)",(no genres listed)
5902,Don't Buy the Seller (2023),(no genres listed)
5903,The Perfect Egg. (2025),(no genres listed)
5904,The Childe (2023),(no genres listed)
5905,OMG! Oh My Girl (2022),(no genres listed)
5906,Project Wolf Hunting (2022),(no genres listed)
5907,Friend Zone (2019),(no genres listed)
5908,Innocence (2020),(no genres listed)
5909,Clifford the Big Red Dog (2021),(no genres listed)
5910,The Founder,(no genres listed)
5911,Business Proposal,(no genres listed)
5912,Summer of 84 (2018),(no genres listed)
5913,Kids (1995),(no genres listed)
5914,12 Years a Slave,(no genres listed)
5915,Freaky Friday,(no genres listed)
5916,Bowie: The Final Act (2025),(no genres listed)
5917,57 Seconds (2023),(no genres listed)
5918,The Bricklayer (2023),(no genres listed)
5919,Midnight Vampire (2024),(no genres listed)
5920,Mr. K (2024),(no genres listed)
5921,The Mouse Trap (2024),(no genres listed)
5922,Road House,(no genres listed)
5923,Lucy,(no genres listed)
5924,"Red, White & Royal Blue",(no genres listed)
5925,L.A. Confidential,(no genres listed)
5926,Big Fish,(no genres listed)
5927,Castle in the Sky,(no genres listed)
5928,Falling in Love Like in Movies,(no genres listed)
5929,Toy Story 3,(no genres listed)
5930,Guardians of the Galaxy Vol. 2,(no genres listed)
5931,Good Time,(no genres listed)
5932,Love Exposure,(no genres listed)
5933,My Mister (2018),(no genres listed)
5934,Death's Game (2023),(no genres listed)
5935,Alien: Romulus,(no genres listed)
5936,Nomadland,(no genres listed)
5937,Salmokji: Whispering Water (2026),(no genres listed)
5938,Scary Movie (2026),(no genres listed)
5939,"Genie, Make a Wish (2025)",(no genres listed)
5940,Hi-Five (2025),(no genres listed)
5941,Halloween,(no genres listed)
5942,Plankton: The Movie (2025),(no genres listed)
5943,Brothers (2024),(no genres listed)
5944,Trainspotting,(no genres listed)
5945,Good Omens,(no genres listed)
5946,Beckham (2023),(no genres listed)
5947,Mission: Impossible – Dead Reckoning,(no genres listed)
5948,Three Colours: Red (1994),(no genres listed)
5949,Slumdog Millionaire,(no genres listed)
5950,Gully Boy (2019),(no genres listed)
5951,Half Man (2026),(no genres listed)
5952,It's What's Inside,(no genres listed)
5953,Elephant (2003),(no genres listed)
5954,The Rocky Horror Picture Show,(no genres listed)
5955,Megamind,(no genres listed)
5956,Hook (1991),(no genres listed)
5957,Pride (2014),(no genres listed)
5958,Tokyo Godfathers (2003),(no genres listed)
5959,Troy,(no genres listed)
5960,50 First Dates,(no genres listed)
5961,A Cinderella Story,(no genres listed)
5962,21 Jump Street,(no genres listed)
5963,"I Love You, Man",(no genres listed)
5964,Jennifer's Body,(no genres listed)
5965,The Proposal,(no genres listed)
5966,Madgaon Express (2024),(no genres listed)
5967,Sam Bahadur (2023),(no genres listed)
5968,Bade Miyan Chote Miyan (2024),(no genres listed)
5969,Samay Raina: Still Alive,(no genres listed)
5970,Hi Nanna (2023),(no genres listed)
5971,The Family Star (2024),(no genres listed)
5972,Doctor G (2022),(no genres listed)
5973,Samay Raina: Still Alive (2026),(no genres listed)
5974,Liger (2022),(no genres listed)
5975,777 Charlie (2022),(no genres listed)
5976,Tu Jhoothi Main Makkaar (2023),(no genres listed)
5977,Bāhubali: The Epic (2025),(no genres listed)
5978,Dhadak 2 (2025),(no genres listed)
5979,Pretty Crazy (2025),(no genres listed)
5980,The Girlfriend (2025),(no genres listed)
5981,Re/Member: The Last Night (2025),(no genres listed)
5982,The Deer Hunter (1978),(no genres listed)
5983,The Lone Ranger (2013),(no genres listed)
5984,Pan (2015),(no genres listed)
5985,Tucker and Dale vs. Evil (2010),(no genres listed)
5986,The Grand Tour: One For The Road (2024),(no genres listed)
5987,Sosok Ketiga: Lintrik (2025),(no genres listed)
5988,The Forbidden Camp: Mass Possession (2024),(no genres listed)
5989,Ipar Adalah Maut (2024),(no genres listed)
5990,The Wailing of the Maghrib (2023),(no genres listed)
5991,Vina: Before 7 Days (2024),(no genres listed)
5992,Munkar (2024),(no genres listed)
5993,Jurnal Risa by Risa Saraswati (2024),(no genres listed)
5994,Harlot's Prayer (2023),(no genres listed)
5995,Kang Solah from Kang Mak x Nenek Gayung (2025),(no genres listed)
5996,Zom 100: Bucket List of the Dead (2023),(no genres listed)
5997,The Big 4 (2022),(no genres listed)
5998,Gowok: Javanese Kamasutra (2025),(no genres listed)
5999,Sugar Mill (2025),(no genres listed)
6000,Cursed (2025),(no genres listed)
6001,Haunting of Mount Gede (2025),(no genres listed)
6002,Five Friends (2024),(no genres listed)
6003,Dancing Village: The Curse Begins (2024),(no genres listed)
6004,13 Bombs (2023),(no genres listed)
6005,Mr. Bean's Holiday (2007),(no genres listed)
6006,Lust Stories 2 (2023),(no genres listed)
6007,Insidious: Out of the Further,(no genres listed)
6008,Insidious: Out of the Further (2026),(no genres listed)
6009,Happy New Year (2014),(no genres listed)
6010,Austin Powers: International Man of Mystery (1997),(no genres listed)
6011,Hairspray,(no genres listed)
6012,Princess Protection Program (2009),(no genres listed)
6013,American Beauty,(no genres listed)
6014,We Live in Time,(no genres listed)
6015,No Smoking (2007),(no genres listed)
6016,Taste of Cherry,(no genres listed)
6017,Puella Magi Madoka Magica the Movie Part III: Rebellion (2013),(no genres listed)
6018,Wonka,(no genres listed)
6019,Men in Black,(no genres listed)
6020,Drag Me to Hell (2009),(no genres listed)
6021,Ju-on: The Grudge (2002),(no genres listed)
6022,Funny Games (2007),(no genres listed)
6023,I Wanna Dance with Somebody (2022),(no genres listed)
6024,Planet Earth II (2016),(no genres listed)
6025,Planet Earth (2006),(no genres listed)
6026,Hayao Miyazaki and the Heron (2024),(no genres listed)
6027,My 2 Cents (2026),(no genres listed)
6028,My 2 Cents,(no genres listed)
6029,Metropolis (1927),(no genres listed)
6030,Brother 2 (2000),(no genres listed)
6031,Napoleon,(no genres listed)
6032,Agora (2009),(no genres listed)
6033,Stalker (1979),(no genres listed)
6034,Solaris (1972),(no genres listed)
6035,Suspiria (1977),(no genres listed)
6036,Mirror (1975),(no genres listed)
6037,The Legend of 1900 (1998),(no genres listed)
6038,The Village (2004),(no genres listed)
6039,Raise the Red Lantern (1991),(no genres listed)
6040,Other Side of the Box (2018),(no genres listed)
6041,Mowgli: Legend of the Jungle (2018),(no genres listed)
6042,"Boo, Bitch (2022)",(no genres listed)
6043,Pearl Harbor (2001),(no genres listed)
6044,Asteroid City,(no genres listed)
6045,Selena Gomez: My Mind & Me (2022),(no genres listed)
6046,The Girl Who Killed Her Parents: The Confession (2023),(no genres listed)
6047,The Girl Who Killed Her Parents (2021),(no genres listed)
6048,The Boy Who Killed My Parents (2021),(no genres listed)
6049,Need for Speed (2014),(no genres listed)
6050,The Ice Age Adventures of Buck Wild (2022),(no genres listed)
6051,The Graduate (1967),(no genres listed)
6052,Batman: Mask of the Phantasm,(no genres listed)
6053,Frankenhooker,(no genres listed)
6054,The Last Summer (2019),(no genres listed)
6055,Star Wars: Clone Wars (2003),(no genres listed)
6056,Father of the Bride (2022),(no genres listed)
6057,Flamin' Hot (2023),(no genres listed)
6058,Number 24 (2024),(no genres listed)
6059,8 Mile,(no genres listed)
6060,Elevation (2024),(no genres listed)
6061,Fantastic Four (2015),(no genres listed)
6062,Léon: The Professional,(no genres listed)
6063,Children of Heaven (1997),(no genres listed)
6064,Black Hawk Down (2001),(no genres listed)
6065,Heart of Stone (2023),(no genres listed)
6066,Love Again (2023),(no genres listed)
6067,Yes Man (2008),(no genres listed)
6068,The Gift (2015),(no genres listed)
6069,Stardust (2007),(no genres listed)
6070,Dirty Dancing,(no genres listed)
6071,Attack on Titan: Crimson Bow and Arrow (2014),(no genres listed)
6072,Casino Royale,(no genres listed)
6073,Pride and Prejudice (1995),(no genres listed)
6074,Erupcja (2025),(no genres listed)
6075,Project Y (2025),(no genres listed)
6076,Mad Unicorn (2025),(no genres listed)
6077,Lovesick (2025),(no genres listed)
6078,Doona! (2023),(no genres listed)
6079,Baghead (2023),(no genres listed)
6080,The Wonder (2022),(no genres listed)
6081,GOAT,(no genres listed)
6082,Night Courier (2023),(no genres listed)
6083,In Bruges,(no genres listed)
6084,Fist Fight (2017),(no genres listed)
6085,The Wedding Ringer (2015),(no genres listed)
6086,Saving Face,(no genres listed)
6087,Dandelion (2025),(no genres listed)
6088,Suncoast (2024),(no genres listed)
6089,No Way Up (2024),(no genres listed)
6090,Cosmic Princess Kaguya!,(no genres listed)
6091,Drishyam (2013),(no genres listed)
6092,Primer (2004),(no genres listed)
6093,Malena (2000),(no genres listed)
6094,Cloud Atlas (2012),(no genres listed)
6095,The Hangover Part II,(no genres listed)
6096,A Walk to Remember,(no genres listed)
6097,Deadpool,(no genres listed)
6098,"Lover, Stalker, Killer (2024)",(no genres listed)
6099,Don't F**k with Cats: Hunting an Internet Killer (2019),(no genres listed)
6100,Fury,(no genres listed)
6101,Force of Nature: The Dry 2 (2024),(no genres listed)
6102,Sense and Sensibility (1995),(no genres listed)
6103,Sister Death (2023),(no genres listed)
6104,Terrified (2017),(no genres listed)
6105,Broken Rage (2024),(no genres listed)
6106,Reminiscence (2021),(no genres listed)
6107,Thug Life (2025),(no genres listed)
6108,The Greatest of All Time (2024),(no genres listed)
6109,Maaveeran (2023),(no genres listed)
6110,Vaathi (2023),(no genres listed)
6111,Thiruchitrambalam (2022),(no genres listed)
6112,Beast (2022),(no genres listed)
6113,Mahaan (2022),(no genres listed)
6114,Soorarai Pottru (2020),(no genres listed)
6115,Velaiyilla Pattathari (2014),(no genres listed)
6116,Michael Jackson: The Verdict,(no genres listed)
6117,Michael Jackson: The Verdict (2026),(no genres listed)
6118,Let's Go Karaoke! (2023),(no genres listed)
6119,Control (2007),(no genres listed)
6120,The Endless (2017),(no genres listed)
6121,The Raid 2 (2014),(no genres listed)
6122,Cowboy Bebop: The Movie (2001),(no genres listed)
6123,Event Horizon (1997),(no genres listed)
6124,Screw Mickiewicz 3 (2026),(no genres listed)
6125,The Altar Boys (2025),(no genres listed)
6126,Splitsville (2025),(no genres listed)
6127,Screw Mickiewicz 2 (2025),(no genres listed)
6128,Screw Mickiewicz (2024),(no genres listed)
6129,The Curious Case of Benjamin Button,(no genres listed)
6130,The Brand New Adventures of Aladdin (2018),(no genres listed)
6131,Liar Liar (1997),(no genres listed)
6132,Divergent,(no genres listed)
6133,Dogville (2003),(no genres listed)
6134,Dancer in the Dark (2000),(no genres listed)
6135,Miracle: The Boys of '80 (2026),(no genres listed)
6136,Being Eddie (2025),(no genres listed)
6137,Death by Lightning (2025),(no genres listed)
6138,aka Charlie Sheen (2025),(no genres listed)
6139,The Astronaut (2025),(no genres listed)
6140,Land of Bad (2024),(no genres listed)
6141,13 Hours: The Secret Soldiers of Benghazi (2016),(no genres listed)
6142,2 Guns (2013),(no genres listed)
6143,Shooter (2007),(no genres listed)
6144,Soyut Dışavurumcu Bir Dostluğun Anatomisi Veyahut Yan Yana,(no genres listed)
6145,Godzilla (2014),(no genres listed)
6146,Crank (2006),(no genres listed)
6147,Seed of Chucky (2004),(no genres listed)
6148,Kuroko's Basketball the Movie: Last Game (2017),(no genres listed)
6149,Conclave,(no genres listed)
6150,Ghostbusters,(no genres listed)
6151,Shoplifters,(no genres listed)
6152,Tuner,(no genres listed)
6153,Yi Yi (2000),(no genres listed)
6154,Hunting Matthew Nichols (2024),(no genres listed)
6155,The Shrouds (2024),(no genres listed)
6156,Satan's Slaves 2: Communion (2022),(no genres listed)
6157,Vinland Saga,(no genres listed)
6158,The Fourth Kind (2009),(no genres listed)
6159,Contact (1997),(no genres listed)
6160,Babylon,(no genres listed)
6161,She Rides Shotgun (2025),(no genres listed)
6162,Speed,(no genres listed)
6163,Secret Mall Apartment (2024),(no genres listed)
6164,Hell's Paradise (2023),(no genres listed)
6165,Memoir of a Murderer (2017),(no genres listed)
6166,The Royal Tenenbaums,(no genres listed)
6167,A Dog's Journey (2019),(no genres listed)
6168,Manhattan (1979),(no genres listed)
6169,Annie Hall (1977),(no genres listed)
6170,The Greatest Beer Run Ever (2022),(no genres listed)
6171,Persian Lessons (2020),(no genres listed)
6172,Hercules,(no genres listed)
6173,Masters of the Universe,(no genres listed)
6174,Masters of the Universe (2026),(no genres listed)
6175,The Muppet Show (2026),(no genres listed)
6176,The Great Ambition (2024),(no genres listed)
6177,Videodrome (1983),(no genres listed)
6178,Cocorico (2024),(no genres listed)
6179,Open Season (2023),(no genres listed)
6180,3 Days Max (2023),(no genres listed)
6181,Les SEGPA (2022),(no genres listed)
6182,Serial (Bad) Weddings 3 (2021),(no genres listed)
6183,Fear Street: 1994,(no genres listed)
6184,Hope (2013),(no genres listed)
6185,Enemy,(no genres listed)
6186,Two Night Stand (2014),(no genres listed)
6187,I Dream in Another Language (2017),(no genres listed)
6188,Notes on a Scandal (2006),(no genres listed)
6189,Hellboy (2019),(no genres listed)
6190,The Harder They Fall (2021),(no genres listed)
6191,War for the Planet of the Apes,(no genres listed)
6192,Fast Five,(no genres listed)
6193,Heretic,(no genres listed)
6194,Perfect Crown (2026),(no genres listed)
6195,Love and Leashes (2022),(no genres listed)
6196,Kim Ji-young: Born 1982 (2019),(no genres listed)
6197,Planes: Fire & Rescue (2014),(no genres listed)
6198,Edge of Tomorrow,(no genres listed)
6199,Pirates of the Caribbean: Dead Men Tell No Tales,(no genres listed)
6200,Only the Brave (2017),(no genres listed)
6201,American Gangster,(no genres listed)
6202,Mind Game (2004),(no genres listed)
6203,Steven Universe Future (2019),(no genres listed)
6204,Pressure,(no genres listed)
6205,Pressure (2026),(no genres listed)
6206,Chungking Express,(no genres listed)
6207,Babel (2006),(no genres listed)
6208,The Ba***ds of Bollywood (2025),(no genres listed)
6209,Kuberaa (2025),(no genres listed)
6210,Mahavatar Narsimha (2024),(no genres listed)
6211,Mukundan Unni Associates™ (2022),(no genres listed)
6212,Love Today (2022),(no genres listed)
6213,Kantara (2022),(no genres listed)
6214,Sita Ramam (2022),(no genres listed)
6215,The Nice Guys,(no genres listed)
6216,Shrek 5,(no genres listed)
6217,Shrek 5 (2027),(no genres listed)
6218,Diary of a Wimpy Kid: Dog Days,(no genres listed)
6219,Between Two Ferns: The Movie (2019),(no genres listed)
6220,Monster House,(no genres listed)
6221,Captain America: The Winter Soldier,(no genres listed)
6222,Bride Wars,(no genres listed)
6223,Cellar Door (2024),(no genres listed)
6224,Say Anything... (1989),(no genres listed)
6225,"Bon Appétit, Your Majesty (2025)",(no genres listed)
6226,Ferdinand (2017),(no genres listed)
6227,Paddington in Peru,(no genres listed)
6228,The Secret Agent,(no genres listed)
6229,Cuttputlli (2022),(no genres listed)
6230,Mission Mangal (2019),(no genres listed)
6231,Blue Spring Ride (2014),(no genres listed)
6232,Ghajini (2008),(no genres listed)
6233,Om Shanti Om (2007),(no genres listed)
6234,Kuch Kuch Hota Hai (1998),(no genres listed)
6235,Nimona,(no genres listed)
6236,Slotherhouse (2023),(no genres listed)
6237,Pride and Prejudice and Zombies (2016),(no genres listed)
6238,Bershama (2026),(no genres listed)
6239,Ein Sehreya (2026),(no genres listed)
6240,What Women Want (2000),(no genres listed)
6241,Brothers,(no genres listed)
6242,A Bronx Tale,(no genres listed)
6243,1883 (2021),(no genres listed)
6244,Jurassic World Rebirth,(no genres listed)
6245,Pusher II (2004),(no genres listed)
6246,The Mountain II (2016),(no genres listed)
6247,The Body (2012),(no genres listed)
6248,Grown Ups,(no genres listed)
6249,PAW Patrol: The Mighty Movie (2023),(no genres listed)
6250,Hollow Man (2000),(no genres listed)
6251,Anyone But You,(no genres listed)
6252,Ferris Bueller's Day Off,(no genres listed)
6253,The World of Love (2025),(no genres listed)
6254,"Two Seasons, Two Strangers (2025)",(no genres listed)
6255,Another World (2025),(no genres listed)
6256,Kokuho (2025),(no genres listed)
6257,Love Letters (2025),(no genres listed)
6258,Flat Girls (2025),(no genres listed)
6259,Sally (2025),(no genres listed)
6260,Happyend (2024),(no genres listed)
6261,All the Long Nights (2024),(no genres listed)
6262,In the Name of the Father (1993),(no genres listed)
6263,Matthias & Maxime (2019),(no genres listed)
6264,Come and See,(no genres listed)
6265,BOCCHI THE ROCK! (2022),(no genres listed)
6266,Serial Experiments Lain (1998),(no genres listed)
6267,On the Silver Globe (1988),(no genres listed)
6268,Diary of a Wimpy Kid: Rodrick Rules,(no genres listed)
6269,Young Hearts,(no genres listed)
6270,Being John Malkovich (1999),(no genres listed)
6271,Fear and Loathing in Las Vegas (1998),(no genres listed)
6272,Griselda (2024),(no genres listed)
6273,Finding Nemo,(no genres listed)
6274,Boss Level (2021),(no genres listed)
6275,Misericordia (2024),(no genres listed)
6276,Dahomey (2024),(no genres listed)
6277,The Messiah (2023),(no genres listed)
6278,Stand by Me Doraemon (2014),(no genres listed)
6279,Tourist Family (2025),(no genres listed)
6280,Don (2022),(no genres listed)
6281,The Whole Truth (2021),(no genres listed)
6282,Start-Up (2020),(no genres listed)
6283,La Llorona (2019),(no genres listed)
6284,Queen (2013),(no genres listed)
6285,Annihilation,(no genres listed)
6286,Wallace & Gromit: Vengeance Most Fowl,(no genres listed)
6287,Kirikou and the Sorceress (1998),(no genres listed)
6288,The Fox and the Hound (1981),(no genres listed)
6289,Star Wars: Episode II – Attack of the Clones,(no genres listed)
6290,Hellraiser (2022),(no genres listed)
6291,Nymphomaniac (2014),(no genres listed)
6292,Victoria (2015),(no genres listed)
6293,Shaun of the Dead,(no genres listed)
6294,Rango,(no genres listed)
6295,Secretary,(no genres listed)
6296,Only God Forgives (2013),(no genres listed)
6297,Shame (2011),(no genres listed)
6298,Antichrist (2009),(no genres listed)
6299,The Wrestler (2008),(no genres listed)
6300,Jeanne du Barry (2023),(no genres listed)
6301,Regretting You,(no genres listed)
6302,Prom Pact (2023),(no genres listed)
6303,Eko (2025),(no genres listed)
6304,Diés Iraé (2025),(no genres listed)
6305,Dude (2025),(no genres listed)
6306,Padakkalam (2025),(no genres listed)
6307,Dragon (2025),(no genres listed)
6308,Ponman (2025),(no genres listed)
6309,Sookshmadarshini (2024),(no genres listed)
6310,Kishkindha Kaandam (2024),(no genres listed)
6311,Kumbalangi Nights (2019),(no genres listed)
6312,Ghost (1990),(no genres listed)
6313,Werewolves (2024),(no genres listed)
6314,From the Ashes (2024),(no genres listed)
6315,Naga (2023),(no genres listed)
6316,Blue Jean (2022),(no genres listed)
6317,My Best Friend Anne Frank (2021),(no genres listed)
6318,AlRawabi School for Girls (2021),(no genres listed)
6319,The Matrix Reloaded,(no genres listed)
6320,Million Dollar Baby,(no genres listed)
6321,The Suicide Squad,(no genres listed)
6322,The Forbidden City (2025),(no genres listed)
6323,You Hurt My Feelings (2023),(no genres listed)
6324,Elvira: Mistress of the Dark (1988),(no genres listed)
6325,Strangers on a Train (1951),(no genres listed)
6326,Basic Instinct (1992),(no genres listed)
6327,Cure,(no genres listed)
6328,The Fabelmans,(no genres listed)
6329,Finding Emily,(no genres listed)
6330,Champions (2023),(no genres listed)
6331,Promising Young Woman,(no genres listed)
6332,The Lord of the Rings: The Rings of Power Global Fan Screening (2022),(no genres listed)
6333,Thrash,(no genres listed)
6334,Soul Mate,(no genres listed)
6335,Soul Mate (2026),(no genres listed)
6336,The Scarecrow (2026),(no genres listed)
6337,The King's Warden (2026),(no genres listed)
6338,Can This Love Be Translated? (2026),(no genres listed)
6339,The Manipulated (2025),(no genres listed)
6340,Dopamine (2025),(no genres listed)
6341,The First Ride (2025),(no genres listed)
6342,Good Boy (2025),(no genres listed)
6343,ONE: High School Heroes (2025),(no genres listed)
6344,Way Back Love (2025),(no genres listed)
6345,The Grinch,(no genres listed)
6346,Om Shanti Om,(no genres listed)
6347,Bhool Chuk Maaf (2025),(no genres listed)
6348,HIT: The Third Case (2025),(no genres listed)
6349,The Best Thing (2025),(no genres listed)
6350,Bhool Bhulaiyaa 3 (2024),(no genres listed)
6351,My Lovely Liar (2023),(no genres listed)
6352,Hidden Love (2023),(no genres listed)
6353,Bhool Bhulaiyaa 2 (2022),(no genres listed)
6354,Laxmii (2020),(no genres listed)
6355,Kingsman: The Secret Service,(no genres listed)
6356,Days of Heaven (1978),(no genres listed)
6357,Rough Night (2017),(no genres listed)
6358,Kill (2023),(no genres listed)
6359,Batman and Superman: Battle of the Super Sons (2022),(no genres listed)
6360,Iron Lung,(no genres listed)
6361,The Favourite,(no genres listed)
6362,Sick (2022),(no genres listed)
6363,Red Sparrow (2018),(no genres listed)
6364,Chainsaw Man - The Compilation Part 1 (2025),(no genres listed)
6365,The Beautiful Person (2008),(no genres listed)
6366,White Oleander (2002),(no genres listed)
6367,May (2002),(no genres listed)
6368,Blue Spring (2001),(no genres listed)
6369,Ginger Snaps (2000),(no genres listed)
6370,K.O. (2025),(no genres listed)
6371,Vini Jr. (2025),(no genres listed)
6372,Step Up 3D (2010),(no genres listed)
6373,Starstruck (2010),(no genres listed)
6374,Paul Blart: Mall Cop (2009),(no genres listed)
6375,Heathers,(no genres listed)
6376,All About My Mother,(no genres listed)
6377,Power Rangers (2017),(no genres listed)
6378,The Ugly Truth (2009),(no genres listed)
6379,The Cell (2000),(no genres listed)
6380,Wings of Desire (1987),(no genres listed)
6381,Queer,(no genres listed)
6382,Paranoid Park (2007),(no genres listed)
6383,Happy Together (1997),(no genres listed)
6384,Pixote (1980),(no genres listed)
6385,The Last Goodbye (2025),(no genres listed)
6386,The Woman in Black (2012),(no genres listed)
6387,Su from So (2025),(no genres listed)
6388,Despicable Me,(no genres listed)
6389,Turning Red,(no genres listed)
6390,Thieves Highway (2025),(no genres listed)
6391,Nobody 2,(no genres listed)
6392,Faces of Death,(no genres listed)
6393,The Holy Mountain (1973),(no genres listed)
6394,Daddy's Head (2024),(no genres listed)
6395,Antebellum (2020),(no genres listed)
6396,Disclosure Day (2026),(no genres listed)
6397,The Breadwinner (2026),(no genres listed)
6398,Sold Out on You (2026),(no genres listed)
6399,We Are All Trying Here (2026),(no genres listed)
6400,City Lights (1931),(no genres listed)
6401,I'm Chevy Chase and You're Not (2025),(no genres listed)
6402,Shifty (2025),(no genres listed)
6403,Hard Truths (2024),(no genres listed)
6404,Nutcrackers (2024),(no genres listed)
6405,Pavements (2024),(no genres listed)
6406,BRATS (2024),(no genres listed)
6407,Encanto,(no genres listed)
6408,Collateral,(no genres listed)
6409,You Were Never Really Here (2017),(no genres listed)
6410,Should I Marry a Murderer? (2026),(no genres listed)
6411,Voyagers (2021),(no genres listed)
6412,The Blues Brothers (1980),(no genres listed)
6413,M.S. Dhoni: The Untold Story (2016),(no genres listed)
6414,Sultan (2016),(no genres listed)
6415,A Haunted House (2013),(no genres listed)
6416,"Good Luck, Have Fun, Don't Die",(no genres listed)
6417,The Disappearance of Haruhi Suzumiya (2010),(no genres listed)
6418,Alice in Borderland (2014),(no genres listed)
6419,The Hunger Games: Mockingjay – Part 1,(no genres listed)
6420,The Pod Generation (2023),(no genres listed)
6421,Mainstream (2020),(no genres listed)
6422,Child's Play (1988),(no genres listed)
6423,Marie Antoinette,(no genres listed)
6424,Love Me Love Me,(no genres listed)
6425,When We First Met (2018),(no genres listed)
6426,The Creator,(no genres listed)
6427,Kissing Is the Easy Part (2026),(no genres listed)
6428,Anomalisa (2015),(no genres listed)
6429,Demon City (2025),(no genres listed)
6430,American Primeval (2025),(no genres listed)
6431,Trigger Warning (2024),(no genres listed)
6432,Deadstream (2022),(no genres listed)
6433,Bring Her Back,(no genres listed)
6434,Untold: The Liver King (2025),(no genres listed)
6435,Afternoons of Solitude (2024),(no genres listed)
6436,La Cocina (2024),(no genres listed)
6437,The Curse (2023),(no genres listed)
6438,Blitz (2024),(no genres listed)
6439,Janet Planet (2023),(no genres listed)
6440,Predators (2025),(no genres listed)
6441,Charade (1963),(no genres listed)
6442,Corina (2024),(no genres listed)
6443,It Follows,(no genres listed)
6444,Patema Inverted (2013),(no genres listed)
6445,2000 Meters to Andriivka (2025),(no genres listed)
6446,Grease,(no genres listed)
6447,Magnolia,(no genres listed)
6448,Tokyo Revengers (2021),(no genres listed)
6449,Justice League Dark: Apokolips War (2020),(no genres listed)
6450,Justice League Dark (2017),(no genres listed)
6451,Batman: The Killing Joke (2016),(no genres listed)
6452,Batman: Bad Blood (2016),(no genres listed)
6453,Batman vs. Robin (2015),(no genres listed)
6454,"Batman: The Dark Knight Returns, Part 1 (2012)",(no genres listed)
6455,Challenger (2024),(no genres listed)
6456,The Magic Tuche (2018),(no genres listed)
6457,The Crow,(no genres listed)
6458,Bram Stoker's Dracula,(no genres listed)
6459,[REC],(no genres listed)
6460,Night Teeth (2021),(no genres listed)
6461,Undercover (2024),(no genres listed)
6462,Out of My Mind (2024),(no genres listed)
6463,Paths of Glory (1957),(no genres listed)
6464,Dream Scenario,(no genres listed)
6465,Power Ballad (2026),(no genres listed)
6466,De Gaulle: Tilting Iron,(no genres listed)
6467,De Gaulle: Tilting Iron (2026),(no genres listed)
6468,Undercover High School (2025),(no genres listed)
6469,Castaway Diva (2023),(no genres listed)
6470,Zom 100: Bucket List of the Dead (2023),(no genres listed)
6471,Radical (2023),(no genres listed)
6472,The Five Devils (2022),(no genres listed)
6473,Bad Girl (2025),(no genres listed)
6474,Karuppu,(no genres listed)
6475,Karuppu (2026),(no genres listed)
6476,Sirai (2025),(no genres listed)
6477,Aaromaley (2025),(no genres listed)
6478,Aan Paavam Pollathathu (2025),(no genres listed)
6479,Idli Kadai (2025),(no genres listed)
6480,Kiss (2025),(no genres listed)
6481,Madharaasi (2025),(no genres listed)
6482,House Mates (2025),(no genres listed)
6483,Maareesan (2025),(no genres listed)
6484,Thalaivan Thalaivii (2025),(no genres listed)
6485,Parandhu Po (2025),(no genres listed)
6486,Good Bad Ugly (2025),(no genres listed)
6487,Nilavuku En Mel Ennadi Kobam (2025),(no genres listed)
6488,Vidaamuyarchi (2025),(no genres listed)
6489,Bloody Beggar (2024),(no genres listed)
6490,Lubber Pandhu (2024),(no genres listed)
6491,Vaazhai (2024),(no genres listed)
6492,Raayan (2024),(no genres listed)
6493,Indian 2: Zero Tolerance (2024),(no genres listed)
6494,Chithha (2023),(no genres listed)
6495,Rose Island (2020),(no genres listed)
6496,Escape from Pretoria (2020),(no genres listed)
6497,The Legend of Hei (2019),(no genres listed)
6498,JoJo’s Bizarre Adventure: Battle Tendency (2012),(no genres listed)
6499,Treasure Planet (2002),(no genres listed)
6500,Alex Strangelove (2018),(no genres listed)
6501,Suck Me Shakespeer 3 (2017),(no genres listed)
6502,Goodbye Berlin (2016),(no genres listed)
6503,Suck Me Shakespeer 2 (2015),(no genres listed)
6504,Apostle (2018),(no genres listed)
6505,Manic (2001),(no genres listed)
6506,From Up on Poppy Hill,(no genres listed)
6507,Black Hawk Down,(no genres listed)
6508,7 Dogs (2026),(no genres listed)
6509,Lam Shamsiya (2025),(no genres listed)
6510,Horimiya (2021),(no genres listed)
6511,Lux Æterna (2019),(no genres listed)
6512,"McFarland, USA (2015)",(no genres listed)
6513,Paths of Glory,(no genres listed)
6514,The Martian,(no genres listed)
6515,The Visit,(no genres listed)
6516,The Week Of (2018),(no genres listed)
6517,The Do-Over (2016),(no genres listed)
6518,A Real Pain,(no genres listed)
6519,Escape from New York (1981),(no genres listed)
6520,Carlito's Way (1993),(no genres listed)
6521,Cape Fear (1991),(no genres listed)
6522,Killer Klowns from Outer Space (1988),(no genres listed)
6523,Mad Max 2 (1981),(no genres listed)
6524,The Waterboy (1998),(no genres listed)
6525,Anna Karenina,(no genres listed)
6526,Women on the Verge of a Nervous Breakdown (1988),(no genres listed)
6527,Soulmate,(no genres listed)
6528,Kamikaze Girls (2004),(no genres listed)
6529,The Hunchback of Notre Dame (1996),(no genres listed)
6530,Demolition,(no genres listed)
6531,"ariana grande: excuse me, i love you (2020)",(no genres listed)
6532,Some Like It Hot (1959),(no genres listed)
6533,Drishyam 3,(no genres listed)
6534,Madhuvidhu (2026),(no genres listed)
6535,Bha. Bha. Ba. (2025),(no genres listed)
6536,Kalamkaval (2025),(no genres listed)
6537,Pennum Porattum (2025),(no genres listed)
6538,Kaantha (2025),(no genres listed)
6539,Mirage (2025),(no genres listed)
6540,Dope (2015),(no genres listed)
6541,After Earth (2013),(no genres listed)
6542,Cruella,(no genres listed)
6543,Orb: On the Movements of the Earth (2024),(no genres listed)
6544,Rurouni Kenshin: The Beginning (2021),(no genres listed)
6545,Rurouni Kenshin: The Final (2021),(no genres listed)
6546,Monster,(no genres listed)
6547,Our Youth (2024),(no genres listed)
6548,I Cannot Reach You (2023),(no genres listed)
6549,Semantic Error (2022),(no genres listed)
6550,Blue Period (2021),(no genres listed)
6551,The Machinist,(no genres listed)
6552,Hellraiser (1987),(no genres listed)
6553,Little Shop of Horrors (1986),(no genres listed)
6554,Kung Fu Hustle (2004),(no genres listed)
6555,Point Break,(no genres listed)
6556,Ping Pong the Animation (2014),(no genres listed)
6557,Children Who Chase Lost Voices (2011),(no genres listed)
6558,The Archies (2023),(no genres listed)
6559,Bridget Jones's Diary,(no genres listed)
6560,Inside Furioza (2025),(no genres listed)
6561,"Chopin, a Sonata in Paris (2025)",(no genres listed)
6562,Cherry Magic! Thirty Years of Virginity Can Make You a Wizard?! (2020),(no genres listed)
6563,given (2019),(no genres listed)
6564,V for Vendetta,(no genres listed)
6565,A Simple Favor,(no genres listed)
6566,Escape from New York,(no genres listed)
6567,The Eight Mountains (2022),(no genres listed)
6568,The Book of Solutions (2023),(no genres listed)
6569,Waiting for Bojangles (2021),(no genres listed)
6570,Gummo,(no genres listed)
6571,El Sett (2025),(no genres listed)
6572,The Road (2009),(no genres listed)
6573,Jeepers Creepers (2001),(no genres listed)
6574,Fruitvale Station (2013),(no genres listed)
6575,Torrente for President (2026),(no genres listed)
6576,The SpongeBob Movie: Sponge Out of Water (2015),(no genres listed)
6577,Kung Fu Panda 2,(no genres listed)
6578,Is God Is,(no genres listed)
6579,Is God Is (2026),(no genres listed)
6580,Sex Tape (2014),(no genres listed)
6581,Locke (2013),(no genres listed)
6582,My Hero Academia: Two Heroes (2018),(no genres listed)
6583,The Autopsy of Jane Doe,(no genres listed)
6584,Pather Panchali,(no genres listed)
6585,Evil Influencer: The Jodi Hildebrandt Story (2025),(no genres listed)
6586,Andhra King Taluka (2025),(no genres listed)
6587,Odum Kuthira Chadum Kuthira (2025),(no genres listed)
6588,Kingdom (2025),(no genres listed)
6589,(MAD)² (2025),(no genres listed)
6590,Court: State vs. A Nobody (2025),(no genres listed)
6591,Sankranthiki Vasthunam (2025),(no genres listed)
6592,Game Changer (2025),(no genres listed)
6593,Vettaiyan (2024),(no genres listed)
6594,Swag (2024),(no genres listed)
6595,A Poet,(no genres listed)
6596,Green Snake (2021),(no genres listed)
6597,Pig Feast (2026),(no genres listed)
6598,Blue Giant (2023),(no genres listed)
6599,The Deep House (2021),(no genres listed)
6600,The Divine Fury (2019),(no genres listed)
6601,Knights of the Zodiac (2023),(no genres listed)
6602,Kill Your Darlings (2013),(no genres listed)
6603,All About Lily Chou-Chou,(no genres listed)
6604,The Wizard of Oz,(no genres listed)
6605,7 Dogs,(no genres listed)
6606,Legends (2026),(no genres listed)
6607,Gary (2026),(no genres listed)
6608,Kidnapped: Elizabeth Smart (2026),(no genres listed)
6609,Man on the Run (2025),(no genres listed)
6610,Primate,(no genres listed)
6611,Dicks: The Musical (2023),(no genres listed)
6612,Propeller One-Way Night Coach (2026),(no genres listed)
6613,Parallel Tales (2026),(no genres listed)
6614,Ride On (2023),(no genres listed)
6615,What If (2013),(no genres listed)
6616,Being John Malkovich,(no genres listed)
6617,Winter in Sokcho (2024),(no genres listed)
6618,My Favourite Cake (2024),(no genres listed)
6619,Memory (2023),(no genres listed)
6620,Do Not Expect Too Much from the End of the World (2023),(no genres listed)
6621,"BARDO, False Chronicle of a Handful of Truths (2022)",(no genres listed)
6622,Petite Maman (2021),(no genres listed)
6623,The Salesman (2016),(no genres listed)
6624,Rounders (1998),(no genres listed)
6625,Showgirls (1995),(no genres listed)
6626,The Love That Remains (2025),(no genres listed)
6627,The New Year That Never Came (2024),(no genres listed)
6628,Peacock (2024),(no genres listed)
6629,Humane (2024),(no genres listed)
6630,I Saw the Devil,(no genres listed)
6631,The Stone (2025),(no genres listed)
6632,Twilight of the Warriors: Walled In (2024),(no genres listed)
6633,The Believers (2024),(no genres listed)
6634,Ip Man (2008),(no genres listed)
6635,Sovereign (2025),(no genres listed)
6636,Soundtrack to a Coup d'Etat (2024),(no genres listed)
6637,Cruel Intentions (1999),(no genres listed)
6638,Raat Akeli Hai (2020),(no genres listed)
6639,Fracture (2007),(no genres listed)
6640,The Terminal,(no genres listed)
6641,My Royal Nemesis,(no genres listed)
6642,Porco Rosso,(no genres listed)
6643,Free Guy,(no genres listed)
6644,All You Need Is Kill (2025),(no genres listed)
6645,Before the Devil Knows You're Dead (2007),(no genres listed)
6646,Pulse (2001),(no genres listed)
6647,The Parent Trap,(no genres listed)
6648,Miracles from Heaven (2016),(no genres listed)
6649,Casino,(no genres listed)
6650,Saving Private Ryan,(no genres listed)
6651,Swiss Army Man,(no genres listed)
6652,Fukushima: A Nuclear Nightmare (2026),(no genres listed)
6653,Star Trek: Section 31 (2025),(no genres listed)
6654,Deepwater Horizon (2016),(no genres listed)
6655,Please Don't Destroy: The Treasure of Foggy Mountain (2023),(no genres listed)
6656,I Know What You Did Last Summer,(no genres listed)
6657,Hitch (2005),(no genres listed)
6658,Evangelion: 2.0 You Can (Not) Advance (2009),(no genres listed)
6659,Evangelion: 1.0 You Are (Not) Alone (2007),(no genres listed)
6660,Venom: The Last Dance,(no genres listed)
6661,The Phantom of the Opera,(no genres listed)
6662,Prime Minister (2025),(no genres listed)
6663,The Roast of Tom Brady (2024),(no genres listed)
6664,Holy Spider (2022),(no genres listed)
6665,Belfast (2021),(no genres listed)
6666,The Fifth Element,(no genres listed)
6667,Da 5 Bloods (2020),(no genres listed)
6668,As You Are (2016),(no genres listed)
6669,Aquamarine,(no genres listed)
6670,Scarlet Heart: Ryeo (2016),(no genres listed)
6671,Perfect Crown,(no genres listed)
6672,What Happens in Vegas (2008),(no genres listed)
6673,Jalan Pulang (2025),(no genres listed)
6674,F4 Thailand: Boys Over Flowers (2021),(no genres listed)
6675,Too Handsome to Handle (2019),(no genres listed)
6676,Hotel Transylvania,(no genres listed)
6677,Memoir of a Snail,(no genres listed)
6678,Maa Behen (2026),(no genres listed)
6679,jeen-yuhs: A Kanye Trilogy (2022),(no genres listed)
6680,Babes (2024),(no genres listed)
6681,Carol & the End of the World (2023),(no genres listed)
6682,The Life and Movies of Erşan Kuneri (2022),(no genres listed)
6683,The Twilight Saga: Breaking Dawn – Part 1,(no genres listed)
6684,Idol I (2025),(no genres listed)
6685,Dynamite Kiss (2025),(no genres listed)
6686,Once Upon a Small Town (2022),(no genres listed)
6687,A Love So Beautiful (2020),(no genres listed)
6688,Good Burger 2 (2023),(no genres listed)
6689,At Work (2025),(no genres listed)
6690,300,(no genres listed)
6691,Maquia: When the Promised Flower Blooms (2018),(no genres listed)
6692,Fragments for Venus (2025),(no genres listed)
6693,Lady Gaga: Mayhem on the Beach (2025),(no genres listed)
6694,Outside (2024),(no genres listed)
6695,Show Me Love (1998),(no genres listed)
6696,Smile 2,(no genres listed)
6697,The Corpse Washer (2024),(no genres listed)
6698,P.S. I Love You (2007),(no genres listed)
6699,Gods of Egypt (2016),(no genres listed)
6700,Fargo,(no genres listed)
6701,The Guilty,(no genres listed)
6702,Dhurandhar,(no genres listed)
6703,Amar Singh Chamkila (2024),(no genres listed)
6704,Jai Bhim (2021),(no genres listed)
6705,Housefull 4 (2019),(no genres listed)
6706,Luka Chuppi (2019),(no genres listed)
6707,Never Rarely Sometimes Always (2020),(no genres listed)
6708,Hustle,(no genres listed)
6709,Geek Charming (2011),(no genres listed)
6710,Athiradi (2026),(no genres listed)
6711,Hridayapoorvam (2025),(no genres listed)
6712,Maranamass (2025),(no genres listed)
6713,Dominic and the Ladies' Purse (2025),(no genres listed)
6714,Pravinkoodu Shappu (2025),(no genres listed)
6715,A.R.M - Ajayante Randam Moshanam (2024),(no genres listed)
6716,Bharathanatyam (2024),(no genres listed)
6717,Guruvayoor Ambalanadayil (2024),(no genres listed)
6718,Varshangalkku Shesham (2024),(no genres listed)
6719,Anweshippin Kandethum (2024),(no genres listed)
6720,Curry & Cyanide: The Jolly Joseph Case (2023),(no genres listed)
6721,Neru (2023),(no genres listed)
6722,Falimy (2023),(no genres listed)
6723,I Am Groot: Are You My Groot? (2023),(no genres listed)
6724,Twin Peaks,(no genres listed)
6725,The Wedding Banquet (2025),(no genres listed)
6726,Rap World (2024),(no genres listed)
6727,Moneyball,(no genres listed)
6728,Dominion of Darkness (2024),(no genres listed)
6729,Lembayung (2024),(no genres listed)
6730,Thirteen Lives (2022),(no genres listed)
6731,A Hero (2021),(no genres listed)
6732,"Quo Vadis, Aida? (2020)",(no genres listed)
6733,A Private Life (2025),(no genres listed)
6734,Mob Psycho 100: Reigen - The Miraculous Unknown Psychic (2018),(no genres listed)
6735,But Muzeyyen That's the Deepest Desire (2014),(no genres listed)
6736,Motel Destino (2024),(no genres listed)
6737,Bros (2022),(no genres listed)
6738,Operation Hyacinth (2021),(no genres listed)
6739,My Mom Is a Character 3 (2019),(no genres listed)
6740,Girl (2018),(no genres listed)
6741,Come See Me in the Good Light (2025),(no genres listed)
6742,Despicable Me 4,(no genres listed)
6743,She's Dating the Gangster (2014),(no genres listed)
6744,My Love Will Make You Disappear (2025),(no genres listed)
6745,Third World Romance (2023),(no genres listed)
6746,Ryuichi Sakamoto | Opus (2023),(no genres listed)
6747,I'm No Longer Here (2019),(no genres listed)
6748,V/H/S/94 (2021),(no genres listed)
6749,The Intouchables,(no genres listed)
6750,Imperium (2016),(no genres listed)
6751,Evil Dead,(no genres listed)
6752,Spider-Man 2: Making the Amazing (2004),(no genres listed)
6753,Trainwreck: The Real Project X (2025),(no genres listed)
6754,Trainwreck: The Cult of American Apparel (2025),(no genres listed)
6755,Watchmen: Chapter I (2024),(no genres listed)
6756,Sly (2023),(no genres listed)
6757,I Am Groot: Groot Noses Around (2023),(no genres listed)
6758,Beetlejuice Beetlejuice,(no genres listed)
6759,Close Encounters of the Third Kind,(no genres listed)
6760,EuroTrip (2004),(no genres listed)
6761,Sweet & Sour (2021),(no genres listed)
6762,Noah Kahan: Out of Body,(no genres listed)
6763,Noah Kahan: Out of Body (2026),(no genres listed)
6764,The Florida Project,(no genres listed)
6765,mother!,(no genres listed)
6766,The Magic Faraway Tree (2026),(no genres listed)
6767,O'Dessa (2025),(no genres listed)
6768,Aliens,(no genres listed)
6769,Would You Marry Me? (2025),(no genres listed)
6770,Have a Good Trip: Adventures in Psychedelics (2020),(no genres listed)
6771,The Texas Chain Saw Massacre,(no genres listed)
6772,The Fly (1986),(no genres listed)
6773,Primitive War (2025),(no genres listed)
6774,Project Silence (2023),(no genres listed)
6775,I Am Not a Robot (2017),(no genres listed)
6776,Victor Frankenstein (2015),(no genres listed)
6777,About My Father (2023),(no genres listed)
6778,Don't Say a Word (2001),(no genres listed)
6779,Pierrot le Fou (1965),(no genres listed)
6780,The Passion of Joan of Arc (1928),(no genres listed)
6781,Planet B (2024),(no genres listed)
6782,La Dolce Villa (2025),(no genres listed)
6783,Puppy Love (2023),(no genres listed)
6784,Love in the Villa (2022),(no genres listed)
6785,The SpongeBob Movie: Search for SquarePants,(no genres listed)
6786,Paranormal Activity 4 (2012),(no genres listed)
6787,[REC]³ Genesis (2012),(no genres listed)
6788,Godzilla Minus One,(no genres listed)
6789,Taken,(no genres listed)
6790,Labyrinth,(no genres listed)
6791,The Gorge,(no genres listed)
6792,Creed,(no genres listed)
6793,100 METERS,(no genres listed)
6794,Willy Wonka & the Chocolate Factory,(no genres listed)
6795,Bob Trevino Likes It (2024),(no genres listed)
6796,Salmokji: Whispering Water,(no genres listed)
6797,The Invitation (2015),(no genres listed)
6798,Lake Mungo (2008),(no genres listed)
6799,"Salò, or the 120 Days of Sodom (1975)",(no genres listed)
6800,3391 Kilometers (2024),(no genres listed)
6801,Carl's Date (2023),(no genres listed)
6802,Another Round,(no genres listed)
6803,This Is 40 (2012),(no genres listed)
6804,GoldenEye (1995),(no genres listed)
6805,Mirai (2018),(no genres listed)
6806,"Sorry, Baby",(no genres listed)
6807,On the Rocks (2020),(no genres listed)
6808,Night King (2026),(no genres listed)
6809,Prey for the Devil (2022),(no genres listed)
6810,No Exit (2022),(no genres listed)
6811,Ghost Doctor (2022),(no genres listed)
6812,Everybody Wants Some!! (2016),(no genres listed)
6813,Paradise (2023),(no genres listed)
6814,Scooby-Doo on Zombie Island (1998),(no genres listed)
6815,Death Proof,(no genres listed)
6816,Havoc,(no genres listed)
6817,X-Men: First Class,(no genres listed)
6818,F Marry Kill (2025),(no genres listed)
6819,Tinā (2024),(no genres listed)
6820,Scavengers Reign (2023),(no genres listed)
6821,Swallow (2019),(no genres listed)
6822,Bison Kaalamaadan (2025),(no genres listed)
6823,A Balloon's Landing (2024),(no genres listed)
6824,The Wandering Earth (2019),(no genres listed)
6825,Made of Honor (2008),(no genres listed)
6826,Haseen Dillruba (2021),(no genres listed)
6827,Friend Request (2016),(no genres listed)
6828,Don Jon (2013),(no genres listed)
6829,Dev.D (2009),(no genres listed)
6830,Midori (1992),(no genres listed)
6831,A Perfect Pairing (2022),(no genres listed)
6832,Graduation Heist (2025),(no genres listed)
6833,KinnPorsche: The Series (2022),(no genres listed)
6834,Not Me (2021),(no genres listed)
6835,Bad Buddy (2021),(no genres listed)
6836,Thor,(no genres listed)
6837,The Worst of Evil (2023),(no genres listed)
6838,The Ron Clark Story (2006),(no genres listed)
6839,Ouran High School Host Club (2006),(no genres listed)
6840,BTS: Yet to Come in Cinemas (2023),(no genres listed)
6841,BTS: Permission to Dance on Stage - LA (2022),(no genres listed)
6842,Unforgiven,(no genres listed)
6843,The Invention of Lying (2009),(no genres listed)
6844,Absolutely Anything (2015),(no genres listed)
6845,Anuja (2024),(no genres listed)
6846,Maurice,(no genres listed)
6847,Harbin (2024),(no genres listed)
6848,Queen of the Damned (2002),(no genres listed)
6849,Jurassic World Camp Cretaceous: Hidden Adventure (2022),(no genres listed)
6850,Beast (2022),(no genres listed)
6851,Spider-Man 2,(no genres listed)
6852,Demon Slayer: Kimetsu no Yaiba Special Edition Hashira Training Arc Part 2 (2025),(no genres listed)
6853,Demon Slayer: Kimetsu no Yaiba Special Edition Hashira Training Arc Part 1 (2025),(no genres listed)
6854,Demon Slayer: Kimetsu no Yaiba Special Edition Swordsmith Village Arc Part 2 (2024),(no genres listed)
6855,Demon Slayer: Kimetsu no Yaiba - Asakusa Arc (2021),(no genres listed)
6856,Firefly (2023),(no genres listed)
6857,Kita Kita (2017),(no genres listed)
6858,We Are All Trying Here,(no genres listed)
6859,Shin Kamen Rider (2023),(no genres listed)
6860,She Said (2022),(no genres listed)
6861,Samaritan (2022),(no genres listed)
6862,The 355 (2022),(no genres listed)
6863,American Hustle (2013),(no genres listed)
6864,Stutz (2022),(no genres listed)
6865,She Walks in Darkness (2025),(no genres listed)
6866,Mud (2012),(no genres listed)
6867,Eric (2024),(no genres listed)
6868,Locked In (2023),(no genres listed)
6869,Sunny Sanskari Ki Tulsi Kumari (2025),(no genres listed)
6870,Phir Aayi Hasseen Dillruba (2024),(no genres listed)
6871,Satyaprem Ki Katha (2023),(no genres listed)
6872,Sooryavanshi (2021),(no genres listed)
6873,Shershaah (2021),(no genres listed)
6874,Good Newwz (2019),(no genres listed)
6875,The Calendar Killer (2025),(no genres listed)
6876,Walk the Line (2005),(no genres listed)
6877,The Conjuring 2,(no genres listed)
6878,The Apartment,(no genres listed)
6879,Mind Game,(no genres listed)
6880,Swing Girls (2004),(no genres listed)
6881,Passengers,(no genres listed)
6882,Bride Hard (2025),(no genres listed)
6883,The Abyss (2023),(no genres listed)
6884,Choose Love (2023),(no genres listed)
6885,Strange Magic (2015),(no genres listed)
6886,Four Sisters and a Wedding (2013),(no genres listed)
6887,F Valentine's Day (2026),(no genres listed)
6888,Deep Sea (2023),(no genres listed)
6889,I Like Movies (2022),(no genres listed)
6890,When You Finish Saving the World (2022),(no genres listed)
6891,Wild Strawberries (1957),(no genres listed)
6892,Steins;Gate (2011),(no genres listed)
6893,Gurren Lagann (2007),(no genres listed)
6894,Sympathy for Mr. Vengeance (2002),(no genres listed)
6895,Photocopier (2021),(no genres listed)
6896,The Wrecking Crew,(no genres listed)
6897,Sympathy for the Devil (2023),(no genres listed)
6898,Paris Is Burning,(no genres listed)
6899,The Diary of a Teenage Girl (2015),(no genres listed)
6900,What's Your Number? (2011),(no genres listed)
6901,The Spider Within: A Spider-Verse Story (2023),(no genres listed)
6902,A Trip to the Moon (1902),(no genres listed)
6903,Why Him? (2016),(no genres listed)
6904,White House Down (2013),(no genres listed)
6905,Frances Ha,(no genres listed)
6906,Saw X,(no genres listed)
6907,Would You Rather (2012),(no genres listed)
6908,Your Monster (2024),(no genres listed)
6909,Gravity Falls: Between the Pines (2016),(no genres listed)
6910,V/H/S (2012),(no genres listed)
6911,Harold and Maude (1971),(no genres listed)
6912,Adventure Time: Distant Lands (2020),(no genres listed)
6913,Paul (2011),(no genres listed)
6914,Lord of War (2005),(no genres listed)
6915,Portrait of God (2022),(no genres listed)
6916,undertone,(no genres listed)
6917,Animal Farm (2025),(no genres listed)
6918,Drop Dead Gorgeous (1999),(no genres listed)
6919,The Invisible Man,(no genres listed)
6920,Recalled (2021),(no genres listed)
6921,The Kid Detective (2020),(no genres listed)
6922,Vengeance (2022),(no genres listed)
6923,Fantastic Four: Rise of the Silver Surfer (2007),(no genres listed)
6924,Coreys (2024),(no genres listed)
6925,Stand Up Solutions (2024),(no genres listed)
6926,The Mask (2023),(no genres listed)
6927,Lilya 4-ever,(no genres listed)
6928,Omniscient Reader: The Prophecy (2025),(no genres listed)
6929,"I, the Executioner (2024)",(no genres listed)
6930,The Concierge (2023),(no genres listed)
6931,Awakenings,(no genres listed)
6932,Flow,(no genres listed)
6933,Sound of Freedom,(no genres listed)
6934,Love Actually,(no genres listed)
6935,Pursuit of Jade (2026),(no genres listed)
6936,Don't Be a Menace to South Central While Drinking Your Juice in the Hood (1996),(no genres listed)
6937,North Hollywood (2020),(no genres listed)
6938,Family Matters (2024),(no genres listed)
6939,Boyhood (2023),(no genres listed)
6940,Strong Girl Nam-soon (2023),(no genres listed)
6941,Revenant (2023),(no genres listed)
6942,Detachment,(no genres listed)
6943,Two Weeks Notice (2002),(no genres listed)
6944,Confessions (2010),(no genres listed)
6945,"The French Dispatch of the Liberty, Kansas Evening Sun",(no genres listed)
6946,The Game,(no genres listed)
6947,Puss in Boots,(no genres listed)
6948,Fyre (2019),(no genres listed)
6949,The Meyerowitz Stories (New and Selected) (2017),(no genres listed)
6950,Toy Story 5,(no genres listed)
6951,"Hello, Love, Goodbye (2019)",(no genres listed)
6952,High Life (2018),(no genres listed)
6953,Love Jones (1997),(no genres listed)
6954,Ad Vitam (2025),(no genres listed)
6955,Justice League: Crisis on Infinite Earths Part Three (2024),(no genres listed)
6956,Justice League: Crisis on Infinite Earths Part Two (2024),(no genres listed)
6957,EXmas (2023),(no genres listed)
6958,About Fate (2022),(no genres listed)
6959,Love Tactics (2022),(no genres listed)
6960,Anonymously Yours (2021),(no genres listed)
6961,Best Wishes to All (2023),(no genres listed)
6962,Persepolis,(no genres listed)
6963,Guns Up (2025),(no genres listed)
6964,Villains (2019),(no genres listed)
6965,King Kong,(no genres listed)
6966,First Blood,(no genres listed)
6967,I Am: Celine Dion (2024),(no genres listed)
6968,Gone Baby Gone (2007),(no genres listed)
6969,Spotlight,(no genres listed)
6970,The Vourdalak (2023),(no genres listed)
6971,Redline,(no genres listed)
6972,Hadestown: The Musical,(no genres listed)
6973,Hadestown: The Musical (2026),(no genres listed)
6974,Kajillionaire (2020),(no genres listed)
6975,Children of Men,(no genres listed)
6976,Thamma (2025),(no genres listed)
6977,Sikandar (2025),(no genres listed)
6978,Rise of the Planet of the Apes,(no genres listed)
6979,Cinderella,(no genres listed)
6980,The Truth and Tragedy of Moriah Wilson (2026),(no genres listed)
6981,Shine on Me (2025),(no genres listed)
6982,The Carman Family Deaths (2025),(no genres listed)
6983,Aileen: Queen of the Serial Killers (2025),(no genres listed)
6984,Amy Bradley Is Missing (2025),(no genres listed)
6985,Our Generation (2025),(no genres listed)
6986,Fred and Rose West: A British Horror Story (2025),(no genres listed)
6987,The Unholy 2 (2025),(no genres listed)
6988,Sin City (2005),(no genres listed)
6989,Frankenweenie,(no genres listed)
6990,Till Death (2021),(no genres listed)
6991,Forsaken (2026),(no genres listed)
6992,V/H/S/2 (2013),(no genres listed)
6993,The Possession of Hannah Grace (2018),(no genres listed)
6994,Hellraiser,(no genres listed)
6995,Minha Irmã e Eu (2023),(no genres listed)
6996,Club Zero (2023),(no genres listed)
6997,Puparia (2020),(no genres listed)
6998,A Trip to the Moon,(no genres listed)
6999,Ante... Sundaraniki! (2022),(no genres listed)
7000,Ala Vaikunthapurramuloo (2020),(no genres listed)
7001,Dear Comrade (2019),(no genres listed)
7002,Southpaw,(no genres listed)
7003,Knocked Up (2007),(no genres listed)
7004,Our Dating Sim (2023),(no genres listed)
7005,My Beautiful Man (2021),(no genres listed)
7006,Jurassic World: Fallen Kingdom,(no genres listed)
7007,Arthur and the Invisibles (2006),(no genres listed)
7008,Dead to Rights (2025),(no genres listed)
7009,Begin Again,(no genres listed)
7010,The Wicker Man,(no genres listed)
7011,The Innocent (2022),(no genres listed)
7012,The Dry (2020),(no genres listed)
7013,Lupin III: The First (2019),(no genres listed)
7014,The Irishman,(no genres listed)
7015,The Unholy (2021),(no genres listed)
7016,Pleasure (2021),(no genres listed)
7017,Nobody Sleeps in the Woods Tonight (2020),(no genres listed)
7018,Bareilly Ki Barfi (2017),(no genres listed)
7019,2 States (2014),(no genres listed)
7020,My Cousin Vinny,(no genres listed)
7021,20 Days in Mariupol (2023),(no genres listed)
7022,Brother (1997),(no genres listed)
7023,Love Hurts (2002),(no genres listed)
7024,Pierrot le Fou,(no genres listed)
7025,Orwell: 2+2=5 (2025),(no genres listed)
7026,Climax,(no genres listed)
7027,LINK CLICK (2021),(no genres listed)
7028,The Smashing Machine,(no genres listed)
7029,Sister Act (1992),(no genres listed)
7030,Arcane: Bridging the Rift (2022),(no genres listed)
7031,The Christophers (2025),(no genres listed)
7032,Hellsing Ultimate (2006),(no genres listed)
7033,Museum of Innocence,(no genres listed)
7034,The Master,(no genres listed)
7035,Lost Highway,(no genres listed)
7036,Kung Fu Hustle,(no genres listed)
7037,Sapta Sagaradaache Ello – Side A (2023),(no genres listed)
7038,Murderer Report (2025),(no genres listed)
7039,James Acaster: Hecklers Welcome (2024),(no genres listed)
7040,In the Land of Saints and Sinners (2023),(no genres listed)
7041,Game of Thrones: The Story So Far (2017),(no genres listed)
7042,100 Songs for Stella (2025),(no genres listed)
7043,100 Poems for Stella (2017),(no genres listed)
7044,Demon Slayer -Kimetsu no Yaiba- The Movie: Mugen Train,(no genres listed)
7045,Lemony Snicket's A Series of Unfortunate Events,(no genres listed)
7046,When Marnie Was There,(no genres listed)
7047,The Girl from the Other Side (2022),(no genres listed)
7048,Flyboys (2006),(no genres listed)
7049,Jawbreaker (1999),(no genres listed)
7050,Leave the World Behind,(no genres listed)
7051,Dawn of the Dead,(no genres listed)
7052,The Kerala Story (2023),(no genres listed)
7053,I'm Your Venus (2024),(no genres listed)
7054,Jamie Vardy (2026),(no genres listed)
7055,Stand by Me Doraemon 2 (2020),(no genres listed)
7056,Neon Genesis Evangelion,(no genres listed)
7057,Catherine Called Birdy (2022),(no genres listed)
7058,Ok Jaanu (2017),(no genres listed)
7059,Chinatown,(no genres listed)
7060,Roofman,(no genres listed)
7061,Naples to New York (2024),(no genres listed)
7062,Ophelia (2018),(no genres listed)
7063,Retro (2025),(no genres listed)
7064,Jigarthanda DoubleX (2023),(no genres listed)
7065,Maamannan (2023),(no genres listed)
7066,Sarpatta Parambarai (2021),(no genres listed)
7067,Kaithi (2019),(no genres listed)
7068,Premam (2015),(no genres listed)
7069,Invader Zim: Enter the Florpus (2019),(no genres listed)
7070,Moonstruck,(no genres listed)
7071,The Last Letter from Your Lover (2021),(no genres listed)
7072,Sunshine (2007),(no genres listed)
7073,Haider (2014),(no genres listed)
7074,Tolo Tolo (2020),(no genres listed)
7075,Sun In Buckets (2013),(no genres listed)
7076,I Am Legend,(no genres listed)
7077,Journey to Bethlehem (2023),(no genres listed)
7078,In the Shadow of the Cypress (2023),(no genres listed)
7079,Shooting Stars (2022),(no genres listed)
7080,I Still Believe (2020),(no genres listed)
7081,Batman,(no genres listed)
7082,Hanu-Man (2024),(no genres listed)
7083,Guntur Kaaram (2024),(no genres listed)
7084,Rocketry: The Nambi Effect (2022),(no genres listed)
7085,Saaho (2019),(no genres listed)
7086,Accepted (2006),(no genres listed)
7087,McWalter (2025),(no genres listed)
7088,96 Minutes (2025),(no genres listed)
7089,The Good Dinosaur,(no genres listed)
7090,Pawn Sacrifice (2014),(no genres listed)
7091,The Call (2013),(no genres listed)
7092,W: Two Worlds Apart (2016),(no genres listed)
7093,Sore: A Wife from the Future,(no genres listed)
7094,Ted,(no genres listed)
7095,Plainclothes (2025),(no genres listed)
7096,Becky and Badette (2023),(no genres listed)
7097,Hellboy,(no genres listed)
7098,The Roast of Kevin Hart,(no genres listed)
7099,The Roast of Kevin Hart (2026),(no genres listed)
7100,Satan's Slaves (2017),(no genres listed)
7101,Naked (2017),(no genres listed)
7102,Chainsaw Man - The Compilation Part 2 (2025),(no genres listed)
7103,American Assassin (2017),(no genres listed)
7104,The Change-Up (2011),(no genres listed)
7105,The Beach Boys (2024),(no genres listed)
7106,Masters of the Air (2024),(no genres listed)
7107,Skip and Loafer (2023),(no genres listed)
7108,Purple Hearts,(no genres listed)
7109,Die Another Day (2002),(no genres listed)
7110,Shaolin Soccer (2001),(no genres listed)
7111,Hundreds of Beavers,(no genres listed)
7112,Dave Chappelle: The Unstoppable... (2025),(no genres listed)
7113,The Deepest Breath (2023),(no genres listed)
7114,Wild (2014),(no genres listed)
7115,Submarine,(no genres listed)
7116,Fried Green Tomatoes (1991),(no genres listed)
7117,High School Musical,(no genres listed)
7118,TRENTE,(no genres listed)
7119,TRENTE (2026),(no genres listed)
7120,The Perfection (2018),(no genres listed)
7121,Farewell My Concubine (1993),(no genres listed)
7122,Dou kyu sei – Classmates,(no genres listed)
7123,Toni (2023),(no genres listed)
7124,Bar Boys: After School (2025),(no genres listed)
7125,Top Gun,(no genres listed)
7126,Old Bandits (2026),(no genres listed)
7127,Uncharted,(no genres listed)
7128,Apocalypse in the Tropics (2024),(no genres listed)
7129,Sharper (2023),(no genres listed)
7130,Killers of the Flower Moon,(no genres listed)
7131,Scooby-Doo 2: Monsters Unleashed (2004),(no genres listed)
7132,Disclaimer (2024),(no genres listed)
7133,Alvin and the Chipmunks,(no genres listed)
7134,Half Man,(no genres listed)
7135,Eloá the Hostage: Live on TV (2025),(no genres listed)
7136,The Monster of Florence (2025),(no genres listed)
7137,No More Bets (2023),(no genres listed)
7138,My Dearest Nemesis (2025),(no genres listed)
7139,Serendipity's Embrace (2024),(no genres listed)
7140,High School Return of a Gangster (2024),(no genres listed)
7141,Marry My Husband (2024),(no genres listed)
7142,Ingrid Goes West (2017),(no genres listed)
7143,Grounded II: Making The Last of Us Part II (2024),(no genres listed)
7144,JoJo's Bizarre Adventure: Phantom Blood (2012),(no genres listed)
7145,The Night of the Hunter (1955),(no genres listed)
7146,The Red Shoes (1948),(no genres listed)
7147,The Ugly (2025),(no genres listed)
7148,The Verdict (2025),(no genres listed)
7149,Romería (2025),(no genres listed)
7150,American Animals (2018),(no genres listed)
7151,Milk (2008),(no genres listed)
7152,The Lion King,(no genres listed)
7153,Life (2023),(no genres listed)
7154,The Marsh King's Daughter (2023),(no genres listed)
7155,Ghosts of Girlfriends Past (2009),(no genres listed)
7156,Just Like Heaven,(no genres listed)
7157,Secret Level - New World: The Once and Future King (2024),(no genres listed)
7158,Fireworks (2023),(no genres listed)
7159,The Quintessential Quintuplets Movie (2022),(no genres listed)
7160,One Piece: Stampede (2019),(no genres listed)
7161,DARLING in the FRANXX (2018),(no genres listed)
7162,The Monkey King (2023),(no genres listed)
7163,Injustice (2021),(no genres listed)
7164,Ghost in the Cell,(no genres listed)
7165,Crossing (2024),(no genres listed)
7166,Force Majeure (2014),(no genres listed)
7167,Barbie in A Mermaid Tale 2 (2012),(no genres listed)
7168,Holy Camp! (2017),(no genres listed)
7169,Marco: The Invented Truth (2024),(no genres listed)
7170,Escape from the 21st Century (2024),(no genres listed)
7171,The Road to El Dorado (2000),(no genres listed)
7172,Corpus Christi (2019),(no genres listed)
7173,Surf's Up,(no genres listed)
7174,Emily (2022),(no genres listed)
7175,Mona Lisa Smile,(no genres listed)
7176,This Is England (2006),(no genres listed)
7177,The Mehta Boys (2024),(no genres listed)
7178,Shiddat (2021),(no genres listed)
7179,I Origins,(no genres listed)
7180,DNA (2025),(no genres listed)
7181,Eleven (2025),(no genres listed)
7182,Veera Dheera Sooran: Part 2 (2025),(no genres listed)
7183,Kudumbasthan (2025),(no genres listed)
7184,Madha Gaja Raja (2025),(no genres listed)
7185,Sorgavaasal (2024),(no genres listed)
7186,Kanguva (2024),(no genres listed)
7187,Black (2024),(no genres listed)
7188,Mark Antony (2023),(no genres listed)
7189,Por Thozhil (2023),(no genres listed)
7190,Varisu (2023),(no genres listed)
7191,Naane Varuvean (2022),(no genres listed)
7192,Thesis (1996),(no genres listed)
7193,Antiviral (2012),(no genres listed)
7194,"Good Bye, Lenin! (2003)",(no genres listed)
7195,Last Summer (2023),(no genres listed)
7196,The Secret World of Arrietty,(no genres listed)
7197,Joy (2024),(no genres listed)
7198,Big George Foreman (2023),(no genres listed)
7199,Scooby-Doo,(no genres listed)
7200,Lisa Frankenstein,(no genres listed)
7201,Scary Movie 2,(no genres listed)
7202,Ip Man 3 (2015),(no genres listed)
7203,Monster-in-Law (2005),(no genres listed)
7204,Marcel the Shell with Shoes On,(no genres listed)
7205,The Twilight Saga: Eclipse,(no genres listed)
7206,Invincible: Atom Eve (2023),(no genres listed)
7207,Last Holiday (2006),(no genres listed)
7208,Lost in the Stars (2022),(no genres listed)
7209,Double Blind (2023),(no genres listed)
7210,Trainwreck: Storm Area 51 (2025),(no genres listed)
7211,Trainwreck: Balloon Boy (2025),(no genres listed)
7212,Trainwreck: Mayor of Mayhem (2025),(no genres listed)
7213,Lucky Number Slevin (2006),(no genres listed)
7214,The Warriors (1979),(no genres listed)
7215,The Lake House (2006),(no genres listed)
7216,Pacific Rim,(no genres listed)
7217,Trust Me: The False Prophet (2026),(no genres listed)
7218,Devil in the Family: The Fall of Ruby Franke (2025),(no genres listed)
7219,The Book of Clarence (2023),(no genres listed)
7220,Viva La Vida (2024),(no genres listed)
7221,North by Northwest (1959),(no genres listed)
7222,The Bling Ring,(no genres listed)
7223,Happiness,(no genres listed)
7224,Caught by the Tides (2024),(no genres listed)
7225,Better Off Dead,(no genres listed)
7226,Linda Linda Linda (2005),(no genres listed)
7227,Phone Booth (2002),(no genres listed)
7228,Saw (2003),(no genres listed)
7229,This Place Rules (2022),(no genres listed)
7230,Serendipity,(no genres listed)
7231,Last Night in Soho,(no genres listed)
7232,National Treasure: Book of Secrets (2007),(no genres listed)
7233,War Dogs,(no genres listed)
7234,The Illusionist (2006),(no genres listed)
7235,The Three Investigators and the Carpathian Dog (2025),(no genres listed)
7236,Borderless Fog (2024),(no genres listed)
7237,Terrifier 2,(no genres listed)
7238,Vacation Friends 2 (2023),(no genres listed)
7239,The Thing (2011),(no genres listed)
7240,Bound (1996),(no genres listed)
7241,Wild Diamond (2024),(no genres listed)
7242,Too Old for Fairy Tales 2 (2024),(no genres listed)
7243,Missing You (2025),(no genres listed)
7244,The Walking Dead: Origins (2021),(no genres listed)
7245,825 Forest Road (2025),(no genres listed)
7246,Joko Anwar's Nightmares and Daydreams (2024),(no genres listed)
7247,The Second Mother (2015),(no genres listed)
7248,Apocalypto,(no genres listed)
7249,Work It (2020),(no genres listed)
7250,Dracula,(no genres listed)
7251,The Conjuring: The Devil Made Me Do It,(no genres listed)
7252,Love Untangled,(no genres listed)
7253,A Sign of Affection (2024),(no genres listed)
7254,Stranger Things: Tales from '85 Theatrical Preview (2026),(no genres listed)
7255,Smurfs: The Lost Village (2017),(no genres listed)
7256,Marguerite's Theorem (2023),(no genres listed)
7257,Money Heist: Korea - Joint Economic Area (2022),(no genres listed)
7258,Money Heist: The Phenomenon (2020),(no genres listed)
7259,Super Dark Times (2017),(no genres listed)
7260,Tomorrow Never Dies (1997),(no genres listed)
7261,Autumn Sonata (1978),(no genres listed)
7262,Star Wars: Tales of the Empire (2024),(no genres listed)
7263,I Am Groot: Groot's Sweet Treat (2023),(no genres listed)
7264,Star Wars: Tales of the Jedi (2022),(no genres listed)
7265,Fate/stay night: Heaven's Feel III. Spring Song (2020),(no genres listed)
7266,Dogs Don't Wear Pants (2019),(no genres listed)
7267,Pi (1998),(no genres listed)
7268,It's a Wonderful Knife (2023),(no genres listed)
7269,The Bad Guys 2,(no genres listed)
7270,2nd Miracle in Cell No. 7 (2024),(no genres listed)
7271,Deep (2021),(no genres listed)
7272,Forget Me Not (2015),(no genres listed)
7273,Monster Hunter (2020),(no genres listed)
7274,Tokyo Taxi (2025),(no genres listed)
7275,River (2023),(no genres listed)
7276,First Reformed (2017),(no genres listed)
7277,Witness for the Prosecution (1957),(no genres listed)
7278,Murder Mubarak (2024),(no genres listed)
7279,Chef,(no genres listed)
7280,Vacation Friends (2021),(no genres listed)
7281,Run Hide Fight (2020),(no genres listed)
7282,"Boy, I'm Scared (2025)",(no genres listed)
7283,A Bird Hit My Window and Now I'm a Lesbian (2024),(no genres listed)
7284,The Iron Giant,(no genres listed)
7285,Palm Springs,(no genres listed)
7286,The Dinosaurs (2026),(no genres listed)
7287,That's AI (2026),(no genres listed)
7288,The Littles (2025),(no genres listed)
7289,Romantic Killer (2022),(no genres listed)
7290,I Believe in Unicorns,(no genres listed)
7291,Jeepers Creepers: Reborn (2022),(no genres listed)
7292,Clerks III (2022),(no genres listed)
7293,The Godfather Part III,(no genres listed)
7294,Jurassic World,(no genres listed)
7295,Witches (2024),(no genres listed)
7296,Bergen (2022),(no genres listed)
7297,Genie (2023),(no genres listed)
7298,Best. Christmas. Ever! (2023),(no genres listed)
7299,The Knight Before Christmas (2019),(no genres listed)
7300,X2,(no genres listed)
7301,50/50,(no genres listed)
7302,Dìdi (弟弟),(no genres listed)
7303,Pirates of the Caribbean: At World's End,(no genres listed)
7304,10DANCE,(no genres listed)
7305,Secret Level - Dungeons & Dragons: The Queen's Cradle (2024),(no genres listed)
7306,Secret Level - Sifu: It Takes a Life (2024),(no genres listed)
7307,Justice League: Crisis on Infinite Earths Part One (2024),(no genres listed)
7308,Limitless,(no genres listed)
7309,Vamps (2012),(no genres listed)
7310,Reply 1988,(no genres listed)
7311,Role Models (2008),(no genres listed)
7312,Madagascar,(no genres listed)
7313,On the Line (2022),(no genres listed)
7314,Dead Silence (2007),(no genres listed)
7315,Sky High,(no genres listed)
7316,Animal House (1978),(no genres listed)
7317,All the President's Men (1976),(no genres listed)
7318,Black Widow,(no genres listed)
7319,Only You (1994),(no genres listed)
7320,Love & Pop (1998),(no genres listed)
7321,Rashomon,(no genres listed)
7322,Teen Wolf: The Movie (2023),(no genres listed)
7323,The Hateful Eight,(no genres listed)
7324,Goodrich (2024),(no genres listed)
7325,Barbie as The Princess & the Pauper (2004),(no genres listed)
7326,7th Time Loop: The Villainess Enjoys a Carefree Life Married to Her Worst Enemy! (2024),(no genres listed)
7327,Komi Can't Communicate (2021),(no genres listed)
7328,Four Sisters and a Wedding,(no genres listed)
7329,Fear Street: Prom Queen,(no genres listed)
7330,3 from Hell (2019),(no genres listed)
7331,Gummo (1997),(no genres listed)
7332,Little Fish,(no genres listed)
7333,Mirror,(no genres listed)
7334,A Thousand Days (2023),(no genres listed)
7335,KKN: Curse of the Dancing Village (2022),(no genres listed)
7336,Greedy People (2024),(no genres listed)
7337,Alien Stage (2022),(no genres listed)
7338,The Nun,(no genres listed)
7339,X-Men,(no genres listed)
7340,Catch Me... If You Can (1989),(no genres listed)
7341,Radioactive Emergency (2026),(no genres listed)
7342,Who Framed Roger Rabbit,(no genres listed)
7343,Perayaan Mati Rasa (2025),(no genres listed)
7344,given The Movie: Hiiragi Mix (2024),(no genres listed)
7345,Saw,(no genres listed)
7346,Whisper If I Forget (2014),(no genres listed)
7347,Vivarium,(no genres listed)
7348,American Underdog (2021),(no genres listed)
7349,"Girl, Boy, Bakla, Tomboy (2013)",(no genres listed)
7350,Raising Voices (2024),(no genres listed)
7351,Red Eye,(no genres listed)
7352,Super/Man: The Christopher Reeve Story (2024),(no genres listed)
7353,Beyoncé Bowl (2024),(no genres listed)
7354,Goodnight Mommy (2022),(no genres listed)
7355,A Deadly American Marriage (2025),(no genres listed)
7356,Hwjn (2023),(no genres listed)
7357,Justice (2024),(no genres listed)
7358,Friz & Wersow. Love in the Online Age (2025),(no genres listed)
7359,Romeo + Juliet,(no genres listed)
7360,Sandiwara (2026),(no genres listed)
7361,Final Destination 3,(no genres listed)
7362,A Hero's Journey: The Making of Percy Jackson and the Olympians (2024),(no genres listed)
7363,Rescued by Ruby (2022),(no genres listed)
7364,Miley Cyrus: Something Beautiful (2025),(no genres listed)
7365,Bring Them Down (2024),(no genres listed)
7366,Our Universe (2026),(no genres listed)
7367,No Tail to Tell (2026),(no genres listed)
7368,Bigil (2019),(no genres listed)
7369,Decision to Leave,(no genres listed)
7370,The Cure (2026),(no genres listed)
7371,Worldbreaker (2025),(no genres listed)
7372,The God Man (2025),(no genres listed)
7373,Niccolò (2025),(no genres listed)
7374,Kesari Chapter 2: The Untold Story of Jallianwala Bagh (2025),(no genres listed)
7375,Mathu Vadalara 2 (2024),(no genres listed)
7376,Dasara (2023),(no genres listed)
7377,The Three Investigators: Isle of Death (2026),(no genres listed)
7378,Don't Die: The Man Who Wants to Live Forever (2025),(no genres listed)
7379,Tombstone (1993),(no genres listed)
7380,Thief (1981),(no genres listed)
7381,Annie Hall,(no genres listed)
7382,Lorne (2026),(no genres listed)
7383,Anemone (2025),(no genres listed)
7384,Magellan (2025),(no genres listed)
7385,Warfare,(no genres listed)
7386,Marc Maron: Panicked (2025),(no genres listed)
7387,The Polar Express,(no genres listed)
7388,The Invitation (2022),(no genres listed)
7389,Network (1976),(no genres listed)
7390,Back to the Future Part II,(no genres listed)
7391,BlacKkKlansman,(no genres listed)
7392,404 Run Run (2024),(no genres listed)
7393,Sweet Bobby: My Catfish Nightmare (2024),(no genres listed)
7394,Joe's College Road Trip (2026),(no genres listed)
7395,Hobal (2024),(no genres listed)
7396,Tere Ishk Mein (2025),(no genres listed)
7397,Avihitham (2025),(no genres listed)
7398,Thalavara (2025),(no genres listed)
7399,Sumathi Valavu (2025),(no genres listed)
7400,3BHK (2025),(no genres listed)
7401,Vyasanasametham Bandhumithradhikal (2025),(no genres listed)
7402,Detective Ujjwalan (2025),(no genres listed)
7403,Prince and Family (2025),(no genres listed)
7404,Sarkeet (2025),(no genres listed)
7405,Painkili (2025),(no genres listed)
7406,Rekhachithram (2025),(no genres listed)
7407,Identity (2025),(no genres listed)
7408,I Am Groot: Groot's Snow Day (2023),(no genres listed)
7409,I Am Groot: Groot and the Great Prophecy (2023),(no genres listed)
7410,Ronth (2025),(no genres listed)
7411,Narivetta (2025),(no genres listed)
7412,Mirai (2025),(no genres listed)
7413,"Gorillaz Present: The Mountain, The Moon Cave and The Sad God (2026)",(no genres listed)
7414,Summer Time Rendering (2022),(no genres listed)
7415,Dumplin' (2018),(no genres listed)
7416,Man of Steel,(no genres listed)
7417,Wake Up Sid (2009),(no genres listed)
7418,Big Hero 6,(no genres listed)
7419,The Backrooms (Found Footage),(no genres listed)
7420,Hive (2026),(no genres listed)
7421,David (2025),(no genres listed)
7422,Stone Cold Fox (2025),(no genres listed)
7423,This Is Not a Test (2025),(no genres listed)
7424,Truth & Treason (2025),(no genres listed)
7425,Taylor Tomlinson: Prodigal Daughter (2026),(no genres listed)
7426,John Mulaney: Baby J (2023),(no genres listed)
7427,The New Years (2024),(no genres listed)
7428,The Fly,(no genres listed)
7429,Black Rabbit (2025),(no genres listed)
7430,Task (2025),(no genres listed)
7431,Office Romance,(no genres listed)
7432,Office Romance (2026),(no genres listed)
7433,iHostage (2025),(no genres listed)
7434,The Pet Detective (2025),(no genres listed)
7435,Blast (2026),(no genres listed)
7436,Sinister,(no genres listed)
7437,Bad Newz (2024),(no genres listed)
7438,The Railway Men - The Untold Story of Bhopal 1984 (2023),(no genres listed)
7439,Kaguya-sama: Love Is War -The First Kiss That Never Ends- (2022),(no genres listed)
7440,Love Me Tender (2025),(no genres listed)
7441,In Your Radiant Season (2026),(no genres listed)
7442,Speed and Love (2025),(no genres listed)
7443,Meatball (2025),(no genres listed)
7444,Thalavan (2024),(no genres listed)
7445,Honey Bunch (2025),(no genres listed)
7446,Untold UK: Vinnie Jones (2026),(no genres listed)
7447,Hulk Hogan: Real American (2026),(no genres listed)
7448,Mark Normand: None Too Pleased (2026),(no genres listed)
7449,Operation Taco Gary's (2026),(no genres listed)
7450,Mel Brooks: The 99 Year Old Man! (2026),(no genres listed)
7451,Breakdown: 1975 (2025),(no genres listed)
7452,Downey Wrote That (2025),(no genres listed)
7453,Icefall (2025),(no genres listed)
7454,Ozzy: No Escape from Now (2025),(no genres listed)
7455,Adam's Sake (2025),(no genres listed)
7456,And Their Children After Them (2024),(no genres listed)
7457,Spaceballs,(no genres listed)
7458,Death to 2020 (2020),(no genres listed)
7459,Berlin and the Lady with an Ermine (2026),(no genres listed)
7460,My Dearest Assassin (2026),(no genres listed)
7461,Je m'appelle Agneta (2026),(no genres listed)
7462,Secret Level - Unreal Tournament: Xan (2024),(no genres listed)
7463,Carry-On,(no genres listed)
7464,Bromance (2025),(no genres listed)
7465,I Am Kathalan (2024),(no genres listed)
7466,Nerdy Prudes Must Die (2023),(no genres listed)
7467,Taylor Swift: The Eras Tour,(no genres listed)
7468,Kara,(no genres listed)
7469,The Guilty (2018),(no genres listed)
7470,A Nightmare on Elm Street,(no genres listed)
7471,Sing Sing,(no genres listed)
7472,Keep Sweet: Pray and Obey (2022),(no genres listed)
7473,Muslum (2018),(no genres listed)
7474,Leader (2026),(no genres listed)
7475,Neelira (2026),(no genres listed)
7476,Mask (2025),(no genres listed)
7477,The Girlfriend (2025),(no genres listed)
7478,Hidden Figures,(no genres listed)
7479,The Dreamers,(no genres listed)
7480,Call Me Mother (2025),(no genres listed)
7481,Horizon: An American Saga – Chapter 1 (2024),(no genres listed)
7482,Terrifier 3,(no genres listed)
7483,Romy and Michele's High School Reunion,(no genres listed)
7484,Ducobu Goes Green! (2024),(no genres listed)
7485,Ducobu 4 President (2022),(no genres listed)
7486,Gary,(no genres listed)
7487,Sijjin 8 (2025),(no genres listed)
7488,Four Lions (2010),(no genres listed)
7489,Three Colours: White (1994),(no genres listed)
7490,The Smiling Friends Go to Brazil! (2022),(no genres listed)
7491,Wild Wild Punjab (2024),(no genres listed)
7492,White Bird (2023),(no genres listed)
7493,My Hero Academia: World Heroes' Mission (2021),(no genres listed)
7494,A Sacrifice (2024),(no genres listed)
7495,Sugarcane (2024),(no genres listed)
7496,Indiana Jones and the Temple of Doom,(no genres listed)
7497,The Ritual,(no genres listed)
7498,The King of Kings (2025),(no genres listed)
7499,Fire (2020),(no genres listed)
7500,Anything for Jackson (2020),(no genres listed)
7501,Mia and the White Lion (2018),(no genres listed)
7502,Jersey (2019),(no genres listed)
7503,The Family Stone (2005),(no genres listed)
7504,Searching,(no genres listed)
7505,Society of the Snow: Who Were We on the Mountain? (2024),(no genres listed)
7506,Cloverfield,(no genres listed)
7507,COLORFUL STAGE! The Movie: A Miku Who Can't Sing (2025),(no genres listed)
7508,The Count of Monte Cristo,(no genres listed)
7509,The Last Black Man in San Francisco (2019),(no genres listed)
7510,Parachute,(no genres listed)
7511,Forsaken,(no genres listed)
7512,Caught Stealing,(no genres listed)
7513,I'm Not a Robot (2023),(no genres listed)
7514,Ghostlight (2024),(no genres listed)
7515,They/Them (2022),(no genres listed)
7516,The Craft: Legacy (2020),(no genres listed)
7517,My Own Private Idaho,(no genres listed)
7518,Eagles of the Republic (2025),(no genres listed)
7519,Bitter Christmas,(no genres listed)
7520,The Blue Trail (2025),(no genres listed)
7521,Humans in the Loop (2024),(no genres listed)
7522,In Vogue: The 90s (2024),(no genres listed)
7523,Wildhood (2021),(no genres listed)
7524,The Red Line (2026),(no genres listed)
7525,Pet Sematary: Bloodlines (2023),(no genres listed)
7526,The Family Stone,(no genres listed)
7527,Doctor Who: The Church on Ruby Road (2023),(no genres listed)
7528,Like or Die (2023),(no genres listed)
7529,TRON: Ares,(no genres listed)
7530,This Is Me…Now (2024),(no genres listed)
7531,Juror #2,(no genres listed)
7532,Kevin Hart: Acting My Age (2025),(no genres listed)
7533,Dog on Trial (2024),(no genres listed)
7534,Charade,(no genres listed)
7535,M3GAN,(no genres listed)
7536,Son of a Rich (2024),(no genres listed)
7537,The Playroom (2024),(no genres listed)
7538,Find Me Falling (2024),(no genres listed)
7539,Spoiled Brats (2021),(no genres listed)
7540,Incantation,(no genres listed)
7541,Warnings (2023),(no genres listed)
7542,Unicorn Wars (2022),(no genres listed)
7543,The Poet (2025),(no genres listed)
7544,Major Grom: The Game (2024),(no genres listed)
7545,Major Grom: Plague Doctor (2021),(no genres listed)
7546,Cléo from 5 to 7,(no genres listed)
7547,Pavane,(no genres listed)
7548,Reign of the Supermen (2019),(no genres listed)
7549,One Hundred and One Dalmatians (1961),(no genres listed)
7550,Depeche Mode: M (2025),(no genres listed)
7551,Secret Level - Crossfire: Good Conflict (2024),(no genres listed)
7552,Secret Level - Armored Core: Asset Management (2024),(no genres listed)
7553,"Secret Level - Warhammer 40,000: And They Shall Know No Fear (2024)",(no genres listed)
7554,Secret Level - PAC-MAN: Circle (2024),(no genres listed)
7555,Catch Me... If You Can,(no genres listed)
7556,We Are Who We Are (2020),(no genres listed)
7557,The Umbrellas of Cherbourg (1964),(no genres listed)
7558,Daaku Maharaaj (2025),(no genres listed)
7559,The Love Witch,(no genres listed)
7560,Final Destination 2,(no genres listed)
7561,Muse (2025),(no genres listed)
7562,The Rogue's Trial (2024),(no genres listed)
7563,Maharaj (2024),(no genres listed)
7564,Heeramandi (2024),(no genres listed)
7565,Prehistoric Planet (2022),(no genres listed)
7566,The Little Hours (2017),(no genres listed)
7567,"Synecdoche, New York",(no genres listed)
7568,Game Night,(no genres listed)
7569,Impetigore (2019),(no genres listed)
7570,Maspalomas (2025),(no genres listed)
7571,Killer Heat (2024),(no genres listed)
7572,Planet Earth III (2023),(no genres listed)
7573,EO (2022),(no genres listed)
7574,Madras Matinee (2025),(no genres listed)
7575,"Woodstock 99: Peace, Love, and Rage (2021)",(no genres listed)
7576,A Thursday (2022),(no genres listed)
7577,Infinity Pool,(no genres listed)
7578,I Want to Talk (2024),(no genres listed)
7579,Even If This Love Disappears from the World Tonight,(no genres listed)
7580,Diary of a Wimpy Kid,(no genres listed)
7581,Elway (2025),(no genres listed)
7582,Hunting Season (2025),(no genres listed)
7583,Osiris (2025),(no genres listed)
7584,Ice Road: Vengeance (2025),(no genres listed)
7585,EPiC: Elvis Presley in Concert (2025),(no genres listed)
7586,Cars 3,(no genres listed)
7587,The Crime Is Mine (2023),(no genres listed)
7588,The Swedish Connection (2026),(no genres listed)
7589,Undine (2020),(no genres listed)
7590,The Hobbit: The Battle of the Five Armies,(no genres listed)
7591,Detective Conan: Black Iron Submarine (2023),(no genres listed)
7592,Wotakoi: Love Is Hard for Otaku (2018),(no genres listed)
7593,The Redeem Team (2022),(no genres listed)
7594,Uncle Drew (2018),(no genres listed)
7595,Guns & Gulaabs (2023),(no genres listed)
7596,Sister Midnight (2024),(no genres listed)
7597,The Richest Woman in the World (2025),(no genres listed)
7598,Midnight Cowboy,(no genres listed)
7599,Untold: Johnny Football (2023),(no genres listed)
7600,Final Destination 5,(no genres listed)
7601,Oxygen (2021),(no genres listed)
7602,Sitting in Bars with Cake (2023),(no genres listed)
7603,Fantastic Planet,(no genres listed)
7604,Before I Fall,(no genres listed)
7605,Watching the Detectives,(no genres listed)
7606,Paranoia Agent (2004),(no genres listed)
7607,Doctor Who: Joy to the World (2024),(no genres listed)
7608,Doctor Who: The Legend of Ruby Sunday & Empire of Death (2024),(no genres listed)
7609,Bershama,(no genres listed)
7610,Jules (2023),(no genres listed)
7611,Saipan (2025),(no genres listed)
7612,Bad Man (2025),(no genres listed)
7613,Summerland (2020),(no genres listed)
7614,Survive (2024),(no genres listed)
7615,Die My Love,(no genres listed)
7616,Singin' in the Rain,(no genres listed)
7617,Smile,(no genres listed)
7618,Dark Harvest (2023),(no genres listed)
7619,The Adventures of Tintin,(no genres listed)
7620,The End We Start From (2023),(no genres listed)
7621,Untold: The Death & Life of Lamar Odom (2026),(no genres listed)
7622,Stiller & Meara: Nothing Is Lost (2025),(no genres listed)
7623,Disneyland Handcrafted (2026),(no genres listed)
7624,Je m'appelle Agneta,(no genres listed)
7625,Coyotes (2025),(no genres listed)
7626,The Phoenician Scheme,(no genres listed)
7627,Don't Leave the Kids Alone (2025),(no genres listed)
7628,Two Blue Stripes (2019),(no genres listed)
7629,My Annoying Brother (2024),(no genres listed)
7630,Megadoc (2025),(no genres listed)
7631,Rosemary's Baby,(no genres listed)
7632,Same Old West (2024),(no genres listed)
7633,Punch-Drunk Love,(no genres listed)
7634,Drawing Closer,(no genres listed)
7635,Father of the Bride,(no genres listed)
7636,A Different Man,(no genres listed)
7637,Chuck Billy and The Marvelous Guava Tree (2024),(no genres listed)
7638,What We Hide (2025),(no genres listed)
7639,The Curse of the Necklace (2024),(no genres listed)
7640,Meninas Não Choram (2024),(no genres listed)
7641,Point Break (1991),(no genres listed)
7642,Andragogy (2023),(no genres listed)
7643,Murder in Monaco (2025),(no genres listed)
7644,The Green Knight,(no genres listed)
7645,In Whose Name? (2025),(no genres listed)
7646,Kinds of Kindness,(no genres listed)
7647,Hancock (2008),(no genres listed)
7648,Vertigo,(no genres listed)
7649,A Magnificent Life (2025),(no genres listed)
7650,Over the Garden Wall 10th Anniversary Tribute (2024),(no genres listed)
7651,A Million Miles Away (2023),(no genres listed)
7652,The Karate Kid,(no genres listed)
7653,Doubt (2024),(no genres listed)
7654,Not Friends (2023),(no genres listed)
7655,Corey Feldman vs. the World (2025),(no genres listed)
7656,John Q (2002),(no genres listed)
7657,Zero Day (2002),(no genres listed)
7658,Noise (2024),(no genres listed)
7659,Persona,(no genres listed)
7660,The Salt Path (2024),(no genres listed)
7661,Goebbels and the Führer (2024),(no genres listed)
7662,Sharing the Secret (2000),(no genres listed)
7663,5 Centimeters per Second,(no genres listed)
7664,Funny Games,(no genres listed)
7665,Elite Squad (2007),(no genres listed)
7666,O.C.D. (Obsessor Coercio Deus) (2024),(no genres listed)
7667,Honor Society (2022),(no genres listed)
7668,Meg 2: The Trench,(no genres listed)
7669,The Young Pope (2016),(no genres listed)
7670,Vengeance in the Dreary Night (2025),(no genres listed)
7671,Fuze,(no genres listed)
7672,Predator: Badlands,(no genres listed)
7673,D.I.S.C.O. (2026),(no genres listed)
7674,Special Delivery (2022),(no genres listed)
7675,Spy Kids: Armageddon (2023),(no genres listed)
7676,Manspread (2024),(no genres listed)
7677,Alien³,(no genres listed)
7678,Charlie's Angels,(no genres listed)
7679,The Starling Girl (2023),(no genres listed)
7680,Full Metal Jacket,(no genres listed)
7681,Peddi (2026),(no genres listed)
7682,Sons of Rizk 3: Knockout (2024),(no genres listed)
7683,Kira & El Gen (2022),(no genres listed)
7684,Hazbin Hotel (2019),(no genres listed)
7685,"It's Never Over, Jeff Buckley",(no genres listed)
7686,In the Blink of an Eye (2026),(no genres listed)
7687,Don't Listen (2020),(no genres listed)
7688,Horimiya: The Missing Pieces (2023),(no genres listed)
7689,Param Sundari (2025),(no genres listed)
7690,My Mom Jayne (2025),(no genres listed)
7691,Blue Moon,(no genres listed)
7692,Hell Torture (2023),(no genres listed)
7693,Barbie & Chelsea: The Lost Birthday (2021),(no genres listed)
7694,Barbie: Princess Adventure (2020),(no genres listed)
7695,Yaksha: Ruthless Operations (2022),(no genres listed)
7696,The Red Envelope (2025),(no genres listed)
7697,The Insider (1999),(no genres listed)
7698,Poison,(no genres listed)
7699,The Viewing (2022),(no genres listed)
7700,Life of Pi,(no genres listed)
7701,Gohan (2026),(no genres listed)
7702,Éiru (2025),(no genres listed)
7703,The Fault in Our Stars,(no genres listed)
7704,Under the Riccione Sun (2020),(no genres listed)
7705,I Am the End of the World (2025),(no genres listed)
7706,Ngayon Kaya (2022),(no genres listed)
7707,I Want You Back (2022),(no genres listed)
7708,South Park the Streaming Wars (2022),(no genres listed)
7709,R.L. Stine's Pumpkinhead (2025),(no genres listed)
7710,The Simpsons: O C'mon All Ye Faithful (2024),(no genres listed)
7711,Endless Summer Syndrome (2023),(no genres listed)
7712,The Man in My Basement (2025),(no genres listed)
7713,The Unholy (2022),(no genres listed)
7714,Dosen Ghaib: It's Nighttime or You Already Know (2024),(no genres listed)
7715,Stalker,(no genres listed)
7716,Midas Man (2024),(no genres listed)
7717,My Tennis Maestro (2025),(no genres listed)
7718,The Holy Boy (2025),(no genres listed)
7719,Tinsel Town (2025),(no genres listed)
7720,Baby Assassins: Nice Days (2024),(no genres listed)
7721,"Pamela, A Love Story (2023)",(no genres listed)
7722,The Breadwinner,(no genres listed)
7723,Beast (2026),(no genres listed)
7724,Steve,(no genres listed)
7725,The Rose of Versailles (2025),(no genres listed)
7726,Stranger's Pawn (2025),(no genres listed)
7727,Beatles '64 (2024),(no genres listed)
7728,Lowlifes (2024),(no genres listed)
7729,¡Que viva México! (2023),(no genres listed)
7730,The Patriot (2000),(no genres listed)
7731,Great White (2021),(no genres listed)
7732,"The Mall, The Merrier (2019)",(no genres listed)
7733,The Chalk Line (2022),(no genres listed)
7734,Good One (2024),(no genres listed)
7735,Mission: Cross (2024),(no genres listed)
7736,Sarah Squirm: Live + in the Flesh (2025),(no genres listed)
7737,Takeout (2025),(no genres listed)
7738,The Devil's Advocate,(no genres listed)
7739,The Legend of Hei 2 (2025),(no genres listed)
7740,Who Would Believe It? (2024),(no genres listed)
7741,Spin Me Round (2022),(no genres listed)
7742,Percy Jackson & the Olympians: The Lightning Thief,(no genres listed)
7743,Dollhouse (2025),(no genres listed)
7744,Sword Art Online the Movie - Progressive - Aria of a Starless Night (2021),(no genres listed)
7745,KONOSUBA – God's blessing on this wonderful world! Legend of Crimson (2019),(no genres listed)
7746,Kylie,(no genres listed)
7747,Unknown Number: The High School Catfish,(no genres listed)
7748,Feels Like Home (2025),(no genres listed)
7749,The Ghost Game (2025),(no genres listed)
7750,Skincare (2024),(no genres listed)
7751,Hit Man,(no genres listed)
7752,The Incredible Hulk,(no genres listed)
7753,Ennio (2021),(no genres listed)
7754,Nathan for You: Finding Frances (2017),(no genres listed)
7755,Sunshine,(no genres listed)
7756,Shooting Stars (2023),(no genres listed)
7757,Chronicle,(no genres listed)
7758,Superman: Red Son (2020),(no genres listed)
7759,Yacht Rock: A DOCKumentary (2024),(no genres listed)
7760,The Royal Hotel (2023),(no genres listed)
7761,The Evil Dead,(no genres listed)
7762,Tell It to the Bees (2018),(no genres listed)
7763,"Love, Simon",(no genres listed)
7764,American Sweatshop (2025),(no genres listed)
7765,Donnie Brasco,(no genres listed)
7766,28 Weeks Later,(no genres listed)
7767,Signs,(no genres listed)
7768,The Extortion (2023),(no genres listed)
7769,Johnny (2022),(no genres listed)
7770,Dungeons & Dragons: Honor Among Thieves,(no genres listed)
7771,Gran Torino,(no genres listed)
7772,"Batman: The Long Halloween, Part One (2021)",(no genres listed)
7773,The Chair (2022),(no genres listed)
7774,Untold: Shooting Guards (2025),(no genres listed)
7775,Horrible Bosses 2 (2014),(no genres listed)
7776,Bodies (2023),(no genres listed)
7777,Close Encounters of the Third Kind (1977),(no genres listed)
7778,Gavin & Stacey: The Finale (2024),(no genres listed)
7779,Head to Head (2023),(no genres listed)
7780,Sattar (2022),(no genres listed)
7781,Big Mouth (2022),(no genres listed)
7782,How to Survive a Marriage? (2024),(no genres listed)
7783,The Jester 2 (2025),(no genres listed)
7784,Robin Hood,(no genres listed)
7785,Saving Bikini Bottom: The Sandy Cheeks Movie (2024),(no genres listed)
7786,A Christmas Story Christmas (2022),(no genres listed)
7787,Frozen: The Hit Broadway Musical (2025),(no genres listed)
7788,Doctor Who: Wish World & The Reality War (2025),(no genres listed)
7789,The Fire Inside (2024),(no genres listed)
7790,Lost in the Spotlight (2025),(no genres listed)
7791,A Star Is Born,(no genres listed)
7792,Ronin (1998),(no genres listed)
7793,Honey Don't!,(no genres listed)
7794,SLY LIVES! (aka The Burden of Black Genius) (2025),(no genres listed)
7795,Hidden Face (2024),(no genres listed)
7796,Inu-Oh (2021),(no genres listed)
7797,Carlito's Way,(no genres listed)
7798,Sapta Sagaradaache Ello - Side B (2023),(no genres listed)
7799,Wicked: One Wonderful Night (2025),(no genres listed)
7800,Minari,(no genres listed)
7801,The Three Investigators and the Dragon's Legacy (2023),(no genres listed)
7802,We Need to Talk About Kevin,(no genres listed)
7803,All of You (2024),(no genres listed)
7804,Burning Betrayal (2023),(no genres listed)
7805,Now and Then - The Last Beatles Song (2023),(no genres listed)
7806,Peddi,(no genres listed)
7807,Keeper,(no genres listed)
7808,Elshater (2025),(no genres listed)
7809,Flight 404 (2024),(no genres listed)
7810,Ahmed & Ahmed (2025),(no genres listed)
7811,Trainwreck: Woodstock '99 (2022),(no genres listed)
7812,Millennium Actress,(no genres listed)
7813,See You on Venus (2023),(no genres listed)
7814,Raakaasa (2026),(no genres listed)
7815,Unfaithful (2002),(no genres listed)
7816,Karnan (2021),(no genres listed)
7817,The Wailing (2024),(no genres listed)
7818,Discipline (2026),(no genres listed)
7819,Treasure Planet,(no genres listed)
7820,The Sleepover (2020),(no genres listed)
7821,Kaka Boss (2024),(no genres listed)
7822,Skyfall,(no genres listed)
7823,1000 Women in Horror (2025),(no genres listed)
7824,Think Like a Man (2012),(no genres listed)
7825,Ava (2020),(no genres listed)
7826,The Twister: Caught in the Storm (2025),(no genres listed)
7827,Bo Burnham: The Inside Outtakes (2022),(no genres listed)
7828,Indiana Jones and the Last Crusade,(no genres listed)
7829,The Curse of Bridge Hollow (2022),(no genres listed)
7830,Old Bandits,(no genres listed)
7831,Drugstore June (2024),(no genres listed)
7832,Abandoned Man (2025),(no genres listed)
7833,Like Minds (2006),(no genres listed)
7834,Bodies Bodies Bodies,(no genres listed)
7835,Busboys (2026),(no genres listed)
7836,Strange Darling,(no genres listed)
7837,Feeha Eh Yaani (2025),(no genres listed)
7838,Invictus (2009),(no genres listed)
7839,The Gentlemen (2025),(no genres listed)
7840,Mission: Impossible,(no genres listed)
7841,The VelociPastor (2017),(no genres listed)
7842,Float (2023),(no genres listed)
7843,Giant (2025),(no genres listed)
7844,The Perfect Neighbor,(no genres listed)
7845,The Other Boleyn Girl,(no genres listed)
7846,The Eighth Sense (2023),(no genres listed)
7847,A Beautiful Mind,(no genres listed)
7848,Música (2024),(no genres listed)
