username,status,crawled_at
taytayharvay14,done,2026-05-25T11:31:48+00:00
zanqo,done,2026-05-25T11:32:35+00:00
johnnyrecher,done,2026-05-25T11:33:25+00:00
bruceberls,done,2026-05-25T11:34:24+00:00
essssssther,done,2026-05-25T11:35:14+00:00
xabienagosto,done,2026-05-25T11:36:00+00:00
oferol,done,2026-05-25T11:36:51+00:00
rachelmane,done,2026-05-25T11:37:46+00:00
jessbarajass,done,2026-05-25T11:38:30+00:00
djtommyh,done,2026-05-25T11:39:13+00:00
brownybear,done,2026-05-25T11:40:00+00:00
ddasch,done,2026-05-25T11:40:45+00:00
eilkay,done,2026-05-25T11:41:33+00:00
meglen,done,2026-05-25T11:42:19+00:00
laenushka,done,2026-05-25T11:43:03+00:00
pariyatabar,done,2026-05-25T11:43:50+00:00
seismicdrift,done,2026-05-25T11:44:34+00:00
caitlynmeows,done,2026-05-25T11:45:23+00:00
flou62,done,2026-05-25T11:46:20+00:00
lil_tgs,done,2026-05-25T11:47:09+00:00
talkharder84,done,2026-05-25T11:47:53+00:00
thegabbersnacks,done,2026-05-25T11:48:40+00:00
titobisa,done,2026-05-25T11:49:33+00:00
maceulysse,done,2026-05-25T11:50:17+00:00
juniedotmp3,done,2026-05-25T11:51:08+00:00
nickydean901,done,2026-05-25T11:52:00+00:00
nico77210,done,2026-05-25T11:52:51+00:00
alliex_x,done,2026-05-25T11:53:50+00:00
mehitsmichael,done,2026-05-25T11:54:40+00:00
pedroviskonedge,done,2026-05-25T11:55:33+00:00
totd,done,2026-05-25T11:56:21+00:00
6sixeyes,done,2026-05-25T11:57:20+00:00
chan12345789,done,2026-05-25T11:58:08+00:00
eddiemoreorless,done,2026-05-25T11:58:58+00:00
ilotta14,done,2026-05-25T12:00:00+00:00
leo1370,done,2026-05-25T12:00:46+00:00
lone_skum,done,2026-05-25T12:01:40+00:00
mclovinbaba,done,2026-05-25T12:02:30+00:00
meanaursaur,done,2026-05-25T12:03:14+00:00
medusi8,done,2026-05-25T12:04:05+00:00
oghb99,done,2026-05-25T12:05:00+00:00
salomoniy,done,2026-05-25T12:05:50+00:00
thspicemf1208,done,2026-05-25T12:06:41+00:00
yembee,done,2026-05-25T12:07:25+00:00
bbeammest,done,2026-05-25T12:08:11+00:00
bradfisher97,done,2026-05-25T12:08:56+00:00
danye3ast,done,2026-05-25T12:09:52+00:00
gioannidis05,done,2026-05-25T12:10:43+00:00
lisa_blanche12,done,2026-05-25T12:11:37+00:00
mawais471,done,2026-05-25T12:12:25+00:00
postcreditsvoid,done,2026-05-25T12:13:13+00:00
turtlelyte,done,2026-05-25T12:13:54+00:00
akaps9,done,2026-05-25T12:14:39+00:00
alecia0517,done,2026-05-25T12:15:40+00:00
fuwalda03,done,2026-05-25T12:16:33+00:00
giuliaaaar,done,2026-05-25T12:17:19+00:00
maverickmultani,done,2026-05-25T12:18:06+00:00
mmmmill,done,2026-05-25T12:18:55+00:00
noemangin,done,2026-05-25T12:19:45+00:00
sofasiento,done,2026-05-25T12:20:34+00:00
terkin54,done,2026-05-25T12:21:19+00:00
yotango,done,2026-05-25T12:22:06+00:00
_elevxinovax_,done,2026-05-25T12:22:56+00:00
bhavyajoshi,done,2026-05-25T12:23:45+00:00
dimosfa,done,2026-05-25T12:24:36+00:00
e_mcm1,done,2026-05-25T12:25:22+00:00
fineasth,done,2026-05-25T12:26:12+00:00
hannis_0206,done,2026-05-25T12:27:05+00:00
kuubraa,done,2026-05-25T12:27:52+00:00
laventiur,done,2026-05-25T12:28:43+00:00
nogoodsteve,done,2026-05-25T12:29:40+00:00
olbaws,done,2026-05-25T12:30:28+00:00
tedkeyes,done,2026-05-25T12:31:18+00:00
aetr04,done,2026-05-25T12:32:10+00:00
agsuts,done,2026-05-25T12:33:01+00:00
bigbosskilla,done,2026-05-25T12:33:50+00:00
coscooo,done,2026-05-25T12:34:52+00:00
csn_cerenimo,done,2026-05-25T12:35:37+00:00
echio97,done,2026-05-25T12:36:26+00:00
fatmaacikel,done,2026-05-25T12:37:29+00:00
gdol,done,2026-05-25T12:38:14+00:00
igonn,done,2026-05-25T12:38:58+00:00
invinceible,done,2026-05-25T12:39:54+00:00
nataliesparedes,done,2026-05-25T12:40:52+00:00
nightingale_01,done,2026-05-25T12:41:46+00:00
photowalavakeel,done,2026-05-25T12:42:39+00:00
spaceflower2,done,2026-05-25T12:43:38+00:00
theogrobler,done,2026-05-25T12:44:28+00:00
adeliow,done,2026-05-25T12:45:12+00:00
bugzz04,done,2026-05-25T12:46:11+00:00
choochootram,done,2026-05-25T12:47:10+00:00
cinephilemurloc,done,2026-05-25T12:48:04+00:00
delei_eternal,done,2026-05-25T12:48:59+00:00
ducklina,done,2026-05-25T12:49:53+00:00
dy97,done,2026-05-25T12:50:46+00:00
eneeex,done,2026-05-25T12:51:46+00:00
giulia_gwa,done,2026-05-25T12:52:44+00:00
internet_pr1nce,done,2026-05-25T12:53:43+00:00
joaocancello1,done,2026-05-25T12:54:28+00:00
labat17,done,2026-05-25T12:55:23+00:00
livingdedgiirll,done,2026-05-25T12:56:13+00:00
lynn12132,done,2026-05-25T12:56:59+00:00
mati69420,done,2026-05-25T12:57:50+00:00
msdwain,done,2026-05-25T12:58:40+00:00
muhammed7s,done,2026-05-25T12:59:28+00:00
mwcoast,done,2026-05-25T13:00:24+00:00
parmisbhf,done,2026-05-25T13:01:11+00:00
patrycjaantczak,done,2026-05-25T13:01:56+00:00
pitiath,done,2026-05-25T13:02:46+00:00
sal_saperstein,done,2026-05-25T13:03:45+00:00
scoobysnacky,done,2026-05-25T13:04:35+00:00
selfdeprivation,done,2026-05-25T13:05:23+00:00
sillygoose231,done,2026-05-25T13:06:24+00:00
thadeu5,done,2026-05-25T13:07:19+00:00
0_savy_0,done,2026-05-25T13:08:09+00:00
alishhh_watches,done,2026-05-25T13:09:05+00:00
amayacinemas,done,2026-05-25T13:10:03+00:00
andik_,done,2026-05-25T13:10:57+00:00
andrepelle07,done,2026-05-25T13:11:47+00:00
andsevval,done,2026-05-25T13:12:42+00:00
anushhkkaaa,done,2026-05-25T13:13:34+00:00
arm_on,done,2026-05-25T13:14:39+00:00
arthur_brown,done,2026-05-25T13:15:42+00:00
aryapotdar,done,2026-05-25T13:16:28+00:00
bavila,done,2026-05-25T13:17:17+00:00
brutalyouth,done,2026-05-25T13:18:09+00:00
crossfire007,done,2026-05-25T13:19:00+00:00
crownfall,done,2026-05-25T13:19:58+00:00
derentaylan,done,2026-05-25T13:20:46+00:00
dursunovich,done,2026-05-25T13:21:33+00:00
dylanhv03,done,2026-05-25T13:22:23+00:00
fatoubah006,done,2026-05-25T13:23:11+00:00
figsryummy333,done,2026-05-25T13:24:02+00:00
ikerrrr_,done,2026-05-25T13:25:01+00:00
ilovemp3,done,2026-05-25T13:25:51+00:00
jamesgs05,done,2026-05-25T13:26:45+00:00
jbert77,done,2026-05-25T13:27:32+00:00
jocoe,done,2026-05-25T13:28:30+00:00
joshuakeirstead,done,2026-05-25T13:29:23+00:00
k1kyy,done,2026-05-25T13:30:21+00:00
kimie312,done,2026-05-25T13:31:06+00:00
kingdavid25,done,2026-05-25T13:31:57+00:00
luanalisboaa,done,2026-05-25T13:32:47+00:00
luke_51,done,2026-05-25T13:33:26+00:00
mikej06,done,2026-05-25T13:34:09+00:00
mmdlfid,done,2026-05-25T13:35:07+00:00
mrwcw,done,2026-05-25T13:35:53+00:00
my9ridesshotgun,done,2026-05-25T13:36:57+00:00
note5,done,2026-05-25T13:37:43+00:00
priya_hrp,done,2026-05-25T13:38:44+00:00
ratch07,done,2026-05-25T13:39:39+00:00
shumagora,done,2026-05-25T13:40:32+00:00
spr1nkleglitter,done,2026-05-25T13:41:26+00:00
thejihane,done,2026-05-25T13:42:23+00:00
thekidvin,done,2026-05-25T13:43:18+00:00
thunderlevin,done,2026-05-25T13:44:05+00:00
tsumour,done,2026-05-25T13:45:01+00:00
vinci2255,done,2026-05-25T13:45:46+00:00
yboyles,done,2026-05-25T13:46:31+00:00
ysmanp,done,2026-05-25T13:47:16+00:00
zecalb00,done,2026-05-25T13:48:02+00:00
7j1kz,done,2026-05-25T13:48:53+00:00
_women,done,2026-05-25T13:49:45+00:00
aenanahh,done,2026-05-25T13:50:50+00:00
alice_v0909,done,2026-05-25T13:51:37+00:00
arek96,done,2026-05-25T13:52:41+00:00
aslmd,done,2026-05-25T13:53:24+00:00
avabava55555,done,2026-05-25T13:54:13+00:00
biancazavoianu,done,2026-05-25T13:55:13+00:00
binnch,done,2026-05-25T13:56:01+00:00
blackmist,done,2026-05-25T13:56:49+00:00
blueberrychoc,done,2026-05-25T13:57:42+00:00
brazzyreece,done,2026-05-25T13:58:29+00:00
cdiemer,done,2026-05-25T13:59:30+00:00
cecerrs,done,2026-05-25T14:00:15+00:00
chimkennns,done,2026-05-25T14:01:13+00:00
clawal,done,2026-05-25T14:01:56+00:00
crispywang,done,2026-05-25T14:02:46+00:00
curiousclimber,done,2026-05-25T14:03:33+00:00
doog123,done,2026-05-25T14:04:19+00:00
ducky4080,done,2026-05-25T14:05:10+00:00
ecritosalcarazz,done,2026-05-25T14:06:04+00:00
estebanpllt,done,2026-05-25T14:06:51+00:00
fangzs,done,2026-05-25T14:07:37+00:00
flickfanatic1,done,2026-05-25T14:08:39+00:00
gabiellap,done,2026-05-25T14:09:31+00:00
gogodughetto,done,2026-05-25T14:10:21+00:00
injao_,done,2026-05-25T14:11:01+00:00
insideworld47,done,2026-05-25T14:11:56+00:00
itzmostafa_,done,2026-05-25T14:12:40+00:00
joshh__,done,2026-05-25T14:13:42+00:00
kaayliciouus,done,2026-05-25T14:14:31+00:00
kahyene,done,2026-05-25T14:15:23+00:00
krshynoodles,done,2026-05-25T14:16:06+00:00
leejaeyeon,done,2026-05-25T14:16:57+00:00
lyn_mf,done,2026-05-25T14:17:57+00:00
magkatu,done,2026-05-25T14:18:57+00:00
malatesta24,done,2026-05-25T14:19:43+00:00
mikuuz,done,2026-05-25T14:20:37+00:00
minalunafilms,done,2026-05-25T14:21:35+00:00
nenok,done,2026-05-25T14:45:21+00:00
not_patrick,done,2026-05-25T14:46:25+00:00
olidoan,done,2026-05-25T14:47:12+00:00
raymond21,done,2026-05-25T14:48:08+00:00
requicker,done,2026-05-25T14:48:55+00:00
saaallaaar,done,2026-05-25T14:49:43+00:00
sammiihuang,done,2026-05-25T14:50:34+00:00
sehrajm,done,2026-05-25T14:51:27+00:00
sharkiedude,done,2026-05-25T14:52:17+00:00
stephaniekush,done,2026-05-25T14:53:10+00:00
uv3nus,done,2026-05-25T14:54:04+00:00
whlk,done,2026-05-25T14:54:51+00:00
winn_nniw,done,2026-05-25T14:55:45+00:00
xotwodvaleria,done,2026-05-25T14:56:40+00:00
yamfymar,done,2026-05-25T14:57:39+00:00
yasomeow,done,2026-05-25T14:58:28+00:00
zuzannk_4,done,2026-05-25T14:59:28+00:00
zuzara,done,2026-05-25T15:00:20+00:00
zwattage,done,2026-05-25T15:01:13+00:00
4evrya,done,2026-05-25T15:02:04+00:00
67moviemangoel,done,2026-05-25T15:02:58+00:00
70sdaydreams,done,2026-05-25T15:03:54+00:00
__67q_,done,2026-05-25T15:04:48+00:00
abhishekpaul22,done,2026-05-25T15:05:50+00:00
akalanadelrey9k,done,2026-05-25T15:06:47+00:00
alesandria,done,2026-05-25T15:08:45+00:00
alix_12,done,2026-05-25T15:09:36+00:00
allen81,done,2026-05-25T15:10:26+00:00
alonicaaaa,done,2026-05-25T15:11:31+00:00
alyahaa,done,2026-05-25T15:12:32+00:00
ambe_thompson,done,2026-05-25T15:13:16+00:00
ameliamarc,done,2026-05-25T15:14:08+00:00
anandumadhu_,done,2026-05-25T15:15:02+00:00
angelicacapipi,done,2026-05-25T15:15:46+00:00
aquarius_music,done,2026-05-25T15:16:39+00:00
ariana_mstrg,done,2026-05-25T15:17:28+00:00
arlensr,done,2026-05-25T15:22:36+00:00
asherrmustdie,done,2026-05-25T15:23:29+00:00
athenaid,done,2026-05-25T15:24:23+00:00
bel_chen,done,2026-05-25T15:25:20+00:00
bigpopcornguy,done,2026-05-25T15:26:25+00:00
blackyboy,done,2026-05-25T15:27:12+00:00
bm106767,done,2026-05-25T15:28:04+00:00
bnp4000,done,2026-05-25T15:28:57+00:00
broccolleyy,done,2026-05-25T15:29:57+00:00
brynnarb,done,2026-05-25T15:30:44+00:00
byeworld_almost,done,2026-05-25T15:31:36+00:00
caitttt,done,2026-05-25T15:32:35+00:00
carlo_pelle,done,2026-05-25T15:33:26+00:00
cecilial8r,done,2026-05-25T15:34:24+00:00
charlovesu,done,2026-05-25T15:35:13+00:00
chookeydee,done,2026-05-25T15:36:08+00:00
christian_g8,done,2026-05-25T15:36:56+00:00
claito,done,2026-05-25T15:37:52+00:00
claradeovo1,done,2026-05-25T15:38:47+00:00
clwqstf0,done,2026-05-25T15:39:42+00:00
cofi09_,done,2026-05-25T15:40:32+00:00
colinnguyen123,done,2026-05-25T15:41:23+00:00
ctilli,done,2026-05-25T15:43:02+00:00
cupiddeluxe_,done,2026-05-25T15:44:04+00:00
dani_ituarte,done,2026-05-25T15:45:02+00:00
danysanak,done,2026-05-25T15:45:49+00:00
daydreamrd1,done,2026-05-25T15:46:35+00:00
dconx,done,2026-05-25T15:48:08+00:00
deadstar423,done,2026-05-25T15:48:56+00:00
destroyyaa,done,2026-05-25T15:49:56+00:00
diegosqueff,done,2026-05-25T15:50:46+00:00
dietmiranda,done,2026-05-25T15:51:51+00:00
dmcd21,done,2026-05-25T15:52:42+00:00
e_miyahara,done,2026-05-25T15:53:47+00:00
einewienina,done,2026-05-25T15:54:41+00:00
elizabethhilgen,done,2026-05-25T15:55:30+00:00
ellabellaaa123,done,2026-05-25T15:56:22+00:00
emae42,done,2026-05-25T15:57:14+00:00
eyirvn,done,2026-05-25T15:58:02+00:00
ezxangel,done,2026-05-25T15:58:50+00:00
farleezy,done,2026-05-25T15:59:46+00:00
faseeh_49,done,2026-05-25T16:00:40+00:00
felixquiter,done,2026-05-25T16:01:25+00:00
fexpq,done,2026-05-25T16:02:09+00:00
fleuriechen,done,2026-05-25T16:02:55+00:00
gb604,done,2026-05-25T16:03:57+00:00
gleemio,done,2026-05-25T16:04:45+00:00
glvthadhd,done,2026-05-25T16:05:34+00:00
goatphia,done,2026-05-25T16:06:29+00:00
gwenn7,done,2026-05-25T16:07:13+00:00
hamadalshatti08,done,2026-05-25T16:09:08+00:00
harharyhar,done,2026-05-25T16:10:02+00:00
hazelmazebabe,done,2026-05-25T16:10:58+00:00
idania12367,done,2026-05-25T16:11:53+00:00
iitsluaa,done,2026-05-25T16:12:50+00:00
ilovecaifan,done,2026-05-25T16:13:37+00:00
impalafckin67,done,2026-05-25T16:14:28+00:00
irljustice,done,2026-05-25T16:15:18+00:00
islamckay123,done,2026-05-25T16:16:10+00:00
itstanja22,done,2026-05-25T16:17:11+00:00
jackisgood,done,2026-05-25T16:18:05+00:00
jhonnyehrlich,done,2026-05-25T16:18:50+00:00
josiejpg,done,2026-05-25T16:19:45+00:00
kaan123456,done,2026-05-25T16:20:46+00:00
kaaydeeen,done,2026-05-25T16:21:33+00:00
kalliell,done,2026-05-25T16:22:23+00:00
kaytej27,done,2026-05-25T16:23:11+00:00
keeko23,done,2026-05-25T16:24:03+00:00
kirasxcx,done,2026-05-26T02:29:42+00:00
laakeeyyy,done,2026-05-26T02:30:37+00:00
lesion03,done,2026-05-26T02:31:33+00:00
lilhigh,done,2026-05-26T02:32:23+00:00
lillixoo,done,2026-05-26T02:34:00+00:00
lsamut,done,2026-05-26T02:34:57+00:00
lucas450,done,2026-05-26T02:35:50+00:00
malekqua7,done,2026-05-26T02:36:43+00:00
manoellacomo,done,2026-05-26T02:37:46+00:00
marcellamassa,done,2026-05-26T02:38:43+00:00
mellynnv,done,2026-05-26T02:39:30+00:00
michiee,done,2026-05-26T02:41:22+00:00
miehak,done,2026-05-26T02:42:09+00:00
mvteeeo10,done,2026-05-26T02:42:51+00:00
nagitopoop,done,2026-05-26T02:43:38+00:00
nailus_pitailus,done,2026-05-26T02:44:23+00:00
nickelp98,done,2026-05-26T02:45:08+00:00
nomoreworkhere,done,2026-05-26T02:45:59+00:00
nxcle,done,2026-05-26T02:47:00+00:00
nyawnyaw_vie,done,2026-05-26T02:47:56+00:00
o9rie,done,2026-05-26T02:48:46+00:00
olaussen08,done,2026-05-26T02:49:40+00:00
olivia_tru,done,2026-05-26T02:50:28+00:00
oliviadewar,done,2026-05-26T02:51:16+00:00
onofrr,done,2026-05-26T02:52:11+00:00
pavle_vel,done,2026-05-26T02:53:15+00:00
pidjiji,done,2026-05-26T02:54:08+00:00
poussieres,done,2026-05-26T02:55:05+00:00
pstakelon,done,2026-05-26T02:55:57+00:00
ramrarar,done,2026-05-26T02:56:45+00:00
revvyway,done,2026-05-26T02:57:46+00:00
riksflix,done,2026-05-26T02:58:34+00:00
roshainfdo,done,2026-05-26T02:59:26+00:00
rrvdk,done,2026-05-26T03:00:29+00:00
saaaaanvi,done,2026-05-26T03:01:16+00:00
sarraaaqqg,done,2026-05-26T03:02:11+00:00
seeergiodiiiaz,done,2026-05-26T03:03:05+00:00
shiniesyn,done,2026-05-26T03:03:49+00:00
shrey2,done,2026-05-26T03:04:37+00:00
skapowa,done,2026-05-26T03:05:29+00:00
soyglou,done,2026-05-26T03:06:14+00:00
spidremna,done,2026-05-26T03:07:00+00:00
starlord10,done,2026-05-26T03:07:46+00:00
suedak,done,2026-05-26T03:08:33+00:00
t_pa_bo,done,2026-05-26T03:09:14+00:00
tanishadddelima,done,2026-05-26T03:10:04+00:00
tatumbottle,done,2026-05-26T03:10:54+00:00
teeshirtt,done,2026-05-26T03:11:36+00:00
torlav,done,2026-05-26T03:12:36+00:00
toutau17,done,2026-05-26T03:13:30+00:00
tsibar,done,2026-05-26T03:14:18+00:00
tyzavien,done,2026-05-26T03:15:16+00:00
wepaine41,done,2026-05-26T03:16:05+00:00
whumble,done,2026-05-26T03:17:00+00:00
xxxsokucuxxx,done,2026-05-26T03:17:57+00:00
yousef__18,done,2026-05-26T03:18:51+00:00
zaihb,done,2026-05-26T03:19:45+00:00
zaiidynm,done,2026-05-26T03:20:35+00:00
zaki_404,done,2026-05-26T03:21:31+00:00
zoedewarren,done,2026-05-26T03:22:27+00:00
zy_0wb,done,2026-05-26T03:23:29+00:00
03raul,done,2026-05-26T03:24:18+00:00
101epic,done,2026-05-26T03:25:14+00:00
10applepi,done,2026-05-26T03:26:13+00:00
1bandxt,done,2026-05-26T03:27:19+00:00
1nsss,done,2026-05-26T03:28:25+00:00
3lsc1,done,2026-05-26T03:29:18+00:00
6chris7,done,2026-05-26T03:30:02+00:00
6space6bootz6,done,2026-05-26T03:31:01+00:00
_bywhatever,done,2026-05-26T03:31:59+00:00
_canett,done,2026-05-26T03:32:55+00:00
_iheartsavannah,done,2026-05-26T03:33:49+00:00
_josegonzalez,done,2026-05-26T03:34:47+00:00
_liott,done,2026-05-26T03:35:43+00:00
_nvther,done,2026-05-26T03:36:30+00:00
_shbatski,done,2026-05-26T03:37:32+00:00
a24cut,done,2026-05-26T03:38:41+00:00
abhiardeshana,done,2026-05-26T03:39:33+00:00
abipolomints,done,2026-05-26T03:40:33+00:00
abnueve,done,2026-05-26T03:41:33+00:00
abstractrhythm,done,2026-05-26T03:42:30+00:00
abstractviewer,done,2026-05-26T03:43:27+00:00
aceeeeey_29,done,2026-05-26T03:44:24+00:00
aceofhearts46,done,2026-05-26T03:45:20+00:00
acsmith0425,done,2026-05-26T03:46:06+00:00
acuted,done,2026-05-26T03:46:57+00:00
adambb1,done,2026-05-26T03:47:46+00:00
addrsmith,done,2026-05-26T03:48:44+00:00
adii123,done,2026-05-26T03:49:39+00:00
aegneous,done,2026-05-26T03:50:41+00:00
aelorian,done,2026-05-26T03:51:25+00:00
aero16141,done,2026-05-26T03:52:14+00:00
afireinhannah,done,2026-05-26T03:53:10+00:00
ahmaddy_a,done,2026-05-26T03:54:08+00:00
ahobeans,done,2026-05-26T03:54:53+00:00
aidanbuyak,done,2026-05-26T03:55:41+00:00
aidansuddeth5,done,2026-05-26T03:56:36+00:00
aifryerlover,done,2026-05-26T03:57:36+00:00
akastoneheart,done,2026-05-26T03:58:26+00:00
akuyi,done,2026-05-26T03:59:22+00:00
alan_esaul,done,2026-05-26T04:00:21+00:00
alazsolm,done,2026-05-26T04:01:10+00:00
aleisdelgado,done,2026-05-26T04:02:14+00:00
aleksandra_film,done,2026-05-26T04:03:12+00:00
aleksiku,done,2026-05-26T04:04:09+00:00
alessandro0404,done,2026-05-26T04:04:57+00:00
alex7712,done,2026-05-26T04:05:50+00:00
alexandria24,done,2026-05-26T04:06:39+00:00
alexandro_cet,done,2026-05-26T04:07:46+00:00
alexperzl,done,2026-05-26T04:08:43+00:00
alexrdu,done,2026-05-26T04:09:44+00:00
aliasa,done,2026-05-26T04:10:29+00:00
aliceholme,done,2026-05-26T04:11:26+00:00
alirosea,done,2026-05-26T04:12:24+00:00
alistairyu,done,2026-05-26T04:14:29+00:00
alixxia,done,2026-05-26T04:15:30+00:00
allie_nn,done,2026-05-26T04:16:37+00:00
allisonmango,done,2026-05-26T04:17:39+00:00
alonso2880,done,2026-05-26T04:18:38+00:00
aloz_22,done,2026-05-26T04:19:31+00:00
alsalat,done,2026-05-26T04:20:23+00:00
amal09,done,2026-05-26T04:21:22+00:00
amaryscas,done,2026-05-26T04:22:20+00:00
amayap7,done,2026-05-26T04:23:27+00:00
ambredt,done,2026-05-26T04:24:11+00:00
amievenrealyola,done,2026-05-26T04:25:13+00:00
aminqureshi9000,done,2026-05-26T04:25:57+00:00
and3rp3rry,done,2026-05-26T04:26:57+00:00
andarooly,done,2026-05-26T04:28:07+00:00
andreah_r,done,2026-05-26T04:29:06+00:00
andreallvs,done,2026-05-26T04:29:52+00:00
andreinapires,done,2026-05-26T04:30:49+00:00
andrzjj,done,2026-05-26T04:31:44+00:00
angelpuncher,done,2026-05-26T04:32:41+00:00
angieluciia,done,2026-05-26T04:33:26+00:00
annabelvuong,done,2026-05-26T04:34:18+00:00
annakatariinas,done,2026-05-26T04:35:10+00:00
anneyurei,done,2026-05-26T04:35:57+00:00
annieskim_,done,2026-05-26T04:37:08+00:00
annisadr1,done,2026-05-26T04:37:55+00:00
anokh_,done,2026-05-26T04:38:45+00:00
anomaliiii,done,2026-05-26T04:39:38+00:00
anshiiiill,done,2026-05-26T04:40:28+00:00
ant1996,done,2026-05-26T04:41:18+00:00
anthony_mejia,done,2026-05-26T04:42:06+00:00
antitoool,done,2026-05-26T04:42:58+00:00
apoooloonia,done,2026-05-26T04:43:39+00:00
apunkany,done,2026-05-26T04:44:41+00:00
ariaaa16,done,2026-05-26T04:45:50+00:00
ariaajade,done,2026-05-26T04:46:41+00:00
arisunset,done,2026-05-26T04:47:27+00:00
armeniaa10,done,2026-05-26T04:48:21+00:00
arnobrunelle,done,2026-05-26T04:51:06+00:00
artemisapollon,done,2026-05-26T04:52:01+00:00
arthfaels,done,2026-05-26T04:53:02+00:00
asadacolada,done,2026-05-26T04:53:56+00:00
ascendingsoup,done,2026-05-26T04:54:51+00:00
ashh666,done,2026-05-26T04:55:44+00:00
ashleyoku,done,2026-05-26T04:56:46+00:00
ashsparrow,done,2026-05-26T04:57:57+00:00
ashtondevan,done,2026-05-26T04:58:49+00:00
aspiringhoodrat,done,2026-05-26T04:59:49+00:00
asprokii,done,2026-05-26T05:00:45+00:00
asthmapump,done,2026-05-26T05:05:38+00:00
astriiddddd,done,2026-05-26T05:07:23+00:00
astron,done,2026-05-26T05:08:21+00:00
astron6hardfan,done,2026-05-26T05:09:22+00:00
atchey,done,2026-05-26T05:10:26+00:00
ateenagerinlove,done,2026-05-26T05:11:12+00:00
aubingo,done,2026-05-26T05:12:22+00:00
audreh,done,2026-05-26T05:13:25+00:00
audreyyy02,done,2026-05-26T05:14:17+00:00
auvvnie,done,2026-05-26T05:15:13+00:00
ava_phel22,done,2026-05-26T05:16:11+00:00
avahsohi,done,2026-05-26T05:17:01+00:00
avostrike,done,2026-05-26T05:17:49+00:00
aw1008,done,2026-05-26T05:18:39+00:00
awhtoast,done,2026-05-26T05:19:38+00:00
awino,done,2026-05-26T05:20:36+00:00
ayesab,done,2026-05-26T05:21:30+00:00
azraa99,done,2026-05-26T05:22:20+00:00
b3kugh,done,2026-05-26T05:23:17+00:00
b_rizzle2412,done,2026-05-26T05:24:17+00:00
babaganou5h,done,2026-05-26T05:25:09+00:00
baddiebear,done,2026-05-26T05:25:57+00:00
bakix,done,2026-05-26T05:26:44+00:00
bakugo_06,done,2026-05-26T05:27:37+00:00
balaric,done,2026-05-26T05:28:39+00:00
bambi757,done,2026-05-26T05:29:40+00:00
banana_ben007,done,2026-05-26T05:30:31+00:00
banananam,done,2026-05-26T05:31:31+00:00
bananyaa,done,2026-05-26T05:32:39+00:00
batuhan2335,done,2026-05-26T05:33:38+00:00
batuzg,done,2026-05-26T05:34:23+00:00
bazinga41,done,2026-05-26T05:35:35+00:00
bdoug008,done,2026-05-26T05:36:21+00:00
bear_nardy,done,2026-05-26T05:37:26+00:00
bebekuning,done,2026-05-26T05:38:24+00:00
notsoinnocent,done,2026-05-26T05:44:35+00:00
bella_332457jjj,done,2026-05-26T05:45:27+00:00
bellankovic,done,2026-05-26T05:46:09+00:00
benheath101,done,2026-05-26T05:47:01+00:00
benroa,done,2026-05-26T05:47:49+00:00
berkay07,done,2026-05-26T05:48:48+00:00
berke_akbulut,done,2026-05-26T05:49:44+00:00
beta865,done,2026-05-26T05:50:41+00:00
bettyblo,done,2026-05-26T05:52:35+00:00
bigbobert,done,2026-05-26T05:53:28+00:00
bignoosh,done,2026-05-26T05:54:23+00:00
binbbie,done,2026-05-26T05:55:19+00:00
binouzier,done,2026-05-26T05:56:16+00:00
biondo0,done,2026-05-26T05:57:13+00:00
bippityboopy,done,2026-05-26T05:58:02+00:00
birbles,done,2026-05-26T05:58:59+00:00
blackmonk2,done,2026-05-26T06:00:00+00:00
blaze_70,done,2026-05-26T06:00:59+00:00
blluo,done,2026-05-26T06:01:50+00:00
bloody_cape,done,2026-05-26T06:02:47+00:00
bloodybodyiiy,done,2026-05-26T06:03:48+00:00
bloona4333,done,2026-05-26T06:04:49+00:00
blueninja747,done,2026-05-26T06:05:31+00:00
bndomn,done,2026-05-26T06:06:38+00:00
boldheart,done,2026-05-26T06:07:51+00:00
bomboniiitoni,done,2026-05-26T06:08:49+00:00
boofjr,done,2026-05-26T06:10:25+00:00
bradenwalkerr12,done,2026-05-26T06:12:20+00:00
brandonr18,done,2026-05-26T06:13:07+00:00
brelex,done,2026-05-26T06:14:11+00:00
brianh94,done,2026-05-26T06:15:03+00:00
briellau,done,2026-05-26T06:15:58+00:00
britsorange,done,2026-05-26T06:16:45+00:00
brunnodblin,done,2026-05-26T06:17:43+00:00
brunowance,done,2026-05-26T06:18:53+00:00
bryansoltis,done,2026-05-26T06:19:50+00:00
bryanzone,done,2026-05-26T06:21:03+00:00
bwahboom,done,2026-05-26T06:22:02+00:00
cadamsbeyea,done,2026-05-26T06:22:50+00:00
cadet_roger,done,2026-05-26T06:23:47+00:00
calgo,done,2026-05-26T06:24:38+00:00
callenreesew,done,2026-05-26T06:25:33+00:00
camororo,done,2026-05-26T06:26:34+00:00
candelagarciadc,done,2026-05-26T06:27:32+00:00
cannibaii,done,2026-05-26T06:28:31+00:00
cardeesha,done,2026-05-26T06:29:44+00:00
caroline_k07,done,2026-05-26T06:30:47+00:00
carr0tt,done,2026-05-26T06:31:58+00:00
carterthage,done,2026-05-26T06:33:45+00:00
cata_l_b_,done,2026-05-31T06:24:00+00:00
catsc1ty,done,2026-05-31T06:24:45+00:00
caylily,done,2026-05-31T06:25:28+00:00
ccharcot,done,2026-05-31T06:26:11+00:00
cchrisyu,done,2026-05-31T06:27:08+00:00
cearatb,done,2026-05-31T06:28:00+00:00
cecilfish,done,2026-05-31T06:28:50+00:00
celestedowling,done,2026-05-31T06:29:41+00:00
cesarisaaccc,done,2026-05-31T06:30:40+00:00
ch600,done,2026-05-31T06:31:37+00:00
chaau,done,2026-05-31T06:32:30+00:00
chachithebeast,done,2026-05-31T06:33:26+00:00
chakornwoo,done,2026-05-31T06:34:19+00:00
challooommmm,done,2026-05-31T06:35:17+00:00
charismamaster,done,2026-05-31T06:36:16+00:00
charlottoe,done,2026-05-31T06:37:11+00:00
cheirish,done,2026-05-31T06:38:12+00:00
chelts,done,2026-05-31T06:38:59+00:00
chh1kyy,done,2026-05-31T06:40:01+00:00
chhatrapal___xd,done,2026-05-31T06:40:45+00:00
chicanoprofe,done,2026-05-31T06:41:56+00:00
chiefsaqif,done,2026-05-31T06:43:07+00:00
chinczuk,done,2026-05-31T06:43:57+00:00
chiran12345,done,2026-05-31T06:44:45+00:00
chloe_piquemal,done,2026-05-31T06:45:37+00:00
chloehung_1203,done,2026-05-31T06:46:34+00:00
chochloe,done,2026-05-31T06:47:38+00:00
chocobrownie717,done,2026-05-31T06:48:23+00:00
chofsreviewsht,done,2026-05-31T06:49:19+00:00
chonsters,done,2026-05-31T06:50:19+00:00
chrisgiler,done,2026-05-31T06:51:21+00:00
christianib2005,done,2026-05-31T06:52:10+00:00
christiansdiary,done,2026-05-31T06:53:10+00:00
christy_rrr,done,2026-05-31T06:54:00+00:00
chutton93,done,2026-05-31T06:54:52+00:00
cicadasailor,done,2026-05-31T06:55:47+00:00
cicobuffs,done,2026-05-31T06:56:42+00:00
cidden,done,2026-05-31T06:57:40+00:00
cine_m_a,done,2026-05-31T06:58:30+00:00
cinemalover369,done,2026-05-31T06:59:14+00:00
cipacipups,done,2026-05-31T07:00:16+00:00
ciroryx,done,2026-05-31T07:01:06+00:00
civviic,done,2026-05-31T07:01:49+00:00
clarinette2602,done,2026-05-31T07:02:49+00:00
clauchard,done,2026-05-31T07:03:44+00:00
claver22,done,2026-05-31T07:04:35+00:00
clementinesieck,done,2026-05-31T07:05:30+00:00
cocoocolohoe,done,2026-05-31T07:06:24+00:00
coffee000,done,2026-05-31T07:07:14+00:00
colemcdonnell,done,2026-05-31T07:08:22+00:00
colinhyde,done,2026-05-31T07:09:16+00:00
colleeniwashere,done,2026-05-31T07:10:15+00:00
colourblue,done,2026-05-31T07:11:22+00:00
coltfyffe,done,2026-05-31T07:12:23+00:00
comradeophelia,done,2026-05-31T07:13:26+00:00
conradddd,done,2026-05-31T07:14:33+00:00
cooltrainergrps,done,2026-05-31T07:15:26+00:00
coreybewatchin,done,2026-05-31T07:16:20+00:00
cornmy912,done,2026-05-31T07:17:08+00:00
cortiscoer,done,2026-05-31T07:18:00+00:00
cpt_price,done,2026-05-31T07:18:53+00:00
cricket42,done,2026-05-31T07:19:39+00:00
criticalscope,done,2026-05-31T07:20:27+00:00
crodlo,done,2026-05-31T07:21:30+00:00
crokimus,done,2026-05-31T07:22:14+00:00
crykobe,done,2026-05-31T07:23:06+00:00
ctevrairosa,done,2026-05-31T07:23:55+00:00
cuhunit,done,2026-05-31T07:24:48+00:00
culiado,done,2026-05-31T07:25:39+00:00
d3vin_00,done,2026-05-31T07:26:32+00:00
daaniifuu,done,2026-05-31T07:27:34+00:00
dadamt,done,2026-05-31T07:28:42+00:00
dakotajohnson89,done,2026-05-31T07:29:43+00:00
damlab1509,done,2026-05-31T07:30:40+00:00
danarroyo,done,2026-05-31T07:31:42+00:00
danebarney,done,2026-05-31T07:32:34+00:00
daniel_lily,done,2026-05-31T07:33:25+00:00
danisslovee,done,2026-05-31T07:34:20+00:00
danizhug10,done,2026-05-31T07:35:17+00:00
danniiiiiys,done,2026-05-31T07:36:11+00:00
dannyhern_,done,2026-05-31T07:37:19+00:00
danravencrow,done,2026-05-31T07:38:30+00:00
darshan4,done,2026-05-31T07:39:14+00:00
david_1912_,done,2026-05-31T07:40:21+00:00
davidlubo,done,2026-05-31T07:41:11+00:00
davidpipper,done,2026-05-31T07:42:05+00:00
davidvalll,done,2026-05-31T07:42:50+00:00
ddiillaaww,done,2026-05-31T07:43:37+00:00
deathh20,done,2026-05-31T07:44:29+00:00
deboranorgy,done,2026-05-31T07:45:20+00:00
deborhviii,done,2026-05-31T07:46:09+00:00
deeb4a,done,2026-05-31T07:47:03+00:00
deempeacea,done,2026-05-31T07:48:04+00:00
def_not_filip,done,2026-05-31T07:49:05+00:00
deffnotme_zy,done,2026-05-31T07:49:54+00:00
deftdn,done,2026-05-31T07:50:48+00:00
delaneylovesit,done,2026-05-31T07:51:43+00:00
demihego,done,2026-05-31T07:52:27+00:00
deniszalecki,done,2026-05-31T07:53:11+00:00
denizkoo60,done,2026-05-31T07:54:06+00:00
deseariction,done,2026-05-31T07:55:03+00:00
deskaso,done,2026-05-31T07:55:52+00:00
despairesque,done,2026-05-31T07:56:46+00:00
despairnagony,done,2026-05-31T07:57:35+00:00
dibby_boy,done,2026-05-31T07:58:42+00:00
didiandre,done,2026-05-31T07:59:46+00:00
diixxx,done,2026-05-31T08:00:49+00:00
divljivepar,done,2026-05-31T08:01:45+00:00
dizdarevic_,done,2026-05-31T08:02:41+00:00
dj_pasteque,done,2026-05-31T08:03:32+00:00
dlzero,done,2026-05-31T08:04:20+00:00
dollface3000,done,2026-05-31T08:05:13+00:00
dom1994,done,2026-05-31T08:06:04+00:00
dontendjustyet,done,2026-05-31T08:06:56+00:00
dor1bas,done,2026-05-31T08:07:51+00:00
doritosazeh,done,2026-05-31T08:08:46+00:00
doubled_lkky,done,2026-05-31T08:09:46+00:00
doubleoks,done,2026-05-31T08:10:33+00:00
doujinrnr,done,2026-05-31T08:11:31+00:00
doy09,done,2026-05-31T08:12:26+00:00
doyled_it,done,2026-05-31T08:13:37+00:00
drake67,done,2026-05-31T08:14:27+00:00
dreinn1,done,2026-05-31T08:15:18+00:00
drezaire,done,2026-05-31T08:16:09+00:00
drixhhtii,done,2026-05-31T08:17:06+00:00
dswint,done,2026-05-31T08:18:07+00:00
dugosugo,done,2026-05-31T08:19:15+00:00
dukedennisballs,done,2026-05-31T08:20:20+00:00
dukejazz1030,done,2026-05-31T08:21:13+00:00
dumbledik,done,2026-05-31T08:22:07+00:00
duskaerdawn,done,2026-05-31T08:23:00+00:00
dustinrigby,done,2026-05-31T08:23:55+00:00
dvzyx,done,2026-05-31T08:24:52+00:00
dzavalaw,done,2026-05-31T08:25:50+00:00
eatss,done,2026-05-31T08:26:47+00:00
eayucel,done,2026-05-31T08:27:46+00:00
ebjax,done,2026-05-31T08:28:43+00:00
edamaro1986,done,2026-05-31T08:29:53+00:00
edenatkinson,done,2026-05-31T08:30:46+00:00
edenw77,done,2026-05-31T08:31:46+00:00
ediems,done,2026-05-31T08:32:46+00:00
edithsfilms,done,2026-05-31T08:33:39+00:00
eggslut,done,2026-05-31T08:34:29+00:00
egozim,done,2026-05-31T08:35:24+00:00
einj3l,done,2026-05-31T08:36:33+00:00
eiresita,done,2026-05-31T08:37:26+00:00
ekim2015,done,2026-05-31T08:38:33+00:00
elenaaaaabb,done,2026-05-31T08:39:27+00:00
eliantte,done,2026-05-31T08:40:33+00:00
elicastro,done,2026-05-31T08:41:26+00:00
elie_carrier,done,2026-05-31T08:42:20+00:00
elifnn35,done,2026-05-31T08:43:14+00:00
elinesmidt,done,2026-05-31T08:44:11+00:00
elizapach133,done,2026-05-31T08:45:13+00:00
ella81bwhoa,done,2026-05-31T08:46:18+00:00
ella_s135,done,2026-05-31T08:47:17+00:00
elsaani,done,2026-05-31T08:48:25+00:00
emiliadsc,done,2026-05-31T08:49:10+00:00
emilie14v,done,2026-05-31T08:50:05+00:00
emilyantunovich,done,2026-05-31T08:50:53+00:00
emimiron,done,2026-05-31T08:51:51+00:00
emma_grace212,done,2026-05-31T08:52:47+00:00
emml25,done,2026-05-31T08:53:48+00:00
emmyyyy_,done,2026-05-31T08:54:50+00:00
enjiro,done,2026-05-31T08:55:45+00:00
enriqueglz_9,done,2026-05-31T08:56:42+00:00
eriko26,done,2026-05-31T08:57:34+00:00
ernstdj,done,2026-05-31T08:58:31+00:00
eslav0,done,2026-05-31T08:59:26+00:00
esnnkrt,done,2026-05-31T09:00:37+00:00
estebansnow,done,2026-05-31T09:01:36+00:00
estefffaniaaa7,done,2026-05-31T09:02:25+00:00
estell3,done,2026-05-31T09:03:19+00:00
eth4npham,done,2026-05-31T09:04:07+00:00
ethantoey,done,2026-05-31T09:04:55+00:00
etrain2018,done,2026-05-31T09:05:53+00:00
evaasa,done,2026-05-31T09:06:45+00:00
evangeline_m,done,2026-05-31T09:07:44+00:00
eveliaarnau,done,2026-05-31T09:08:42+00:00
exaucelalilou,done,2026-05-31T09:09:40+00:00
exilez,done,2026-05-31T09:10:39+00:00
f_soizic,done,2026-05-31T09:11:40+00:00
facufanessi,done,2026-05-31T09:12:51+00:00
fahiyoou,done,2026-05-31T09:13:36+00:00
fakfkhra,done,2026-05-31T09:14:27+00:00
faqndito,done,2026-05-31T09:15:08+00:00
fatosterim16,done,2026-05-31T09:15:56+00:00
fdjenks,done,2026-05-31T09:16:52+00:00
feat_dein,done,2026-05-31T09:17:46+00:00
featkvie,done,2026-05-31T09:18:51+00:00
febaldik,done,2026-05-31T09:19:37+00:00
federeeco,done,2026-05-31T09:20:28+00:00
feerm,done,2026-05-31T09:21:26+00:00
felipisho,done,2026-05-31T09:22:14+00:00
felixflodh,done,2026-05-31T09:23:01+00:00
felixgss,done,2026-05-31T09:24:00+00:00
filippaki,done,2026-05-31T09:25:00+00:00
filmbreather007,done,2026-05-31T11:41:23+00:00
films234,done,2026-05-31T11:42:20+00:00
filmsbymels,done,2026-05-31T11:43:15+00:00
finalnotice,done,2026-05-31T11:44:07+00:00
finney_boi_100,done,2026-05-31T11:44:59+00:00
firminogb,done,2026-05-31T11:45:55+00:00
fjrmoviewatch,done,2026-05-31T11:46:46+00:00
fkjesus67,done,2026-05-31T11:47:36+00:00
fleurdose,done,2026-05-31T11:48:32+00:00
flowermanjohnny,done,2026-05-31T11:49:36+00:00
fluffy_unic0rn7,done,2026-05-31T11:50:33+00:00
flutt3r,done,2026-05-31T11:51:22+00:00
fons1930,done,2026-05-31T11:52:12+00:00
fortunatecalf,done,2026-05-31T11:53:10+00:00
fp8,done,2026-05-31T11:54:00+00:00
franglezx,done,2026-05-31T11:54:56+00:00
franzi_sdk,done,2026-05-31T11:55:46+00:00
frbaudry,done,2026-05-31T11:56:54+00:00
fremmmm,done,2026-05-31T11:57:47+00:00
frey_frey_,done,2026-05-31T11:58:46+00:00
frickface,done,2026-05-31T11:59:48+00:00
froggydays,done,2026-05-31T12:00:49+00:00
frooshaas,done,2026-05-31T12:01:47+00:00
fscull,done,2026-05-31T12:02:41+00:00
fsrfsr,done,2026-05-31T12:03:37+00:00
fuffyfluffy,done,2026-05-31T12:04:44+00:00
g0rmsy,done,2026-05-31T12:05:33+00:00
gabriel_pap,done,2026-05-31T12:06:20+00:00
gabsc16,done,2026-05-31T12:07:22+00:00
gaganrathore,done,2026-05-31T12:08:14+00:00
gahara,done,2026-05-31T12:09:10+00:00
gallaview,done,2026-05-31T12:10:15+00:00
galwaybae,done,2026-05-31T12:11:25+00:00
garcaste,done,2026-05-31T12:12:24+00:00
garinense,done,2026-05-31T12:13:24+00:00
garyliu,done,2026-05-31T12:14:29+00:00
gayane_ayvazyan,done,2026-05-31T12:15:20+00:00
gedoya,done,2026-05-31T12:16:10+00:00
gentleman93,done,2026-05-31T12:16:58+00:00
gerardo457,done,2026-05-31T12:17:49+00:00
ggbriel,done,2026-05-31T12:18:40+00:00
gibbyishere,done,2026-05-31T12:19:30+00:00
gigvana,done,2026-05-31T12:20:26+00:00
giresunspor,done,2026-05-31T12:21:12+00:00
girlypophq,done,2026-05-31T12:22:15+00:00
giuliangrexx,done,2026-05-31T12:23:03+00:00
globe32,done,2026-05-31T12:24:08+00:00
godot_ytb,done,2026-05-31T12:25:12+00:00
goosey06,done,2026-05-31T12:26:10+00:00
gootabug,done,2026-05-31T12:27:07+00:00
gotycki_chleb,done,2026-05-31T12:28:11+00:00
grace_7773,done,2026-05-31T12:29:02+00:00
gracesfaces,done,2026-05-31T12:30:12+00:00
gracieshea1998,done,2026-05-31T12:31:07+00:00
grandppa,done,2026-05-31T12:32:04+00:00
greenstarnm,done,2026-05-31T12:33:11+00:00
greenteadrinker,done,2026-05-31T12:34:13+00:00
grmlnsminion,done,2026-05-31T12:35:04+00:00
groo_b,done,2026-05-31T12:36:04+00:00
grottykid,done,2026-05-31T12:37:05+00:00
gucaue,done,2026-05-31T12:37:50+00:00
gueguette06,done,2026-05-31T12:38:53+00:00
guillermainas,done,2026-05-31T12:39:52+00:00
guimas1,done,2026-05-31T12:40:35+00:00
guinazanetti,done,2026-05-31T12:41:39+00:00
gumussalvatore,done,2026-05-31T12:42:38+00:00
gutenburger,done,2026-05-31T12:43:34+00:00
guybullion,done,2026-05-31T12:44:34+00:00
h1strey,done,2026-05-31T12:45:21+00:00
h_hotline,done,2026-05-31T12:46:11+00:00
habjikocak,done,2026-05-31T12:47:02+00:00
hadassahsun,done,2026-05-31T12:48:02+00:00
hadrienseamus,done,2026-05-31T12:48:57+00:00
hagzkhaldd,done,2026-05-31T12:49:51+00:00
hamishdrake,done,2026-05-31T12:50:39+00:00
hanifhukama,done,2026-05-31T12:51:36+00:00
hannahgzq,done,2026-05-31T12:52:31+00:00
hannesau,done,2026-05-31T12:53:18+00:00
hanspanderer,done,2026-05-31T12:54:05+00:00
happy_liblab,done,2026-05-31T12:55:00+00:00
happyhouratdq,done,2026-05-31T12:55:58+00:00
happyyears,done,2026-05-31T12:57:00+00:00
hardlearnsmovie,done,2026-05-31T12:57:46+00:00
hardmanstudios,done,2026-05-31T12:58:49+00:00
harlan09,done,2026-05-31T12:59:41+00:00
harryycs,done,2026-05-31T13:00:24+00:00
haydeed,done,2026-05-31T13:01:19+00:00
hayhay004,done,2026-05-31T13:02:10+00:00
hayleybugs,done,2026-05-31T13:03:06+00:00
heartdox,done,2026-05-31T13:03:55+00:00
heavenlyyaksha,done,2026-05-31T13:04:56+00:00
heavenward13,done,2026-05-31T13:05:42+00:00
helendeklein,done,2026-05-31T13:06:31+00:00
hellopeony,done,2026-05-31T13:07:26+00:00
hendellopez,done,2026-05-31T13:08:29+00:00
herlicopter310,done,2026-05-31T13:09:32+00:00
hernan1777,done,2026-05-31T13:10:29+00:00
hervirtue12,done,2026-05-31T13:11:16+00:00
hipervisor,done,2026-05-31T13:12:10+00:00
hmmza,done,2026-05-31T13:13:07+00:00
hnarita,done,2026-05-31T13:14:00+00:00
honorful,done,2026-05-31T13:14:55+00:00
hrrsw,done,2026-05-31T13:15:39+00:00
hudis,done,2026-05-31T13:16:36+00:00
hugauq,done,2026-05-31T13:17:33+00:00
hustlain,done,2026-05-31T13:18:18+00:00
hvncholaflare,done,2026-05-31T13:19:03+00:00
hzieyappeiyy,done,2026-05-31T13:20:03+00:00
ialunar,done,2026-05-31T13:20:57+00:00
iamnotjosie,done,2026-05-31T13:21:54+00:00
iamthediary,done,2026-05-31T13:22:46+00:00
idol_,done,2026-05-31T13:23:40+00:00
idopyaft,done,2026-05-31T13:24:33+00:00
ignis_spirit,done,2026-05-31T13:25:18+00:00
ikelon,done,2026-05-31T13:26:11+00:00
iker_449,done,2026-05-31T13:27:08+00:00
il0veyuri,done,2026-05-31T13:28:04+00:00
ilaria001,done,2026-05-31T13:28:55+00:00
illmmtu,done,2026-05-31T13:29:48+00:00
ilovecoc0nut,done,2026-05-31T13:30:38+00:00
iloveyuri72,done,2026-05-31T13:31:26+00:00
imherefornow,done,2026-05-31T13:32:18+00:00
imnotacrepe,done,2026-05-31T13:33:10+00:00
imso_sohee,done,2026-05-31T13:34:15+00:00
inesm02,done,2026-05-31T13:35:24+00:00
insectoidexu,done,2026-05-31T13:36:20+00:00
insertnel,done,2026-05-31T13:37:17+00:00
irenee_21,done,2026-05-31T13:38:19+00:00
isaanhalt,done,2026-05-31T13:39:03+00:00
isabel_166,done,2026-05-31T13:40:03+00:00
isamah,done,2026-05-31T13:41:11+00:00
isayp123,done,2026-05-31T13:42:02+00:00
ismailcskn,done,2026-05-31T13:43:00+00:00
israeljr28,done,2026-05-31T13:43:59+00:00
italianlotus,done,2026-05-31T13:45:00+00:00
itsdelphdelph,done,2026-05-31T13:45:59+00:00
itsnotniiiiiik,done,2026-05-31T13:47:00+00:00
itssoabicidi,done,2026-05-31T13:47:57+00:00
itsxmeg,done,2026-05-31T13:48:56+00:00
iusamaqazi,done,2026-05-31T13:49:43+00:00
ivahinson,done,2026-05-31T13:50:53+00:00
ivan777,done,2026-05-31T13:52:04+00:00
ivansbl,done,2026-05-31T13:53:12+00:00
ivlx9,done,2026-05-31T13:54:18+00:00
ivyincrisis,done,2026-05-31T13:55:16+00:00
izdawiz,done,2026-05-31T13:56:14+00:00
j_96,done,2026-05-31T13:57:09+00:00
jaaviletter,done,2026-05-31T13:57:59+00:00
jabess,done,2026-05-31T13:58:46+00:00
jacamaca,done,2026-05-31T13:59:37+00:00
jacccczzzz,done,2026-05-31T14:00:44+00:00
jackdawsonarg,done,2026-05-31T14:01:39+00:00
jackfrankel,done,2026-05-31T14:02:35+00:00
jackonano,done,2026-05-31T14:03:27+00:00
jadalves1211,done,2026-05-31T14:04:14+00:00
jadeakagi,done,2026-05-31T14:05:14+00:00
jahell,done,2026-05-31T14:06:26+00:00
jahthechildeatr,done,2026-05-31T14:07:42+00:00
jakeburrage,done,2026-05-31T14:08:38+00:00
jakecre8s,done,2026-05-31T14:09:47+00:00
jakehadley,done,2026-05-31T14:10:43+00:00
jakej59,done,2026-05-31T14:11:44+00:00
jakeyoumans15,done,2026-05-31T14:12:31+00:00
jamesl11,done,2026-05-31T14:13:26+00:00
jasminelaa,done,2026-05-31T14:14:19+00:00
jay_grooms17,done,2026-05-31T14:15:16+00:00
jaycshow,done,2026-05-31T14:16:04+00:00
jaydotorg,done,2026-05-31T14:17:02+00:00
jayyzie,done,2026-05-31T14:17:55+00:00
jblmiklos,done,2026-05-31T14:18:47+00:00
jektehlaper,done,2026-05-31T14:19:36+00:00
jelzyyy_,done,2026-05-31T14:20:36+00:00
jeopardy_jerad,done,2026-05-31T14:21:43+00:00
jerenennen,done,2026-05-31T14:22:45+00:00
jessy0110,done,2026-05-31T14:23:37+00:00
jexxy,done,2026-05-31T14:24:39+00:00
jiaaa14,done,2026-05-31T14:25:38+00:00
jilhem,done,2026-05-31T14:26:40+00:00
jinglejangle,done,2026-05-31T14:27:48+00:00
jiyuniyoon_,done,2026-05-31T14:28:36+00:00
jmagnall,done,2026-05-31T14:29:20+00:00
jmdav,done,2026-05-31T14:30:20+00:00
jmezinator,done,2026-05-31T14:31:10+00:00
joacomafud,done,2026-05-31T14:32:02+00:00
joanofsan,done,2026-06-01T07:40:32+00:00
joelasq,done,2026-06-01T07:41:48+00:00
joelle0812,done,2026-06-01T07:42:45+00:00
joesolava,done,2026-06-01T07:44:02+00:00
joewohoo,done,2026-06-01T07:45:18+00:00
joeykula,done,2026-06-01T07:46:58+00:00
johandeeanna,done,2026-06-01T07:48:06+00:00
jonatago,done,2026-06-01T07:49:17+00:00
jonathanvaldes,done,2026-06-01T07:50:46+00:00
jorritdegraaff,done,2026-06-01T07:51:51+00:00
josharizmendi,done,2026-06-01T07:53:33+00:00
joshawos,done,2026-06-01T07:54:51+00:00
joshiiluvsryan,done,2026-06-01T07:56:01+00:00
jsin84,done,2026-06-01T07:57:14+00:00
jsintora,done,2026-06-01T07:58:29+00:00
jsjsea,done,2026-06-01T07:59:49+00:00
jstnszn,done,2026-06-01T08:00:45+00:00
juga777,done,2026-06-01T08:01:57+00:00
jujufish2003,done,2026-06-01T08:03:18+00:00
juliacschwartz,done,2026-06-01T08:04:14+00:00
juliaespii,done,2026-06-01T08:05:35+00:00
juliebrn,done,2026-06-01T08:06:40+00:00
jun0_101,done,2026-06-01T08:08:02+00:00
juneeeeerrrrr,done,2026-06-01T08:09:55+00:00
justtheyip,done,2026-06-01T08:10:52+00:00
jytishhh,done,2026-06-01T08:11:54+00:00
k4thyyyy,done,2026-06-01T08:13:04+00:00
k8thotp,done,2026-06-01T08:14:13+00:00
kaashvisharma,done,2026-06-01T08:15:14+00:00
kadenjeib,done,2026-06-01T08:16:20+00:00
kaitlyn357,done,2026-06-01T08:17:15+00:00
kakabaka537,done,2026-06-01T08:18:24+00:00
kandemirkaann,done,2026-06-01T08:19:34+00:00
kaonnif,done,2026-06-01T08:20:42+00:00
karabilou,done,2026-06-01T08:22:12+00:00
karim23,done,2026-06-01T08:23:43+00:00
kate_roses,done,2026-06-01T08:24:50+00:00
katermanfred,done,2026-06-01T08:26:03+00:00
katesbookcart,done,2026-06-01T08:27:31+00:00
katexochen,done,2026-06-01T08:28:43+00:00
kathlaura,done,2026-06-01T08:30:18+00:00
katomara,done,2026-06-01T08:31:29+00:00
kaylarhea_230,done,2026-06-01T08:32:35+00:00
keeya707,done,2026-06-01T08:33:58+00:00
keimkei_t29,done,2026-06-01T08:35:40+00:00
kev_inthecave,done,2026-06-01T08:36:41+00:00
khayax,done,2026-06-01T08:37:54+00:00
khoffman22,done,2026-06-01T08:39:36+00:00
kiaramrlo,done,2026-06-01T08:41:14+00:00
kiarifigue,done,2026-06-01T08:42:27+00:00
kikeemeno,done,2026-06-01T08:43:32+00:00
killbillna,done,2026-06-01T08:44:39+00:00
kimiakho,done,2026-06-01T08:46:12+00:00
kirbyswag,done,2026-06-01T08:47:35+00:00
kitwotime,done,2026-06-01T08:49:09+00:00
kmiluchaa,done,2026-06-01T08:50:26+00:00
kodyjones,done,2026-06-01T08:51:51+00:00
koroflip,done,2026-06-01T08:52:41+00:00
kosherrosas,done,2026-06-01T08:53:30+00:00
kostimpczz,done,2026-06-01T08:54:27+00:00
kottonova_31,done,2026-06-01T08:55:35+00:00
kratos08,done,2026-06-01T08:56:32+00:00
kreative_kailee,done,2026-06-01T08:57:44+00:00
kucings,done,2026-06-01T08:58:49+00:00
kuekacangenak,done,2026-06-01T09:00:21+00:00
kuroosuro,done,2026-06-01T09:01:31+00:00
kurvendiskuteur,done,2026-06-01T09:02:35+00:00
kwashigah,done,2026-06-01T09:03:40+00:00
kyleneghborkid,done,2026-06-01T09:05:01+00:00
kyoushi,done,2026-06-01T09:06:24+00:00
kytr06,done,2026-06-01T09:07:37+00:00
kzvonarek,done,2026-06-01T09:08:45+00:00
l0ull4by,done,2026-06-01T09:09:50+00:00
laecissy,done,2026-06-01T09:10:58+00:00
lagavi0ta,done,2026-06-01T09:12:20+00:00
laliegrt,done,2026-06-01T09:13:20+00:00
lamarta33,done,2026-06-01T09:14:23+00:00
lanita_mc,done,2026-06-01T09:15:30+00:00
laraozen,done,2026-06-01T09:16:34+00:00
lastcutscene,done,2026-06-01T09:17:40+00:00
latteia,done,2026-06-01T09:19:10+00:00
laurapallisera,done,2026-06-01T09:20:15+00:00
laurendemp,done,2026-06-01T09:21:52+00:00
laurgirrl,done,2026-06-01T09:23:00+00:00
le_grand_gaston,done,2026-06-01T09:24:04+00:00
leah_millzy,done,2026-06-01T09:25:20+00:00
legos09,done,2026-06-01T09:26:40+00:00
lengta_mastan,done,2026-06-01T09:27:49+00:00
leo1242,done,2026-06-01T09:28:56+00:00
leon1234567890,done,2026-06-01T09:30:30+00:00
lesline_,done,2026-06-01T09:31:27+00:00
lettieuj,done,2026-06-01T09:32:24+00:00
lexhtoon,done,2026-06-01T09:33:19+00:00
lexielexa,done,2026-06-01T09:34:21+00:00
lexig223,done,2026-06-01T09:35:29+00:00
liessara,done,2026-06-01T09:36:34+00:00
lihribeiro,done,2026-06-01T09:37:47+00:00
lika_lag,done,2026-06-01T09:38:48+00:00
likir,done,2026-06-01T09:40:21+00:00
lil_atm,done,2026-06-01T09:41:18+00:00
lilianann,done,2026-06-01T09:42:20+00:00
lilice44,done,2026-06-01T09:43:14+00:00
lilisbluespring,done,2026-06-01T09:44:22+00:00
lillibrns,done,2026-06-01T09:45:21+00:00
lilly_movies1,done,2026-06-01T09:46:40+00:00
lilykraus,done,2026-06-01T09:47:49+00:00
linaxxz,done,2026-06-01T09:48:44+00:00
lio_11,done,2026-06-01T09:49:36+00:00
lio_joyboy,done,2026-06-01T09:50:31+00:00
liofotias,done,2026-06-01T09:51:50+00:00
liselottecalcei,done,2026-06-01T09:53:00+00:00
littleboy20,done,2026-06-01T09:54:34+00:00
littlefa1ry,done,2026-06-01T09:55:40+00:00
livingonstars,done,2026-06-01T09:56:53+00:00
lizzi3letterb,done,2026-06-01T09:58:01+00:00
llament,done,2026-06-01T09:59:16+00:00
llimonet,done,2026-06-01T10:00:44+00:00
llovemjodi,done,2026-06-01T10:01:50+00:00
lo_wgn,done,2026-06-01T10:03:19+00:00
localtrollop,done,2026-06-01T10:04:41+00:00
loki3pl,done,2026-06-01T10:06:16+00:00
lokiii__,done,2026-06-01T10:07:30+00:00
looeeez,done,2026-06-01T10:08:59+00:00
lore_iso,done,2026-06-01T10:10:15+00:00
lostdeadwife,done,2026-06-01T10:11:22+00:00
lostfought,done,2026-06-01T10:12:41+00:00
louisehrt,done,2026-06-01T10:14:03+00:00
lovefooled,done,2026-06-01T10:15:11+00:00
loving_machine,done,2026-06-01T10:16:11+00:00
lowillowa,done,2026-06-01T10:17:12+00:00
lptalks,done,2026-06-01T10:18:25+00:00
luanadxs,done,2026-06-01T10:19:53+00:00
luciapuglia,done,2026-06-01T10:20:47+00:00
luckiistar,done,2026-06-01T10:21:52+00:00
ludohorse,done,2026-06-01T10:23:05+00:00
luhgig,done,2026-06-01T10:29:48+00:00
luiecrislenumer,done,2026-06-01T10:31:06+00:00
luna51,done,2026-06-01T10:32:16+00:00
lunavellee,done,2026-06-01T10:33:27+00:00
lychee_1111,done,2026-06-01T10:34:39+00:00
lymoonie_,done,2026-06-01T10:35:40+00:00
lynnann06,done,2026-06-01T10:37:07+00:00
m0rute,done,2026-06-01T10:38:26+00:00
m3charen,done,2026-06-01T10:39:28+00:00
macformaggio,done,2026-06-01T10:40:52+00:00
maddi3w,done,2026-06-01T10:42:27+00:00
madihope314,done,2026-06-01T10:43:51+00:00
magg2504,done,2026-06-01T10:44:53+00:00
maggotsparty,done,2026-06-01T10:46:09+00:00
magriddy,done,2026-06-01T10:47:28+00:00
magzabeth,done,2026-06-01T10:48:42+00:00
mahad64,done,2026-06-01T10:49:56+00:00
mahmudhasanfuad,done,2026-06-01T10:51:13+00:00
mai_gl,done,2026-06-01T10:52:24+00:00
majomarinb,done,2026-06-01T10:53:57+00:00
makxbsjjx,done,2026-06-01T10:55:04+00:00
malapartee,done,2026-06-01T10:56:07+00:00
malbaskiv,done,2026-06-01T10:57:25+00:00
maldabo,done,2026-06-01T10:58:25+00:00
mameotg,done,2026-06-01T11:00:09+00:00
manonh13,done,2026-06-01T11:01:04+00:00
manucms15,done,2026-06-01T11:02:16+00:00
manuliraf,done,2026-06-01T11:03:23+00:00
marbellio,done,2026-06-01T11:04:23+00:00
marc_bussu,done,2026-06-01T11:05:27+00:00
marchmeloo,done,2026-06-01T11:06:30+00:00
marcocoh,done,2026-06-01T11:07:37+00:00
margeila,done,2026-06-01T11:09:00+00:00
margotcarolinee,done,2026-06-01T11:10:06+00:00
mariaarlpzz,done,2026-06-01T11:11:12+00:00
mariamali14,done,2026-06-01T11:12:05+00:00
mariebester,done,2026-06-01T11:13:17+00:00
mariedomingo,done,2026-06-01T11:14:13+00:00
mariep127,done,2026-06-01T11:15:52+00:00
marineany,done,2026-06-01T11:17:03+00:00
markussmovies,done,2026-06-01T11:18:31+00:00
marman_24,done,2026-06-01T11:19:38+00:00
marmoriss,done,2026-06-01T11:20:55+00:00
marshynekko,done,2026-06-01T11:22:04+00:00
martacorreia,done,2026-06-01T11:23:25+00:00
marteenaakam,done,2026-06-01T11:24:57+00:00
martimini,done,2026-06-01T11:26:36+00:00
martitav,done,2026-06-01T11:27:55+00:00
maryrose2006,done,2026-06-01T11:29:02+00:00
maswizler,done,2026-06-01T11:30:19+00:00
mat__mat,done,2026-06-01T11:31:34+00:00
mateegonzaa,done,2026-06-01T11:32:32+00:00
matiszer,done,2026-06-01T11:34:05+00:00
matth0oper,done,2026-06-01T11:35:10+00:00
mattiparka,done,2026-06-01T11:36:14+00:00
mattmcgoo,done,2026-06-01T11:37:17+00:00
maubi8,done,2026-06-01T11:38:16+00:00
mavekii11,done,2026-06-01T11:39:29+00:00
max_xine,done,2026-06-01T11:40:43+00:00
maximilian595,done,2026-06-01T11:42:16+00:00
mayed_67,done,2026-06-01T11:43:14+00:00
mayraccarita,done,2026-06-01T11:44:40+00:00
mcbaca,done,2026-06-01T11:46:01+00:00
mclovin198,done,2026-06-01T11:47:11+00:00
mds_sara_,done,2026-06-01T11:48:35+00:00
me95,done,2026-06-01T11:50:07+00:00
meedhaa,done,2026-06-01T11:51:13+00:00
meestarobata,done,2026-06-01T11:52:28+00:00
meghanelivigi,done,2026-06-01T11:53:24+00:00
meizifl,done,2026-06-01T11:54:37+00:00
melihrai,done,2026-06-01T11:55:38+00:00
mels_geekin,done,2026-06-01T11:56:56+00:00
meowring,done,2026-06-01T11:58:18+00:00
mercedesd,done,2026-06-01T12:00:07+00:00
meritgula,done,2026-06-01T12:01:15+00:00
mett,done,2026-06-01T12:02:30+00:00
meutyaflicks,done,2026-06-01T12:03:48+00:00
mewe_97,done,2026-06-01T12:05:28+00:00
miaharty,done,2026-06-01T12:36:28+00:00
michael064,done,2026-06-01T12:37:47+00:00
michellebuiq,done,2026-06-01T12:38:53+00:00
michiyymochi,done,2026-06-01T12:39:57+00:00
miciela,done,2026-06-01T12:41:01+00:00
midarww,done,2026-06-01T12:42:14+00:00
mikawika,done,2026-06-01T12:43:41+00:00
mikeygudino,done,2026-06-01T12:44:35+00:00
mimiscen,done,2026-06-01T12:45:42+00:00
mimissssssss6,done,2026-06-01T12:47:07+00:00
minecraftlvr,done,2026-06-01T12:48:26+00:00
mintochan,done,2026-06-01T12:49:42+00:00
mioffie,done,2026-06-01T12:51:08+00:00
miraavv,done,2026-06-01T12:52:35+00:00
miranda_ramosbl,done,2026-06-01T12:53:45+00:00
mirandela14,done,2026-06-01T12:54:52+00:00
miss_babycakes,done,2026-06-01T12:55:59+00:00
miuhisaki,done,2026-06-01T12:57:09+00:00
mkj613,done,2026-06-01T12:58:21+00:00
mlssa,done,2026-06-01T12:59:51+00:00
mm_dipshana,done,2026-06-01T13:00:50+00:00
mmiyaka,done,2026-06-01T13:01:59+00:00
mmmm_max,done,2026-06-01T13:03:25+00:00
mmnoble,done,2026-06-01T13:04:23+00:00
mo0nylux,done,2026-06-01T13:05:28+00:00
moh1b,done,2026-06-01T13:07:01+00:00
mohamed3121,done,2026-06-01T13:08:14+00:00
mohamedelsalhy,done,2026-06-01T13:09:19+00:00
mohimahh,done,2026-06-01T13:10:53+00:00
moleka,done,2026-06-01T13:12:13+00:00
moly92,done,2026-06-01T13:13:30+00:00
monicapss,done,2026-06-01T13:14:31+00:00
moninserra,done,2026-06-01T13:15:34+00:00
monn3,done,2026-06-01T13:16:38+00:00
moondarkwalker,done,2026-06-01T13:17:40+00:00
moonkeyky,done,2026-06-01T13:18:47+00:00
moremik,done,2026-06-01T13:20:16+00:00
mostlyw,done,2026-06-01T13:21:28+00:00
moth_zz,done,2026-06-01T13:22:53+00:00
mothlightman,done,2026-06-01T13:24:22+00:00
movieexpertobvi,done,2026-06-01T13:25:17+00:00
movieofabasterd,done,2026-06-01T13:26:52+00:00
moviesmuncher,done,2026-06-01T13:28:00+00:00
mrbej,done,2026-06-01T13:28:59+00:00
mri_xox,done,2026-06-01T13:30:03+00:00
mrmossel,done,2026-06-01T13:31:02+00:00
mrrunyon,done,2026-06-01T13:32:45+00:00
msbigmanmotion,done,2026-06-01T13:33:43+00:00
msharill,done,2026-06-01T13:34:51+00:00
mtrazzi,done,2026-06-01T13:35:52+00:00
mtxlva,done,2026-06-01T13:37:00+00:00
mugwadee,done,2026-06-01T13:38:22+00:00
muhteremi,done,2026-06-01T13:39:28+00:00
murasione,done,2026-06-01T13:40:27+00:00
mylzzz,done,2026-06-01T13:41:42+00:00
myvenicebitch,done,2026-06-01T13:42:43+00:00
n4than1,done,2026-06-01T13:43:58+00:00
naeemg,done,2026-06-01T13:45:16+00:00
naiara224,done,2026-06-01T14:23:57+00:00
najwaaerfn,done,2026-06-01T14:24:56+00:00
nanouuuuu,done,2026-06-01T14:26:18+00:00
naosim0,done,2026-06-01T14:27:59+00:00
natalie_1234,done,2026-06-01T14:29:20+00:00
natethegreat000,done,2026-06-01T14:30:31+00:00
nathaliamahchi,done,2026-06-01T14:31:32+00:00
nathanael_vrsch,done,2026-06-01T14:32:28+00:00
nathankick,done,2026-06-01T14:33:41+00:00
ncincotti,done,2026-06-01T14:35:38+00:00
ndlt_,done,2026-06-01T14:36:42+00:00
need_coffee,done,2026-06-01T14:38:19+00:00
nekonohani,done,2026-06-01T14:39:18+00:00
nelamura,done,2026-06-01T14:40:49+00:00
neszaa,done,2026-06-01T14:42:03+00:00
neyhhal,done,2026-06-01T14:43:22+00:00
ngth_tung,done,2026-06-01T14:44:46+00:00
nibuu,done,2026-06-01T14:45:53+00:00
nickweida,done,2026-06-01T14:47:09+00:00
niecyy,done,2026-06-01T14:48:14+00:00
nigarseyidova,done,2026-06-01T14:49:09+00:00
nilalahad,done,2026-06-01T14:50:28+00:00
nishnasarv,done,2026-06-01T14:51:36+00:00
nisiffantastic,done,2026-06-01T14:52:42+00:00
nitin_28,done,2026-06-01T14:54:25+00:00
nkennal,done,2026-06-01T14:55:20+00:00
nmeade23,done,2026-06-01T14:56:26+00:00
nmegan,done,2026-06-01T14:57:37+00:00
nmiracakes,done,2026-06-01T14:59:19+00:00
noahbo33,done,2026-06-01T15:00:50+00:00
noammar,done,2026-06-01T15:01:44+00:00
nobody_tom,done,2026-06-01T15:03:26+00:00
nocontext5505,done,2026-06-01T15:05:01+00:00
noelia_dp,done,2026-06-01T15:06:05+00:00
noemismyname,done,2026-06-01T15:07:06+00:00
nomesthegnome,done,2026-06-01T15:08:18+00:00
nonamethe21,done,2026-06-01T15:09:18+00:00
noobcam,done,2026-06-01T15:10:55+00:00
norvyy,done,2026-06-01T15:12:10+00:00
notcloudless,done,2026-06-01T15:13:31+00:00
notelmy,done,2026-06-01T15:14:41+00:00
noyan139,done,2026-06-01T15:15:38+00:00
ns428,done,2026-06-01T15:16:42+00:00
nur33,done,2026-06-01T15:17:59+00:00
nusk4aa,done,2026-06-01T15:19:16+00:00
nuuttim,done,2026-06-01T15:20:40+00:00
nuxio_09,done,2026-06-01T15:22:02+00:00
nyxiengale,done,2026-06-01T15:23:16+00:00
nzzh,done,2026-06-01T15:24:23+00:00
ob2005,done,2026-06-01T15:25:53+00:00
ofelianyx,done,2026-06-01T15:27:10+00:00
ohcaeee,done,2026-06-01T15:28:28+00:00
oheyoum,done,2026-06-01T15:29:51+00:00
ok_zzala,done,2026-06-01T15:31:11+00:00
oniiiiiiiiiiiii,done,2026-06-01T15:32:23+00:00
opanderson,done,2026-06-01T15:34:21+00:00
opethfan21,done,2026-06-01T15:35:45+00:00
orangemouse3,done,2026-06-01T15:37:13+00:00
orangutanman,done,2026-06-01T15:38:30+00:00
orcager,done,2026-06-01T15:40:02+00:00
orfeasy,done,2026-06-01T15:41:16+00:00
ori236,done,2026-06-01T15:42:14+00:00
oriayo,done,2026-06-01T15:43:18+00:00
orii1fr,done,2026-06-01T15:44:54+00:00
otniel,done,2026-06-01T15:45:52+00:00
ourdaesz,done,2026-06-01T15:47:03+00:00
p1nk3rt0n,done,2026-06-01T15:48:33+00:00
p1nkmo0nz,done,2026-06-01T15:49:29+00:00
pageolivia,done,2026-06-01T15:50:40+00:00
palafox007,done,2026-06-01T15:52:10+00:00
palmer070704,done,2026-06-01T15:53:49+00:00
pan_dywan,done,2026-06-01T15:55:21+00:00
panchotopriv,done,2026-06-01T15:56:30+00:00
panconquesoouo,done,2026-06-01T15:57:33+00:00
pandurovkaa,done,2026-06-01T15:59:01+00:00
panify,done,2026-06-01T16:00:11+00:00
paoli_chan,done,2026-06-01T16:01:43+00:00
papi_chulo0,done,2026-06-01T16:02:41+00:00
papullaa,done,2026-06-01T16:03:49+00:00
parthalow,done,2026-06-01T16:04:49+00:00
passionvolt,done,2026-06-01T16:05:44+00:00
pastanoodler,done,2026-06-01T16:06:52+00:00
paul__bergman,done,2026-06-01T16:07:45+00:00
paulinegr,done,2026-06-01T16:08:50+00:00
pbrayer,done,2026-06-01T16:09:51+00:00
pelikuluh,done,2026-06-01T16:11:10+00:00
pellecce,done,2026-06-01T16:12:31+00:00
pepazo,done,2026-06-01T16:13:26+00:00
perlaaa__,done,2026-06-01T16:15:02+00:00
perrine_qg,done,2026-06-01T16:16:14+00:00
pesetaz19,done,2026-06-01T16:17:21+00:00
piloxciv,done,2026-06-01T16:18:41+00:00
polsnt,done,2026-06-01T16:19:54+00:00
pongii,done,2026-06-01T16:21:34+00:00
poohbin,done,2026-06-01T16:22:27+00:00
praptimbruch14,done,2026-06-01T16:23:32+00:00
preetwiest,done,2026-06-01T16:24:38+00:00
pridemore,done,2026-06-01T16:26:37+00:00
procurandodori,done,2026-06-01T16:27:52+00:00
ptcruiser37,done,2026-06-01T16:28:53+00:00
pumpingpulp,done,2026-06-01T16:29:51+00:00
putainmarco,done,2026-06-01T16:31:21+00:00
pypstwo,done,2026-06-01T16:32:23+00:00
pyrsmnis,done,2026-06-01T16:33:29+00:00
qmarashdeh,done,2026-06-01T16:34:39+00:00
quadcore,done,2026-06-01T16:35:33+00:00
quiskeya,done,2026-06-01T16:36:42+00:00
qxiaw,done,2026-06-01T16:38:09+00:00
r4mielalei,done,2026-06-01T16:39:12+00:00
r4ster,done,2026-06-01T16:40:12+00:00
r9a,done,2026-06-01T16:41:40+00:00
rachatkin,done,2026-06-01T16:42:52+00:00
raffanoskopi,done,2026-06-01T16:44:00+00:00
rahaf11_11,done,2026-06-01T16:45:17+00:00
ranavvvvv,done,2026-06-01T16:46:19+00:00
rashdan_,done,2026-06-01T16:47:17+00:00
rbkcacho,done,2026-06-01T16:48:16+00:00
reaganj11,done,2026-06-01T16:49:27+00:00
realtemi,done,2026-06-01T16:50:31+00:00
rebecca_mrt,done,2026-06-01T16:51:52+00:00
redder_planet,done,2026-06-01T16:53:00+00:00
reemo_x,done,2026-06-01T16:54:33+00:00
refelmilck,done,2026-06-01T16:55:37+00:00
regiinec,done,2026-06-01T16:56:50+00:00
respwnc,done,2026-06-01T16:57:51+00:00
retg,done,2026-06-01T16:58:55+00:00
reynaldolopz,done,2026-06-01T17:00:48+00:00
rg4132,done,2026-06-01T17:01:57+00:00
riddimray,done,2026-06-01T17:03:03+00:00
ridoavdal,done,2026-06-01T17:04:07+00:00
rigzick,done,2026-06-01T17:05:21+00:00
rikkiky,done,2026-06-01T17:06:17+00:00
rima_brzk,done,2026-06-01T17:07:49+00:00
ririnotfound,done,2026-06-01T17:09:01+00:00
rithysak,done,2026-06-01T17:10:39+00:00
ritotka,done,2026-06-01T17:12:07+00:00
robbieborloo,done,2026-06-01T17:13:07+00:00
robby56,done,2026-06-01T17:14:41+00:00
rodc04,done,2026-06-01T17:15:38+00:00
rodeorodent,done,2026-06-01T17:16:45+00:00
romeyyy,done,2026-06-01T17:18:06+00:00
romy07,done,2026-06-01T17:19:27+00:00
ronny_rom,done,2026-06-01T17:20:43+00:00
ross2222,done,2026-06-01T17:22:07+00:00
rou_moon,done,2026-06-01T17:23:26+00:00
rubyboobyx,done,2026-06-01T17:24:33+00:00
rvmytxiliax,done,2026-06-01T17:26:21+00:00
ryagiz,done,2026-06-01T17:27:37+00:00
ryemc,done,2026-06-01T17:28:38+00:00
rynnigan19,done,2026-06-01T17:29:46+00:00
rysnh,done,2026-06-01T17:31:37+00:00
rzn0099,done,2026-06-01T17:32:49+00:00
s1lentmagic,done,2026-06-01T17:34:08+00:00
s1monmsplb,done,2026-06-01T17:35:43+00:00
s1ncara,done,2026-06-01T17:36:44+00:00
s4yil,done,2026-06-01T17:37:45+00:00
sabatke,done,2026-06-01T17:39:03+00:00
sacrrrebleu,done,2026-06-01T17:40:24+00:00
sadieam,done,2026-06-01T17:41:46+00:00
safia_frdx,done,2026-06-01T17:42:42+00:00
saicharan2505,done,2026-06-01T17:43:42+00:00
saito21721,done,2026-06-01T17:45:02+00:00
samarthy20,done,2026-06-02T02:23:18+00:00
sampotts23,done,2026-06-02T02:24:17+00:00
sapphiccineaste,done,2026-06-02T02:26:22+00:00
sarah_bsqts,done,2026-06-02T02:27:35+00:00
sarasplaza,done,2026-06-02T02:28:38+00:00
sareb0kyeartik,done,2026-06-02T02:29:42+00:00
sash_a,done,2026-06-02T02:30:39+00:00
sasouk,done,2026-06-02T02:31:55+00:00
savage_em,done,2026-06-02T02:33:35+00:00
savemeluna,done,2026-06-02T02:34:44+00:00
sbertozzi,done,2026-06-02T02:35:38+00:00
sbr1ss,done,2026-06-02T02:37:11+00:00
scenedy,done,2026-06-02T02:38:37+00:00
sclark111,done,2026-06-02T02:39:43+00:00
scottstraka,done,2026-06-02T02:41:12+00:00
sctrho,done,2026-06-02T02:42:11+00:00
sdfilmreviews,done,2026-06-02T02:43:31+00:00
sebaslml,done,2026-06-02T02:44:31+00:00
secondchance22,done,2026-06-02T02:45:58+00:00
seelyunii,done,2026-06-02T02:47:06+00:00
semipin,done,2026-06-02T02:48:31+00:00
serafimye,done,2026-06-02T02:49:45+00:00
sergiobeeating,done,2026-06-02T02:51:42+00:00
sevvalraenn,done,2026-06-02T02:52:58+00:00
shakarms,done,2026-06-02T02:53:59+00:00
shaquilleikneel,done,2026-06-02T02:55:14+00:00
shinysh,done,2026-06-02T02:56:24+00:00
shireboy,done,2026-06-02T02:57:50+00:00
shortking05,done,2026-06-02T02:59:09+00:00
shortyallegro,done,2026-06-02T03:00:19+00:00
shruutea,done,2026-06-02T03:01:18+00:00
shyelsingh,done,2026-06-02T03:02:22+00:00
sickflixhorror,done,2026-06-02T03:03:37+00:00
siennaxw,done,2026-06-02T03:04:37+00:00
sillymonkey7,done,2026-06-02T03:05:35+00:00
simonii,done,2026-06-02T03:07:02+00:00
simpforn4z,done,2026-06-02T03:08:08+00:00
simranjitsingh8,done,2026-06-02T03:09:28+00:00
simso,done,2026-06-02T03:10:20+00:00
sin3ad,done,2026-06-02T03:11:55+00:00
singhnavya,done,2026-06-02T03:13:11+00:00
sksoderberg,done,2026-06-02T03:14:43+00:00
skyec4m,done,2026-06-02T03:16:10+00:00
sl0tter,done,2026-06-02T03:17:19+00:00
sleutel,done,2026-06-02T03:18:36+00:00
slink321,done,2026-06-02T03:19:56+00:00
smasherl,done,2026-06-02T03:20:59+00:00
smiskiluv,done,2026-06-02T03:22:22+00:00
smnthtylr,done,2026-06-02T03:23:28+00:00
snideyboss,done,2026-06-02T03:24:32+00:00
snowyniamh,done,2026-06-02T03:25:47+00:00
soaflowersy,done,2026-06-02T03:27:03+00:00
soffne,done,2026-06-02T03:28:25+00:00
sofiath31,done,2026-06-02T03:29:32+00:00
soficloudz,done,2026-06-02T03:30:38+00:00
softaquarius,done,2026-06-02T03:31:55+00:00
sonia009,done,2026-06-02T03:32:47+00:00
sony22,done,2026-06-02T03:33:47+00:00
sophieharry,done,2026-06-02T03:35:18+00:00
sosozitass,done,2026-06-02T03:36:57+00:00
souaid,done,2026-06-02T03:37:59+00:00
spencerkephart,done,2026-06-02T03:39:30+00:00
spicathsrc,done,2026-06-02T03:40:31+00:00
spidernello,done,2026-06-02T03:41:42+00:00
spidey_44,done,2026-06-02T03:42:49+00:00
spookiestnoodle,done,2026-06-02T03:44:02+00:00
spookoku,done,2026-06-02T03:45:24+00:00
spudivy,done,2026-06-02T03:47:18+00:00
spudsbane,done,2026-06-02T03:48:12+00:00
srinidhi31,done,2026-06-02T03:49:46+00:00
st9r,done,2026-06-02T03:50:58+00:00
staerrysummi,done,2026-06-02T03:53:34+00:00
stellaria19,done,2026-06-02T03:54:59+00:00
stetayjo,done,2026-06-02T03:56:52+00:00
stickyandsweet,done,2026-06-02T03:58:15+00:00
stoleurluvxx,done,2026-06-02T03:59:22+00:00
strawberrygirl2,done,2026-06-02T04:00:38+00:00
sturrockl97,done,2026-06-02T04:01:55+00:00
suemezie,done,2026-06-02T04:03:16+00:00
sulfate,done,2026-06-02T04:04:48+00:00
sunnynagtegaal,done,2026-06-02T04:05:38+00:00
super_girl23,done,2026-06-02T04:06:41+00:00
superelss44,done,2026-06-02T04:08:00+00:00
sushibrei,done,2026-06-02T04:08:56+00:00
swagg4r,done,2026-06-02T04:10:06+00:00
swaging,done,2026-06-02T04:11:22+00:00
swaham,done,2026-06-02T04:12:17+00:00
swandove,done,2026-06-02T04:14:02+00:00
sweetgrapesxoxo,done,2026-06-02T04:15:37+00:00
syawallz,done,2026-06-02T04:17:15+00:00
sydneypoole,done,2026-06-02T04:18:23+00:00
t_x_pher,done,2026-06-02T04:19:36+00:00
takemetogerch,done,2026-06-02T04:20:59+00:00
tamamaamamam,done,2026-06-02T04:21:57+00:00
tamiarenae,done,2026-06-02T04:23:02+00:00
tannerbjobe,done,2026-06-02T04:24:37+00:00
tapanirauta,done,2026-06-02T04:25:34+00:00
tassoso,done,2026-06-02T04:26:37+00:00
tavsus,done,2026-06-02T04:27:45+00:00
tchoupinou,done,2026-06-02T04:28:46+00:00
tekirfibis,done,2026-06-02T04:30:00+00:00
tenzie1000,done,2026-06-02T04:31:16+00:00
teoomo,done,2026-06-02T04:32:23+00:00
tessasch1,done,2026-06-02T04:33:26+00:00
th0masng,done,2026-06-02T04:34:45+00:00
thatwhite,done,2026-06-02T04:35:49+00:00
the0mcd,done,2026-06-02T04:36:48+00:00
the_burnt_vape,done,2026-06-02T04:37:48+00:00
thedreamer7,done,2026-06-02T04:38:58+00:00
thefilmmaker08,done,2026-06-02T04:40:05+00:00
thegreekleader,done,2026-06-02T04:41:09+00:00
theloniusmovies,done,2026-06-02T04:42:10+00:00
thenorth18,done,2026-06-02T04:43:21+00:00
theorangeomar,done,2026-06-02T04:45:10+00:00
theresnoamrit,done,2026-06-02T04:46:15+00:00
thisisnotangel,done,2026-06-02T04:47:31+00:00
thiyab,done,2026-06-02T04:48:27+00:00
tikibar,done,2026-06-02T04:49:58+00:00
timii0,done,2026-06-02T04:51:24+00:00
timtamcakepan,done,2026-06-02T04:52:29+00:00
timtamtt,done,2026-06-02T04:53:36+00:00
tintoerprofeta,done,2026-06-02T04:54:38+00:00
tiqahh_12,done,2026-06-02T04:56:24+00:00
tite_etoile,done,2026-06-02T04:57:37+00:00
titidu67,done,2026-06-02T04:58:37+00:00
titiseen,done,2026-06-02T05:00:00+00:00
tlqkf,done,2026-06-02T05:01:12+00:00
tnrcorp,done,2026-06-02T05:02:24+00:00
toast1938s,done,2026-06-02T05:03:56+00:00
toasta_oven,done,2026-06-02T05:04:55+00:00
tomatocreature,done,2026-06-02T05:05:59+00:00
tonyavila,done,2026-06-02T05:07:26+00:00
tortade_jamon,done,2026-06-02T05:08:23+00:00
treedunk,done,2026-06-02T05:09:31+00:00
trentmassey,done,2026-06-02T05:10:43+00:00
trevorgranfors,done,2026-06-02T05:12:02+00:00
treynightingale,done,2026-06-02T05:13:07+00:00
tricycloplot,done,2026-06-02T05:14:17+00:00
tunakuyucu,done,2026-06-02T05:15:20+00:00
turtoggle,done,2026-06-02T05:16:37+00:00
tylerbrooks1404,done,2026-06-02T05:17:36+00:00
tylertmoon,done,2026-06-02T05:19:10+00:00
uamjajan,done,2026-06-02T05:20:07+00:00
ubaldoo,done,2026-06-02T05:21:31+00:00
uckbeyza,done,2026-06-02T05:22:32+00:00
udayan_rai,done,2026-06-02T05:23:35+00:00
umeboshi09,done,2026-06-02T05:25:05+00:00
unfamiliarangel,done,2026-06-02T05:26:12+00:00
unyuh,done,2026-06-02T05:27:11+00:00
urasian,done,2026-06-02T05:28:30+00:00
userpriv3,done,2026-06-02T05:29:34+00:00
utkq1,done,2026-06-02T05:30:32+00:00
uyeohp,done,2026-06-02T05:31:37+00:00
v3delatorre,done,2026-06-02T05:32:37+00:00
vadjo12,done,2026-06-02T05:33:36+00:00
valbebt,done,2026-06-02T05:34:37+00:00
valpham,done,2026-06-02T05:35:40+00:00
vampbleeding,done,2026-06-02T05:36:50+00:00
vanilleboulet,done,2026-06-02T05:37:53+00:00
varnachandar,done,2026-06-02T05:38:55+00:00
vash_exe,done,2026-06-02T05:40:08+00:00
veronicadark,done,2026-06-02T05:41:42+00:00
vickzinhawinxx,done,2026-06-02T05:42:54+00:00
victorromano,done,2026-06-02T05:44:28+00:00
vierosemtz5,done,2026-06-02T05:45:44+00:00
villa7l,done,2026-06-02T05:46:39+00:00
villixl,done,2026-06-02T05:47:50+00:00
virijim,done,2026-06-02T05:48:55+00:00
viv1an,done,2026-06-02T05:50:34+00:00
viveriss,done,2026-06-02T05:51:38+00:00
voiceoffcamera,done,2026-06-02T05:53:04+00:00
voodoovult,done,2026-06-02T05:54:12+00:00
vsambrano,done,2026-06-02T05:55:20+00:00
wadoohas,done,2026-06-02T05:56:28+00:00
walnutlemon5840,done,2026-06-02T05:57:38+00:00
waltzincat,done,2026-06-02T05:58:42+00:00
waskam65,done,2026-06-02T05:59:54+00:00
wassupdangerr,done,2026-06-02T06:01:08+00:00
waterbaboon,done,2026-06-02T06:02:35+00:00
weevil_knievel,done,2026-06-02T06:03:51+00:00
wesnirgen,done,2026-06-02T06:04:47+00:00
wetbeanburrito,done,2026-06-02T06:06:14+00:00
whatfox,done,2026-06-02T06:07:30+00:00
whootfisshira,done,2026-06-02T06:09:11+00:00
whyisshewatchin,done,2026-06-02T06:10:11+00:00
whyuareii,done,2026-06-02T06:11:17+00:00
wildbreakfilm,done,2026-06-02T06:12:28+00:00
willkish2006,done,2026-06-02T06:13:24+00:00
withesiuol,done,2026-06-02T06:14:43+00:00
wonder_lander,done,2026-06-02T06:16:09+00:00
wonderland8,done,2026-06-02T06:17:22+00:00
woonbyo,done,2026-06-02T06:18:59+00:00
wrdhna,done,2026-06-02T06:20:03+00:00
xavou,done,2026-06-02T06:21:18+00:00
xellosss,done,2026-06-02T06:22:24+00:00
xian_dorian,done,2026-06-02T06:23:53+00:00
xinn,done,2026-06-02T06:25:09+00:00
xnabi,done,2026-06-02T06:26:03+00:00
xo_eeri,done,2026-06-02T06:27:16+00:00
xopriito,done,2026-06-02T06:28:42+00:00
xoxiec,done,2026-06-02T06:30:10+00:00
xtragicianxxx,done,2026-06-02T06:31:15+00:00
xylll,done,2026-06-02T06:32:33+00:00
yaaawm_ie,done,2026-06-02T06:33:42+00:00
yakitsu,done,2026-06-02T06:34:50+00:00
yerbalinaa,done,2026-06-02T06:35:53+00:00
ymnsd,done,2026-06-02T06:37:10+00:00
yordanos06,done,2026-06-02T06:38:09+00:00
yousefito,done,2026-06-02T06:39:30+00:00
yuhay,done,2026-06-02T06:40:51+00:00
yulioolibooli,done,2026-06-02T06:42:00+00:00
yuliskittles,done,2026-06-02T06:43:22+00:00
yune_sanz,done,2026-06-02T06:44:19+00:00
yupi14ih,done,2026-06-02T06:45:30+00:00
yuyumovies,done,2026-06-02T06:46:30+00:00
yvonne_gold,done,2026-06-02T06:48:00+00:00
yzabellisima,done,2026-06-02T06:49:12+00:00
z0mbre,done,2026-06-02T06:50:21+00:00
zaheenh,done,2026-06-02T06:51:48+00:00
zaishahamid,done,2026-06-02T06:52:56+00:00
zannires,done,2026-06-02T06:54:08+00:00
zarakiel_,done,2026-06-02T06:55:27+00:00
zaxary,done,2026-06-02T06:57:09+00:00
zayntr,done,2026-06-02T06:58:17+00:00
zelfilms,done,2026-06-02T06:59:35+00:00
zerolcamb,done,2026-06-02T07:01:03+00:00
zeynep417,done,2026-06-02T07:02:12+00:00
zeynep_tk,done,2026-06-02T07:03:22+00:00
zgjalien12,done,2026-06-02T07:04:37+00:00
ziamlarry,done,2026-06-02T07:06:03+00:00
zniv12,done,2026-06-02T07:07:24+00:00
zofi_tortilia,done,2026-06-02T07:08:57+00:00
zorgon__,done,2026-06-02T07:10:30+00:00
zoshka,done,2026-06-02T07:11:38+00:00
zsairqh,done,2026-06-02T07:13:09+00:00
zuhair__,done,2026-06-02T07:14:10+00:00
zumrutqzra,done,2026-06-02T07:15:32+00:00
zxsiac,done,2026-06-02T07:16:39+00:00
dave,done,2026-06-02T07:18:34+00:00
karsten,done,2026-06-02T07:20:14+00:00
brat,done,2026-06-02T07:22:12+00:00
lucy,done,2026-06-02T07:23:24+00:00
maria,done,2026-06-02T07:24:28+00:00
jack,done,2026-06-02T07:26:06+00:00
michael,done,2026-06-02T07:27:52+00:00
sarah,done,2026-06-02T07:29:22+00:00
josh,done,2026-06-02T07:30:34+00:00
emma,done,2026-06-02T07:31:50+00:00
daniel,done,2026-06-02T07:33:08+00:00
alex,done,2026-06-02T07:34:41+00:00
sam,done,2026-06-02T07:36:12+00:00
max,done,2026-06-02T07:37:42+00:00
anna,done,2026-06-02T07:39:13+00:00
matthew,done,2026-06-02T07:40:35+00:00
laura,done,2026-06-02T07:41:32+00:00
ben,done,2026-06-02T07:42:52+00:00
nathan,done,2026-06-02T07:45:01+00:00
george,done,2026-06-02T07:46:07+00:00
helen,done,2026-06-02T07:48:00+00:00
chris,done,2026-06-02T07:49:07+00:00
james,done,2026-06-02T07:50:06+00:00
will,done,2026-06-02T07:51:54+00:00
tom,done,2026-06-02T07:53:35+00:00
oliver,done,2026-06-02T07:54:32+00:00
nick,done,2026-06-02T07:56:05+00:00
kate,done,2026-06-02T07:57:47+00:00
amy,done,2026-06-02T07:58:58+00:00
paul,done,2026-06-02T07:59:57+00:00
devstarman,done,2026-06-02T08:21:52+00:00
misterminsoo,done,2026-06-02T08:23:57+00:00
brantovich,done,2026-06-02T08:25:46+00:00
msicism,done,2026-06-02T08:27:39+00:00
kevin_89,done,2026-06-02T08:29:38+00:00
afields9,done,2026-06-02T08:31:16+00:00
reichardtfan,done,2026-06-02T08:33:10+00:00
capfly,done,2026-06-02T08:35:13+00:00
spacefeline,done,2026-06-02T08:36:30+00:00
dinnertimelive,done,2026-06-02T08:38:20+00:00
becauseisortof,done,2026-06-02T08:40:17+00:00
glittergrrlll,done,2026-06-02T08:42:13+00:00
wkiirl,invalid,2026-06-02T11:30:14+00:00
charliekirk11,invalid,2026-06-02T11:30:19+00:00
condog13,invalid,2026-06-02T11:30:23+00:00
gracebrown333,invalid,2026-06-02T11:30:27+00:00
hunabkub,invalid,2026-06-02T11:30:32+00:00
khakkako,invalid,2026-06-02T11:30:41+00:00
melomdrs,invalid,2026-06-02T11:30:46+00:00
peyindis_jawn,invalid,2026-06-02T11:30:52+00:00
veegbr,invalid,2026-06-02T11:30:56+00:00
mcsaggypants,done,2026-06-05T17:00:50+00:00
samuelchappell,done,2026-06-05T17:01:59+00:00
mkhclvr127,done,2026-06-05T17:03:21+00:00
babah_tundeh,done,2026-06-05T17:04:40+00:00
eleachr,done,2026-06-05T17:06:00+00:00
highfire,done,2026-06-05T17:07:13+00:00
iiga24,done,2026-06-05T17:08:35+00:00
guiperes,done,2026-06-05T17:09:49+00:00
newjr,done,2026-06-05T17:11:09+00:00
5hunn0,done,2026-06-05T17:12:30+00:00
a222a,done,2026-06-05T17:13:54+00:00
hrishabh03,done,2026-06-05T17:14:47+00:00
andaaelena,done,2026-06-05T17:15:33+00:00
deng123x,done,2026-06-05T17:16:19+00:00
flagelbagel,done,2026-06-05T17:17:08+00:00
isnosalt,done,2026-06-05T17:18:02+00:00
cultured_pear,done,2026-06-05T17:18:49+00:00
leedaegn,done,2026-06-05T17:19:32+00:00
shokoofeh96,done,2026-06-05T17:20:17+00:00
emzyxc,done,2026-06-05T17:21:00+00:00
mainegabre,done,2026-06-05T17:21:49+00:00
emilym1993,done,2026-06-05T17:22:38+00:00
plavsa01,done,2026-06-05T17:23:33+00:00
puzzelaere,done,2026-06-05T17:24:27+00:00
roromainmain,done,2026-06-05T17:25:11+00:00
zanderrm01,done,2026-06-05T17:25:55+00:00
ben1906,done,2026-06-05T17:26:41+00:00
comeeeeeeeee,done,2026-06-05T17:27:29+00:00
hot_shabolda,done,2026-06-05T17:28:15+00:00
mabel_syrup96,done,2026-06-05T17:28:59+00:00
mikailasada,done,2026-06-05T17:29:58+00:00
milkje,done,2026-06-05T17:30:47+00:00
omaribtesam,done,2026-06-05T17:31:42+00:00
sausyy,done,2026-06-05T17:32:31+00:00
carrollreid,done,2026-06-05T17:33:19+00:00
canyarrak,done,2026-06-05T17:34:07+00:00
beakah,done,2026-06-05T17:34:51+00:00
petitegoyave,done,2026-06-05T17:35:29+00:00
e137_l,done,2026-06-05T17:36:18+00:00
sisypheharbour,done,2026-06-05T17:37:08+00:00
turzotojo,done,2026-06-05T17:37:55+00:00
bhavnapalli,done,2026-06-05T17:38:47+00:00
efflam0,done,2026-06-05T17:39:28+00:00
m4n0n_08,done,2026-06-05T17:40:14+00:00
oslo_you,done,2026-06-05T17:41:00+00:00
puesdiego,done,2026-06-05T17:41:54+00:00
ricardosampaio,done,2026-06-05T17:42:37+00:00
tizzertu,done,2026-06-05T17:43:29+00:00
tuzzy123,done,2026-06-05T17:44:15+00:00
massone13,done,2026-06-05T17:45:10+00:00
pavss11,done,2026-06-05T17:45:56+00:00
tnt31,done,2026-06-05T17:46:42+00:00
dadoorknob,done,2026-06-05T17:47:27+00:00
ethanchas3,done,2026-06-05T17:48:12+00:00
grynkorv,done,2026-06-05T17:48:57+00:00
ihoffman26,done,2026-06-05T17:52:05+00:00
runarlikerfilm,done,2026-06-05T17:52:28+00:00
hster,done,2026-06-05T17:52:52+00:00
lisalisa2000g,done,2026-06-05T17:53:13+00:00
muradvell,done,2026-06-05T17:53:36+00:00
subysarchive,done,2026-06-05T17:53:59+00:00
1ai,done,2026-06-05T17:54:26+00:00
hariom369,done,2026-06-05T17:55:00+00:00
ivyw09,done,2026-06-05T17:55:23+00:00
jacywilliamson,done,2026-06-05T17:55:45+00:00
katarozsa,done,2026-06-05T17:56:09+00:00
mandalorian1234,done,2026-06-05T17:56:31+00:00
cinephile799,done,2026-06-05T17:56:55+00:00
clarence0903,done,2026-06-05T17:57:17+00:00
iah_25,done,2026-06-05T17:57:40+00:00
ifleckles,done,2026-06-05T17:58:07+00:00
lukas187,done,2026-06-05T17:58:27+00:00
schateau,done,2026-06-05T17:58:54+00:00
snortingmedia,done,2026-06-05T17:59:19+00:00
vaishnav1160,done,2026-06-05T17:59:45+00:00
wusac,done,2026-06-05T18:00:12+00:00
camille_chffr,done,2026-06-05T18:00:34+00:00
creawen,done,2026-06-05T18:00:59+00:00
egldd12,done,2026-06-05T18:01:21+00:00
landarapisore,done,2026-06-05T18:01:44+00:00
moure1991,done,2026-06-05T18:02:10+00:00
pernillec,done,2026-06-05T18:02:31+00:00
chiara2006z,done,2026-06-05T18:02:55+00:00
chiefluke,done,2026-06-05T18:03:15+00:00
naser_issa,done,2026-06-05T18:03:38+00:00
palehpi,done,2026-06-05T18:04:03+00:00
popcorntourist,done,2026-06-05T18:04:30+00:00
ayeimwalkinere,done,2026-06-05T18:04:59+00:00
farzan3,done,2026-06-05T18:05:23+00:00
minoltium,done,2026-06-05T18:05:46+00:00
nocturnedollx,done,2026-06-05T18:06:11+00:00
santoshstalin,done,2026-06-05T18:06:34+00:00
tommyahumada,done,2026-06-05T18:07:01+00:00
vdhamija92,done,2026-06-05T18:07:26+00:00
yashnaik426,done,2026-06-05T18:07:54+00:00
andgilz,done,2026-06-05T18:08:17+00:00
coolacoolguy,done,2026-06-05T18:08:43+00:00
gal12345,done,2026-06-05T18:09:08+00:00
hoebbit,done,2026-06-05T18:09:30+00:00
karatejuice,done,2026-06-05T18:09:54+00:00
lounotyourlou,done,2026-06-05T18:10:20+00:00
marcorenz,done,2026-06-05T18:10:46+00:00
ohioooooo123,done,2026-06-05T18:11:09+00:00
valadrius,done,2026-06-05T18:11:34+00:00
zainalio,done,2026-06-05T18:11:59+00:00
belereon,done,2026-06-05T18:12:20+00:00
bgplmta,done,2026-06-05T18:12:42+00:00
canadianblt,done,2026-06-05T18:13:01+00:00
julianmeyer,done,2026-06-05T18:13:23+00:00
kynuji,done,2026-06-05T18:13:47+00:00
lschilt,done,2026-06-05T18:14:08+00:00
mekmcmissile,done,2026-06-05T18:14:33+00:00
n_mahmoudkkk,done,2026-06-05T18:15:01+00:00
patya13,done,2026-06-05T18:15:25+00:00
sayif123,done,2026-06-05T18:15:49+00:00
va1ent1na,done,2026-06-05T18:16:13+00:00
aydeniz34,done,2026-06-05T18:16:35+00:00
bernalandre,done,2026-06-05T18:16:58+00:00
fcai89,done,2026-06-05T18:17:19+00:00
flower45g,done,2026-06-05T18:17:44+00:00
iukeholloway,done,2026-06-05T18:18:08+00:00
kasmaskas,done,2026-06-05T18:18:33+00:00
miurolo,done,2026-06-05T18:18:57+00:00
wazzu777,done,2026-06-05T18:19:20+00:00
darkestchapters,done,2026-06-05T18:19:47+00:00
eleonoragaio,done,2026-06-05T18:20:17+00:00
kiravalerija,done,2026-06-05T18:20:39+00:00
krovstein,done,2026-06-05T18:21:03+00:00
leahxb,done,2026-06-05T18:21:28+00:00
malo_1996,done,2026-06-05T18:21:52+00:00
misinwonderland,done,2026-06-05T18:22:18+00:00
niels_durden,done,2026-06-05T18:22:40+00:00
palme10,done,2026-06-05T18:23:07+00:00
sithwatchess,done,2026-06-05T18:23:32+00:00
thodsmith,done,2026-06-05T18:23:57+00:00
_y13o,done,2026-06-05T18:24:23+00:00
antoniogonzz,done,2026-06-05T18:24:47+00:00
butterpop99,done,2026-06-05T18:25:10+00:00
damnnn77,done,2026-06-05T18:25:36+00:00
hannibl,done,2026-06-05T18:26:07+00:00
icedcoffei,done,2026-06-05T18:26:31+00:00
kikiccait,done,2026-06-05T18:26:54+00:00
lopyo,done,2026-06-05T18:27:20+00:00
menhirerudit,done,2026-06-05T18:27:49+00:00
paapaamerado,done,2026-06-05T18:28:12+00:00
sirburnsalot85,done,2026-06-05T18:28:37+00:00
adamkbt,done,2026-06-05T18:28:58+00:00
annaffe,done,2026-06-05T18:29:21+00:00
arigatolive,done,2026-06-05T18:29:47+00:00
bryan_withawhy,done,2026-06-05T18:30:12+00:00
bumahhh,done,2026-06-05T18:30:36+00:00
delrasso,done,2026-06-05T18:31:01+00:00
elena017,done,2026-06-05T18:31:27+00:00
gijadz,done,2026-06-05T18:31:49+00:00
isma37,done,2026-06-05T18:32:20+00:00
jackysaurus,done,2026-06-05T18:32:46+00:00
jhanna2006,done,2026-06-05T18:33:08+00:00
jlugarcia,done,2026-06-05T18:33:38+00:00
lachlanholston,done,2026-06-05T18:34:03+00:00
mihaelsebastien,done,2026-06-05T18:34:27+00:00
neptune1s5,done,2026-06-05T18:50:33+00:00
osvaldosx5,done,2026-06-05T18:50:55+00:00
schnuzbart,done,2026-06-05T18:51:17+00:00
vanessouu,done,2026-06-05T18:51:42+00:00
vickyvnnn,done,2026-06-05T18:52:06+00:00
7y1,done,2026-06-05T18:52:36+00:00
aarraayyii,done,2026-06-05T18:53:05+00:00
alizspw97,done,2026-06-05T18:53:34+00:00
becreece,done,2026-06-05T18:54:00+00:00
bgec_,done,2026-06-05T18:54:25+00:00
cebrailka,done,2026-06-05T18:54:51+00:00
czarna_,done,2026-06-05T18:55:17+00:00
diyayayay0710,done,2026-06-05T18:55:40+00:00
gahcmereki,done,2026-06-05T18:56:05+00:00
gerge0fthejungl,done,2026-06-05T18:56:30+00:00
herwjne,done,2026-06-05T18:56:57+00:00
islacalexa,done,2026-06-05T18:57:20+00:00
jojo_grace,done,2026-06-05T18:57:43+00:00
lydda,done,2026-06-05T18:58:08+00:00
maciekzombie17,done,2026-06-05T18:58:32+00:00
maevemmn,done,2026-06-05T18:58:59+00:00
notbebra,done,2026-06-05T18:59:21+00:00
sessveri,done,2026-06-05T18:59:43+00:00
urtytceik,done,2026-06-05T19:00:11+00:00
7776,done,2026-06-05T19:00:43+00:00
7rio,done,2026-06-05T19:01:13+00:00
_hussy,done,2026-06-05T19:01:40+00:00
byzzar7,done,2026-06-05T19:02:08+00:00
emooompaloompa,done,2026-06-05T19:02:46+00:00
galacticshark94,done,2026-06-05T19:03:08+00:00
gbel_223_,done,2026-06-05T19:03:37+00:00
henryphan789,done,2026-06-05T19:04:04+00:00
iurey0_,done,2026-06-05T19:04:30+00:00
krankjunkyard,done,2026-06-05T19:04:53+00:00
libaaaaan,done,2026-06-05T19:05:17+00:00
luisreyeros,done,2026-06-05T19:06:06+00:00
mjoln1r,done,2026-06-05T19:06:18+00:00
mortuaryg1rl,done,2026-06-05T19:06:31+00:00
myricaei,done,2026-06-05T19:06:42+00:00
portokas,done,2026-06-05T19:06:52+00:00
rawlog,done,2026-06-05T19:07:07+00:00
shivamk1,done,2026-06-05T19:07:18+00:00
waldonjohn,done,2026-06-05T19:07:29+00:00
watchedbygcmo,done,2026-06-05T19:07:39+00:00
xoxoluvvv,done,2026-06-05T19:07:49+00:00
avtrocity88,done,2026-06-05T19:08:06+00:00
brie_apollo,done,2026-06-05T19:08:16+00:00
castleguards,done,2026-06-05T19:08:29+00:00
celene_mene,done,2026-06-05T19:08:43+00:00
emersonnnd14,done,2026-06-05T19:08:55+00:00
hattieyoungg,done,2026-06-05T19:09:10+00:00
heidipeidi09,done,2026-06-05T19:09:21+00:00
junywuny,done,2026-06-05T19:09:33+00:00
kazuma_hysteria,done,2026-06-05T19:09:44+00:00
lazilyvibed,done,2026-06-05T19:09:57+00:00
leonhoppe,done,2026-06-05T19:10:11+00:00
luap_01t,done,2026-06-05T19:10:23+00:00
paulaaxoxo,done,2026-06-05T19:10:37+00:00
poojx_10,done,2026-06-05T19:10:49+00:00
ranatawfik777,done,2026-06-05T19:11:02+00:00
rooosterrr,done,2026-06-05T19:12:01+00:00
rrwnzs,done,2026-06-05T19:12:11+00:00
settsu,done,2026-06-05T19:12:22+00:00
sonrico,done,2026-06-05T19:12:33+00:00
alpiskii,done,2026-06-05T19:12:45+00:00
andre0_9__,done,2026-06-05T19:13:00+00:00
av5ker,done,2026-06-05T19:13:12+00:00
berramos,done,2026-06-05T19:13:23+00:00
bigsillygoose,done,2026-06-05T19:13:35+00:00
cabbitt,done,2026-06-05T19:13:46+00:00
dzzekob,done,2026-06-05T19:14:00+00:00
elegan,done,2026-06-05T19:14:13+00:00
eugenialoves,done,2026-06-05T19:14:25+00:00
fayeisgone,done,2026-06-05T19:14:38+00:00
fy4rc,done,2026-06-05T19:14:49+00:00
ghost1995,done,2026-06-05T19:15:02+00:00
grimandgrime,done,2026-06-05T19:15:13+00:00
jenn555,done,2026-06-05T19:15:24+00:00
juststop7,done,2026-06-05T19:15:35+00:00
ketanbothra,done,2026-06-05T19:15:48+00:00
kkarambaa,done,2026-06-05T19:16:02+00:00
marysoss,done,2026-06-05T19:16:14+00:00
mikyterzi,done,2026-06-05T19:16:26+00:00
nemethisz,done,2026-06-05T19:16:37+00:00
ramennuudls,done,2026-06-05T19:16:49+00:00
rickyfromzimbab,done,2026-06-05T19:17:03+00:00
robbe123456,done,2026-06-05T19:17:16+00:00
roeagan,done,2026-06-05T19:17:29+00:00
ruplo13,done,2026-06-05T19:17:40+00:00
rziemba17,done,2026-06-05T19:17:53+00:00
sandpenguin,done,2026-06-05T19:18:09+00:00
serdar75,done,2026-06-05T19:18:21+00:00
sirhisyam,done,2026-06-05T19:18:32+00:00
0s77w,done,2026-06-05T19:18:43+00:00
_ohhellnahh_,done,2026-06-05T19:18:55+00:00
adritorre,done,2026-06-05T19:19:09+00:00
alegutz,done,2026-06-05T19:19:20+00:00
alice7oo,done,2026-06-05T19:19:32+00:00
amira49,done,2026-06-05T19:19:42+00:00
avaha,done,2026-06-05T19:19:56+00:00
bettyyzurzi,done,2026-06-05T19:20:08+00:00
catefari,done,2026-06-05T19:20:19+00:00
celiagabrr,done,2026-06-05T19:20:32+00:00
comboz_8,done,2026-06-05T19:20:45+00:00
evannjzz,done,2026-06-05T19:20:59+00:00
femboylvr67,done,2026-06-05T19:21:10+00:00
frrreak,done,2026-06-05T19:21:24+00:00
gabimolina,done,2026-06-05T19:21:37+00:00
izle008,done,2026-06-05T19:21:48+00:00
jmb153,done,2026-06-05T19:22:02+00:00
joywmar,done,2026-06-05T19:22:17+00:00
k3ll33,done,2026-06-05T19:22:33+00:00
laurafantasia,done,2026-06-05T19:22:47+00:00
liampiee,done,2026-06-05T19:22:58+00:00
lik_kq,done,2026-06-05T19:23:13+00:00
merypies,done,2026-06-05T19:23:25+00:00
morganntheps,done,2026-06-05T19:23:35+00:00
musli_,done,2026-06-05T19:23:48+00:00
nevidomyi,done,2026-06-05T19:23:59+00:00
oliviator2000,done,2026-06-05T19:24:14+00:00
overlordinc,done,2026-06-05T19:24:26+00:00
peruanizada,done,2026-06-05T19:24:43+00:00
soulelric,done,2026-06-05T19:24:56+00:00
webshootr,done,2026-06-05T19:25:12+00:00
whocaresyoudo,done,2026-06-05T19:25:29+00:00
willstone019,done,2026-06-05T19:25:39+00:00
wprk,done,2026-06-05T19:25:53+00:00
anais_llps,done,2026-06-05T19:26:09+00:00
ashleighbull,done,2026-06-05T19:26:21+00:00
bryan_lnht,done,2026-06-05T19:26:36+00:00
camiilena,done,2026-06-05T19:26:49+00:00
gewel,done,2026-06-05T19:27:02+00:00
godzillak10k,done,2026-06-05T19:27:13+00:00
harshiv1606,done,2026-06-05T19:27:27+00:00
haysbow,done,2026-06-05T19:27:41+00:00
huugaaliitoo,done,2026-06-05T19:27:51+00:00
jaidy007,done,2026-06-05T19:28:03+00:00
josmfred,done,2026-06-05T19:28:16+00:00
joudy_rv,done,2026-06-05T19:28:26+00:00
julyxzs,done,2026-06-05T19:28:41+00:00
kalikitsune,done,2026-06-05T19:28:57+00:00
kandibangz,done,2026-06-05T19:29:09+00:00
kurpluhnk,done,2026-06-05T19:29:21+00:00
lakhshi,done,2026-06-05T19:29:34+00:00
lamamuang,done,2026-06-05T19:29:48+00:00
ldss21,done,2026-06-05T19:30:01+00:00
maltefelix,done,2026-06-05T19:30:13+00:00
matejk,done,2026-06-05T19:30:26+00:00
mougwyn,done,2026-06-05T19:30:40+00:00
movi3slut,done,2026-06-05T19:30:55+00:00
moviedovio,done,2026-06-05T19:31:06+00:00
nicolas_37,done,2026-06-05T19:31:17+00:00
nishal3,done,2026-06-05T19:31:28+00:00
nole1,done,2026-06-05T19:31:39+00:00
nud3lz,done,2026-06-05T19:32:01+00:00
obonobbi,done,2026-06-05T19:32:18+00:00
ojodalcon16,done,2026-06-05T19:32:36+00:00
olaamigos315,done,2026-06-05T19:32:50+00:00
olivialiv21,done,2026-06-05T19:33:04+00:00
pigjimbles,done,2026-06-05T19:33:17+00:00
pinwin0,done,2026-06-05T19:33:27+00:00
simply_daisy,done,2026-06-05T19:33:38+00:00
skysterr,done,2026-06-05T19:33:51+00:00
susigarciaaa,done,2026-06-05T19:34:03+00:00
wktor,done,2026-06-05T19:34:16+00:00
_jazzzy_,done,2026-06-05T19:34:29+00:00
atze_schroeder,done,2026-06-05T19:34:40+00:00
bltuxontheflux,done,2026-06-05T19:34:51+00:00
bryanleman,done,2026-06-05T19:35:03+00:00
chitwan04,done,2026-06-05T19:35:17+00:00
cmrn05,done,2026-06-05T19:35:31+00:00
dipankar2007,done,2026-06-05T19:35:45+00:00
elisachristoph,done,2026-06-05T19:35:58+00:00
emolywdt,done,2026-06-05T19:36:10+00:00
fragris8,done,2026-06-05T19:36:25+00:00
frosty37,done,2026-06-05T19:36:39+00:00
grsshjjgdshhh,done,2026-06-05T19:36:49+00:00
harlowrosee,done,2026-06-05T19:37:04+00:00
hec152,done,2026-06-05T19:37:17+00:00
ibralovescinema,done,2026-06-05T19:37:34+00:00
jadessspace,done,2026-06-05T19:37:47+00:00
jettdmc,done,2026-06-05T19:38:00+00:00
ks_bby,done,2026-06-05T19:38:13+00:00
m14ps,done,2026-06-05T19:38:29+00:00
mellem9,done,2026-06-05T19:38:44+00:00
miques8,done,2026-06-05T19:38:59+00:00
mustafak11an,done,2026-06-05T19:39:11+00:00
nadawahba__,done,2026-06-05T19:39:25+00:00
naw_af,done,2026-06-05T19:39:39+00:00
nub_ia,done,2026-06-05T19:39:55+00:00
o_moi,done,2026-06-05T19:40:07+00:00
oblako_8,done,2026-06-05T19:40:19+00:00
p3nny_l4,done,2026-06-05T19:40:30+00:00
pepperonipzza,done,2026-06-05T19:40:42+00:00
rubenskii,done,2026-06-05T19:40:56+00:00
savisavi,done,2026-06-05T19:41:09+00:00
scarlifol,done,2026-06-05T19:41:20+00:00
uhhlexus,done,2026-06-05T19:41:32+00:00
3li94h,done,2026-06-05T19:41:47+00:00
_samil_,done,2026-06-05T19:42:02+00:00
anittt1,done,2026-06-05T19:42:14+00:00
ashwani_jojo,done,2026-06-05T19:42:25+00:00
barissahinnn,done,2026-06-05T19:42:35+00:00
bautistagreco,done,2026-06-05T19:42:49+00:00
brianac7,done,2026-06-05T19:43:05+00:00
chris_sharade,done,2026-06-05T19:43:18+00:00
damedo11a,done,2026-06-05T19:43:29+00:00
hagaw,done,2026-06-05T19:43:39+00:00
inchdent,done,2026-06-05T19:43:51+00:00
iolxip,done,2026-06-05T19:44:07+00:00
jiwonis,done,2026-06-05T19:44:19+00:00
jslaureano,done,2026-06-05T19:44:30+00:00
ko0ky,done,2026-06-05T19:44:45+00:00
lefteris101,done,2026-06-05T19:44:56+00:00
loganfilmkijker,done,2026-06-05T19:45:10+00:00
love_daniela,done,2026-06-05T19:45:20+00:00
matintoaravena,done,2026-06-05T19:45:32+00:00
miaqquan,done,2026-06-05T19:45:44+00:00
michealtheshed,done,2026-06-05T19:45:55+00:00
moe_san,done,2026-06-05T19:46:11+00:00
msbombastic,done,2026-06-05T19:46:24+00:00
obsession_fan,done,2026-06-05T19:46:37+00:00
pauu777,done,2026-06-05T19:46:49+00:00
puk602,done,2026-06-05T19:46:59+00:00
samarthya04,done,2026-06-05T19:47:12+00:00
samfromthewest,done,2026-06-05T19:47:24+00:00
shivadhanya,done,2026-06-05T19:47:34+00:00
snooopsicle,done,2026-06-05T19:47:46+00:00
sophsmiimis,done,2026-06-05T19:47:58+00:00
stonerigney,done,2026-06-05T19:48:13+00:00
sunnerwalker,done,2026-06-05T19:48:26+00:00
swiftyemi,done,2026-06-05T19:48:38+00:00
synthpunkslvt,done,2026-06-05T19:48:50+00:00
totallyhollis,done,2026-06-05T19:49:03+00:00
universaholic,done,2026-06-05T19:49:18+00:00
v4lntyne,done,2026-06-05T19:49:30+00:00
warmenudelsuppe,done,2026-06-05T19:49:44+00:00
wheat_5,done,2026-06-05T19:49:54+00:00
willhelm123,done,2026-06-05T19:50:06+00:00
abdulsalam9,done,2026-06-05T19:50:20+00:00
adrianpx,done,2026-06-05T19:50:32+00:00
alecchka,done,2026-06-05T19:50:43+00:00
alsaedwy,done,2026-06-05T19:50:55+00:00
anezu12,done,2026-06-05T19:51:07+00:00
anniebee23,done,2026-06-05T19:51:22+00:00
arcthy,done,2026-06-05T19:51:34+00:00
arctic07,done,2026-06-05T19:51:46+00:00
bambak322,done,2026-06-05T19:51:57+00:00
camille_lerouge,done,2026-06-05T19:52:14+00:00
chayadc,done,2026-06-05T19:52:27+00:00
chayennomitai,done,2026-06-05T19:52:41+00:00
ellisman,done,2026-06-05T19:52:51+00:00
ellyinashelly,done,2026-06-05T19:53:06+00:00
epsteinscully20,done,2026-06-05T19:53:19+00:00
gatoride,done,2026-06-05T19:53:34+00:00
ggpragyaa,done,2026-06-05T19:53:47+00:00
hamoviemaster,done,2026-06-05T19:54:00+00:00
jacksackphd,done,2026-06-05T19:54:17+00:00
jacksonkingg,done,2026-06-05T19:54:29+00:00
jaedmojica,done,2026-06-05T19:54:43+00:00
jeanne3009,done,2026-06-05T19:54:57+00:00
joana707,done,2026-06-05T19:55:10+00:00
julie_stvs,done,2026-06-05T19:55:23+00:00
justalittlejinx,done,2026-06-05T19:55:35+00:00
kaylaanne206,done,2026-06-05T19:55:50+00:00
kindregardselle,done,2026-06-05T19:56:02+00:00
levinpablo,done,2026-06-05T19:56:14+00:00
lkshmn,done,2026-06-05T19:56:28+00:00
mattywiddafatty,done,2026-06-05T19:56:44+00:00
mayatenzer,done,2026-06-05T19:56:57+00:00
mjcassa,done,2026-06-05T19:57:09+00:00
mohs_en_scene,done,2026-06-05T19:57:21+00:00
paugbrt,done,2026-06-05T19:57:34+00:00
ryguyondemand,done,2026-06-05T19:57:48+00:00
sabreenjean,done,2026-06-05T19:58:05+00:00
saynobmore,done,2026-06-05T19:58:14+00:00
skytor121,done,2026-06-05T19:58:25+00:00
snailsta,done,2026-06-05T19:58:38+00:00
stefke_film23,done,2026-06-05T19:58:50+00:00
stella_0,done,2026-06-05T19:59:10+00:00
sugarhillchick,done,2026-06-05T19:59:23+00:00
thefanum,done,2026-06-05T19:59:34+00:00
tildabuilder,done,2026-06-05T19:59:47+00:00
vesper323,done,2026-06-05T19:59:58+00:00
victor_nv,done,2026-06-05T20:00:11+00:00
watchdog_44,done,2026-06-05T20:00:25+00:00
ybgdavy,done,2026-06-05T20:00:38+00:00
yosiw71,done,2026-06-05T20:00:55+00:00
abbbby9,done,2026-06-05T20:01:08+00:00
adamm1sz,done,2026-06-05T20:01:21+00:00
agnes3670,done,2026-06-05T20:01:31+00:00
aidenkim59,done,2026-06-05T20:01:43+00:00
alikordv,done,2026-06-05T20:01:58+00:00
americaa07,done,2026-06-05T20:02:09+00:00
andreazapata,done,2026-06-05T20:02:26+00:00
andrii_galynin,done,2026-06-05T20:02:41+00:00
anna972,done,2026-06-05T20:02:56+00:00
beckettgtolley,done,2026-06-05T20:03:12+00:00
charliele2008,done,2026-06-05T20:03:23+00:00
connordiamandis,done,2026-06-05T20:03:46+00:00
conquest__,done,2026-06-05T20:03:59+00:00
dragzelionzy,done,2026-06-05T20:04:12+00:00
dugganjer,done,2026-06-05T20:04:24+00:00
em09mi,done,2026-06-05T20:04:36+00:00
emja14,done,2026-06-05T20:04:52+00:00
fra_cavotts,done,2026-06-05T20:05:04+00:00
hollandt94,done,2026-06-05T20:05:15+00:00
hongkyungs,done,2026-06-05T20:05:29+00:00
hopeshivani,done,2026-06-05T20:05:42+00:00
htulix,done,2026-06-05T20:05:59+00:00
ilyadmitrenko13,done,2026-06-05T20:06:10+00:00
iuliuscaesar,done,2026-06-05T20:06:24+00:00
jazthemadness,done,2026-06-05T20:06:35+00:00
justrenn_,done,2026-06-05T20:06:47+00:00
k0r3ly55,done,2026-06-05T20:07:03+00:00
kali_wimal,done,2026-06-05T20:07:18+00:00
karlf,done,2026-06-05T20:07:32+00:00
katalinacasu,done,2026-06-05T20:07:49+00:00
l4lou,done,2026-06-05T20:08:00+00:00
loic_fsg,done,2026-06-05T20:08:14+00:00
lukafshn,done,2026-06-05T20:08:26+00:00
mahashwetha,done,2026-06-05T20:08:39+00:00
mallygiinaa,done,2026-06-05T20:08:52+00:00
mariestellar,done,2026-06-05T20:09:06+00:00
megu93,done,2026-06-05T20:09:19+00:00
mladenisgeek_,done,2026-06-05T20:09:33+00:00
nikit0n1,done,2026-06-05T20:09:47+00:00
nosideeffect,done,2026-06-05T20:09:57+00:00
novemberrain1,done,2026-06-05T20:10:11+00:00
pnararas,done,2026-06-05T20:10:26+00:00
rafeli18,done,2026-06-05T20:10:37+00:00
rias12,done,2026-06-05T20:10:50+00:00
ryuukken,done,2026-06-05T20:11:08+00:00
sashalilien,done,2026-06-05T20:11:21+00:00
sleeping_sadist,done,2026-06-05T20:11:36+00:00
smartieanouk,done,2026-06-05T20:11:49+00:00
sofi_4lyfe,done,2026-06-05T20:12:01+00:00
stajeutreptaj,done,2026-06-05T20:12:14+00:00
syhog,done,2026-06-05T20:12:26+00:00
tartolzam,done,2026-06-05T20:12:42+00:00
tevans2555vpjb,done,2026-06-05T20:12:53+00:00
trains456,done,2026-06-05T20:13:06+00:00
varchas23,done,2026-06-05T20:13:21+00:00
vistulae,done,2026-06-05T20:13:37+00:00
waelm7nk,done,2026-06-05T20:13:54+00:00
_lo_ol_,done,2026-06-05T20:14:07+00:00
_n4k0,done,2026-06-05T20:14:21+00:00
adri20100,done,2026-06-05T20:14:32+00:00
alicellegal,done,2026-06-05T20:14:44+00:00
alierjr,done,2026-06-05T20:14:59+00:00
angelaetal,done,2026-06-05T20:15:11+00:00
barna25,done,2026-06-05T20:15:22+00:00
beyzanurtts,done,2026-06-05T20:15:35+00:00
big_park,done,2026-06-05T20:15:45+00:00
bigdata_,done,2026-06-05T20:15:59+00:00
bubs1122,done,2026-06-05T20:16:11+00:00
bubs17,done,2026-06-05T20:16:21+00:00
buttnugz13,done,2026-06-05T20:16:33+00:00
calorfing,done,2026-06-05T20:16:46+00:00
chavezjenifer,done,2026-06-05T20:17:02+00:00
claudyot,done,2026-06-05T20:17:14+00:00
clivina,done,2026-06-05T20:17:31+00:00
cookiesyn,done,2026-06-05T20:17:44+00:00
ctwm,done,2026-06-05T20:17:54+00:00
dei_sos,done,2026-06-05T20:18:10+00:00
doublewalker,done,2026-06-05T20:18:24+00:00
elissue,done,2026-06-05T20:18:37+00:00
elizaaa18,done,2026-06-05T20:18:50+00:00
emivazquez,done,2026-06-05T20:19:02+00:00
eric0221,done,2026-06-05T20:19:18+00:00
fatimaamazing,done,2026-06-05T20:19:32+00:00
franksmnz,done,2026-06-05T20:19:46+00:00
gabrielr0s,done,2026-06-05T20:19:59+00:00
gabvcl,done,2026-06-05T20:20:12+00:00
gintoki80,done,2026-06-05T20:20:26+00:00
harrypunia,done,2026-06-05T20:20:37+00:00
hd2hv,done,2026-06-05T20:20:49+00:00
heatedfloors,done,2026-06-05T20:21:03+00:00
ivannnnag,done,2026-06-05T20:21:14+00:00
jeffdg,done,2026-06-05T20:21:30+00:00
jithu_suresh,done,2026-06-05T20:21:41+00:00
jobskhakischkz,done,2026-06-05T20:21:53+00:00
jonathanbeyer,done,2026-06-05T20:22:06+00:00
jules_pgn23,done,2026-06-05T20:22:17+00:00
karr_ll,done,2026-06-05T20:22:32+00:00
kass1ani,done,2026-06-05T20:22:45+00:00
killiangn,done,2026-06-05T20:22:58+00:00
kjhdkjhskj,done,2026-06-05T20:23:09+00:00
linsssa,done,2026-06-05T20:23:22+00:00
loggedoffseason,done,2026-06-05T20:23:37+00:00
makenziemorris,done,2026-06-05T20:23:49+00:00
marcorahlsex,done,2026-06-05T20:23:59+00:00
marla_effy,done,2026-06-05T20:24:12+00:00
marlene1312,done,2026-06-05T20:24:24+00:00
mibombo1608,done,2026-06-05T20:24:39+00:00
movie_01,done,2026-06-05T20:24:50+00:00
owldad,done,2026-06-05T20:25:01+00:00
prettyrbbin,done,2026-06-05T20:25:11+00:00
qyhnnn,done,2026-06-05T20:25:24+00:00
rhi77,done,2026-06-05T20:25:39+00:00
rsmith40,done,2026-06-05T20:25:55+00:00
ruben_nicolas,done,2026-06-05T20:26:08+00:00
rust12,done,2026-06-05T20:26:20+00:00
ruzelitis,done,2026-06-05T20:26:32+00:00
sailormoon42069,done,2026-06-05T20:26:48+00:00
samniegos,done,2026-06-05T20:26:58+00:00
sofisfilms,done,2026-06-05T20:27:16+00:00
sor_an,done,2026-06-05T20:27:27+00:00
suunniess,done,2026-06-05T20:27:37+00:00
tamjazad,done,2026-06-05T20:27:53+00:00
va4bhav,done,2026-06-05T20:28:05+00:00
vivi223,done,2026-06-05T20:28:17+00:00
zachzachm,done,2026-06-05T20:28:33+00:00
agnes0125,done,2026-06-05T20:28:43+00:00
ahanaf11,done,2026-06-05T20:28:57+00:00
ahb06,done,2026-06-05T20:29:10+00:00
akselipakseli,done,2026-06-05T20:29:21+00:00
akum4ruu,done,2026-06-05T20:29:33+00:00
alvareza,done,2026-06-05T20:29:46+00:00
amin2009,done,2026-06-05T20:30:00+00:00
anukeparanthe,done,2026-06-05T20:30:13+00:00
anything2005,done,2026-06-05T20:30:25+00:00
arnoarnoa,done,2026-06-05T20:30:36+00:00
auroraa_may,done,2026-06-05T20:30:48+00:00
avocad0hoon,done,2026-06-05T20:31:01+00:00
azeem087,done,2026-06-05T20:31:12+00:00
basil1s,done,2026-06-05T20:31:24+00:00
bigstew44,done,2026-06-05T20:31:35+00:00
boulouboutch,done,2026-06-05T20:31:47+00:00
bronnygoat,done,2026-06-05T20:32:02+00:00
bugsfps,done,2026-06-05T20:32:13+00:00
c4sual0ve,done,2026-06-05T20:32:25+00:00
carababucha,done,2026-06-05T20:32:38+00:00
carlocoraggio,done,2026-06-05T20:32:48+00:00
chasewest,done,2026-06-05T20:33:08+00:00
cosmographics,done,2026-06-05T20:33:18+00:00
djfrenchy1980,done,2026-06-05T20:33:39+00:00
duxjwr,done,2026-06-05T20:33:51+00:00
dzanie,done,2026-06-05T20:34:02+00:00
eloivalls22,done,2026-06-05T20:34:21+00:00
elonmuskular,done,2026-06-05T20:34:35+00:00
gamestar0,done,2026-06-05T20:34:47+00:00
georgepotter,done,2026-06-05T20:35:00+00:00
ibrahimulucan,done,2026-06-05T20:35:10+00:00
idrinkmisosoup,done,2026-06-05T20:35:28+00:00
ilove2kissgirls,done,2026-06-05T20:35:41+00:00
insses77,done,2026-06-05T20:35:52+00:00
jameslaseau,done,2026-06-05T20:36:05+00:00
jeremyf1,done,2026-06-05T20:36:20+00:00
kaizoukuwarudo,done,2026-06-05T20:36:35+00:00
karosaman,done,2026-06-05T20:36:48+00:00
kittyadv,done,2026-06-05T20:37:00+00:00
kryshtal01,done,2026-06-05T20:37:11+00:00
laralange,done,2026-06-05T20:37:22+00:00
leeshaneer,done,2026-06-05T20:37:37+00:00
lenkyyy,done,2026-06-05T20:37:48+00:00
lncls67,done,2026-06-05T20:38:01+00:00
manjeet_beniwal,done,2026-06-05T20:38:25+00:00
manon20061,done,2026-06-05T20:38:38+00:00
medetalihan,done,2026-06-05T20:38:58+00:00
narmiiino,done,2026-06-05T20:39:09+00:00
oivermelendrez,done,2026-06-05T20:39:20+00:00
okeywes,done,2026-06-05T20:39:32+00:00
ora_1,done,2026-06-05T20:39:46+00:00
oshhhima,done,2026-06-05T20:40:01+00:00
osrs_enjoyer,done,2026-06-05T20:40:14+00:00
pakibeer,done,2026-06-05T20:40:27+00:00
pargavi_ashok,done,2026-06-05T20:40:40+00:00
peatrichor,done,2026-06-05T20:40:51+00:00
plusban,done,2026-06-05T20:41:08+00:00
roony_35,done,2026-06-05T20:41:19+00:00
saipl,done,2026-06-05T20:41:31+00:00
sophi_espi,done,2026-06-05T20:41:44+00:00
sosogalante,done,2026-06-05T20:41:56+00:00
the_blackreaper,done,2026-06-05T20:42:12+00:00
thekaa,done,2026-06-05T20:42:24+00:00
thisisisya0,done,2026-06-05T20:42:34+00:00
truehistory,done,2026-06-05T20:42:45+00:00
trumpetlessons,done,2026-06-05T20:42:58+00:00
unseencraving,done,2026-06-05T20:43:11+00:00
wizuxttlll,done,2026-06-05T20:43:22+00:00
yarmalenko,done,2026-06-05T20:43:35+00:00
yazvydominic,done,2026-06-05T20:43:48+00:00
7kiiimm,done,2026-06-05T20:44:00+00:00
_aethryx6,done,2026-06-05T20:44:16+00:00
aahaddagoat,done,2026-06-05T20:44:27+00:00
abdullahx140,done,2026-06-05T20:44:37+00:00
abishuaa,done,2026-06-05T20:44:51+00:00
aeonecstatica,done,2026-06-05T20:45:08+00:00
aeruulu,done,2026-06-05T20:45:24+00:00
aliaasoudy,done,2026-06-05T20:45:35+00:00
allydih,done,2026-06-05T20:45:47+00:00
alyagrimes,done,2026-06-05T20:46:00+00:00
anne_with_an_e7,done,2026-06-05T20:46:13+00:00
antonwilhelm,done,2026-06-05T20:46:30+00:00
arsonnaire,done,2026-06-05T20:46:43+00:00
avakop,done,2026-06-05T20:46:56+00:00
basiagoat,done,2026-06-05T20:47:06+00:00
beereater77,done,2026-06-05T20:47:17+00:00
bgut22,done,2026-06-05T20:47:30+00:00
bigboi259,done,2026-06-05T20:47:42+00:00
bismina,done,2026-06-05T20:47:54+00:00
blackmirrorfan2,done,2026-06-05T20:48:07+00:00
bombinus,done,2026-06-05T20:48:18+00:00
brandt702,done,2026-06-05T20:48:32+00:00
charlieoftroy,done,2026-06-05T20:48:43+00:00
chy2k26,done,2026-06-05T20:48:56+00:00
clairezhu0,done,2026-06-05T20:49:07+00:00
clarita_gd,done,2026-06-05T20:49:19+00:00
coriane,done,2026-06-05T20:49:35+00:00
dawsonludwig,done,2026-06-05T20:49:46+00:00
diesonnescheint,done,2026-06-05T20:49:58+00:00
diiiinaa,done,2026-06-05T20:50:10+00:00
domidj,done,2026-06-05T20:50:20+00:00
dyltaylor67,done,2026-06-05T20:50:34+00:00
ellielikesfilm,done,2026-06-05T20:50:48+00:00
elmo11311,done,2026-06-05T20:50:59+00:00
elvisdozed,done,2026-06-05T20:51:17+00:00
emimorza,done,2026-06-05T20:51:29+00:00
ericstanciu03,done,2026-06-05T20:51:44+00:00
evelin_11,done,2026-06-05T20:51:55+00:00
fazmuhammed,done,2026-06-05T20:52:15+00:00
findog76,done,2026-06-05T20:52:27+00:00
flarbinn,done,2026-06-05T20:52:39+00:00
gebremariam,done,2026-06-05T20:52:54+00:00
gianfederico_,done,2026-06-05T20:53:07+00:00
gonzalesex,done,2026-06-05T20:53:18+00:00
graciedunlop,done,2026-06-05T20:53:30+00:00
gregalleman,done,2026-06-05T20:53:41+00:00
hartydabom,done,2026-06-05T20:53:57+00:00
hazelopossum,done,2026-06-05T20:54:08+00:00
hex23,done,2026-06-05T20:54:21+00:00
ilovecatsndogs,done,2026-06-05T20:54:34+00:00
indiralmao,done,2026-06-05T20:54:46+00:00
isswo,done,2026-06-05T20:55:00+00:00
ivselle,done,2026-06-05T20:55:13+00:00
iyashfi,done,2026-06-05T20:55:25+00:00
jay_scott97,done,2026-06-05T20:55:36+00:00
joonbug22,done,2026-06-05T20:55:46+00:00
jpsaltman,done,2026-06-05T20:56:05+00:00
julianviacava,done,2026-06-05T20:56:17+00:00
juliensgdo,done,2026-06-05T20:56:28+00:00
justjavohir,done,2026-06-05T20:56:40+00:00
kaykaybadoobee,done,2026-06-05T20:56:53+00:00
ketinarin,done,2026-06-05T20:57:08+00:00
kevvmoji,done,2026-06-05T20:57:18+00:00
khush_shush,done,2026-06-05T20:57:32+00:00
kianbik,done,2026-06-05T20:57:43+00:00
kornel_nocon,done,2026-06-05T20:58:04+00:00
ksofybunny49,done,2026-06-05T20:58:24+00:00
lale1991,done,2026-06-05T20:58:38+00:00
lani_kujawski,done,2026-06-05T20:58:50+00:00
lbanc21,done,2026-06-05T20:59:03+00:00
leomontellini,done,2026-06-05T20:59:13+00:00
lubiecmy,done,2026-06-05T20:59:27+00:00
lycx_griseus,done,2026-06-05T20:59:37+00:00
lykkethegoat,done,2026-06-05T20:59:50+00:00
mahdisaria,done,2026-06-05T21:00:01+00:00
mainlyoulia,done,2026-06-05T21:00:13+00:00
marinade_3000,done,2026-06-05T21:02:28+00:00
marissaau,done,2026-06-05T21:02:38+00:00
mdeshpande,done,2026-06-05T21:02:49+00:00
michael_meiring,done,2026-06-05T21:03:03+00:00
mignanos,done,2026-06-05T21:03:20+00:00
miguelmcn,done,2026-06-05T21:03:31+00:00
mmaryeespo,done,2026-06-05T21:03:41+00:00
modernbacch,done,2026-06-05T21:03:54+00:00
mohammedjamil15,done,2026-06-05T21:04:05+00:00
mohanedelsaead,done,2026-06-05T21:04:21+00:00
mothasparkle,done,2026-06-05T21:04:33+00:00
nan4moreno,done,2026-06-05T21:04:47+00:00
noiirstar,done,2026-06-05T21:04:59+00:00
penepollaman,done,2026-06-05T21:05:09+00:00
rieliel,done,2026-06-05T21:05:26+00:00
rikaace12,done,2026-06-05T21:05:38+00:00
roadtripmovies,done,2026-06-05T21:05:50+00:00
salo77777777,done,2026-06-05T21:06:05+00:00
sameer_joshi,done,2026-06-05T21:06:21+00:00
sebass_01,done,2026-06-05T21:06:36+00:00
sona90,done,2026-06-05T21:06:47+00:00
sophiadieerste,done,2026-06-05T21:06:59+00:00
sophiafiducia,done,2026-06-05T21:07:12+00:00
soupapa1,done,2026-06-05T21:07:23+00:00
speedsports,done,2026-06-05T21:07:40+00:00
swungg,done,2026-06-05T21:07:52+00:00
taaraaw,done,2026-06-05T21:08:03+00:00
thibgere,done,2026-06-05T21:08:13+00:00
toastej,done,2026-06-05T21:08:26+00:00
vibby_,done,2026-06-05T21:08:43+00:00
vscorba,done,2026-06-05T21:08:54+00:00
wakeupgoergiaa,done,2026-06-05T21:09:05+00:00
whimsyjen,done,2026-06-05T21:09:17+00:00
whoistorr,done,2026-06-05T21:09:28+00:00
xyzainah,done,2026-06-05T21:09:45+00:00
yassen_10,done,2026-06-05T21:09:55+00:00
yorkshire_tea,done,2026-06-05T21:10:07+00:00
yousef7071,done,2026-06-05T21:10:18+00:00
z4ja0,done,2026-06-05T21:10:30+00:00
zaynahss,done,2026-06-05T21:10:44+00:00
zoliqx,done,2026-06-05T21:10:55+00:00
00tommo,done,2026-06-05T21:11:12+00:00
0722,done,2026-06-05T21:11:23+00:00
abdullah1119,done,2026-06-05T21:11:35+00:00
adthorne,done,2026-06-05T21:11:49+00:00
agathesgn16,done,2026-06-05T21:12:00+00:00
alaqmar,done,2026-06-05T21:12:13+00:00
aliciaaaaaa09,done,2026-06-05T21:12:25+00:00
aligeri,done,2026-06-05T21:12:37+00:00
allwinsolomon,done,2026-06-05T21:12:52+00:00
am0ri,done,2026-06-05T21:13:06+00:00
amanda_yea,done,2026-06-05T21:13:18+00:00
anissaz,done,2026-06-05T21:13:27+00:00
annie_waffle,done,2026-06-05T21:13:37+00:00
apricotblossome,done,2026-06-05T21:13:53+00:00
asonson,done,2026-06-05T21:14:07+00:00
asser1234,done,2026-06-05T21:14:17+00:00
aviispew,done,2026-06-05T21:14:29+00:00
banebrekker,done,2026-06-05T21:14:43+00:00
basitrovert,done,2026-06-05T21:14:57+00:00
bellamethasone,done,2026-06-05T21:15:08+00:00
blueberay,done,2026-06-05T21:15:19+00:00
bluej4y,done,2026-06-05T21:15:29+00:00
brotloz,done,2026-06-05T21:15:39+00:00
cadekimbell1,done,2026-06-05T21:15:54+00:00
certified_npc,done,2026-06-05T21:16:06+00:00
charliekimwor,done,2026-06-05T21:16:17+00:00
cinematicl,done,2026-06-05T21:16:35+00:00
clownishtwat,done,2026-06-05T21:16:57+00:00
commodus_,done,2026-06-05T21:17:13+00:00
cosmavoiddddd,done,2026-06-05T21:17:25+00:00
cynthia6798,done,2026-06-05T21:17:37+00:00
czesterito,done,2026-06-05T21:17:52+00:00
ddreyy,done,2026-06-05T21:18:02+00:00
delmaev,done,2026-06-05T21:18:17+00:00
dexter63,done,2026-06-05T21:18:30+00:00
dianasaurus69,done,2026-06-05T21:18:45+00:00
djgalanga,done,2026-06-05T21:19:00+00:00
djjoeinc,done,2026-06-05T21:19:11+00:00
dorine_2905,done,2026-06-05T21:19:27+00:00
dropthecat30,done,2026-06-05T21:19:38+00:00
dunjasmiljkic,done,2026-06-05T21:19:49+00:00
eevee_01,done,2026-06-05T21:20:00+00:00
eldian_,done,2026-06-05T21:20:12+00:00
elsepultor,done,2026-06-05T21:20:26+00:00
emilyp088,done,2026-06-05T21:20:37+00:00
eudavialvesf,done,2026-06-05T21:20:52+00:00
filipkost,done,2026-06-05T21:21:02+00:00
filozof36,done,2026-06-05T21:21:17+00:00
finnbet,done,2026-06-05T21:21:35+00:00
flw3rent,done,2026-06-05T21:21:51+00:00
fran_3ow,done,2026-06-05T21:22:03+00:00
frankinmovies,done,2026-06-05T21:22:16+00:00
gassyvasance,done,2026-06-05T21:22:30+00:00
gauravkommie,done,2026-06-05T21:22:46+00:00
genericsleepeur,done,2026-06-05T21:22:58+00:00
giovanni_valo,done,2026-06-05T21:23:11+00:00
golliwad,done,2026-06-05T21:23:20+00:00
hahyunny,done,2026-06-05T21:23:33+00:00
i3zez,done,2026-06-05T21:23:46+00:00
imhz,done,2026-06-05T21:24:01+00:00
inkrtsy,done,2026-06-05T21:24:12+00:00
invictacore,done,2026-06-05T21:24:24+00:00
jackdawson0,done,2026-06-05T21:24:37+00:00
jaco_r,done,2026-06-05T21:24:51+00:00
jamezroberto,done,2026-06-05T21:25:02+00:00
jayraaaa,done,2026-06-05T21:25:12+00:00
jeremylin7,done,2026-06-05T21:25:23+00:00
jmfs21097,done,2026-06-05T21:25:40+00:00
joaquin1896,done,2026-06-05T21:25:53+00:00
joeltommy,done,2026-06-05T21:26:05+00:00
jsauce_,done,2026-06-05T21:26:18+00:00
juaneriko,done,2026-06-05T21:26:30+00:00
kalyanipramod,done,2026-06-05T21:26:42+00:00
karvak,done,2026-06-05T21:26:58+00:00
kimfarza123,done,2026-06-05T21:27:13+00:00
kimmo11,done,2026-06-05T21:27:23+00:00
konime,done,2026-06-05T21:27:34+00:00
kxxmmii,done,2026-06-05T21:27:47+00:00
lauradella,done,2026-06-05T21:28:03+00:00
lecky_y,done,2026-06-05T21:28:13+00:00
lem0nade_1,done,2026-06-05T21:28:25+00:00
lichylu,done,2026-06-05T21:28:38+00:00
lionefs,done,2026-06-05T21:28:49+00:00
lisonbs,done,2026-06-05T21:29:05+00:00
lwcontrast,done,2026-06-05T21:29:16+00:00
lydia_rachel,done,2026-06-05T21:29:28+00:00
maakad,done,2026-06-05T21:29:40+00:00
malteg2,done,2026-06-05T21:29:50+00:00
marcelladss,done,2026-06-05T21:30:06+00:00
markl08,done,2026-06-05T21:30:19+00:00
marniesss,done,2026-06-05T21:30:32+00:00
melicos,done,2026-06-05T21:30:44+00:00
michaelgwtan,done,2026-06-05T21:30:55+00:00
middlnamejames,done,2026-06-05T21:31:10+00:00
mysunisblue,done,2026-06-05T21:31:22+00:00
naakvut,done,2026-06-05T21:31:32+00:00
naisganav,done,2026-06-05T21:31:43+00:00
niconico224,done,2026-06-05T21:31:54+00:00
nmtrznadel,done,2026-06-05T21:32:10+00:00
nueszz,done,2026-06-05T21:32:22+00:00
ocean_wave1,done,2026-06-05T21:32:33+00:00
othersideofwa,done,2026-06-05T21:32:51+00:00
owen29,done,2026-06-05T21:33:02+00:00
p1xiedvst,done,2026-06-05T21:33:18+00:00
pajamamma,done,2026-06-05T21:33:31+00:00
peter_griffin,done,2026-06-05T21:33:42+00:00
phoobydoobydoo,done,2026-06-05T21:33:58+00:00
pibbleexploded,done,2026-06-05T21:34:08+00:00
pikomain,done,2026-06-05T21:34:24+00:00
ponypunch,done,2026-06-05T21:34:36+00:00
poopfartman,done,2026-06-05T21:34:48+00:00
prongsel,done,2026-06-05T21:35:00+00:00
qqtsts,done,2026-06-05T21:35:16+00:00
rotebailer,done,2026-06-05T21:35:33+00:00
shaggy_553,done,2026-06-05T21:35:42+00:00
shriyansh_,done,2026-06-05T21:35:55+00:00
smokinurbacon,done,2026-06-05T21:36:05+00:00
sophiehqt,done,2026-06-05T21:36:19+00:00
speedyakaleah,done,2026-06-05T21:36:36+00:00
stepanpro,done,2026-06-05T21:36:47+00:00
stephanos_pats,done,2026-06-05T21:37:00+00:00
sulek6,done,2026-06-05T21:37:11+00:00
t_migliorati98,done,2026-06-05T21:37:27+00:00
taufiqatiff,done,2026-06-05T21:37:42+00:00
thecutestmeme,done,2026-06-05T21:37:51+00:00
thiam1ne,done,2026-06-05T21:38:04+00:00
thought3535456,done,2026-06-05T21:38:16+00:00
tmcristal,done,2026-06-05T21:38:28+00:00
ul3,done,2026-06-05T21:38:42+00:00
uyennhi049,done,2026-06-05T21:38:54+00:00
vamps,done,2026-06-05T21:39:15+00:00
ver0r_xa,done,2026-06-05T21:39:28+00:00
vleur9,done,2026-06-05T21:39:40+00:00
whenraincomes,done,2026-06-05T21:39:58+00:00
yaivf,done,2026-06-05T21:40:11+00:00
yowipot014,done,2026-06-05T21:40:25+00:00
zak_yd,done,2026-06-05T21:40:37+00:00
zomqie_lina,done,2026-06-05T21:40:50+00:00
1berkesen,done,2026-06-05T21:41:07+00:00
4bi_lg55,done,2026-06-05T21:41:20+00:00
5idd_,done,2026-06-05T21:41:31+00:00
abbasaly6,done,2026-06-05T21:41:44+00:00
abbieboutkabout,done,2026-06-05T21:41:54+00:00
adamprzy,done,2026-06-05T21:42:10+00:00
aesheii,done,2026-06-05T21:42:21+00:00
agus1326,done,2026-06-05T21:42:32+00:00
alessiashh,done,2026-06-05T21:42:42+00:00
alzbetahartmann,done,2026-06-05T21:42:54+00:00
ananjan_717,done,2026-06-05T21:43:11+00:00
annabelstinson,done,2026-06-05T21:43:28+00:00
aotox2,done,2026-06-05T21:43:38+00:00
arcaneaqt,done,2026-06-05T21:44:17+00:00
ardabutbb,done,2026-06-05T21:44:30+00:00
arielhuu,done,2026-06-05T21:44:47+00:00
arlanezequiel,done,2026-06-05T21:45:00+00:00
arsenelp,done,2026-06-05T21:45:11+00:00
auroraletter,done,2026-06-05T21:45:24+00:00
axl_natanael,done,2026-06-05T21:45:38+00:00
ayeiwho,done,2026-06-05T21:45:52+00:00
balrogsnake,done,2026-06-05T21:46:04+00:00
batangrobot,done,2026-06-05T21:46:15+00:00
batmaneminem,done,2026-06-05T21:46:27+00:00
beauwatches,done,2026-06-05T21:46:38+00:00
behurasambit,done,2026-06-05T21:46:57+00:00
billybog,done,2026-06-05T21:47:08+00:00
binniiee,done,2026-06-05T21:47:20+00:00
bishbishbish,done,2026-06-05T21:47:32+00:00
bonn_kk,done,2026-06-05T21:47:45+00:00
brilvs11,done,2026-06-05T21:48:02+00:00
burakxep,done,2026-06-05T21:48:13+00:00
busraarsiv,done,2026-06-05T21:48:25+00:00
bxnj1,done,2026-06-05T21:48:39+00:00
carlibriher,done,2026-06-05T21:48:57+00:00
cherry422,done,2026-06-05T21:49:12+00:00
chrisandhiskind,done,2026-06-05T21:49:23+00:00
chungusreel,done,2026-06-05T21:49:34+00:00
claired96,done,2026-06-05T21:49:48+00:00
clarringor,done,2026-06-05T21:50:02+00:00
classify,done,2026-06-05T21:50:22+00:00
clima_te,done,2026-06-05T21:50:35+00:00
coccinellaaaa,done,2026-06-05T21:50:46+00:00
cristinaacgu,done,2026-06-05T21:51:01+00:00
curtainposter,done,2026-06-05T21:51:13+00:00
d1413r,done,2026-06-05T21:51:29+00:00
dalipis,done,2026-06-05T21:51:42+00:00
danicito2411,done,2026-06-05T21:51:54+00:00
daro2126,done,2026-06-05T21:52:07+00:00
dashhhh_,done,2026-06-05T21:52:21+00:00
david222343,done,2026-06-05T21:52:37+00:00
debbie_chan,done,2026-06-05T21:52:48+00:00
delfinator99,done,2026-06-05T21:53:00+00:00
demid92,done,2026-06-05T21:53:12+00:00
dhrsh,done,2026-06-05T21:53:25+00:00
directlove,done,2026-06-05T21:53:40+00:00
diztress,done,2026-06-05T21:53:54+00:00
doublepedalhate,done,2026-06-05T21:54:06+00:00
drunknddazed,done,2026-06-05T21:54:21+00:00
dubios_,done,2026-06-05T21:54:34+00:00
dxkick,done,2026-06-05T21:54:49+00:00
effyrh,done,2026-06-05T21:55:03+00:00
eldirtydan,done,2026-06-05T21:55:14+00:00
eleclercq,done,2026-06-05T21:55:26+00:00
ellientonelli,done,2026-06-05T21:55:39+00:00
emill97,done,2026-06-05T21:55:53+00:00
epanelitis,done,2026-06-05T21:56:05+00:00
evmemelord,done,2026-06-05T21:56:15+00:00
fairfield2027,done,2026-06-05T21:56:29+00:00
faisalhrs_,done,2026-06-05T21:56:44+00:00
fakebeard28,done,2026-06-05T21:57:01+00:00
feralcuadrado,done,2026-06-05T21:57:13+00:00
fernandamonge,done,2026-06-05T21:57:23+00:00
fitzmartinez07,done,2026-06-05T21:57:36+00:00
flattpat,done,2026-06-05T21:57:48+00:00
flossfromspace,done,2026-06-05T21:58:06+00:00
frannynanny,done,2026-06-05T21:58:20+00:00
fzw,done,2026-06-05T21:58:39+00:00
g4bruz,done,2026-06-05T21:58:50+00:00
geogains,done,2026-06-05T21:59:01+00:00
georgeallan1,done,2026-06-05T21:59:18+00:00
ghanim_algifari,done,2026-06-05T21:59:34+00:00
gmz13,done,2026-06-05T21:59:45+00:00
gooreis,done,2026-06-05T21:59:59+00:00
guineapiq,done,2026-06-05T22:00:14+00:00
hannahtschetter,done,2026-06-05T22:00:33+00:00
hanseeeeeeel,done,2026-06-05T22:00:44+00:00
huntross,done,2026-06-05T22:00:56+00:00
hxjenny,done,2026-06-05T22:01:06+00:00
iblameayan,done,2026-06-05T22:01:19+00:00
idk44,done,2026-06-05T22:01:36+00:00
imann_o,done,2026-06-05T22:01:47+00:00
isacaloons,done,2026-06-05T22:01:57+00:00
ishikajoshi,done,2026-06-05T22:02:09+00:00
itz_aqil,done,2026-06-05T22:02:22+00:00
izzydarge,done,2026-06-05T22:02:36+00:00
janehopper1777,done,2026-06-05T22:02:48+00:00
jchaij,done,2026-06-05T22:03:00+00:00
jedalruparel,done,2026-06-05T22:03:10+00:00
jennbird77,done,2026-06-05T22:03:21+00:00
jetandrei,done,2026-06-05T22:03:37+00:00
jivian_critic,done,2026-06-05T22:03:51+00:00
juaaaaaaa0_0,done,2026-06-05T22:04:06+00:00
jujucv19,done,2026-06-05T22:04:20+00:00
k3nl4,done,2026-06-05T22:04:32+00:00
katermurr,done,2026-06-05T22:04:48+00:00
kerim12345,done,2026-06-05T22:05:03+00:00
khoga48,done,2026-06-05T22:05:16+00:00
kitcatemmy,done,2026-06-05T22:05:27+00:00
kqqn,done,2026-06-05T22:05:40+00:00
l_ingman08,done,2026-06-05T22:05:55+00:00
lauriemcm,done,2026-06-05T22:06:07+00:00
leagiavarini,done,2026-06-05T22:06:17+00:00
leaonfilm,done,2026-06-05T22:06:28+00:00
leatherface87,done,2026-06-05T22:06:39+00:00
lemanqasimova,done,2026-06-05T22:06:53+00:00
leo01100,done,2026-06-05T22:07:06+00:00
leons67,done,2026-06-05T22:07:18+00:00
libreriarachele,done,2026-06-05T22:07:30+00:00
lisieeee,done,2026-06-05T22:07:41+00:00
littlejohn16,done,2026-06-05T22:08:02+00:00
lleoll__19,done,2026-06-05T22:08:12+00:00
lly_jht,done,2026-06-05T22:08:23+00:00
loreyma,done,2026-06-05T22:08:37+00:00
louane_vrgg,done,2026-06-05T22:08:51+00:00
luciartalero,done,2026-06-05T22:09:08+00:00
luisitoo_,done,2026-06-05T22:09:23+00:00
lukinc,done,2026-06-05T22:09:38+00:00
lvxxxx,done,2026-06-05T22:09:52+00:00
m1ntysm,done,2026-06-05T22:10:04+00:00
maattiillddaa,done,2026-06-05T22:10:20+00:00
magi19,done,2026-06-05T22:10:33+00:00
maksklo019,done,2026-06-05T22:10:45+00:00
malachitomas,done,2026-06-05T22:11:01+00:00
maliksai,done,2026-06-05T22:11:15+00:00
manish9090,done,2026-06-05T22:11:33+00:00
manman2,done,2026-06-05T22:11:43+00:00
marazali44,done,2026-06-05T22:11:58+00:00
marianhdzm,done,2026-06-05T22:12:10+00:00
mattiavalfre,done,2026-06-05T22:12:22+00:00
melboz,done,2026-06-05T22:12:36+00:00
melo_coton,done,2026-06-05T22:12:49+00:00
messi1001,done,2026-06-05T22:13:01+00:00
mirivxnus,done,2026-06-05T22:13:13+00:00
mmirz4n,done,2026-06-05T22:13:24+00:00
mohey23,done,2026-06-05T22:13:38+00:00
mov1e_nerd00,done,2026-06-05T22:13:55+00:00
mziyasz,done,2026-06-05T22:14:06+00:00
nahobanano,done,2026-06-05T22:14:19+00:00
nahomilg,done,2026-06-05T22:14:33+00:00
nayazt,done,2026-06-05T22:14:50+00:00
neokidbam,done,2026-06-05T22:15:01+00:00
nicolasbouchard,done,2026-06-05T22:15:12+00:00
nifleuse,done,2026-06-05T22:15:26+00:00
ninalfnr,done,2026-06-05T22:15:37+00:00
noahhscn,done,2026-06-05T22:15:54+00:00
nocas222,done,2026-06-05T22:16:06+00:00
nursosch,done,2026-06-05T22:16:19+00:00
oceanblvddd,done,2026-06-05T22:16:32+00:00
ohtwoseven,done,2026-06-05T22:16:43+00:00
oliverid326,done,2026-06-05T22:16:59+00:00
olivias_diary,done,2026-06-05T22:17:09+00:00
orla_c5,done,2026-06-05T22:17:21+00:00
oysterinastew,done,2026-06-05T22:17:30+00:00
pax0aurora,done,2026-06-05T22:17:43+00:00
petitamber,done,2026-06-05T22:18:02+00:00
peytonisdagoat,done,2026-06-05T22:18:13+00:00
pheeb3be,done,2026-06-05T22:18:26+00:00
ptitboudplastik,done,2026-06-05T22:18:35+00:00
rayanalw,done,2026-06-05T22:18:46+00:00
rewat0410,done,2026-06-05T22:19:01+00:00
robslucci,done,2026-06-05T22:19:17+00:00
rogue13,done,2026-06-05T22:19:33+00:00
roguerunner65,done,2026-06-05T22:19:42+00:00
ronie_darko,done,2026-06-05T22:19:59+00:00
rosiriaa,done,2026-06-05T22:20:13+00:00
rudraksh84,done,2026-06-05T22:20:24+00:00
sa1233,done,2026-06-05T22:20:36+00:00
sabww,done,2026-06-05T22:20:50+00:00
saeranny,done,2026-06-05T22:21:01+00:00
samswang,done,2026-06-05T22:21:17+00:00
sarabg1011,done,2026-06-05T22:21:28+00:00
saransjayan,done,2026-06-05T22:21:41+00:00
schizoi,done,2026-06-05T22:21:53+00:00
scroingle,done,2026-06-05T22:22:09+00:00
seanwcole,done,2026-06-05T22:22:23+00:00
seiichiv,done,2026-06-05T22:22:34+00:00
semihcilizz,done,2026-06-05T22:22:48+00:00
shashine33,done,2026-06-05T22:23:00+00:00
shawnwtf,done,2026-06-05T22:23:11+00:00
simha78,done,2026-06-05T22:23:33+00:00
snixx7,done,2026-06-05T22:23:45+00:00
sonder08,done,2026-06-05T22:23:57+00:00
sophieydophiey,done,2026-06-05T22:24:08+00:00
spiderjd_08,done,2026-06-05T22:24:22+00:00
ssarifurkan,done,2026-06-05T22:24:36+00:00
starch1ld,done,2026-06-05T22:24:48+00:00
starmargearine,done,2026-06-05T22:25:03+00:00
tacoobelz,done,2026-06-05T22:25:16+00:00
tamarind1001,done,2026-06-05T22:25:27+00:00
tarnishedflower,done,2026-06-05T22:25:46+00:00
thwayyiba,done,2026-06-05T22:25:59+00:00
toloispero,done,2026-06-05T22:26:09+00:00
totiusmundiciv,done,2026-06-05T22:26:21+00:00
tuijnvanzee,done,2026-06-05T22:26:35+00:00
tustonjakarlo,done,2026-06-05T22:26:52+00:00
unemployedme9,done,2026-06-05T22:27:03+00:00
unluckyphoenix,done,2026-06-05T22:27:14+00:00
urumacity,done,2026-06-05T22:27:27+00:00
wave2gem,done,2026-06-05T22:27:39+00:00
widad18,done,2026-06-05T22:27:55+00:00
withlovelaura,done,2026-06-05T22:28:07+00:00
xxlauree,done,2026-06-05T22:28:21+00:00
yaqubb21,done,2026-06-05T22:28:33+00:00
yscox23,done,2026-06-05T22:28:46+00:00
zaagoo,done,2026-06-05T22:29:02+00:00
zachmiltz,done,2026-06-05T22:29:16+00:00
zackyboy,done,2026-06-05T22:29:29+00:00
zekor,done,2026-06-05T22:29:40+00:00
ziad112,done,2026-06-05T22:29:51+00:00
ziggybert,done,2026-06-05T22:30:05+00:00
0m0l,done,2026-06-05T22:30:16+00:00
1dkj,done,2026-06-05T22:30:29+00:00
777ia,done,2026-06-05T22:30:40+00:00
7lorenzo,done,2026-06-05T22:30:53+00:00
_tsnvb,done,2026-06-05T22:31:10+00:00
abdumaappila,done,2026-06-05T22:31:24+00:00
aboryou,done,2026-06-05T22:31:38+00:00
absurd_lowblock,done,2026-06-05T22:31:48+00:00
agent311,done,2026-06-05T22:32:01+00:00
alesuki311,done,2026-06-05T22:32:18+00:00
alexsurelee,done,2026-06-05T22:32:29+00:00
alfieald,done,2026-06-05T22:32:41+00:00
amd9,done,2026-06-05T22:32:52+00:00
aniazahin,done,2026-06-05T22:33:04+00:00
anna9812,done,2026-06-05T22:33:20+00:00
antaeni,done,2026-06-05T22:33:32+00:00
antoine_fdr,done,2026-06-05T22:33:45+00:00
anuk_desilva223,done,2026-06-05T22:33:56+00:00
anuziah,done,2026-06-05T22:34:08+00:00
ao4u,done,2026-06-05T22:34:28+00:00
apollodivine,done,2026-06-05T22:34:40+00:00
arhan024,done,2026-06-05T22:34:53+00:00
ashplantter,done,2026-06-05T22:35:05+00:00
atrinvkl,done,2026-06-05T22:35:16+00:00
aurele_jms,done,2026-06-05T22:35:32+00:00
avxsn,done,2026-06-05T22:35:44+00:00
awe_in_her_eyes,done,2026-06-05T22:35:58+00:00
ayaapham,done,2026-06-05T22:36:10+00:00
baitfish,done,2026-06-05T22:36:20+00:00
bandurabatman,done,2026-06-05T22:36:35+00:00
beatricxm,done,2026-06-05T22:36:51+00:00
belkabip,done,2026-06-05T22:37:04+00:00
bergos0,done,2026-06-05T22:37:18+00:00
bertagalindo,done,2026-06-05T22:37:29+00:00
bigboyreviews44,done,2026-06-05T22:37:45+00:00
bilalqureshica,done,2026-06-05T22:37:57+00:00
bl_p01,done,2026-06-05T22:38:10+00:00
bohoharsh,done,2026-06-05T22:38:20+00:00
boult,done,2026-06-05T22:38:32+00:00
brandon_jd,done,2026-06-05T22:38:47+00:00
brennastark24,done,2026-06-05T22:39:01+00:00
brittaperrysgf,done,2026-06-05T22:39:16+00:00
camillesftgth,done,2026-06-05T22:39:28+00:00
camrea,done,2026-06-05T22:39:39+00:00
canata8,done,2026-06-05T22:39:54+00:00
carameliasya,done,2026-06-05T22:40:05+00:00
carolinecava,done,2026-06-05T22:40:18+00:00
carrotf,done,2026-06-05T22:40:31+00:00
carryxoxo,done,2026-06-05T22:40:43+00:00
catincius,done,2026-06-05T22:41:01+00:00
catrivera,done,2026-06-05T22:41:14+00:00
cbraddrz,done,2026-06-05T22:41:25+00:00
charan162003,done,2026-06-05T22:41:37+00:00
cherrybiscvit,done,2026-06-05T22:41:51+00:00
chewyarchives,done,2026-06-05T22:42:07+00:00
christaaa1,done,2026-06-05T22:42:20+00:00
chupichups,done,2026-06-05T22:42:35+00:00
cityboy11,done,2026-06-05T22:42:46+00:00
cocain01,done,2026-06-05T22:42:58+00:00
cristimeow,done,2026-06-05T22:43:12+00:00
csacu,done,2026-06-05T22:43:22+00:00
cuatreno,done,2026-06-05T22:43:35+00:00
czentara,done,2026-06-05T22:43:56+00:00
dalinator,done,2026-06-05T22:44:07+00:00
dangertoad,done,2026-06-05T22:44:26+00:00
danielaella,done,2026-06-05T22:44:37+00:00
dary_pupu,done,2026-06-05T22:44:49+00:00
dbriggs9,done,2026-06-05T22:45:00+00:00
dcevans7,done,2026-06-05T22:45:12+00:00
demha19,done,2026-06-05T22:45:29+00:00
desdlystruggle,done,2026-06-05T22:45:40+00:00
dididowap,done,2026-06-05T22:45:51+00:00
diiif,done,2026-06-05T22:46:04+00:00
dima987,done,2026-06-05T22:46:14+00:00
dinithii_w,done,2026-06-05T22:46:33+00:00
disillusionst,done,2026-06-05T22:46:46+00:00
divinepastry,done,2026-06-05T22:46:57+00:00
django_djangi,done,2026-06-05T22:47:09+00:00
djfarid21,done,2026-06-05T22:47:20+00:00
dominomb,done,2026-06-05T22:47:35+00:00
drcrips,done,2026-06-05T22:47:44+00:00
drowzybubble,done,2026-06-05T22:47:58+00:00
dustyclamato26,done,2026-06-05T22:48:10+00:00
dustysilence,done,2026-06-05T22:48:23+00:00
e2xjfan,done,2026-06-05T22:48:40+00:00
ebr4rr_,done,2026-06-05T22:48:53+00:00
ednamillion,done,2026-06-05T22:49:06+00:00
eesqvel,done,2026-06-05T22:49:18+00:00
email222,done,2026-06-05T22:49:30+00:00
emilipavlekovic,done,2026-06-05T22:49:46+00:00
emilkaxvjw,done,2026-06-05T22:50:02+00:00
emmabsx,done,2026-06-05T22:50:14+00:00
esan998,done,2026-06-05T22:50:37+00:00
evitaperonn,done,2026-06-05T22:50:53+00:00
evokat,done,2026-06-05T22:51:09+00:00
eweknowit,done,2026-06-05T22:51:21+00:00
eyabhr,done,2026-06-05T22:51:35+00:00
felixcottray,done,2026-06-05T22:51:48+00:00
felixnaudin,done,2026-06-05T22:51:59+00:00
filmluvr346,done,2026-06-05T22:52:14+00:00
fleshmilk,done,2026-06-05T22:52:26+00:00
gaga444,done,2026-06-05T22:52:38+00:00
gahh44ac,done,2026-06-05T22:52:47+00:00
gambexr,done,2026-06-05T22:53:01+00:00
gamer101,done,2026-06-05T22:53:17+00:00
ghostofjimjam,done,2026-06-05T22:53:30+00:00
gigi0923,done,2026-06-05T22:53:45+00:00
gil_j,done,2026-06-05T22:53:58+00:00
girlinred1106,done,2026-06-05T22:54:08+00:00
glindathegooddd,done,2026-06-05T22:54:27+00:00
goblinmuncher_,done,2026-06-05T22:54:40+00:00
gooncoon69,done,2026-06-05T22:54:53+00:00
gowthamjangiti,done,2026-06-05T22:55:03+00:00
greengobbler231,done,2026-06-05T22:55:15+00:00
haljordan13,done,2026-06-05T22:55:33+00:00
hannahdaisa,done,2026-06-05T22:55:45+00:00
hasmeet,done,2026-06-05T22:55:58+00:00
haultaine,done,2026-06-05T22:56:17+00:00
hesterhsu,done,2026-06-05T22:56:33+00:00
heyitscyrus,done,2026-06-05T22:56:54+00:00
hollaatniko,done,2026-06-05T22:57:10+00:00
holyasian247,done,2026-06-05T22:57:24+00:00
honey_stey,done,2026-06-05T22:57:37+00:00
huberhuber,done,2026-06-05T22:57:53+00:00
ibero20,done,2026-06-05T22:58:11+00:00
idadanielsen,done,2026-06-05T22:58:27+00:00
ihateyou_all,done,2026-06-05T22:58:42+00:00
iiahm7_,done,2026-06-05T22:58:55+00:00
ikaira,done,2026-06-05T22:59:12+00:00
iloveanimation,done,2026-06-05T22:59:29+00:00
ilovefilms74578,done,2026-06-05T22:59:39+00:00
ilovek,done,2026-06-05T22:59:52+00:00
imjustken_0,done,2026-06-05T23:00:06+00:00
insanewomen,done,2026-06-05T23:00:17+00:00
insombynight,done,2026-06-05T23:00:34+00:00
inveighty,done,2026-06-05T23:00:47+00:00
isaacmcnabb,done,2026-06-05T23:01:03+00:00
isaiahsobased,done,2026-06-05T23:01:18+00:00
isdk,done,2026-06-05T23:01:29+00:00
isjul,done,2026-06-05T23:01:46+00:00
islares,done,2026-06-05T23:01:57+00:00
itiscinema,done,2026-06-05T23:02:10+00:00
izyaaaa,done,2026-06-05T23:02:26+00:00
jacerosen,done,2026-06-05T23:02:37+00:00
jacobdarnai,done,2026-06-05T23:02:54+00:00
jajasukanonton,done,2026-06-05T23:03:05+00:00
jakespencer1,done,2026-06-05T23:03:17+00:00
jalyn01,done,2026-06-05T23:03:28+00:00
jeardi,done,2026-06-05T23:03:40+00:00
jjenspi,done,2026-06-05T23:03:54+00:00
jlewinski,done,2026-06-05T23:04:07+00:00
jojocinemon,done,2026-06-05T23:04:21+00:00
jordynsterle,done,2026-06-05T23:04:33+00:00
jorinengel,done,2026-06-05T23:04:46+00:00
josephtekoche,done,2026-06-05T23:05:02+00:00
justiceshadow,done,2026-06-05T23:05:13+00:00
justt_a_girl,done,2026-06-05T23:05:26+00:00
jvllmr,done,2026-06-05T23:05:41+00:00
kanani04,done,2026-06-05T23:05:53+00:00
kareemalshawa,done,2026-06-05T23:06:08+00:00
kastor0077,done,2026-06-05T23:06:21+00:00
katepotato,done,2026-06-05T23:06:33+00:00
katherinecoelho,done,2026-06-05T23:06:47+00:00
kathrynecm,done,2026-06-05T23:06:58+00:00
kazunin,done,2026-06-05T23:07:15+00:00
kddddr,done,2026-06-05T23:07:26+00:00
kekkeee,done,2026-06-05T23:07:42+00:00
keremgcr34,done,2026-06-05T23:07:57+00:00
kimdokjasfuture,done,2026-06-05T23:08:09+00:00
kl_op2,done,2026-06-05T23:08:24+00:00
koedix,done,2026-06-05T23:08:36+00:00
koseinn,done,2026-06-05T23:08:47+00:00
kosteeekekek,done,2026-06-05T23:08:59+00:00
kthind14,done,2026-06-05T23:09:12+00:00
lavxry,done,2026-06-05T23:09:29+00:00
lbronzey,done,2026-06-05T23:09:41+00:00
lemongrassii,done,2026-06-05T23:09:53+00:00
lilyvrodriguez,done,2026-06-05T23:10:05+00:00
lisvxnis,done,2026-06-05T23:10:16+00:00
lizeththegoattt,done,2026-06-05T23:10:31+00:00
ljfarlie,done,2026-06-05T23:10:43+00:00
lokied,done,2026-06-05T23:10:58+00:00
lou_prgne,done,2026-06-05T23:11:11+00:00
love4e,done,2026-06-05T23:11:23+00:00
lovemypickle,done,2026-06-05T23:11:40+00:00
lowjrdn,done,2026-06-05T23:11:53+00:00
lspiegel1102,done,2026-06-05T23:12:04+00:00
lu6lait,done,2026-06-05T23:12:14+00:00
maliblunights,done,2026-06-05T23:12:26+00:00
maluazvdo,done,2026-06-05T23:12:42+00:00
manyu5,done,2026-06-05T23:12:55+00:00
marcalixtoo,done,2026-06-05T23:13:05+00:00
maritim0,done,2026-06-05T23:13:16+00:00
marktopus8,done,2026-06-05T23:13:29+00:00
masneomlock,done,2026-06-05T23:13:48+00:00
matt_jurenovich,done,2026-06-05T23:14:01+00:00
mattdvid,done,2026-06-05T23:14:14+00:00
mattressman89,done,2026-06-05T23:14:28+00:00
matuxoxo,done,2026-06-05T23:14:38+00:00
mau_ta,done,2026-06-05T23:14:57+00:00
maxijamescarter,done,2026-06-05T23:15:10+00:00
maximinimal,done,2026-06-05T23:15:23+00:00
mc10amt,done,2026-06-05T23:15:33+00:00
mcbelle,done,2026-06-05T23:15:46+00:00
mdlkxzmcp,done,2026-06-05T23:16:02+00:00
melkerkube,done,2026-06-05T23:16:18+00:00
meowsys,done,2026-06-05T23:16:29+00:00
mfhines,done,2026-06-05T23:16:40+00:00
mgscotto,done,2026-06-05T23:16:50+00:00
mielic,done,2026-06-05T23:17:06+00:00
miguelarellano,done,2026-06-05T23:17:23+00:00
millieriddie,done,2026-06-05T23:17:34+00:00
minah333,done,2026-06-05T23:17:46+00:00
mkennam,done,2026-06-05T23:17:59+00:00
moogikarp,done,2026-06-05T23:18:15+00:00
moonligth_,done,2026-06-05T23:18:25+00:00
mordab1977,done,2026-06-05T23:18:38+00:00
msjizler,done,2026-06-05T23:18:51+00:00
mulletman7,done,2026-06-05T23:19:02+00:00
nadkamuo,done,2026-06-05T23:19:17+00:00
najifadhel,done,2026-06-05T23:19:28+00:00
namiami,done,2026-06-05T23:19:40+00:00
nasikerabu4life,done,2026-06-05T23:19:53+00:00
natbat7119,done,2026-06-05T23:20:13+00:00
naty_35,done,2026-06-05T23:20:31+00:00
nc4le,done,2026-06-05T23:20:46+00:00
neevrose12,done,2026-06-05T23:20:57+00:00
nekolope,done,2026-06-05T23:21:10+00:00
neoxd3,done,2026-06-05T23:21:22+00:00
nessen_,done,2026-06-05T23:21:37+00:00
nickopp2,done,2026-06-05T23:21:51+00:00
nisasamada,done,2026-06-05T23:22:04+00:00
nispadin,done,2026-06-05T23:22:16+00:00
norah2024,done,2026-06-05T23:22:28+00:00
nordek,done,2026-06-05T23:22:45+00:00
normanji,done,2026-06-05T23:22:57+00:00
noseybonk7,done,2026-06-05T23:23:09+00:00
not3atman,done,2026-06-05T23:23:20+00:00
numerodeplata,done,2026-06-05T23:23:32+00:00
oliverrmorris,done,2026-06-05T23:23:47+00:00
ooonuuus,done,2026-06-05T23:23:58+00:00
orva,done,2026-06-05T23:24:08+00:00
oscarsdr,done,2026-06-05T23:24:20+00:00
osummerchild,done,2026-06-05T23:24:33+00:00
parsarezaie,done,2026-06-05T23:24:51+00:00
parthop69,done,2026-06-05T23:25:06+00:00
pengump,done,2026-06-05T23:25:19+00:00
petexparker,done,2026-06-05T23:25:35+00:00
peteyfromtblock,done,2026-06-05T23:25:50+00:00
pinkacaimaz,done,2026-06-05T23:26:10+00:00
pippopips,done,2026-06-05T23:26:21+00:00
pitjenka,done,2026-06-05T23:26:31+00:00
preritpayla,done,2026-06-05T23:26:45+00:00
prettyprithvi,done,2026-06-05T23:27:01+00:00
r_6cb,done,2026-06-05T23:27:18+00:00
ramona_mae10,done,2026-06-05T23:27:29+00:00
rayisinsane,done,2026-06-05T23:27:42+00:00
reedfaulkner,done,2026-06-05T23:27:51+00:00
rgxreverse,done,2026-06-05T23:28:04+00:00
rihaannyiu,done,2026-06-05T23:28:21+00:00
robotscum,done,2026-06-05T23:28:37+00:00
rodde_lick,done,2026-06-05T23:28:49+00:00
rodrigopepe,done,2026-06-05T23:29:00+00:00
romcomlover0525,done,2026-06-05T23:29:14+00:00
rosstopher96,done,2026-06-05T23:29:31+00:00
rot04tet0,done,2026-06-05T23:29:44+00:00
ru8ies,done,2026-06-05T23:29:58+00:00
ryangosling0909,done,2026-06-05T23:30:09+00:00
saanxvi,done,2026-06-05T23:30:26+00:00
sammdoc,done,2026-06-05T23:30:38+00:00
samueleflaiban,done,2026-06-05T23:30:51+00:00
saraarne,done,2026-06-05T23:31:02+00:00
sarahnii,done,2026-06-05T23:31:13+00:00
sawyer007,done,2026-06-05T23:31:30+00:00
seanox,done,2026-06-05T23:31:42+00:00
sej_c210,done,2026-06-05T23:31:54+00:00
seobie,done,2026-06-05T23:32:07+00:00
seree19,done,2026-06-05T23:32:18+00:00
sermig,done,2026-06-05T23:32:35+00:00
shae_5hae,done,2026-06-05T23:32:45+00:00
sheepfield,done,2026-06-05T23:33:00+00:00
shigg0,done,2026-06-05T23:33:14+00:00
shinigami53,done,2026-06-05T23:33:25+00:00
shippii,done,2026-06-05T23:33:40+00:00
sidcult666,done,2026-06-05T23:33:54+00:00
simoquaqua,done,2026-06-05T23:34:07+00:00
sinanmert12,done,2026-06-05T23:34:20+00:00
sindar_elf,done,2026-06-05T23:34:33+00:00
sinpell350,done,2026-06-05T23:34:52+00:00
sirarbuzer,done,2026-06-05T23:35:04+00:00
skoupidotenekes,done,2026-06-05T23:35:15+00:00
slimypickle007,done,2026-06-05T23:35:31+00:00
soojin27,done,2026-06-05T23:35:45+00:00
speedalee,done,2026-06-05T23:36:02+00:00
spookytrash,done,2026-06-05T23:36:13+00:00
stankmobley,done,2026-06-05T23:36:27+00:00
strangiato2112,done,2026-06-05T23:36:39+00:00
swarup097,done,2026-06-05T23:36:51+00:00
t3aga,done,2026-06-05T23:37:08+00:00
t4tren,done,2026-06-05T23:37:23+00:00
tarpeyo,done,2026-06-05T23:37:39+00:00
taya2002,done,2026-06-05T23:37:51+00:00
thalesar,done,2026-06-05T23:38:05+00:00
thatsepic99,done,2026-06-05T23:38:25+00:00
theiakl,done,2026-06-05T23:38:39+00:00
thenoee,done,2026-06-05T23:38:53+00:00
theordinaryboy,done,2026-06-05T23:39:07+00:00
thisisjustbecca,done,2026-06-05T23:39:21+00:00
thomasemberg,done,2026-06-05T23:39:38+00:00
thooh,done,2026-06-05T23:39:49+00:00
tiagogst08,done,2026-06-05T23:40:02+00:00
tlcheery,done,2026-06-05T23:40:13+00:00
toidziegilotyna,done,2026-06-05T23:40:25+00:00
totoro00,done,2026-06-05T23:40:44+00:00
triman18,done,2026-06-05T23:40:56+00:00
tvien16,done,2026-06-05T23:41:06+00:00
twiggypaste,done,2026-06-05T23:41:19+00:00
tyler_ebra,done,2026-06-05T23:41:34+00:00
uinter,done,2026-06-05T23:41:50+00:00
valeur88,done,2026-06-05T23:42:02+00:00
valfrikitona,done,2026-06-05T23:42:17+00:00
vinstedd,done,2026-06-05T23:42:29+00:00
vinze_vicious,done,2026-06-05T23:42:44+00:00
vladimiryevski,done,2026-06-05T23:43:03+00:00
vlluzi,done,2026-06-05T23:43:13+00:00
water_hungry,done,2026-06-05T23:43:25+00:00
wh4tsmyname,done,2026-06-05T23:43:36+00:00
woodeng1rl96,done,2026-06-05T23:43:48+00:00
xarisfilmlist,done,2026-06-05T23:44:05+00:00
yalife,done,2026-06-05T23:44:17+00:00
yoannmlt,done,2026-06-05T23:44:31+00:00
yogi_raiser,done,2026-06-05T23:44:44+00:00
yunlily,done,2026-06-05T23:44:57+00:00
yvanilla_1,done,2026-06-05T23:45:12+00:00
z8l9,done,2026-06-05T23:45:26+00:00
z_belle38,done,2026-06-05T23:45:36+00:00
zacsmovied,done,2026-06-05T23:45:48+00:00
zam_urai,done,2026-06-05T23:46:01+00:00
zncrogers,done,2026-06-05T23:46:18+00:00
zoe_quick,done,2026-06-05T23:46:29+00:00
zoeaftercredits,done,2026-06-05T23:46:41+00:00
zorrie,done,2026-06-05T23:46:56+00:00
zzeeze,done,2026-06-05T23:47:06+00:00
zzima_d,done,2026-06-05T23:47:22+00:00
00abel,done,2026-06-05T23:47:33+00:00
11damkina11,done,2026-06-05T23:47:47+00:00
1fortune,done,2026-06-05T23:47:59+00:00
25_mannan,done,2026-06-05T23:48:16+00:00
4bid,done,2026-06-05T23:48:31+00:00
596mi0,done,2026-06-05T23:48:44+00:00
6ftunderground,done,2026-06-05T23:48:57+00:00
700equatro,done,2026-06-05T23:49:08+00:00
70bf_,done,2026-06-05T23:49:20+00:00
8rnij,done,2026-06-05T23:49:37+00:00
______jools,done,2026-06-05T23:49:52+00:00
_bruhhaa,done,2026-06-05T23:50:05+00:00
_n1daa,done,2026-06-05T23:50:18+00:00
_pepita_,done,2026-06-05T23:50:35+00:00
a44_aardvark,done,2026-06-05T23:50:52+00:00
aabarryskillz,done,2026-06-05T23:51:04+00:00
aasthabaa,done,2026-06-05T23:51:15+00:00
abdulisnotok,done,2026-06-05T23:51:27+00:00
abhi2772,done,2026-06-05T23:51:38+00:00
abnertrovao,done,2026-06-05T23:51:53+00:00
abo9yl7,done,2026-06-05T23:52:04+00:00
abuddy50,done,2026-06-05T23:52:17+00:00
abunl,done,2026-06-05T23:52:30+00:00
acobjay13,done,2026-06-05T23:52:41+00:00
adamkatona7,done,2026-06-05T23:52:56+00:00
adhd_is_nice,done,2026-06-05T23:53:13+00:00
adiithii,done,2026-06-05T23:53:26+00:00
aesim,done,2026-06-05T23:53:38+00:00
afro_samirai,done,2026-06-05T23:53:53+00:00
agentdos7,done,2026-06-05T23:54:09+00:00
aguillejolie,done,2026-06-05T23:54:19+00:00
agustinn615,done,2026-06-05T23:54:39+00:00
ahoernchen,done,2026-06-05T23:54:53+00:00
aidananas,done,2026-06-05T23:55:09+00:00
aidanpatterson,done,2026-06-05T23:55:28+00:00
airinisnotdead,done,2026-06-05T23:55:40+00:00
aleeking,done,2026-06-05T23:55:52+00:00
alenstyris,done,2026-06-05T23:56:02+00:00
alesomcr,done,2026-06-05T23:56:14+00:00
alexdazca,done,2026-06-05T23:56:29+00:00
algaebloomed,done,2026-06-05T23:56:41+00:00
alibrie,done,2026-06-05T23:56:51+00:00
alicelalsatir,done,2026-06-05T23:57:02+00:00
alicethomas97,done,2026-06-05T23:57:14+00:00
aliyyers,done,2026-06-05T23:57:30+00:00
aloshan,done,2026-06-05T23:57:42+00:00
alreadybinged,done,2026-06-05T23:57:55+00:00
alstream,done,2026-06-05T23:58:10+00:00
alylawler,done,2026-06-05T23:58:24+00:00
amadeues,done,2026-06-05T23:58:40+00:00
ameenfn,done,2026-06-05T23:58:54+00:00
amonl,done,2026-06-05T23:59:07+00:00
ana_lunaaa,done,2026-06-05T23:59:18+00:00
anaritaarr,done,2026-06-05T23:59:28+00:00
andrebonni,done,2026-06-05T23:59:47+00:00
andysw2,done,2026-06-05T23:59:58+00:00
angelafufeng,done,2026-06-06T00:00:09+00:00
animel23,done,2026-06-06T00:00:20+00:00
anipocin,done,2026-06-06T00:00:37+00:00
ann_as,done,2026-06-06T00:00:57+00:00
annabasmanova,done,2026-06-06T00:01:10+00:00
annagkrr,done,2026-06-06T00:01:24+00:00
annyo_,done,2026-06-06T00:01:35+00:00
anthony_floress,done,2026-06-06T00:01:48+00:00
anu_92,done,2026-06-06T00:02:07+00:00
anubisjudge,done,2026-06-06T00:02:21+00:00
apb2811,done,2026-06-06T00:02:34+00:00
areysam,done,2026-06-06T00:02:47+00:00
ariaragx,done,2026-06-06T00:02:59+00:00
ariel_clmb,done,2026-06-06T00:03:15+00:00
arloarcenal,done,2026-06-06T00:03:33+00:00
arshkk,done,2026-06-06T00:03:45+00:00
arsorenn,done,2026-06-06T00:04:00+00:00
arthurlorth,done,2026-06-06T00:04:12+00:00
arti10,done,2026-06-06T00:04:29+00:00
arun_ashok,done,2026-06-06T00:04:41+00:00
arya1105,done,2026-06-06T00:04:52+00:00
aryansatdivee,done,2026-06-06T00:05:06+00:00
aryasukafilm,done,2026-06-06T00:05:20+00:00
aspw,done,2026-06-06T00:05:35+00:00
atesontop,done,2026-06-06T00:05:48+00:00
atloilydba,done,2026-06-06T00:06:01+00:00
ava19m,done,2026-06-06T00:06:14+00:00
avogadrosez,done,2026-06-06T00:06:27+00:00
badgercommander,done,2026-06-06T00:06:48+00:00
baibhavbhatt,done,2026-06-06T00:07:06+00:00
balskavich,done,2026-06-06T00:07:20+00:00
bambanbum,done,2026-06-06T00:07:32+00:00
barbara228,done,2026-06-06T00:07:45+00:00
baronlescopains,done,2026-06-06T00:08:06+00:00
basmaheartpaul,done,2026-06-06T00:08:23+00:00
batsy27,done,2026-06-06T00:08:36+00:00
bazatron04,done,2026-06-06T00:08:49+00:00
bcrispy,done,2026-06-06T00:09:02+00:00
beckeryo,done,2026-06-06T00:09:20+00:00
beeski123,done,2026-06-06T00:09:31+00:00
beezeeee,done,2026-06-06T00:09:42+00:00
beluga_whale,done,2026-06-06T00:09:59+00:00
benediktasamarz,done,2026-06-06T00:10:11+00:00
bere_thnlt,done,2026-06-06T00:10:27+00:00
berserkzone,done,2026-06-06T00:10:42+00:00
bewars,done,2026-06-06T00:10:55+00:00
big__bird,done,2026-06-06T00:11:13+00:00
biglou52,done,2026-06-06T00:11:29+00:00
binaroollss,done,2026-06-06T00:11:48+00:00
bingobengo9,done,2026-06-06T00:12:03+00:00
blabal019,done,2026-06-06T00:12:16+00:00
blakeyow,done,2026-06-06T00:12:28+00:00
boylewill,done,2026-06-06T00:12:41+00:00
boystone,done,2026-06-06T00:12:57+00:00
bradymcl,done,2026-06-06T00:13:08+00:00
bragelbro,done,2026-06-06T00:13:22+00:00
braincandy__,done,2026-06-06T00:13:33+00:00
branco_magico,done,2026-06-06T00:13:45+00:00
briannaswan,done,2026-06-06T00:14:00+00:00
browncam183,done,2026-06-06T00:14:11+00:00
bumsta99,done,2026-06-06T00:14:24+00:00
bustalamo,done,2026-06-06T00:14:40+00:00
bwyrsch7,done,2026-06-06T00:14:52+00:00
bxnished,done,2026-06-06T00:15:14+00:00
byonic0,done,2026-06-06T00:15:34+00:00
c0ffeewh0re,done,2026-06-06T00:15:46+00:00
c4r8,done,2026-06-06T00:15:58+00:00
cacac,done,2026-06-06T00:16:10+00:00
cainines,done,2026-06-06T00:16:28+00:00
caitysol,done,2026-06-06T00:16:39+00:00
cameron1551,done,2026-06-06T00:16:52+00:00
cameronethan,done,2026-06-06T00:17:05+00:00
candelaroma,done,2026-06-06T00:17:16+00:00
canfeel,done,2026-06-06T00:17:34+00:00
caressedbyswans,done,2026-06-06T00:17:48+00:00
carliniha,done,2026-06-06T00:18:03+00:00
carlota76,done,2026-06-06T00:18:13+00:00
carlucci_remi,done,2026-06-06T00:18:29+00:00
carrotcake33,done,2026-06-06T00:18:45+00:00
cassandr17,done,2026-06-06T00:18:57+00:00
cctrlm,done,2026-06-06T00:19:09+00:00
cesia_1443,done,2026-06-06T00:19:22+00:00
cha_llvr,done,2026-06-06T00:19:36+00:00
chalacoste33,done,2026-06-06T00:19:51+00:00
chameleeon_mp4,done,2026-06-06T00:20:04+00:00
charlotteguibr,done,2026-06-06T00:20:15+00:00
chayee,done,2026-06-06T00:20:26+00:00
cheesepuff1265,done,2026-06-06T00:20:36+00:00
cherryfroot,done,2026-06-06T00:20:52+00:00
chillpaw,done,2026-06-06T00:21:08+00:00
chocwiepo,done,2026-06-06T00:21:20+00:00
ciyaus,done,2026-06-06T00:21:31+00:00
claraflix,done,2026-06-06T00:21:49+00:00
claratslt,done,2026-06-06T00:22:10+00:00
clari__p,done,2026-06-06T00:22:21+00:00
clelie_prt06,done,2026-06-06T00:22:33+00:00
clemzer21,done,2026-06-06T00:22:48+00:00
clicktobesaved,done,2026-06-06T00:23:01+00:00
colbythegrape,done,2026-06-06T00:23:16+00:00
coolendcold,done,2026-06-06T00:23:29+00:00
coolio4668,done,2026-06-06T00:23:44+00:00
corzati,done,2026-06-06T00:23:58+00:00
cotaportier,done,2026-06-06T00:24:13+00:00
crackhead06,done,2026-06-06T00:24:30+00:00
cresiah,done,2026-06-06T00:24:42+00:00
cryogf,done,2026-06-06T00:24:57+00:00
daily01,done,2026-06-06T00:25:10+00:00
daisylewis24,done,2026-06-06T00:25:24+00:00
daksoon,done,2026-06-06T00:25:43+00:00
dannysaan,done,2026-06-06T00:25:56+00:00
davidpalmtree,done,2026-06-06T00:26:06+00:00
daydrmn,done,2026-06-06T00:26:18+00:00
deadheadjunior,done,2026-06-06T00:26:32+00:00
deafblindduck,done,2026-06-06T00:26:49+00:00
defalt3,done,2026-06-06T00:27:01+00:00
delnazz,done,2026-06-06T00:27:12+00:00
delon_chilll,done,2026-06-06T00:27:26+00:00
deniseb26,done,2026-06-06T00:27:36+00:00
dex73,done,2026-06-06T00:27:52+00:00
dfint64,done,2026-06-06T00:28:03+00:00
dg_27,done,2026-06-06T00:28:15+00:00
diama2,done,2026-06-06T00:28:25+00:00
diegogs812,done,2026-06-06T00:28:38+00:00
diegoofalderaan,done,2026-06-06T00:28:57+00:00
dietd3th,done,2026-06-06T00:29:10+00:00
dldl221,done,2026-06-06T00:29:20+00:00
donpepas69,done,2026-06-06T00:29:32+00:00
dophill93,done,2026-06-06T00:29:46+00:00
doritoz68,done,2026-06-06T00:30:04+00:00
drackson1,done,2026-06-06T00:30:16+00:00
dragonite1020,done,2026-06-06T00:30:28+00:00
drjackabbot,done,2026-06-06T00:30:38+00:00
eagles818,done,2026-06-06T00:30:49+00:00
ealmyra,done,2026-06-06T00:31:07+00:00
eatmaggi,done,2026-06-06T00:31:21+00:00
eceaydr,done,2026-06-06T00:31:33+00:00
edenskii,done,2026-06-06T00:31:45+00:00
eepcoli,done,2026-06-06T00:31:57+00:00
egesozen,done,2026-06-06T00:32:13+00:00
eigenvalued,done,2026-06-06T00:32:26+00:00
eleeleet,done,2026-06-06T00:32:36+00:00
eligaddis,done,2026-06-06T00:32:47+00:00
elliotreed5,done,2026-06-06T00:32:59+00:00
emcsquaredd,done,2026-06-06T00:33:17+00:00
emimiiii_,done,2026-06-06T00:33:27+00:00
emma_mnt,done,2026-06-06T00:33:42+00:00
emrs00,done,2026-06-06T00:33:52+00:00
enzymezo,done,2026-06-06T00:34:03+00:00
ercopey,done,2026-06-06T00:34:23+00:00
erhanbulucu,done,2026-06-06T00:34:35+00:00
estyben1862,done,2026-06-06T00:34:48+00:00
ethandonovan24,done,2026-06-06T00:35:00+00:00
evaor,done,2026-06-06T00:35:10+00:00
eves09,done,2026-06-06T00:35:28+00:00
evilbitchinprek,done,2026-06-06T00:35:40+00:00
exeterminator,done,2026-06-06T00:35:53+00:00
f_20257,done,2026-06-06T00:36:05+00:00
fadds2812,done,2026-06-06T00:36:19+00:00
fadeintoyu,done,2026-06-06T00:36:38+00:00
fadlanis,done,2026-06-06T00:36:51+00:00
fadwabander,done,2026-06-06T00:37:04+00:00
fahryjoestarz,done,2026-06-06T00:37:17+00:00
fallen_luci,done,2026-06-06T00:37:30+00:00
fanyln_,done,2026-06-06T00:37:54+00:00
fateema__,done,2026-06-06T00:38:09+00:00
filepenyez,done,2026-06-06T00:38:20+00:00
filmcandia,done,2026-06-06T00:38:31+00:00
finbar_tilley,done,2026-06-06T00:38:45+00:00
fionaelainev,done,2026-06-06T00:39:02+00:00
fisher2323,done,2026-06-06T00:39:13+00:00
flashooow,done,2026-06-06T00:39:23+00:00
floppyflops,done,2026-06-06T00:39:39+00:00
fobniga,done,2026-06-06T00:39:49+00:00
fraangb_,done,2026-06-06T00:40:11+00:00
frameal,done,2026-06-06T00:40:30+00:00
franqitopi,done,2026-06-06T00:40:42+00:00
freezix,done,2026-06-06T00:40:53+00:00
freudiangown,done,2026-06-06T00:41:08+00:00
fuegofm,done,2026-06-06T00:41:26+00:00
g0staz,done,2026-06-06T00:41:44+00:00
g_for_grace,done,2026-06-06T00:41:57+00:00
gab1717,done,2026-06-06T00:42:11+00:00
gab2345,done,2026-06-06T00:42:22+00:00
gabrick_501,done,2026-06-06T00:42:38+00:00
gamgiulia,done,2026-06-06T00:42:53+00:00
gandanoia,done,2026-06-06T00:43:04+00:00
gaoprisco10,done,2026-06-06T00:43:15+00:00
gautam008,done,2026-06-06T00:43:27+00:00
gemorion,done,2026-06-06T00:43:46+00:00
gh7221,done,2026-06-06T00:43:59+00:00
giadnap,done,2026-06-06T00:44:11+00:00
ginnybux,done,2026-06-06T00:44:26+00:00
girlnextdoor_1,done,2026-06-06T00:44:40+00:00
giuuuuz,done,2026-06-06T00:44:55+00:00
gjaontjg,done,2026-06-06T00:45:06+00:00
gl1tterstank,done,2026-06-06T00:45:18+00:00
goronakamoto,done,2026-06-06T00:45:29+00:00
greyc18,done,2026-06-06T00:45:43+00:00
gsolano100,done,2026-06-06T00:45:59+00:00
guna_05,done,2026-06-06T00:46:13+00:00
guulay,done,2026-06-06T00:46:24+00:00
gzeynepp,done,2026-06-06T00:46:36+00:00
haanniiaa,done,2026-06-06T00:46:50+00:00
hamster0x0,done,2026-06-06T00:47:10+00:00
hangeszs,done,2026-06-06T00:47:25+00:00
haniaeloelo,done,2026-06-06T00:47:36+00:00
hapizzs,done,2026-06-06T00:47:48+00:00
happylife18,done,2026-06-06T00:47:59+00:00
harinarayan07,done,2026-06-06T00:48:15+00:00
harry108,done,2026-06-06T00:48:27+00:00
heisenberg6666,done,2026-06-06T00:48:40+00:00
helene1234,done,2026-06-06T00:48:50+00:00
helgegon,done,2026-06-06T00:49:00+00:00
hellimac,done,2026-06-06T00:49:15+00:00
henneberg,done,2026-06-06T00:49:25+00:00
henrydrax,done,2026-06-06T00:49:36+00:00
henrydw_,done,2026-06-06T00:49:47+00:00
heyypkpl,done,2026-06-06T00:50:00+00:00
hiamy,done,2026-06-06T00:50:19+00:00
hic34,done,2026-06-06T00:50:31+00:00
hristovmh67,done,2026-06-06T00:50:44+00:00
iamsohaibilyas,done,2026-06-06T00:50:56+00:00
iceicewater,done,2026-06-06T00:51:10+00:00
iinggum,done,2026-06-06T00:51:31+00:00
ilaria_24,done,2026-06-06T00:51:45+00:00
ilovefilmsmiki,done,2026-06-06T00:51:57+00:00
iluvcranberi,done,2026-06-06T00:52:11+00:00
imsolen,done,2026-06-06T00:52:24+00:00
imthesenate,done,2026-06-06T00:52:41+00:00
imuce_,done,2026-06-06T00:52:51+00:00
indiab31,done,2026-06-06T00:53:04+00:00
inziziwetrust,done,2026-06-06T00:53:20+00:00
isabellesa,done,2026-06-06T00:53:37+00:00
isaiaharmour,done,2026-06-06T00:53:54+00:00
isbog,done,2026-06-06T00:54:06+00:00
ishmaell,done,2026-06-06T00:54:22+00:00
iskaloui,done,2026-06-06T00:54:35+00:00
isleymf,done,2026-06-06T00:54:48+00:00
ismorales,done,2026-06-06T00:55:05+00:00
item17a,done,2026-06-06T00:55:19+00:00
itsjana_moviess,done,2026-06-06T00:55:29+00:00
itsyaboidano,done,2026-06-06T00:55:43+00:00
ivonavulic,done,2026-06-06T00:55:54+00:00
izzy_nas,done,2026-06-06T00:56:12+00:00
janerikpatrick,done,2026-06-06T00:56:24+00:00
jasperarchie,done,2026-06-06T00:56:35+00:00
jav0c,done,2026-06-06T00:56:48+00:00
javloniy,done,2026-06-06T00:57:00+00:00
jbacks12,done,2026-06-06T00:57:16+00:00
jckynjill,done,2026-06-06T00:57:31+00:00
jd4100,done,2026-06-06T00:57:43+00:00
jendazen,done,2026-06-06T00:57:59+00:00
jette07,done,2026-06-06T00:58:15+00:00
jireall,done,2026-06-06T00:58:30+00:00
jjkaizokuou,done,2026-06-06T00:58:46+00:00
jjoy899,done,2026-06-06T00:58:59+00:00
jln777,done,2026-06-06T00:59:18+00:00
jmdawg,done,2026-06-06T00:59:31+00:00
joanna67,done,2026-06-06T00:59:48+00:00
joeefanmason,done,2026-06-06T00:59:59+00:00
joelhernanndez,done,2026-06-06T01:00:10+00:00
joeyhe01,done,2026-06-06T01:00:21+00:00
joeyiz,done,2026-06-06T01:00:36+00:00
joeysarchive,done,2026-06-06T01:00:59+00:00
johannamazr,done,2026-06-06T01:01:11+00:00
john101804,done,2026-06-06T01:01:26+00:00
john_creasy,done,2026-06-06T01:01:37+00:00
johnconnelly85,done,2026-06-06T01:01:51+00:00
joli05,done,2026-06-06T01:02:06+00:00
jrod_choclo,done,2026-06-06T01:02:19+00:00
jrsarah,done,2026-06-06T01:02:31+00:00
jubings,done,2026-06-06T01:02:45+00:00
juliamaalv,done,2026-06-06T01:02:57+00:00
just1person,done,2026-06-06T01:03:14+00:00
justforj,done,2026-06-06T01:03:27+00:00
justinmm357,done,2026-06-06T01:03:38+00:00
k1fkaesque,done,2026-06-06T01:03:49+00:00
k4sew,done,2026-06-06T01:04:02+00:00
k_atwood,done,2026-06-06T01:04:20+00:00
kaamicrazy,done,2026-06-06T01:04:34+00:00
kaiser_sause,done,2026-06-06T01:04:47+00:00
kalisto46,done,2026-06-06T01:05:00+00:00
karmakamilienne,done,2026-06-06T01:05:13+00:00
karolinaciepla,done,2026-06-06T01:05:28+00:00
kartikeysaxena,done,2026-06-06T01:05:44+00:00
kat_van_spook,done,2026-06-06T01:05:57+00:00
katskiii_,done,2026-06-06T01:06:07+00:00
kayleem04,done,2026-06-06T01:06:23+00:00
kc_kurzzzz,done,2026-06-06T01:06:40+00:00
keiwaiyem,done,2026-06-06T01:06:49+00:00
kevo24,done,2026-06-06T01:07:02+00:00
khaledmuhamed,done,2026-06-06T01:07:13+00:00
khitheguy,done,2026-06-06T01:07:27+00:00
khushhal_3010,done,2026-06-06T01:07:43+00:00
kimberlygiatan,done,2026-06-06T01:07:58+00:00
kimminyeong,done,2026-06-06T01:08:12+00:00
kitkatnoya,done,2026-06-06T01:08:24+00:00
kkkkkwan,done,2026-06-06T01:08:38+00:00
kkkyyyxxm,done,2026-06-06T01:08:56+00:00
klopsik,done,2026-06-06T01:09:08+00:00
kneeiana,done,2026-06-06T01:09:22+00:00
knhza,done,2026-06-06T01:09:37+00:00
kokoizad,done,2026-06-06T01:09:48+00:00
kookuette,done,2026-06-06T01:10:03+00:00
ksturg771,done,2026-06-06T01:10:14+00:00
kurtisknowles,done,2026-06-06T01:10:25+00:00
kxlil_,done,2026-06-06T01:10:37+00:00
kylej00,done,2026-06-06T01:10:49+00:00
kyokusanagi,done,2026-06-06T01:11:05+00:00
la_nanda,done,2026-06-06T01:11:19+00:00
laccromyrmex,done,2026-06-06T01:11:33+00:00
lady9o9,done,2026-06-06T01:11:44+00:00
laliq,done,2026-06-06T01:11:59+00:00
lavashaklord,done,2026-06-06T01:12:16+00:00
lazzarush,done,2026-06-06T01:12:28+00:00
leadpoisonings,done,2026-06-06T01:12:41+00:00
leathefaced,done,2026-06-06T01:12:52+00:00
lelel4fripouil,done,2026-06-06T01:13:03+00:00
leonoorrm,done,2026-06-06T01:13:19+00:00
leotaylorpizza,done,2026-06-06T01:13:32+00:00
lexrycroft,done,2026-06-06T01:13:43+00:00
liability24,done,2026-06-06T01:13:56+00:00
liam_neg07,done,2026-06-06T01:14:09+00:00
liamash05,done,2026-06-06T01:14:26+00:00
lilianax71,done,2026-06-06T01:14:39+00:00
liliesvenom,done,2026-06-06T01:14:54+00:00
lillykezza,done,2026-06-06T01:15:07+00:00
lilou_dpt3112,done,2026-06-06T01:15:17+00:00
lilrew,done,2026-06-06T01:15:34+00:00
linheo,done,2026-06-06T01:15:46+00:00
lio_pdm,done,2026-06-06T01:15:58+00:00
lioulou,done,2026-06-06T01:16:07+00:00
lizaliz4,done,2026-06-06T01:16:18+00:00
lizzieking0707,done,2026-06-06T01:16:35+00:00
lonefield,done,2026-06-06T01:16:50+00:00
louienatasha,done,2026-06-06T01:17:01+00:00
lovelylilacz,done,2026-06-06T01:17:12+00:00
loz_zzy,done,2026-06-06T01:17:25+00:00
lucielayne,done,2026-06-06T01:17:41+00:00
lucyfairfax,done,2026-06-06T01:17:54+00:00
lukestewr,done,2026-06-06T01:18:07+00:00
lulu54films,done,2026-06-06T01:18:21+00:00
luluicia,done,2026-06-06T01:18:33+00:00
luwrixy,done,2026-06-06T01:18:48+00:00
luzzhv,done,2026-06-06T01:19:01+00:00
lylarosekerr11,done,2026-06-06T01:19:16+00:00
lzzysxmin,done,2026-06-06T01:19:26+00:00
maddiehanley,done,2026-06-06T01:19:38+00:00
madhuragr,done,2026-06-06T01:19:56+00:00
madisonclaire09,done,2026-06-06T01:20:10+00:00
madolive53,done,2026-06-06T01:20:23+00:00
maganick,done,2026-06-06T01:20:34+00:00
magicfloater,done,2026-06-06T01:20:45+00:00
mahrus,done,2026-06-06T01:21:02+00:00
majduddeen,done,2026-06-06T01:21:15+00:00
majisarap,done,2026-06-06T01:21:28+00:00
makemewatch,done,2026-06-06T01:21:41+00:00
malfurhud,done,2026-06-06T01:21:53+00:00
maliksarell,done,2026-06-06T01:22:07+00:00
manellii,done,2026-06-06T01:22:20+00:00
mar1oukos,done,2026-06-06T01:22:31+00:00
marcus211,done,2026-06-06T01:22:43+00:00
marenjosdal,done,2026-06-06T01:22:56+00:00
marieboulicaut,done,2026-06-06T01:23:12+00:00
maris04_,done,2026-06-06T01:23:23+00:00
marisoljulie,done,2026-06-06T01:23:36+00:00
markshaa,done,2026-06-06T01:23:49+00:00
markusberg,done,2026-06-06T01:24:00+00:00
marlbr,done,2026-06-06T01:24:16+00:00
marssyy,done,2026-06-06T01:24:28+00:00
martiblue13,done,2026-06-06T01:24:41+00:00
martynka8,done,2026-06-06T01:24:54+00:00
maru_sa,done,2026-06-06T01:25:09+00:00
maruagain,done,2026-06-06T01:25:26+00:00
masonpattoo,done,2026-06-06T01:25:36+00:00
mastiraja,done,2026-06-06T01:25:50+00:00
mateo575,done,2026-06-06T01:26:00+00:00
matsoprinceps,done,2026-06-06T01:26:14+00:00
maurits_vdg,done,2026-06-06T01:26:34+00:00
mavima_vi,done,2026-06-06T01:26:45+00:00
mayaplaya2014,done,2026-06-06T01:26:59+00:00
mckaycal,done,2026-06-06T01:27:09+00:00
meatforpit,done,2026-06-06T01:27:18+00:00
megumisloml,done,2026-06-06T01:27:36+00:00
mehakchadha,done,2026-06-06T01:27:47+00:00
melek_artdept,done,2026-06-06T01:27:57+00:00
meow1257,done,2026-06-06T01:28:09+00:00
mequisu,done,2026-06-06T01:28:22+00:00
meridabroch,done,2026-06-06T01:28:38+00:00
meroxi3,done,2026-06-06T01:28:49+00:00
metagr0ss,done,2026-06-06T01:29:02+00:00
mfolco,done,2026-06-06T01:29:18+00:00
mgz327,done,2026-06-06T01:29:29+00:00
michaelaholtz,done,2026-06-06T01:29:44+00:00
midepa,done,2026-06-06T01:29:55+00:00
midnighthot,done,2026-06-06T01:30:07+00:00
milenqa_,done,2026-06-06T01:30:19+00:00
milky_666,done,2026-06-06T01:30:33+00:00
millmck,done,2026-06-06T01:30:54+00:00
mimissyyy,done,2026-06-06T01:31:07+00:00
mimu04,done,2026-06-06T01:31:24+00:00
mirai_3,done,2026-06-06T01:31:40+00:00
mirapuz,done,2026-06-06T01:31:54+00:00
mirnurr,done,2026-06-06T01:32:13+00:00
miro2874,done,2026-06-06T01:32:28+00:00
misiasikora,done,2026-06-06T01:32:43+00:00
mjlk_milo,done,2026-06-06T01:32:54+00:00
mohaneg,done,2026-06-06T01:33:08+00:00
mojorojo,done,2026-06-06T01:33:28+00:00
mollp,done,2026-06-06T01:33:41+00:00
mollycoldham,done,2026-06-06T01:33:52+00:00
momolianne,done,2026-06-06T01:34:05+00:00
monish_0817,done,2026-06-06T01:34:17+00:00
monomoo,done,2026-06-06T01:34:34+00:00
mooncathedral,done,2026-06-06T01:34:45+00:00
moonimeow,done,2026-06-06T01:34:54+00:00
moonstarcandy,done,2026-06-06T01:35:06+00:00
moouwra,done,2026-06-06T01:35:18+00:00
moras6,done,2026-06-06T01:35:36+00:00
morimadar,done,2026-06-06T01:35:49+00:00
moriokava,done,2026-06-06T01:36:04+00:00
moscadebar__,done,2026-06-06T01:36:18+00:00
mrf_watches,done,2026-06-06T01:36:30+00:00
mryepes,done,2026-06-06T01:36:48+00:00
mugunthh,done,2026-06-06T01:36:58+00:00
mvieira15,done,2026-06-06T01:37:11+00:00
my_username08,done,2026-06-06T01:37:29+00:00
myoumi,done,2026-06-06T01:37:42+00:00
nacker77,done,2026-06-06T01:38:05+00:00
naddkq,done,2026-06-06T01:38:18+00:00
nadwin,done,2026-06-06T01:38:31+00:00
naghamsalah,done,2026-06-06T01:38:42+00:00
nanayss,done,2026-06-06T01:38:54+00:00
nande4k,done,2026-06-06T01:39:11+00:00
nangnanguy,done,2026-06-06T01:39:24+00:00
nannapariss,done,2026-06-06T01:39:38+00:00
nastycinephile,done,2026-06-06T01:39:50+00:00
natkaaa19,done,2026-06-06T01:40:01+00:00
neeldagoat,done,2026-06-06T01:40:22+00:00
neetuwatchnext,done,2026-06-06T01:40:35+00:00
nell_mrs,done,2026-06-06T01:40:46+00:00
nextmoviee,done,2026-06-06T01:41:01+00:00
neyik,done,2026-06-06T01:41:14+00:00
nez97,done,2026-06-06T01:41:34+00:00
nic73,done,2026-06-06T01:41:48+00:00
nichelet,done,2026-06-06T01:41:58+00:00
nicolesucks124,done,2026-06-06T01:42:13+00:00
nielyo_o,done,2026-06-06T01:42:24+00:00
niluf3rr,done,2026-06-06T01:42:41+00:00
ninithenini,done,2026-06-06T01:42:53+00:00
nivinivi,done,2026-06-06T01:43:06+00:00
nko09,done,2026-06-06T01:43:20+00:00
noabrggmn,done,2026-06-06T01:43:43+00:00
noavoo,done,2026-06-06T01:44:01+00:00
nofe08,done,2026-06-06T01:44:14+00:00
norao0,done,2026-06-06T01:44:32+00:00
nori_niro,done,2026-06-06T01:44:46+00:00
nugispeace,done,2026-06-06T01:45:02+00:00
nxcxllx,done,2026-06-06T01:45:19+00:00
nz6z,done,2026-06-06T01:45:35+00:00
oddethh,done,2026-06-06T01:45:49+00:00
okei_edgy,done,2026-06-06T01:46:03+00:00
om3rstudios,done,2026-06-06T01:46:20+00:00
onsrailyic,done,2026-06-06T01:46:41+00:00
ooogaboogabahh,done,2026-06-06T01:46:55+00:00
operry4,done,2026-06-06T01:47:06+00:00
orintalukder,done,2026-06-06T01:47:19+00:00
ortizzzzzz,done,2026-06-06T01:47:30+00:00
oscaru21,done,2026-06-06T01:47:45+00:00
otdotto,done,2026-06-06T01:47:58+00:00
otterlooo,done,2026-06-06T01:48:11+00:00
owenlucy010,done,2026-06-06T01:48:26+00:00
panosavg,done,2026-06-06T01:48:41+00:00
panyang03,done,2026-06-06T01:49:00+00:00
pardeeps,done,2026-06-06T01:49:11+00:00
paripawar,done,2026-06-06T01:49:22+00:00
passedoutbby,done,2026-06-06T01:49:34+00:00
pattises,done,2026-06-06T01:49:46+00:00
pelerkuda,done,2026-06-06T01:50:06+00:00
pembuyah,done,2026-06-06T01:50:18+00:00
perc30mar,done,2026-06-06T01:50:36+00:00
peterjquill06,done,2026-06-06T01:50:50+00:00
phoenixstanton,done,2026-06-06T01:51:08+00:00
pierre_lf44,done,2026-06-06T01:51:26+00:00
pierreclimacus,done,2026-06-06T01:51:40+00:00
pietroluciani,done,2026-06-06T01:51:51+00:00
piscizmagazine,done,2026-06-06T01:52:03+00:00
pj207,done,2026-06-06T01:52:17+00:00
pnined,done,2026-06-06T01:52:35+00:00
prairieshrew,done,2026-06-06T01:52:49+00:00
promovieseer,done,2026-06-06T01:53:03+00:00
psyberstyle,done,2026-06-06T01:53:17+00:00
qasdervaq,done,2026-06-06T01:53:27+00:00
qrounitorium,done,2026-06-06T01:53:46+00:00
quentastic,done,2026-06-06T01:53:58+00:00
r0ldc,done,2026-06-06T01:54:08+00:00
raaorqtpbpdy,done,2026-06-06T01:54:24+00:00
radita33,done,2026-06-06T01:54:37+00:00
rafanoronha,done,2026-06-06T01:54:54+00:00
rahhmamuhhamed,done,2026-06-06T01:55:09+00:00
ranvix,done,2026-06-06T01:55:22+00:00
rapiidgf,done,2026-06-06T01:55:34+00:00
ratatouillefan5,done,2026-06-06T01:55:45+00:00
rawr_rawr_woof,done,2026-06-06T01:56:02+00:00
re1kv,done,2026-06-06T01:56:14+00:00
rebekko7,done,2026-06-06T01:56:28+00:00
rei1504,done,2026-06-06T01:56:39+00:00
reling,done,2026-06-06T01:56:52+00:00
renfyrr,done,2026-06-06T01:57:10+00:00
renorenoo,done,2026-06-06T01:57:25+00:00
returnxforce,done,2026-06-06T01:57:36+00:00
revieweeview,done,2026-06-06T01:57:48+00:00
rezkyselvyra,done,2026-06-06T01:58:02+00:00
richiest26,done,2026-06-06T01:58:21+00:00
rics11,done,2026-06-06T01:58:31+00:00
rimann,done,2026-06-06T01:58:44+00:00
rnallen1,done,2026-06-06T01:58:57+00:00
roachmonk,done,2026-06-06T01:59:12+00:00
rociocastano_,done,2026-06-06T01:59:30+00:00
rodd_go,done,2026-06-06T01:59:42+00:00
roqia_sherif,done,2026-06-06T01:59:52+00:00
rubyzyl,done,2026-06-06T02:00:04+00:00
sabugoo,done,2026-06-06T02:00:16+00:00
sadlesbianeyes,done,2026-06-06T02:00:33+00:00
saltedpopcorn3,done,2026-06-06T02:00:45+00:00
samcrispy,done,2026-06-06T02:01:00+00:00
samie99,done,2026-06-06T02:01:18+00:00
sammy_knows,done,2026-06-06T02:01:31+00:00
samu_7_,done,2026-06-06T02:01:48+00:00
sardr,done,2026-06-06T02:01:59+00:00
sashart,done,2026-06-06T02:02:13+00:00
sassymilka,done,2026-06-06T02:02:36+00:00
sasuuyy,done,2026-06-06T02:02:50+00:00
saumyyaojha,done,2026-06-06T02:03:06+00:00
savdagupion,done,2026-06-06T02:03:18+00:00
savedmyeggs,done,2026-06-06T02:03:32+00:00
schrofingerbiv,done,2026-06-06T02:03:45+00:00
secretreel,done,2026-06-06T02:03:58+00:00
selmandoruk,done,2026-06-06T02:04:16+00:00
sentimentalbet,done,2026-06-06T02:04:27+00:00
shades10110,done,2026-06-06T02:04:38+00:00
shaffyyy,done,2026-06-06T02:04:49+00:00
shalalilulelo,done,2026-06-06T02:05:05+00:00
shangsha,done,2026-06-06T02:05:23+00:00
sharanyaaa,done,2026-06-06T02:05:33+00:00
sharkzzs,done,2026-06-06T02:05:44+00:00
shelliee,done,2026-06-06T02:05:58+00:00
shennnayang,done,2026-06-06T02:06:12+00:00
shmagss,done,2026-06-06T02:06:31+00:00
shubh231,done,2026-06-06T02:06:43+00:00
shyda_shahin,done,2026-06-06T02:06:54+00:00
sicchesi,done,2026-06-06T02:07:06+00:00
simonmegalox,done,2026-06-06T02:07:20+00:00
sirkisneige,done,2026-06-06T02:07:39+00:00
skerofwayt,done,2026-06-06T02:07:57+00:00
skitrip1,done,2026-06-06T02:08:09+00:00
slater_crandall,done,2026-06-06T02:08:22+00:00
slayeriebat,done,2026-06-06T02:08:34+00:00
slippinjimmy111,done,2026-06-06T02:08:53+00:00
slothlover63,done,2026-06-06T02:09:13+00:00
sm00thy,done,2026-06-06T02:09:26+00:00
smllima,done,2026-06-06T02:09:38+00:00
snorrr,done,2026-06-06T02:09:54+00:00
sockeye13,done,2026-06-06T02:10:12+00:00
sofiaaxl013,done,2026-06-06T02:10:24+00:00
sofianelamenace,done,2026-06-06T02:10:36+00:00
solenewillemart,done,2026-06-06T02:10:49+00:00
sop_hie010,done,2026-06-06T02:11:02+00:00
sossxboy,done,2026-06-06T02:11:21+00:00
soulilac,done,2026-06-06T02:11:34+00:00
soulnee,done,2026-06-06T02:11:48+00:00
souxfol,done,2026-06-06T02:12:00+00:00
sowensij,done,2026-06-06T02:12:12+00:00
spaceblueboy190,done,2026-06-06T02:12:31+00:00
spaghettibeast,done,2026-06-06T02:12:44+00:00
spambutter,done,2026-06-06T02:12:57+00:00
spanksinatra,done,2026-06-06T02:13:08+00:00
spitz322,done,2026-06-06T02:13:18+00:00
sseom,done,2026-06-06T02:13:40+00:00
ssmarti,done,2026-06-06T02:13:51+00:00
st0j,done,2026-06-06T02:14:06+00:00
staressence,done,2026-06-06T02:14:20+00:00
starkesburyie,done,2026-06-06T02:14:36+00:00
steve_brule,done,2026-06-06T02:14:54+00:00
stevensumner01,done,2026-06-06T02:15:08+00:00
stxsoul,done,2026-06-06T02:15:26+00:00
sunmarysun,done,2026-06-06T02:15:40+00:00
sunny_luk,done,2026-06-06T02:15:53+00:00
sydney555,done,2026-06-06T02:16:12+00:00
syeinvain,done,2026-06-06T02:16:23+00:00
taarene,done,2026-06-06T02:16:35+00:00
takmaad,done,2026-06-06T02:16:47+00:00
tallblondchick1,done,2026-06-06T02:17:01+00:00
tantwd,done,2026-06-06T02:17:18+00:00
taw1031,done,2026-06-06T02:17:30+00:00
tbyrd15,done,2026-06-06T02:17:41+00:00
tdogg42069,done,2026-06-06T02:17:54+00:00
teenageblu33,done,2026-06-06T02:18:07+00:00
teosssb4,done,2026-06-06T02:18:25+00:00
thabetsaeed,done,2026-06-06T02:18:37+00:00
the_doorknob456,done,2026-06-06T02:18:52+00:00
the_rosebride,done,2026-06-06T02:19:03+00:00
theauroradiarie,done,2026-06-06T02:19:17+00:00
theflamly,done,2026-06-06T02:19:38+00:00
thesoftestsound,done,2026-06-06T02:19:52+00:00
thp_,done,2026-06-06T02:20:03+00:00
tillypierson,done,2026-06-06T02:20:14+00:00
titou_dfg,done,2026-06-06T02:20:25+00:00
tommck12,done,2026-06-06T02:20:44+00:00
tommyreviews,done,2026-06-06T02:21:05+00:00
trashhhentity,done,2026-06-06T02:21:17+00:00
trx_02,done,2026-06-06T02:21:29+00:00
ttozja,done,2026-06-06T02:21:45+00:00
tuktukkkk,done,2026-06-06T02:22:08+00:00
turnergabriel,done,2026-06-06T02:22:23+00:00
tvguru,done,2026-06-06T02:22:35+00:00
tvshowsrbetter,done,2026-06-06T02:22:48+00:00
tzuyumania,done,2026-06-06T02:23:07+00:00
unicornfarsts,done,2026-06-06T02:23:22+00:00
uxiasmemory,done,2026-06-06T02:23:37+00:00
v3p,done,2026-06-06T02:23:51+00:00
valdemar89,done,2026-06-06T02:24:02+00:00
vanillas0ur,done,2026-06-06T02:24:15+00:00
vansseaddd,done,2026-06-06T02:24:32+00:00
varyaxb,done,2026-06-06T02:24:47+00:00
vavabu,done,2026-06-06T02:24:59+00:00
verbucky,done,2026-06-06T02:25:10+00:00
vingt_un,done,2026-06-06T02:25:23+00:00
viollencce,done,2026-06-06T02:25:39+00:00
visshy,done,2026-06-06T02:25:51+00:00
viyen,done,2026-06-06T02:26:04+00:00
vsalazar831,done,2026-06-06T02:26:19+00:00
vsangela,done,2026-06-06T02:26:32+00:00
vu1gargenius,done,2026-06-06T02:26:52+00:00
walaa_565,done,2026-06-06T02:27:07+00:00
wanabeyo,done,2026-06-06T02:27:18+00:00
water112,done,2026-06-06T02:27:31+00:00
weathereport30,done,2026-06-06T02:27:41+00:00
wensoneee,done,2026-06-06T02:27:57+00:00
whiteqwx,done,2026-06-06T02:28:14+00:00
why_tho161,done,2026-06-06T02:28:27+00:00
williamcerdelli,done,2026-06-06T02:28:38+00:00
williamkain,done,2026-06-06T02:28:52+00:00
willpainter,done,2026-06-06T02:29:08+00:00
winerose,done,2026-06-06T02:29:21+00:00
wizardofplay,done,2026-06-06T02:29:32+00:00
wnba,done,2026-06-06T02:29:46+00:00
wopieo,done,2026-06-06T02:29:58+00:00
xap12,done,2026-06-06T02:30:18+00:00
ybeney,done,2026-06-06T02:30:31+00:00
yeammfieldd,done,2026-06-06T02:30:43+00:00
yeamy,done,2026-06-06T02:30:54+00:00
yellaa,done,2026-06-06T02:31:07+00:00
yoohyul,done,2026-06-06T02:31:24+00:00
younesayayay,done,2026-06-06T02:31:37+00:00
yoyottesse78,done,2026-06-06T02:31:50+00:00
yqhi,done,2026-06-06T02:32:02+00:00
yuviraze,done,2026-06-06T02:32:14+00:00
yyleis,done,2026-06-06T02:32:29+00:00
zakail10,done,2026-06-06T02:32:40+00:00
zataratasha,done,2026-06-06T02:32:56+00:00
zenletterb,done,2026-06-06T02:33:09+00:00
zhianzj,done,2026-06-06T02:33:21+00:00
ziror,done,2026-06-06T02:33:40+00:00
zromist8,done,2026-06-06T02:33:54+00:00
zzsh11,done,2026-06-06T02:34:07+00:00
zzz_ia,done,2026-06-06T02:34:19+00:00
05lewie10,done,2026-06-06T02:34:38+00:00
0ddyseus,done,2026-06-06T02:34:59+00:00
0nly4ngel_,done,2026-06-06T02:35:16+00:00
0sit0t0,done,2026-06-06T02:35:27+00:00
0xy2,done,2026-06-06T02:35:39+00:00
113ll0,done,2026-06-06T02:35:51+00:00
1154rafa,done,2026-06-06T02:36:08+00:00
1922forrestgump,done,2026-06-06T02:36:20+00:00
1_800_st0p,done,2026-06-06T02:36:34+00:00
1cytea,done,2026-06-06T02:36:48+00:00
1fey,done,2026-06-06T02:37:06+00:00
1nit,done,2026-06-06T02:37:20+00:00
1nkachip,done,2026-06-06T02:37:34+00:00
1nxyah,done,2026-06-06T02:37:48+00:00
1onewingedangel,done,2026-06-06T02:38:06+00:00
1saw,done,2026-06-06T02:38:18+00:00
1tthou,done,2026-06-06T02:38:37+00:00
1xmax,done,2026-06-06T02:38:49+00:00
1zu,done,2026-06-06T02:39:05+00:00
23skendrick,done,2026-06-06T02:39:23+00:00
26cyberworms,done,2026-06-06T02:39:40+00:00
2hrsinterlude,done,2026-06-06T02:39:53+00:00
2ji4ji0,done,2026-06-06T02:40:05+00:00
2sej,done,2026-06-06T02:40:22+00:00
2tuff2cool,done,2026-06-06T02:40:40+00:00
333sage,done,2026-06-06T02:40:58+00:00
3_xtcii,done,2026-06-06T02:41:17+00:00
3_xunne,done,2026-06-06T02:41:28+00:00
3bii,done,2026-06-06T02:41:43+00:00
3hr,done,2026-06-06T02:42:06+00:00
3mm_ma,done,2026-06-06T02:42:21+00:00
3ptslow,done,2026-06-06T02:42:36+00:00
3ushicat,done,2026-06-06T02:42:52+00:00
444orin,done,2026-06-06T02:43:05+00:00
45tliro,done,2026-06-06T02:43:23+00:00
4ch1,done,2026-06-06T02:43:38+00:00
4d5,done,2026-06-06T02:43:52+00:00
4ever3,done,2026-06-06T02:44:08+00:00
4hrain,done,2026-06-06T02:44:23+00:00
4lixishere,done,2026-06-06T02:44:42+00:00
4lwh,done,2026-06-06T02:44:59+00:00
4ngelcen,done,2026-06-06T02:45:16+00:00
4ntihero,done,2026-06-06T02:45:34+00:00
4rashil,done,2026-06-06T02:45:51+00:00
4ron1,done,2026-06-06T02:46:08+00:00
4rvin,done,2026-06-06T02:46:21+00:00
4yenmi,done,2026-06-06T02:46:37+00:00
4yniemo,done,2026-06-06T02:46:50+00:00
50nryy,done,2026-06-06T02:47:03+00:00
55x,done,2026-06-06T02:47:27+00:00
5dollarfootlong,done,2026-06-06T02:47:42+00:00
5footwarrior,done,2026-06-06T02:47:59+00:00
5ive5ive5ive,done,2026-06-06T02:48:10+00:00
60rvu5,done,2026-06-06T02:48:23+00:00
66s,done,2026-06-06T02:48:48+00:00
66x,done,2026-06-06T02:49:00+00:00
6amichan,done,2026-06-06T02:49:14+00:00
6burkani,done,2026-06-06T02:49:27+00:00
6degree,done,2026-06-06T02:49:41+00:00
6eigfried,done,2026-06-06T02:50:07+00:00
6o7hc,done,2026-06-06T02:50:20+00:00
7513soflow,done,2026-06-06T02:50:35+00:00
77biamoura,done,2026-06-06T02:50:48+00:00
7eevees,done,2026-06-06T02:50:59+00:00
7eliq,done,2026-06-06T02:51:22+00:00
7mooo7,done,2026-06-06T02:51:41+00:00
7youk,done,2026-06-06T02:51:52+00:00
80selizabeth,done,2026-06-06T02:52:04+00:00
8485,done,2026-06-06T02:52:22+00:00
88alma88,done,2026-06-06T02:52:45+00:00
8onnie,done,2026-06-06T02:52:57+00:00
90qylala,done,2026-06-06T02:53:12+00:00
92si15h,done,2026-06-06T02:53:25+00:00
9haos,done,2026-06-06T02:53:41+00:00
_1maarrjsh_,done,2026-06-06T02:54:02+00:00
_22yul,done,2026-06-06T02:54:19+00:00
___samanth___,done,2026-06-06T02:54:31+00:00
___willn,done,2026-06-06T02:54:46+00:00
__harleen__,done,2026-06-06T02:55:00+00:00
__izzy,done,2026-06-06T02:55:21+00:00
__jacob__,done,2026-06-06T02:55:34+00:00
__savannah__,done,2026-06-06T02:55:47+00:00
_aasiiyaa,done,2026-06-06T02:55:59+00:00
_andreeww,done,2026-06-06T02:56:18+00:00
_anusree_,done,2026-06-06T02:56:36+00:00
_ash_1,done,2026-06-06T02:56:45+00:00
_baraxlo_,done,2026-06-06T02:57:01+00:00
_beanbread,done,2026-06-06T02:57:13+00:00
_blue_cat,done,2026-06-06T02:57:24+00:00
_c1rvx_,done,2026-06-06T02:57:42+00:00
_crybaby94_,done,2026-06-06T02:57:54+00:00
_drumm3r,done,2026-06-06T02:58:11+00:00
_h4554n__,done,2026-06-06T02:58:31+00:00
_j0hn_,done,2026-06-06T02:58:45+00:00
_jaci_,done,2026-06-06T02:59:03+00:00
_jester_,done,2026-06-06T02:59:23+00:00
_jjudiit_,done,2026-06-06T02:59:35+00:00
_junn_,done,2026-06-06T02:59:51+00:00
_justmyluck_,done,2026-06-06T03:00:03+00:00
_jxuann,done,2026-06-06T03:00:22+00:00
_kike_00,done,2026-06-06T03:00:33+00:00
_kishhh22,done,2026-06-06T03:00:45+00:00
_luckii_,done,2026-06-06T03:00:57+00:00
_luluvisa,done,2026-06-06T03:01:13+00:00
_mahii,done,2026-06-06T03:01:34+00:00
_mariiaosoriio,done,2026-06-06T03:01:47+00:00
_masterknight_,done,2026-06-06T03:02:02+00:00
_miuzz_,done,2026-06-06T03:02:15+00:00
_oblivious_12,done,2026-06-06T03:02:26+00:00
_paoo_,done,2026-06-06T03:02:46+00:00
_pinto,done,2026-06-06T03:03:03+00:00
_rhn_jn_18_,done,2026-06-06T03:03:19+00:00
_rosiequartz,done,2026-06-06T03:03:31+00:00
_sheenbean,done,2026-06-06T03:03:42+00:00
_strawbangie,done,2026-06-06T03:04:07+00:00
_thefive_,done,2026-06-06T03:04:19+00:00
_zeni,done,2026-06-06T03:04:33+00:00
a0biabhi,done,2026-06-06T03:04:44+00:00
a19kshat,done,2026-06-06T03:04:58+00:00
a1naa_,done,2026-06-06T03:05:22+00:00
a2ttic,done,2026-06-06T03:05:34+00:00
a6u3,done,2026-06-06T03:05:45+00:00
a77ex,done,2026-06-06T03:05:58+00:00
a7medkhalifa,done,2026-06-06T03:06:11+00:00
a_deer,done,2026-06-06T03:06:37+00:00
a_miggy21,done,2026-06-06T03:06:48+00:00
aaavemaria,done,2026-06-06T03:07:03+00:00
aaking64,done,2026-06-06T03:07:14+00:00
aako0,done,2026-06-06T03:07:28+00:00
aakshathsingh,done,2026-06-06T03:07:51+00:00
aalonxxvi,done,2026-06-06T03:08:02+00:00
aamirken,done,2026-06-06T03:08:16+00:00
aanttonin,done,2026-06-06T03:08:26+00:00
aarohead,done,2026-06-06T03:08:37+00:00
aaron_flat,done,2026-06-06T03:08:55+00:00
aaronarusso,done,2026-06-06T03:09:12+00:00
aaronbradshaww,done,2026-06-06T03:09:26+00:00
aaronsequel,done,2026-06-06T03:09:44+00:00
aaronysaiki,done,2026-06-06T03:09:59+00:00
aarusab,done,2026-06-06T03:10:19+00:00
aarushg,done,2026-06-06T03:10:38+00:00
aastar,done,2026-06-06T03:10:54+00:00
aayusharmaa,done,2026-06-06T03:11:06+00:00
ab3gail,done,2026-06-06T03:11:19+00:00
ab_rondon,done,2026-06-06T03:11:40+00:00
abacodalphaeus,done,2026-06-06T03:11:53+00:00
abada7m,done,2026-06-06T03:12:08+00:00
abarr13,done,2026-06-06T03:12:21+00:00
abbashk,done,2026-06-06T03:12:32+00:00
abbietamsin,done,2026-06-06T03:12:54+00:00
abby_j,done,2026-06-06T03:13:10+00:00
abby_tait,done,2026-06-06T03:13:23+00:00
abbyirwin,done,2026-06-06T03:13:42+00:00
abcdominiqueee,done,2026-06-06T03:13:58+00:00
abcs2227,done,2026-06-06T03:14:17+00:00
abductedbyalien,done,2026-06-06T03:14:32+00:00
abdulkhaleddd,done,2026-06-06T03:14:45+00:00
abdullah31_5,done,2026-06-06T03:15:00+00:00
abdulmalik0,done,2026-06-06T03:15:12+00:00
abhi_shk4,done,2026-06-06T03:15:33+00:00
abhideepsinha,done,2026-06-06T03:15:46+00:00
abhinavrp27,done,2026-06-06T03:16:01+00:00
abhiram77,done,2026-06-06T03:16:14+00:00
abhyudawg11,done,2026-06-06T03:16:29+00:00
abi_321,done,2026-06-06T03:16:47+00:00
abidias,done,2026-06-06T03:17:00+00:00
abigailsleeps,done,2026-06-06T03:17:15+00:00
abillyt,done,2026-06-06T03:17:30+00:00
abishkarr_,done,2026-06-06T03:17:42+00:00
abistarkll,done,2026-06-06T03:18:01+00:00
abnormal_julia,done,2026-06-06T03:18:15+00:00
abrat08,done,2026-06-06T03:18:28+00:00
absklag,done,2026-06-06T03:18:47+00:00
absolute_ramen,done,2026-06-06T03:18:57+00:00
abutshall,done,2026-06-06T03:19:18+00:00
abylay_,done,2026-06-06T03:19:28+00:00
abyss88,done,2026-06-06T03:19:39+00:00
abyssvsthewrld,done,2026-06-06T03:19:54+00:00
acadia_ellis,done,2026-06-06T03:20:06+00:00
acankd,done,2026-06-06T03:20:23+00:00
achighs07,done,2026-06-06T03:20:36+00:00
achillionaire,done,2026-06-06T03:20:50+00:00
achow1024,done,2026-06-06T03:21:01+00:00
acideggrolls,done,2026-06-06T03:21:17+00:00
acieunit,done,2026-06-06T03:21:32+00:00
acorne,done,2026-06-06T03:21:46+00:00
acraig_,done,2026-06-06T03:22:00+00:00
activegastropod,done,2026-06-06T03:22:17+00:00
ad5rs,done,2026-06-06T03:22:36+00:00
adaamigo,done,2026-06-06T03:22:57+00:00
adaj21,done,2026-06-06T03:23:10+00:00
adam_eladeeb,done,2026-06-06T03:23:21+00:00
adam_kesselman,done,2026-06-06T03:23:39+00:00
adambyadam,done,2026-06-06T03:24:01+00:00
adamlan562,done,2026-06-06T03:24:22+00:00
addinyae,done,2026-06-06T03:24:35+00:00
addusername0,done,2026-06-06T03:24:45+00:00
addynicoleee,done,2026-06-06T03:24:56+00:00
adele123456,done,2026-06-06T03:25:09+00:00
adeleinek,done,2026-06-06T03:25:33+00:00
adelitainparis,done,2026-06-06T03:25:51+00:00
ademarjrr,done,2026-06-06T03:26:10+00:00
aden24,done,2026-06-06T03:26:23+00:00
adenslatt,done,2026-06-06T03:26:35+00:00
adesdemanzana41,done,2026-06-06T03:26:58+00:00
adham_42,done,2026-06-06T03:27:15+00:00
adiejonas,done,2026-06-06T03:27:31+00:00
adith3,done,2026-06-06T03:27:48+00:00
adithya80,done,2026-06-06T03:27:59+00:00
adithyan2003,done,2026-06-06T03:28:21+00:00
adithyanadh_m,done,2026-06-06T03:28:40+00:00
adityajkr,done,2026-06-06T03:28:59+00:00
adityaowo,done,2026-06-06T03:29:12+00:00
adityash_,done,2026-06-06T03:29:25+00:00
adnn94,done,2026-06-06T03:29:44+00:00
adri_maes,done,2026-06-06T03:30:03+00:00
adriano_010101,done,2026-06-06T03:30:15+00:00
adrianvilar,done,2026-06-06T03:30:31+00:00
adridff,done,2026-06-06T03:30:45+00:00
adrieauxa,done,2026-06-06T03:31:05+00:00
adrienco,done,2026-06-06T03:31:18+00:00
adriii_g09,done,2026-06-06T03:31:33+00:00
adrisimone,done,2026-06-06T03:31:45+00:00
aeasywayoutk,done,2026-06-06T03:32:01+00:00
aeb99,done,2026-06-06T03:32:22+00:00
aeerysss,done,2026-06-06T03:32:34+00:00
aemschka,done,2026-06-06T03:32:52+00:00
aeno_,done,2026-06-06T03:33:09+00:00
aenodt,done,2026-06-06T03:33:20+00:00
aeshyippi,done,2026-06-06T03:33:41+00:00
aetherisaway,done,2026-06-06T03:33:54+00:00
aeuroi,done,2026-06-06T03:34:10+00:00
aexyu,done,2026-06-06T03:34:23+00:00
afifviscabarca,done,2026-06-06T03:34:39+00:00
afnan8,done,2026-06-06T03:35:01+00:00
afoliard,done,2026-06-06T03:35:15+00:00
afraanm21,done,2026-06-06T03:35:28+00:00
aftabrazakhan,done,2026-06-06T03:35:40+00:00
aftaz,done,2026-06-06T03:35:51+00:00
afxturnip,done,2026-06-06T03:36:17+00:00
ag732,done,2026-06-06T03:36:29+00:00
agar2222,done,2026-06-06T03:36:43+00:00
agatazkwiatka,done,2026-06-06T03:36:56+00:00
agathe_adbt,done,2026-06-06T03:37:10+00:00
agathemz,done,2026-06-06T03:37:33+00:00
aggelos2038,done,2026-06-06T03:37:45+00:00
agigagi09,done,2026-06-06T03:38:00+00:00
agreebledoor123,done,2026-06-06T03:38:12+00:00
agrihii,done,2026-06-06T03:38:24+00:00
agscreen,done,2026-06-06T03:38:47+00:00
aguiargosling,done,2026-06-06T03:38:58+00:00
agustinparera77,done,2026-06-06T03:39:22+00:00
ahaangore,done,2026-06-06T03:39:42+00:00
ahansen2003,done,2026-06-06T03:39:55+00:00
ahbower,done,2026-06-06T03:40:14+00:00
ahiggins31,done,2026-06-06T03:40:28+00:00
ahiruwu,done,2026-06-06T03:40:39+00:00
ahmeettttt,done,2026-06-06T03:40:52+00:00
aicragm92,done,2026-06-06T03:41:04+00:00
aicsity,done,2026-06-06T03:41:24+00:00
aidan2004,done,2026-06-06T03:41:46+00:00
aidancooke,done,2026-06-06T03:42:02+00:00
aidanharbour,done,2026-06-06T03:42:15+00:00
aiden_45,done,2026-06-06T03:42:31+00:00
aidenactivation,done,2026-06-06T03:42:57+00:00
aidenclarkson,done,2026-06-06T03:43:14+00:00
aidenlikesfilms,done,2026-06-06T03:43:31+00:00
aidenstreet,done,2026-06-06T03:43:45+00:00
aidenwatchesshi,done,2026-06-06T03:43:58+00:00
aimeevdb,done,2026-06-06T03:44:20+00:00
ainmaribell17,done,2026-06-06T03:44:34+00:00
ainsguti,done,2026-06-06T03:44:47+00:00
airctrl,done,2026-06-06T03:45:06+00:00
aisakii,done,2026-06-06T03:45:16+00:00
aishajinx,done,2026-06-06T03:45:35+00:00
aislingfulton,done,2026-06-06T03:45:48+00:00
aisyus,done,2026-06-06T03:46:01+00:00
aizena,done,2026-06-06T03:46:12+00:00
aizenxs,done,2026-06-06T03:46:24+00:00
aizzzk,done,2026-06-06T03:46:46+00:00
aj1597,done,2026-06-06T03:46:58+00:00
ajaxt77,done,2026-06-06T03:47:15+00:00
ajay_jindal,done,2026-06-06T03:47:28+00:00
ajaykolli11,done,2026-06-06T03:47:45+00:00
ajb_08,done,2026-06-06T03:48:06+00:00
ajeffe,done,2026-06-06T03:48:18+00:00
ajlego,done,2026-06-06T03:48:31+00:00
ajtopel2003,done,2026-06-06T03:48:50+00:00
akaapram,done,2026-06-06T03:49:05+00:00
akaldjian,done,2026-06-06T03:49:26+00:00
akanayrowe23,done,2026-06-06T03:49:39+00:00
akanchhaya,done,2026-06-06T03:49:51+00:00
akarssh08,done,2026-06-06T03:50:04+00:00
akash_171819,done,2026-06-06T03:50:24+00:00
akashpillaitv,done,2026-06-06T03:50:41+00:00
akhilm8,done,2026-06-06T03:50:56+00:00
akiya402,done,2026-06-06T03:51:11+00:00
akizael,done,2026-06-06T03:51:27+00:00
akshaya015,done,2026-06-06T03:51:42+00:00
aksinvid,done,2026-06-06T03:51:58+00:00
aksn_red,done,2026-06-06T03:52:21+00:00
akylix,done,2026-06-06T03:52:32+00:00
al1cee_1,done,2026-06-06T03:52:42+00:00
al7lo,done,2026-06-06T03:52:59+00:00
alaa_13131,done,2026-06-06T03:53:16+00:00
alacarte210,done,2026-06-06T03:53:28+00:00
alainh,done,2026-06-06T03:53:44+00:00
alamanj,done,2026-06-06T03:54:05+00:00
alanhostick,done,2026-06-06T03:54:25+00:00
alankreimer,done,2026-06-06T03:54:42+00:00
albalopz,done,2026-06-06T03:54:52+00:00
albaxsx,done,2026-06-06T03:55:14+00:00
albertmoviebox,done,2026-06-06T03:55:25+00:00
albo1988,done,2026-06-06T03:55:37+00:00
alcyonegokcen,done,2026-06-06T03:55:57+00:00
ald3barann,done,2026-06-06T03:56:12+00:00
alealea27,done,2026-06-06T03:56:23+00:00
alecks_ded,done,2026-06-06T03:56:38+00:00
aleeeek_thegoat,done,2026-06-06T03:56:54+00:00
alegdg,done,2026-06-06T03:57:10+00:00
alegzmanea,done,2026-06-06T03:57:24+00:00
alekh_filmology,done,2026-06-06T03:57:37+00:00
aleksandrakr,done,2026-06-06T03:57:56+00:00
alellealelle,done,2026-06-06T03:58:08+00:00
aleromanof,done,2026-06-06T03:58:25+00:00
alesc9,done,2026-06-06T03:58:35+00:00
alessiobiblio,done,2026-06-06T03:58:52+00:00
alex4ndraaa,done,2026-06-06T03:59:05+00:00
alex99995,done,2026-06-06T03:59:18+00:00
alex_waxberg,done,2026-06-06T03:59:35+00:00
alexanderlaffa,done,2026-06-06T03:59:46+00:00
alexandraflea,done,2026-06-06T04:00:05+00:00
alexi301,done,2026-06-06T04:00:17+00:00
alexiafln,done,2026-06-06T04:00:37+00:00
alexiahunnie,done,2026-06-06T04:00:55+00:00
alexissaavedra,done,2026-06-06T04:01:13+00:00
alexistexxxas,done,2026-06-06T04:01:25+00:00
alexm2001,done,2026-06-06T04:01:37+00:00
alexmrie,done,2026-06-06T04:01:56+00:00
alexortic,done,2026-06-06T04:02:14+00:00
alexrmzc,done,2026-06-06T04:02:29+00:00
alexsarafinchan,done,2026-06-06T04:02:46+00:00
alextruchris,done,2026-06-06T04:03:01+00:00
alexwong21,done,2026-06-06T04:03:11+00:00
alexxaandrrra,done,2026-06-06T04:03:30+00:00
aleyaleyy,done,2026-06-06T04:03:44+00:00
alfienairn,done,2026-06-06T04:03:57+00:00
alfredo61,done,2026-06-06T04:04:12+00:00
algiz86,done,2026-06-06T04:04:26+00:00
alhal0,done,2026-06-06T04:04:50+00:00
alialrazehi,done,2026-06-06T04:05:04+00:00
aliataa,done,2026-06-06T04:05:20+00:00
alicamiii,done,2026-06-06T04:05:33+00:00
alice_bsc,done,2026-06-06T04:05:46+00:00
alicec4,done,2026-06-06T04:06:06+00:00
alicelcst,done,2026-06-06T04:06:19+00:00
alicemounier,done,2026-06-06T04:06:35+00:00
alicepessoaa,done,2026-06-06T04:06:51+00:00
alicesnovel,done,2026-06-06T04:07:03+00:00
aliciaa_08,done,2026-06-06T04:07:20+00:00
alifereus,done,2026-06-06T04:07:37+00:00
aliii120,done,2026-06-06T04:07:49+00:00
alimuxxl,done,2026-06-06T04:08:00+00:00
alireza96,done,2026-06-06T04:08:14+00:00
alisaeed10,done,2026-06-06T04:08:36+00:00
alisaskaya,done,2026-06-06T04:08:51+00:00
alishovali,done,2026-06-06T04:09:03+00:00
alissonha,done,2026-06-06T04:09:19+00:00
alitahseen,done,2026-06-06T04:09:32+00:00
aliyanikita,done,2026-06-06T04:09:53+00:00
aliyhamin,done,2026-06-06T04:10:05+00:00
allanmar,done,2026-06-06T04:10:19+00:00
allawi_haider,done,2026-06-06T04:10:34+00:00
allegra_palo,done,2026-06-06T04:10:53+00:00
allieschallert,done,2026-06-06T04:11:18+00:00
allineedisbanna,done,2026-06-06T04:11:39+00:00
allisonkring,done,2026-06-06T04:11:56+00:00
allshallparish,done,2026-06-06T04:12:14+00:00
allysswatches,done,2026-06-06T04:12:34+00:00
alma_aslan,done,2026-06-06T04:12:52+00:00
almer2303,done,2026-06-06T04:13:02+00:00
almiraee,done,2026-06-06T04:13:22+00:00
alnitak_a,done,2026-06-06T04:13:37+00:00
alolicious,done,2026-06-06T04:13:47+00:00
alonaj7029,done,2026-06-06T04:14:08+00:00
alor77,done,2026-06-06T04:14:25+00:00
alostweed,done,2026-06-06T04:14:37+00:00
alperen128383,done,2026-06-06T04:14:47+00:00
alphino_god,done,2026-06-06T04:14:58+00:00
alpim,done,2026-06-06T04:15:17+00:00
altarofdecay,done,2026-06-06T04:15:34+00:00
altmirzaev,done,2026-06-06T04:15:48+00:00
alv1nk,done,2026-06-06T04:16:02+00:00
alvaritoyferxoo,done,2026-06-06T04:16:14+00:00
alxiiss,done,2026-06-06T04:16:36+00:00
alxniq,done,2026-06-06T04:16:49+00:00
aly_gnzalez,done,2026-06-06T04:17:02+00:00
alymuggs,done,2026-06-06T04:17:17+00:00
alyssa_rld,done,2026-06-06T04:17:34+00:00
alyssajade96,done,2026-06-06T04:17:56+00:00
alz0o,done,2026-06-06T04:18:11+00:00
alzhxira,done,2026-06-06T04:18:22+00:00
am_ns,done,2026-06-06T04:18:33+00:00
amaliafl,done,2026-06-06T04:18:45+00:00
amanbalani,done,2026-06-06T04:19:02+00:00
amandaazman,done,2026-06-06T04:19:14+00:00
amane8575,done,2026-06-06T04:19:29+00:00
amarec17,done,2026-06-06T04:19:42+00:00
amariahciante,done,2026-06-06T04:19:56+00:00
amarinlla,done,2026-06-06T04:20:14+00:00
amarux,done,2026-06-06T04:20:26+00:00
amarymlis,done,2026-06-06T04:20:41+00:00
amayahunter,done,2026-06-06T04:20:56+00:00
amber44115,done,2026-06-06T04:21:10+00:00
amber_____,done,2026-06-06T04:21:32+00:00
ambrejsp,done,2026-06-06T04:21:46+00:00
ambrion11,done,2026-06-06T04:22:02+00:00
ambrosed,done,2026-06-06T04:22:21+00:00
ameenadih,done,2026-06-06T04:22:32+00:00
amelie1004,done,2026-06-06T04:22:58+00:00
amematariq,done,2026-06-06T04:23:12+00:00
amethysteria,done,2026-06-06T04:23:26+00:00
amiejackson,done,2026-06-06T04:23:47+00:00
amimiwa,done,2026-06-06T04:24:01+00:00
aminelbb,done,2026-06-06T04:24:21+00:00
amirakaah,done,2026-06-06T04:24:36+00:00
amirheidarian,done,2026-06-06T04:24:47+00:00
amirtopuria,done,2026-06-06T04:25:01+00:00
amisgillani,done,2026-06-06T04:25:16+00:00
amiwoj,done,2026-06-06T04:25:37+00:00
amjjjaad,done,2026-06-06T04:25:48+00:00
ammijj,done,2026-06-06T04:26:01+00:00
amnadxd,done,2026-06-06T04:26:15+00:00
amoghgiri01,done,2026-06-06T04:26:27+00:00
amouraraa,done,2026-06-06T04:26:46+00:00
amoureusette,done,2026-06-06T04:27:03+00:00
amrxes,done,2026-06-06T04:27:16+00:00
amudlg,done,2026-06-06T04:27:29+00:00
amycullen,done,2026-06-06T04:27:46+00:00
ana_snr,done,2026-06-06T04:28:10+00:00
anaa_banana,done,2026-06-06T04:28:21+00:00
anacarol2008051,done,2026-06-06T04:28:34+00:00
anacarolinafrz,done,2026-06-06T04:28:52+00:00
anaelshi,done,2026-06-06T04:29:06+00:00
anafervm,done,2026-06-06T04:29:29+00:00
anaflmiranda,done,2026-06-06T04:29:41+00:00
anaidni,done,2026-06-06T04:29:55+00:00
analuciagl,done,2026-06-06T04:30:05+00:00
anand9279,done,2026-06-06T04:30:24+00:00
anandksuni03,done,2026-06-06T04:30:42+00:00
ananya_3,done,2026-06-06T04:30:56+00:00
anapuca,done,2026-06-06T04:31:13+00:00
anarodelli,done,2026-06-06T04:31:36+00:00
anasalmutairi,done,2026-06-06T04:31:49+00:00
anasandeis,done,2026-06-06T04:32:13+00:00
anatole_dm,done,2026-06-06T04:32:31+00:00
andcrc,done,2026-06-06T04:32:41+00:00
andidemaj,done,2026-06-06T04:32:56+00:00
andinyaw_,done,2026-06-06T04:33:16+00:00
andreaahv,done,2026-06-06T04:33:34+00:00
andreaahz,done,2026-06-06T04:33:51+00:00
andreachavez01,done,2026-06-06T04:34:07+00:00
andreaglezn,done,2026-06-06T04:34:23+00:00
andreamar22,done,2026-06-06T04:34:35+00:00
andreas_ncy54,done,2026-06-06T04:35:03+00:00
andreasofia_cir,done,2026-06-06T04:35:17+00:00
andreazeron,done,2026-06-06T04:35:31+00:00
andredd1,done,2026-06-06T04:35:43+00:00
andrenguyen,done,2026-06-06T04:36:00+00:00
andres2292,done,2026-06-06T04:36:17+00:00
andrew_sleight,done,2026-06-06T04:36:30+00:00
andrewfoshee,done,2026-06-06T04:36:46+00:00
andrewlibby,done,2026-06-06T04:37:08+00:00
andrewmad,done,2026-06-06T04:37:27+00:00
andrey_yu,done,2026-06-06T04:37:53+00:00
andreygabriel,done,2026-06-06T04:38:08+00:00
andromeda37,done,2026-06-06T04:38:23+00:00
andruidd,done,2026-06-06T04:38:39+00:00
andrwse,done,2026-06-06T04:38:55+00:00
andsswthrt,done,2026-06-06T04:39:14+00:00
andywz,done,2026-06-06T04:39:31+00:00
anearaily,done,2026-06-06T04:39:42+00:00
anechoix,done,2026-06-06T04:39:57+00:00
anet_bobrova,done,2026-06-06T04:40:10+00:00
angela_madridd,done,2026-06-06T04:40:30+00:00
angelblooming,done,2026-06-06T04:40:48+00:00
angeldevilfan09,done,2026-06-06T04:41:01+00:00
angelitatoki,done,2026-06-06T04:41:14+00:00
angellred,done,2026-06-06T04:41:26+00:00
angeloe33,done,2026-06-06T04:41:45+00:00
angelolu,done,2026-06-06T04:41:57+00:00
angelophilia,done,2026-06-06T04:42:12+00:00
angelosti,done,2026-06-06T04:42:23+00:00
angie_k06,done,2026-06-06T04:42:38+00:00
angiegcor,done,2026-06-06T04:43:03+00:00
angle62,done,2026-06-06T04:43:15+00:00
angqelwiings,done,2026-06-06T04:43:26+00:00
angrmgmt,done,2026-06-06T04:43:45+00:00
angvalen,done,2026-06-06T04:43:59+00:00
aniepascual,done,2026-06-06T04:44:17+00:00
anikkkaaa,done,2026-06-06T04:44:33+00:00
animatezach,done,2026-06-06T04:44:45+00:00
animemotorcycle,done,2026-06-06T04:45:06+00:00
aninbiru,done,2026-06-06T04:45:21+00:00
anirudh330,done,2026-06-06T04:45:40+00:00
anisdmt,done,2026-06-06T04:45:55+00:00
anisie786,done,2026-06-06T04:46:12+00:00
anitch9,done,2026-06-06T04:46:25+00:00
anittagonzalz,done,2026-06-06T04:46:36+00:00
anivalencia,done,2026-06-06T04:46:58+00:00
ankissms,done,2026-06-06T04:47:10+00:00
ankyr,done,2026-06-06T04:47:24+00:00
ann1kaseyes,done,2026-06-06T04:47:37+00:00
annabee23,done,2026-06-06T04:47:48+00:00
annaglm,done,2026-06-06T04:48:09+00:00
annagorn,done,2026-06-06T04:48:28+00:00
annaharkin,done,2026-06-06T04:48:40+00:00
annakiaa,done,2026-06-06T04:48:54+00:00
annakravchuk,done,2026-06-06T04:49:06+00:00
annalc718,done,2026-06-06T04:49:24+00:00
annamanzella,done,2026-06-06T04:49:42+00:00
annamat2002,done,2026-06-06T04:49:52+00:00
annamscott,done,2026-06-06T04:50:03+00:00
annelise4,done,2026-06-06T04:50:15+00:00
anneshaaaaa,done,2026-06-06T04:50:36+00:00
annet123,done,2026-06-06T04:50:47+00:00
annfgm,done,2026-06-06T04:51:00+00:00
anni3_,done,2026-06-06T04:51:16+00:00
anni_kka,done,2026-06-06T04:51:29+00:00
annie275,done,2026-06-06T04:51:46+00:00
annieediaries,done,2026-06-06T04:52:03+00:00
anniemaloney,done,2026-06-06T04:52:20+00:00
anoddegg,done,2026-06-06T04:52:34+00:00
anomalyx7,done,2026-06-06T04:52:46+00:00
anoophareendran,done,2026-06-06T04:53:04+00:00
anouk_m,done,2026-06-06T04:53:19+00:00
anoukustom,done,2026-06-06T04:53:39+00:00
anr4ng,done,2026-06-06T04:53:59+00:00
anrxvn,done,2026-06-06T04:54:11+00:00
anshullmao,done,2026-06-06T04:54:29+00:00
ansiolitik0,done,2026-06-06T04:54:41+00:00
ansleydior,done,2026-06-06T04:55:02+00:00
ant0ia,done,2026-06-06T04:55:15+00:00
anthaavw,done,2026-06-06T04:55:30+00:00
anthonem_auporc,done,2026-06-06T04:55:48+00:00
anthony16j,done,2026-06-06T04:56:00+00:00
anthonynq23,done,2026-06-06T04:56:13+00:00
anthoybrie,done,2026-06-06T04:56:27+00:00
antikuupid,done,2026-06-06T04:56:40+00:00
antinika,done,2026-06-06T04:57:02+00:00
antivenoms1,done,2026-06-06T04:57:20+00:00
antman25,done,2026-06-06T04:57:33+00:00
antolok,done,2026-06-06T04:57:45+00:00
antonale2003,done,2026-06-06T04:57:57+00:00
antonijaaa,done,2026-06-06T04:58:15+00:00
antoniob14,done,2026-06-06T04:58:29+00:00
antoniomiano,done,2026-06-06T04:58:48+00:00
antonjmt,done,2026-06-06T04:59:02+00:00
antosiek123,done,2026-06-06T04:59:14+00:00
anuevame,done,2026-06-06T04:59:38+00:00
anulciaaa,done,2026-06-06T04:59:51+00:00
anushka12_,done,2026-06-06T05:00:04+00:00
anusonu,done,2026-06-06T05:00:20+00:00
anuzan,done,2026-06-06T05:00:35+00:00
anyamalhotra,done,2026-06-06T05:00:55+00:00
aparna1803,done,2026-06-06T05:01:07+00:00
aparnnahere,done,2026-06-06T05:01:22+00:00
apemm,done,2026-06-06T05:01:39+00:00
apfilmzz,done,2026-06-06T05:01:54+00:00
aphikite,done,2026-06-06T05:02:13+00:00
apocalypse09,done,2026-06-06T05:02:26+00:00
appolonix63,done,2026-06-06T05:02:37+00:00
apriell,done,2026-06-06T05:02:50+00:00
apriill2,done,2026-06-06T05:03:04+00:00
apsuadelia,done,2026-06-06T05:03:22+00:00
aqibjaved,done,2026-06-06T05:03:36+00:00
aquariium,done,2026-06-06T05:03:50+00:00
aquaticcommet,done,2026-06-06T05:04:12+00:00
arabi897,done,2026-06-06T05:04:32+00:00
aramatado,done,2026-06-06T05:04:52+00:00
arazh99,done,2026-06-06T05:05:03+00:00
archithn,done,2026-06-06T05:05:21+00:00
arckanoid,done,2026-06-06T05:05:42+00:00
arcticgiraffe,done,2026-06-06T05:06:03+00:00
arcticpoetry,done,2026-06-06T05:06:24+00:00
ardadery,done,2026-06-06T05:06:36+00:00
aregeyoo,done,2026-06-06T05:06:47+00:00
areires,done,2026-06-06T05:07:01+00:00
arenzoc,done,2026-06-06T05:07:21+00:00
areyakidding,done,2026-06-06T05:07:40+00:00
arglonema,done,2026-06-06T05:07:57+00:00
ariahtlk,done,2026-06-06T05:08:10+00:00
arianeeeed,done,2026-06-06T05:08:26+00:00
arieljuarez,done,2026-06-06T05:08:41+00:00
arishokkk,done,2026-06-06T05:08:59+00:00
arislash42,done,2026-06-06T05:09:15+00:00
arjoo0nn,done,2026-06-06T05:09:29+00:00
arjungyllenhaal,done,2026-06-06T05:09:40+00:00
arka_nsas,done,2026-06-06T05:09:53+00:00
arkivez,done,2026-06-06T05:10:15+00:00
arkwyvern,done,2026-06-06T05:10:26+00:00
arletlue,done,2026-06-06T05:10:42+00:00
armaanboi,done,2026-06-06T05:10:59+00:00
armand2,done,2026-06-06T05:11:10+00:00
armelito92k,done,2026-06-06T05:11:31+00:00
arne_shx,done,2026-06-06T05:11:44+00:00
arodd2007,done,2026-06-06T05:11:57+00:00
aron_1924,done,2026-06-06T05:12:18+00:00
aroyund,done,2026-06-06T05:12:31+00:00
arparp03,done,2026-06-06T05:12:49+00:00
arsik,done,2026-06-06T05:13:07+00:00
art_andani,done,2026-06-06T05:13:18+00:00
arthur1403,done,2026-06-06T05:13:33+00:00
arthur285,done,2026-06-06T05:13:46+00:00
arthurhamamoto,done,2026-06-06T05:14:04+00:00
arthurplank,done,2026-06-06T05:14:16+00:00
artsbyvenkat,done,2026-06-06T05:14:33+00:00
artsybaby,done,2026-06-06T05:14:44+00:00
artytheart15t,done,2026-06-06T05:14:59+00:00
arundhxti,done,2026-06-06T05:15:19+00:00
arvo_tooni,done,2026-06-06T05:15:37+00:00
aryabumi,done,2026-06-06T05:15:53+00:00
aryamandlik,done,2026-06-06T05:16:11+00:00
aryamasarkar,done,2026-06-06T05:16:28+00:00
aryan_80,done,2026-06-06T05:16:49+00:00
aryana_albakri,done,2026-06-06T05:17:04+00:00
aryanbhave,done,2026-06-06T05:17:17+00:00
aryangera,done,2026-06-06T05:17:32+00:00
asad22,done,2026-06-06T05:17:48+00:00
asdemir34,done,2026-06-06T05:18:08+00:00
ash_hughes,done,2026-06-06T05:18:25+00:00
ash_ollie,done,2026-06-06T05:18:36+00:00
ashamelo,done,2026-06-06T05:18:51+00:00
ashashsyf,done,2026-06-06T05:19:12+00:00
asherfeucht,done,2026-06-06T05:19:33+00:00
asherhc1228,done,2026-06-06T05:19:49+00:00
ashervokoun,done,2026-06-06T05:20:01+00:00
ashhhmf,done,2026-06-06T05:20:14+00:00
ashikr,done,2026-06-06T05:20:25+00:00
ashlooeigh,done,2026-06-06T05:20:44+00:00
ashnakalari,done,2026-06-06T05:20:58+00:00
ashton094,done,2026-06-06T05:21:13+00:00
ashuhlilee,done,2026-06-06T05:21:28+00:00
ashwinkal,done,2026-06-06T05:21:41+00:00
asianag,done,2026-06-06T05:21:59+00:00
asiettaxoxo,done,2026-06-06T05:22:10+00:00
asif_ahsan_siam,done,2026-06-06T05:22:22+00:00
asikul_223,done,2026-06-06T05:22:35+00:00
askim22,done,2026-06-06T05:22:46+00:00
asmits,done,2026-06-06T05:23:05+00:00
asmoon19,done,2026-06-06T05:23:20+00:00
asofiact,done,2026-06-06T05:23:34+00:00
asparklehorse,done,2026-06-06T05:23:51+00:00
assyifakerenbgt,done,2026-06-06T05:24:04+00:00
astrakx,done,2026-06-06T05:24:22+00:00
astraxd,done,2026-06-06T05:24:36+00:00
astroqualquer,done,2026-06-06T05:24:54+00:00
astryxq,done,2026-06-06T05:25:07+00:00
asutosh_ranjan,done,2026-06-06T05:25:22+00:00
aswift5393,done,2026-06-06T05:25:47+00:00
aswinraj358,done,2026-06-06T05:26:04+00:00
at_903,done,2026-06-06T05:26:18+00:00
atahan0,done,2026-06-06T05:26:29+00:00
ataljhajhra,done,2026-06-06T05:26:40+00:00
atallfabnvd,done,2026-06-06T05:27:01+00:00
atattnin4re,done,2026-06-06T05:27:13+00:00
atemel,done,2026-06-06T05:27:34+00:00
athathathh,done,2026-06-06T05:27:49+00:00
athenemesis,done,2026-06-06T05:28:01+00:00
athullkk,done,2026-06-06T05:28:20+00:00
atiernan_,done,2026-06-06T05:28:34+00:00
atilaa_,done,2026-06-06T05:28:47+00:00
atomizerr,done,2026-06-06T05:28:59+00:00
atriahvctr,done,2026-06-06T05:29:12+00:00
atsabi,done,2026-06-06T05:29:45+00:00
aubbob,done,2026-06-06T05:30:02+00:00
auberin22,done,2026-06-06T05:30:14+00:00
aubinp,done,2026-06-06T05:30:31+00:00
aubreymarak,done,2026-06-06T05:30:42+00:00
audeo2,done,2026-06-06T05:31:03+00:00
augbo,done,2026-06-06T05:31:18+00:00
augustso0914,done,2026-06-06T05:31:28+00:00
aural0,done,2026-06-06T05:31:41+00:00
aureliaaristah,done,2026-06-06T05:31:54+00:00
auriio,done,2026-06-06T05:32:17+00:00
aurorek,done,2026-06-06T05:32:31+00:00
auryxxx,done,2026-06-06T05:32:45+00:00
aus_tin73,done,2026-06-06T05:33:03+00:00
austinsingy,done,2026-06-06T05:33:15+00:00
authet,done,2026-06-06T05:33:37+00:00
autsjn,done,2026-06-06T05:33:56+00:00
autumn_metcalf,done,2026-06-06T05:34:08+00:00
autumnletters,done,2026-06-06T05:34:18+00:00
ava_cst03,done,2026-06-06T05:34:35+00:00
avachapman,done,2026-06-06T05:34:54+00:00
avamcgarity,done,2026-06-06T05:35:07+00:00
avatardang,done,2026-06-06T05:35:21+00:00
avatarrboy,done,2026-06-06T05:35:34+00:00
avelyn___,done,2026-06-06T05:35:45+00:00
averyuniqueuser,done,2026-06-06T05:36:10+00:00
averyyab,done,2026-06-06T05:36:28+00:00
avgwillhunting,done,2026-06-06T05:36:41+00:00
aviann,done,2026-06-06T05:37:00+00:00
avidalte,done,2026-06-06T05:37:12+00:00
avirgili,done,2026-06-06T05:37:31+00:00
avishkarpise,done,2026-06-06T05:37:48+00:00
awe_sam,done,2026-06-06T05:38:04+00:00
awekboxoffice08,done,2026-06-06T05:38:23+00:00
awfulline,done,2026-06-06T05:38:36+00:00
awrida,done,2026-06-06T05:38:58+00:00
ax16,done,2026-06-06T05:39:12+00:00
axdy,done,2026-06-06T05:39:26+00:00
axelfior,done,2026-06-06T05:39:38+00:00
axelmary13,done,2026-06-06T05:39:52+00:00
axelsimon,done,2026-06-06T05:40:11+00:00
axelwahlin,done,2026-06-06T05:40:30+00:00
axlsduende,done,2026-06-06T05:40:43+00:00
axrixs0,done,2026-06-06T05:40:58+00:00
axxxuan,done,2026-06-06T05:41:15+00:00
ay4h20,done,2026-06-06T05:41:36+00:00
ayainthevalley,done,2026-06-06T05:41:55+00:00
ayanak_misra,done,2026-06-06T05:42:10+00:00
ayansh3,done,2026-06-06T05:42:26+00:00
aybeesh,done,2026-06-06T05:42:43+00:00
aydngg,done,2026-06-06T05:43:05+00:00
ayeetaylor,done,2026-06-06T05:43:18+00:00
ayesuuut,done,2026-06-06T05:43:31+00:00
aygnn,done,2026-06-06T05:43:44+00:00
ayla_nova,done,2026-06-06T05:44:05+00:00
aylinlvr,done,2026-06-06T05:44:31+00:00
aylita,done,2026-06-06T05:44:49+00:00
aymenahsann,done,2026-06-06T05:45:02+00:00
aynix_cai,done,2026-06-06T05:45:12+00:00
ayodavv,done,2026-06-06T05:45:25+00:00
ayoub45,done,2026-06-06T05:45:46+00:00
ayrenm,done,2026-06-06T05:46:04+00:00
aysbwah,done,2026-06-06T05:46:19+00:00
aysenurabia,done,2026-06-06T05:46:31+00:00
aysnn_26,done,2026-06-06T05:46:45+00:00
aytan7,done,2026-06-06T05:47:04+00:00
ayuezh,done,2026-06-06T05:47:23+00:00
azaam11,done,2026-06-06T05:47:39+00:00
azari_fire,done,2026-06-06T05:47:55+00:00
azureliyz,done,2026-06-06T05:48:13+00:00
b0dy,done,2026-06-06T05:48:32+00:00
b0lty,done,2026-06-06T05:48:52+00:00
b34rcat,done,2026-06-06T05:49:04+00:00
b4rryluvr,done,2026-06-06T05:49:20+00:00
b_s_movies,done,2026-06-06T05:49:34+00:00
baart12,done,2026-06-06T05:49:53+00:00
baba419,done,2026-06-06T05:50:09+00:00
babatilifon,done,2026-06-06T05:50:22+00:00
babou_,done,2026-06-06T05:50:36+00:00
babyy_giraffe,done,2026-06-06T05:50:48+00:00
bach1206,done,2026-06-06T05:51:07+00:00
bad_takes,done,2026-06-06T05:51:23+00:00
bademaalik,done,2026-06-06T05:51:35+00:00
badnewsbears800,done,2026-06-06T05:51:48+00:00
badtakes_only,done,2026-06-06T05:52:00+00:00
bafeee,done,2026-06-06T05:52:17+00:00
bag_of_bones,done,2026-06-06T05:52:32+00:00
bagaswell,done,2026-06-06T05:52:44+00:00
baggizz,done,2026-06-06T05:52:58+00:00
bagofnarwhals,done,2026-06-06T05:53:11+00:00
baj4,done,2026-06-06T05:53:29+00:00
bak8why,done,2026-06-06T05:53:45+00:00
bakarbojack,done,2026-06-06T05:53:57+00:00
balbinqa,done,2026-06-06T05:54:13+00:00
baldbiy,done,2026-06-06T05:54:28+00:00
balintt,done,2026-06-06T05:54:50+00:00
banad17,done,2026-06-06T05:55:03+00:00
bananaom,done,2026-06-06T05:55:22+00:00
bananas_and_tv,done,2026-06-06T05:55:40+00:00
bangy,done,2026-06-06T05:55:53+00:00
banour,done,2026-06-06T05:56:16+00:00
banzkysinefil,done,2026-06-06T05:56:34+00:00
baptisteb31,done,2026-06-06T05:56:49+00:00
baptistejj,done,2026-06-06T05:57:00+00:00
bar2by,done,2026-06-06T05:57:20+00:00
barakra_,done,2026-06-06T05:57:43+00:00
barbiebubbigirl,done,2026-06-06T05:58:00+00:00
barebones,done,2026-06-06T05:58:13+00:00
barenca,done,2026-06-06T05:58:26+00:00
barkatron,done,2026-06-06T05:58:46+00:00
barrios16i,done,2026-06-06T05:59:13+00:00
barroa,done,2026-06-06T05:59:31+00:00
bartholemeow,done,2026-06-06T05:59:47+00:00
basharyk,done,2026-06-06T05:59:58+00:00
basilcooki,done,2026-06-06T06:00:09+00:00
basilmrt,done,2026-06-06T06:00:35+00:00
bastian20,done,2026-06-06T06:00:52+00:00
basu_kalimath,done,2026-06-06T06:01:06+00:00
batagour,done,2026-06-06T06:01:24+00:00
batdolph,done,2026-06-06T06:01:44+00:00
batekku_,done,2026-06-06T06:02:04+00:00
batgoat2,done,2026-06-06T06:02:17+00:00
batootaa,done,2026-06-06T06:02:32+00:00
battyboyy,done,2026-06-06T06:02:43+00:00
bau_xite,done,2026-06-06T06:02:58+00:00
bayesmc,done,2026-06-06T06:03:23+00:00
baykus,done,2026-06-06T06:03:36+00:00
bbbaaar,done,2026-06-06T06:03:52+00:00
bbbea4,done,2026-06-06T06:04:09+00:00
bbbeeelllaaasss,done,2026-06-06T06:04:21+00:00
bberenicedum,done,2026-06-06T06:04:42+00:00
bbgtyson,done,2026-06-06T06:04:56+00:00
bbm67,done,2026-06-06T06:05:11+00:00
bbna09,done,2026-06-06T06:05:26+00:00
bbsophsworld,done,2026-06-06T06:05:36+00:00
bburg10,done,2026-06-06T06:06:01+00:00
bcbealhen,done,2026-06-06T06:06:19+00:00
bchainzz,done,2026-06-06T06:06:30+00:00
bckybrness,done,2026-06-06T06:06:45+00:00
bcr91785,done,2026-06-06T06:07:05+00:00
bdill0n,done,2026-06-06T06:07:26+00:00
beaballabio,done,2026-06-06T06:07:43+00:00
beacosta4,done,2026-06-06T06:07:59+00:00
beacrick,done,2026-06-06T06:08:12+00:00
bealeone,done,2026-06-06T06:08:26+00:00
bean829,done,2026-06-06T06:08:53+00:00
beaneatr,done,2026-06-06T06:09:06+00:00
beardo40,done,2026-06-06T06:09:15+00:00
beardoftsu,done,2026-06-06T06:09:37+00:00
bearidann,done,2026-06-06T06:09:53+00:00
bearskinrick,done,2026-06-06T06:10:13+00:00
beatriz2211,done,2026-06-06T06:10:31+00:00
beatrizvolpe,done,2026-06-06T06:10:43+00:00
bebeknonton,done,2026-06-06T06:10:59+00:00
because_yn0t,done,2026-06-06T06:11:13+00:00
becca1986,done,2026-06-06T06:11:37+00:00
beccaaa444,done,2026-06-06T06:11:50+00:00
bechloe123,done,2026-06-06T06:12:00+00:00
beeble2,done,2026-06-06T06:12:13+00:00
beefcutlet,done,2026-06-06T06:12:35+00:00
beetleblue,done,2026-06-06T06:12:55+00:00
behindthekwak,done,2026-06-06T06:13:12+00:00
beigelemon,done,2026-06-06T06:13:31+00:00
bejewelledz,done,2026-06-06T06:13:51+00:00
belitahp,done,2026-06-06T06:14:02+00:00
belkm24,done,2026-06-06T06:14:23+00:00
belladonna0,done,2026-06-06T06:14:39+00:00
bellaswan3333,done,2026-06-06T06:14:49+00:00
belle__okkay,done,2026-06-06T06:15:05+00:00
belleh,done,2026-06-06T06:15:20+00:00
bellelele,done,2026-06-06T06:15:47+00:00
bellesfilms,done,2026-06-06T06:16:02+00:00
bells_h,done,2026-06-06T06:16:17+00:00
bellzyboop,done,2026-06-06T06:16:36+00:00
belovedst4ar,done,2026-06-06T06:16:49+00:00
belutliztrik,done,2026-06-06T06:17:10+00:00
ben10pro,done,2026-06-06T06:17:23+00:00
ben_moz,done,2026-06-06T06:17:36+00:00
bendapyo_o,done,2026-06-06T06:17:56+00:00
bendehoedt,done,2026-06-06T06:18:18+00:00
benderson27,done,2026-06-06T06:18:54+00:00
beneales,done,2026-06-06T06:19:13+00:00
benedettoccino,done,2026-06-06T06:19:27+00:00
benene11,done,2026-06-06T06:19:41+00:00
benimated,done,2026-06-06T06:20:01+00:00
benisageologist,done,2026-06-06T06:20:30+00:00
benitaaa_ss,done,2026-06-06T06:20:49+00:00
benja_0110,done,2026-06-06T06:21:04+00:00
benjones34,done,2026-06-06T06:21:15+00:00
benjt1,done,2026-06-06T06:21:27+00:00
benkeesh,done,2026-06-06T06:21:54+00:00
benkyllingstad,done,2026-06-06T06:22:05+00:00
bennyc_10,done,2026-06-06T06:22:17+00:00
bensky0,done,2026-06-06T06:22:36+00:00
benturner007,done,2026-06-06T06:22:49+00:00
benwex,done,2026-06-06T06:23:15+00:00
beombrry,done,2026-06-06T06:23:29+00:00
berbinaraya,done,2026-06-06T06:23:48+00:00
berkeefee,done,2026-06-06T06:23:59+00:00
bernardesk_,done,2026-06-06T06:24:19+00:00
bernardoarts,done,2026-06-06T06:24:49+00:00
bernardodiar,done,2026-06-06T06:25:08+00:00
bernatagusti,done,2026-06-06T06:25:22+00:00
bernyelpro,done,2026-06-06T06:25:40+00:00
berryryuk,done,2026-06-06T06:25:52+00:00
beryllfahrez,done,2026-06-06T06:26:16+00:00
bethw12,done,2026-06-06T06:26:33+00:00
bettercallsaw,done,2026-06-06T06:26:46+00:00
betterthanepoch,done,2026-06-06T06:27:00+00:00
bettyspopcorn,done,2026-06-06T06:27:17+00:00
betziii,done,2026-06-06T06:27:42+00:00
beuhbebu,done,2026-06-06T06:27:53+00:00
beyondleblond,done,2026-06-06T06:28:06+00:00
beyza129,done,2026-06-06T06:28:21+00:00
beyzza5,done,2026-06-06T06:28:36+00:00
bg1212,done,2026-06-06T06:28:57+00:00
bgabss,done,2026-06-06T06:29:14+00:00
bgissell,done,2026-06-06T06:29:29+00:00
bhomik,done,2026-06-06T06:29:49+00:00
bhuva2k11,done,2026-06-06T06:30:01+00:00
bhuviiiii,done,2026-06-06T06:30:27+00:00
bia_cvi,done,2026-06-06T06:30:43+00:00
biadib,done,2026-06-06T06:31:01+00:00
bianca_anya,done,2026-06-06T06:31:19+00:00
biaski,done,2026-06-06T06:31:40+00:00
biatrizl,done,2026-06-06T06:32:04+00:00
biazissima,done,2026-06-06T06:32:18+00:00
bibipadoz,done,2026-06-06T06:32:30+00:00
bibirhode13,done,2026-06-06T06:32:45+00:00
bibliomanie,done,2026-06-06T06:32:59+00:00
bielzaogj,done,2026-06-06T06:33:21+00:00
big_____l,done,2026-06-06T06:33:32+00:00
big_nogus,done,2026-06-06T06:33:44+00:00
big_possum,done,2026-06-06T06:34:00+00:00
bigbuckhunter24,done,2026-06-06T06:34:12+00:00
bigd_2528363,done,2026-06-06T06:34:35+00:00
bigdawgbignuts,done,2026-06-06T06:34:48+00:00
biggiejay,done,2026-06-06T06:35:04+00:00
bigjoe05,done,2026-06-06T06:35:16+00:00
bigmanzaddy,done,2026-06-06T06:35:34+00:00
bigpoppahoyle,done,2026-06-06T06:35:57+00:00
bigsteppacuhhh,done,2026-06-06T06:36:10+00:00
biimaadtya,done,2026-06-06T06:36:25+00:00
bill_likesfilm,done,2026-06-06T06:36:41+00:00
billiamjakal,done,2026-06-06T06:37:03+00:00
bilouz,done,2026-06-06T06:37:26+00:00
binga0,done,2026-06-06T06:37:42+00:00
bingbing97,done,2026-06-06T06:38:00+00:00
binghwaifah,done,2026-06-06T06:38:13+00:00
bingusbigger,done,2026-06-06T06:38:33+00:00
bintang_a,done,2026-06-06T06:38:57+00:00
birdman17,done,2026-06-06T06:39:10+00:00
biryanibabe123,done,2026-06-06T06:39:29+00:00
biso05_,done,2026-06-06T06:39:41+00:00
bixer03,done,2026-06-06T06:39:56+00:00
bjolene,done,2026-06-06T06:40:22+00:00
bl0odraven,done,2026-06-06T06:40:41+00:00
blackbirdfly,done,2026-06-06T06:40:57+00:00
blackdragon2882,done,2026-06-06T06:41:09+00:00
blackhammerlaz,done,2026-06-06T06:41:23+00:00
blacknigga,done,2026-06-06T06:41:43+00:00
blacksoulsland,done,2026-06-06T06:41:52+00:00
blah6,done,2026-06-06T06:42:11+00:00
blahblah0234,done,2026-06-06T06:42:23+00:00
blainemcd,done,2026-06-06T06:42:35+00:00
blakeedwards31,done,2026-06-06T06:42:57+00:00
blblblmilo0,done,2026-06-06T06:43:13+00:00
bledpils,done,2026-06-06T06:43:26+00:00
blerta_hax,done,2026-06-06T06:43:38+00:00
bleury,done,2026-06-06T06:43:57+00:00
blindsaga,done,2026-06-06T06:44:24+00:00
blisszz,done,2026-06-06T06:44:38+00:00
blist96,done,2026-06-06T06:44:59+00:00
blobby_caecae,done,2026-06-06T06:45:13+00:00
blobs_of_colors,done,2026-06-06T06:45:29+00:00
blond223,done,2026-06-06T06:45:50+00:00
bloodthirst209,done,2026-06-06T06:46:00+00:00
bloody1,done,2026-06-06T06:46:16+00:00
blooooooob,done,2026-06-06T06:46:29+00:00
blooooosms,done,2026-06-06T06:46:41+00:00
blp2306,done,2026-06-06T06:46:59+00:00
blu3_flow3rs,done,2026-06-06T06:47:11+00:00
blueberry911,done,2026-06-06T06:47:27+00:00
blueberry_88,done,2026-06-06T06:47:37+00:00
bluemondayze,done,2026-06-06T06:47:56+00:00
bluepostitman,done,2026-06-06T06:48:19+00:00
bluerthan_blue,done,2026-06-06T06:48:36+00:00
bluesea2004,done,2026-06-06T06:48:48+00:00
bluetoninet,done,2026-06-06T06:49:04+00:00
bluntmaster2002,done,2026-06-06T06:49:22+00:00
bluphobic,done,2026-06-06T06:49:42+00:00
bm12hhh,done,2026-06-06T06:49:53+00:00
bmaeva,done,2026-06-06T06:50:04+00:00
bmichaud26,done,2026-06-06T06:50:14+00:00
bobinskite,done,2026-06-06T06:50:26+00:00
bobus16161,done,2026-06-06T06:50:46+00:00
bodibus,done,2026-06-06T06:50:56+00:00
boejoden,done,2026-06-06T06:51:08+00:00
bojackkk1989,done,2026-06-06T06:51:20+00:00
boliy0cinefilo,done,2026-06-06T06:51:35+00:00
bolo05,done,2026-06-06T06:51:56+00:00
bolonzo,done,2026-06-06T06:52:11+00:00
bombocladik,done,2026-06-06T06:52:24+00:00
bomgoboy,done,2026-06-06T06:52:38+00:00
bommvastic,done,2026-06-06T06:52:54+00:00
bon_views,done,2026-06-06T06:53:14+00:00
bondade,done,2026-06-06T06:53:27+00:00
boneeater,done,2026-06-06T06:53:40+00:00
bonipitt,done,2026-06-06T06:53:53+00:00
bonr,done,2026-06-06T06:54:09+00:00
boobeekiwi,done,2026-06-06T06:54:29+00:00
boogietyme,done,2026-06-06T06:54:42+00:00
bookermando,done,2026-06-06T06:54:57+00:00
booklover1213,done,2026-06-06T06:55:09+00:00
boondanniel,done,2026-06-06T06:55:25+00:00
boopmysnoot1,done,2026-06-06T06:55:48+00:00
borklynn,done,2026-06-06T06:56:04+00:00
borntodi33,done,2026-06-06T06:56:17+00:00
borr15,done,2026-06-06T06:56:28+00:00
borregoo,done,2026-06-06T06:56:45+00:00
boubamolfy,done,2026-06-06T06:57:08+00:00
boxuchan,done,2026-06-06T06:57:25+00:00
bradfordeo,done,2026-06-06T06:57:45+00:00
bradpitt72,done,2026-06-06T06:58:07+00:00
brakeastwood,done,2026-06-06T06:58:20+00:00
brandon5carlyle,done,2026-06-06T06:58:41+00:00
brandonstedman,done,2026-06-06T06:58:54+00:00
brantparker,done,2026-06-06T06:59:08+00:00
braxtenz,done,2026-06-06T06:59:21+00:00
braydeng129,done,2026-06-06T06:59:35+00:00
breadmc,done,2026-06-06T07:00:00+00:00
breanna_smith,done,2026-06-06T07:00:17+00:00
breezybre,done,2026-06-06T07:00:35+00:00
brenda_lee,done,2026-06-06T07:00:50+00:00
brendanc23,done,2026-06-06T07:01:03+00:00
brendaotz,done,2026-06-06T07:01:25+00:00
brendonnorris,done,2026-06-06T07:01:48+00:00
brennamra,done,2026-06-06T07:02:02+00:00
brenoborges1,done,2026-06-06T07:02:18+00:00
bridiex,done,2026-06-06T07:02:32+00:00
briellemwa09,done,2026-06-06T07:02:50+00:00
brightside71,done,2026-06-06T07:03:04+00:00
briliany,done,2026-06-06T07:03:19+00:00
brina_dg,done,2026-06-06T07:03:31+00:00
bringbacktyler,done,2026-06-06T07:03:48+00:00
brisasaa,done,2026-06-06T07:04:10+00:00
brissoud,done,2026-06-06T07:04:23+00:00
britanicas,done,2026-06-06T07:04:42+00:00
britox0,done,2026-06-06T07:05:00+00:00
briyi__,done,2026-06-06T07:05:12+00:00
bro_dy00,done,2026-06-06T07:05:33+00:00
brock4sale,done,2026-06-06T07:05:46+00:00
brody_stu,done,2026-06-06T07:06:00+00:00
brodydubeck,done,2026-06-06T07:06:27+00:00
brodyk1,done,2026-06-06T07:06:41+00:00
brokenmesho,done,2026-06-06T07:07:01+00:00
brooklyn_cox,done,2026-06-06T07:07:15+00:00
brooklynn_x__,done,2026-06-06T07:07:27+00:00
broomtimolblou,done,2026-06-06T07:07:41+00:00
brooom23,done,2026-06-06T07:07:52+00:00
broozi,done,2026-06-06T07:08:16+00:00
brosquini,done,2026-06-06T07:08:30+00:00
brownfionaapple,done,2026-06-06T07:08:49+00:00
brownmamba1717,done,2026-06-06T07:09:05+00:00
brucewayneig,done,2026-06-06T07:09:20+00:00
bruisesoup,done,2026-06-06T07:09:46+00:00
brujaenoctubre,done,2026-06-06T07:09:59+00:00
bruno_tappan,done,2026-06-06T07:10:21+00:00
brunodoz,done,2026-06-06T07:10:41+00:00
brunoh04,done,2026-06-06T07:10:59+00:00
brunomarsbaby,done,2026-06-06T07:11:20+00:00
brunonishimura,done,2026-06-06T07:11:37+00:00
bruntness,done,2026-06-06T07:11:48+00:00
brushellsprouts,done,2026-06-06T07:12:06+00:00
brusteve,done,2026-06-06T07:12:27+00:00
bruvh,done,2026-06-06T07:12:56+00:00
brxnnx,done,2026-06-06T07:13:08+00:00
brycew77,done,2026-06-06T07:13:22+00:00
brydiehanns,done,2026-06-06T07:13:35+00:00
bryn_davies,done,2026-06-06T07:13:50+00:00
brysonmcgrew,done,2026-06-06T07:14:23+00:00
bsmoke1222,done,2026-06-06T07:14:35+00:00
btargayen,done,2026-06-06T07:14:52+00:00
btrzgrm,done,2026-06-06T07:15:08+00:00
bubb1eblub,done,2026-06-06T07:15:18+00:00
bubba0915,done,2026-06-06T07:15:41+00:00
bubblepaws,done,2026-06-06T07:15:55+00:00
bubbleyeay,done,2026-06-06T07:16:10+00:00
bubblyharp,done,2026-06-06T07:16:23+00:00
bubim,done,2026-06-06T07:16:40+00:00
bucket_o_beant,done,2026-06-06T07:17:01+00:00
buddy0,done,2026-06-06T07:17:12+00:00
buddyy134,done,2026-06-06T07:17:25+00:00
bugownik,done,2026-06-06T07:17:40+00:00
bullldog,done,2026-06-06T07:17:52+00:00
bumbeeez,done,2026-06-06T07:18:23+00:00
bungusbaron,done,2026-06-06T07:18:35+00:00
bunnibles,done,2026-06-06T07:18:54+00:00
burgerjesus,done,2026-06-06T07:19:07+00:00
burstinb,done,2026-06-06T07:19:20+00:00
bushraar,done,2026-06-06T07:19:43+00:00
butcher6,done,2026-06-06T07:19:55+00:00
butterstoken,done,2026-06-06T07:20:12+00:00
butuhdisko777,done,2026-06-06T07:20:29+00:00
buyurburadanbak,done,2026-06-06T07:20:44+00:00
bventb,done,2026-06-06T07:21:06+00:00
bwallach,done,2026-06-06T07:21:33+00:00
by_kubrickk,done,2026-06-06T07:21:48+00:00
byaliyewals,done,2026-06-06T07:21:59+00:00
bycoppolagirl,done,2026-06-06T07:22:12+00:00
bydev,done,2026-06-06T07:22:37+00:00
c0dyrit4,done,2026-06-06T07:22:54+00:00
c4ts4lif3,done,2026-06-06T07:23:13+00:00
c_boi,done,2026-06-06T07:23:26+00:00
c_oasis,done,2026-06-06T07:23:44+00:00
ca5h__,done,2026-06-06T07:24:09+00:00
caali_a,done,2026-06-06T07:24:22+00:00
caball_,done,2026-06-06T07:24:32+00:00
cacaboudaint,done,2026-06-06T07:24:44+00:00
cactus_jones,done,2026-06-06T07:25:03+00:00
cadeanalia,done,2026-06-06T07:25:29+00:00
cadenob47,done,2026-06-06T07:25:42+00:00
caelstout,done,2026-06-06T07:25:58+00:00
caffeinatedhare,done,2026-06-06T07:26:16+00:00
cafpan,done,2026-06-06T07:26:32+00:00
cafunezip,done,2026-06-06T07:26:53+00:00
cahsantt,done,2026-06-06T07:27:06+00:00
caidezzzclaire,done,2026-06-06T07:27:25+00:00
caiegusquiza,done,2026-06-06T07:27:38+00:00
caiodasilva,done,2026-06-06T07:27:51+00:00
caitlingoodacre,done,2026-06-06T07:28:14+00:00
cake_____,done,2026-06-06T07:28:35+00:00
cal_hartjes4,done,2026-06-06T07:28:52+00:00
calcaveurs,done,2026-06-06T07:29:10+00:00
calebfilmz,done,2026-06-06T07:29:23+00:00
calistooo,done,2026-06-06T07:29:45+00:00
callaars,done,2026-06-06T07:30:05+00:00
calledwwho,done,2026-06-06T07:30:18+00:00
camcam4993,done,2026-06-06T07:30:31+00:00
camcca,done,2026-06-06T07:30:44+00:00
cameron89,done,2026-06-06T07:31:13+00:00
cameron_mahmood,done,2026-06-06T07:31:26+00:00
cami_gdj,done,2026-06-06T07:31:37+00:00
camihofi,done,2026-06-06T07:31:53+00:00
camila_rdgz,done,2026-06-06T07:32:12+00:00
camilaph12,done,2026-06-06T07:32:34+00:00
camilatre,done,2026-06-06T07:32:55+00:00
camilleee_,done,2026-06-06T07:33:15+00:00
campoll223,done,2026-06-06T07:33:33+00:00
camtheman2929,done,2026-06-06T07:33:49+00:00
camussetsail,done,2026-06-06T07:34:10+00:00
canadianbabe36,done,2026-06-06T07:34:21+00:00
candeapa,done,2026-06-06T07:34:40+00:00
candycrux,done,2026-06-06T07:34:54+00:00
canemowie,done,2026-06-06T07:35:10+00:00
cantaloupething,done,2026-06-06T07:35:38+00:00
cantcomprehend,done,2026-06-06T07:35:56+00:00
canto90,done,2026-06-06T07:36:08+00:00
caoimhe06,done,2026-06-06T07:36:20+00:00
capa_ble,done,2026-06-06T07:36:41+00:00
capableofloove,done,2026-06-06T07:37:01+00:00
capduck,done,2026-06-06T07:37:18+00:00
capernaum,done,2026-06-06T07:37:41+00:00
capi69,done,2026-06-06T07:37:55+00:00
capt_purna,done,2026-06-06T07:38:20+00:00
captainmole,done,2026-06-06T07:38:43+00:00
captainrenga,done,2026-06-06T07:38:59+00:00
capybaaron,done,2026-06-06T07:39:14+00:00
caraalouisee,done,2026-06-06T07:39:32+00:00
carat_star,done,2026-06-06T07:39:42+00:00
carielin,done,2026-06-06T07:40:02+00:00
carlaaxx,done,2026-06-06T07:40:17+00:00
carlaborbs,done,2026-06-06T07:40:30+00:00
carlaherrera_,done,2026-06-06T07:40:40+00:00
carliiiiiiin_,done,2026-06-06T07:40:54+00:00
carlos526,done,2026-06-06T07:41:17+00:00
carlos808,done,2026-06-06T07:41:36+00:00
carlosaugustto,done,2026-06-06T07:41:50+00:00
carlotaabas,done,2026-06-06T07:42:08+00:00
carmelacj,done,2026-06-06T07:42:23+00:00
carmennn79,done,2026-06-06T07:42:48+00:00
carmuh,done,2026-06-06T07:43:04+00:00
carolferreiira,done,2026-06-06T07:43:23+00:00
carolina_v,done,2026-06-06T07:43:35+00:00
carolinabutes,done,2026-06-06T07:43:52+00:00
carolinehaislip,done,2026-06-06T07:44:13+00:00
caroser,done,2026-06-06T07:44:25+00:00
caroterrazasm,done,2026-06-06T07:44:40+00:00
carpe_diemdps,done,2026-06-06T07:44:53+00:00
carracar2008,done,2026-06-06T07:45:05+00:00
carsoncraig,done,2026-06-06T07:45:31+00:00
carterhiii,done,2026-06-06T07:45:44+00:00
carybuckley,done,2026-06-06T07:46:05+00:00
cas_fra,done,2026-06-06T07:46:20+00:00
casealop,done,2026-06-06T07:46:39+00:00
caseyrieruu,done,2026-06-06T07:46:57+00:00
cash_mp,done,2026-06-06T07:47:12+00:00
casiegirlll,done,2026-06-06T07:47:33+00:00
cassiavicelli,done,2026-06-06T07:47:50+00:00
cast1,done,2026-06-06T07:48:03+00:00
castleart22,done,2026-06-06T07:48:27+00:00
caszztro,done,2026-06-06T07:48:45+00:00
catamy05,done,2026-06-06T07:49:02+00:00
catemott,done,2026-06-06T07:49:18+00:00
caterinabm,done,2026-06-06T07:49:32+00:00
cathtayer,done,2026-06-06T07:50:00+00:00
catloave,done,2026-06-06T07:50:12+00:00
catlovercathy,done,2026-06-06T07:50:26+00:00
catmvp3,done,2026-06-06T07:50:43+00:00
catnip24,done,2026-06-06T07:51:03+00:00
catpaws,done,2026-06-06T07:51:40+00:00
cattariiinna,done,2026-06-06T07:51:54+00:00
cattwisty95,done,2026-06-06T07:52:07+00:00
cavaken,done,2026-06-06T07:52:18+00:00
cavall_2,done,2026-06-06T07:52:32+00:00
caydeb,done,2026-06-06T07:52:59+00:00
cazbro,done,2026-06-06T07:53:12+00:00
cazdark,done,2026-06-06T07:53:34+00:00
cbay22,done,2026-06-06T07:53:46+00:00
cbent04,done,2026-06-06T07:53:59+00:00
cbuckles,done,2026-06-06T07:54:34+00:00
ccathrynn67,done,2026-06-06T07:54:52+00:00
cconve,done,2026-06-06T07:55:04+00:00
cd10sm,done,2026-06-06T07:55:18+00:00
cdaniault,done,2026-06-06T07:55:29+00:00
cdaniiel,done,2026-06-06T07:55:54+00:00
cdinap,done,2026-06-06T07:56:14+00:00
cdn_mark,done,2026-06-06T07:56:30+00:00
ceben16,done,2026-06-06T07:56:45+00:00
ceewillsea,done,2026-06-06T07:56:58+00:00
celj,done,2026-06-06T07:57:18+00:00
celluloidstory,done,2026-06-06T07:57:31+00:00
cemeteryseven,done,2026-06-06T07:57:43+00:00
cernookybaca,done,2026-06-06T07:58:01+00:00
ceryicecream,done,2026-06-06T07:58:15+00:00
cesar_daniel,done,2026-06-06T07:58:49+00:00
cesaramei,done,2026-06-06T07:59:14+00:00
cescqu,done,2026-06-06T07:59:30+00:00
cethgrv,done,2026-06-06T07:59:51+00:00
ceyisea,done,2026-06-06T08:00:10+00:00
cf09,done,2026-06-06T08:00:32+00:00
cflickz,done,2026-06-06T08:00:45+00:00
cgrueber,done,2026-06-06T08:01:02+00:00
ch4shu,done,2026-06-06T08:01:18+00:00
cha123,done,2026-06-06T08:01:33+00:00
chaimeetstoast,done,2026-06-06T08:01:57+00:00
chainmai1,done,2026-06-06T08:02:10+00:00
chakuadrat,done,2026-06-06T08:02:23+00:00
chalichalidaa,done,2026-06-06T08:02:39+00:00
chaliporche,done,2026-06-06T08:02:54+00:00
chalours,done,2026-06-06T08:03:23+00:00
chamaguii,done,2026-06-06T08:03:44+00:00
chammycham,done,2026-06-06T08:04:07+00:00
change1,done,2026-06-06T08:04:18+00:00
chanipaul,done,2026-06-06T08:04:37+00:00
chaos602,done,2026-06-06T08:05:02+00:00
chaosinmybones,done,2026-06-06T08:05:17+00:00
charlesconroy,done,2026-06-06T08:05:32+00:00
charleysgirl27,done,2026-06-06T08:05:53+00:00
charliebrown42,done,2026-06-06T08:06:11+00:00
charlieburns12,done,2026-06-06T08:06:38+00:00
charlieorourke,done,2026-06-06T08:06:56+00:00
charlierape,done,2026-06-06T08:07:11+00:00
charlotte48m,done,2026-06-06T08:07:25+00:00
charlsey13,done,2026-06-06T08:07:42+00:00
charolette26,done,2026-06-06T08:08:10+00:00
charsagne,done,2026-06-06T08:08:29+00:00
chasr07,done,2026-06-06T08:08:43+00:00
chat_ami,done,2026-06-06T08:08:54+00:00
chavira,done,2026-06-06T08:09:16+00:00
cheapfoodmaster,done,2026-06-06T08:09:47+00:00
cheapthoughts,done,2026-06-06T08:10:03+00:00
cheddabrown,done,2026-06-06T08:10:32+00:00
cheekynikki,done,2026-06-06T08:10:57+00:00
cheekystreetwiz,done,2026-06-06T08:11:15+00:00
cheesedawg224,done,2026-06-06T08:11:48+00:00
cheesteur,done,2026-06-06T08:12:10+00:00
cheetazeus,done,2026-06-06T08:12:30+00:00
cheetossflo,done,2026-06-06T08:12:47+00:00
cheisiee,done,2026-06-06T08:13:02+00:00
chekhovsglock,done,2026-06-06T08:13:38+00:00
chelunee,done,2026-06-06T08:13:48+00:00
cheriexx22,done,2026-06-06T08:14:01+00:00
cherriesh,done,2026-06-06T08:14:19+00:00
cherryaddict07,done,2026-06-06T08:14:37+00:00
cherryl6000,done,2026-06-06T08:15:03+00:00
cherub8_xx,done,2026-06-06T08:15:24+00:00
chetosdequese,done,2026-06-06T08:15:41+00:00
chevyiimpala67,done,2026-06-06T08:15:53+00:00
chevytwo,done,2026-06-06T08:16:06+00:00
chezzalozza,done,2026-06-06T08:16:32+00:00
chhhaarrr07,done,2026-06-06T08:16:53+00:00
chia_shumi,done,2026-06-06T08:17:07+00:00
chiarabere,done,2026-06-06T08:17:24+00:00
chiarachiang,done,2026-06-06T08:17:38+00:00
chicken_bake,done,2026-06-06T08:18:07+00:00
chickennjoyy_,done,2026-06-06T08:18:19+00:00
chickenoodled,done,2026-06-06T08:18:30+00:00
chiellapil,done,2026-06-06T08:18:45+00:00
childofnazarath,done,2026-06-06T08:19:02+00:00
chili_dog_inc,done,2026-06-06T08:19:33+00:00
chinaski1983,done,2026-06-06T08:19:47+00:00
chinchas,done,2026-06-06T08:20:06+00:00
chiperti,done,2026-06-06T08:20:23+00:00
chipkali,done,2026-06-06T08:20:39+00:00
chiraagggg,done,2026-06-06T08:21:04+00:00
chlochlo81,done,2026-06-06T08:21:15+00:00
chloe0505,done,2026-06-06T08:21:36+00:00
chloeltty,done,2026-06-06T08:21:57+00:00
chloveesqwlv,done,2026-06-06T08:22:13+00:00
chocman_cl,done,2026-06-06T08:22:39+00:00
chocoflancillo,done,2026-06-06T08:22:56+00:00
choelsq09,done,2026-06-06T08:23:13+00:00
chonlada,done,2026-06-06T08:23:28+00:00
chounesofia,done,2026-06-06T08:23:44+00:00
chr0ll_,done,2026-06-06T08:24:17+00:00
chr15l33,done,2026-06-06T08:24:30+00:00
chris_7750,done,2026-06-06T08:24:50+00:00
chris_ga,done,2026-06-06T08:25:04+00:00
chris_meezy,done,2026-06-06T08:25:25+00:00
chrispoulos,done,2026-06-06T08:25:56+00:00
chrissyhgn,done,2026-06-06T08:26:10+00:00
christavei,done,2026-06-06T08:26:31+00:00
chritdit,done,2026-06-06T08:26:52+00:00
chromazz416,done,2026-06-06T08:27:06+00:00
chuckcourtney,done,2026-06-06T08:27:33+00:00
chudcity,done,2026-06-06T08:27:53+00:00
ciara_mele,done,2026-06-06T08:28:09+00:00
cicamaci,done,2026-06-06T08:28:25+00:00
cigarettss,done,2026-06-06T08:28:42+00:00
cigsandfilms,done,2026-06-06T08:29:11+00:00
cimixa,done,2026-06-06T08:29:33+00:00
cinacker,done,2026-06-06T08:29:47+00:00
cindypopp,done,2026-06-06T08:30:09+00:00
cindyschelvis,done,2026-06-06T08:30:25+00:00
cineani,done,2026-06-06T08:30:59+00:00
cinecharan,done,2026-06-06T08:31:12+00:00
cineloverx,done,2026-06-06T08:31:31+00:00
cinemagirl11,done,2026-06-06T08:31:49+00:00
cinematraveler,done,2026-06-06T08:32:09+00:00
cinempart,done,2026-06-06T08:32:36+00:00
cinnam_gio,done,2026-06-06T08:32:50+00:00
cinnamongirl000,done,2026-06-06T08:33:09+00:00
cinnamood,done,2026-06-06T08:33:30+00:00
cinyfile,done,2026-06-06T08:33:50+00:00
ciowatcher,done,2026-06-06T08:34:23+00:00
ciucu,done,2026-06-06T08:34:39+00:00
ckirk1298,done,2026-06-06T08:34:56+00:00
cktristan_,done,2026-06-06T08:35:13+00:00
cl_avicembalo,done,2026-06-06T08:35:33+00:00
cla_infa,done,2026-06-06T08:35:59+00:00
claaudias,done,2026-06-06T08:36:13+00:00
clairedrummond,done,2026-06-06T08:36:26+00:00
claireocal,done,2026-06-06T08:36:42+00:00
claireost,done,2026-06-06T08:36:59+00:00
claireskz,done,2026-06-06T08:37:26+00:00
clairissole,done,2026-06-06T08:37:43+00:00
clamorosa68,done,2026-06-06T08:37:55+00:00
classicanne,done,2026-06-06T08:38:09+00:00
claudiagordon,done,2026-06-06T08:38:27+00:00
claudiaines,done,2026-06-06T08:38:55+00:00
claudiamrozik,done,2026-06-06T08:39:09+00:00
claus0108,done,2026-06-06T08:39:23+00:00
clay_oo,done,2026-06-06T08:39:41+00:00
clayi,done,2026-06-06T08:39:55+00:00
clemguig,done,2026-06-06T08:40:19+00:00
clemhttp,done,2026-06-06T08:40:32+00:00
cleons,done,2026-06-06T08:40:50+00:00
cleooupi,done,2026-06-06T08:41:02+00:00
clevomovie,done,2026-06-06T08:41:13+00:00
cliffo88,done,2026-06-06T08:41:46+00:00
clipper47,done,2026-06-06T08:42:00+00:00
clo_55,done,2026-06-06T08:42:16+00:00
clock189,done,2026-06-06T08:42:33+00:00
clogalvan,done,2026-06-06T08:42:47+00:00
cloralex,done,2026-06-06T08:43:17+00:00
clos00,done,2026-06-06T08:43:28+00:00
cltrimble25,done,2026-06-06T08:43:42+00:00
cluelessver,done,2026-06-06T08:43:56+00:00
cluvsmoviesss,done,2026-06-06T08:44:18+00:00
cmguilherme,done,2026-06-06T08:44:48+00:00
cmtzsd,done,2026-06-06T08:45:00+00:00
cndnleif,done,2026-06-06T08:45:17+00:00
cobainl0ver,done,2026-06-06T08:45:34+00:00
coca_bear,done,2026-06-06T08:45:51+00:00
cocodinho,done,2026-06-06T08:46:17+00:00
coconuts_jm,done,2026-06-06T08:46:28+00:00
cocretaas,done,2026-06-06T08:46:44+00:00
coffeegirl,done,2026-06-06T08:47:03+00:00
coffeejaley,done,2026-06-06T08:47:18+00:00
coksuz1,done,2026-06-06T08:47:41+00:00
coldnikko,done,2026-06-06T08:47:56+00:00
colehearteddd,done,2026-06-06T08:48:10+00:00
colinee_rsr,done,2026-06-06T08:48:25+00:00
colinkempfert64,done,2026-06-06T08:48:39+00:00
colinrowe,done,2026-06-06T08:49:08+00:00
coltthebolt39,done,2026-06-06T08:49:28+00:00
commonjdn,done,2026-06-06T08:49:46+00:00
compatiblefox,done,2026-06-06T08:49:58+00:00
computerangel1,done,2026-06-06T08:50:12+00:00
condum,done,2026-06-06T08:50:39+00:00
connor0987,done,2026-06-06T08:50:52+00:00
connorcarey,done,2026-06-06T08:51:20+00:00
conorb09,done,2026-06-06T08:51:34+00:00
cookiecrumbling,done,2026-06-06T08:51:53+00:00
coolestkid2187,done,2026-06-06T08:52:24+00:00
coolguytrucks,done,2026-06-06T08:52:38+00:00
cooperf2,done,2026-06-06T08:52:55+00:00
coopsahoy1,done,2026-06-06T08:53:07+00:00
coraalemo,done,2026-06-06T08:53:23+00:00
coracorman,done,2026-06-06T08:53:48+00:00
coraline_888,done,2026-06-06T08:54:05+00:00
corbobobinns,done,2026-06-06T08:54:18+00:00
cordonblwu,done,2026-06-06T08:54:36+00:00
corentingrv,done,2026-06-06T08:54:47+00:00
corey_james124,done,2026-06-06T08:55:09+00:00
coreycox4768,done,2026-06-06T08:55:21+00:00
cormacmphelan,done,2026-06-06T08:55:38+00:00
cosmoroni,done,2026-06-06T08:55:53+00:00
cotin31_k,done,2026-06-06T08:56:06+00:00
cotonn,done,2026-06-06T08:56:36+00:00
cougiieee,done,2026-06-06T08:56:54+00:00
couldntbemii,done,2026-06-06T08:57:11+00:00
countfartsula,done,2026-06-06T08:57:25+00:00
courtney1014,done,2026-06-06T08:57:41+00:00
covey09,done,2026-06-06T08:58:14+00:00
cowboycoke,done,2026-06-06T08:58:34+00:00
cowboylikemela,done,2026-06-06T08:58:59+00:00
cowboysaint,done,2026-06-06T08:59:14+00:00
cowgirl_viper,done,2026-06-06T08:59:34+00:00
cozyhoodie,done,2026-06-06T08:59:58+00:00
cr1s_calcagn1,done,2026-06-06T09:00:18+00:00
cracksnorterrrr,done,2026-06-06T09:00:33+00:00
craja,done,2026-06-06T09:00:50+00:00
cranberies,done,2026-06-06T09:01:08+00:00
craytonray,done,2026-06-06T09:01:29+00:00
crderta,done,2026-06-06T09:01:40+00:00
creepycrawl3r,done,2026-06-06T09:01:53+00:00
crg1980,done,2026-06-06T09:02:04+00:00
crhaleott,done,2026-06-06T09:02:25+00:00
crickish,done,2026-06-06T09:02:52+00:00
criesforscreams,done,2026-06-06T09:03:14+00:00
crimsonmoon_,done,2026-06-06T09:03:29+00:00
crisito232,done,2026-06-06T09:03:42+00:00
criskros19,done,2026-06-06T09:03:57+00:00
cristovin,done,2026-06-06T09:04:21+00:00
croccodiles,done,2026-06-06T09:04:35+00:00
cronagod,done,2026-06-06T09:04:54+00:00
crowjunk,done,2026-06-06T09:05:07+00:00
crumbssilence,done,2026-06-06T09:05:27+00:00
crusader_64p,done,2026-06-06T09:05:53+00:00
cruve,done,2026-06-06T09:06:11+00:00
crxstqrr,done,2026-06-06T09:06:33+00:00
cryin144p,done,2026-06-06T09:06:44+00:00
cs_farias,done,2026-06-06T09:06:56+00:00
cseiz,done,2026-06-06T09:07:22+00:00
csmicsin,done,2026-06-06T09:07:41+00:00
csprichard23,done,2026-06-06T09:07:55+00:00
ctheleanor,done,2026-06-06T09:08:11+00:00
ctra,done,2026-06-06T09:08:26+00:00
ctrain2k,done,2026-06-06T09:08:49+00:00
cubster,done,2026-06-06T09:09:05+00:00
cucabuca,done,2026-06-06T09:09:19+00:00
cuddsheebi,done,2026-06-06T09:09:37+00:00
cudibuho,done,2026-06-06T09:09:57+00:00
cugget,done,2026-06-06T09:10:19+00:00
cupidelocke,done,2026-06-06T09:10:40+00:00
curanga,done,2026-06-06T09:10:54+00:00
cutebarsi,done,2026-06-06T09:11:10+00:00
cuteesyyy00,done,2026-06-06T09:11:23+00:00
cvxly,done,2026-06-06T09:11:52+00:00
cwittyy,done,2026-06-06T09:12:06+00:00
cxlxstb,done,2026-06-06T09:12:24+00:00
cyanzish,done,2026-06-06T09:12:37+00:00
cyasnupi,done,2026-06-06T09:12:51+00:00
cyber404,done,2026-06-06T09:13:17+00:00
cyberfqngs,done,2026-06-06T09:13:36+00:00
cyberpoutine,done,2026-06-06T09:13:55+00:00
cyclopsdevil,done,2026-06-06T09:14:14+00:00
cylesmaa,done,2026-06-06T09:14:37+00:00
cynam0nka,done,2026-06-06T09:15:04+00:00
cyriinee,done,2026-06-06T09:15:23+00:00
cyrilsc,done,2026-06-06T09:15:36+00:00
cyrilthomas,done,2026-06-06T09:15:56+00:00
d7ime,done,2026-06-06T09:16:13+00:00
d85vm,done,2026-06-06T09:16:36+00:00
d_lirious,done,2026-06-06T09:16:51+00:00
d_raff_c,done,2026-06-06T09:17:08+00:00
da1punchdown,done,2026-06-06T09:17:20+00:00
daaycatto_,done,2026-06-06T09:17:33+00:00
daisydresden,done,2026-06-06T09:18:04+00:00
daisyteensy,done,2026-06-06T09:18:16+00:00
daizynix,done,2026-06-06T09:18:26+00:00
daking22,done,2026-06-06T09:18:46+00:00
dakpan39,done,2026-06-06T09:19:04+00:00
dalyo,done,2026-06-06T09:19:33+00:00
dam444,done,2026-06-06T09:19:49+00:00
dame_vdm,done,2026-06-06T09:20:02+00:00
damepiti,done,2026-06-06T09:20:19+00:00
damereynoso,done,2026-06-06T09:20:31+00:00
damianvex,done,2026-06-06T09:21:08+00:00
damirai,done,2026-06-06T09:21:26+00:00
damlasv,done,2026-06-06T09:21:43+00:00
damnedcities,done,2026-06-06T09:22:04+00:00
damnishi,done,2026-06-06T09:22:17+00:00
damwayne,done,2026-06-06T09:22:50+00:00
dan_497,done,2026-06-06T09:23:05+00:00
dan_ah146,done,2026-06-06T09:23:19+00:00
danaah,done,2026-06-06T09:23:39+00:00
dancesmurf,done,2026-06-06T09:23:50+00:00
dandi42,done,2026-06-06T09:24:13+00:00
danfreire,done,2026-06-06T09:24:36+00:00
danhchi19,done,2026-06-06T09:24:51+00:00
daniagner,done,2026-06-06T09:25:11+00:00
daniel563,done,2026-06-06T09:25:40+00:00
daniela27c,done,2026-06-06T09:26:09+00:00
daniela_floyd,done,2026-06-06T09:26:20+00:00
danielartsiom,done,2026-06-06T09:26:32+00:00
danielcardon,done,2026-06-06T09:26:42+00:00
danielhook7,done,2026-06-06T09:26:57+00:00
danielitzhaik21,done,2026-06-06T09:27:23+00:00
danielnp1,done,2026-06-06T09:27:34+00:00
danielsfilms0,done,2026-06-06T09:27:54+00:00
danieluranga13,done,2026-06-06T09:28:04+00:00
daniloarg,done,2026-06-06T09:28:16+00:00
danilynn2000,done,2026-06-06T09:28:42+00:00
danipio,done,2026-06-06T09:28:52+00:00
danironan,done,2026-06-06T09:29:14+00:00
danlukwil,done,2026-06-06T09:29:30+00:00
dannita777,done,2026-06-06T09:29:47+00:00
danny_zn,done,2026-06-06T09:30:13+00:00
danyret,done,2026-06-06T09:30:27+00:00
daphnecosta,done,2026-06-06T09:30:49+00:00
daria_sh_v,done,2026-06-06T09:31:03+00:00
dariajoakabine,done,2026-06-06T09:31:20+00:00
darkfirem9,done,2026-06-06T09:31:49+00:00
darko_666,done,2026-06-06T09:32:01+00:00
darkwolf7,done,2026-06-06T09:32:18+00:00
darlapim,done,2026-06-06T09:32:36+00:00
daroxira,done,2026-06-06T09:32:53+00:00
darrencheng,done,2026-06-06T09:33:23+00:00
darshannd,done,2026-06-06T09:33:35+00:00
das_ist,done,2026-06-06T09:33:47+00:00
dasha_attt,done,2026-06-06T09:33:58+00:00
dashcoom,done,2026-06-06T09:34:21+00:00
davarein,done,2026-06-06T09:34:52+00:00
davelebg,done,2026-06-06T09:35:03+00:00
davevillarreal,done,2026-06-06T09:35:21+00:00
davidhd72,done,2026-06-06T09:35:42+00:00
davidsfer,done,2026-06-06T09:35:55+00:00
davidsmither,done,2026-06-06T09:36:33+00:00
davioceann,done,2026-06-06T09:36:44+00:00
davitqotola,done,2026-06-06T09:36:59+00:00
davizeraa7,done,2026-06-06T09:37:18+00:00
davizord,done,2026-06-06T09:37:29+00:00
dawgteef,done,2026-06-06T09:37:54+00:00
dawnsdreamies,done,2026-06-06T09:38:10+00:00
dawood_ahmed,done,2026-06-06T09:38:28+00:00
dayanarap02,done,2026-06-06T09:38:40+00:00
dbcqt,done,2026-06-06T09:38:58+00:00
dbrd5,done,2026-06-06T09:39:23+00:00
dcg1,done,2026-06-06T09:39:37+00:00
dcsinefil,done,2026-06-06T09:39:58+00:00
ddddkim0525,done,2026-06-06T09:40:09+00:00
ddeorami,done,2026-06-06T09:40:28+00:00
ddhatdd,done,2026-06-06T09:40:53+00:00
ddotaniya,done,2026-06-06T09:41:07+00:00
ddriiann,done,2026-06-06T09:41:21+00:00
ddw1403,done,2026-06-06T09:41:45+00:00
deaam14,done,2026-06-06T09:41:58+00:00
dead_d33r,done,2026-06-06T09:42:24+00:00
deadbeatblues_,done,2026-06-06T09:42:37+00:00
deanmfjones,done,2026-06-06T09:43:04+00:00
dearestdina,done,2026-06-06T09:43:21+00:00
dearqalesya,done,2026-06-06T09:43:38+00:00
debeliou,done,2026-06-06T09:44:04+00:00
debsterthegreat,done,2026-06-06T09:44:19+00:00
debunkxd,done,2026-06-06T09:44:31+00:00
decayediron,done,2026-06-06T09:44:42+00:00
dedelaya,done,2026-06-06T09:44:58+00:00
deegsmith,done,2026-06-06T09:45:20+00:00
defscottpilgrim,done,2026-06-06T09:45:37+00:00
defusebe,done,2026-06-06T09:45:51+00:00
deimeisd,done,2026-06-06T09:46:09+00:00
dejno,done,2026-06-06T09:46:20+00:00
delfinoadueante,done,2026-06-06T09:46:47+00:00
delicate_13,done,2026-06-06T09:47:08+00:00
demdoo,done,2026-06-06T09:47:20+00:00
demim8313,done,2026-06-06T09:47:41+00:00
demoler,done,2026-06-06T09:47:59+00:00
demonmarkedsoul,done,2026-06-06T09:48:27+00:00
denchold2004,done,2026-06-06T09:48:37+00:00
denisdbja,done,2026-06-06T09:48:51+00:00
denkypenky69,done,2026-06-06T09:49:05+00:00
dennydevito,done,2026-06-06T09:49:22+00:00
malemonstrum,done,2026-06-06T09:52:42+00:00
dentiffffforcio,done,2026-06-06T09:52:55+00:00
dereemy,done,2026-06-06T09:53:05+00:00
derpcat,done,2026-06-06T09:53:24+00:00
derpy_sol,done,2026-06-06T09:53:38+00:00
deryya_,done,2026-06-06T09:53:55+00:00
desararara,done,2026-06-06T09:54:19+00:00
desimrivera,done,2026-06-06T09:54:30+00:00
desio2001,done,2026-06-06T09:54:41+00:00
desperado83,done,2026-06-06T09:55:00+00:00
destha,done,2026-06-06T09:55:16+00:00
destrooo,done,2026-06-06T09:55:36+00:00
devarachh,done,2026-06-06T09:55:52+00:00
dever,done,2026-06-06T09:56:09+00:00
devinka,done,2026-06-06T09:56:29+00:00
devvthree,done,2026-06-06T09:56:42+00:00
dewxo0,done,2026-06-06T09:57:06+00:00
dez1lain,done,2026-06-06T09:57:18+00:00
dgaspar,done,2026-06-06T09:57:33+00:00
dgmoviereview,done,2026-06-06T09:57:52+00:00
dhad_,done,2026-06-06T09:58:05+00:00
dhandt,done,2026-06-06T09:58:26+00:00
dhanuoos,done,2026-06-06T09:58:43+00:00
dharnitachan,done,2026-06-06T09:58:57+00:00
dheeraj_1,done,2026-06-06T09:59:08+00:00
dhillsjr,done,2026-06-06T09:59:27+00:00
diabolace,done,2026-06-06T09:59:56+00:00
dianamora,done,2026-06-06T10:00:11+00:00
dicte_01,done,2026-06-06T10:00:25+00:00
diecastguy,done,2026-06-06T10:00:36+00:00
diego524,done,2026-06-06T10:00:48+00:00
diegonomy,done,2026-06-06T10:01:16+00:00
diegoruedaarzoz,done,2026-06-06T10:01:34+00:00
diegouli,done,2026-06-06T10:01:57+00:00
diell_pinkman,done,2026-06-06T10:02:14+00:00
diggia06,done,2026-06-06T10:02:24+00:00
digitalfilms,done,2026-06-06T10:02:46+00:00
dihcheese6776,done,2026-06-06T10:02:58+00:00
dikyamp4,done,2026-06-06T10:03:11+00:00
dilbert_,done,2026-06-06T10:03:26+00:00
dillnoza,done,2026-06-06T10:03:38+00:00
dimakie,done,2026-06-06T10:03:58+00:00
dimestorego,done,2026-06-06T10:04:16+00:00
dimlitdiary,done,2026-06-06T10:04:30+00:00
dinaraaaa,done,2026-06-06T10:04:43+00:00
dindindun,done,2026-06-06T10:04:57+00:00
dinmaa,done,2026-06-06T10:05:18+00:00
dinomeg,done,2026-06-06T10:05:34+00:00
dipirona1000mg,done,2026-06-06T10:05:51+00:00
dippyfreshh,done,2026-06-06T10:06:11+00:00
dipthegeezer,done,2026-06-06T10:06:28+00:00
directedbyanish,done,2026-06-06T10:06:48+00:00
distantlvr,done,2026-06-06T10:07:13+00:00
ditaoo,done,2026-06-06T10:07:29+00:00
divinehag,done,2026-06-06T10:07:43+00:00
divyanarayan12,done,2026-06-06T10:07:57+00:00
divyasuthar,done,2026-06-06T10:08:18+00:00
dixonleafe,done,2026-06-06T10:08:33+00:00
diyar04,done,2026-06-06T10:08:49+00:00
diyaslays247,done,2026-06-06T10:08:59+00:00
dizazter,done,2026-06-06T10:09:16+00:00
djhupp,done,2026-06-06T10:09:43+00:00
djkhaled007,done,2026-06-06T10:09:59+00:00
djml58,done,2026-06-06T10:10:13+00:00
djnuggsfilms,done,2026-06-06T10:10:31+00:00
dk7t,done,2026-06-06T10:10:47+00:00
dk_8691,done,2026-06-06T10:11:06+00:00
dkfelffk,done,2026-06-06T10:11:22+00:00
dlcnjz,done,2026-06-06T10:11:33+00:00
dmberegszaszi,done,2026-06-06T10:11:50+00:00
dmened,done,2026-06-06T10:12:03+00:00
dmp2127,done,2026-06-06T10:12:21+00:00
dnevnik,done,2026-06-06T10:12:40+00:00
dny2u,done,2026-06-06T10:12:56+00:00
dnzbulls,done,2026-06-06T10:13:12+00:00
doctaluv,done,2026-06-06T10:13:28+00:00
doctordanav,done,2026-06-06T10:13:49+00:00
doctorpizza,done,2026-06-06T10:14:03+00:00
dodo_chan,done,2026-06-06T10:14:23+00:00
doflamingo123,done,2026-06-06T10:14:40+00:00
doggieeu,done,2026-06-06T10:14:52+00:00
doku_arata,done,2026-06-06T10:15:16+00:00
dokwild,done,2026-06-06T10:15:30+00:00
dolceh,done,2026-06-06T10:15:43+00:00
dollescense,done,2026-06-06T10:15:56+00:00
dolliesmoons,done,2026-06-06T10:16:13+00:00
dolonia,done,2026-06-06T10:16:35+00:00
domal,done,2026-06-06T10:16:47+00:00
domilejan,done,2026-06-06T10:16:57+00:00
dominberna,done,2026-06-06T10:17:12+00:00
dominic184,done,2026-06-06T10:17:25+00:00
dominicleger,done,2026-06-06T10:17:46+00:00
domm5,done,2026-06-06T10:18:02+00:00
dommy_issuez,done,2026-06-06T10:18:17+00:00
domtuah,done,2026-06-06T10:18:29+00:00
donaldbrestonpa,done,2026-06-06T10:18:48+00:00
donaldo20,done,2026-06-06T10:19:14+00:00
donari,done,2026-06-06T10:19:27+00:00
donnna_,done,2026-06-06T10:19:41+00:00
donnuttt,done,2026-06-06T10:19:59+00:00
dontstop22,done,2026-06-06T10:20:18+00:00
dontyoudaretoo,done,2026-06-06T10:20:41+00:00
donutsdashing,done,2026-06-06T10:20:56+00:00
dookeifart,done,2026-06-06T10:21:12+00:00
doom_1,done,2026-06-06T10:21:25+00:00
doomfugger,done,2026-06-06T10:21:43+00:00
doomslayer123,done,2026-06-06T10:22:02+00:00
dopedlyn,done,2026-06-06T10:22:14+00:00
dopland1,done,2026-06-06T10:22:26+00:00
dorakc,done,2026-06-06T10:22:39+00:00
doricdom108,done,2026-06-06T10:22:58+00:00
doskicaaa,done,2026-06-06T10:23:17+00:00
doubledowntoon,done,2026-06-06T10:23:36+00:00
doublevictoria,done,2026-06-06T10:23:53+00:00
douglas_calado,done,2026-06-06T10:24:07+00:00
dove2k,done,2026-06-06T10:24:23+00:00
dpage,done,2026-06-06T10:24:47+00:00
dr1fi,done,2026-06-06T10:24:59+00:00
draga27an4s,done,2026-06-06T10:25:15+00:00
drakes12,done,2026-06-06T10:25:30+00:00
dreamsofme,done,2026-06-06T10:25:41+00:00
dreeeski,done,2026-06-06T10:26:02+00:00
dremmiee,done,2026-06-06T10:26:20+00:00
dretlaw,done,2026-06-06T10:26:31+00:00
drew_98,done,2026-06-06T10:26:46+00:00
drewcifer,done,2026-06-06T10:27:03+00:00
drewcrime,done,2026-06-06T10:27:26+00:00
drewkmon,done,2026-06-06T10:27:42+00:00
driftingmontage,done,2026-06-06T10:27:59+00:00
drorsabi1,done,2026-06-06T10:28:19+00:00
drp3pper_,done,2026-06-06T10:28:31+00:00
drrw,done,2026-06-06T10:28:50+00:00
drsandycheeks,done,2026-06-06T10:29:09+00:00
druvr2,done,2026-06-06T10:29:22+00:00
drxanadu,done,2026-06-06T10:29:42+00:00
dryfuneral,done,2026-06-06T10:29:59+00:00
drysom,done,2026-06-06T10:30:23+00:00
dsagger,done,2026-06-06T10:30:36+00:00
dualover,done,2026-06-06T10:30:50+00:00
dudeoji,done,2026-06-06T10:31:01+00:00
dudinka4,done,2026-06-06T10:31:17+00:00
dulainb,done,2026-06-06T10:31:41+00:00
dumb_corvid,done,2026-06-06T10:32:03+00:00
dumbbbitch,done,2026-06-06T10:32:22+00:00
dumply,done,2026-06-06T10:32:33+00:00
dunereaper,done,2026-06-06T10:32:49+00:00
durexy,done,2026-06-06T10:33:09+00:00
durimo,done,2026-06-06T10:33:22+00:00
duskfon,done,2026-06-06T10:33:39+00:00
duso01,done,2026-06-06T10:33:53+00:00
dvchi,done,2026-06-06T10:34:07+00:00
dvdxd,done,2026-06-06T10:34:28+00:00
dvssxtrvv,done,2026-06-06T10:34:43+00:00
dwdaakash,done,2026-06-06T10:34:57+00:00
dweanad,done,2026-06-06T10:35:10+00:00
dxadora,done,2026-06-06T10:35:25+00:00
dxanloll,done,2026-06-06T10:35:46+00:00
dxvllz,done,2026-06-06T10:35:57+00:00
dy5ondan1e1s,done,2026-06-06T10:36:11+00:00
dyaa111,done,2026-06-06T10:36:30+00:00
dydadyda,done,2026-06-06T10:36:41+00:00
dyecov,done,2026-06-06T10:37:11+00:00
dylan_grady,done,2026-06-06T10:37:30+00:00
dylanchagala,done,2026-06-06T10:37:41+00:00
dylancoad,done,2026-06-06T10:37:58+00:00
dylandoughertyy,done,2026-06-06T10:38:10+00:00
dylanlow,done,2026-06-06T10:38:30+00:00
dylanthefilm,done,2026-06-06T10:38:46+00:00
dylarantino,done,2026-06-06T10:38:59+00:00
dynamic_truck,done,2026-06-06T10:39:11+00:00
dysonspheres,done,2026-06-06T10:39:25+00:00
dz9kanth,done,2026-06-06T10:39:47+00:00
dzobleis,done,2026-06-06T10:39:58+00:00
dzulxm,done,2026-06-06T10:40:12+00:00
e111w,done,2026-06-06T10:40:25+00:00
e1izabe7h,done,2026-06-06T10:40:42+00:00
e2d2,done,2026-06-06T10:41:02+00:00
eaglemelee,done,2026-06-06T10:41:14+00:00
eairabechy,done,2026-06-06T10:41:28+00:00
earlynovember,done,2026-06-06T10:41:43+00:00
earlyyycake_,done,2026-06-06T10:41:58+00:00
earnestborgnine,done,2026-06-06T10:42:23+00:00
earthlings_,done,2026-06-06T10:42:42+00:00
eatlotionfatty,done,2026-06-06T10:42:59+00:00
eatmyashley,done,2026-06-06T10:43:11+00:00
eb888,done,2026-06-06T10:43:24+00:00
ebay0444,done,2026-06-06T10:43:48+00:00
ebayaj,done,2026-06-06T10:43:59+00:00
ebtehaz,done,2026-06-06T10:44:14+00:00
ecl2,done,2026-06-06T10:44:31+00:00
ecosy,done,2026-06-06T10:44:46+00:00
ecrinsole,done,2026-06-06T10:45:10+00:00
ed_a,done,2026-06-06T10:45:22+00:00
edadique,done,2026-06-06T10:45:39+00:00
eddegredde,done,2026-06-06T10:45:51+00:00
eddyc123,done,2026-06-06T10:46:08+00:00
edek_,done,2026-06-06T10:46:27+00:00
edgar2211,done,2026-06-06T10:46:46+00:00
edgargomez1008,done,2026-06-06T10:47:00+00:00
edgarivanph,done,2026-06-06T10:47:15+00:00
edimetra,done,2026-06-06T10:47:30+00:00
edithsoleil,done,2026-06-06T10:47:54+00:00
edittyshoot24,done,2026-06-06T10:48:09+00:00
edoingrassia,done,2026-06-06T10:48:21+00:00
edra88,done,2026-06-06T10:48:35+00:00
eduardo_rv,done,2026-06-06T10:48:54+00:00
eduardohfv,done,2026-06-06T10:49:15+00:00
eduardomaddd,done,2026-06-06T10:49:29+00:00
edwardz10,done,2026-06-06T10:49:43+00:00
edwrd09,done,2026-06-06T10:49:57+00:00
edyys,done,2026-06-06T10:50:10+00:00
eemmaes,done,2026-06-06T10:50:35+00:00
eenzolarosa,done,2026-06-06T10:50:49+00:00
eevee1901,done,2026-06-06T10:51:02+00:00
efekaraca1,done,2026-06-06T10:51:18+00:00
efikriansyhah,done,2026-06-06T10:51:30+00:00
egarzo99,done,2026-06-06T10:51:48+00:00
ehudolmert,done,2026-06-06T10:52:03+00:00
eighthpassenger,done,2026-06-06T10:52:21+00:00
eileenp_,done,2026-06-06T10:52:37+00:00
eina007,done,2026-06-06T10:52:50+00:00
eitanca,done,2026-06-06T10:53:10+00:00
ejllaird,done,2026-06-06T10:53:24+00:00
ejze,done,2026-06-06T10:53:38+00:00
ekaki111,done,2026-06-06T10:53:49+00:00
ekambora,done,2026-06-06T10:54:02+00:00
el2006,done,2026-06-06T10:54:30+00:00
el4rrzz,done,2026-06-06T10:54:45+00:00
el_charmlessman,done,2026-06-06T10:54:56+00:00
el_loves_mov1es,done,2026-06-06T10:55:09+00:00
elai20,done,2026-06-06T10:55:24+00:00
elannag,done,2026-06-06T10:55:49+00:00
elbi00,done,2026-06-06T10:56:06+00:00
elcucay,done,2026-06-06T10:56:18+00:00
elcxx,done,2026-06-06T10:56:33+00:00
elczeam,done,2026-06-06T10:56:43+00:00
eldakak,done,2026-06-06T10:57:07+00:00
eldiablo8,done,2026-06-06T10:57:23+00:00
eldukay13,done,2026-06-06T10:57:38+00:00
ele_mp,done,2026-06-06T10:57:52+00:00
elea_09,done,2026-06-06T10:58:03+00:00
eleanors_movies,done,2026-06-06T10:58:29+00:00
elemeau,done,2026-06-06T10:58:41+00:00
elemelew,done,2026-06-06T10:58:55+00:00
elenaelena_234,done,2026-06-06T10:59:07+00:00
elenasmovies00,done,2026-06-06T10:59:25+00:00
elenaza,done,2026-06-06T10:59:51+00:00
eleonoraxx,done,2026-06-06T11:00:05+00:00
eleonoricina,done,2026-06-06T11:00:20+00:00
elfiethecattie,done,2026-06-06T11:00:32+00:00
elias_silver,done,2026-06-06T11:00:54+00:00
eliesgf,done,2026-06-06T11:01:19+00:00
elijahtucker,done,2026-06-06T11:01:32+00:00
elikucukomer,done,2026-06-06T11:01:53+00:00
elilovescats10,done,2026-06-06T11:02:09+00:00
elinsanowa,done,2026-06-06T11:02:24+00:00
elisa29_,done,2026-06-06T11:02:50+00:00
elisaaudrey,done,2026-06-06T11:03:03+00:00
elisabln11,done,2026-06-06T11:03:19+00:00
elisagotfriends,done,2026-06-06T11:03:35+00:00
elisamancusoo,done,2026-06-06T11:03:47+00:00
elisaprada,done,2026-06-06T11:04:08+00:00
elisarob228,done,2026-06-06T11:04:20+00:00
elisaruuiz,done,2026-06-06T11:04:33+00:00
elisawmh,done,2026-06-06T11:04:47+00:00
elisaxl,done,2026-06-06T11:04:59+00:00
elise29,done,2026-06-06T11:05:24+00:00
elisekku,done,2026-06-06T11:05:36+00:00
elisinterlude,done,2026-06-06T11:05:53+00:00
eliviawallace,done,2026-06-06T11:06:13+00:00
elizabetepro,done,2026-06-06T11:06:30+00:00
elizabeth_00,done,2026-06-06T11:06:54+00:00
elizabeth_21,done,2026-06-06T11:07:07+00:00
elizabethec,done,2026-06-06T11:07:22+00:00
elizabethgaa,done,2026-06-06T11:07:37+00:00
elizabethhanson,done,2026-06-06T11:07:54+00:00
eljumbo,done,2026-06-06T11:08:12+00:00
elkaor,done,2026-06-06T11:08:28+00:00
ella_folklore14,done,2026-06-06T11:08:46+00:00
ellabednarek94,done,2026-06-06T11:08:59+00:00
ellahaseldine,done,2026-06-06T11:09:20+00:00
ellakkk,done,2026-06-06T11:09:41+00:00
ellalalalalal,done,2026-06-06T11:09:55+00:00
ellathelost,done,2026-06-06T11:10:06+00:00
ellaviv,done,2026-06-06T11:10:18+00:00
ellemorris1,done,2026-06-06T11:10:30+00:00
ellenisgenerous,done,2026-06-06T11:11:00+00:00
ellenr1pley,done,2026-06-06T11:11:17+00:00
ellenvuee,done,2026-06-06T11:11:33+00:00
ellerknate,done,2026-06-06T11:11:46+00:00
elletownz,done,2026-06-06T11:12:03+00:00
elleyoyo,done,2026-06-06T11:12:31+00:00
elliemwilson,done,2026-06-06T11:12:53+00:00
ellienew98,done,2026-06-06T11:13:05+00:00
elliesmyth,done,2026-06-06T11:13:18+00:00
elliottff,done,2026-06-06T11:13:33+00:00
ellovu,done,2026-06-06T11:13:54+00:00
ellydesalis,done,2026-06-06T11:14:12+00:00
elmakurdu,done,2026-06-06T11:14:31+00:00
eln1no,done,2026-06-06T11:14:42+00:00
elomaarja,done,2026-06-06T11:14:54+00:00
elospeaks,done,2026-06-06T11:15:17+00:00
elpibedeoro13,done,2026-06-06T11:15:31+00:00
elsagrgt,done,2026-06-06T11:15:46+00:00
elsamn,done,2026-06-06T11:16:01+00:00
elvira_22,done,2026-06-06T11:16:17+00:00
elya3,done,2026-06-06T11:16:41+00:00
elyyyc,done,2026-06-06T11:16:54+00:00
em_03123,done,2026-06-06T11:17:10+00:00
em_7ma,done,2026-06-06T11:17:26+00:00
em_ithoy,done,2026-06-06T11:17:37+00:00
emagual,done,2026-06-06T11:18:00+00:00
emajabuka,done,2026-06-06T11:18:13+00:00
emalooo,done,2026-06-06T11:18:25+00:00
emamarae,done,2026-06-06T11:18:41+00:00
eman8a,done,2026-06-06T11:18:55+00:00
embuka,done,2026-06-06T11:19:18+00:00
emcckaaa,done,2026-06-06T11:19:30+00:00
emi26007,done,2026-06-06T11:19:47+00:00
emi4115,done,2026-06-06T11:20:00+00:00
emi_bd,done,2026-06-06T11:20:11+00:00
emi_marchisio_,done,2026-06-06T11:20:29+00:00
emiballs,done,2026-06-06T11:20:40+00:00
emihstkl,done,2026-06-06T11:20:58+00:00
emiliatrotts,done,2026-06-06T11:21:13+00:00
emilie154,done,2026-06-06T11:21:27+00:00
emiliodr,done,2026-06-06T11:21:47+00:00
emilybriscoe,done,2026-06-06T11:22:02+00:00
emilyguillen,done,2026-06-06T11:22:18+00:00
emiplz,done,2026-06-06T11:22:35+00:00
emirhns,done,2026-06-06T11:22:52+00:00
emirpascal,done,2026-06-06T11:23:16+00:00
emirsaidina,done,2026-06-06T11:23:30+00:00
emkiaoekl,done,2026-06-06T11:23:43+00:00
emkyx,done,2026-06-06T11:23:57+00:00
emlycx,done,2026-06-06T11:24:12+00:00
emlynndaniel,done,2026-06-06T11:24:34+00:00
emmacarason,done,2026-06-06T11:24:49+00:00
emmacarena49,done,2026-06-06T11:25:03+00:00
emmaccbowine,done,2026-06-06T11:25:18+00:00
emmagares,done,2026-06-06T11:25:33+00:00
emmakhertog,done,2026-06-06T11:25:55+00:00
emmaliz2,done,2026-06-06T11:26:14+00:00
emmamackenziie,done,2026-06-06T11:26:28+00:00
emmamusu,done,2026-06-06T11:26:41+00:00
emman0331,done,2026-06-06T11:26:55+00:00
emmangelinho,done,2026-06-06T11:27:21+00:00
emmanuel1324,done,2026-06-06T11:27:35+00:00
emmaozon,done,2026-06-06T11:27:45+00:00
emmavolturi,done,2026-06-06T11:28:09+00:00
emmawakey39,done,2026-06-06T11:28:20+00:00
emmetflanagan,done,2026-06-06T11:28:41+00:00
emmietv,done,2026-06-06T11:28:55+00:00
emmihannah,done,2026-06-06T11:29:05+00:00
emmmaortiz,done,2026-06-06T11:29:21+00:00
emmyjott,done,2026-06-06T11:29:31+00:00
emmymovi3s,done,2026-06-06T11:29:56+00:00
emmywemmy69,done,2026-06-06T11:30:08+00:00
emperorwilson,done,2026-06-06T11:30:21+00:00
emregulcan,done,2026-06-06T11:30:37+00:00
emremessi,done,2026-06-06T11:30:53+00:00
emskgi,done,2026-06-06T11:31:19+00:00
emsterlemster,done,2026-06-06T11:31:30+00:00
emyewu,done,2026-06-06T11:31:44+00:00
enesars1,done,2026-06-06T11:31:59+00:00
engmoee,done,2026-06-06T11:32:17+00:00
enmiul_is_dead,done,2026-06-06T11:32:44+00:00
enochols3332,done,2026-06-06T11:32:56+00:00
enqz,done,2026-06-06T11:33:12+00:00
enricorm,done,2026-06-06T11:33:24+00:00
enriquemoore,done,2026-06-06T11:33:38+00:00
envied,done,2026-06-06T11:34:01+00:00
envywave,done,2026-06-06T11:34:16+00:00
enzo_blv74,done,2026-06-06T11:34:29+00:00
enzo_pimenta,done,2026-06-06T11:34:43+00:00
enzoo31,done,2026-06-06T11:34:54+00:00
enzyscar,done,2026-06-06T11:35:21+00:00
eo__i0,done,2026-06-06T11:35:35+00:00
eowyn_as,done,2026-06-06T11:35:47+00:00
epistocidio,done,2026-06-06T11:36:02+00:00
equingg,done,2026-06-06T11:36:15+00:00
erchpen,done,2026-06-06T11:36:34+00:00
ercn_hubsi,done,2026-06-06T11:36:49+00:00
erdanii,done,2026-06-06T11:37:07+00:00
erdeisonne,done,2026-06-06T11:37:25+00:00
ereggs,done,2026-06-06T11:37:44+00:00
eren_senal,done,2026-06-06T11:38:10+00:00
erencttni,done,2026-06-06T11:38:27+00:00
erh07,done,2026-06-06T11:38:41+00:00
ericericudo,done,2026-06-06T11:39:00+00:00
ericig,done,2026-06-06T11:39:12+00:00
erick2240,done,2026-06-06T11:39:39+00:00
ericksouzaf,done,2026-06-06T11:39:52+00:00
ericnoh,done,2026-06-06T11:40:05+00:00
erikxleb,done,2026-06-06T11:40:16+00:00
erinlouisiana,done,2026-06-06T11:40:32+00:00
erisamson,done,2026-06-06T11:40:54+00:00
erisgm,done,2026-06-06T11:41:13+00:00
erizenzen,done,2026-06-06T11:41:26+00:00
ernestt_,done,2026-06-06T11:41:44+00:00
eroclin4321,done,2026-06-06T11:41:56+00:00
eroe34,done,2026-06-06T11:42:20+00:00
esbenn,done,2026-06-06T11:42:40+00:00
espirael,done,2026-06-06T11:42:55+00:00
esplosione,done,2026-06-06T11:43:12+00:00
esslent,done,2026-06-06T11:43:24+00:00
estanisgv,done,2026-06-06T11:43:48+00:00
este07,done,2026-06-06T11:44:00+00:00
estebeannn,done,2026-06-06T11:44:17+00:00
esthsud,done,2026-06-06T11:44:30+00:00
eternalbride,done,2026-06-06T11:44:44+00:00
ethan29256,done,2026-06-06T11:45:09+00:00
ethan_hunt_07,done,2026-06-06T11:45:27+00:00
ethan_pham,done,2026-06-06T11:45:40+00:00
ethan_ywl,done,2026-06-06T11:45:58+00:00
ethandillon,done,2026-06-06T11:46:11+00:00
ethanevil,done,2026-06-06T11:46:33+00:00
ethanou1608,done,2026-06-06T11:46:45+00:00
ethanxcv,done,2026-06-06T11:47:01+00:00
etherealnexus,done,2026-06-06T11:47:14+00:00
ethiopiancowboy,done,2026-06-06T11:47:29+00:00
etibert,done,2026-06-06T11:47:51+00:00
euan_nougbro21,done,2026-06-06T11:48:02+00:00
eugenesallerton,done,2026-06-06T11:48:17+00:00
euhugolima,done,2026-06-06T11:48:32+00:00
euneiro,done,2026-06-06T11:48:44+00:00
euphoriasvie,done,2026-06-06T11:49:03+00:00
eurasianbluetit,done,2026-06-06T11:49:21+00:00
ev1nia,done,2026-06-06T11:49:33+00:00
eva_lm333,done,2026-06-06T11:49:45+00:00
evantence,done,2026-06-06T11:49:58+00:00
evecat_,done,2026-06-06T11:50:23+00:00
everevyn,done,2026-06-06T11:50:40+00:00
evie212,done,2026-06-06T11:51:00+00:00
evilvvitch,done,2026-06-06T11:51:13+00:00
evolien,done,2026-06-06T11:51:28+00:00
evrenselkenan,done,2026-06-06T11:51:47+00:00
evrodrigwes,done,2026-06-06T11:52:02+00:00
evsthy,done,2026-06-06T11:52:13+00:00
ewanjt,done,2026-06-06T11:52:27+00:00
ewanseri,done,2026-06-06T11:52:40+00:00
ewduu,done,2026-06-06T11:53:01+00:00
eyedoubleyou,done,2026-06-06T11:53:11+00:00
eysanacr,done,2026-06-06T11:53:33+00:00
ezecatorceee,done,2026-06-06T11:53:50+00:00
ezviao,done,2026-06-06T11:54:01+00:00
ezzabezza19,done,2026-06-06T11:54:23+00:00
ezzycloudface,done,2026-06-06T11:54:39+00:00
f1nnski,done,2026-06-06T11:54:51+00:00
f4raway,done,2026-06-06T11:55:04+00:00
f7vrfi,done,2026-06-06T11:55:19+00:00
faberry4life,done,2026-06-06T11:55:46+00:00
fabioxky,done,2026-06-06T11:55:59+00:00
facn0m,done,2026-06-06T11:56:18+00:00
factorycharlie,done,2026-06-06T11:56:35+00:00
fahd_f15,done,2026-06-06T11:56:47+00:00
fahvris,done,2026-06-06T11:57:14+00:00
faiads,done,2026-06-06T11:57:27+00:00
fairydustwater,done,2026-06-06T11:57:43+00:00
faith_blen4028,done,2026-06-06T11:57:57+00:00
fakedoom23,done,2026-06-06T11:58:09+00:00
fallensoulis,done,2026-06-06T11:58:36+00:00
falnau,done,2026-06-06T11:58:55+00:00
falso_cinefiloo,done,2026-06-06T11:59:12+00:00
falzonko,done,2026-06-06T11:59:30+00:00
familiareviews,done,2026-06-06T11:59:42+00:00
fankie99,done,2026-06-06T12:00:04+00:00
fanny_prvz,done,2026-06-06T12:00:17+00:00
fantinec23,done,2026-06-06T12:00:33+00:00
farelvan,done,2026-06-06T12:00:49+00:00
fares24zzz,done,2026-06-06T12:01:07+00:00
farinedenez,done,2026-06-06T12:01:35+00:00
faroukadk,done,2026-06-06T12:01:59+00:00
fartcars6,done,2026-06-06T12:02:14+00:00
fartymorty,done,2026-06-06T12:02:27+00:00
fasanax,done,2026-06-06T12:02:46+00:00
fassbindersplug,done,2026-06-06T12:03:15+00:00
fatconut,done,2026-06-06T12:03:31+00:00
fateme_e,done,2026-06-06T12:03:41+00:00
fathiima,done,2026-06-06T12:03:59+00:00
fathiy,done,2026-06-06T12:04:12+00:00
fatii_maa,done,2026-06-06T12:04:34+00:00
fatimadhilah,done,2026-06-06T12:04:53+00:00
fatimafarab,done,2026-06-06T12:05:11+00:00
fatimahfkhan,done,2026-06-06T12:05:41+00:00
fatitaa,done,2026-06-06T12:06:03+00:00
fauxfalcon,done,2026-06-06T12:06:31+00:00
fauzn66,done,2026-06-06T12:06:46+00:00
fawnwhisperer,done,2026-06-06T12:07:01+00:00
fawwazurraiq,done,2026-06-06T12:07:16+00:00
fayazeei,done,2026-06-06T12:07:33+00:00
faye_wrld,done,2026-06-06T12:07:57+00:00
fbou,done,2026-06-06T12:08:09+00:00
fckngwolfstar,done,2026-06-06T12:08:21+00:00
fcknhatethisite,done,2026-06-06T12:08:40+00:00
fcktae,done,2026-06-06T12:08:52+00:00
fearlessqtip,done,2026-06-06T12:09:16+00:00
febelelie,done,2026-06-06T12:09:30+00:00
febrianalm,done,2026-06-06T12:09:45+00:00
fedeibac,done,2026-06-06T12:10:00+00:00
feijegovaert,done,2026-06-06T12:10:18+00:00
fekthis100times,done,2026-06-06T12:10:39+00:00
feldspar8,done,2026-06-06T12:10:56+00:00
felicitiest,done,2026-06-06T12:11:09+00:00
felipe23z,done,2026-06-06T12:11:20+00:00
feliperms,done,2026-06-06T12:11:38+00:00
felipeu16,done,2026-06-06T12:12:03+00:00
felix_fedex,done,2026-06-06T12:12:22+00:00
felpb,done,2026-06-06T12:12:43+00:00
felxz,done,2026-06-06T12:13:00+00:00
fen_anilo,done,2026-06-06T12:13:13+00:00
fenco,done,2026-06-06T12:13:40+00:00
ferike,done,2026-06-06T12:13:52+00:00
ferminguela,done,2026-06-06T12:14:08+00:00
ferndoeswatch,done,2026-06-06T12:14:26+00:00
ferntfm,done,2026-06-06T12:14:40+00:00
ferossi,done,2026-06-06T12:15:03+00:00
fersitayeye,done,2026-06-06T12:15:16+00:00
feyyymm,done,2026-06-06T12:15:32+00:00
ffabbb,done,2026-06-06T12:15:46+00:00
fgg_1,done,2026-06-06T12:15:58+00:00
fhenville,done,2026-06-06T12:16:30+00:00
fiafajita,done,2026-06-06T12:16:41+00:00
fiilmsjade,done,2026-06-06T12:16:59+00:00
film2,done,2026-06-06T12:17:14+00:00
film_arni,done,2026-06-06T12:17:35+00:00
film_jude,done,2026-06-06T12:18:08+00:00
filmjunkie82,done,2026-06-06T12:18:25+00:00
filmmajor69,done,2026-06-06T12:18:39+00:00
final_frame,done,2026-06-06T12:18:51+00:00
finbob2000,done,2026-06-06T12:19:13+00:00
fincherme67,done,2026-06-06T12:19:42+00:00
finn_0,done,2026-06-06T12:19:54+00:00
finncloudy,done,2026-06-06T12:20:07+00:00
finnimp4,done,2026-06-06T12:20:19+00:00
finnjackson77,done,2026-06-06T12:20:44+00:00
finubin,done,2026-06-06T12:21:05+00:00
finway2003,done,2026-06-06T12:21:23+00:00
fir4fly,done,2026-06-06T12:21:38+00:00
firavunlar,done,2026-06-06T12:21:57+00:00
firdyo,done,2026-06-06T12:22:12+00:00
firemi_m,done,2026-06-06T12:22:44+00:00
firestorm1096,done,2026-06-06T12:23:03+00:00
fish_watches03,done,2026-06-06T12:23:19+00:00
fishielover,done,2026-06-06T12:23:32+00:00
fishihd,done,2026-06-06T12:23:53+00:00
fizzybizzy47,done,2026-06-06T12:24:19+00:00
fk4pr,done,2026-06-06T12:24:32+00:00
fl0r3nc31,done,2026-06-06T12:24:51+00:00
flaans,done,2026-06-06T12:25:07+00:00
flankerh,done,2026-06-06T12:25:24+00:00
flaviomeriggi,done,2026-06-06T12:25:59+00:00
fleurnynn,done,2026-06-06T12:26:20+00:00
flimsy_film,done,2026-06-06T12:26:31+00:00
flixieness,done,2026-06-06T12:26:44+00:00
flixiss,done,2026-06-06T12:27:04+00:00
flixnerd77,done,2026-06-06T12:27:32+00:00
flmseve,done,2026-06-06T12:27:51+00:00
flo_str,done,2026-06-06T12:28:03+00:00
floie1983,done,2026-06-06T12:28:20+00:00
flomoo,done,2026-06-06T12:28:41+00:00
florg_b,done,2026-06-06T12:29:12+00:00
florianmalg,done,2026-06-06T12:29:25+00:00
floritaflorao,done,2026-06-06T12:29:47+00:00
flosshart,done,2026-06-06T12:30:07+00:00
flow3ring,done,2026-06-06T12:30:20+00:00
flowy_e,done,2026-06-06T12:30:48+00:00
floxii2,done,2026-06-06T12:31:04+00:00
fluttershy444,done,2026-06-06T12:31:25+00:00
fluzzag,done,2026-06-06T12:31:37+00:00
flynnick,done,2026-06-06T12:32:17+00:00
fmcking,done,2026-06-06T12:32:50+00:00
fodoo,done,2026-06-06T12:33:04+00:00
fokinio,done,2026-06-06T12:33:18+00:00
follkmore,done,2026-06-06T12:33:31+00:00
fonnorfust,done,2026-06-06T12:33:46+00:00
fooooozishere,done,2026-06-06T12:34:11+00:00
forestfairyyy,done,2026-06-06T12:34:24+00:00
forg_pigeon,done,2026-06-06T12:34:40+00:00
forlina,done,2026-06-06T12:35:00+00:00
forsythia_,done,2026-06-06T12:35:21+00:00
fourdot,done,2026-06-06T12:35:57+00:00
fox_eye,done,2026-06-06T12:36:09+00:00
fqhzzz,done,2026-06-06T12:36:25+00:00
fr1ng3,done,2026-06-06T12:36:38+00:00
fraaa0,done,2026-06-06T12:36:52+00:00
frabone,done,2026-06-06T12:37:19+00:00
franance,done,2026-06-06T12:37:39+00:00
franbss,done,2026-06-06T12:37:59+00:00
franciiss,done,2026-06-06T12:38:10+00:00
francispicasso,done,2026-06-06T12:38:24+00:00
franconio94,done,2026-06-06T12:38:52+00:00
francoseid,done,2026-06-06T12:39:03+00:00
francossjgod46,done,2026-06-06T12:39:14+00:00
frank_agkhant07,done,2026-06-06T12:39:37+00:00
frankinsuace,done,2026-06-06T12:39:50+00:00
frankoceau,done,2026-06-06T12:40:20+00:00
fransisma,done,2026-06-06T12:40:31+00:00
frantasmic,done,2026-06-06T12:40:46+00:00
frasaboy12,done,2026-06-06T12:41:00+00:00
frasgng,done,2026-06-06T12:41:12+00:00
fraunce,done,2026-06-06T12:41:48+00:00
freakazoin,done,2026-06-06T12:42:01+00:00
freakwachai73,done,2026-06-06T12:42:23+00:00
freakyandgeeky_,done,2026-06-06T12:42:44+00:00
freakymanian,done,2026-06-06T12:42:58+00:00
fredaze,done,2026-06-06T12:43:29+00:00
freddy2026,done,2026-06-06T12:43:43+00:00
frederick6901,done,2026-06-06T12:43:53+00:00
fredericofranz,done,2026-06-06T12:44:11+00:00
fredolakrl,done,2026-06-06T12:44:29+00:00
fredthedruid,done,2026-06-06T12:44:54+00:00
freezerbride004,done,2026-06-06T12:45:12+00:00
fresch9,done,2026-06-06T12:45:28+00:00
freudnocine,done,2026-06-06T12:45:46+00:00
fricknyall,done,2026-06-06T12:46:07+00:00
fridaas_06,done,2026-06-06T12:46:37+00:00
friscozio,done,2026-06-06T12:46:51+00:00
friso03,done,2026-06-06T12:47:05+00:00
froggyfroggies,done,2026-06-06T12:47:24+00:00
frootloopshater,done,2026-06-06T12:47:42+00:00
fueledbyspite,done,2026-06-06T12:48:16+00:00
fuffaposter,done,2026-06-06T12:48:29+00:00
fuisumero_,done,2026-06-06T12:48:49+00:00
funheue,done,2026-06-06T12:49:01+00:00
funky_ricky,done,2026-06-06T12:49:25+00:00
fusmeshrulez47,done,2026-06-06T12:49:58+00:00
fuuqujull,done,2026-06-06T12:50:13+00:00
fwang27,done,2026-06-06T12:50:33+00:00
fwsss,done,2026-06-06T12:50:46+00:00
fwtemuu,done,2026-06-06T12:51:00+00:00
fxckboylloron,done,2026-06-06T12:51:27+00:00
fxckmecas,done,2026-06-06T12:51:46+00:00
fxdhil,done,2026-06-06T12:52:05+00:00
fxreverx,done,2026-06-06T12:52:26+00:00
fyaaaaw,done,2026-06-06T12:52:50+00:00
g00nkunb,done,2026-06-06T12:53:31+00:00
g3mma66,done,2026-06-06T12:53:43+00:00
g4by___,done,2026-06-06T12:53:55+00:00
g4chi,done,2026-06-06T12:54:11+00:00
g4ldan,done,2026-06-06T12:54:34+00:00
g4siaa,done,2026-06-06T12:55:00+00:00
ga4tham,done,2026-06-06T12:55:17+00:00
gaayathrii,done,2026-06-06T12:55:33+00:00
gabbiezz,done,2026-06-06T12:55:44+00:00
gabbybabby1,done,2026-06-06T12:55:58+00:00
gabe_romero,done,2026-06-06T12:56:46+00:00
gabes77,done,2026-06-06T12:57:02+00:00
gabgab26,done,2026-06-06T12:57:19+00:00
gabibiiiii,done,2026-06-06T12:57:34+00:00
gabichmich,done,2026-06-06T12:57:46+00:00
gabij33_,done,2026-06-06T12:58:18+00:00
gabiuz,done,2026-06-06T12:58:37+00:00
gabmac_123,done,2026-06-06T12:58:52+00:00
gabo_999,done,2026-06-06T12:59:07+00:00
gabozuppa,done,2026-06-06T12:59:27+00:00
gabriela_xd,done,2026-06-06T13:00:02+00:00
gabrielyarzabal,done,2026-06-06T13:00:20+00:00
gabrysiannnn,done,2026-06-06T13:00:34+00:00
gabsterb02,done,2026-06-06T13:00:53+00:00
gabvxz,done,2026-06-06T13:01:15+00:00
gabzoppo,done,2026-06-06T13:01:45+00:00
gadflypetrel,done,2026-06-06T13:02:09+00:00
gaeii,done,2026-06-06T13:02:21+00:00
gaghx,done,2026-06-06T13:02:41+00:00
gagousmt,done,2026-06-06T13:02:59+00:00
gaia_brb,done,2026-06-06T13:03:27+00:00
gaielchloe,done,2026-06-06T13:03:45+00:00
galdytron,done,2026-06-06T13:04:02+00:00
galeszn,done,2026-06-06T13:04:13+00:00
galiboy,done,2026-06-06T13:04:28+00:00
gamermaster9807,done,2026-06-06T13:04:56+00:00
gandufenn,done,2026-06-06T13:05:12+00:00
gangstaboozer,done,2026-06-06T13:05:27+00:00
gannaamer,done,2026-06-06T13:05:47+00:00
garaziji,done,2026-06-06T13:06:05+00:00
garlicsticksnch,done,2026-06-06T13:06:34+00:00
garmin_princine,done,2026-06-06T13:06:55+00:00
garpettt,done,2026-06-06T13:07:13+00:00
garrettbrown25,done,2026-06-06T13:07:29+00:00
gaspmle,done,2026-06-06T13:07:43+00:00
gatienjrt,done,2026-06-06T13:08:17+00:00
gatolozano,done,2026-06-06T13:08:31+00:00
gattz,done,2026-06-06T13:08:49+00:00
gavinasher,done,2026-06-06T13:09:02+00:00
gavindosch,done,2026-06-06T13:09:15+00:00
gavinduggan,done,2026-06-06T13:09:47+00:00
gaviny_404,done,2026-06-06T13:10:07+00:00
gbaeza,done,2026-06-06T13:10:21+00:00
gbrl_sz,done,2026-06-06T13:10:44+00:00
gbrxnx,done,2026-06-06T13:11:00+00:00
gchora,done,2026-06-06T13:11:31+00:00
geaanslk,done,2026-06-06T13:11:52+00:00
geancarlo_,done,2026-06-06T13:12:06+00:00
gee_gee13,done,2026-06-06T13:12:22+00:00
geekycustard,done,2026-06-06T13:12:43+00:00
geersxnn,done,2026-06-06T13:13:17+00:00
geggy_,done,2026-06-06T13:13:34+00:00
gendisariani,done,2026-06-06T13:13:47+00:00
gennf,done,2026-06-06T13:13:59+00:00
geogreee,done,2026-06-06T13:14:19+00:00
geometricowl44,done,2026-06-06T13:14:48+00:00
geon_p_10,done,2026-06-06T13:15:08+00:00
georgec066,done,2026-06-06T13:15:28+00:00
georgehbutler,done,2026-06-06T13:15:42+00:00
geoschnoor,done,2026-06-06T13:15:53+00:00
geroco,done,2026-06-06T13:16:20+00:00
gervz8876,done,2026-06-06T13:16:32+00:00
getfree7,done,2026-06-06T13:16:46+00:00
gggwheheid,done,2026-06-06T13:17:05+00:00
ggoodyvning,done,2026-06-06T13:17:21+00:00
gguffey,done,2026-06-06T13:17:47+00:00
ghax4,done,2026-06-06T13:18:03+00:00
ghazaltatu,done,2026-06-06T13:18:23+00:00
ghazankhan,done,2026-06-06T13:18:39+00:00
ghfvrii,done,2026-06-06T13:18:57+00:00
ghinaaladwan,done,2026-06-06T13:19:19+00:00
ghitch66,done,2026-06-06T13:19:32+00:00
ghosstars,done,2026-06-06T13:19:45+00:00
ghosteen_,done,2026-06-06T13:20:02+00:00
ghostmelily,done,2026-06-06T13:20:21+00:00
ghostsintown,done,2026-06-06T13:20:54+00:00
giaaa2892,done,2026-06-06T13:21:07+00:00
giadina09,done,2026-06-06T13:21:23+00:00
giancarlostile,done,2026-06-06T13:21:35+00:00
gianiraizoz,done,2026-06-06T13:21:50+00:00
gianz,done,2026-06-06T13:22:12+00:00
giavi96,done,2026-06-06T13:22:28+00:00
giga51,done,2026-06-06T13:22:41+00:00
gigaclok,done,2026-06-06T13:22:56+00:00
gigacoomer,done,2026-06-06T13:23:07+00:00
gigglyenn,done,2026-06-06T13:23:32+00:00
gigi2002,done,2026-06-06T13:23:49+00:00
gigiiilia,done,2026-06-06T13:24:02+00:00
gigisreelz,done,2026-06-06T13:24:17+00:00
gihi,done,2026-06-06T13:24:32+00:00
giirlwithapearl,done,2026-06-06T13:25:00+00:00
gilkrein,done,2026-06-06T13:25:12+00:00
ginavin14,done,2026-06-06T13:25:27+00:00
ginjasocks,done,2026-06-06T13:25:38+00:00
ginkgobilobaa,done,2026-06-06T13:25:55+00:00
ginotrz,done,2026-06-06T13:26:19+00:00
gintokino,done,2026-06-06T13:26:40+00:00
girlxoxo,done,2026-06-06T13:26:59+00:00
gitaa_,done,2026-06-06T13:27:14+00:00
giuliaa855,done,2026-06-06T13:27:32+00:00
giulsdoesmovies,done,2026-06-06T13:27:55+00:00
giurly,done,2026-06-06T13:28:11+00:00
giwta11,done,2026-06-06T13:28:26+00:00
gjerasimoskaj,done,2026-06-06T13:28:40+00:00
glaizemoviedays,done,2026-06-06T13:28:56+00:00
glamvhs,done,2026-06-06T13:29:27+00:00
glizzyglob,done,2026-06-06T13:29:47+00:00
gloemyy,done,2026-06-06T13:30:01+00:00
glord10,done,2026-06-06T13:30:17+00:00
glowamy,done,2026-06-06T13:30:28+00:00
glowwfish,done,2026-06-06T13:30:57+00:00
gmccabemovies,done,2026-06-06T13:31:11+00:00
gnom3_,done,2026-06-06T13:31:26+00:00
gnoso,done,2026-06-06T13:31:39+00:00
goathed,done,2026-06-06T13:32:00+00:00
goathi,done,2026-06-06T13:32:27+00:00
goatyamaris,done,2026-06-06T13:32:41+00:00
gobiethompson,done,2026-06-06T13:32:58+00:00
goblingirlee,done,2026-06-06T13:33:18+00:00
gochorobin,done,2026-06-06T13:33:37+00:00
godsaveaziz,done,2026-06-06T13:34:01+00:00
goesaurus,done,2026-06-06T13:34:14+00:00
goge_,done,2026-06-06T13:34:30+00:00
gogo38,done,2026-06-06T13:34:43+00:00
gohn,done,2026-06-06T13:35:04+00:00
gohuleo,done,2026-06-06T13:35:39+00:00
goldcake,done,2026-06-06T13:36:01+00:00
golden1324,done,2026-06-06T13:36:23+00:00
golden_blade,done,2026-06-06T13:36:40+00:00
goldenratio0,done,2026-06-06T13:36:58+00:00
golurk623,done,2026-06-06T13:37:36+00:00
goncaaltintas,done,2026-06-06T13:37:49+00:00
goncalvesgg,done,2026-06-06T13:38:01+00:00
goodfella008,done,2026-06-06T13:38:23+00:00
goonerjamie,done,2026-06-06T13:38:41+00:00
goooooob,done,2026-06-06T13:39:06+00:00
gopeeeka,done,2026-06-06T13:39:26+00:00
gorex_xfiend,done,2026-06-06T13:39:42+00:00
gorosakechi,done,2026-06-06T13:40:05+00:00
goryzinn,done,2026-06-06T13:40:20+00:00
govergox,done,2026-06-06T13:40:50+00:00
govndnair,done,2026-06-06T13:41:06+00:00
gozally,done,2026-06-06T13:41:32+00:00
graceclovesfilm,done,2026-06-06T13:41:52+00:00
gracefilmbro,done,2026-06-06T13:42:07+00:00
gracegloverr,done,2026-06-06T13:42:40+00:00
gracehanberg,done,2026-06-06T13:42:50+00:00
gracejholmes,done,2026-06-06T13:43:02+00:00
gracenmae,done,2026-06-06T13:43:14+00:00
gracenwankwo,done,2026-06-06T13:43:26+00:00
gracewarnett,done,2026-06-06T13:44:03+00:00
graciecomeback,done,2026-06-06T13:44:20+00:00
gradientmedia,done,2026-06-06T13:44:38+00:00
grandetulipano,done,2026-06-06T13:44:54+00:00
grashier,done,2026-06-06T13:45:05+00:00
greataste,done,2026-06-06T13:45:31+00:00
greatgorilla,done,2026-06-06T13:45:43+00:00
greenlion7,done,2026-06-06T13:45:56+00:00
gregory_holms,done,2026-06-06T13:46:19+00:00
gremlini,done,2026-06-06T13:46:40+00:00
grethel_gh,done,2026-06-06T13:47:09+00:00
grewall,done,2026-06-06T13:47:22+00:00
griffgramm,done,2026-06-06T13:47:36+00:00
grilipino,done,2026-06-06T13:47:49+00:00
grimesbuddy,done,2026-06-06T13:48:02+00:00
grimmjowthegoat,done,2026-06-06T13:48:35+00:00
griso14,done,2026-06-06T13:48:51+00:00
grivyzzz,done,2026-06-06T13:49:13+00:00
grmpn,done,2026-06-06T13:49:24+00:00
grobba,done,2026-06-06T13:49:36+00:00
grosbiglaid,done,2026-06-06T13:50:03+00:00
grvgiel,done,2026-06-06T13:50:19+00:00
gryaaa,done,2026-06-06T13:50:42+00:00
gtn_tc,done,2026-06-06T13:50:58+00:00
gtocco12,done,2026-06-06T13:51:16+00:00
gtronqu,done,2026-06-06T13:51:47+00:00
guage_holland,done,2026-06-06T13:52:02+00:00
guanixim,done,2026-06-06T13:52:20+00:00
gubidubi,done,2026-06-06T13:52:37+00:00
gudrat,done,2026-06-06T13:52:50+00:00
guerrasarah,done,2026-06-06T13:53:23+00:00
guerrillapsyche,done,2026-06-06T13:53:37+00:00
guilherme_05,done,2026-06-06T13:54:00+00:00
guiomeabr,done,2026-06-06T13:54:12+00:00
gulayybaybala,done,2026-06-06T13:54:30+00:00
gummyworm1123,done,2026-06-06T13:55:11+00:00
gunpreet02,done,2026-06-06T13:55:25+00:00
gurmannat_kd,done,2026-06-06T13:55:36+00:00
gurriesgo,done,2026-06-06T13:55:46+00:00
gurstd,done,2026-06-06T13:56:09+00:00
gusain,done,2026-06-06T13:56:42+00:00
gusban1,done,2026-06-06T13:56:55+00:00
gusebunny,done,2026-06-06T13:57:09+00:00
gustavorb5,done,2026-06-06T13:57:26+00:00
guyitrust,done,2026-06-06T13:57:41+00:00
guystev,done,2026-06-06T13:58:12+00:00
gvizzy,done,2026-06-06T13:58:29+00:00
gvnxxxg,done,2026-06-06T13:58:41+00:00
gwus,done,2026-06-06T13:58:54+00:00
gxien,done,2026-06-06T13:59:08+00:00
gxmadx,done,2026-06-06T13:59:51+00:00
gxxxvr,done,2026-06-06T14:00:04+00:00
gyaaru,done,2026-06-06T14:00:26+00:00
h0pe_04,done,2026-06-06T14:00:46+00:00
h3rnymph,done,2026-06-06T14:00:57+00:00
h3rvn,done,2026-06-06T14:01:31+00:00
h4msters,done,2026-06-06T14:01:46+00:00
h8fulape,done,2026-06-06T14:02:08+00:00
h_26ha0,done,2026-06-06T14:02:22+00:00
h_sobvsiak,done,2026-06-06T14:02:45+00:00
haasdaboss,done,2026-06-06T14:29:17+00:00
haazel_05,done,2026-06-06T14:29:45+00:00
habeb69k,done,2026-06-06T14:29:56+00:00
habibaeldin,done,2026-06-06T14:30:08+00:00
hachi12086,done,2026-06-06T14:30:23+00:00
haedi12,done,2026-06-06T14:30:40+00:00
haeis,done,2026-06-06T14:31:10+00:00
haiizeaqu,done,2026-06-06T14:31:24+00:00
haikalinoo,done,2026-06-06T14:31:42+00:00
haileykervick,done,2026-06-06T14:31:56+00:00
halaah,done,2026-06-06T14:32:10+00:00
haldaner,done,2026-06-06T14:32:38+00:00
haleighshae,done,2026-06-06T14:32:53+00:00
haley0822,done,2026-06-06T14:33:07+00:00
halfanoreo,done,2026-06-06T14:33:26+00:00
halfmeant,done,2026-06-06T14:33:43+00:00
halo2boom,done,2026-06-06T14:34:03+00:00
halookawan,done,2026-06-06T14:34:22+00:00
ham1d,done,2026-06-06T14:34:35+00:00
hammadddkhan,done,2026-06-06T14:34:48+00:00
hammerspace,done,2026-06-06T14:35:05+00:00
hamzahhai,done,2026-06-06T14:35:30+00:00
han637376,done,2026-06-06T14:35:47+00:00
hanal911,done,2026-06-06T14:35:57+00:00
hananhanan,done,2026-06-06T14:36:09+00:00
hananisik,done,2026-06-06T14:36:24+00:00
hanaoh,done,2026-06-06T14:36:45+00:00
hanasutherland,done,2026-06-06T14:36:58+00:00
hanavu,done,2026-06-06T14:37:15+00:00
handersonlarson,done,2026-06-06T14:37:32+00:00
hanemiyas,done,2026-06-06T14:37:51+00:00
hanielei,done,2026-06-06T14:38:18+00:00
hanmazeu,done,2026-06-06T14:38:36+00:00
hanna1302,done,2026-06-06T14:38:46+00:00
hannah__grace,done,2026-06-06T14:39:00+00:00
hannahizd,done,2026-06-06T14:39:33+00:00
hannahwhitlam,done,2026-06-06T14:40:00+00:00
hannanaa_a,done,2026-06-06T14:40:17+00:00
hannibalstv,done,2026-06-06T14:40:30+00:00
hans_hernandez,done,2026-06-06T14:40:40+00:00
hanshand,done,2026-06-06T14:41:02+00:00
hanulka13,done,2026-06-06T14:41:24+00:00
happywhitebeige,done,2026-06-06T14:41:37+00:00
haqiqi,done,2026-06-06T14:41:52+00:00
harangad,done,2026-06-06T14:42:08+00:00
haravenue,done,2026-06-06T14:42:21+00:00
harbib,done,2026-06-06T14:42:42+00:00
hard2sleep,done,2026-06-06T14:43:00+00:00
hardikgottacook,done,2026-06-06T14:43:12+00:00
harlannlocke,done,2026-06-06T14:43:26+00:00
harleyhd,done,2026-06-06T14:43:38+00:00
harmony_y,done,2026-06-06T14:44:11+00:00
harppan,done,2026-06-06T14:44:29+00:00
harryhoffman,done,2026-06-06T14:44:41+00:00
harrysmells,done,2026-06-06T14:44:59+00:00
harsha_018,done,2026-06-06T14:45:12+00:00
harshi_5821,done,2026-06-06T14:45:41+00:00
hashbrowngk,done,2026-06-06T14:46:02+00:00
hasyasyasya,done,2026-06-06T14:46:21+00:00
haunter21,done,2026-06-06T14:46:37+00:00
hausofchelsea,done,2026-06-06T14:46:57+00:00
hayatsizmaymun,done,2026-06-06T14:47:23+00:00
hayesk5,done,2026-06-06T14:47:37+00:00
haypay,done,2026-06-06T14:47:52+00:00
haysamhassan,done,2026-06-06T14:48:06+00:00
hayyr,done,2026-06-06T14:48:23+00:00
hazbreer,done,2026-06-06T14:48:45+00:00
hazelmauser,done,2026-06-06T14:49:03+00:00
hazi__,done,2026-06-06T14:49:20+00:00
hbradlyrussell,done,2026-06-06T14:49:32+00:00
hbsilva09,done,2026-06-06T14:49:44+00:00
hdudaa,done,2026-06-06T14:50:08+00:00
headrionline,done,2026-06-06T14:50:20+00:00
heartofdryad,done,2026-06-06T14:50:32+00:00
heathledger55,done,2026-06-06T14:50:51+00:00
heavyteaspoon4,done,2026-06-06T14:51:06+00:00
hector022,done,2026-06-06T14:51:31+00:00
hectorramirez,done,2026-06-06T14:51:44+00:00
heelexnat20,done,2026-06-06T14:52:05+00:00
heetjain,done,2026-06-06T14:52:21+00:00
heidennnone,done,2026-06-06T14:52:32+00:00
heinellken,done,2026-06-06T14:52:54+00:00
heisenbonesreal,done,2026-06-06T14:53:12+00:00
heisenwhite02,done,2026-06-06T14:53:25+00:00
heith_,done,2026-06-06T14:53:43+00:00
hel_snt,done,2026-06-06T14:53:57+00:00
helenka2000,done,2026-06-06T14:54:17+00:00
helionx21,done,2026-06-06T14:54:35+00:00
heliyakhansefid,done,2026-06-06T14:54:46+00:00
hellfoods,done,2026-06-06T14:55:03+00:00
hellokittyhenny,done,2026-06-06T14:55:16+00:00
helparadise,done,2026-06-06T14:55:37+00:00
hemankbajaj,done,2026-06-06T14:55:48+00:00
henleyfrnd,done,2026-06-06T14:55:59+00:00
henriiik,done,2026-06-06T14:56:18+00:00
henry4004,done,2026-06-06T14:56:32+00:00
henry_14g,done,2026-06-06T14:56:55+00:00
hereismyname,done,2026-06-06T14:57:07+00:00
herioti,done,2026-06-06T14:57:25+00:00
hermesashtray,done,2026-06-06T14:57:41+00:00
heryerde,done,2026-06-06T14:57:54+00:00
heshang,done,2026-06-06T14:58:17+00:00
heyerch007,done,2026-06-06T14:58:27+00:00
heyjuuud,done,2026-06-06T14:58:45+00:00
heykevinhikevin,done,2026-06-06T14:59:05+00:00
heyohayi,done,2026-06-06T14:59:24+00:00
heyyadriie,done,2026-06-06T14:59:51+00:00
heyyanzee,done,2026-06-06T15:00:06+00:00
hgalhofas,done,2026-06-06T15:00:18+00:00
hheyitsely,done,2026-06-06T15:00:32+00:00
hi2cami,done,2026-06-06T15:00:54+00:00
hi_otkrivai,done,2026-06-06T15:01:17+00:00
hiddenpearl,done,2026-06-06T15:01:30+00:00
hidekofuji,done,2026-06-06T15:01:43+00:00
hierath,done,2026-06-06T15:01:56+00:00
highonpepper,done,2026-06-06T15:02:11+00:00
hiimthefluff,done,2026-06-06T15:02:36+00:00
hijainy,done,2026-06-06T15:02:53+00:00
hikqari,done,2026-06-06T15:03:13+00:00
hillarymartnz,done,2026-06-06T15:03:27+00:00
himnish13,done,2026-06-06T15:03:39+00:00
hindranceshape,done,2026-06-06T15:04:01+00:00
hiro_tomatani,done,2026-06-06T15:04:12+00:00
hislion,done,2026-06-06T15:04:32+00:00
hjmn,done,2026-06-06T15:04:47+00:00
hk14_wfc,done,2026-06-06T15:05:02+00:00
hmanlax11,done,2026-06-06T15:05:25+00:00
hmincer59,done,2026-06-06T15:05:42+00:00
hmrhubby,done,2026-06-06T15:05:57+00:00
hmyaae,done,2026-06-06T15:06:16+00:00
hnovqy,done,2026-06-06T15:06:32+00:00
hodanren,done,2026-06-06T15:07:01+00:00
hoe_malone,done,2026-06-06T15:07:15+00:00
holelyse,done,2026-06-06T15:07:29+00:00
hollow_max,done,2026-06-06T15:07:45+00:00
hollyee,done,2026-06-06T15:08:06+00:00
hollyjolly17,done,2026-06-06T15:08:38+00:00
hollyruss,done,2026-06-06T15:08:53+00:00
homelander46,done,2026-06-06T15:09:03+00:00
honeuu,done,2026-06-06T15:09:18+00:00
honey19,done,2026-06-06T15:09:36+00:00
honeyhamnah,done,2026-06-06T15:10:04+00:00
hongsiy,done,2026-06-06T15:10:19+00:00
hooperinho,done,2026-06-06T15:10:33+00:00
hoorety,done,2026-06-06T15:10:44+00:00
hoorie_00,done,2026-06-06T15:11:00+00:00
hopeleaves,done,2026-06-06T15:11:26+00:00
hornet44,done,2026-06-06T15:11:51+00:00
hornid,done,2026-06-06T15:12:03+00:00
horroflection,done,2026-06-06T15:12:17+00:00
horrorenjoyer02,done,2026-06-06T15:12:27+00:00
hostle,done,2026-06-06T15:12:56+00:00
hotgirl23,done,2026-06-06T15:13:14+00:00
hotninja,done,2026-06-06T15:13:28+00:00
houssam_px,done,2026-06-06T15:13:56+00:00
howcanbejane,done,2026-06-06T15:14:18+00:00
howsweett,done,2026-06-06T15:14:43+00:00
hpredeep,done,2026-06-06T15:14:54+00:00
hqueco,done,2026-06-06T15:15:07+00:00
hsospdjdjsosncb,done,2026-06-06T15:15:20+00:00
hstha,done,2026-06-06T15:15:36+00:00
httpsant,done,2026-06-06T15:16:02+00:00
httpsoliwia,done,2026-06-06T15:16:17+00:00
hubris_420,done,2026-06-06T15:16:37+00:00
huckbeets,done,2026-06-06T15:16:58+00:00
hugemoviedude,done,2026-06-06T15:17:14+00:00
hugetigop,done,2026-06-06T15:17:44+00:00
hugfroggieman,done,2026-06-06T15:17:57+00:00
hughbert73,done,2026-06-06T15:18:12+00:00
hughleonardo,done,2026-06-06T15:18:25+00:00
hugo_sga,done,2026-06-06T15:18:39+00:00
hugobrun,done,2026-06-06T15:19:07+00:00
hugomwong,done,2026-06-06T15:19:32+00:00
hugoogemoi,done,2026-06-06T15:19:43+00:00
hugop4,done,2026-06-06T15:19:56+00:00
humanatmovies,done,2026-06-06T15:20:11+00:00
humanbowlingpin,done,2026-06-06T15:20:40+00:00
hunter_rb123,done,2026-06-06T15:20:52+00:00
hunterboomba,done,2026-06-06T15:21:09+00:00
huntv3r,done,2026-06-06T15:21:23+00:00
husameddin,done,2026-06-06T15:21:34+00:00
huseywl,done,2026-06-06T15:21:53+00:00
hushh1320,done,2026-06-06T15:22:09+00:00
husseinmovie,done,2026-06-06T15:22:21+00:00
huurhunmuzi,done,2026-06-06T15:22:33+00:00
hyaiyha,done,2026-06-06T15:22:49+00:00
hydrawoke,done,2026-06-06T15:23:12+00:00
hyfra,done,2026-06-06T15:23:23+00:00
hypnosys,done,2026-06-06T15:23:34+00:00
hyuk11ko,done,2026-06-06T15:23:49+00:00
hyuzhr1,done,2026-06-06T15:24:05+00:00
hzdfqq,done,2026-06-06T15:24:29+00:00
i6en,done,2026-06-06T15:24:44+00:00
i7meto,done,2026-06-06T15:24:58+00:00
i_al_ss,done,2026-06-06T15:25:17+00:00
i_d_k6,done,2026-06-06T15:25:34+00:00
i_eat_leeches,done,2026-06-06T15:26:02+00:00
i_got_this_egg,done,2026-06-06T15:26:15+00:00
iacopoxd,done,2026-06-06T15:26:29+00:00
iadgiulia,done,2026-06-06T15:26:41+00:00
iagofrsp,done,2026-06-06T15:26:55+00:00
iaia06,done,2026-06-06T15:27:22+00:00
iakovinasamou,done,2026-06-06T15:27:35+00:00
ialebh,done,2026-06-06T15:27:53+00:00
iamdhiraj69,done,2026-06-06T15:28:04+00:00
iamericanpsycho,done,2026-06-06T15:28:19+00:00
iamhlr,done,2026-06-06T15:28:47+00:00
iamjustadude,done,2026-06-06T15:29:03+00:00
iammeg,done,2026-06-06T15:29:17+00:00
iamsofunny,done,2026-06-06T15:29:37+00:00
iamtonystark7,done,2026-06-06T15:29:55+00:00
ianiliescu,done,2026-06-06T15:30:24+00:00
ianlebruce,done,2026-06-06T15:30:39+00:00
ianleisinger,done,2026-06-06T15:30:54+00:00
ianxul,done,2026-06-06T15:31:10+00:00
ibrahim_rg,done,2026-06-06T15:31:26+00:00
ibustedinmypnts,done,2026-06-06T15:31:57+00:00
icedcoffeepixie,done,2026-06-06T15:32:14+00:00
iceicekaite,done,2026-06-06T15:32:27+00:00
icelestica,done,2026-06-06T15:32:41+00:00
ichbins_a,done,2026-06-06T15:32:59+00:00
iconsumewater,done,2026-06-06T15:33:22+00:00
idanova,done,2026-06-06T15:33:34+00:00
idealghosts,done,2026-06-06T15:33:54+00:00
ideologay,done,2026-06-06T15:34:13+00:00
idiyappam,done,2026-06-06T15:34:26+00:00
idon,done,2026-06-06T15:34:52+00:00
idriss78,done,2026-06-06T15:35:11+00:00
ieirishoko,done,2026-06-06T15:35:30+00:00
ifairuzzz,done,2026-06-06T15:35:50+00:00
ig4vx,done,2026-06-06T15:36:02+00:00
igoraguedes,done,2026-06-06T15:36:26+00:00
igorch,done,2026-06-06T15:36:37+00:00
ihatecigarettes,done,2026-06-06T15:36:47+00:00
iheartmaddie,done,2026-06-06T15:37:01+00:00
iic1,done,2026-06-06T15:37:13+00:00
iiiivannn,done,2026-06-06T15:37:35+00:00
iinf,done,2026-06-06T15:37:50+00:00
iirus,done,2026-06-06T15:38:07+00:00
iitnona,done,2026-06-06T15:38:23+00:00
iitsmxr,done,2026-06-06T15:38:42+00:00
ijames14,done,2026-06-06T15:39:11+00:00
ijbology,done,2026-06-06T15:39:24+00:00
ijess_,done,2026-06-06T15:39:41+00:00
ijotaese1,done,2026-06-06T15:39:52+00:00
ikerortega,done,2026-06-06T15:40:04+00:00
ikkoala,done,2026-06-06T15:40:34+00:00
iknowitsoveer,done,2026-06-06T15:40:52+00:00
ili4cinema,done,2026-06-06T15:41:05+00:00
ilikefilms_20,done,2026-06-06T15:41:20+00:00
ilkcx,done,2026-06-06T15:41:35+00:00
illidge,done,2026-06-06T15:42:00+00:00
illy71,done,2026-06-06T15:42:12+00:00
ilomiiilo,done,2026-06-06T15:42:26+00:00
iloveapplejuice,done,2026-06-06T15:42:45+00:00
ilovecartoon,done,2026-06-06T15:42:57+00:00
ilovecereall,done,2026-06-06T15:43:18+00:00
ilovejeonghan,done,2026-06-06T15:43:32+00:00
ilovejuliar014,done,2026-06-06T15:43:47+00:00
ilovemarkonnen,done,2026-06-06T15:44:07+00:00
ilovenct127,done,2026-06-06T15:44:22+00:00
ilovesaoirse,done,2026-06-06T15:44:49+00:00
ilovesatan,done,2026-06-06T15:45:03+00:00
ilrisel,done,2026-06-06T15:45:15+00:00
ilsevepelis,done,2026-06-06T15:45:31+00:00
ilyabdul,done,2026-06-06T15:45:50+00:00
ilyavelik,done,2026-06-06T15:46:13+00:00
imaalvarez,done,2026-06-06T15:46:35+00:00
imaayush18,done,2026-06-06T15:46:51+00:00
imafilmcriticx,done,2026-06-06T15:47:05+00:00
image_m,done,2026-06-06T15:47:19+00:00
imalexpanzer,done,2026-06-06T15:47:48+00:00
imanerafik,done,2026-06-06T15:48:06+00:00
imbanana,done,2026-06-06T15:48:21+00:00
imhimothy,done,2026-06-06T15:48:39+00:00
imlilylilyy,done,2026-06-06T15:48:58+00:00
imlizok,done,2026-06-06T15:49:22+00:00
imnotlilyxx0,done,2026-06-06T15:49:36+00:00
imonadream,done,2026-06-06T15:49:49+00:00
imperfecttense,done,2026-06-06T15:50:08+00:00
imsjn,done,2026-06-06T15:50:26+00:00
in2myheart,done,2026-06-06T15:50:51+00:00
in3sbnc,done,2026-06-06T15:51:17+00:00
in_f1ame5,done,2026-06-06T15:51:33+00:00
inafeverdream,done,2026-06-06T15:51:54+00:00
inasah24,done,2026-06-06T15:52:06+00:00
incaseidntseeya,done,2026-06-06T15:52:29+00:00
indescription,done,2026-06-06T15:52:49+00:00
induugo,done,2026-06-06T15:53:05+00:00
indyyshaa,done,2026-06-06T15:53:26+00:00
ineedamo,done,2026-06-06T15:53:45+00:00
ines0vieira22,done,2026-06-06T15:54:11+00:00
ineskap,done,2026-06-06T15:54:24+00:00
inesperee7,done,2026-06-06T15:54:37+00:00
inesthemuskrat,done,2026-06-06T15:54:55+00:00
inf111,done,2026-06-06T15:55:09+00:00
infi7nt,done,2026-06-06T15:55:31+00:00
infinitereprise,done,2026-06-06T15:55:50+00:00
ingapinga123,done,2026-06-06T15:56:03+00:00
ingridcristy,done,2026-06-06T15:56:17+00:00
ings1,done,2026-06-06T15:56:35+00:00
injeolm1i,done,2026-06-06T15:57:02+00:00
inkrruo,done,2026-06-06T15:57:19+00:00
innesk,done,2026-06-06T15:57:32+00:00
inouesoul,done,2026-06-06T15:57:46+00:00
insanefox,done,2026-06-06T15:58:06+00:00
insideoutvelvet,done,2026-06-06T15:58:28+00:00
int_salotto,done,2026-06-06T15:58:43+00:00
intelligentlife,done,2026-06-06T15:58:53+00:00
intercalatedisc,done,2026-06-06T15:59:11+00:00
inyastat,done,2026-06-06T15:59:25+00:00
ioukhmilu,done,2026-06-06T15:59:52+00:00
ir_togo,done,2026-06-06T16:00:06+00:00
iramishra_,done,2026-06-06T16:00:26+00:00
iraneto,done,2026-06-06T16:00:39+00:00
iremednc,done,2026-06-06T16:00:52+00:00
ireneerommero,done,2026-06-06T16:01:15+00:00
irenegaeta,done,2026-06-06T16:01:34+00:00
irenetrap,done,2026-06-06T16:01:51+00:00
irenukus,done,2026-06-06T16:02:08+00:00
irinaa4,done,2026-06-06T16:02:26+00:00
irva,done,2026-06-06T16:02:52+00:00
is4bel4,done,2026-06-06T16:03:04+00:00
isa_zertuche,done,2026-06-06T16:03:21+00:00
isaac_80,done,2026-06-06T16:03:40+00:00
isaaceatsdirt,done,2026-06-06T16:03:53+00:00
isaamm,done,2026-06-06T16:04:24+00:00
isabd,done,2026-06-06T16:04:34+00:00
isabellagibson,done,2026-06-06T16:04:52+00:00
isabellemovie,done,2026-06-06T16:05:09+00:00
isack0203,done,2026-06-06T16:05:21+00:00
isadalawatatlo_,done,2026-06-06T16:05:47+00:00
isadecarv,done,2026-06-06T16:06:03+00:00
isajt,done,2026-06-06T16:06:21+00:00
isantoff,done,2026-06-06T16:06:38+00:00
isaqer,done,2026-06-06T16:06:52+00:00
isastrikesback,done,2026-06-06T16:07:22+00:00
isavm19,done,2026-06-06T16:07:34+00:00
ishara09,done,2026-06-06T16:07:46+00:00
ishatha,done,2026-06-06T16:07:56+00:00
ishinjvlia,done,2026-06-06T16:08:15+00:00
isidorar,done,2026-06-06T16:08:38+00:00
isisperez,done,2026-06-06T16:08:51+00:00
islareid,done,2026-06-06T16:09:07+00:00
isonie,done,2026-06-06T16:09:21+00:00
isorlly,done,2026-06-06T16:09:37+00:00
israaa9,done,2026-06-06T16:10:03+00:00
issacc,done,2026-06-06T16:10:18+00:00
issiczz,done,2026-06-06T16:10:34+00:00
issym1,done,2026-06-06T16:10:48+00:00
itchy888,done,2026-06-06T16:11:08+00:00
itelvise,done,2026-06-06T16:11:34+00:00
its_lex7,done,2026-06-06T16:11:56+00:00
its_zika,done,2026-06-06T16:12:11+00:00
itsbgn,done,2026-06-06T16:12:32+00:00
itsbittersuite,done,2026-06-06T16:12:50+00:00
itsjanesz,done,2026-06-06T16:13:12+00:00
itskeekzz,done,2026-06-06T16:13:36+00:00
itsmesturm,done,2026-06-06T16:14:07+00:00
itsnovax,done,2026-06-06T16:14:18+00:00
itsreemas,done,2026-06-06T16:14:36+00:00
itsurfaveli,done,2026-06-06T16:15:05+00:00
ittzyl,done,2026-06-06T16:15:18+00:00
iunl,done,2026-06-06T16:15:31+00:00
ivamchomm,done,2026-06-06T16:15:46+00:00
ivan_bolson,done,2026-06-06T16:16:17+00:00
ivanj77,done,2026-06-06T16:16:33+00:00
ivisxvi,done,2026-06-06T16:16:50+00:00
ivy_ocean,done,2026-06-06T16:17:09+00:00
ivyli_10,done,2026-06-06T16:17:30+00:00
ivzeq,done,2026-06-06T16:17:53+00:00
iwillbehating,done,2026-06-06T16:18:09+00:00
iyidegilimsensi,done,2026-06-06T16:18:29+00:00
izabellestrada,done,2026-06-06T16:18:43+00:00
izekclarke,done,2026-06-06T16:19:05+00:00
izerak,done,2026-06-06T16:19:29+00:00
izjizz,done,2026-06-06T16:19:46+00:00
izloading,done,2026-06-06T16:19:59+00:00
izmepao,done,2026-06-06T16:20:15+00:00
izuperson,done,2026-06-06T16:20:29+00:00
izziemarie,done,2026-06-06T16:20:53+00:00
izzozzi,done,2026-06-06T16:21:07+00:00
izzymf6,done,2026-06-06T16:21:23+00:00
j0sh_300,done,2026-06-06T16:21:35+00:00
j4xgetsc4red,done,2026-06-06T16:21:50+00:00
j5mints,done,2026-06-06T16:22:17+00:00
j90s,done,2026-06-06T16:22:31+00:00
j_lentz,done,2026-06-06T16:22:49+00:00
j_shizzlee,done,2026-06-06T16:23:25+00:00
j_sxmbra,done,2026-06-06T16:23:40+00:00
jaannnn,done,2026-06-06T16:24:11+00:00
jabloxp,done,2026-06-06T16:24:29+00:00
jac_k_,done,2026-06-06T16:24:52+00:00
jachi99,done,2026-06-06T16:25:46+00:00
jack923,done,2026-06-06T16:25:59+00:00
jackbsteele,done,2026-06-06T16:26:26+00:00
jackcbh,done,2026-06-06T16:26:39+00:00
jackdominates,done,2026-06-06T16:26:54+00:00
jackf3,done,2026-06-06T16:27:10+00:00
jackielovesglee,done,2026-06-06T16:27:47+00:00
jacksat,done,2026-06-06T16:28:11+00:00
jacksonfm,done,2026-06-06T16:28:25+00:00
jackwant,done,2026-06-06T16:28:36+00:00
jacobkenyon,done,2026-06-06T16:28:49+00:00
jacobzuk,done,2026-06-06T16:29:04+00:00
jacxuelinecohen,done,2026-06-06T16:29:30+00:00
jada,done,2026-06-06T16:29:49+00:00
jadead101,done,2026-06-06T16:30:04+00:00
jadenmahomed,done,2026-06-06T16:30:22+00:00
jadenwest,done,2026-06-06T16:30:35+00:00
jadethegoaty,done,2026-06-06T16:30:59+00:00
jaedee93,done,2026-06-06T16:31:11+00:00
jaelew,done,2026-06-06T16:31:25+00:00
jaggos,done,2026-06-06T16:31:39+00:00
jagody,done,2026-06-06T16:31:51+00:00
jai_costello,done,2026-06-06T16:32:14+00:00
jaiarjun,done,2026-06-06T16:32:29+00:00
jaidajo,done,2026-06-06T16:32:45+00:00
jaireox,done,2026-06-06T16:32:59+00:00
jaiyutaglazer,done,2026-06-06T16:33:13+00:00
jajalones,done,2026-06-06T16:33:37+00:00
jake_chew,done,2026-06-06T16:33:51+00:00
jake_fk,done,2026-06-06T16:34:05+00:00
jake_white21,done,2026-06-06T16:34:17+00:00
jakeo3,done,2026-06-06T16:34:29+00:00
jakeperez8,done,2026-06-06T16:34:54+00:00
jakethemoose,done,2026-06-06T16:35:06+00:00
jaketringali,done,2026-06-06T16:35:23+00:00
james_dp11,done,2026-06-06T16:35:37+00:00
jamescarlo,done,2026-06-06T16:35:52+00:00
jamescpotter,done,2026-06-06T16:36:13+00:00
jamesds11,done,2026-06-06T16:36:32+00:00
jamesgereige,done,2026-06-06T16:36:44+00:00
jameslongburley,done,2026-06-06T16:37:06+00:00
jamesm42,done,2026-06-06T16:37:20+00:00
jamesoconnor,done,2026-06-06T16:37:46+00:00
jamestrotter,done,2026-06-06T16:38:01+00:00
jamesweatherman,done,2026-06-06T16:38:17+00:00
jamphel_,done,2026-06-06T16:38:29+00:00
jamsjpeg,done,2026-06-06T16:38:42+00:00
jan1712,done,2026-06-06T16:39:08+00:00
jana0303,done,2026-06-06T16:39:29+00:00
jana_j154,done,2026-06-06T16:39:43+00:00
jancio0,done,2026-06-06T16:39:56+00:00
jane05,done,2026-06-06T16:40:08+00:00
janire07,done,2026-06-06T16:40:34+00:00
janjo2112,done,2026-06-06T16:40:47+00:00
janoprasens,done,2026-06-06T16:41:09+00:00
janprostowanie,done,2026-06-06T16:41:26+00:00
janvi05,done,2026-06-06T16:41:44+00:00
jaquecine,done,2026-06-06T16:42:07+00:00
jara_07,done,2026-06-06T16:42:20+00:00
jarobtex,done,2026-06-06T16:42:36+00:00
jarumja083z,done,2026-06-06T16:42:49+00:00
jarvin,done,2026-06-06T16:43:10+00:00
jarwil96,done,2026-06-06T16:43:39+00:00
jaseuk,done,2026-06-06T16:43:58+00:00
jason14parker,done,2026-06-06T16:44:11+00:00
jasonimbery,done,2026-06-06T16:44:26+00:00
jasperaldred,done,2026-06-06T16:44:43+00:00
jasperjadeite,done,2026-06-06T16:45:05+00:00
jasuuuu,done,2026-06-06T16:45:22+00:00
javidhus,done,2026-06-06T16:45:42+00:00
javillorens,done,2026-06-06T16:45:55+00:00
jaxhol,done,2026-06-06T16:46:15+00:00
jaxthekid,done,2026-06-06T16:46:41+00:00
jay_wink,done,2026-06-06T16:46:58+00:00
jaydeeley,done,2026-06-06T16:47:12+00:00
jayden015,done,2026-06-06T16:47:25+00:00
jayden2loose,done,2026-06-06T16:47:41+00:00
jayklims,done,2026-06-06T16:48:10+00:00
jaykranium,done,2026-06-06T16:48:26+00:00
jayrey2005,done,2026-06-06T16:48:40+00:00
jayt456,done,2026-06-06T16:48:54+00:00
jaytee20,done,2026-06-06T16:49:07+00:00
jayzzez,done,2026-06-06T16:49:38+00:00
jazz999999999,done,2026-06-06T16:49:57+00:00
jazzy11b,done,2026-06-06T16:50:10+00:00
jazzypattullo,done,2026-06-06T16:50:26+00:00
jb333,done,2026-06-06T16:50:43+00:00
jb_023,done,2026-06-06T16:51:06+00:00
jbbr,done,2026-06-06T16:51:25+00:00
jboirose,done,2026-06-06T16:51:41+00:00
jbwood212,done,2026-06-06T16:51:56+00:00
jbzrb,done,2026-06-06T16:52:17+00:00
jcash5911,done,2026-06-06T16:52:49+00:00
jcichocka,done,2026-06-06T16:53:02+00:00
jcokittyy,done,2026-06-06T16:53:23+00:00
jdnflxra,done,2026-06-06T16:53:36+00:00
jdontee,done,2026-06-06T16:53:46+00:00
jeanhaven,done,2026-06-06T16:54:15+00:00
jeankirschstein,done,2026-06-06T16:54:25+00:00
jebbeis,done,2026-06-06T16:54:39+00:00
jeed4n,done,2026-06-06T16:54:55+00:00
jeff875,done,2026-06-06T16:55:10+00:00
jeffrxy,done,2026-06-06T16:55:38+00:00
jeffselinski,done,2026-06-06T16:55:51+00:00
jeimeylin,done,2026-06-06T16:56:03+00:00
jelizondo24,done,2026-06-06T16:56:15+00:00
jellebabz,done,2026-06-06T16:56:41+00:00
jelly_jilliw,done,2026-06-06T16:57:09+00:00
jellysobased,done,2026-06-06T16:57:21+00:00
jemima_l,done,2026-06-06T16:57:42+00:00
jemmagwerder,done,2026-06-06T16:57:55+00:00
jenjean,done,2026-06-06T16:58:26+00:00
jenn_fff0301,done,2026-06-06T16:58:54+00:00
jennacurtis,done,2026-06-06T16:59:09+00:00
jennieohio,done,2026-06-06T16:59:25+00:00
jennniifferrr,done,2026-06-06T16:59:43+00:00
jenpen916,done,2026-06-06T16:59:59+00:00
jenzii21,done,2026-06-06T17:00:26+00:00
jeremylorin,done,2026-06-06T17:00:43+00:00
jermzp,done,2026-06-06T17:00:57+00:00
jerommegraham,done,2026-06-06T17:01:15+00:00
jesse_pinkthem,done,2026-06-06T17:01:32+00:00
jesse_tedy,done,2026-06-06T17:01:58+00:00
jessicawinston,done,2026-06-06T17:02:12+00:00
jessie_floied,done,2026-06-06T17:02:24+00:00
jessiealvaaa,done,2026-06-06T17:02:37+00:00
jessiesantos,done,2026-06-06T17:02:52+00:00
jessikak,done,2026-06-06T17:03:15+00:00
jessjugde,done,2026-06-06T17:03:36+00:00
jessyleasteiner,done,2026-06-06T17:03:47+00:00
jesus10gnz,done,2026-06-06T17:03:58+00:00
jetbobo,done,2026-06-06T17:04:17+00:00
jett_vasquez,done,2026-06-06T17:04:38+00:00
jetthrow,done,2026-06-06T17:04:55+00:00
jferguson06,done,2026-06-06T17:05:13+00:00
jfh2112,done,2026-06-06T17:05:29+00:00
jfnlee,done,2026-06-06T17:05:43+00:00
jfranconildo,done,2026-06-06T17:06:05+00:00
jfsh729,done,2026-06-06T17:06:20+00:00
jfuentes3,done,2026-06-06T17:06:40+00:00
jgarcia77,done,2026-06-06T17:06:59+00:00
jgriffith33,done,2026-06-06T17:07:12+00:00
jhernandezr,done,2026-06-06T17:07:34+00:00
jhill_,done,2026-06-06T17:07:52+00:00
jhkirch,done,2026-06-06T17:08:08+00:00
jhosux,done,2026-06-06T17:08:21+00:00
jhseablue,done,2026-06-06T17:08:37+00:00
jiejie13,done,2026-06-06T17:09:00+00:00
jigglemonmon,done,2026-06-06T17:09:14+00:00
jillsfillms17,done,2026-06-06T17:09:33+00:00
jimbro4,done,2026-06-06T17:09:46+00:00
jimmygobegreat,done,2026-06-06T17:09:59+00:00
jimmylm,done,2026-06-06T17:10:24+00:00
jimmyplumleigh,done,2026-06-06T17:10:41+00:00
jimmythegentt,done,2026-06-06T17:10:55+00:00
jin_cinema,done,2026-06-06T17:11:07+00:00
jinme,done,2026-06-06T17:11:27+00:00
jinxtale_n,done,2026-06-06T17:11:57+00:00
jiqura,done,2026-06-06T17:12:10+00:00
jividhamor,done,2026-06-06T17:12:25+00:00
jiyahrak,done,2026-06-06T17:12:42+00:00
jiyun_heo,done,2026-06-06T17:12:54+00:00
jjabuaita,done,2026-06-06T17:13:17+00:00
jjbach,done,2026-06-06T17:13:33+00:00
jjburke,done,2026-06-06T17:13:47+00:00
jjdiv17,done,2026-06-06T17:14:01+00:00
jjgeraets,done,2026-06-06T17:14:14+00:00
jjimenez82,done,2026-06-06T17:14:39+00:00
jjknmsm,done,2026-06-06T17:14:52+00:00
jjotaa_,done,2026-06-06T17:15:07+00:00
jjshah,done,2026-06-06T17:15:19+00:00
jkaneee,done,2026-06-06T17:15:34+00:00
jkay_latterbox,done,2026-06-06T17:15:58+00:00
jkmin7,done,2026-06-06T17:16:09+00:00
jkoogz,done,2026-06-06T17:16:23+00:00
jl_ln,done,2026-06-06T17:16:38+00:00
jlcrxx,done,2026-06-06T17:16:49+00:00
jlillys,done,2026-06-06T17:17:16+00:00
jlz7,done,2026-06-06T17:17:39+00:00
jmacdakilla,done,2026-06-06T17:17:56+00:00
jmarshman,done,2026-06-06T17:18:13+00:00
jnfrsbody,done,2026-06-06T17:18:34+00:00
jninlace,done,2026-06-06T17:19:03+00:00
jnsbt,done,2026-06-06T17:19:20+00:00
jo3ling,done,2026-06-06T17:19:34+00:00
joa11192,done,2026-06-06T17:19:52+00:00
joac0_w,done,2026-06-06T17:20:09+00:00
joaduarte_24,done,2026-06-06T17:20:41+00:00
joahnonny,done,2026-06-06T17:21:00+00:00
joanbeneyto,done,2026-06-06T17:21:12+00:00
joanna1115,done,2026-06-06T17:21:26+00:00
joao2004,done,2026-06-06T17:21:41+00:00
joaogabriel__dm,done,2026-06-06T17:22:10+00:00
joaovppd,done,2026-06-06T17:22:24+00:00
joapril8,done,2026-06-06T17:22:36+00:00
joaquineche5,done,2026-06-06T17:22:51+00:00
joaquinmarcelo,done,2026-06-06T17:23:04+00:00
joboketto,done,2026-06-06T17:23:34+00:00
joeakryani,done,2026-06-06T17:23:46+00:00
joecassi,done,2026-06-06T17:24:08+00:00
joeekimm,done,2026-06-06T17:24:28+00:00
joeking78,done,2026-06-06T17:24:47+00:00
joeknows24,done,2026-06-06T17:25:11+00:00
joeldc_08,done,2026-06-06T17:25:31+00:00
joelescuredo,done,2026-06-06T17:25:43+00:00
joelowth,done,2026-06-06T17:26:03+00:00
joemcg12,done,2026-06-06T17:26:15+00:00
joestank2,done,2026-06-06T17:26:40+00:00
joeytate,done,2026-06-06T17:27:01+00:00
johanlefourbe,done,2026-06-06T17:27:23+00:00
johanna1246,done,2026-06-06T17:27:36+00:00
johannesgorr,done,2026-06-06T17:27:56+00:00
john2019,done,2026-06-06T17:28:20+00:00
johngot_hisgun,done,2026-06-06T17:28:34+00:00
johnnyisadepp,done,2026-06-06T17:28:46+00:00
johnnypistol,done,2026-06-06T17:28:57+00:00
johnsutherland,done,2026-06-06T17:29:09+00:00
johnwald0rf,done,2026-06-06T17:29:41+00:00
jojo_2,done,2026-06-06T17:30:02+00:00
jojospopcorn,done,2026-06-06T17:30:16+00:00
jolalpa,done,2026-06-06T17:30:31+00:00
jonas_bette,done,2026-06-06T17:30:44+00:00
jonathanxwyatt,done,2026-06-06T17:31:13+00:00
jonbag,done,2026-06-06T17:31:27+00:00
jongavin,done,2026-06-06T17:31:47+00:00
jonkiss,done,2026-06-06T17:31:58+00:00
jonnyscurrah,done,2026-06-06T17:32:12+00:00
joon__,done,2026-06-06T17:32:37+00:00
joonaukkola,done,2026-06-06T17:32:56+00:00
jooniseyo,done,2026-06-06T17:33:10+00:00
joopycoomer,done,2026-06-06T17:33:21+00:00
jor_d,done,2026-06-06T17:33:35+00:00
jorcasta,done,2026-06-06T17:33:57+00:00
jordane14_,done,2026-06-06T17:34:15+00:00
jordank2001,done,2026-06-06T17:34:34+00:00
jordichaw,done,2026-06-06T17:34:46+00:00
jordyncyr4,done,2026-06-06T17:34:59+00:00
jorginhovz,done,2026-06-06T17:35:24+00:00
jortluver,done,2026-06-06T17:35:42+00:00
joschachi,done,2026-06-06T17:36:03+00:00
joseeuceda,done,2026-06-06T17:36:15+00:00
josephk16,done,2026-06-06T17:36:28+00:00
josh92828,done,2026-06-06T17:36:51+00:00
joshaythornwait,done,2026-06-06T17:37:09+00:00
joshepp,done,2026-06-06T17:37:24+00:00
joshieparker,done,2026-06-06T17:37:39+00:00
joshnotreally,done,2026-06-06T17:37:55+00:00
joshua_rbn,done,2026-06-06T17:38:24+00:00
joshuaminh,done,2026-06-06T17:38:46+00:00
joshxnoir,done,2026-06-06T17:39:04+00:00
josiahcarreira,done,2026-06-06T17:39:22+00:00
jossrcg,done,2026-06-06T17:39:34+00:00
jovadyaa,done,2026-06-06T17:40:02+00:00
joycebibombe,done,2026-06-06T17:40:14+00:00
joylexa,done,2026-06-06T17:40:34+00:00
joziba,done,2026-06-06T17:40:48+00:00
jozujoestar,done,2026-06-06T17:41:11+00:00
jpejic,done,2026-06-06T17:41:37+00:00
jr_c,done,2026-06-06T17:41:50+00:00
jru7,done,2026-06-06T17:42:08+00:00
jryd16,done,2026-06-06T17:42:19+00:00
jsia,done,2026-06-06T17:42:29+00:00
jsimpkin,done,2026-06-06T17:42:51+00:00
json18,done,2026-06-06T17:43:10+00:00
jsp123477,done,2026-06-06T17:43:25+00:00
jstevep00,done,2026-06-06T17:43:46+00:00
jstewart797,done,2026-06-06T17:43:56+00:00
jstjav,done,2026-06-06T17:44:19+00:00
jstormkravetz,done,2026-06-06T17:44:33+00:00
jthoma123,done,2026-06-06T17:44:50+00:00
ju_cinema,done,2026-06-06T17:45:04+00:00
ju_cy,done,2026-06-06T17:45:17+00:00
juan4k00,done,2026-06-06T17:45:38+00:00
juan_moran,done,2026-06-06T17:45:58+00:00
juanamaffei05,done,2026-06-06T17:46:14+00:00
juanchoo0,done,2026-06-06T17:46:28+00:00
juandim,done,2026-06-06T17:46:40+00:00
juandipro3000,done,2026-06-06T17:47:11+00:00
juanjv27,done,2026-06-06T17:47:24+00:00
juannnntwomore,done,2026-06-06T17:47:43+00:00
juanolivares,done,2026-06-06T17:48:01+00:00
jubileek,done,2026-06-06T17:48:22+00:00
jubiscreudi,done,2026-06-06T17:48:45+00:00
juckin,done,2026-06-06T17:48:59+00:00
juddy92,done,2026-06-06T17:49:11+00:00
jude_38,done,2026-06-06T17:49:27+00:00
judemcc1,done,2026-06-06T17:49:42+00:00
judeost35,done,2026-06-06T17:50:07+00:00
judges52427,done,2026-06-06T17:50:24+00:00
juggernaut323,done,2026-06-06T17:50:55+00:00
juhn3ll,done,2026-06-06T17:51:12+00:00
juicyjolena,done,2026-06-06T17:51:29+00:00
jujubels,done,2026-06-06T17:51:54+00:00
jujuolej,done,2026-06-06T17:52:08+00:00
jukebuggg,done,2026-06-06T17:52:23+00:00
jules8497,done,2026-06-06T17:52:34+00:00
julhaleao,done,2026-06-06T17:52:48+00:00
juli_lilie,done,2026-06-06T17:53:15+00:00
julia1401,done,2026-06-06T17:53:33+00:00
julia_990,done,2026-06-06T17:53:44+00:00
juliact_,done,2026-06-06T17:54:06+00:00
juliafuracaao,done,2026-06-06T17:54:20+00:00
julialny,done,2026-06-06T17:54:46+00:00
juliana_sfth,done,2026-06-06T17:55:01+00:00
julianaapedronj,done,2026-06-06T17:55:17+00:00
julianotjulia,done,2026-06-06T17:55:29+00:00
juliauol,done,2026-06-06T17:55:40+00:00
julien_hfr,done,2026-06-06T17:56:03+00:00
julien_mnt,done,2026-06-06T17:56:22+00:00
julierie,done,2026-06-06T17:56:39+00:00
julietfreed,done,2026-06-06T17:56:52+00:00
juliettaviv,done,2026-06-06T17:57:05+00:00
julietteschke,done,2026-06-06T17:57:39+00:00
juliettwxx,done,2026-06-06T17:57:54+00:00
juliiatrmoss_,done,2026-06-06T17:58:11+00:00
julinha_aaq,done,2026-06-06T17:58:24+00:00
julioveronez,done,2026-06-06T17:58:43+00:00
julius__seizure,done,2026-06-06T17:59:09+00:00
jully_eta,done,2026-06-06T17:59:23+00:00
julmaioral,done,2026-06-06T17:59:43+00:00
julsjulsie,done,2026-06-06T18:00:04+00:00
july247,done,2026-06-06T18:00:17+00:00
julyuhna,done,2026-06-06T18:00:53+00:00
jumpigrass,done,2026-06-06T18:01:06+00:00
jungis67,done,2026-06-06T18:01:18+00:00
junior_dz7,done,2026-06-06T18:01:30+00:00
jupitrn9,done,2026-06-06T18:01:55+00:00
jupp7,done,2026-06-06T18:02:19+00:00
just_chris28,done,2026-06-06T18:02:31+00:00
just_stag,done,2026-06-06T18:02:43+00:00
justagirl02,done,2026-06-06T18:02:58+00:00
justbeingfranke,done,2026-06-06T18:03:15+00:00
justefoxy8151,done,2026-06-06T18:03:41+00:00
justinborrey,done,2026-06-06T18:03:54+00:00
justinkato,done,2026-06-06T18:04:06+00:00
justiris4us,done,2026-06-06T18:04:16+00:00
justjad3,done,2026-06-06T18:04:27+00:00
justleoxz,done,2026-06-06T18:04:53+00:00
justmels,done,2026-06-06T18:05:05+00:00
justshriya,done,2026-06-06T18:05:17+00:00
justwannabeabee,done,2026-06-06T18:05:29+00:00
justxbee06,done,2026-06-06T18:05:46+00:00
jvaragao,done,2026-06-06T18:06:10+00:00
jvql,done,2026-06-06T18:06:25+00:00
jvsurr,done,2026-06-06T18:06:36+00:00
jwdtate,done,2026-06-06T18:06:54+00:00
jwjwnsjjsjs,done,2026-06-06T18:07:07+00:00
jyaice_,done,2026-06-06T18:07:36+00:00
jzurc,done,2026-06-06T18:07:49+00:00
jzyaado,done,2026-06-06T18:08:06+00:00
k1arusk4,done,2026-06-06T18:08:20+00:00
k1ttyliquor,done,2026-06-06T18:08:40+00:00
k3nnawyd,done,2026-06-06T18:09:10+00:00
k3yswan,done,2026-06-06T18:09:23+00:00
kaaarolv_,done,2026-06-06T18:09:41+00:00
kaaiirudo,done,2026-06-06T18:09:55+00:00
kaami29,done,2026-06-06T18:10:12+00:00
kaanye00,done,2026-06-06T18:10:36+00:00
kaaru5,done,2026-06-06T18:10:47+00:00
kaboosh16,done,2026-06-06T18:11:03+00:00
kacisx,done,2026-06-06T18:11:15+00:00
kadelbai14,done,2026-06-06T18:11:27+00:00
kadem0ss,done,2026-06-06T18:11:57+00:00
kadink,done,2026-06-06T18:12:16+00:00
kadriwxs,done,2026-06-06T18:12:31+00:00
kadueduu,done,2026-06-06T18:12:51+00:00
kadxnce,done,2026-06-06T18:13:03+00:00
kaedox,done,2026-06-06T18:13:28+00:00
kaefrfr,done,2026-06-06T18:13:42+00:00
kafkabutbad,done,2026-06-06T18:13:55+00:00
kaicondo,done,2026-06-06T18:14:10+00:00
kail3y,done,2026-06-06T18:14:23+00:00
kailen2k,done,2026-06-06T18:14:57+00:00
kaiquii,done,2026-06-06T18:15:12+00:00
kaischmai,done,2026-06-06T18:15:34+00:00
kaiseii,done,2026-06-06T18:15:46+00:00
kaislap,done,2026-06-06T18:15:58+00:00
kaix123,done,2026-06-06T18:16:24+00:00
kaiyamariie,done,2026-06-06T18:16:44+00:00
kajanderrr,done,2026-06-06T18:16:57+00:00
kajtekkkk,done,2026-06-06T18:17:13+00:00
kajusxo_,done,2026-06-06T18:17:27+00:00
kakanunu,done,2026-06-06T18:17:53+00:00
kakariinaa,done,2026-06-06T18:18:05+00:00
kal3ena,done,2026-06-06T18:18:17+00:00
kalas36,done,2026-06-06T18:18:33+00:00
kalebreviews,done,2026-06-06T18:18:49+00:00
kaleon666,done,2026-06-06T18:19:15+00:00
kaliigrace,done,2026-06-06T18:19:35+00:00
kamalama7,done,2026-06-06T18:19:54+00:00
kanaksmash,done,2026-06-06T18:20:08+00:00
kanamafu,done,2026-06-06T18:20:28+00:00
karadeana,done,2026-06-06T18:20:55+00:00
karakartal,done,2026-06-06T18:21:10+00:00
karan139,done,2026-06-06T18:21:29+00:00
karategirl,done,2026-06-06T18:21:51+00:00
kardanasya,done,2026-06-06T18:22:05+00:00
karinadiebaddie,done,2026-06-06T18:22:31+00:00
karlaftdt,done,2026-06-06T18:22:54+00:00
karmacatena,done,2026-06-06T18:23:13+00:00
karmqq,done,2026-06-06T18:23:26+00:00
karolicurna,done,2026-06-06T18:23:44+00:00
karoll_mc,done,2026-06-06T18:24:12+00:00
kartik1208,done,2026-06-06T18:24:27+00:00
kartik9729,done,2026-06-06T18:24:38+00:00
karto1,done,2026-06-06T18:24:51+00:00
karus,done,2026-06-06T18:25:10+00:00
kasampaioc,done,2026-06-06T18:25:43+00:00
kash107,done,2026-06-06T18:25:54+00:00
kasper713,done,2026-06-06T18:26:05+00:00
kasyaznna,done,2026-06-06T18:26:22+00:00
katakcsks,done,2026-06-06T18:26:38+00:00
katakttakt,done,2026-06-06T18:27:02+00:00
kateheine,done,2026-06-06T18:27:21+00:00
kateleys108,done,2026-06-06T18:27:37+00:00
katelyn_0,done,2026-06-06T18:27:55+00:00
katelynbauer,done,2026-06-06T18:28:13+00:00
katemdonnelly,done,2026-06-06T18:28:44+00:00
kateriinaa99,done,2026-06-06T18:29:02+00:00
katewalsh,done,2026-06-06T18:29:25+00:00
katherinezen,done,2026-06-06T18:29:36+00:00
katheryn_zhou,done,2026-06-06T18:29:54+00:00
kathster,done,2026-06-06T18:30:25+00:00
kathy1238,done,2026-06-06T18:30:36+00:00
katienortonn,done,2026-06-06T18:30:49+00:00
katiethellama,done,2026-06-06T18:31:06+00:00
katkat1234,done,2026-06-06T18:31:18+00:00
katoushaa,done,2026-06-06T18:31:42+00:00
katth4,done,2026-06-06T18:31:54+00:00
katztalking,done,2026-06-06T18:32:09+00:00
kavyansh1,done,2026-06-06T18:32:25+00:00
kawaiipirate,done,2026-06-06T18:32:39+00:00
kaydebruin23,done,2026-06-06T18:33:05+00:00
kaydencatz,done,2026-06-06T18:33:17+00:00
kaydy2,done,2026-06-06T18:33:29+00:00
kaylagrady,done,2026-06-06T18:33:43+00:00
kayleeben,done,2026-06-06T18:33:54+00:00
kaynor19,done,2026-06-06T18:34:19+00:00
kayogurt,done,2026-06-06T18:34:37+00:00
kayroars,done,2026-06-06T18:34:54+00:00
kaysclosed,done,2026-06-06T18:35:16+00:00
kazishahariar,done,2026-06-06T18:35:30+00:00
kazitasfia,done,2026-06-06T18:35:54+00:00
kbange,done,2026-06-06T18:36:25+00:00
kbjenkins,done,2026-06-06T18:36:40+00:00
kc_ousen,done,2026-06-06T18:36:56+00:00
kc_rykaczewski,done,2026-06-06T18:37:10+00:00
kccreeker,done,2026-06-06T18:37:38+00:00
kd44848,done,2026-06-06T18:37:49+00:00
kdraizada,done,2026-06-06T18:38:12+00:00
kduce23,done,2026-06-06T18:38:24+00:00
keahnu,done,2026-06-06T18:38:42+00:00
keana_roxy,done,2026-06-06T18:39:11+00:00
keanur33v3s,done,2026-06-06T18:39:22+00:00
keataluck,done,2026-06-06T18:39:36+00:00
kede923,done,2026-06-06T18:39:54+00:00
keeerthana,done,2026-06-06T18:40:07+00:00
keepsske,done,2026-06-06T18:40:35+00:00
kefirochek,done,2026-06-06T18:40:49+00:00
keilanlee,done,2026-06-06T18:41:03+00:00
keirawest,done,2026-06-06T18:41:16+00:00
kellyglavinic,done,2026-06-06T18:41:28+00:00
kellyhenny,done,2026-06-06T18:41:57+00:00
kelskels21,done,2026-06-06T18:42:18+00:00
kelzzz222,done,2026-06-06T18:42:34+00:00
kendaloganroy,done,2026-06-06T18:42:52+00:00
kenmm,done,2026-06-06T18:43:02+00:00
kennedieblu,done,2026-06-06T18:43:28+00:00
kennken_zia,done,2026-06-06T18:43:45+00:00
kennure,done,2026-06-06T18:43:58+00:00
kennycine,done,2026-06-06T18:44:12+00:00
kenpaige,done,2026-06-06T18:44:30+00:00
kentixgg,done,2026-06-06T18:44:52+00:00
kenuine,done,2026-06-06T18:45:05+00:00
kenzotenma2,done,2026-06-06T18:45:19+00:00
keonark,done,2026-06-06T18:45:32+00:00
kepseykeyline,done,2026-06-06T18:45:54+00:00
kepyatt,done,2026-06-06T18:46:10+00:00
kerropi62,done,2026-06-06T18:46:32+00:00
keslo,done,2026-06-06T18:46:46+00:00
kestutias,done,2026-06-06T18:46:59+00:00
kevfinone,done,2026-06-06T18:47:24+00:00
kevin_mb,done,2026-06-06T18:47:34+00:00
kevin_tembo,done,2026-06-06T18:47:55+00:00
kevinufa,done,2026-06-06T18:48:11+00:00
kevyosevy,done,2026-06-06T18:48:25+00:00
keycitta,done,2026-06-06T18:48:49+00:00
kfakhoury001,done,2026-06-06T18:49:06+00:00
kferg24,done,2026-06-06T18:49:19+00:00
kh2222,done,2026-06-06T18:49:32+00:00
khaaalid,done,2026-06-06T18:49:46+00:00
khaiale,done,2026-06-06T18:50:15+00:00
khaibula,done,2026-06-06T18:50:27+00:00
khalidamamieva,done,2026-06-06T18:50:40+00:00
khan_a,done,2026-06-06T18:50:59+00:00
khnsaerv,done,2026-06-06T18:51:15+00:00
khnysaa,done,2026-06-06T18:51:46+00:00
khurram1,done,2026-06-06T18:52:01+00:00
khusheeshah24,done,2026-06-06T18:52:16+00:00
khushinarula24,done,2026-06-06T18:52:39+00:00
khyunah0615,done,2026-06-06T18:52:52+00:00
kiaaraaa,done,2026-06-06T18:53:17+00:00
kiara61,done,2026-06-06T18:53:31+00:00
kichok,done,2026-06-06T18:53:42+00:00
kickmeintheface,done,2026-06-06T18:53:59+00:00
kieee3658,done,2026-06-06T18:54:18+00:00
kieffer,done,2026-06-06T18:54:47+00:00
kiera_aitken,done,2026-06-06T18:55:07+00:00
kiesuri,done,2026-06-06T18:55:27+00:00
kiikiii07,done,2026-06-06T18:55:41+00:00
kil4ic,done,2026-06-06T18:55:52+00:00
kil__aa,done,2026-06-06T18:56:20+00:00
killbarney,done,2026-06-06T18:56:37+00:00
kimdokjasacred,done,2026-06-06T18:56:56+00:00
kimikym,done,2026-06-06T18:57:06+00:00
king_c,done,2026-06-06T18:57:18+00:00
kinggamera,done,2026-06-06T18:57:48+00:00
kingpaimon1,done,2026-06-06T18:58:04+00:00
kingwoolz,done,2026-06-06T18:58:17+00:00
kingxxa,done,2026-06-06T18:58:35+00:00
kinyunot,done,2026-06-06T18:58:52+00:00
kiraaa17,done,2026-06-06T18:59:19+00:00
kiraright,done,2026-06-06T18:59:34+00:00
kirawraith,done,2026-06-06T18:59:47+00:00
kirbgames,done,2026-06-06T19:00:05+00:00
kirby121,done,2026-06-06T19:00:24+00:00
kirbylifts,done,2026-06-06T19:00:55+00:00
kirbypetals,done,2026-06-06T19:01:15+00:00
kirbysneeze,done,2026-06-06T19:01:30+00:00
kirthacdc,done,2026-06-06T19:01:49+00:00
kisatz,done,2026-06-06T19:02:01+00:00
kissedbylila,done,2026-06-06T19:02:28+00:00
kissedbyreverie,done,2026-06-06T19:02:50+00:00
kitflx,done,2026-06-06T19:03:11+00:00
kitsunekunnu,done,2026-06-06T19:03:27+00:00
kitten154,done,2026-06-06T19:03:46+00:00
kitty392,done,2026-06-06T19:04:13+00:00
kittykollision,done,2026-06-06T19:04:26+00:00
kittyoss,done,2026-06-06T19:04:43+00:00
kittyxmer,done,2026-06-06T19:05:01+00:00
kivi2nerdy,done,2026-06-06T19:05:17+00:00
kivifilm,done,2026-06-06T19:05:48+00:00
kiwiluvri,done,2026-06-06T19:06:06+00:00
kiyo511514,done,2026-06-06T19:06:27+00:00
kkanye_black,done,2026-06-06T19:06:45+00:00
kke_ana,done,2026-06-06T19:07:05+00:00
kkomarovsky,done,2026-06-06T19:07:27+00:00
kkpismeo,done,2026-06-06T19:07:41+00:00
kl_gln,done,2026-06-06T19:07:55+00:00
kladia,done,2026-06-06T19:08:14+00:00
klaruuu,done,2026-06-06T19:08:28+00:00
klein225,done,2026-06-06T19:08:51+00:00
kleisevilla,done,2026-06-06T19:09:03+00:00
klenzendorf,done,2026-06-06T19:09:22+00:00
kleoniki34,done,2026-06-06T19:09:34+00:00
klevsqwng,done,2026-06-06T19:09:48+00:00
klocts16pt,done,2026-06-06T19:10:12+00:00
klompie,done,2026-06-06T19:10:24+00:00
kloyd,done,2026-06-06T19:10:41+00:00
klsmmei,done,2026-06-06T19:10:58+00:00
km0516,done,2026-06-06T19:11:17+00:00
kmie05,done,2026-06-06T19:11:42+00:00
knox122,done,2026-06-06T19:11:57+00:00
knuxus,done,2026-06-06T19:12:11+00:00
kobeyorkster,done,2026-06-06T19:12:33+00:00
kobitucker,done,2026-06-06T19:12:52+00:00
koenvdz,done,2026-06-06T19:13:19+00:00
kofaa,done,2026-06-06T19:13:40+00:00
koficci,done,2026-06-06T19:13:51+00:00
kolkahrafns,done,2026-06-06T19:14:08+00:00
kolyechka,done,2026-06-06T19:14:21+00:00
kolynsolo,done,2026-06-06T19:14:55+00:00
komakinojoe,done,2026-06-06T19:15:08+00:00
konnachrome,done,2026-06-06T19:15:21+00:00
kontora,done,2026-06-06T19:15:37+00:00
korelai,done,2026-06-06T19:16:03+00:00
kornelius69,done,2026-06-06T19:16:31+00:00
korra42069666,done,2026-06-06T19:16:47+00:00
koryun17,done,2026-06-06T19:16:59+00:00
koshal,done,2026-06-06T19:17:13+00:00
kotonikos,done,2026-06-06T19:17:27+00:00
kovdor,done,2026-06-06T19:17:55+00:00
koweeni,done,2026-06-06T19:18:14+00:00
koycheivanovich,done,2026-06-06T19:18:26+00:00
kpitzen,done,2026-06-06T19:18:43+00:00
kr4ken7752,done,2026-06-06T19:19:04+00:00
kratikaushik19,done,2026-06-06T19:19:29+00:00
krazypandas,done,2026-06-06T19:19:47+00:00
krebbikrebkreb,done,2026-06-06T19:20:01+00:00
kreley,done,2026-06-06T19:20:15+00:00
krianne,done,2026-06-06T19:20:31+00:00
kriishhaa,done,2026-06-06T19:20:55+00:00
krishlvuu,done,2026-06-06T19:21:10+00:00
kristalk11,done,2026-06-06T19:21:28+00:00
kritkolo,done,2026-06-06T19:21:43+00:00
krotsaka,done,2026-06-06T19:21:58+00:00
krustylobster,done,2026-06-06T19:22:21+00:00
krycchetto,done,2026-06-06T19:22:35+00:00
krypticnick,done,2026-06-06T19:22:46+00:00
krysta_jane,done,2026-06-06T19:23:00+00:00
krzychutoziomal,done,2026-06-06T19:23:15+00:00
ksatriastar,done,2026-06-06T19:23:40+00:00
ksenyaksenya,done,2026-06-06T19:23:52+00:00
ksgmbjm,done,2026-06-06T19:24:03+00:00
ksorensen75,done,2026-06-06T19:24:22+00:00
kupip,done,2026-06-06T19:24:43+00:00
kuroihana,done,2026-06-06T19:25:06+00:00
kurzehose,done,2026-06-06T19:25:21+00:00
kushimen,done,2026-06-06T19:25:34+00:00
kvaratskhelia17,done,2026-06-06T19:25:44+00:00
kvelazquez,done,2026-06-06T19:25:55+00:00
kvslna,done,2026-06-06T19:26:25+00:00
kwiatuuu,done,2026-06-06T19:26:42+00:00
kxshang,done,2026-06-06T19:26:57+00:00
kyjo191,done,2026-06-06T19:27:18+00:00
kylebpb,done,2026-06-06T19:27:32+00:00
kylegallners,done,2026-06-06T19:27:57+00:00
kyleh20,done,2026-06-06T19:28:18+00:00
kyleschillar,done,2026-06-06T19:28:34+00:00
kylierh,done,2026-06-06T19:28:52+00:00
kyotho,done,2026-06-06T19:29:12+00:00
kyutabs,done,2026-06-06T19:29:41+00:00
kywonders,done,2026-06-06T19:30:03+00:00
kyyshallgoonu,done,2026-06-06T19:30:13+00:00
l025l230,done,2026-06-06T19:30:29+00:00
l0ulo,done,2026-06-06T19:30:48+00:00
l3m0nc4ndy,done,2026-06-06T19:31:13+00:00
l4kshm4n_,done,2026-06-06T19:31:30+00:00
l_vorn,done,2026-06-06T19:31:44+00:00
la_madrugada,done,2026-06-06T19:32:00+00:00
laaraen,done,2026-06-06T19:32:10+00:00
lacedlilly,done,2026-06-06T19:32:38+00:00
lachiestr,done,2026-06-06T19:32:57+00:00
lachlanspookle,done,2026-06-06T19:33:13+00:00
laddiesman2187,done,2026-06-06T19:33:29+00:00
lafukii,done,2026-06-06T19:33:46+00:00
laisggarciia,done,2026-06-06T19:34:14+00:00
laitaupoelle,done,2026-06-06T19:34:32+00:00
laksh1,done,2026-06-06T19:34:47+00:00
lala81104,done,2026-06-06T19:35:07+00:00
lala_12,done,2026-06-06T19:35:21+00:00
lalafilms_,done,2026-06-06T19:35:46+00:00
lalakz98,done,2026-06-06T19:36:01+00:00
lalalainey_,done,2026-06-06T19:36:17+00:00
lalalalalisa152,done,2026-06-06T19:36:34+00:00
laliyamaoka,done,2026-06-06T19:36:51+00:00
lalucia300,done,2026-06-06T19:37:19+00:00
laluly11,done,2026-06-06T19:37:31+00:00
lamar13,done,2026-06-06T19:37:47+00:00
lambojoe,done,2026-06-06T19:38:04+00:00
lamismohamed,done,2026-06-06T19:38:17+00:00
lampukuning,done,2026-06-06T19:38:45+00:00
lan5,done,2026-06-06T19:38:58+00:00
lana_lana9,done,2026-06-06T19:39:10+00:00
lananinelcisi,done,2026-06-06T19:39:29+00:00
land_,done,2026-06-06T19:39:42+00:00
landoftheangels,done,2026-06-06T19:40:09+00:00
landogonn,done,2026-06-06T19:40:31+00:00
landondafunny1,done,2026-06-06T19:40:48+00:00
lane3,done,2026-06-06T19:41:03+00:00
lanemeyer,done,2026-06-06T19:41:25+00:00
lanewould,done,2026-06-06T19:41:55+00:00
lap26,done,2026-06-06T19:42:06+00:00
lapalombe,done,2026-06-06T19:42:18+00:00
lara0zt,done,2026-06-06T19:42:36+00:00
lara_maia,done,2026-06-06T19:42:47+00:00
laralimac,done,2026-06-06T19:43:10+00:00
laramina,done,2026-06-06T19:43:26+00:00
lararj,done,2026-06-06T19:43:48+00:00
larasquaranth,done,2026-06-06T19:44:04+00:00
larcynb,done,2026-06-06T19:44:27+00:00
larissa175,done,2026-06-06T19:44:57+00:00
larophile,done,2026-06-06T19:45:19+00:00
larscharli,done,2026-06-06T19:45:33+00:00
lasag4_,done,2026-06-06T19:45:50+00:00
lastnamecortez,done,2026-06-06T19:46:05+00:00
late_leskinen,done,2026-06-06T19:46:32+00:00
latrellquisha,done,2026-06-06T19:46:46+00:00
latzerros,done,2026-06-06T19:47:02+00:00
launascimento,done,2026-06-06T19:47:16+00:00
laura_070707,done,2026-06-06T19:47:28+00:00
lauraabbott,done,2026-06-06T19:47:51+00:00
laurajne333,done,2026-06-06T19:48:12+00:00
lauramorillo,done,2026-06-06T19:48:26+00:00
laurapepe,done,2026-06-06T19:48:39+00:00
laurenbirk,done,2026-06-06T19:48:59+00:00
laurieje,done,2026-06-06T19:49:25+00:00
laurxluvya,done,2026-06-06T19:49:42+00:00
lautisou,done,2026-06-06T19:49:54+00:00
lauvnrll,done,2026-06-06T19:50:06+00:00
lavendersem,done,2026-06-06T19:50:18+00:00
lavidedorusso,done,2026-06-06T19:50:39+00:00
layahtheplaya,done,2026-06-06T19:50:52+00:00
layoutloud,done,2026-06-06T19:51:05+00:00
laysonlays,done,2026-06-06T19:51:19+00:00
lazuili,done,2026-06-06T19:51:41+00:00
lazycat1,done,2026-06-06T19:52:09+00:00
lazyfish881,done,2026-06-06T19:52:23+00:00
leamc126,done,2026-06-06T19:52:38+00:00
leanx1,done,2026-06-06T19:52:52+00:00
lebronfalange,done,2026-06-06T19:53:09+00:00
leeleesinlanes,done,2026-06-06T19:53:41+00:00
legeetee,done,2026-06-06T19:53:52+00:00
legolegolego,done,2026-06-06T19:54:09+00:00
legoloco45,done,2026-06-06T19:54:23+00:00
lehprudente,done,2026-06-06T19:54:41+00:00
leighkm,done,2026-06-06T19:55:09+00:00
leilamichiee,done,2026-06-06T19:55:29+00:00
leilarayy,done,2026-06-06T19:55:43+00:00
leinsterfan101,done,2026-06-06T19:56:00+00:00
lejaad,done,2026-06-06T19:56:10+00:00
lelamoraes,done,2026-06-06T19:56:38+00:00
lemihdo,done,2026-06-06T19:56:49+00:00
lemm1213,done,2026-06-06T19:57:03+00:00
lemonado,done,2026-06-06T19:57:19+00:00
len6i,done,2026-06-06T19:57:30+00:00
lena_stan,done,2026-06-06T19:58:01+00:00
lenag29,done,2026-06-06T19:58:11+00:00
lenaluk,done,2026-06-06T19:58:24+00:00
lenasid,done,2026-06-06T19:58:36+00:00
leniiilover,done,2026-06-06T19:58:47+00:00
lenny_feder,done,2026-06-06T19:59:25+00:00
lentejitaas,done,2026-06-06T19:59:39+00:00
lenybogzz,done,2026-06-06T19:59:58+00:00
leo_b13,done,2026-06-06T20:00:12+00:00
leo_scandola,done,2026-06-06T20:00:32+00:00
leob05,done,2026-06-06T20:01:03+00:00
leocorreiao,done,2026-06-06T20:01:20+00:00
leodv73,done,2026-06-06T20:01:39+00:00
leoleonleo,done,2026-06-06T20:01:51+00:00
leoltyasd12,done,2026-06-06T20:02:03+00:00
leomannn,done,2026-06-06T20:02:28+00:00
leonarfo,done,2026-06-06T20:02:49+00:00
leonarrdo,done,2026-06-06T20:03:07+00:00
leondemuys,done,2026-06-06T20:03:20+00:00
leonor_1609,done,2026-06-06T20:03:35+00:00
leontopyrgos,done,2026-06-06T20:04:04+00:00
leopg,done,2026-06-06T20:04:18+00:00
leosanches5988,done,2026-06-06T20:04:33+00:00
leoshin_,done,2026-06-06T20:04:49+00:00
lesangel,done,2026-06-06T20:05:03+00:00
lesba,done,2026-06-06T20:05:34+00:00
leticiasratings,done,2026-06-06T20:05:44+00:00
leticie,done,2026-06-06T20:06:06+00:00
letmaxx,done,2026-06-06T20:06:24+00:00
levent33,done,2026-06-06T20:06:37+00:00
leviilives,done,2026-06-06T20:07:01+00:00
levit7,done,2026-06-06T20:07:17+00:00
levpetrunkin,done,2026-06-06T20:07:29+00:00
lewilewdawg,done,2026-06-06T20:07:39+00:00
lexfromq,done,2026-06-06T20:07:54+00:00
lexiewatchmovie,done,2026-06-06T20:08:19+00:00
lexigermain,done,2026-06-06T20:08:41+00:00
lexiskywalker19,done,2026-06-06T20:08:58+00:00
lezi22,done,2026-06-06T20:09:11+00:00
lhaate,done,2026-06-06T20:09:27+00:00
lhendrix,done,2026-06-06T20:10:00+00:00
lialiamrr,done,2026-06-06T20:10:11+00:00
liam108,done,2026-06-06T20:10:28+00:00
liam_smithmov,done,2026-06-06T20:10:48+00:00
liamb__,done,2026-06-06T20:11:06+00:00
liambelanger,done,2026-06-06T20:11:35+00:00
liamnaughton,done,2026-06-06T20:11:49+00:00
lianabubbless,done,2026-06-06T20:12:16+00:00
lianwasabi,done,2026-06-06T20:12:34+00:00
liaporcecilia,done,2026-06-06T20:12:45+00:00
licci_x,done,2026-06-06T20:13:12+00:00
lichvix,done,2026-06-06T20:13:24+00:00
lidcobbler,done,2026-06-06T20:13:39+00:00
lidenko,done,2026-06-06T20:13:57+00:00
lielunara,done,2026-06-06T20:14:12+00:00
life01,done,2026-06-06T20:14:39+00:00
lightningboyg,done,2026-06-06T20:14:51+00:00
liinoo__,done,2026-06-06T20:15:05+00:00
liivy13,done,2026-06-06T20:15:21+00:00
likeh,done,2026-06-06T20:15:49+00:00
likhith_reddy21,done,2026-06-06T20:16:23+00:00
lil_mickey,done,2026-06-06T20:16:37+00:00
lilac_4909,done,2026-06-06T20:16:55+00:00
lilac_lock,done,2026-06-06T20:17:11+00:00
lilacwine_111,done,2026-06-06T20:17:34+00:00
lilacyzah,done,2026-06-06T20:18:06+00:00
lilad812,done,2026-06-06T20:18:26+00:00
lilaric,done,2026-06-06T20:18:39+00:00
lilax101,done,2026-06-06T20:18:52+00:00
lilbeni,done,2026-06-06T20:19:06+00:00
lile_nn,done,2026-06-06T20:19:36+00:00
liliithx,done,2026-06-06T20:19:56+00:00
lililinh,done,2026-06-06T20:20:11+00:00
liliysm,done,2026-06-06T20:20:29+00:00
lilli3s,done,2026-06-06T20:20:45+00:00
lilly_massey,done,2026-06-06T20:21:10+00:00
lillyan123,done,2026-06-06T20:21:23+00:00
lillychi,done,2026-06-06T20:21:41+00:00
lilolooo,done,2026-06-06T20:21:59+00:00
lilomaria,done,2026-06-06T20:22:20+00:00
liluashvili2,done,2026-06-06T20:22:44+00:00
lilyafarrell,done,2026-06-06T20:23:00+00:00
lilygeeorgia,done,2026-06-06T20:23:15+00:00
lilyjjj38,done,2026-06-06T20:23:28+00:00
lilykem,done,2026-06-06T20:23:43+00:00
lilykkenney,done,2026-06-06T20:24:13+00:00
lilylils1,done,2026-06-06T20:24:27+00:00
lilypetrick,done,2026-06-06T20:24:50+00:00
lilysimps0n,done,2026-06-06T20:25:04+00:00
limajama,done,2026-06-06T20:25:21+00:00
lime0,done,2026-06-06T20:25:48+00:00
limonuchi,done,2026-06-06T20:26:01+00:00
linabelhadj0,done,2026-06-06T20:26:18+00:00
linamariaw,done,2026-06-06T20:26:34+00:00
lindsoybean,done,2026-06-06T20:26:48+00:00
link1492,done,2026-06-06T20:27:20+00:00
linkadas,done,2026-06-06T20:27:33+00:00
linmky,done,2026-06-06T20:27:48+00:00
linnkuu,done,2026-06-06T20:27:59+00:00
linusvb,done,2026-06-06T20:28:15+00:00
lionmars,done,2026-06-06T20:28:48+00:00
lipids,done,2026-06-06T20:29:01+00:00
lipmovies,done,2026-06-06T20:29:15+00:00
liquidnails,done,2026-06-06T20:29:27+00:00
lir12,done,2026-06-06T20:29:40+00:00
lisaaak,done,2026-06-06T20:30:07+00:00
lisanah,done,2026-06-06T20:30:27+00:00
lisapb,done,2026-06-06T20:30:39+00:00
lisaryval3ntina,done,2026-06-06T20:30:52+00:00
lisasprdt,done,2026-06-06T20:31:11+00:00
lisea92,done,2026-06-06T20:31:42+00:00
lisettexo,done,2026-06-06T20:32:00+00:00
lit_likeamatcha,done,2026-06-06T20:32:17+00:00
litchey,done,2026-06-06T20:32:27+00:00
lithopedian_ana,done,2026-06-06T20:32:46+00:00
litiovzt,done,2026-06-06T20:33:18+00:00
litmicheve,done,2026-06-06T20:33:40+00:00
lito_supremo,done,2026-06-06T20:33:53+00:00
liviapchmlb,done,2026-06-06T20:34:06+00:00
livvymatsas,done,2026-06-06T20:34:24+00:00
lizarr_,done,2026-06-06T20:34:51+00:00
lizounours,done,2026-06-06T20:35:05+00:00
lizziehq,done,2026-06-06T20:35:25+00:00
lizznwonderland,done,2026-06-06T20:35:45+00:00
lizzyeyo,done,2026-06-06T20:35:59+00:00
ljp24,done,2026-06-06T20:36:27+00:00
llamerrr,done,2026-06-06T20:36:45+00:00
llikincc,done,2026-06-06T20:37:00+00:00
llman,done,2026-06-06T20:37:16+00:00
llucib,done,2026-06-06T20:37:34+00:00
lluviesitalover,done,2026-06-06T20:37:59+00:00
llxlpiu,done,2026-06-06T20:38:19+00:00
lmiddonno,done,2026-06-06T20:38:29+00:00
lmzs,done,2026-06-06T20:38:51+00:00
lobelia,done,2026-06-06T20:39:12+00:00
lobo7680,done,2026-06-06T20:39:38+00:00
locarr,done,2026-06-06T20:39:56+00:00
loeblues,done,2026-06-06T20:40:10+00:00
loff,done,2026-06-06T20:40:22+00:00
logan1212,done,2026-06-06T20:40:47+00:00
loganbwill,done,2026-06-06T20:41:24+00:00
logangatewood,done,2026-06-06T20:41:37+00:00
loganmiller2000,done,2026-06-06T20:41:50+00:00
logbeans9,done,2026-06-06T20:42:16+00:00
loggieboggie,done,2026-06-06T20:42:28+00:00
loh222,done,2026-06-06T20:42:53+00:00
loisparry_,done,2026-06-06T20:43:06+00:00
lol199,done,2026-06-06T20:43:22+00:00
lolaastacey,done,2026-06-06T20:43:37+00:00
loladosyorov,done,2026-06-06T20:43:51+00:00
lolajames,done,2026-06-06T20:44:21+00:00
lolamariee,done,2026-06-06T20:44:38+00:00
lolipop8,done,2026-06-06T20:44:51+00:00
lollerax,done,2026-06-06T20:45:07+00:00
lollywood_,done,2026-06-06T20:45:20+00:00
lolray,done,2026-06-06T20:45:46+00:00
lolsxz,done,2026-06-06T20:46:06+00:00
londondonah,done,2026-06-06T20:46:29+00:00
lookaenhate,done,2026-06-06T20:46:42+00:00
loonymary,done,2026-06-06T20:47:00+00:00
lopezmacpherson,done,2026-06-06T20:47:27+00:00
lopmon_11,done,2026-06-06T20:47:46+00:00
loqum,done,2026-06-06T20:48:03+00:00
loraforelsket,done,2026-06-06T20:48:15+00:00
lorcanlauth,done,2026-06-06T20:48:28+00:00
lordhunder,done,2026-06-06T20:48:54+00:00
lordofmeowness,done,2026-06-06T20:49:11+00:00
lordvoldtvader,done,2026-06-06T20:49:32+00:00
loreexj,done,2026-06-06T20:49:43+00:00
lorelaiyvainex,done,2026-06-06T20:50:01+00:00
lorenalima13,done,2026-06-06T20:50:27+00:00
lorenkarschnia,done,2026-06-06T20:50:49+00:00
lori16,done,2026-06-06T20:51:11+00:00
lorintugrul,done,2026-06-06T20:51:26+00:00
lortschki,done,2026-06-06T20:51:39+00:00
loryy5,done,2026-06-06T20:52:01+00:00
lostntransl8ion,done,2026-06-06T20:52:14+00:00
lostsoul___l,done,2026-06-06T20:52:29+00:00
lothaire09,done,2026-06-06T20:52:45+00:00
lottamariee,done,2026-06-06T20:53:00+00:00
lottie_3,done,2026-06-06T20:53:24+00:00
lottiestewartt,done,2026-06-06T20:53:38+00:00
lotusangel803,done,2026-06-06T20:53:51+00:00
louannecl,done,2026-06-06T20:54:06+00:00
louiisee8,done,2026-06-06T20:54:17+00:00
louise_13,done,2026-06-06T20:54:48+00:00
louisebdr,done,2026-06-06T20:55:05+00:00
louisevital,done,2026-06-06T20:55:17+00:00
louisnguyen,done,2026-06-06T20:55:36+00:00
loukas_zormpas,done,2026-06-06T20:55:46+00:00
loulapsqt,done,2026-06-06T20:56:09+00:00
loulouu_u,done,2026-06-06T20:56:28+00:00
loumaia,done,2026-06-06T20:56:41+00:00
lounl,done,2026-06-06T20:56:57+00:00
lousiph,done,2026-06-06T20:57:36+00:00
louuuna,done,2026-06-06T20:58:04+00:00
louvinddd,done,2026-06-06T20:58:21+00:00
lovec4l,done,2026-06-06T20:58:39+00:00
lovelybaby,done,2026-06-06T20:58:58+00:00
lovelyzmoon,done,2026-06-06T20:59:16+00:00
lovemei,done,2026-06-06T20:59:47+00:00
loveriluf,done,2026-06-06T21:00:04+00:00
loverzrun,done,2026-06-06T21:00:18+00:00
lovewerms,done,2026-06-06T21:00:34+00:00
lowellmarcum,done,2026-06-06T21:00:53+00:00
lowkrowbky,done,2026-06-06T21:02:59+00:00
lu1z18,done,2026-06-06T21:03:19+00:00
lu_y,done,2026-06-06T21:03:33+00:00
lubis09,done,2026-06-06T21:03:53+00:00
lucaaas981,done,2026-06-06T21:04:23+00:00
lucabuckingham,done,2026-06-06T21:04:34+00:00
lucambiance,done,2026-06-06T21:04:55+00:00
lucas440_,done,2026-06-06T21:05:07+00:00
lucas_fndz,done,2026-06-06T21:05:23+00:00
lucascgibson,done,2026-06-06T21:05:55+00:00
lucasd5,done,2026-06-06T21:06:17+00:00
lucasgrioli,done,2026-06-06T21:06:34+00:00
lucaslasquale,done,2026-06-06T21:06:48+00:00
lucasmnog,done,2026-06-06T21:07:08+00:00
lucasross1,done,2026-06-06T21:07:39+00:00
lucax1,done,2026-06-06T21:07:52+00:00
lucero0405,done,2026-06-06T21:08:15+00:00
luchili,done,2026-06-06T21:08:35+00:00
luciaaa2812,done,2026-06-06T21:08:54+00:00
luciana_lesna,done,2026-06-06T21:09:23+00:00
lucianamp,done,2026-06-06T21:09:41+00:00
lucicaj,done,2026-06-06T21:09:52+00:00
lucidludo,done,2026-06-06T21:10:13+00:00
lucioleel,done,2026-06-06T21:10:25+00:00
luciuss9,done,2026-06-06T21:10:52+00:00
luckegamnacke,done,2026-06-06T21:11:09+00:00
luckiiy,done,2026-06-06T21:11:29+00:00
luckpluck,done,2026-06-06T21:11:47+00:00
lucmorete,done,2026-06-06T21:12:06+00:00
ludiniz,done,2026-06-06T21:12:42+00:00
ludludmilaa,done,2026-06-06T21:13:34+00:00
luilui28,done,2026-06-06T21:13:53+00:00
luisachaves10,done,2026-06-06T21:14:17+00:00
luisalol37,done,2026-06-06T21:14:36+00:00
luisbuis,done,2026-06-06T21:15:12+00:00
luisrszr,done,2026-06-06T21:15:29+00:00
luisvvargas,done,2026-06-06T21:15:40+00:00
luitot,done,2026-06-06T21:16:02+00:00
luiz_azzini,done,2026-06-06T21:16:23+00:00
lujuge,done,2026-06-06T21:16:54+00:00
luka339,done,2026-06-06T21:17:10+00:00
luka_dbrn,done,2026-06-06T21:17:30+00:00
lukasolitude,done,2026-06-06T21:17:46+00:00
luke_beaver,done,2026-06-06T21:18:04+00:00
luke_burns,done,2026-06-06T21:18:35+00:00
lukebeckett2,done,2026-06-06T21:18:52+00:00
lukejames333,done,2026-06-06T21:19:14+00:00
lukejustice,done,2026-06-06T21:19:27+00:00
lukeled,done,2026-06-06T21:19:48+00:00
lukewarnock,done,2026-06-06T21:20:22+00:00
lukewoods42,done,2026-06-06T21:20:47+00:00
lukeyork,done,2026-06-06T21:21:10+00:00
lulii22_,done,2026-06-06T21:21:22+00:00
lulist91,done,2026-06-06T21:21:40+00:00
lululefantastik,done,2026-06-06T21:22:14+00:00
lunaes,done,2026-06-06T21:22:28+00:00
lunafrxncesca,done,2026-06-06T21:22:43+00:00
lunajuice,done,2026-06-06T21:23:22+00:00
lunapgn,done,2026-06-06T21:23:39+00:00
lunar__iris,done,2026-06-06T21:24:09+00:00
lunar_frames,done,2026-06-06T21:24:23+00:00
lunarfase,done,2026-06-06T21:24:44+00:00
lunaxof,done,2026-06-06T21:25:00+00:00
lunical,done,2026-06-06T21:25:19+00:00
lunkansthlm,done,2026-06-06T21:25:52+00:00
luoyingle2,done,2026-06-06T21:26:04+00:00
lupita0_o,done,2026-06-06T21:26:18+00:00
luridamadonna,done,2026-06-06T21:26:30+00:00
lusendra,done,2026-06-06T21:26:48+00:00
luskasesg,done,2026-06-06T21:27:14+00:00
luucydd,done,2026-06-06T21:27:26+00:00
luuk1987,done,2026-06-06T21:27:42+00:00
luvliz_aurora,done,2026-06-06T21:27:54+00:00
luvlymaria,done,2026-06-06T21:28:12+00:00
luvnisah,done,2026-06-06T21:28:38+00:00
luxuryarabic,done,2026-06-06T21:28:58+00:00
luxx_lucie,done,2026-06-06T21:29:12+00:00
lvingddeadgirl,done,2026-06-06T21:29:25+00:00
lx9090,done,2026-06-06T21:29:43+00:00
lxstfuleyes,done,2026-06-06T21:30:08+00:00
lxulxu,done,2026-06-06T21:30:19+00:00
lycheeglock,done,2026-06-06T21:30:39+00:00
lycnthropy,done,2026-06-06T21:30:59+00:00
lydiastend,done,2026-06-06T21:31:10+00:00
lyelovesrats,done,2026-06-06T21:31:34+00:00
lykkamaria,done,2026-06-06T21:31:52+00:00
lylamarie44,done,2026-06-06T21:32:11+00:00
lymphrustik,done,2026-06-06T21:32:23+00:00
lynksu,done,2026-06-06T21:32:39+00:00
lynnflint,done,2026-06-06T21:33:08+00:00
lyusya_makedon,done,2026-06-06T21:33:21+00:00
m00n2,done,2026-06-06T21:33:34+00:00
m00nligh,done,2026-06-06T21:33:53+00:00
m0hae1,done,2026-06-06T21:34:07+00:00
m0onella,done,2026-06-06T21:34:31+00:00
m0rt_ua_v1ta,done,2026-06-06T21:34:53+00:00
m1nci,done,2026-06-06T21:35:07+00:00
m1racl3sw0rld,done,2026-06-06T21:35:24+00:00
m2ije,done,2026-06-06T21:35:40+00:00
m3lonns,done,2026-06-06T21:36:06+00:00
m3nmh,done,2026-06-06T21:36:24+00:00
m3tov,done,2026-06-06T21:36:35+00:00
m44rcos,done,2026-06-06T21:36:56+00:00
m4lmur,done,2026-06-06T21:37:08+00:00
m4rg0ttr0tt3n,done,2026-06-06T21:37:37+00:00
m4verick141,done,2026-06-06T21:37:59+00:00
m5efk,done,2026-06-06T21:38:16+00:00
m_a_t_t_m_a_n,done,2026-06-06T21:38:28+00:00
m_azami,done,2026-06-06T21:38:48+00:00
m_mariamm,done,2026-06-06T21:39:13+00:00
m_shuayb,done,2026-06-06T21:39:30+00:00
m_was_hereeee,done,2026-06-06T21:39:49+00:00
ma7moud31,done,2026-06-06T21:40:02+00:00
maaaarv,done,2026-06-06T21:40:17+00:00
maadou,done,2026-06-06T21:40:45+00:00
maaneden_ansatt,done,2026-06-06T21:41:00+00:00
maazinzaidix,done,2026-06-06T21:41:14+00:00
mabadg,done,2026-06-06T21:41:38+00:00
maca_lv,done,2026-06-06T21:41:52+00:00
macc_07,done,2026-06-06T21:42:15+00:00
machinearkangel,done,2026-06-06T21:42:33+00:00
macyhatesu,done,2026-06-06T21:42:43+00:00
madallen,done,2026-06-06T21:43:04+00:00
madcormoran,done,2026-06-06T21:43:23+00:00
maddienase,done,2026-06-06T21:43:46+00:00
maddison56500,done,2026-06-06T21:43:59+00:00
maddn,done,2026-06-06T21:44:12+00:00
maddog0704,done,2026-06-06T21:44:30+00:00
maddy6163,done,2026-06-06T21:44:43+00:00
maddy_2001,done,2026-06-06T21:45:14+00:00
maddy_rums,done,2026-06-06T21:45:27+00:00
maddyhollymarie,done,2026-06-06T21:45:44+00:00
maddynm51,done,2026-06-06T21:45:59+00:00
madeleinealexx,done,2026-06-06T21:46:14+00:00
madethis4lei,done,2026-06-06T21:46:41+00:00
madewalnuts,done,2026-06-06T21:46:59+00:00
madi_danger,done,2026-06-06T21:47:22+00:00
madieyam,done,2026-06-06T21:47:44+00:00
madifeely,done,2026-06-06T21:47:59+00:00
madoc_hiller,done,2026-06-06T21:48:30+00:00
madsbailie,done,2026-06-06T21:48:48+00:00
madswrld1,done,2026-06-06T21:49:07+00:00
maellerbnt,done,2026-06-06T21:49:21+00:00
maethefawn,done,2026-06-06T21:49:40+00:00
mafalda333,done,2026-06-06T21:50:03+00:00
mafezitinha,done,2026-06-06T21:50:18+00:00
maggie_mc99,done,2026-06-06T21:50:38+00:00
magicalcameron,done,2026-06-06T21:50:58+00:00
magicbeanie365,done,2026-06-06T21:51:17+00:00
magicthunder,done,2026-06-06T21:51:54+00:00
magimaekr,done,2026-06-06T21:52:10+00:00
maglajax,done,2026-06-06T21:52:28+00:00
mahailiyah,done,2026-06-06T21:52:45+00:00
mahathirxv,done,2026-06-06T21:52:59+00:00
mahaute,done,2026-06-06T21:53:23+00:00
maher_so,done,2026-06-06T21:53:39+00:00
mahesh_543,done,2026-06-06T21:53:52+00:00
mahmood_ahmed,done,2026-06-06T21:54:05+00:00
mahmutcann_,done,2026-06-06T21:54:21+00:00
maiathegoat67,done,2026-06-06T21:54:46+00:00
maii_trn,done,2026-06-06T21:55:04+00:00
maijajaask,done,2026-06-06T21:55:17+00:00
mailymovies,done,2026-06-06T21:55:30+00:00
maisyeti,done,2026-06-06T21:55:49+00:00
maitendea,done,2026-06-06T21:56:17+00:00
maja1222,done,2026-06-06T21:56:35+00:00
majadacyk,done,2026-06-06T21:56:55+00:00
majapapajaa,done,2026-06-06T21:57:13+00:00
majaxskw,done,2026-06-06T21:57:26+00:00
majikuhibi,done,2026-06-06T21:57:53+00:00
majkacool,done,2026-06-06T21:58:06+00:00
majuzzoca,done,2026-06-06T21:58:24+00:00
makenzey,done,2026-06-06T21:58:39+00:00
makisuis,done,2026-06-06T21:58:54+00:00
makoto_niijima,done,2026-06-06T21:59:24+00:00
malakasaad2021,done,2026-06-06T21:59:36+00:00
malcow3st,done,2026-06-06T21:59:56+00:00
malick0413,done,2026-06-06T22:00:18+00:00
maligoy,done,2026-06-06T22:00:29+00:00
malik_thekid,done,2026-06-06T22:00:56+00:00
maliwhooo,done,2026-06-06T22:01:17+00:00
malmato,done,2026-06-06T22:01:28+00:00
malphass,done,2026-06-06T22:01:50+00:00
malscalls,done,2026-06-06T22:02:09+00:00
malthecoin99,done,2026-06-06T22:02:39+00:00
mamiya_takuji,done,2026-06-06T22:02:53+00:00
manaiag,done,2026-06-06T22:03:08+00:00
mandzz,done,2026-06-06T22:03:26+00:00
manguo_2026,done,2026-06-06T22:03:40+00:00
maniacal_,done,2026-06-06T22:04:07+00:00
manish_waldia,done,2026-06-06T22:04:19+00:00
manishsahay,done,2026-06-06T22:04:39+00:00
manm05tegg5,done,2026-06-06T22:05:04+00:00
manoela1812,done,2026-06-06T22:05:20+00:00
manonbtbl,done,2026-06-06T22:05:49+00:00
manozimmer,done,2026-06-06T22:06:02+00:00
manu_log,done,2026-06-06T22:06:16+00:00
manucofominha,done,2026-06-06T22:06:31+00:00
manuel_carti,done,2026-06-06T22:06:43+00:00
manuelpool,done,2026-06-06T22:07:06+00:00
manuelvalverr,done,2026-06-06T22:07:18+00:00
manuelxrd_,done,2026-06-06T22:07:35+00:00
manugl18,done,2026-06-06T22:07:58+00:00
manuserrato,done,2026-06-06T22:08:21+00:00
manusiaaaaa,done,2026-06-06T22:08:50+00:00
manuu_gonzz,done,2026-06-06T22:09:06+00:00
many_floors,done,2026-06-06T22:09:30+00:00
mapi62846,done,2026-06-06T22:09:50+00:00
mappicat,done,2026-06-06T22:10:09+00:00
mar10s,done,2026-06-06T22:10:35+00:00
mararvictor,done,2026-06-06T22:10:53+00:00
maratqyzzya,done,2026-06-06T22:11:08+00:00
marboix,done,2026-06-06T22:11:18+00:00
marcelinemp3,done,2026-06-06T22:11:34+00:00
marco0119,done,2026-06-06T22:11:59+00:00
marco_dosrs,done,2026-06-06T22:12:10+00:00
marco_formisano,done,2026-06-06T22:12:29+00:00
marcopolo2010,done,2026-06-06T22:13:07+00:00
marcosmclovin,done,2026-06-06T22:13:28+00:00
marcuscfc,done,2026-06-06T22:13:53+00:00
marcusdj,done,2026-06-06T22:14:07+00:00
marcyleans,done,2026-06-06T22:14:28+00:00
marecek1,done,2026-06-06T22:14:41+00:00
mareinbrouwer,done,2026-06-06T22:14:52+00:00
margaryn4,done,2026-06-06T22:15:16+00:00
margot3v,done,2026-06-06T22:15:32+00:00
margtswift,done,2026-06-06T22:15:56+00:00
marguerite_lbgc,done,2026-06-06T22:16:11+00:00
maria12344,done,2026-06-06T22:16:30+00:00
maria88888,done,2026-06-06T22:17:01+00:00
mariaclaracs12,done,2026-06-06T22:17:12+00:00
mariagp_16,done,2026-06-06T22:17:25+00:00
mariamzz,done,2026-06-06T22:17:42+00:00
marianodc,done,2026-06-06T22:17:58+00:00
marianoelordi,done,2026-06-06T22:18:29+00:00
marichoxeli,done,2026-06-06T22:18:44+00:00
maridoesntexist,done,2026-06-06T22:19:04+00:00
marieahcurry888,done,2026-06-06T22:19:26+00:00
mariedekwa,done,2026-06-06T22:19:39+00:00
mariett3,done,2026-06-06T22:20:09+00:00
marijacher,done,2026-06-06T22:20:26+00:00
marijalina,done,2026-06-06T22:20:46+00:00
marim_,done,2026-06-06T22:20:58+00:00
marina_elia,done,2026-06-06T22:21:11+00:00
marinacandradee,done,2026-06-06T22:21:45+00:00
marinatsusua,done,2026-06-06T22:22:02+00:00
marioizcoollol,done,2026-06-06T22:22:17+00:00
marion_2119,done,2026-06-06T22:22:28+00:00
mariopr,done,2026-06-06T22:22:46+00:00
mariusstzl,done,2026-06-06T22:23:19+00:00
marjoriela13,done,2026-06-06T22:23:31+00:00
markkitoss,done,2026-06-06T22:23:47+00:00
marksamenpast,done,2026-06-06T22:24:05+00:00
markvenom,done,2026-06-06T22:24:23+00:00
marleemikese,done,2026-06-06T22:24:56+00:00
marlowe3k,done,2026-06-06T22:25:11+00:00
marmeladakhs,done,2026-06-06T22:25:26+00:00
marrixmaa,done,2026-06-06T22:25:39+00:00
marrkieee,done,2026-06-06T22:25:54+00:00
marsafon,done,2026-06-06T22:26:23+00:00
marshmmallow,done,2026-06-06T22:26:41+00:00
martaa02,done,2026-06-06T22:26:57+00:00
martaxx7,done,2026-06-06T22:27:12+00:00
marteen4,done,2026-06-06T22:27:29+00:00
martin_cud,done,2026-06-06T22:27:56+00:00
martinete23,done,2026-06-06T22:28:17+00:00
martinfool,done,2026-06-06T22:28:29+00:00
martinram,done,2026-06-06T22:28:42+00:00
martinss021,done,2026-06-06T22:29:02+00:00
martu1644,done,2026-06-06T22:29:27+00:00
marvellover17,done,2026-06-06T22:29:47+00:00
marwaned,done,2026-06-06T22:30:01+00:00
marylovescats,done,2026-06-06T22:30:22+00:00
marynaraaa,done,2026-06-06T22:30:39+00:00
maryoom_,done,2026-06-06T22:31:09+00:00
masalapodi7,done,2026-06-06T22:31:32+00:00
mashabut,done,2026-06-06T22:31:44+00:00
maskamonaska,done,2026-06-06T22:31:57+00:00
masnyfiut,done,2026-06-06T22:32:08+00:00
masonadams0123,done,2026-06-06T22:32:41+00:00
masonbenjamin13,done,2026-06-06T22:32:55+00:00
masonsjar,done,2026-06-06T22:33:14+00:00
massa000,done,2026-06-06T22:33:33+00:00
matakevin,done,2026-06-06T22:33:54+00:00
matandaudrey,done,2026-06-06T22:34:28+00:00
matbalsi,done,2026-06-06T22:34:47+00:00
matemateo7,done,2026-06-06T22:35:01+00:00
mateosk,done,2026-06-06T22:35:15+00:00
mateuselsan,done,2026-06-06T22:35:27+00:00
mateuspeg_,done,2026-06-06T22:35:55+00:00
mathenaha,done,2026-06-06T22:36:11+00:00
mathewhamilton,done,2026-06-06T22:36:31+00:00
mathieucaill,done,2026-06-06T22:36:46+00:00
mathis_bsc13,done,2026-06-06T22:36:58+00:00
mathiswv,done,2026-06-06T22:37:28+00:00
matilda_pe,done,2026-06-06T22:37:51+00:00
matildealfaiate,done,2026-06-06T22:38:08+00:00
mativalente,done,2026-06-06T22:38:21+00:00
matixz,done,2026-06-06T22:38:31+00:00
matnva,done,2026-06-06T22:38:57+00:00
matsu_jpg,done,2026-06-06T22:39:10+00:00
matteo738,done,2026-06-06T22:39:28+00:00
matteoortiz,done,2026-06-06T22:39:46+00:00
mattfortunato,done,2026-06-06T22:40:00+00:00
matthew7703,done,2026-06-06T22:40:27+00:00
matthewbond04,done,2026-06-06T22:40:39+00:00
matthewgolds,done,2026-06-06T22:40:58+00:00
matthewlagahit,done,2026-06-06T22:41:26+00:00
matthewsmitley,done,2026-06-06T22:41:48+00:00
matthias_l,done,2026-06-06T22:42:20+00:00
matthias_mont1,done,2026-06-06T22:42:42+00:00
matthibbing,done,2026-06-06T22:43:03+00:00
mattsmales,done,2026-06-06T22:43:22+00:00
mattthemoviesm,done,2026-06-06T22:43:41+00:00
matty_g2011,done,2026-06-06T22:44:10+00:00
mattyicer,done,2026-06-06T22:44:31+00:00
matu7,done,2026-06-06T22:44:41+00:00
matyldda_pp,done,2026-06-06T22:44:51+00:00
matzdibba,done,2026-06-06T22:45:09+00:00
maurice_jones,done,2026-06-06T22:45:43+00:00
mauvern,done,2026-06-06T22:45:59+00:00
mawaddah__,done,2026-06-06T22:46:19+00:00
max0b,done,2026-06-06T22:46:40+00:00
maxcock,done,2026-06-06T22:47:04+00:00
maxcooper6,done,2026-06-06T22:47:31+00:00
maxiimramos,done,2026-06-06T22:47:45+00:00
maxiitooo,done,2026-06-06T22:48:04+00:00
maximaxouille,done,2026-06-06T22:48:20+00:00
maximeeeee,done,2026-06-06T22:48:37+00:00
maximum_pain,done,2026-06-06T22:49:05+00:00
maximumcorpo,done,2026-06-06T22:49:17+00:00
maxkurzydlo,done,2026-06-06T22:49:32+00:00
maxlikesmovies0,done,2026-06-06T22:49:48+00:00
maxpaul2002,done,2026-06-06T22:50:01+00:00
maxquinn211,done,2026-06-06T22:50:37+00:00
maxsegal472,done,2026-06-06T22:51:02+00:00
maxthegoat33,done,2026-06-06T22:51:14+00:00
maxx_tzd,done,2026-06-06T22:51:28+00:00
may_zozi,done,2026-06-06T22:51:49+00:00
maya_mendelson,done,2026-06-06T22:52:15+00:00
mayachmovies,done,2026-06-06T22:52:29+00:00
mayanmovies,done,2026-06-06T22:52:43+00:00
mayexp,done,2026-06-06T22:52:57+00:00
mayla_monty,done,2026-06-06T22:53:19+00:00
mayraolmedo,done,2026-06-06T22:53:43+00:00
maysie27,done,2026-06-06T22:53:57+00:00
maysingawsapepe,done,2026-06-06T22:54:10+00:00
mayvi04,done,2026-06-06T22:54:27+00:00
mazenmamdoh,done,2026-06-06T22:54:38+00:00
mazizam,done,2026-06-06T22:55:11+00:00
mazobucks,done,2026-06-06T22:55:24+00:00
mazzystarlover5,done,2026-06-06T22:55:42+00:00
mbagli21,done,2026-06-06T22:55:56+00:00
mbar_,done,2026-06-06T22:56:10+00:00
mbodikovaa,done,2026-06-06T22:56:33+00:00
mc_capibaradu92,done,2026-06-06T22:56:46+00:00
mc_philis,done,2026-06-06T22:56:59+00:00
mccartn3ys,done,2026-06-06T22:57:20+00:00
mcdiablo,done,2026-06-06T22:57:36+00:00
mchichi,done,2026-06-06T22:58:06+00:00
mcjlovesfilms,done,2026-06-06T22:58:20+00:00
mclabg,done,2026-06-06T22:58:37+00:00
mcpeektom,done,2026-06-06T22:58:56+00:00
mcu7,done,2026-06-06T22:59:13+00:00
mcull7,done,2026-06-06T22:59:45+00:00
mcydyc,done,2026-06-06T23:00:03+00:00
mdeiya,done,2026-06-06T23:00:19+00:00
mdexam,done,2026-06-06T23:00:38+00:00
mdfilmblog,done,2026-06-06T23:00:58+00:00
mdoherty2,done,2026-06-06T23:01:22+00:00
meagleb9524,done,2026-06-06T23:01:39+00:00
meatbird,done,2026-06-06T23:01:59+00:00
mediumsteppa,done,2026-06-06T23:02:15+00:00
meely_well,done,2026-06-06T23:02:32+00:00
meet005,done,2026-06-06T23:03:02+00:00
mefius244,done,2026-06-06T23:03:14+00:00
megamikemovies,done,2026-06-06T23:03:34+00:00
meguca,done,2026-06-06T23:03:53+00:00
megumiuu,done,2026-06-06T23:04:04+00:00
mehran1234,done,2026-06-06T23:04:28+00:00
mehzu,done,2026-06-06T23:04:39+00:00
meiirioca,done,2026-06-06T23:04:54+00:00
meister74,done,2026-06-06T23:05:16+00:00
meitalpo,done,2026-06-06T23:05:35+00:00
mejiacar,done,2026-06-06T23:06:02+00:00
melanie1303,done,2026-06-06T23:06:18+00:00
melaninman,done,2026-06-06T23:06:38+00:00
melemontwin,done,2026-06-06T23:06:52+00:00
melindajoy,done,2026-06-06T23:07:03+00:00
melisthebest,done,2026-06-06T23:07:37+00:00
melker10,done,2026-06-06T23:07:50+00:00
melkor00,done,2026-06-06T23:08:07+00:00
mellowoow,done,2026-06-06T23:08:25+00:00
melmiau,done,2026-06-06T23:08:39+00:00
melodie_80,done,2026-06-06T23:09:08+00:00
melodycxz,done,2026-06-06T23:09:28+00:00
melodyunu,done,2026-06-06T23:09:44+00:00
melodyyromero,done,2026-06-06T23:09:55+00:00
melongod108,done,2026-06-06T23:10:07+00:00
melqz,done,2026-06-06T23:10:39+00:00
memalovesmovies,done,2026-06-06T23:10:55+00:00
memmapork,done,2026-06-06T23:11:09+00:00
menc3,done,2026-06-06T23:11:24+00:00
menco__,done,2026-06-06T23:11:34+00:00
menezesni,done,2026-06-06T23:12:06+00:00
mennye_1234,done,2026-06-06T23:12:27+00:00
menzie9,done,2026-06-06T23:12:41+00:00
meowcatbb,done,2026-06-06T23:12:56+00:00
meranaamer,done,2026-06-06T23:13:18+00:00
mercury215,done,2026-06-06T23:13:47+00:00
merky2000,done,2026-06-06T23:14:10+00:00
mermaidmike,done,2026-06-06T23:14:22+00:00
mertkong,done,2026-06-06T23:14:33+00:00
meryamtv8,done,2026-06-06T23:14:51+00:00
meryempinarci,done,2026-06-06T23:15:17+00:00
mesh1al,done,2026-06-06T23:15:31+00:00
mesxlar,done,2026-06-06T23:15:48+00:00
metthkitt,done,2026-06-06T23:16:00+00:00
meunami,done,2026-06-06T23:16:15+00:00
mewithyourmom,done,2026-06-06T23:16:45+00:00
mexicano0,done,2026-06-06T23:17:05+00:00
mezz2,done,2026-06-06T23:17:20+00:00
mfdez30,done,2026-06-06T23:17:33+00:00
mfdommo,done,2026-06-06T23:17:44+00:00
mfernandez01,done,2026-06-06T23:18:13+00:00
mfreisela,done,2026-06-06T23:18:27+00:00
mfsandovalm,done,2026-06-06T23:18:40+00:00
mfzoon,done,2026-06-06T23:18:59+00:00
mganz82,done,2026-06-06T23:19:11+00:00
mgm8,done,2026-06-06T23:20:10+00:00
mhariasza,done,2026-06-06T23:20:27+00:00
mhmdabh,done,2026-06-06T23:20:46+00:00
miakzyy,done,2026-06-06T23:21:00+00:00
miaorin,done,2026-06-06T23:21:15+00:00
miazoe,done,2026-06-06T23:21:42+00:00
michaele1974,done,2026-06-06T23:21:56+00:00
michaelrenz,done,2026-06-06T23:22:12+00:00
michaeltrewarn,done,2026-06-06T23:22:23+00:00
michaelwaller95,done,2026-06-06T23:22:37+00:00
micheelbarreiro,done,2026-06-06T23:23:07+00:00
michellbm1999,done,2026-06-06T23:23:22+00:00
michellefel,done,2026-06-06T23:23:40+00:00
michemora,done,2026-06-06T23:23:52+00:00
michiiil,done,2026-06-06T23:24:08+00:00
michiiiq,done,2026-06-06T23:24:37+00:00
mickeyjazz,done,2026-06-06T23:24:59+00:00
mickeymchicken,done,2026-06-06T23:25:09+00:00
mickmovies1,done,2026-06-06T23:25:25+00:00
micolangottt,done,2026-06-06T23:25:40+00:00
microkat,done,2026-06-06T23:26:05+00:00
midclnight,done,2026-06-06T23:26:20+00:00
midlemist_,done,2026-06-06T23:26:36+00:00
midnighttaha,done,2026-06-06T23:26:51+00:00
midnightvamp,done,2026-06-06T23:27:11+00:00
miel9720,done,2026-06-06T23:27:39+00:00
miffy2481,done,2026-06-06T23:27:52+00:00
miguel006,done,2026-06-06T23:28:09+00:00
miguel_25,done,2026-06-06T23:28:23+00:00
miguelg1,done,2026-06-06T23:28:34+00:00
mihir19,done,2026-06-06T23:29:01+00:00
miimsll,done,2026-06-06T23:29:12+00:00
mikaoderso,done,2026-06-06T23:29:26+00:00
mikesmithfilm,done,2026-06-06T23:29:50+00:00
miladjordjevic,done,2026-06-06T23:30:00+00:00
milafa3105,done,2026-06-06T23:30:27+00:00
miles_review,done,2026-06-06T23:30:46+00:00
milkbackwards,done,2026-06-06T23:31:01+00:00
millerjun1o,done,2026-06-06T23:31:22+00:00
milliierd,done,2026-06-06T23:31:38+00:00
millyrockk,done,2026-06-06T23:32:05+00:00
milos2910,done,2026-06-06T23:32:16+00:00
milosz_larp,done,2026-06-06T23:32:28+00:00
miltonscant,done,2026-06-06T23:32:43+00:00
minagrentham,done,2026-06-06T23:33:03+00:00
minahateclub,done,2026-06-06T23:33:32+00:00
minemenman15,done,2026-06-06T23:33:55+00:00
minimorgul,done,2026-06-06T23:34:10+00:00
minjeeeche,done,2026-06-06T23:34:21+00:00
minnyyah,done,2026-06-06T23:34:35+00:00
minrv,done,2026-06-06T23:35:03+00:00
miopiyem,done,2026-06-06T23:35:21+00:00
miquel_fr,done,2026-06-06T23:35:33+00:00
miquitass,done,2026-06-06T23:35:47+00:00
mira1011,done,2026-06-06T23:36:02+00:00
miraamore19,done,2026-06-06T23:36:31+00:00
mirandaa_278,done,2026-06-06T23:36:46+00:00
miri29,done,2026-06-06T23:37:00+00:00
miriamivanenko_,done,2026-06-06T23:37:12+00:00
mirkocislaghi,done,2026-06-06T23:37:25+00:00
miross777,done,2026-06-06T23:37:54+00:00
misa030511,done,2026-06-06T23:38:08+00:00
misanthrope,done,2026-06-06T23:38:29+00:00
misha18,done,2026-06-06T23:38:43+00:00
mishiiadri,done,2026-06-06T23:38:59+00:00
misho67,done,2026-06-06T23:39:27+00:00
missamericana1,done,2026-06-06T23:39:48+00:00
missbeann,done,2026-06-06T23:40:07+00:00
missjeanette11,done,2026-06-06T23:40:29+00:00
misspandemonica,done,2026-06-06T23:40:41+00:00
misspatches,done,2026-06-06T23:41:08+00:00
mist7041,done,2026-06-06T23:41:27+00:00
mistercinephile,done,2026-06-06T23:41:46+00:00
mistpouffers,done,2026-06-06T23:42:04+00:00
mitaksh932,done,2026-06-06T23:42:16+00:00
mithunkanth,done,2026-06-06T23:42:42+00:00
mitoy,done,2026-06-06T23:42:53+00:00
mitskibf,done,2026-06-06T23:43:13+00:00
mittysucky,done,2026-06-06T23:43:25+00:00
mitzifanpage9,done,2026-06-06T23:43:40+00:00
miuuk4att,done,2026-06-06T23:44:10+00:00
mizerygutz,done,2026-06-06T23:44:24+00:00
mj4007,done,2026-06-06T23:44:37+00:00
mjd024,done,2026-06-06T23:44:55+00:00
mjjwlover,done,2026-06-06T23:45:07+00:00
mjloveslove,done,2026-06-06T23:45:36+00:00
mjnichols,done,2026-06-06T23:45:49+00:00
mjpenedo,done,2026-06-06T23:46:02+00:00
mk_0o,done,2026-06-06T23:46:14+00:00
mldvd,done,2026-06-06T23:46:32+00:00
mleszczynskv,done,2026-06-06T23:47:01+00:00
mlud12,done,2026-06-06T23:47:22+00:00
mmaikko,done,2026-06-06T23:47:42+00:00
mmangoy,done,2026-06-06T23:47:56+00:00
mmdor3000,done,2026-06-06T23:48:14+00:00
mmlthm,done,2026-06-06T23:48:38+00:00
mmmmyummy,done,2026-06-06T23:48:52+00:00
mnhlll211,done,2026-06-06T23:49:08+00:00
mnitbones,done,2026-06-06T23:49:25+00:00
mnkevin,done,2026-06-06T23:49:41+00:00
mnm1111,done,2026-06-06T23:50:08+00:00
mntar4y,done,2026-06-06T23:50:23+00:00
mo222x,done,2026-06-06T23:50:38+00:00
mo_r15,done,2026-06-06T23:50:50+00:00
mochisana,done,2026-06-06T23:51:04+00:00
mocieyay,done,2026-06-06T23:51:29+00:00
moggie_meh,done,2026-06-06T23:51:45+00:00
moha4468,done,2026-06-06T23:51:57+00:00
moha_bzlm,done,2026-06-06T23:52:09+00:00
mohalovescinema,done,2026-06-06T23:52:21+00:00
mohamedelatar,done,2026-06-06T23:52:51+00:00
mohammadhamza,done,2026-06-06T23:53:04+00:00
mohanedmju7,done,2026-06-06T23:53:17+00:00
mohsenibravhim,done,2026-06-06T23:53:29+00:00
moi3an,done,2026-06-06T23:53:43+00:00
moid_h_062,done,2026-06-06T23:54:07+00:00
moijesuiscoach,done,2026-06-06T23:54:23+00:00
molnorman,done,2026-06-06T23:54:36+00:00
momodb,done,2026-06-06T23:54:54+00:00
monavanta,done,2026-06-06T23:55:10+00:00
monenenet_ze_1,done,2026-06-06T23:55:41+00:00
monicaralda,done,2026-06-06T23:55:57+00:00
monkekeke,done,2026-06-06T23:56:10+00:00
monkydotpp,done,2026-06-06T23:56:27+00:00
monotonic,done,2026-06-06T23:56:40+00:00
mooigth,done,2026-06-06T23:57:08+00:00
mooiiuue,done,2026-06-06T23:57:27+00:00
moomtoria,done,2026-06-06T23:57:42+00:00
moondn4,done,2026-06-06T23:57:56+00:00
moonwater98,done,2026-06-06T23:58:08+00:00
moovieluvr412,done,2026-06-06T23:58:37+00:00
mooviy,done,2026-06-06T23:58:52+00:00
mooyahs,done,2026-06-06T23:59:10+00:00
morabonet,done,2026-06-06T23:59:30+00:00
moremaati,done,2026-06-06T23:59:48+00:00
morenap,done,2026-06-07T00:00:16+00:00
morenavillareal,done,2026-06-07T00:00:28+00:00
moreninha157,done,2026-06-07T00:00:41+00:00
morganbaiz,done,2026-06-07T00:00:56+00:00
morgandeadite,done,2026-06-07T00:01:16+00:00
morgueinhill,done,2026-06-07T00:01:47+00:00
morieda,done,2026-06-07T00:01:58+00:00
morris_hb,done,2026-06-07T00:02:11+00:00
moscardondon,done,2026-06-07T00:02:27+00:00
mosope419,done,2026-06-07T00:02:45+00:00
mossalgebraic,done,2026-06-07T00:03:12+00:00
mothvmp,done,2026-06-07T00:03:29+00:00
mountainned,done,2026-06-07T00:03:43+00:00
mouricout,done,2026-06-07T00:03:58+00:00
mousah,done,2026-06-07T00:04:14+00:00
movblud,done,2026-06-07T00:04:45+00:00
movfie,done,2026-06-07T00:05:04+00:00
moviearcanum,done,2026-06-07T00:05:15+00:00
movied0ll,done,2026-06-07T00:05:28+00:00
moviemanaura,done,2026-06-07T00:05:42+00:00
moviemaxwatches,done,2026-06-07T00:06:08+00:00
moviesmang,done,2026-06-07T00:06:28+00:00
movz_mohvmed,done,2026-06-07T00:06:43+00:00
moxed3,done,2026-06-07T00:07:01+00:00
mqq7,done,2026-06-07T00:07:18+00:00
mr_cliv3,done,2026-06-07T00:07:48+00:00
mr_n00dl3s,done,2026-06-07T00:08:10+00:00
mrbarbarian,done,2026-06-07T00:08:41+00:00
mrd0wntown,done,2026-06-07T00:08:56+00:00
mrderousninja,done,2026-06-07T00:09:08+00:00
mrdiskzhokejs,done,2026-06-07T00:09:35+00:00
mrdoudoudou,done,2026-06-07T00:09:49+00:00
mrepsteinn,done,2026-06-07T00:10:00+00:00
mriezzxxb,done,2026-06-07T00:10:14+00:00
mrjuliansen,done,2026-06-07T00:10:30+00:00
mrkaktii,done,2026-06-07T00:10:57+00:00
mrninguem,done,2026-06-07T00:11:11+00:00
mrpacers,done,2026-06-07T00:11:25+00:00
mrrobot06,done,2026-06-07T00:11:39+00:00
mrshstarkey,done,2026-06-07T00:11:54+00:00
mrskully24,done,2026-06-07T00:12:21+00:00
mrsnrdyu,done,2026-06-07T00:12:33+00:00
mrsoutis27,done,2026-06-07T00:12:46+00:00
mrspock28,done,2026-06-07T00:12:58+00:00
mrtnwlkr,done,2026-06-07T00:13:12+00:00
mrtz_396,done,2026-06-07T00:13:41+00:00
mrx77,done,2026-06-07T00:13:56+00:00
ms12345678,done,2026-06-07T00:14:12+00:00
msminty,done,2026-06-07T00:14:28+00:00
msn_r,done,2026-06-07T00:14:41+00:00
mtangerine,done,2026-06-07T00:15:12+00:00
mthss0310,done,2026-06-07T00:15:30+00:00
mtlakers95,done,2026-06-07T00:15:47+00:00
mtwaim,done,2026-06-07T00:16:06+00:00
muangzomi,done,2026-06-07T00:16:21+00:00
muggpillow27,done,2026-06-07T00:16:50+00:00
muglokan,done,2026-06-07T00:17:01+00:00
muhammed2m48,done,2026-06-07T00:17:16+00:00
mukiro,done,2026-06-07T00:17:30+00:00
muminekbambo,done,2026-06-07T00:17:48+00:00
mumtazar,done,2026-06-07T00:18:14+00:00
munha2,done,2026-06-07T00:18:31+00:00
munnusara,done,2026-06-07T00:18:45+00:00
munozmarc9,done,2026-06-07T00:18:58+00:00
murgg6,done,2026-06-07T00:19:10+00:00
murilobbgs,done,2026-06-07T00:19:42+00:00
murtamala,done,2026-06-07T00:19:59+00:00
musabf,done,2026-06-07T00:20:11+00:00
musicluverr,done,2026-06-07T00:20:29+00:00
musslamoustache,done,2026-06-07T00:20:44+00:00
mustafa1123,done,2026-06-07T00:21:11+00:00
mustang_the,done,2026-06-07T00:21:32+00:00
mutantninjagoon,done,2026-06-07T00:21:47+00:00
muu1,done,2026-06-07T00:22:05+00:00
muzo2803,done,2026-06-07T00:22:27+00:00
muzzimarz,done,2026-06-07T00:22:57+00:00
mvkpd,done,2026-06-07T00:23:11+00:00
mxlxk29,done,2026-06-07T00:23:27+00:00
mxtchatwirls,done,2026-06-07T00:23:40+00:00
mxy4111,done,2026-06-07T00:23:54+00:00
mybluehawaii,done,2026-06-07T00:24:28+00:00
mylifebelike,done,2026-06-07T00:24:44+00:00
mylilponyarchiv,done,2026-06-07T00:24:57+00:00
mymshaw,done,2026-06-07T00:25:13+00:00
myrto_f,done,2026-06-07T00:25:34+00:00
mysrek,done,2026-06-07T00:26:01+00:00
mysterymaestro,done,2026-06-07T00:26:16+00:00
n00la,done,2026-06-07T00:26:36+00:00
n0tkawaii,done,2026-06-07T00:26:46+00:00
n1328,done,2026-06-07T00:27:03+00:00
n1ci,done,2026-06-07T00:27:27+00:00
n1k_a0c,done,2026-06-07T00:27:46+00:00
n1kitkat,done,2026-06-07T00:28:01+00:00
n3zfruta,done,2026-06-07T00:28:20+00:00
n4diyuh,done,2026-06-07T00:28:34+00:00
n84tombro,done,2026-06-07T00:29:00+00:00
naaaif,done,2026-06-07T00:29:15+00:00
naailyouv,done,2026-06-07T00:29:32+00:00
naankhatayi,done,2026-06-07T00:29:48+00:00
naar8,done,2026-06-07T00:30:00+00:00
nabzchiken,done,2026-06-07T00:30:28+00:00
nad29,done,2026-06-07T00:30:39+00:00
nader2,done,2026-06-07T00:30:52+00:00
naditamanzanit,done,2026-06-07T00:31:05+00:00
nadsatth,done,2026-06-07T00:31:22+00:00
nafins,done,2026-06-07T00:31:55+00:00
nafum,done,2026-06-07T00:32:09+00:00
nagull,done,2026-06-07T00:32:26+00:00
nahui34,done,2026-06-07T00:32:43+00:00
naiagomezz,done,2026-06-07T00:32:57+00:00
naigleb,done,2026-06-07T00:33:20+00:00
naihqrqr,done,2026-06-07T00:33:39+00:00
nainsiscrazy,done,2026-06-07T00:33:54+00:00
naitikxcine,done,2026-06-07T00:34:10+00:00
najuu51,done,2026-06-07T00:34:27+00:00
nakisaa_,done,2026-06-07T00:34:52+00:00
nakulo,done,2026-06-07T00:35:06+00:00
nalutheaxe,done,2026-06-07T00:35:24+00:00
nameiskp,done,2026-06-07T00:35:41+00:00
nana829,done,2026-06-07T00:35:53+00:00
nanahmr,done,2026-06-07T00:36:18+00:00
nanapch,done,2026-06-07T00:36:32+00:00
nanazy0,done,2026-06-07T00:36:48+00:00
nancyamarr,done,2026-06-07T00:37:06+00:00
nandaalsaa,done,2026-06-07T00:37:20+00:00
nando2103,done,2026-06-07T00:37:45+00:00
nannaliese,done,2026-06-07T00:37:59+00:00
naomiflores11,done,2026-06-07T00:38:14+00:00
napnapmap,done,2026-06-07T00:38:29+00:00
nappiees,done,2026-06-07T00:38:52+00:00
narcissitt,done,2026-06-07T00:39:19+00:00
narendrasyyy,done,2026-06-07T00:39:31+00:00
nareully,done,2026-06-07T00:39:45+00:00
narimanash,done,2026-06-07T00:40:03+00:00
narjecs,done,2026-06-07T00:40:19+00:00
narraa1010,done,2026-06-07T00:40:52+00:00
narusaemin,done,2026-06-07T00:41:08+00:00
nasa_x2,done,2026-06-07T00:41:23+00:00
nasrat,done,2026-06-07T00:41:45+00:00
nastyona78,done,2026-06-07T00:42:01+00:00
nat4lieee,done,2026-06-07T00:42:33+00:00
nat_ox_,done,2026-06-07T00:42:49+00:00
natalie_goodman,done,2026-06-07T00:43:03+00:00
nataliehuff,done,2026-06-07T00:43:22+00:00
natattooo,done,2026-06-07T00:43:35+00:00
natebennett15,done,2026-06-07T00:44:05+00:00
natefermo,done,2026-06-07T00:44:17+00:00
nategr14,done,2026-06-07T00:44:38+00:00
natgil,done,2026-06-07T00:44:55+00:00
nath_900,done,2026-06-07T00:45:06+00:00
nathaniels_,done,2026-06-07T00:45:35+00:00
natharnat_,done,2026-06-07T00:45:49+00:00
natherock,done,2026-06-07T00:46:01+00:00
nathews,done,2026-06-07T00:46:14+00:00
nathoulatatou,done,2026-06-07T00:46:43+00:00
natmjc,done,2026-06-07T00:46:57+00:00
natraps,done,2026-06-07T00:47:15+00:00
natthlie,done,2026-06-07T00:47:28+00:00
naturlich2,done,2026-06-07T00:47:43+00:00
nayeli4movies,done,2026-06-07T00:48:17+00:00
naz_097,done,2026-06-07T00:48:37+00:00
nazzasall,done,2026-06-07T00:48:53+00:00
nbk13,done,2026-06-07T00:49:08+00:00
nburgess,done,2026-06-07T00:49:20+00:00
ncsang,done,2026-06-07T00:49:45+00:00
nd4spd,done,2026-06-07T00:50:04+00:00
neanyrv,done,2026-06-07T00:50:15+00:00
necru,done,2026-06-07T00:50:35+00:00
needmoney,done,2026-06-07T00:50:51+00:00
neftis,done,2026-06-07T00:51:15+00:00
neha_is_me,done,2026-06-07T00:51:28+00:00
neilkendrick,done,2026-06-07T00:51:47+00:00
neitho,done,2026-06-07T00:52:03+00:00
nekarc,done,2026-06-07T00:52:18+00:00
nekoru,done,2026-06-07T00:52:48+00:00
nelaa_14,done,2026-06-07T00:53:02+00:00
nelectron,done,2026-06-07T00:53:19+00:00
nellmatheuu,done,2026-06-07T00:53:34+00:00
nenevibesss,done,2026-06-07T00:53:53+00:00
nenkbajay,done,2026-06-07T00:54:25+00:00
neol,done,2026-06-07T00:54:39+00:00
nerysjonathann,done,2026-06-07T00:54:54+00:00
neshv,done,2026-06-07T00:55:12+00:00
nessybartlett,done,2026-06-07T00:55:26+00:00
netogaxiola99,done,2026-06-07T00:55:50+00:00
netwrks,done,2026-06-07T00:56:06+00:00
neversophie,done,2026-06-07T00:56:27+00:00
nevesinbasement,done,2026-06-07T00:56:43+00:00
neviel,done,2026-06-07T00:56:55+00:00
newdeule,done,2026-06-07T00:57:23+00:00
newo36,done,2026-06-07T00:57:39+00:00
nezhacoffee,done,2026-06-07T00:58:00+00:00
ngasalduludeh,done,2026-06-07T00:58:19+00:00
nguynora,done,2026-06-07T00:58:33+00:00
nhdsbl,done,2026-06-07T00:59:02+00:00
nhrozandi,done,2026-06-07T00:59:13+00:00
niaaa_,done,2026-06-07T00:59:33+00:00
niamh22_,done,2026-06-07T00:59:47+00:00
niamhviolet,done,2026-06-07T01:00:01+00:00
nicakovaschke,done,2026-06-07T01:00:34+00:00
nicathaciyev,done,2026-06-07T01:00:46+00:00
niceburg,done,2026-06-07T01:01:08+00:00
nicgel,done,2026-06-07T01:01:25+00:00
nicholegarcia,done,2026-06-07T01:01:41+00:00
nici_danialves,done,2026-06-07T01:02:12+00:00
nickcagno,done,2026-06-07T01:02:27+00:00
nickhume13,done,2026-06-07T01:02:40+00:00
nickiemo,done,2026-06-07T01:02:58+00:00
nicknyte,done,2026-06-07T01:03:07+00:00
nicky666,done,2026-06-07T01:03:32+00:00
nickyslick,done,2026-06-07T01:03:55+00:00
nicmartinez,done,2026-06-07T01:04:14+00:00
nico_raffa8,done,2026-06-07T01:04:35+00:00
nicodeclercq,done,2026-06-07T01:04:47+00:00
nicolas0802,done,2026-06-07T01:05:23+00:00
nicoleocarroll,done,2026-06-07T01:05:36+00:00
nicolololo,done,2026-06-07T01:05:48+00:00
nicotinepoetry,done,2026-06-07T01:06:01+00:00
nidzzz_03,done,2026-06-07T01:06:13+00:00
nielshendrx,done,2026-06-07T01:06:38+00:00
nieves1117,done,2026-06-07T01:06:51+00:00
nightapollo,done,2026-06-07T01:07:06+00:00
nightlord_rick,done,2026-06-07T01:07:26+00:00
nihad09,done,2026-06-07T01:07:39+00:00
nihadop,done,2026-06-07T01:08:06+00:00
niiwx4,done,2026-06-07T01:08:16+00:00
nik9250,done,2026-06-07T01:08:26+00:00
nikalein,done,2026-06-07T01:08:40+00:00
nikgarciaa,done,2026-06-07T01:08:55+00:00
nikhil410,done,2026-06-07T01:09:30+00:00
nikmikhall,done,2026-06-07T01:09:43+00:00
nikoikoiko,done,2026-06-07T01:09:57+00:00
nikolazxvkovic,done,2026-06-07T01:10:13+00:00
nillash,done,2026-06-07T01:10:35+00:00
nilsu,done,2026-06-07T01:11:11+00:00
nimafarzam8,done,2026-06-07T01:11:28+00:00
nina_mackay,done,2026-06-07T01:11:43+00:00
ninaaa_everdeen,done,2026-06-07T01:11:57+00:00
ninaihy,done,2026-06-07T01:12:11+00:00
ninamarci,done,2026-06-07T01:12:43+00:00
ninavldj,done,2026-06-07T01:13:00+00:00
ninetailedjosh,done,2026-06-07T01:13:17+00:00
ninhashift,done,2026-06-07T01:13:37+00:00
ninifran,done,2026-06-07T01:13:58+00:00
ninipaninit,done,2026-06-07T01:14:23+00:00
ninja2007,done,2026-06-07T01:14:36+00:00
nioni,done,2026-06-07T01:14:51+00:00
niqhtfallen,done,2026-06-07T01:15:04+00:00
nique23,done,2026-06-07T01:15:15+00:00
niscula,done,2026-06-07T01:15:46+00:00
nisha_nevrr,done,2026-06-07T01:15:59+00:00
nishantkarki,done,2026-06-07T01:16:12+00:00
nithin_rajan,done,2026-06-07T01:16:28+00:00
nithya_1037,done,2026-06-07T01:16:42+00:00
nitostifoup,done,2026-06-07T01:17:08+00:00
nixco1e,done,2026-06-07T01:17:24+00:00
njoules,done,2026-06-07T01:17:35+00:00
nkilr,done,2026-06-07T01:17:49+00:00
nkin,done,2026-06-07T01:18:01+00:00
nlani,done,2026-06-07T01:18:31+00:00
nlc0191,done,2026-06-07T01:18:53+00:00
nmalll,done,2026-06-07T01:19:04+00:00
nmango610,done,2026-06-07T01:19:20+00:00
nmarone,done,2026-06-07T01:19:40+00:00
nn1vii,done,2026-06-07T01:20:14+00:00
nnmehta,done,2026-06-07T01:20:25+00:00
nnoes,done,2026-06-07T01:20:38+00:00
nnooeelia,done,2026-06-07T01:20:59+00:00
no_f_ing_idea,done,2026-06-07T01:21:11+00:00
noah_bmw,done,2026-06-07T01:21:37+00:00
noahhightower,done,2026-06-07T01:21:48+00:00
noahmichel,done,2026-06-07T01:22:11+00:00
nobody19,done,2026-06-07T01:22:27+00:00
noe_dpsq,done,2026-06-07T01:22:43+00:00
noel02,done,2026-06-07T01:23:21+00:00
noemhys,done,2026-06-07T01:23:34+00:00
noeyedred,done,2026-06-07T01:23:56+00:00
nohadnour,done,2026-06-07T01:24:15+00:00
nohhham,done,2026-06-07T01:24:29+00:00
noji000,done,2026-06-07T01:24:56+00:00
nolanekberg,done,2026-06-07T01:25:15+00:00
nolanfilm1,done,2026-06-07T01:25:34+00:00
nolongerhuman24,done,2026-06-07T01:25:52+00:00
nolytelu,done,2026-06-07T01:26:07+00:00
nomadjit007,done,2026-06-07T01:26:35+00:00
non7merci,done,2026-06-07T01:26:45+00:00
nongsanook,done,2026-06-07T01:26:58+00:00
noody06,done,2026-06-07T01:27:08+00:00
noraca,done,2026-06-07T01:27:23+00:00
norbates_man,done,2026-06-07T01:27:51+00:00
normablue,done,2026-06-07T01:28:09+00:00
normanbates43,done,2026-06-07T01:28:28+00:00
nosexwithkops,done,2026-06-07T01:28:43+00:00
nosferatu67,done,2026-06-07T01:29:03+00:00
not_irati,done,2026-06-07T01:29:29+00:00
not_manel_leiva,done,2026-06-07T01:29:50+00:00
notasingleword,done,2026-06-07T01:30:03+00:00
notchrisr,done,2026-06-07T01:30:16+00:00
note___,done,2026-06-07T01:30:30+00:00
notevenlucky_,done,2026-06-07T01:30:57+00:00
nothamad,done,2026-06-07T01:31:14+00:00
notkeefe,done,2026-06-07T01:31:25+00:00
notmarebear,done,2026-06-07T01:31:45+00:00
notmyrealname5,done,2026-06-07T01:32:03+00:00
notorious25,done,2026-06-07T01:32:31+00:00
notwill__,done,2026-06-07T01:32:41+00:00
notzux,done,2026-06-07T01:32:55+00:00
novabomb62,done,2026-06-07T01:33:14+00:00
noval_,done,2026-06-07T01:33:27+00:00
nowedontfeelyou,done,2026-06-07T01:33:59+00:00
nowownowow,done,2026-06-07T01:34:11+00:00
nozzlec,done,2026-06-07T01:34:27+00:00
nravel,done,2026-06-07T01:34:49+00:00
nrlyna,done,2026-06-07T01:35:07+00:00
nskliz,done,2026-06-07T01:35:42+00:00
nt_n3on,done,2026-06-07T01:35:57+00:00
nthaazr,done,2026-06-07T01:36:07+00:00
ntlkq,done,2026-06-07T01:36:25+00:00
ntubert,done,2026-06-07T01:36:39+00:00
nulligan,done,2026-06-07T01:37:06+00:00
nurdqq,done,2026-06-07T01:37:17+00:00
nuriis_04,done,2026-06-07T01:37:34+00:00
nurikaaa,done,2026-06-07T01:37:48+00:00
nutellamitessig,done,2026-06-07T01:38:03+00:00
nvthasia,done,2026-06-07T01:38:34+00:00
nvy_,done,2026-06-07T01:38:53+00:00
nwolfix,done,2026-06-07T01:39:10+00:00
nxxars,done,2026-06-07T01:39:31+00:00
ny151,done,2026-06-07T01:39:48+00:00
nyakong,done,2026-06-07T01:40:24+00:00
nydal,done,2026-06-07T01:40:35+00:00
nylaflynn,done,2026-06-07T01:40:51+00:00
nymphazel,done,2026-06-07T01:41:12+00:00
nyndd,done,2026-06-07T01:41:29+00:00
nyvellevet,done,2026-06-07T01:41:55+00:00
nzeldah22,done,2026-06-07T01:42:18+00:00
nzua_a,done,2026-06-07T01:42:37+00:00
oakley13,done,2026-06-07T01:42:58+00:00
obitaa,done,2026-06-07T01:43:12+00:00
obscurliel,done,2026-06-07T01:43:43+00:00
oceanlu,done,2026-06-07T01:44:05+00:00
oceanycw,done,2026-06-07T01:44:26+00:00
ocebutler,done,2026-06-07T01:44:38+00:00
octave_1,done,2026-06-07T01:44:59+00:00
odyle,done,2026-06-07T01:45:24+00:00
ofercine,done,2026-06-07T01:45:36+00:00
ogatodebosta,done,2026-06-07T01:45:54+00:00
ogaxl,done,2026-06-07T01:46:11+00:00
ogouap,done,2026-06-07T01:46:27+00:00
oh_dae_su,done,2026-06-07T01:47:07+00:00
oharm,done,2026-06-07T01:47:24+00:00
ohyozaki,done,2026-06-07T01:47:47+00:00
ojaann,done,2026-06-07T01:48:03+00:00
ojesvini,done,2026-06-07T01:48:15+00:00
okaye_,done,2026-06-07T01:48:46+00:00
ol1wk_a,done,2026-06-07T01:49:00+00:00
olako_,done,2026-06-07T01:49:19+00:00
oldmew,done,2026-06-07T01:49:39+00:00
olemoss,done,2026-06-07T01:49:58+00:00
oliivia777,done,2026-06-07T01:50:24+00:00
oliplo,done,2026-06-07T01:50:39+00:00
olipluples,done,2026-06-07T01:51:00+00:00
oliverbrasan,done,2026-06-07T01:51:16+00:00
oliverwalter05,done,2026-06-07T01:51:29+00:00
olivia_dup,done,2026-06-07T01:51:56+00:00
olivia_mae7,done,2026-06-07T01:52:14+00:00
oliviaenslow,done,2026-06-07T01:52:23+00:00
oliviaglsss,done,2026-06-07T01:52:36+00:00
oliviasbrooke,done,2026-06-07T01:52:53+00:00
ollie_2008,done,2026-06-07T01:53:20+00:00
ollieogden,done,2026-06-07T01:53:42+00:00
olliive,done,2026-06-07T01:54:01+00:00
olti28,done,2026-06-07T01:54:13+00:00
omaraf,done,2026-06-07T01:54:30+00:00
omarrratm,done,2026-06-07T01:54:59+00:00
omarsigma,done,2026-06-07T01:55:21+00:00
omarspaq,done,2026-06-07T01:55:34+00:00
omddddd,done,2026-06-07T01:55:47+00:00
omgalexx,done,2026-06-07T01:56:07+00:00
omgitsgoo,done,2026-06-07T01:56:40+00:00
omidghz,done,2026-06-07T01:56:54+00:00
omn13,done,2026-06-07T01:57:07+00:00
onadith,done,2026-06-07T01:57:20+00:00
oneanddone,done,2026-06-07T01:57:39+00:00
onelovelydecker,done,2026-06-07T01:58:13+00:00
oniongarlicasin,done,2026-06-07T01:58:29+00:00
onionman12,done,2026-06-07T01:58:40+00:00
onionpie09,done,2026-06-07T01:58:54+00:00
oniros304,done,2026-06-07T01:59:10+00:00
onunseytanlari,done,2026-06-07T01:59:42+00:00
oolong66,done,2026-06-07T01:59:55+00:00
opheliaajade,done,2026-06-07T02:00:08+00:00
opri5346,done,2026-06-07T02:00:28+00:00
orangeflavor,done,2026-06-07T02:00:42+00:00
orbitfilm,done,2026-06-07T02:01:16+00:00
orbscurity,done,2026-06-07T02:01:32+00:00
oreagano69,done,2026-06-07T02:01:47+00:00
orenzinhooo,done,2026-06-07T02:02:10+00:00
oreshek,done,2026-06-07T02:02:27+00:00
organ35140,done,2026-06-07T02:02:57+00:00
orizzco,done,2026-06-07T02:03:11+00:00
orlando______,done,2026-06-07T02:03:21+00:00
ornitorrincazo,done,2026-06-07T02:03:45+00:00
orsonwelleswife,done,2026-06-07T02:03:57+00:00
osik8,done,2026-06-07T02:04:55+00:00
oskar_andersen,done,2026-06-07T02:05:16+00:00
ossakii,done,2026-06-07T02:05:35+00:00
ostralito,done,2026-06-07T02:05:48+00:00
otaviomonquelat,done,2026-06-07T02:06:12+00:00
otsukare,done,2026-06-07T02:06:41+00:00
ottosm_,done,2026-06-07T02:06:55+00:00
ouagadougou43,done,2026-06-07T02:07:09+00:00
oucharenkoo,done,2026-06-07T02:07:31+00:00
oulcnultpe,done,2026-06-07T02:07:51+00:00
oumuamuamua,done,2026-06-07T02:08:26+00:00
oumzmz,done,2026-06-07T02:08:38+00:00
owchinie,done,2026-06-07T02:09:01+00:00
owensr,done,2026-06-07T02:09:17+00:00
owenssm,done,2026-06-07T02:09:28+00:00
owozeke,done,2026-06-07T02:10:03+00:00
owsama,done,2026-06-07T02:10:19+00:00
oxydevii,done,2026-06-07T02:10:38+00:00
ozai07,done,2026-06-07T02:10:57+00:00
ozakiaun,done,2026-06-07T02:11:23+00:00
ozmira,done,2026-06-07T02:11:51+00:00
p0chitas,done,2026-06-07T02:12:10+00:00
p0l4r1s,done,2026-06-07T02:12:25+00:00
p3rs,done,2026-06-07T02:12:40+00:00
p_basereh,done,2026-06-07T02:13:00+00:00
paavo12345,done,2026-06-07T02:13:33+00:00
pablofp_,done,2026-06-07T02:13:49+00:00
pablogjordison,done,2026-06-07T02:14:10+00:00
pachkaa,done,2026-06-07T02:14:27+00:00
padampiriyan,done,2026-06-07T02:14:46+00:00
pageofjanuary,done,2026-06-07T02:15:20+00:00
pahleevii,done,2026-06-07T02:15:36+00:00
paigeaardema,done,2026-06-07T02:15:52+00:00
paigemitchellx,done,2026-06-07T02:16:08+00:00
pakpinya,done,2026-06-07T02:16:26+00:00
pallmallrojo,done,2026-06-07T02:16:54+00:00
palma_m_david,done,2026-06-07T02:17:05+00:00
pamelanicoleee,done,2026-06-07T02:17:23+00:00
panfriednoodles,done,2026-06-07T02:17:39+00:00
pansearman,done,2026-06-07T02:18:01+00:00
pansgods,done,2026-06-07T02:18:36+00:00
panwitch,done,2026-06-07T02:18:57+00:00
panzerman,done,2026-06-07T02:19:23+00:00
pao_pao18,done,2026-06-07T02:19:39+00:00
paocornejoo,done,2026-06-07T02:19:56+00:00
paol0_93,done,2026-06-07T02:20:36+00:00
paoloo1,done,2026-06-07T02:20:54+00:00
pap4dopou1os,done,2026-06-07T02:21:15+00:00
papa_spicy,done,2026-06-07T02:21:38+00:00
papagiovanni,done,2026-06-07T02:21:56+00:00
papasgold,done,2026-06-07T02:22:25+00:00
papashvili18,done,2026-06-07T02:22:41+00:00
papercut0,done,2026-06-07T02:23:04+00:00
parasjakhar,done,2026-06-07T02:23:17+00:00
parenttte,done,2026-06-07T02:23:41+00:00
parin_2274,done,2026-06-07T02:24:10+00:00
parisaay,done,2026-06-07T02:24:26+00:00
parizad_apr,done,2026-06-07T02:24:40+00:00
parker981,done,2026-06-07T02:25:01+00:00
parkergoodman,done,2026-06-07T02:25:19+00:00
parkwilk,done,2026-06-07T02:26:00+00:00
parlmalate,done,2026-06-07T02:26:21+00:00
parmesanan,done,2026-06-07T02:26:44+00:00
parquez,done,2026-06-07T02:26:58+00:00
parthik100,done,2026-06-07T02:27:11+00:00
pascalongas,done,2026-06-07T02:27:45+00:00
pasquale2008,done,2026-06-07T02:27:59+00:00
pathetichobbit1,done,2026-06-07T02:28:16+00:00
pathetickey,done,2026-06-07T02:28:33+00:00
patricialhaes,done,2026-06-07T02:28:47+00:00
patriciamve,done,2026-06-07T02:29:20+00:00
patrick_pdiddy,done,2026-06-07T02:29:37+00:00
patrickelo,done,2026-06-07T02:29:56+00:00
patricklee0,done,2026-06-07T02:30:10+00:00
patricklp98,done,2026-06-07T02:30:23+00:00
patrycjatypiak,done,2026-06-07T02:30:55+00:00
paula_emm,done,2026-06-07T02:31:08+00:00
paulaespp,done,2026-06-07T02:31:21+00:00
paulagiorgi,done,2026-06-07T02:31:43+00:00
paulasmc5,done,2026-06-07T02:31:55+00:00
paulcinephile84,done,2026-06-07T02:32:31+00:00
paullaxxc,done,2026-06-07T02:32:51+00:00
paulmescalover,done,2026-06-07T02:33:21+00:00
paulo__lima,done,2026-06-07T02:33:35+00:00
pauloandres,done,2026-06-07T02:33:59+00:00
paulonthemoon,done,2026-06-07T02:34:30+00:00
paulpaule,done,2026-06-07T02:34:54+00:00
pauulpaz,done,2026-06-07T02:35:08+00:00
pavaniyer1,done,2026-06-07T02:35:35+00:00
pawloski,done,2026-06-07T02:35:50+00:00
paylor_shields,done,2026-06-07T02:36:17+00:00
pazbo,done,2026-06-07T02:36:32+00:00
pdpopcorn,done,2026-06-07T02:36:47+00:00
pe_cine,done,2026-06-07T02:37:03+00:00
peach_t3a,done,2026-06-07T02:37:16+00:00
peachnoir,done,2026-06-07T02:37:52+00:00
pearchunn,done,2026-06-07T02:38:14+00:00
pearlzzreview,done,2026-06-07T02:38:37+00:00
peckham_71,done,2026-06-07T02:38:58+00:00
pedro_dessimas,done,2026-06-07T02:39:18+00:00
pedrocas2303,done,2026-06-07T02:39:46+00:00
pedroferrer1104,done,2026-06-07T02:40:05+00:00
pedrosantana_,done,2026-06-07T02:40:25+00:00
pedrosilva938,done,2026-06-07T02:40:42+00:00
pedrosisi,done,2026-06-07T02:41:01+00:00
pedrotasso,done,2026-06-07T02:41:37+00:00
peepiercy,done,2026-06-07T02:41:54+00:00
pehmopaula,done,2026-06-07T02:42:09+00:00
peitenimi,done,2026-06-07T02:42:29+00:00
peofke,done,2026-06-07T02:42:45+00:00
peppacheng,done,2026-06-07T02:43:15+00:00
pepsigjq,done,2026-06-07T02:43:39+00:00
perfidiabhills,done,2026-06-07T02:44:01+00:00
peridot571,done,2026-06-07T02:44:19+00:00
periicosm,done,2026-06-07T02:44:41+00:00
perooo,done,2026-06-07T02:45:12+00:00
perplex10,done,2026-06-07T02:45:25+00:00
perrinkiza,done,2026-06-07T02:45:46+00:00
persyyy,done,2026-06-07T02:46:01+00:00
pertedevues,done,2026-06-07T02:46:30+00:00
pescstuort,done,2026-06-07T02:47:02+00:00
pesudoo,done,2026-06-07T02:47:17+00:00
petco21,done,2026-06-07T02:47:38+00:00
peterfaber,done,2026-06-07T02:47:54+00:00
peterredwood,done,2026-06-07T02:48:19+00:00
peterwarden40,done,2026-06-07T02:48:51+00:00
petriglam,done,2026-06-07T02:49:13+00:00
petrigrofs,done,2026-06-07T02:49:28+00:00
petterelmalo,done,2026-06-07T02:49:52+00:00
peytonzn,done,2026-06-07T02:50:15+00:00
pfczac,done,2026-06-07T02:50:45+00:00
pflocki,done,2026-06-07T02:50:59+00:00
pfpduod,done,2026-06-07T02:51:19+00:00
phantomstars,done,2026-06-07T02:51:40+00:00
phgnha,done,2026-06-07T02:52:02+00:00
philiacc,done,2026-06-07T02:52:29+00:00
philipmaxand,done,2026-06-07T02:52:46+00:00
philipp18,done,2026-06-07T02:53:02+00:00
phupposlayer,done,2026-06-07T02:53:18+00:00
piaowowow,done,2026-06-07T02:53:34+00:00
pich56,done,2026-06-07T02:53:59+00:00
pichurris,done,2026-06-07T02:54:15+00:00
piepearl,done,2026-06-07T02:54:34+00:00
pierrelaurent,done,2026-06-07T02:54:52+00:00
pierrelc76,done,2026-06-07T02:55:06+00:00
pigeon_s,done,2026-06-07T02:55:40+00:00
piixiepunk,done,2026-06-07T02:55:56+00:00
pilrroro,done,2026-06-07T02:56:18+00:00
pimjane,done,2026-06-07T02:56:37+00:00
pimuhu,done,2026-06-07T02:56:57+00:00
pincsam,done,2026-06-07T02:57:29+00:00
pinkcabinetdoor,done,2026-06-07T02:58:02+00:00
pinkflake,done,2026-06-07T02:58:20+00:00
pinkpaperflowed,done,2026-06-07T02:58:37+00:00
pinksjefjs,done,2026-06-07T02:58:48+00:00
pinktalesnot,done,2026-06-07T02:59:24+00:00
pinkypiescake67,done,2026-06-07T02:59:37+00:00
pinkypluto,done,2026-06-07T02:59:57+00:00
pinoyboyballs,done,2026-06-07T03:00:23+00:00
pinoyidiot,done,2026-06-07T03:00:45+00:00
pintheworld,done,2026-06-07T03:01:23+00:00
piperdowd23,done,2026-06-07T03:01:48+00:00
pipikissme,done,2026-06-07T03:02:06+00:00
pippastarshine,done,2026-06-07T03:02:34+00:00
pirdosgantenk,done,2026-06-07T03:02:50+00:00
pirtakc,done,2026-06-07T03:03:17+00:00
pischeis,done,2026-06-07T03:03:40+00:00
pisici,done,2026-06-07T03:04:01+00:00
pisshycaca,done,2026-06-07T03:04:21+00:00
pisskink260,done,2026-06-07T03:04:57+00:00
pittsburgh5987,done,2026-06-07T03:05:35+00:00
piyaa4k,done,2026-06-07T03:05:46+00:00
piyavs,done,2026-06-07T03:06:06+00:00
piyawat23,done,2026-06-07T03:06:20+00:00
piyushishigh,done,2026-06-07T03:06:35+00:00
piyushk_,done,2026-06-07T03:07:05+00:00
pizzleuniverze,done,2026-06-07T03:07:29+00:00
pj7u_,done,2026-06-07T03:07:53+00:00
plaguedoktr,done,2026-06-07T03:08:05+00:00
plan_sequences,done,2026-06-07T03:08:29+00:00
plandy,done,2026-06-07T03:09:06+00:00
planetdroolgirl,done,2026-06-07T03:09:25+00:00
planetsaturnn,done,2026-06-07T03:09:43+00:00
plantaestrella,done,2026-06-07T03:10:03+00:00
platinumsmoked,done,2026-06-07T03:10:16+00:00
playcyberpunk,done,2026-06-07T03:10:47+00:00
pleikka1234,done,2026-06-07T03:11:07+00:00
plo7,done,2026-06-07T03:11:28+00:00
ploobprotester,done,2026-06-07T03:11:55+00:00
plyschko,done,2026-06-07T03:12:14+00:00
pnutridhima,done,2026-06-07T03:12:45+00:00
poddalamsie,done,2026-06-07T03:13:09+00:00
poisonblackkk,done,2026-06-07T03:13:29+00:00
pojdnapanaka,done,2026-06-07T03:13:53+00:00
polareeeeed,done,2026-06-07T03:14:10+00:00
polari_os,done,2026-06-07T03:14:41+00:00
polohere,done,2026-06-07T03:15:07+00:00
polyesterdaytv,done,2026-06-07T03:15:25+00:00
pommepao,done,2026-06-07T03:15:49+00:00
ponciosroom,done,2026-06-07T03:16:10+00:00
ponnappann,done,2026-06-07T03:16:45+00:00
poojasbehaviorr,done,2026-06-07T03:17:06+00:00
poopiepants69,done,2026-06-07T03:17:28+00:00
poor_louie,done,2026-06-07T03:17:48+00:00
popcorn_latte,done,2026-06-07T03:18:09+00:00
popcornmerchant,done,2026-06-07T03:18:43+00:00
popofeigel,done,2026-06-07T03:19:10+00:00
popopoposita,done,2026-06-07T03:19:22+00:00
poppy_ste28,done,2026-06-07T03:19:43+00:00
popsiggy,done,2026-06-07T03:19:59+00:00
porobot,done,2026-06-07T03:20:37+00:00
portakallisut,done,2026-06-07T03:20:52+00:00
poulileh,done,2026-06-07T03:21:12+00:00
poutane7,done,2026-06-07T03:21:33+00:00
povedaasecas,done,2026-06-07T03:21:52+00:00
povfumetsu,done,2026-06-07T03:22:19+00:00
pozukago,done,2026-06-07T03:22:40+00:00
pparadise_k7,done,2026-06-07T03:23:03+00:00
ppmindd,done,2026-06-07T03:23:22+00:00
pradipbhusal,done,2026-06-07T03:23:41+00:00
prajwal2415,done,2026-06-07T03:24:12+00:00
pranaynetha,done,2026-06-07T03:24:31+00:00
prateeks99,done,2026-06-07T03:24:47+00:00
pratiyushh,done,2026-06-07T03:25:03+00:00
prefix41,done,2026-06-07T03:25:35+00:00
preisman,done,2026-06-07T03:26:07+00:00
prerna_n,done,2026-06-07T03:26:19+00:00
prestondeff,done,2026-06-07T03:26:33+00:00
prettier,done,2026-06-07T03:26:51+00:00
prettycrier,done,2026-06-07T03:27:25+00:00
prexekuda,done,2026-06-07T03:27:42+00:00
prexx0,done,2026-06-07T03:28:08+00:00
princegt,done,2026-06-07T03:28:22+00:00
princesinhado1d,done,2026-06-07T03:28:51+00:00
priscilafrs,done,2026-06-07T03:29:32+00:00
pritika01,done,2026-06-07T03:29:50+00:00
priyanegi21,done,2026-06-07T03:30:04+00:00
prlane,done,2026-06-07T03:30:26+00:00
probablylou,done,2026-06-07T03:30:39+00:00
professor_oq,done,2026-06-07T03:31:09+00:00
prokritiiii,done,2026-06-07T03:31:34+00:00
promit_90,done,2026-06-07T03:31:49+00:00
pronetothis,done,2026-06-07T03:32:12+00:00
pronoyghosh,done,2026-06-07T03:32:35+00:00
proofrock,done,2026-06-07T03:33:14+00:00
propergremlin,done,2026-06-07T03:33:36+00:00
prosima_,done,2026-06-07T03:34:02+00:00
provii,done,2026-06-07T03:34:17+00:00
pruv,done,2026-06-07T03:34:41+00:00
pryngols,done,2026-06-07T03:35:11+00:00
psycho_candy_83,done,2026-06-07T03:35:30+00:00
psychoticblues,done,2026-06-07T03:35:49+00:00
ptrangel,done,2026-06-07T03:36:10+00:00
pucci0,done,2026-06-07T03:36:30+00:00
pudimdepao,done,2026-06-07T03:37:00+00:00
pudsey,done,2026-06-07T03:37:20+00:00
pueblo__,done,2026-06-07T03:37:35+00:00
pulkeman,done,2026-06-07T03:37:54+00:00
pullasorsa,done,2026-06-07T03:38:07+00:00
pumarose72,done,2026-06-07T03:38:48+00:00
pummily91,done,2026-06-07T03:39:12+00:00
punch_moonlight,done,2026-06-07T03:39:31+00:00
punchvrhyme,done,2026-06-07T03:39:46+00:00
puneetks_07,done,2026-06-07T03:40:09+00:00
punisher88,done,2026-06-07T03:40:48+00:00
purecinema20,done,2026-06-07T03:41:14+00:00
purkle63,done,2026-06-07T03:41:28+00:00
purple_power432,done,2026-06-07T03:41:47+00:00
purplevsun,done,2026-06-07T03:42:02+00:00
puuppy,done,2026-06-07T03:42:39+00:00
pv7lll,done,2026-06-07T03:42:54+00:00
pvenkadeshan,done,2026-06-07T03:43:17+00:00
pyota,done,2026-06-07T03:43:41+00:00
qaopoon,done,2026-06-07T03:44:05+00:00
qcolello,done,2026-06-07T03:44:41+00:00
qcv,done,2026-06-07T03:45:07+00:00
qdlch,done,2026-06-07T03:45:30+00:00
qeuzin,done,2026-06-07T03:45:53+00:00
qiiesf,done,2026-06-07T03:46:13+00:00
qmckee,done,2026-06-07T03:46:45+00:00
qopwpsk,done,2026-06-07T03:46:59+00:00
qrg456,done,2026-06-07T03:47:14+00:00
quan71200,done,2026-06-07T03:47:24+00:00
quarkspynn,done,2026-06-07T03:47:41+00:00
que_sarah_x2,done,2026-06-07T03:48:09+00:00
queenelsa13,done,2026-06-07T03:48:24+00:00
queerefly,done,2026-06-07T03:48:35+00:00
quesitomanchego,done,2026-06-07T03:48:50+00:00
queso2206,done,2026-06-07T03:49:02+00:00
quezadalinda,done,2026-06-07T03:49:40+00:00
quibley,done,2026-06-07T03:49:56+00:00
quimzee,done,2026-06-07T03:50:05+00:00
quinteroluk,done,2026-06-07T03:50:26+00:00
qunzy,done,2026-06-07T03:50:37+00:00
quynh05,done,2026-06-07T03:51:01+00:00
qv1n,done,2026-06-07T03:51:17+00:00
r03ane,done,2026-06-07T03:51:34+00:00
r0dr1g04756,done,2026-06-07T03:51:52+00:00
r0kun,done,2026-06-07T03:52:07+00:00
r42e,done,2026-06-07T03:52:42+00:00
r6b0,done,2026-06-07T03:52:56+00:00
ra7ned,done,2026-06-07T03:53:08+00:00
ra9pilled,done,2026-06-07T03:53:24+00:00
raaaaaaaaj,done,2026-06-07T03:53:35+00:00
raayzu,done,2026-06-07T03:54:05+00:00
rablagouzdale,done,2026-06-07T03:54:21+00:00
radarcycle,done,2026-06-07T03:54:44+00:00
radiodreads,done,2026-06-07T03:54:57+00:00
radiofreelee,done,2026-06-07T03:55:15+00:00
radioheadk,done,2026-06-07T03:55:52+00:00
raducutuzu,done,2026-06-07T03:56:13+00:00
raexx,done,2026-06-07T03:56:33+00:00
rafaantivil,done,2026-06-07T03:56:55+00:00
rafachino,done,2026-06-07T03:57:11+00:00
rafaelasitta,done,2026-06-07T03:57:51+00:00
rafaeldmatias,done,2026-06-07T03:58:02+00:00
rafaelscp1906,done,2026-06-07T03:58:13+00:00
rafeinberg,done,2026-06-07T03:58:32+00:00
raffo2,done,2026-06-07T03:58:46+00:00
rafika_96,done,2026-06-07T03:59:17+00:00
rafitoc,done,2026-06-07T03:59:31+00:00
rafkja,done,2026-06-07T03:59:51+00:00
raheemshezad,done,2026-06-07T04:00:06+00:00
rahneegultiano,done,2026-06-07T04:00:19+00:00
raiatea12,done,2026-06-07T04:00:49+00:00
raibern,done,2026-06-07T04:01:11+00:00
raiey,done,2026-06-07T04:01:34+00:00
raihidalgo,done,2026-06-07T04:01:51+00:00
rain_upon_glass,done,2026-06-07T04:02:15+00:00
raincptl,done,2026-06-07T04:02:41+00:00
rajoshik,done,2026-06-07T04:02:54+00:00
rajwolski,done,2026-06-07T04:03:07+00:00
rakanb8,done,2026-06-07T04:03:23+00:00
rakesh30,done,2026-06-07T04:03:35+00:00
rakesh76,done,2026-06-07T04:04:01+00:00
rakshansai,done,2026-06-07T04:04:18+00:00
ramanae,done,2026-06-07T04:04:34+00:00
ramiza04,done,2026-06-07T04:04:47+00:00
ramooosss,done,2026-06-07T04:05:01+00:00
ramses3006,done,2026-06-07T04:05:31+00:00
ranamosher19,done,2026-06-07T04:05:41+00:00
randamr,done,2026-06-07T04:06:03+00:00
rangasaurus,done,2026-06-07T04:06:22+00:00
ranit025,done,2026-06-07T04:06:42+00:00
rannnnnnn,done,2026-06-07T04:07:14+00:00
raph_d_ace,done,2026-06-07T04:07:33+00:00
raphmuirhead,done,2026-06-07T04:07:49+00:00
raquis,done,2026-06-07T04:08:05+00:00
rarefilmm1,done,2026-06-07T04:08:15+00:00
rashdawn,done,2026-06-07T04:08:42+00:00
rashijskskjs,done,2026-06-07T04:08:55+00:00
rasoulfarmani,done,2026-06-07T04:09:07+00:00
raspberrycat,done,2026-06-07T04:09:28+00:00
rasputo,done,2026-06-07T04:09:42+00:00
rastamice,done,2026-06-07T04:10:17+00:00
rataporratos,done,2026-06-07T04:10:33+00:00
ratodowillwood,done,2026-06-07T04:10:44+00:00
ratofritooooo,done,2026-06-07T04:11:04+00:00
ratoutouioui,done,2026-06-07T04:11:17+00:00
raulugo,done,2026-06-07T04:11:49+00:00
raunakism,done,2026-06-07T04:12:06+00:00
raunxk,done,2026-06-07T04:12:23+00:00
ravanadeath,done,2026-06-07T04:12:40+00:00
ravenqueen0,done,2026-06-07T04:12:57+00:00
ravisk2009,done,2026-06-07T04:13:23+00:00
ray1128,done,2026-06-07T04:13:34+00:00
ray11s,done,2026-06-07T04:13:57+00:00
ray6_,done,2026-06-07T04:14:11+00:00
rayshot,done,2026-06-07T04:14:28+00:00
rayyanramzan,done,2026-06-07T04:14:58+00:00
rayzah,done,2026-06-07T04:15:15+00:00
raz515,done,2026-06-07T04:15:29+00:00
razhumikhinbf,done,2026-06-07T04:15:45+00:00
razzie1105,done,2026-06-07T04:15:55+00:00
rb11zt,done,2026-06-07T04:16:26+00:00
rciceri,done,2026-06-07T04:16:40+00:00
re_vo5,done,2026-06-07T04:16:58+00:00
reagabella,done,2026-06-07T04:17:09+00:00
realabdulaziz,done,2026-06-07T04:17:22+00:00
realcolebucket,done,2026-06-07T04:17:52+00:00
realiszm,done,2026-06-07T04:18:14+00:00
realskittleman,done,2026-06-07T04:18:34+00:00
reamiu,done,2026-06-07T04:18:52+00:00
rebbrown,done,2026-06-07T04:19:17+00:00
rebeccagransden,done,2026-06-07T04:19:50+00:00
rebeccarebu,done,2026-06-07T04:20:03+00:00
rebeccawoo,done,2026-06-07T04:20:15+00:00
rebecxca,done,2026-06-07T04:20:27+00:00
receeba,done,2026-06-07T04:20:39+00:00
recep2121,done,2026-06-07T04:21:05+00:00
recklox,done,2026-06-07T04:21:19+00:00
red_canary,done,2026-06-07T04:21:36+00:00
redalb79,done,2026-06-07T04:21:50+00:00
redhood3308,done,2026-06-07T04:22:07+00:00
redlionfish,done,2026-06-07T04:22:40+00:00
redtomatoe,done,2026-06-07T04:22:53+00:00
reedaxx,done,2026-06-07T04:23:06+00:00
reedchar,done,2026-06-07T04:23:27+00:00
reenactmentclub,done,2026-06-07T04:23:42+00:00
reeta_11,done,2026-06-07T04:24:14+00:00
refalsal,done,2026-06-07T04:24:33+00:00
reginascopy,done,2026-06-07T04:24:44+00:00
rehaenn,done,2026-06-07T04:25:00+00:00
reichive,done,2026-06-07T04:25:20+00:00
remcvt,done,2026-06-07T04:25:52+00:00
remicsa66,done,2026-06-07T04:26:09+00:00
remisoevvls,done,2026-06-07T04:26:27+00:00
remitempest,done,2026-06-07T04:26:40+00:00
ren_vader,done,2026-06-07T04:26:55+00:00
renamarine,done,2026-06-07T04:27:29+00:00
rendzvois,done,2026-06-07T04:27:42+00:00
reneerogue,done,2026-06-07T04:27:56+00:00
rengzm_,done,2026-06-07T04:28:12+00:00
renisans,done,2026-06-07T04:28:26+00:00
resad2007,done,2026-06-07T04:28:52+00:00
resjanaaa_,done,2026-06-07T04:29:05+00:00
restinsolitary,done,2026-06-07T04:29:21+00:00
retrokourt,done,2026-06-07T04:29:40+00:00
rettino,done,2026-06-07T04:30:04+00:00
reuileogg,done,2026-06-07T04:30:37+00:00
reveinamore,done,2026-06-07T04:30:56+00:00
revelove4eva,done,2026-06-07T04:31:10+00:00
revo85,done,2026-06-07T04:31:24+00:00
rex321,done,2026-06-07T04:31:37+00:00
rexvo__,done,2026-06-07T04:32:07+00:00
rexyyyyyy,done,2026-06-07T04:32:20+00:00
reyhan_eh,done,2026-06-07T04:32:33+00:00
rez1et,done,2026-06-07T04:32:44+00:00
rf5522,done,2026-06-07T04:32:58+00:00
rfl26,done,2026-06-07T04:33:22+00:00
rharrymaguire,done,2026-06-07T04:33:34+00:00
rhicheese,done,2026-06-07T04:33:51+00:00
rhino04,done,2026-06-07T04:34:04+00:00
rhmzp,done,2026-06-07T04:34:23+00:00
rianadairova,done,2026-06-07T04:34:52+00:00
riasarchive,done,2026-06-07T04:35:11+00:00
ribsofdusk,done,2026-06-07T04:35:30+00:00
ricardo132,done,2026-06-07T04:35:42+00:00
ricecracker71,done,2026-06-07T04:35:56+00:00
rickgrimes5x1,done,2026-06-07T04:36:30+00:00
rickyfarina,done,2026-06-07T04:36:51+00:00
rico23,done,2026-06-07T04:37:07+00:00
rico_di_meco,done,2026-06-07T04:37:19+00:00
ricozyeng,done,2026-06-07T04:37:33+00:00
riellerocks,done,2026-06-07T04:38:06+00:00
riettelly,done,2026-06-07T04:38:22+00:00
rifqii,done,2026-06-07T04:38:36+00:00
rigoyajaira,done,2026-06-07T04:38:59+00:00
rimmekonnen,done,2026-06-07T04:39:19+00:00
rinette222,done,2026-06-07T04:39:51+00:00
rintsee,done,2026-06-07T04:40:04+00:00
riomario,done,2026-06-07T04:40:22+00:00
ripnova,done,2026-06-07T04:40:37+00:00
riquiiroro,done,2026-06-07T04:40:48+00:00
ririuchu,done,2026-06-07T04:41:22+00:00
rishabthapa,done,2026-06-07T04:41:42+00:00
rishikantjoshi,done,2026-06-07T04:42:05+00:00
rishiretrospect,done,2026-06-07T04:42:22+00:00
rishugotfunded,done,2026-06-07T04:42:38+00:00
rissaveronica,done,2026-06-07T04:43:07+00:00
ritaal,done,2026-06-07T04:43:27+00:00
ritinhask8,done,2026-06-07T04:43:41+00:00
rittika_paul,done,2026-06-07T04:43:59+00:00
ritzyun,done,2026-06-07T04:44:13+00:00
rixpct,done,2026-06-07T04:44:47+00:00
riyslt,done,2026-06-07T04:45:08+00:00
rlsia,done,2026-06-07T04:45:20+00:00
rmaturo50,done,2026-06-07T04:45:38+00:00
rmdnkrta,done,2026-06-07T04:45:47+00:00
rmtndhie,done,2026-06-07T04:46:15+00:00
rnay_god,done,2026-06-07T04:46:30+00:00
rnrolljo,done,2026-06-07T04:46:49+00:00
ro_ei,done,2026-06-07T04:47:09+00:00
robbanb,done,2026-06-07T04:47:29+00:00
robbierobot734,done,2026-06-07T04:47:58+00:00
robcuck,done,2026-06-07T04:48:23+00:00
robeegc,done,2026-06-07T04:48:39+00:00
roberalaran,done,2026-06-07T04:48:52+00:00
robertraur,done,2026-06-07T04:49:16+00:00
robertwojtas,done,2026-06-07T04:49:42+00:00
robinb4nks,done,2026-06-07T04:50:04+00:00
robindab4nk,done,2026-06-07T04:50:17+00:00
robinmacey,done,2026-06-07T04:50:39+00:00
roblox24,done,2026-06-07T04:50:51+00:00
robosreviews,done,2026-06-07T04:51:18+00:00
rocambolesc,done,2026-06-07T04:51:30+00:00
roccia_010,done,2026-06-07T04:51:47+00:00
rochinhagames,done,2026-06-07T04:52:01+00:00
rocioguzmanvera,done,2026-06-07T04:52:12+00:00
rociovallor,done,2026-06-07T04:52:46+00:00
rockms,done,2026-06-07T04:53:03+00:00
rockpick,done,2026-06-07T04:53:19+00:00
rocks_xebec,done,2026-06-07T04:53:29+00:00
rockstarrnan,done,2026-06-07T04:53:46+00:00
rogenedgaf,done,2026-06-07T04:54:17+00:00
rohanbakhru,done,2026-06-07T04:54:45+00:00
rohanboi,done,2026-06-07T04:55:00+00:00
rohanhughes,done,2026-06-07T04:55:13+00:00
roko_mart,done,2026-06-07T04:55:24+00:00
romain03,done,2026-06-07T04:55:54+00:00
romain_brlt,done,2026-06-07T04:56:06+00:00
romaizo,done,2026-06-07T04:56:25+00:00
romanattor,done,2026-06-07T04:56:42+00:00
romaneqnm,done,2026-06-07T04:57:00+00:00
rommel_sm,done,2026-06-07T04:57:35+00:00
ron_aadhi,done,2026-06-07T04:57:53+00:00
ronan_choi,done,2026-06-07T04:58:03+00:00
ronangaa,done,2026-06-07T04:58:21+00:00
ronanmccabe,done,2026-06-07T04:58:40+00:00
ronaydinho,done,2026-06-07T04:59:13+00:00
roomrar,done,2026-06-07T04:59:33+00:00
roori_47u,done,2026-06-07T04:59:47+00:00
rorourke05,done,2026-06-07T05:00:01+00:00
rosebucket,done,2026-06-07T05:00:16+00:00
roseebloood,done,2026-06-07T05:00:47+00:00
rosieee_5,done,2026-06-07T05:01:05+00:00
rosiethecat,done,2026-06-07T05:01:18+00:00
rossella_b,done,2026-06-07T05:01:31+00:00
rossmerritt,done,2026-06-07T05:01:53+00:00
rosspolen,done,2026-06-07T05:02:18+00:00
rotting_critter,done,2026-06-07T05:02:33+00:00
rottingmeat,done,2026-06-07T05:02:51+00:00
rounaks,done,2026-06-07T05:03:08+00:00
roverswag,done,2026-06-07T05:03:31+00:00
roxydavis,done,2026-06-07T05:04:06+00:00
rpruiz25,done,2026-06-07T05:04:21+00:00
rqchdel,done,2026-06-07T05:04:35+00:00
rr4m0s,done,2026-06-07T05:04:50+00:00
rraphhi,done,2026-06-07T05:05:21+00:00
rrrrqq88ll,done,2026-06-07T05:05:37+00:00
rrt_a,done,2026-06-07T05:05:48+00:00
rsenyg91,done,2026-06-07T05:06:02+00:00
rsquartz,done,2026-06-07T05:06:21+00:00
ruba73,done,2026-06-07T05:06:51+00:00
rubbeyy,done,2026-06-07T05:07:08+00:00
ruben_verdoodt,done,2026-06-07T05:07:23+00:00
rubes3013,done,2026-06-07T05:07:44+00:00
rubyrosenolan,done,2026-06-07T05:08:02+00:00
rudahhhh,done,2026-06-07T05:08:31+00:00
rudenbekovna,done,2026-06-07T05:08:42+00:00
rudy001,done,2026-06-07T05:08:54+00:00
rudzixx_tmr,done,2026-06-07T05:09:03+00:00
ruetwo,done,2026-06-07T05:09:14+00:00
rugonnahurtme,done,2026-06-07T05:09:47+00:00
ruineleint,done,2026-06-07T05:09:58+00:00
rujll8,done,2026-06-07T05:10:13+00:00
rukawing,done,2026-06-07T05:10:25+00:00
rulojia,done,2026-06-07T05:10:44+00:00
ruruukw,done,2026-06-07T05:11:20+00:00
rusev14,done,2026-06-07T05:11:34+00:00
rushuii,done,2026-06-07T05:11:50+00:00
rutes,done,2026-06-07T05:12:08+00:00
ruuui7,done,2026-06-07T05:12:20+00:00
rvfv47,done,2026-06-07T05:12:54+00:00
rvharris,done,2026-06-07T05:13:09+00:00
rvuthless,done,2026-06-07T05:13:20+00:00
rvvdyswife,done,2026-06-07T05:13:32+00:00
rxndomind,done,2026-06-07T05:13:50+00:00
rxniane,done,2026-06-07T05:14:27+00:00
ry_007,done,2026-06-07T05:14:40+00:00
ryangray,done,2026-06-07T05:14:55+00:00
ryanjamesakeley,done,2026-06-07T05:15:13+00:00
ryanmc98,done,2026-06-07T05:15:37+00:00
rybolv,done,2026-06-07T05:16:08+00:00
rykuoi,done,2026-06-07T05:16:26+00:00
ryleedeb,done,2026-06-07T05:16:46+00:00
ryoo_oh,done,2026-06-07T05:16:59+00:00
rytommi1,done,2026-06-07T05:17:19+00:00
ryvuck,done,2026-06-07T05:17:57+00:00
s00ph1a,done,2026-06-07T05:18:13+00:00
s0_lennn,done,2026-06-07T05:18:33+00:00
s0resu,done,2026-06-07T05:18:55+00:00
s1llymilly,done,2026-06-07T05:19:14+00:00
s3_rgio,done,2026-06-07T05:19:45+00:00
s4llmaa,done,2026-06-07T05:20:01+00:00
s6hlaris,done,2026-06-07T05:20:15+00:00
s_19,done,2026-06-07T05:20:33+00:00
s_andreagp,done,2026-06-07T05:20:50+00:00
s_mp4,done,2026-06-07T05:21:15+00:00
s_t_a_n_,done,2026-06-07T05:21:36+00:00
s_tarmsc,done,2026-06-07T05:21:50+00:00
saachi1,done,2026-06-07T05:22:04+00:00
saarah10,done,2026-06-07T05:22:19+00:00
saba_k,done,2026-06-07T05:22:46+00:00
sabari_krishnan,done,2026-06-07T05:22:58+00:00
sabariverse,done,2026-06-07T05:23:13+00:00
sabbircinephile,done,2026-06-07T05:23:27+00:00
sabinaragim,done,2026-06-07T05:23:40+00:00
sabje,done,2026-06-07T05:24:11+00:00
sabrepp,done,2026-06-07T05:24:21+00:00
sabrinalm,done,2026-06-07T05:24:38+00:00
sabrinawastaken,done,2026-06-07T05:24:55+00:00
sachmuch,done,2026-06-07T05:25:13+00:00
sadeer_,done,2026-06-07T05:25:40+00:00
sadieharwood,done,2026-06-07T05:25:52+00:00
sadsoup666,done,2026-06-07T05:26:07+00:00
sadturksoy,done,2026-06-07T05:26:25+00:00
safdareal1,done,2026-06-07T05:26:39+00:00
sag_camie,done,2026-06-07T05:27:13+00:00
sage3ee,done,2026-06-07T05:27:27+00:00
sage_bx,done,2026-06-07T05:27:37+00:00
sagesyndrome,done,2026-06-07T05:27:58+00:00
sahelnzd,done,2026-06-07T05:28:14+00:00
sahocita,done,2026-06-07T05:28:48+00:00
sahxb,done,2026-06-07T05:29:01+00:00
sai696,done,2026-06-07T05:29:14+00:00
sainarb,done,2026-06-07T05:29:27+00:00
saint_hooligan,done,2026-06-07T05:29:49+00:00
sajedada,done,2026-06-07T05:30:18+00:00
saksfilth,done,2026-06-07T05:30:41+00:00
saktas,done,2026-06-07T05:30:57+00:00
salihofficial,done,2026-06-07T05:31:11+00:00
salivekk,done,2026-06-07T05:31:21+00:00
sallbrella,done,2026-06-07T05:31:56+00:00
salliihh,done,2026-06-07T05:32:07+00:00
sallimkn,done,2026-06-07T05:32:22+00:00
salomebrsn,done,2026-06-07T05:32:45+00:00
salomee9,done,2026-06-07T05:33:01+00:00
salomo21,done,2026-06-07T05:33:34+00:00
salsabilllla,done,2026-06-07T05:33:51+00:00
salshawi,done,2026-06-07T05:34:05+00:00
salskeed,done,2026-06-07T05:34:25+00:00
saltboxx,done,2026-06-07T05:34:37+00:00
salvamb10,done,2026-06-07T05:35:04+00:00
sam130,done,2026-06-07T05:35:14+00:00
sam943,done,2026-06-07T05:35:33+00:00
sam_d4003,done,2026-06-07T05:35:54+00:00
sam_m1ntyman,done,2026-06-07T05:36:11+00:00
samanthajdeboer,done,2026-06-07T05:36:42+00:00
samasimm_,done,2026-06-07T05:36:56+00:00
sambean,done,2026-06-07T05:37:09+00:00
sameer860,done,2026-06-07T05:37:33+00:00
samgeisler,done,2026-06-07T05:37:44+00:00
samgyuyu,done,2026-06-07T05:38:13+00:00
samie22,done,2026-06-07T05:38:23+00:00
samiram1212,done,2026-06-07T05:38:43+00:00
sammaramenezes,done,2026-06-07T05:39:03+00:00
sammcinturff,done,2026-06-07T05:39:14+00:00
sammykb,done,2026-06-07T05:39:48+00:00
sampomerant,done,2026-06-07T05:40:12+00:00
samsodyne,done,2026-06-07T05:40:34+00:00
samuelesparza,done,2026-06-07T05:40:51+00:00
samuellopezz,done,2026-06-07T05:41:05+00:00
samuelmawson,done,2026-06-07T05:41:30+00:00
samur123,done,2026-06-07T05:41:40+00:00
sanches_x7,done,2026-06-07T05:41:55+00:00
sanchipro666,done,2026-06-07T05:42:12+00:00
sandan542,done,2026-06-07T05:42:27+00:00
sandhyaaaaaa,done,2026-06-07T05:42:56+00:00
sandra_06,done,2026-06-07T05:43:07+00:00
sandwichlover69,done,2026-06-07T05:43:18+00:00
sanglap21d,done,2026-06-07T05:43:30+00:00
sanjai7575,done,2026-06-07T05:43:43+00:00
sanjana_sunil,done,2026-06-07T05:44:17+00:00
sanjanavaikund,done,2026-06-07T05:44:31+00:00
sanjsees,done,2026-06-07T05:44:51+00:00
sanju7488,done,2026-06-07T05:45:02+00:00
sankalpika,done,2026-06-07T05:45:13+00:00
sannepd,done,2026-06-07T05:45:46+00:00
sannevdk,done,2026-06-07T05:45:57+00:00
sanshia,done,2026-06-07T05:46:11+00:00
sansonq,done,2026-06-07T05:46:26+00:00
sanswatch,done,2026-06-07T05:47:14+00:00
santcr,done,2026-06-07T05:47:42+00:00
santieejuarez,done,2026-06-07T05:48:39+00:00
santilk,done,2026-06-07T05:49:03+00:00
santru,done,2026-06-07T05:49:23+00:00
sara131313,done,2026-06-07T05:49:38+00:00
sara___11,done,2026-06-07T05:50:12+00:00
saracdy,done,2026-06-07T05:50:28+00:00
saraemilienille,done,2026-06-07T05:50:42+00:00
sarah404,done,2026-06-07T05:51:00+00:00
sarah_barros,done,2026-06-07T05:51:21+00:00
sarahc15,done,2026-06-07T05:51:57+00:00
sarahc988,done,2026-06-07T05:52:16+00:00
sarahlaawrence,done,2026-06-07T05:52:29+00:00
sarahxoxoxo,done,2026-06-07T05:52:46+00:00
sarasarahi,done,2026-06-07T05:53:03+00:00
saritamoviestar,done,2026-06-07T05:53:34+00:00
sarraqin,done,2026-06-07T05:53:48+00:00
sasahungry,done,2026-06-07T05:54:02+00:00
sasawss,done,2026-06-07T05:54:22+00:00
sash5034,done,2026-06-07T05:54:37+00:00
sashxyz,done,2026-06-07T05:55:06+00:00
sassychicc,done,2026-06-07T05:55:27+00:00
satorigian,done,2026-06-07T05:55:40+00:00
satwattt,done,2026-06-07T05:55:55+00:00
saudzl7,done,2026-06-07T05:56:08+00:00
saulcs12,done,2026-06-07T05:56:46+00:00
saulkester,done,2026-06-07T05:57:06+00:00
saulrickman,done,2026-06-07T05:57:17+00:00
saurrrcream,done,2026-06-07T05:57:36+00:00
sav1xe,done,2026-06-07T05:57:49+00:00
saveo_j,done,2026-06-07T05:58:20+00:00
savfilip,done,2026-06-07T05:58:34+00:00
savlet07,done,2026-06-07T05:58:45+00:00
sawtturnn,done,2026-06-07T05:59:00+00:00
saxyham,done,2026-06-07T05:59:16+00:00
sayesade,done,2026-06-07T05:59:44+00:00
sazzzzzz,done,2026-06-07T05:59:58+00:00
scabsgunspb,done,2026-06-07T06:00:11+00:00
scareme_,done,2026-06-07T06:00:28+00:00
scarletteviex,done,2026-06-07T06:00:39+00:00
scarletthe555,done,2026-06-07T06:01:09+00:00
scaryangel,done,2026-06-07T06:01:19+00:00
schiavone09,done,2026-06-07T06:01:34+00:00
schierkefarnese,done,2026-06-07T06:01:47+00:00
schimpf1,done,2026-06-07T06:02:12+00:00
schmeer,done,2026-06-07T06:02:43+00:00
schmockel,done,2026-06-07T06:03:06+00:00
schrutefarmbeet,done,2026-06-07T06:03:19+00:00
schurros,done,2026-06-07T06:03:33+00:00
schwamibami,done,2026-06-07T06:03:47+00:00
scielzo,done,2026-06-07T06:04:25+00:00
sciguycool,done,2026-06-07T06:04:46+00:00
scinkurisu,done,2026-06-07T06:04:59+00:00
sco_jo,done,2026-06-07T06:05:11+00:00
scoobsluvmatcha,done,2026-06-07T06:05:33+00:00
scottosthenerd,done,2026-06-07T06:06:01+00:00
scoutlevi08,done,2026-06-07T06:06:16+00:00
screamery,done,2026-06-07T06:06:32+00:00
scriptwritel2,done,2026-06-07T06:06:50+00:00
scryptt,done,2026-06-07T06:07:01+00:00
scubadan,done,2026-06-07T06:07:33+00:00
scubiscubi,done,2026-06-07T06:07:51+00:00
sculderfox,done,2026-06-07T06:08:12+00:00
scunnerdarkly,done,2026-06-07T06:08:32+00:00
se1ljaku,done,2026-06-07T06:08:42+00:00
seafoodlove,done,2026-06-07T06:09:13+00:00
sealbebi,done,2026-06-07T06:09:31+00:00
sean55889,done,2026-06-07T06:09:43+00:00
seansoundsoff,done,2026-06-07T06:09:58+00:00
seatyforty,done,2026-06-07T06:10:12+00:00
seb_ii,done,2026-06-07T06:10:45+00:00
sebastiangerr,done,2026-06-07T06:11:05+00:00
sebasurla,done,2026-06-07T06:11:18+00:00
sebasva_,done,2026-06-07T06:11:41+00:00
sebatista18,done,2026-06-07T06:11:54+00:00
sebb1818,done,2026-06-07T06:12:36+00:00
sebilil,done,2026-06-07T06:12:48+00:00
sebthejazzman,done,2026-06-07T06:13:09+00:00
sebzebegum,done,2026-06-07T06:13:23+00:00
secretballer83,done,2026-06-07T06:13:32+00:00
seenbyvaish,done,2026-06-07T06:14:06+00:00
seeninthewoods,done,2026-06-07T06:14:20+00:00
seeuleila,done,2026-06-07T06:14:36+00:00
seeyousoon_,done,2026-06-07T06:14:48+00:00
sefremova,done,2026-06-07T06:15:06+00:00
seiya21,done,2026-06-07T06:15:39+00:00
seizure,done,2026-06-07T06:16:01+00:00
selenag2996,done,2026-06-07T06:16:16+00:00
selenamkellogg,done,2026-06-07T06:16:33+00:00
selesteh,done,2026-06-07T06:16:48+00:00
selflovingrn,done,2026-06-07T06:17:22+00:00
selimebaka,done,2026-06-07T06:17:35+00:00
selonmusk,done,2026-06-07T06:17:53+00:00
semacn,done,2026-06-07T06:18:15+00:00
semmprasektum,done,2026-06-07T06:18:29+00:00
sendogthedog,done,2026-06-07T06:18:59+00:00
sensitv3,done,2026-06-07T06:19:18+00:00
sensoman,done,2026-06-07T06:19:34+00:00
seokein,done,2026-06-07T06:20:15+00:00
seraphimm_,done,2026-06-07T06:20:29+00:00
serch_murillo,done,2026-06-07T06:21:00+00:00
serenenenenity,done,2026-06-07T06:21:14+00:00
sergiobravo,done,2026-06-07T06:21:31+00:00
serivvine,done,2026-06-07T06:21:46+00:00
serpentandsaint,done,2026-06-07T06:22:09+00:00
seryeen,done,2026-06-07T06:22:41+00:00
ses_,done,2026-06-07T06:23:04+00:00
sessemant,done,2026-06-07T06:23:21+00:00
setanalas,done,2026-06-07T06:23:33+00:00
seungminnie,done,2026-06-07T06:23:52+00:00
sev6y,done,2026-06-07T06:24:30+00:00
seventhebard,done,2026-06-07T06:24:45+00:00
seventhfields,done,2026-06-07T06:25:10+00:00
sexyalexie,done,2026-06-07T06:25:21+00:00
sexyfurrygirl,done,2026-06-07T06:25:40+00:00
seyafilms,done,2026-06-07T06:26:15+00:00
sgamberang,done,2026-06-07T06:26:30+00:00
sgot1228,done,2026-06-07T06:26:44+00:00
sh4de0,done,2026-06-07T06:27:03+00:00
sha_hd,done,2026-06-07T06:27:15+00:00
sha_siga11,done,2026-06-07T06:27:46+00:00
shadowpanda1306,done,2026-06-07T06:28:00+00:00
shadowwow,done,2026-06-07T06:28:13+00:00
shadtoside,done,2026-06-07T06:28:28+00:00
shahd_13,done,2026-06-07T06:28:40+00:00
shaiiyy,done,2026-06-07T06:29:09+00:00
shaileshg,done,2026-06-07T06:29:23+00:00
shakespeare6969,done,2026-06-07T06:29:37+00:00
shampy7527,done,2026-06-07T06:29:49+00:00
shana_guzman,done,2026-06-07T06:30:07+00:00
shananaque,done,2026-06-07T06:30:44+00:00
shanevt,done,2026-06-07T06:30:56+00:00
shanghaii_kidd,done,2026-06-07T06:31:16+00:00
shani_mils,done,2026-06-07T06:31:31+00:00
shannongill,done,2026-06-07T06:31:45+00:00
shannonpharr,done,2026-06-07T06:32:13+00:00
shanryveee,done,2026-06-07T06:32:32+00:00
sharifffsami,done,2026-06-07T06:32:48+00:00
sharkers_,done,2026-06-07T06:33:07+00:00
sharoncabin,done,2026-06-07T06:33:19+00:00
sharty19,done,2026-06-07T06:33:53+00:00
shashwat23,done,2026-06-07T06:34:05+00:00
shasmamia,done,2026-06-07T06:34:26+00:00
shauryapalusa,done,2026-06-07T06:34:39+00:00
shawn819,done,2026-06-07T06:34:57+00:00
shawtyhawty,done,2026-06-07T06:35:29+00:00
shawwtee,done,2026-06-07T06:35:50+00:00
shayleeannalise,done,2026-06-07T06:35:59+00:00
sheccidhobbes,done,2026-06-07T06:36:12+00:00
sheenasomah,done,2026-06-07T06:36:35+00:00
sheepyshup,done,2026-06-07T06:37:06+00:00
shehabin,done,2026-06-07T06:37:25+00:00
shehanratug,done,2026-06-07T06:37:40+00:00
shelby_mcd143,done,2026-06-07T06:38:01+00:00
shell_webm0,done,2026-06-07T06:38:16+00:00
shelluisa,done,2026-06-07T06:38:54+00:00
shelovesflicks,done,2026-06-07T06:39:13+00:00
sheloveshim,done,2026-06-07T06:39:28+00:00
sherlified,done,2026-06-07T06:39:44+00:00
sherrie_holmes,done,2026-06-07T06:39:56+00:00
shesaidadi,done,2026-06-07T06:40:27+00:00
sheskie,done,2026-06-07T06:40:41+00:00
shf_m,done,2026-06-07T06:40:52+00:00
shibaeba,done,2026-06-07T06:41:14+00:00
shikaros,done,2026-06-07T06:41:37+00:00
shilohp,done,2026-06-07T06:42:12+00:00
shinange,done,2026-06-07T06:42:36+00:00
shinboo,done,2026-06-07T06:42:47+00:00
shinggibanggi,done,2026-06-07T06:43:04+00:00
shinichiro,done,2026-06-07T06:43:19+00:00
shinletai,done,2026-06-07T06:43:58+00:00
shinnypie,done,2026-06-07T06:44:13+00:00
shintri,done,2026-06-07T06:44:32+00:00
shireencatto,done,2026-06-07T06:44:47+00:00
shirine67,done,2026-06-07T06:45:00+00:00
shiryuh,done,2026-06-07T06:45:39+00:00
shishamotwins,done,2026-06-07T06:45:58+00:00
shivam13041993,done,2026-06-07T06:46:09+00:00
shmuppy,done,2026-06-07T06:46:25+00:00
shofties,done,2026-06-07T06:46:44+00:00
shogan22,done,2026-06-07T06:47:13+00:00
shoji003,done,2026-06-07T06:47:24+00:00
shoobopper,done,2026-06-07T06:47:34+00:00
shortestmaster,done,2026-06-07T06:47:53+00:00
showen11,done,2026-06-07T06:48:05+00:00
shrekemjoyer67,done,2026-06-07T06:48:39+00:00
shreygoat,done,2026-06-07T06:48:48+00:00
shri222,done,2026-06-07T06:49:02+00:00
shrishtee,done,2026-06-07T06:49:14+00:00
shruthigokul,done,2026-06-07T06:49:28+00:00
shuku3,done,2026-06-07T06:50:05+00:00
shyshymeekmeek,done,2026-06-07T06:50:26+00:00
sibelacikgoz,done,2026-06-07T06:50:38+00:00
sickytoffeepudd,done,2026-06-07T06:50:53+00:00
sidnolan,done,2026-06-07T06:51:08+00:00
sidssmedia,done,2026-06-07T06:51:37+00:00
sidya_d,done,2026-06-07T06:51:49+00:00
siemep,done,2026-06-07T06:52:07+00:00
siennaism,done,2026-06-07T06:52:26+00:00
sigget,done,2026-06-07T06:52:37+00:00
sigrag,done,2026-06-07T06:53:06+00:00
siimiiiii,done,2026-06-07T06:53:24+00:00
sikenko,done,2026-06-07T06:53:44+00:00
silaslveslemons,done,2026-06-07T06:54:04+00:00
silhoutte,done,2026-06-07T06:54:21+00:00
sillybillyalli,done,2026-06-07T06:54:57+00:00
sillyheisenberg,done,2026-06-07T06:55:10+00:00
silvalier,done,2026-06-07T06:55:21+00:00
silverlock,done,2026-06-07T06:55:33+00:00
silverthunder,done,2026-06-07T06:55:44+00:00
silveystep,done,2026-06-07T06:56:18+00:00
silvi2111,done,2026-06-07T06:56:29+00:00
silviwinki,done,2026-06-07T06:56:40+00:00
simetrail,done,2026-06-07T06:56:51+00:00
simmersthepims,done,2026-06-07T06:57:08+00:00
simo06,done,2026-06-07T06:57:35+00:00
simon_j,done,2026-06-07T06:57:54+00:00
simonassefa,done,2026-06-07T06:58:07+00:00
simonbis,done,2026-06-07T06:58:23+00:00
simply_oskar,done,2026-06-07T06:58:41+00:00
simrib,done,2026-06-07T06:59:23+00:00
simyoong,done,2026-06-07T06:59:38+00:00
sinaa97,done,2026-06-07T06:59:48+00:00
sinaschilling,done,2026-06-07T06:59:59+00:00
sinfulehs,done,2026-06-07T07:00:13+00:00
single_serving,done,2026-06-07T07:00:52+00:00
sinnamon_21,done,2026-06-07T07:01:10+00:00
sinthyasin,done,2026-06-07T07:01:20+00:00
siooobhan,done,2026-06-07T07:01:37+00:00
siopaowao,done,2026-06-07T07:01:48+00:00
siouxsietxt,done,2026-06-07T07:02:33+00:00
sipa0,done,2026-06-07T07:02:50+00:00
sirannabanana,done,2026-06-07T07:03:10+00:00
siravon,done,2026-06-07T07:03:27+00:00
sirdec24,done,2026-06-07T07:03:46+00:00
sirenjusticar,done,2026-06-07T07:04:21+00:00
sirikari,done,2026-06-07T07:04:46+00:00
siriuslie,done,2026-06-07T07:05:01+00:00
sirtawhid,done,2026-06-07T07:05:16+00:00
sisihuh,done,2026-06-07T07:05:32+00:00
sivanbdil1,done,2026-06-07T07:06:02+00:00
sk8_p4nk,done,2026-06-07T07:06:14+00:00
skaii1,done,2026-06-07T07:06:25+00:00
skeemu,done,2026-06-07T07:06:41+00:00
skeeziksdt,done,2026-06-07T07:06:54+00:00
skiiiks,done,2026-06-07T07:07:21+00:00
skimloom,done,2026-06-07T07:07:35+00:00
skkrt,done,2026-06-07T07:07:52+00:00
skogiis,done,2026-06-07T07:08:11+00:00
skootimovies,done,2026-06-07T07:08:22+00:00
skrr33,done,2026-06-07T07:08:54+00:00
sksksisie,done,2026-06-07T07:09:06+00:00
skuligan,done,2026-06-07T07:09:21+00:00
skulldude21,done,2026-06-07T07:09:38+00:00
skycun,done,2026-06-07T07:09:52+00:00
skydehne,done,2026-06-07T07:10:26+00:00
skygoon,done,2026-06-07T07:10:42+00:00
skyiner,done,2026-06-07T07:11:04+00:00
skylarkaythomas,done,2026-06-07T07:11:16+00:00
skyllers,done,2026-06-07T07:11:27+00:00
skyma08,done,2026-06-07T07:12:00+00:00
skynecro,done,2026-06-07T07:12:10+00:00
skywalker80085,done,2026-06-07T07:12:26+00:00
slaggylindsey,done,2026-06-07T07:12:46+00:00
slay101,done,2026-06-07T07:12:59+00:00
slimjongil,done,2026-06-07T07:13:35+00:00
slimy_shane,done,2026-06-07T07:13:55+00:00
sllenay,done,2026-06-07T07:14:09+00:00
slodkakicia69,done,2026-06-07T07:14:25+00:00
slodkakrewetka,done,2026-06-07T07:14:42+00:00
slong2281,done,2026-06-07T07:15:18+00:00
slothcatswing,done,2026-06-07T07:15:29+00:00
slowpoisonx,done,2026-06-07T07:15:42+00:00
slugmane,done,2026-06-07T07:15:59+00:00
slushiel,done,2026-06-07T07:16:14+00:00
slvqtre,done,2026-06-07T07:16:50+00:00
sly04,done,2026-06-07T07:17:04+00:00
smallafol,done,2026-06-07T07:17:28+00:00
smannn,done,2026-06-07T07:17:39+00:00
smar1e,done,2026-06-07T07:18:03+00:00
smarty_pantz,done,2026-06-07T07:18:34+00:00
smegguz,done,2026-06-07T07:18:46+00:00
smhunt2nd,done,2026-06-07T07:19:07+00:00
smilingallday,done,2026-06-07T07:19:31+00:00
smishaske,done,2026-06-07T07:19:45+00:00
smitherenes,done,2026-06-07T07:20:27+00:00
smitti9,done,2026-06-07T07:20:42+00:00
smmxv,done,2026-06-07T07:20:54+00:00
smokenugget,done,2026-06-07T07:21:11+00:00
smrithiwtf,done,2026-06-07T07:21:23+00:00
smsillimites,done,2026-06-07T07:21:58+00:00
smurphy_nerd,done,2026-06-07T07:22:13+00:00
smy4,done,2026-06-07T07:22:25+00:00
smyther,done,2026-06-07T07:22:48+00:00
snail_13,done,2026-06-07T07:22:58+00:00
sneh24,done,2026-06-07T07:23:40+00:00
snickersbar74,done,2026-06-07T07:23:54+00:00
snmss,done,2026-06-07T07:24:05+00:00
snoozygato,done,2026-06-07T07:24:26+00:00
snowfennec,done,2026-06-07T07:24:42+00:00
snowy9332,done,2026-06-07T07:25:15+00:00
snowydelta,done,2026-06-07T07:25:28+00:00
soapapoap,done,2026-06-07T07:25:47+00:00
soareszinnn,done,2026-06-07T07:26:04+00:00
sobhanghare,done,2026-06-07T07:26:25+00:00
socksmeller,done,2026-06-07T07:26:53+00:00
socratitys,done,2026-06-07T07:27:06+00:00
sofiaaapre,done,2026-06-07T07:27:21+00:00
sofiaagc27,done,2026-06-07T07:27:33+00:00
sofiababydoll,done,2026-06-07T07:27:47+00:00
sofiabosi,done,2026-06-07T07:28:22+00:00
sofiagomez11,done,2026-06-07T07:28:41+00:00
sofifi765,done,2026-06-07T07:28:56+00:00
soft_tali,done,2026-06-07T07:29:11+00:00
soinvain,done,2026-06-07T07:29:27+00:00
solarisanima,done,2026-06-07T07:29:56+00:00
solarsy,done,2026-06-07T07:30:10+00:00
solasterer,done,2026-06-07T07:30:31+00:00
solletico,done,2026-06-07T07:30:45+00:00
solmistz,done,2026-06-07T07:30:59+00:00
solo_camilo,done,2026-06-07T07:31:32+00:00
solskenmoi,done,2026-06-07T07:31:46+00:00
solzf4vfilmz,done,2026-06-07T07:32:02+00:00
somaybatagor,done,2026-06-07T07:32:13+00:00
some1frompluto,done,2026-06-07T07:32:25+00:00
someadjective,done,2026-06-07T07:32:54+00:00
somelala,done,2026-06-07T07:33:08+00:00
someoneistyping,done,2026-06-07T07:33:20+00:00
someoneme,done,2026-06-07T07:33:36+00:00
sonal_,done,2026-06-07T07:33:53+00:00
sondontwantfish,done,2026-06-07T07:34:32+00:00
soniaalic,done,2026-06-07T07:34:44+00:00
sonitb,done,2026-06-07T07:34:55+00:00
sonjathelover,done,2026-06-07T07:35:15+00:00
sonofjack2,done,2026-06-07T07:35:38+00:00
sonsigm,done,2026-06-07T07:36:07+00:00
sonsycow,done,2026-06-07T07:36:26+00:00
sonusood,done,2026-06-07T07:36:39+00:00
soobased7,done,2026-06-07T07:36:58+00:00
soph_star,done,2026-06-07T07:37:15+00:00
sophfiey,done,2026-06-07T07:37:44+00:00
sophia_31,done,2026-06-07T07:37:57+00:00
sophiasearle,done,2026-06-07T07:38:16+00:00
sophie_3008,done,2026-06-07T07:38:27+00:00
sophiedbrot,done,2026-06-07T07:38:39+00:00
sophiee2456,done,2026-06-07T07:39:10+00:00
sophiemillie,done,2026-06-07T07:39:23+00:00
sophiep01,done,2026-06-07T07:39:38+00:00
sophiermiller,done,2026-06-07T07:39:58+00:00
sophiware,done,2026-06-07T07:40:14+00:00
sorayajo,done,2026-06-07T07:40:42+00:00
sorayamaulida,done,2026-06-07T07:41:01+00:00
sorialk2000,done,2026-06-07T07:41:12+00:00
soskova,done,2026-06-07T07:41:26+00:00
sottenli,done,2026-06-07T07:41:40+00:00
soulacee,done,2026-06-07T07:41:56+00:00
souperswag,done,2026-06-07T07:42:15+00:00
soupnotsalad1,done,2026-06-07T07:42:29+00:00
sourcurd,done,2026-06-07T07:42:43+00:00
sousouu_e,done,2026-06-07T07:43:14+00:00
soviaalg,done,2026-06-07T07:43:32+00:00
sowhimsicalphie,done,2026-06-07T07:43:45+00:00
soyrogelio,done,2026-06-07T07:44:01+00:00
sparfuu,done,2026-06-07T07:44:17+00:00
sparkles_222,done,2026-06-07T07:44:48+00:00
sparklyunipoo12,done,2026-06-07T07:45:01+00:00
sparrow74,done,2026-06-07T07:45:18+00:00
spartan_phoenix,done,2026-06-07T07:45:34+00:00
spderjm,done,2026-06-07T07:45:50+00:00
spenceralmdal,done,2026-06-07T07:46:26+00:00
spencerleibold,done,2026-06-07T07:46:47+00:00
spicylemons121,done,2026-06-07T07:47:01+00:00
spicypinklady,done,2026-06-07T07:47:15+00:00
spicytexadilla,done,2026-06-07T07:47:29+00:00
spidey_m,done,2026-06-07T07:47:57+00:00
spideyosc,done,2026-06-07T07:48:14+00:00
spinosoarus,done,2026-06-07T07:48:23+00:00
spiralking420,done,2026-06-07T07:48:36+00:00
spo0okz,done,2026-06-07T07:48:51+00:00
spolow,done,2026-06-07T07:49:23+00:00
spookus_,done,2026-06-07T07:49:43+00:00
spookysho,done,2026-06-07T07:49:53+00:00
spookyx3,done,2026-06-07T07:50:11+00:00
spreehasingh,done,2026-06-07T07:50:22+00:00
spxrkyy,done,2026-06-07T07:50:52+00:00
spyndelle,done,2026-06-07T07:51:11+00:00
squashysoup,done,2026-06-07T07:51:26+00:00
squidmeats,done,2026-06-07T07:51:46+00:00
squillthonius,done,2026-06-07T07:52:10+00:00
sreya105,done,2026-06-07T07:52:45+00:00
sreyashw,done,2026-06-07T07:53:06+00:00
srijansinghgaur,done,2026-06-07T07:53:28+00:00
srishapiraba,done,2026-06-07T07:53:41+00:00
srmeov,done,2026-06-07T07:53:55+00:00
srv1138,done,2026-06-07T07:54:35+00:00
ssb1969,done,2026-06-07T07:54:53+00:00
ssd_,done,2026-06-07T07:55:06+00:00
sshinramen,done,2026-06-07T07:55:19+00:00
ssinii,done,2026-06-07T07:55:39+00:00
ssnjgz,done,2026-06-07T07:56:09+00:00
ssoccorsy,done,2026-06-07T07:56:24+00:00
ssred,done,2026-06-07T07:56:42+00:00
sst4rg1rl_,done,2026-06-07T07:56:55+00:00
sszndm,done,2026-06-07T07:57:05+00:00
st3ffan,done,2026-06-07T07:57:37+00:00
standupguy73,done,2026-06-07T07:57:53+00:00
stanley_kubrick,done,2026-06-07T07:58:11+00:00
starczar,done,2026-06-07T07:58:31+00:00
stargiri,done,2026-06-07T07:58:53+00:00
starpirahna,done,2026-06-07T07:59:26+00:00
starringmachine,done,2026-06-07T07:59:49+00:00
starryycosmos,done,2026-06-07T08:00:02+00:00
starsxmoon,done,2026-06-07T08:00:19+00:00
starw11zz,done,2026-06-07T08:00:30+00:00
staticcentral,done,2026-06-07T08:01:07+00:00
steakherz14,done,2026-06-07T08:01:21+00:00
stebancharris,done,2026-06-07T08:01:40+00:00
steliii,done,2026-06-07T08:01:55+00:00
steliossss,done,2026-06-07T08:02:16+00:00
stellabricot,done,2026-06-07T08:02:51+00:00
stellinabaxter,done,2026-06-07T08:03:06+00:00
steph_222,done,2026-06-07T08:03:25+00:00
stephadams,done,2026-06-07T08:03:40+00:00
stephenf1991,done,2026-06-07T08:03:56+00:00
stephman01,done,2026-06-07T08:04:26+00:00
steve42_,done,2026-06-07T08:04:41+00:00
steven4,done,2026-06-07T08:05:01+00:00
stevenmk,done,2026-06-07T08:05:12+00:00
stevenrreyes,done,2026-06-07T08:05:30+00:00
stevensuptic,done,2026-06-07T08:06:09+00:00
stevenwaaang,done,2026-06-07T08:06:28+00:00
stfuesyz,done,2026-06-07T08:06:49+00:00
stfunatii,done,2026-06-07T08:07:03+00:00
stillso_blue,done,2026-06-07T08:07:20+00:00
stillwthu,done,2026-06-07T08:07:49+00:00
stinkyy68,done,2026-06-07T08:08:01+00:00
stitchnbitch,done,2026-06-07T08:08:18+00:00
stizell,done,2026-06-07T08:08:32+00:00
stnz_tnz,done,2026-06-07T08:08:44+00:00
stopan,done,2026-06-07T08:09:20+00:00
stovetopmosaic,done,2026-06-07T08:09:37+00:00
str4ycat,done,2026-06-07T08:09:55+00:00
strahlex_,done,2026-06-07T08:10:07+00:00
strangenesss,done,2026-06-07T08:10:22+00:00
straubrey_jam,done,2026-06-07T08:10:59+00:00
strawbiae,done,2026-06-07T08:11:13+00:00
stressedpain,done,2026-06-07T08:11:26+00:00
strewnberry,done,2026-06-07T08:11:40+00:00
strng,done,2026-06-07T08:11:54+00:00
struzzella,done,2026-06-07T08:12:27+00:00
strwberrylix,done,2026-06-07T08:12:40+00:00
stucco_777,done,2026-06-07T08:12:55+00:00
stutipatel_01,done,2026-06-07T08:13:10+00:00
stweebert,done,2026-06-07T08:13:31+00:00
stwrrf1shh,done,2026-06-07T08:14:06+00:00
stylee,done,2026-06-07T08:14:26+00:00
stylestaylor,done,2026-06-07T08:14:47+00:00
sugarplumxx,done,2026-06-07T08:15:00+00:00
sugurusbaby,done,2026-06-07T08:15:16+00:00
suhanigp,done,2026-06-07T08:15:45+00:00
suicideletter,done,2026-06-07T08:15:59+00:00
suiii_man,done,2026-06-07T08:16:12+00:00
suitehearts_,done,2026-06-07T08:16:31+00:00
sulkingirl,done,2026-06-07T08:16:48+00:00
sumayyaph,done,2026-06-07T08:17:23+00:00
sumitsarkar,done,2026-06-07T08:17:36+00:00
sun_sun,done,2026-06-07T08:17:57+00:00
sunainaxu,done,2026-06-07T08:18:13+00:00
sunburntsnail,done,2026-06-07T08:18:30+00:00
sundhar_daniel,done,2026-06-07T08:19:05+00:00
suneiku,done,2026-06-07T08:19:18+00:00
sunflower101,done,2026-06-07T08:19:28+00:00
sungutlele,done,2026-06-07T08:19:40+00:00
sunh2o_,done,2026-06-07T08:19:53+00:00
sunnysidepiper,done,2026-06-07T08:20:30+00:00
sunshine200999,done,2026-06-07T08:20:47+00:00
supcaitlin,done,2026-06-07T08:21:11+00:00
superede,done,2026-06-07T08:21:24+00:00
superflashyaj,done,2026-06-07T08:21:45+00:00
supergnome,done,2026-06-07T08:22:21+00:00
superk1w1,done,2026-06-07T08:22:42+00:00
superlark,done,2026-06-07T08:22:55+00:00
superpooh54,done,2026-06-07T08:23:11+00:00
supershymomma,done,2026-06-07T08:23:33+00:00
supersthur,done,2026-06-07T08:24:07+00:00
supriyayaa,done,2026-06-07T08:24:26+00:00
suresh_p,done,2026-06-07T08:24:48+00:00
surphy__7,done,2026-06-07T08:25:02+00:00
sushiissexy,done,2026-06-07T08:25:14+00:00
sushixi,done,2026-06-07T08:25:56+00:00
susie_j,done,2026-06-07T08:26:15+00:00
susriios,done,2026-06-07T08:26:28+00:00
suz3300,done,2026-06-07T08:26:41+00:00
svetlanacozette,done,2026-06-07T08:26:55+00:00
svgeorgiev_,done,2026-06-07T08:27:25+00:00
swaghissimo,done,2026-06-07T08:27:39+00:00
swagkatia,done,2026-06-07T08:27:51+00:00
swagstains,done,2026-06-07T08:28:04+00:00
swannys,done,2026-06-07T08:28:20+00:00
swastimovies,done,2026-06-07T08:28:54+00:00
sweeetlikecandy,done,2026-06-07T08:29:09+00:00
swilson19,done,2026-06-07T08:29:24+00:00
swimmer690,done,2026-06-07T08:29:37+00:00
swisteria,done,2026-06-07T08:29:49+00:00
swmayaa,done,2026-06-07T08:30:19+00:00
swrh1,done,2026-06-07T08:30:29+00:00
swts,done,2026-06-07T08:30:49+00:00
sxmxxll,done,2026-06-07T08:31:00+00:00
sxnkavii,done,2026-06-07T08:31:10+00:00
sxyz,done,2026-06-07T08:31:42+00:00
syaetine,done,2026-06-07T08:32:04+00:00
syahrani,done,2026-06-07T08:32:22+00:00
sybellaaa,done,2026-06-07T08:32:34+00:00
sychee,done,2026-06-07T08:32:52+00:00
sychicho,done,2026-06-07T08:33:34+00:00
sydkne17,done,2026-06-07T08:33:45+00:00
syhmj,done,2026-06-07T08:34:02+00:00
sylvantisd,done,2026-06-07T08:34:13+00:00
sylvie_53,done,2026-06-07T08:34:31+00:00
sylvieflorence,done,2026-06-07T08:35:12+00:00
sylzia,done,2026-06-07T08:35:23+00:00
syrke,done,2026-06-07T08:35:41+00:00
szndaquarium,done,2026-06-07T08:35:56+00:00
szyba64,done,2026-06-07T08:36:08+00:00
t3lly_wuw,done,2026-06-07T08:36:50+00:00
t4319,done,2026-06-07T08:37:03+00:00
t4hi3l,done,2026-06-07T08:37:15+00:00
t4nku,done,2026-06-07T08:37:31+00:00
t_majewskaa,done,2026-06-07T08:37:49+00:00
taawa,done,2026-06-07T08:38:26+00:00
tacobela55,done,2026-06-07T08:38:44+00:00
taffetagrain,done,2026-06-07T08:38:58+00:00
tahaaahmed,done,2026-06-07T08:39:13+00:00
taimoork,done,2026-06-07T08:39:26+00:00
taintsizzler,done,2026-06-07T08:40:12+00:00
taksha_,done,2026-06-07T08:40:23+00:00
takujl,done,2026-06-07T08:40:34+00:00
takumoon,done,2026-06-07T08:40:48+00:00
taliafolos,done,2026-06-07T08:41:06+00:00
taliaofnash,done,2026-06-07T08:41:47+00:00
talitabeker,done,2026-06-07T08:42:03+00:00
tallion99,done,2026-06-07T08:42:20+00:00
talyntdartist,done,2026-06-07T08:42:43+00:00
tamar_rat,done,2026-06-07T08:43:05+00:00
tammywatchfilm,done,2026-06-07T08:43:44+00:00
tams_take,done,2026-06-07T08:44:04+00:00
tamsiyel,done,2026-06-07T08:44:33+00:00
tan69,done,2026-06-07T08:44:55+00:00
tanmaysinha,done,2026-06-07T08:45:10+00:00
tanookimario,done,2026-06-07T08:45:56+00:00
taraaa_a,done,2026-06-07T08:46:08+00:00
taraberger3,done,2026-06-07T08:46:24+00:00
tarasateo,done,2026-06-07T08:46:39+00:00
tarekemir,done,2026-06-07T08:46:55+00:00
targinop,done,2026-06-07T08:47:36+00:00
tarisainsani,done,2026-06-07T08:47:53+00:00
tartaborowkowa,done,2026-06-07T08:48:10+00:00
tartigrade,done,2026-06-07T08:48:20+00:00
tashadinicol,done,2026-06-07T08:48:43+00:00
tasoo1313,done,2026-06-07T08:49:31+00:00
tatavan,done,2026-06-07T08:49:49+00:00
tatian08,done,2026-06-07T08:50:10+00:00
taychaun,done,2026-06-07T08:50:24+00:00
taylorest,done,2026-06-07T08:50:37+00:00
taylormary615,done,2026-06-07T08:51:16+00:00
taynnafb,done,2026-06-07T08:51:33+00:00
taytay882,done,2026-06-07T08:51:47+00:00
tayty94,done,2026-06-07T08:52:02+00:00
tboirivant,done,2026-06-07T08:52:24+00:00
tcantelo,done,2026-06-07T08:53:26+00:00
tcniia,done,2026-06-07T08:53:48+00:00
teacoffee01,done,2026-06-07T08:54:02+00:00
teaix,done,2026-06-07T08:54:26+00:00
tearifictuness,done,2026-06-07T08:54:40+00:00
tearsces,done,2026-06-07T08:55:33+00:00
teddleslll,done,2026-06-07T08:55:53+00:00
teddyguy,done,2026-06-07T08:56:13+00:00
tedtheologan,done,2026-06-07T08:56:34+00:00
teengall,done,2026-06-07T08:56:48+00:00
tellerren,done,2026-06-07T08:57:31+00:00
temavtb,done,2026-06-07T08:57:44+00:00
tenessi,done,2026-06-07T08:57:57+00:00
tengneng,done,2026-06-07T08:58:21+00:00
tenkaghoul,done,2026-06-07T08:58:33+00:00
tennies,done,2026-06-07T08:59:14+00:00
tenppo,done,2026-06-07T08:59:26+00:00
teomanu,done,2026-06-07T08:59:37+00:00
tep7z,done,2026-06-07T08:59:52+00:00
teresa1414,done,2026-06-07T09:00:04+00:00
termomacarron,done,2026-06-07T09:00:47+00:00
terraqueouspp,done,2026-06-07T09:01:07+00:00
terroncitopro,done,2026-06-07T09:01:22+00:00
tessacarrabba,done,2026-06-07T09:01:39+00:00
tesseyz,done,2026-06-07T09:01:55+00:00
testolinemma,done,2026-06-07T09:02:26+00:00
teyoz,done,2026-06-07T09:02:45+00:00
tg_plants,done,2026-06-07T09:02:55+00:00
tgiard,done,2026-06-07T09:03:09+00:00
tgrubbs803,done,2026-06-07T09:03:26+00:00
tgwdlm,done,2026-06-07T09:04:05+00:00
th3lostsanity,done,2026-06-07T09:04:22+00:00
thacheff,done,2026-06-07T09:04:33+00:00
thaevnaath,done,2026-06-07T09:04:49+00:00
thaggiee,done,2026-06-07T09:05:08+00:00
thaleleiner,done,2026-06-07T09:05:38+00:00
thaliajay,done,2026-06-07T09:05:54+00:00
thannatos,done,2026-06-07T09:06:11+00:00
thanos5408,done,2026-06-07T09:06:27+00:00
thaqifazmn,done,2026-06-07T09:06:40+00:00
tharwatzakaria,done,2026-06-07T09:07:08+00:00
the27man,done,2026-06-07T09:07:28+00:00
the80swerecool,done,2026-06-07T09:07:49+00:00
thebeekeeper37,done,2026-06-07T09:08:08+00:00
thebigbug,done,2026-06-07T09:08:19+00:00
thebrieffect,done,2026-06-07T09:08:44+00:00
thechinema,done,2026-06-07T09:08:59+00:00
thedonofclt,done,2026-06-07T09:09:10+00:00
thedopeknight,done,2026-06-07T09:09:30+00:00
thedude1992,done,2026-06-07T09:09:43+00:00
thefortdanum,done,2026-06-07T09:10:13+00:00
thegreatswar,done,2026-06-07T09:10:33+00:00
thehollyland,done,2026-06-07T09:10:44+00:00
thejosephhh,done,2026-06-07T09:11:04+00:00
thelifeofjulek,done,2026-06-07T09:11:22+00:00
thelostpickle,done,2026-06-07T09:12:01+00:00
thenobodys,done,2026-06-07T09:12:12+00:00
thenotoriousppv,done,2026-06-07T09:12:38+00:00
theodwarf,done,2026-06-07T09:12:56+00:00
theoffice072,done,2026-06-07T09:13:19+00:00
theopf,done,2026-06-07T09:13:53+00:00
theorderofdeath,done,2026-06-07T09:14:04+00:00
theostml,done,2026-06-07T09:14:19+00:00
theperksoflife,done,2026-06-07T09:14:34+00:00
thepetermc,done,2026-06-07T09:14:48+00:00
theresjustnoway,done,2026-06-07T09:15:19+00:00
therllyfatcat,done,2026-06-07T09:15:34+00:00
thesastrerafael,done,2026-06-07T09:15:50+00:00
thesoloist47,done,2026-06-07T09:16:01+00:00
thesteinsgate,done,2026-06-07T09:16:12+00:00
thesuperpan,done,2026-06-07T09:16:54+00:00
theundyingcoat,done,2026-06-07T09:17:09+00:00
thevirtuoso,done,2026-06-07T09:17:21+00:00
thewickerman,done,2026-06-07T09:17:47+00:00
thewoman65,done,2026-06-07T09:18:07+00:00
theworshiper,done,2026-06-07T09:18:36+00:00
thinknotspeak,done,2026-06-07T09:18:52+00:00
thinkstink,done,2026-06-07T09:19:12+00:00
thirdlens,done,2026-06-07T09:19:35+00:00
thiru_srm,done,2026-06-07T09:19:51+00:00
thisaraneo,done,2026-06-07T09:20:31+00:00
thlx63,done,2026-06-07T09:20:44+00:00
thom_dumonceau,done,2026-06-07T09:20:57+00:00
thomaejflfbs,done,2026-06-07T09:21:11+00:00
thomashayess,done,2026-06-07T09:21:29+00:00
thomasrohrich,done,2026-06-07T09:22:05+00:00
thomyrbl,done,2026-06-07T09:22:18+00:00
thoooom34,done,2026-06-07T09:22:29+00:00
thotsdump,done,2026-06-07T09:22:42+00:00
thoughtsofjulia,done,2026-06-07T09:22:58+00:00
thracks,done,2026-06-07T09:23:26+00:00
thrfs,done,2026-06-07T09:23:39+00:00
thugany,done,2026-06-07T09:24:00+00:00
thumb51,done,2026-06-07T09:24:21+00:00
thursdygirl,done,2026-06-07T09:24:41+00:00
thuuthuu,done,2026-06-07T09:25:11+00:00
thvthrain,done,2026-06-07T09:25:24+00:00
thxbtw_,done,2026-06-07T09:25:41+00:00
tiagoo03,done,2026-06-07T09:25:54+00:00
tiagz952,done,2026-06-07T09:26:05+00:00
ticatacitoe,done,2026-06-07T09:26:40+00:00
tictactucker,done,2026-06-07T09:26:58+00:00
tiffiecambe,done,2026-06-07T09:27:14+00:00
tifraazz,done,2026-06-07T09:27:27+00:00
tilbyanne,done,2026-06-07T09:27:38+00:00
tildaengvers,done,2026-06-07T09:28:04+00:00
tim_hoeher,done,2026-06-07T09:28:21+00:00
timbrvt,done,2026-06-07T09:28:39+00:00
timdenevan,done,2026-06-07T09:29:00+00:00
timmy_time23,done,2026-06-07T09:29:13+00:00
timo_72,done,2026-06-07T09:29:46+00:00
timtamsahur,done,2026-06-07T09:30:00+00:00
timvarton,done,2026-06-07T09:30:18+00:00
timvlkh,done,2026-06-07T09:30:40+00:00
tina_sanctus,done,2026-06-07T09:30:55+00:00
tinhphuong,done,2026-06-07T09:31:27+00:00
tinooi,done,2026-06-07T09:31:39+00:00
tinqywinqy,done,2026-06-07T09:31:58+00:00
tinyelepthant,done,2026-06-07T09:32:13+00:00
tinytini,done,2026-06-07T09:32:33+00:00
tiprat,done,2026-06-07T09:33:12+00:00
tir4zy,done,2026-06-07T09:33:23+00:00
tiraimilia,done,2026-06-07T09:33:37+00:00
tiramizyou,done,2026-06-07T09:34:00+00:00
tiredbreadd,done,2026-06-07T09:34:19+00:00
titanicbee,done,2026-06-07T09:34:50+00:00
titanrussell,done,2026-06-07T09:34:59+00:00
titibooooooooy,done,2026-06-07T09:35:09+00:00
titouan_malice,done,2026-06-07T09:35:23+00:00
titsss,done,2026-06-07T09:35:42+00:00
titus8,done,2026-06-07T09:36:16+00:00
tiuccido,done,2026-06-07T09:36:29+00:00
tizizzm,done,2026-06-07T09:36:42+00:00
tjmurr,done,2026-06-07T09:36:53+00:00
tjonthewall,done,2026-06-07T09:37:09+00:00
tkatsu,done,2026-06-07T09:37:33+00:00
tleye,done,2026-06-07T09:37:50+00:00
tmancaz,done,2026-06-07T09:38:06+00:00
tmcnwy,done,2026-06-07T09:38:24+00:00
tmq10,done,2026-06-07T09:38:37+00:00
tmuh14,done,2026-06-07T09:39:07+00:00
tn9934,done,2026-06-07T09:39:21+00:00
toaog,done,2026-06-07T09:39:41+00:00
toastbot,done,2026-06-07T09:39:53+00:00
toebus,done,2026-06-07T09:40:07+00:00
toelicker78,done,2026-06-07T09:40:23+00:00
tofiupoke,done,2026-06-07T09:40:35+00:00
tofu_4_u,done,2026-06-07T09:40:50+00:00
tojazos,done,2026-06-07T09:41:06+00:00
tom6655,done,2026-06-07T09:41:34+00:00
tomcharman,done,2026-06-07T09:41:52+00:00
tomchristopher,done,2026-06-07T09:42:04+00:00
tomcody,done,2026-06-07T09:42:25+00:00
tomeke33,done,2026-06-07T09:42:39+00:00
tomfrommyspace,done,2026-06-07T09:43:10+00:00
tomgoire,done,2026-06-07T09:43:33+00:00
tomhooley,done,2026-06-07T09:43:53+00:00
tomlitt,done,2026-06-07T09:44:02+00:00
tommyrb,done,2026-06-07T09:44:27+00:00
tomrodrigues__,done,2026-06-07T09:44:56+00:00
tong333,done,2026-06-07T09:45:12+00:00
toniforero,done,2026-06-07T09:45:26+00:00
toniounemployed,done,2026-06-07T09:45:39+00:00
tonkpunk,done,2026-06-07T09:45:58+00:00
tonniily,done,2026-06-07T09:46:26+00:00
toottuba,done,2026-06-07T09:46:47+00:00
torie88,done,2026-06-07T09:47:10+00:00
torleifdm,done,2026-06-07T09:47:25+00:00
tortuga88,done,2026-06-07T09:47:41+00:00
torzidorzi,done,2026-06-07T09:48:11+00:00
toscaanee,done,2026-06-07T09:48:26+00:00
toshinome,done,2026-06-07T09:48:41+00:00
totiealmond321,done,2026-06-07T09:48:57+00:00
tporto,done,2026-06-07T09:49:09+00:00
tr4cslz,done,2026-06-07T09:49:40+00:00
tr4shcanlover,done,2026-06-07T09:49:52+00:00
tracywk,done,2026-06-07T09:50:06+00:00
trainstain,done,2026-06-07T09:50:23+00:00
traiuzel,done,2026-06-07T09:50:37+00:00
trall,done,2026-06-07T09:51:09+00:00
trancenstuff,done,2026-06-07T09:51:31+00:00
translatedoggie,done,2026-06-07T09:51:43+00:00
trapgouz,done,2026-06-07T09:52:06+00:00
trapizomba,done,2026-06-07T09:52:26+00:00
traviasty,done,2026-06-07T09:52:55+00:00
tref_,done,2026-06-07T09:53:14+00:00
treritch,done,2026-06-07T09:53:34+00:00
treshaiim,done,2026-06-07T09:53:54+00:00
triggeredjoce,done,2026-06-07T09:54:19+00:00
trigi87,done,2026-06-07T09:54:51+00:00
trinstarr,done,2026-06-07T09:55:10+00:00
triplequatro_,done,2026-06-07T09:55:23+00:00
trishvik,done,2026-06-07T09:55:33+00:00
tristanmichael,done,2026-06-07T09:55:47+00:00
trnnxm,done,2026-06-07T09:56:14+00:00
trtreiber,done,2026-06-07T09:56:23+00:00
truecappking713,done,2026-06-07T09:56:36+00:00
trujo007,done,2026-06-07T09:56:48+00:00
trungbatto,done,2026-06-07T09:57:03+00:00
tsawk,done,2026-06-07T09:57:34+00:00
tsieve,done,2026-06-07T09:57:47+00:00
tsofa,done,2026-06-07T09:57:57+00:00
tstevens1994,done,2026-06-07T09:58:18+00:00
ttam91,done,2026-06-07T09:58:40+00:00
ttritone,done,2026-06-07T09:59:10+00:00
tubt000,done,2026-06-07T09:59:21+00:00
tufyy,done,2026-06-07T09:59:34+00:00
tuistrong,done,2026-06-07T09:59:57+00:00
tunahanenoz,done,2026-06-07T10:00:12+00:00
tuningwitch,done,2026-06-07T10:00:47+00:00
tur_18,done,2026-06-07T10:01:03+00:00
turtlechamp06,done,2026-06-07T10:01:20+00:00
turtyslick,done,2026-06-07T10:01:38+00:00
tusanny,done,2026-06-07T10:01:54+00:00
tushyoo,done,2026-06-07T10:02:29+00:00
tuttitras,done,2026-06-07T10:02:44+00:00
tuxeado,done,2026-06-07T10:03:00+00:00
tuyay,done,2026-06-07T10:03:18+00:00
twardnotaway,done,2026-06-07T10:03:38+00:00
twenkitty,done,2026-06-07T10:04:14+00:00
twenty7__,done,2026-06-07T10:04:32+00:00
twojstary2137,done,2026-06-07T10:04:45+00:00
txnyfly,done,2026-06-07T10:04:55+00:00
txrzo,done,2026-06-07T10:05:17+00:00
ty_berries,done,2026-06-07T10:05:47+00:00
ty_walton,done,2026-06-07T10:06:09+00:00
tyasher,done,2026-06-07T10:06:22+00:00
tylerbest12,done,2026-06-07T10:06:43+00:00
tylerbrown42,done,2026-06-07T10:07:00+00:00
tylerchimarusti,done,2026-06-07T10:07:27+00:00
tylerd49,done,2026-06-07T10:07:42+00:00
tylerskywalker,done,2026-06-07T10:08:03+00:00
tymophile,done,2026-06-07T10:08:22+00:00
typozz,done,2026-06-07T10:08:35+00:00
tyr4u,done,2026-06-07T10:09:28+00:00
tysonmoriarty,done,2026-06-07T10:09:38+00:00
tz_ara,done,2026-06-07T10:10:00+00:00
uberrudo,done,2026-06-07T10:10:23+00:00
ucarolaraujo,done,2026-06-07T10:10:46+00:00
udhaya_ud,done,2026-06-07T10:11:26+00:00
udomsay,done,2026-06-07T10:11:43+00:00
ufiyy,done,2026-06-07T10:11:52+00:00
ughitslin,done,2026-06-07T10:12:07+00:00
uhgnunyabiz,done,2026-06-07T10:12:24+00:00
uhjacky,done,2026-06-07T10:12:56+00:00
uiuubvggy1233,done,2026-06-07T10:13:08+00:00
ukeicinema64,done,2026-06-07T10:13:21+00:00
ulisesdelsjo,done,2026-06-07T10:13:40+00:00
ulisseps,done,2026-06-07T10:13:55+00:00
ultra_vi0let,done,2026-06-07T10:14:32+00:00
unaaverse,done,2026-06-07T10:14:44+00:00
undeadmlv,done,2026-06-07T10:14:56+00:00
unfoldedbouquet,done,2026-06-07T10:15:10+00:00
ungovict,done,2026-06-07T10:15:28+00:00
unpeuflou,done,2026-06-07T10:16:00+00:00
unsospiro,done,2026-06-07T10:16:14+00:00
unwellspiral,done,2026-06-07T10:16:25+00:00
unwhippedkarim,done,2026-06-07T10:16:42+00:00
upthera1,done,2026-06-07T10:16:54+00:00
urielheraas,done,2026-06-07T10:17:25+00:00
urielradz,done,2026-06-07T10:17:42+00:00
urm_caca5,done,2026-06-07T10:17:53+00:00
us0ppu,done,2026-06-07T10:18:06+00:00
user126,done,2026-06-07T10:18:21+00:00
user29922,done,2026-06-07T10:19:00+00:00
user48392973,done,2026-06-07T10:19:12+00:00
useriscranky,done,2026-06-07T10:19:28+00:00
usernamexx,done,2026-06-07T10:19:44+00:00
usowww66,done,2026-06-07T10:19:58+00:00
uuhlexiuuh,done,2026-06-07T10:20:30+00:00
uurkypk,done,2026-06-07T10:20:41+00:00
uvares,done,2026-06-07T10:20:55+00:00
uveges,done,2026-06-07T10:21:12+00:00
uzair_ahmed,done,2026-06-07T10:21:26+00:00
v1ll4in,done,2026-06-07T10:22:05+00:00
v8iisaac,done,2026-06-07T10:22:16+00:00
vaidehijav,done,2026-06-07T10:22:27+00:00
vaishank3_314,done,2026-06-07T10:22:44+00:00
vaishuu9,done,2026-06-07T10:23:04+00:00
vajane,done,2026-06-07T10:23:47+00:00
valarajaei,done,2026-06-07T10:24:02+00:00
valarieeeee,done,2026-06-07T10:24:17+00:00
valarr22,done,2026-06-07T10:24:27+00:00
valeeee02,done,2026-06-07T10:24:40+00:00
valenborges,done,2026-06-07T10:25:23+00:00
valentin_llr,done,2026-06-07T10:25:35+00:00
valentinaaa___,done,2026-06-07T10:25:53+00:00
valentincsng,done,2026-06-07T10:26:05+00:00
valerievalesska,done,2026-06-07T10:26:26+00:00
valesita_lix,done,2026-06-07T10:27:09+00:00
valu0,done,2026-06-07T10:27:20+00:00
vampire_lvvr,done,2026-06-07T10:27:39+00:00
vampire_queen_,done,2026-06-07T10:27:53+00:00
vampiricleft,done,2026-06-07T10:28:11+00:00
vampkot,done,2026-06-07T10:28:45+00:00
vanderlindy,done,2026-06-07T10:29:06+00:00
vanfauzii,done,2026-06-07T10:29:24+00:00
vanillabeebs,done,2026-06-07T10:29:36+00:00
vanillaisheree,done,2026-06-07T10:29:59+00:00
vapordiscs,done,2026-06-07T10:30:33+00:00
varelina,done,2026-06-07T10:30:43+00:00
varo666,done,2026-06-07T10:30:53+00:00
vasi99,done,2026-06-07T10:31:05+00:00
vassudagama,done,2026-06-07T10:31:18+00:00
vasuiie,done,2026-06-07T10:31:58+00:00
vatsofgoo,done,2026-06-07T10:32:14+00:00
vctoriaia,done,2026-06-07T10:32:25+00:00
vdoffy,done,2026-06-07T10:32:39+00:00
vedagor,done,2026-06-07T10:32:51+00:00
vedanshipatel,done,2026-06-07T10:33:31+00:00
vedran_101,done,2026-06-07T10:33:44+00:00
veermehta,done,2026-06-07T10:33:57+00:00
veershah1109,done,2026-06-07T10:34:13+00:00
veevii,done,2026-06-07T10:34:22+00:00
vegack,done,2026-06-07T10:34:57+00:00
veggieshriah,done,2026-06-07T10:35:10+00:00
velbard,done,2026-06-07T10:35:29+00:00
vemilo208,done,2026-06-07T10:35:40+00:00
vendokarina,done,2026-06-07T10:35:52+00:00
veralun,done,2026-06-07T10:36:23+00:00
vernlien,done,2026-06-07T10:36:44+00:00
veronicachgo,done,2026-06-07T10:37:00+00:00
veronicanichols,done,2026-06-07T10:37:14+00:00
vesgetz,done,2026-06-07T10:37:32+00:00
vesth,done,2026-06-07T10:38:10+00:00
vexitri,done,2026-06-07T10:38:22+00:00
vhscreep,done,2026-06-07T10:38:47+00:00
vibethief,done,2026-06-07T10:39:04+00:00
vibhor03,done,2026-06-07T10:39:18+00:00
vibhor137,done,2026-06-07T10:39:49+00:00
vibingtomovies,done,2026-06-07T10:40:12+00:00
vichyy_,done,2026-06-07T10:40:27+00:00
vickilee90,done,2026-06-07T10:40:41+00:00
vicky_isuny,done,2026-06-07T10:41:02+00:00
vict0riaav,done,2026-06-07T10:41:38+00:00
victo_pscl,done,2026-06-07T10:41:59+00:00
victoriamp4,done,2026-06-07T10:42:17+00:00
victromz,done,2026-06-07T10:42:35+00:00
vidal12,done,2026-06-07T10:42:49+00:00
viduuusdjxnmd,done,2026-06-07T10:43:21+00:00
viggobrinch,done,2026-06-07T10:43:40+00:00
vignesh1001,done,2026-06-07T10:44:00+00:00
vikaaa_cl,done,2026-06-07T10:44:16+00:00
vikki_0,done,2026-06-07T10:44:41+00:00
vikt0303,done,2026-06-07T10:45:14+00:00
vilain_chacal,done,2026-06-07T10:45:31+00:00
vili_h,done,2026-06-07T10:45:54+00:00
villainforfun,done,2026-06-07T10:46:15+00:00
vilmakatrine,done,2026-06-07T10:46:31+00:00
vilmav,done,2026-06-07T10:47:03+00:00
vinay6,done,2026-06-07T10:47:24+00:00
viniciusfernade,done,2026-06-07T10:47:36+00:00
vinjiii,done,2026-06-07T10:47:48+00:00
vinstecuu,done,2026-06-07T10:48:05+00:00
vintageviv,done,2026-06-07T10:48:37+00:00
vio_o,done,2026-06-07T10:48:56+00:00
violetslec,done,2026-06-07T10:49:11+00:00
violettdi,done,2026-06-07T10:49:23+00:00
violynce,done,2026-06-07T10:49:39+00:00
vioou,done,2026-06-07T10:50:12+00:00
virad_sinanan,done,2026-06-07T10:50:27+00:00
virajballs,done,2026-06-07T10:50:40+00:00
virmyn,done,2026-06-07T10:50:51+00:00
vishwas_r,done,2026-06-07T10:51:03+00:00
vitaminflint,done,2026-06-07T10:51:40+00:00
vitllinnss,done,2026-06-07T10:51:54+00:00
vitokorleone91,done,2026-06-07T10:52:06+00:00
vivanvatsa,done,2026-06-07T10:52:25+00:00
vivaryaaa,done,2026-06-07T10:52:39+00:00
vivianesanm,done,2026-06-07T10:53:11+00:00
vividentkarpuz,done,2026-06-07T10:53:25+00:00
vkorean,done,2026-06-07T10:53:36+00:00
vladislavpeshin,done,2026-06-07T10:53:53+00:00
vlmnt_zaza,done,2026-06-07T10:54:09+00:00
vlover,done,2026-06-07T10:54:41+00:00
vltino7,done,2026-06-07T10:55:00+00:00
vnciosdias,done,2026-06-07T10:55:16+00:00
void7gpj,done,2026-06-07T10:55:26+00:00
voldek,done,2026-06-07T10:55:41+00:00
votedomo23,done,2026-06-07T10:56:10+00:00
votric,done,2026-06-07T10:56:24+00:00
vpxste,done,2026-06-07T10:56:41+00:00
vrao12,done,2026-06-07T10:57:05+00:00
vsnadis,done,2026-06-07T10:57:19+00:00
vsoux,done,2026-06-07T10:57:50+00:00
vtoriabea,done,2026-06-07T10:58:04+00:00
vva_lll,done,2026-06-07T10:58:24+00:00
vviniciushhenri,done,2026-06-07T10:58:42+00:00
vvitorino,done,2026-06-07T10:58:56+00:00
vvsyon,done,2026-06-07T10:59:27+00:00
vwdka,done,2026-06-07T10:59:44+00:00
vynzq,done,2026-06-07T10:59:57+00:00
vyshikaren,done,2026-06-07T11:00:12+00:00
vyxx_,done,2026-06-07T11:00:32+00:00
vyzz_,done,2026-06-07T11:00:59+00:00
vzcr,done,2026-06-07T11:01:13+00:00
w1llw,done,2026-06-07T11:01:24+00:00
w1nslow,done,2026-06-07T11:01:41+00:00
w45n,done,2026-06-07T11:01:55+00:00
w4ll_fl0w3r,done,2026-06-07T11:02:33+00:00
wafflecat135,done,2026-06-07T11:02:46+00:00
wafflejuiced,done,2026-06-07T11:03:03+00:00
wafflesupreme,done,2026-06-07T11:03:22+00:00
wafflobill,done,2026-06-07T11:03:45+00:00
wahiu,done,2026-06-07T11:04:19+00:00
wahyoeptr,done,2026-06-07T11:04:34+00:00
wakeupe1han,done,2026-06-07T11:04:55+00:00
walkietalkiee_,done,2026-06-07T11:05:11+00:00
wallfl0werrr,done,2026-06-07T11:05:31+00:00
wallfloweruser,done,2026-06-07T11:06:01+00:00
wallners,done,2026-06-07T11:06:16+00:00
wallwacher,done,2026-06-07T11:06:35+00:00
walterwhiteb,done,2026-06-07T11:06:51+00:00
walwari,done,2026-06-07T11:07:04+00:00
wanderinglion,done,2026-06-07T11:07:33+00:00
warrey,done,2026-06-07T11:07:50+00:00
warrg1rl,done,2026-06-07T11:08:04+00:00
warriorkk,done,2026-06-07T11:08:14+00:00
wasan777,done,2026-06-07T11:08:26+00:00
waseem79,done,2026-06-07T11:08:59+00:00
wasid,done,2026-06-07T11:09:12+00:00
wasserman501,done,2026-06-07T11:09:28+00:00
wassimyy,done,2026-06-07T11:09:45+00:00
watanawanabe,done,2026-06-07T11:09:58+00:00
watchedandzeen,done,2026-06-07T11:10:31+00:00
watchmn,done,2026-06-07T11:10:52+00:00
wateen_74,done,2026-06-07T11:11:03+00:00
wateronly,done,2026-06-07T11:11:24+00:00
watinha,done,2026-06-07T11:11:40+00:00
wbarlow1,done,2026-06-07T11:12:11+00:00
wbilla,done,2026-06-07T11:12:35+00:00
wbosley,done,2026-06-07T11:12:54+00:00
wd4126,done,2026-06-07T11:13:13+00:00
weave11,done,2026-06-07T11:13:29+00:00
weaverwatched,done,2026-06-07T11:14:07+00:00
wecanbheroes,done,2026-06-07T11:14:25+00:00
weede,done,2026-06-07T11:14:40+00:00
weeeooo,done,2026-06-07T11:14:53+00:00
weejok10,done,2026-06-07T11:15:10+00:00
weird_dany,done,2026-06-07T11:15:41+00:00
weirdboy,done,2026-06-07T11:16:04+00:00
weirdwoman,done,2026-06-07T11:16:16+00:00
wells_borden,done,2026-06-07T11:16:38+00:00
westsiderguy,done,2026-06-07T11:16:52+00:00
wexn,done,2026-06-07T11:17:28+00:00
wh0semmmmy,done,2026-06-07T11:17:44+00:00
wh0sthisbitch,done,2026-06-07T11:17:55+00:00
wh_alessia,done,2026-06-07T11:18:06+00:00
what_urt,done,2026-06-07T11:18:18+00:00
whatiwatchnow,done,2026-06-07T11:18:55+00:00
whatsizywatchin,done,2026-06-07T11:19:14+00:00
whcenthusiast,done,2026-06-07T11:19:30+00:00
wheredowegonoww,done,2026-06-07T11:19:45+00:00
whimsicaly,done,2026-06-07T11:20:03+00:00
whiwrmx,done,2026-06-07T11:20:33+00:00
whoisaery,done,2026-06-07T11:20:44+00:00
whosniel,done,2026-06-07T11:21:00+00:00
whotfismartina,done,2026-06-07T11:21:17+00:00
wian_wilson,done,2026-06-07T11:21:30+00:00
wibtoft,done,2026-06-07T11:21:57+00:00
wiiiill,done,2026-06-07T11:22:13+00:00
wikawiktoria,done,2026-06-07T11:22:26+00:00
wikipidiyah,done,2026-06-07T11:22:41+00:00
wiktetin,done,2026-06-07T11:22:55+00:00
wildcardmagoo,done,2026-06-07T11:23:25+00:00
wildestock,done,2026-06-07T11:23:49+00:00
will_eaton5,done,2026-06-07T11:24:01+00:00
willbobo17,done,2026-06-07T11:24:15+00:00
willemdafr1end,done,2026-06-07T11:24:27+00:00
william_mob100,done,2026-06-07T11:24:58+00:00
williamhedman,done,2026-06-07T11:25:12+00:00
willmaybe,done,2026-06-07T11:25:23+00:00
willmona,done,2026-06-07T11:25:37+00:00
willowarcher,done,2026-06-07T11:25:48+00:00
willy_will,done,2026-06-07T11:26:17+00:00
willymo_,done,2026-06-07T11:26:32+00:00
willyoufade,done,2026-06-07T11:26:47+00:00
willzzz_,done,2026-06-07T11:27:05+00:00
wilsonbiles,done,2026-06-07T11:27:22+00:00
windiiip,done,2026-06-07T11:27:55+00:00
wingsfish,done,2026-06-07T11:28:08+00:00
winter4rcher,done,2026-06-07T11:28:26+00:00
wiredgrrl,done,2026-06-07T11:28:50+00:00
wiseguyelmo,done,2026-06-07T11:29:11+00:00
wissieve,done,2026-06-07T11:29:40+00:00
withnoa,done,2026-06-07T11:29:50+00:00
witteeik,done,2026-06-07T11:30:10+00:00
wizardblaz,done,2026-06-07T11:30:21+00:00
wjgavin,done,2026-06-07T11:30:32+00:00
wlimited,done,2026-06-07T11:31:03+00:00
wmryl,done,2026-06-07T11:31:21+00:00
wnita,done,2026-06-07T11:31:32+00:00
wnmhkw7,done,2026-06-07T11:31:47+00:00
wol_,done,2026-06-07T11:32:03+00:00
wolfi_soup,done,2026-06-07T11:32:31+00:00
wolftm,done,2026-06-07T11:32:52+00:00
wolverine_82,done,2026-06-07T11:33:09+00:00
womeninmalefilm,done,2026-06-07T11:33:29+00:00
wondering247,done,2026-06-07T11:33:49+00:00
wonjongnim,done,2026-06-07T11:34:20+00:00
wooziewoozie,done,2026-06-07T11:34:31+00:00
woqui,done,2026-06-07T11:34:49+00:00
wordsofholly,done,2026-06-07T11:35:02+00:00
wordy00,done,2026-06-07T11:35:12+00:00
wowshipz,done,2026-06-07T11:35:47+00:00
wowzawack,done,2026-06-07T11:36:01+00:00
writingonfilm,done,2026-06-07T11:36:12+00:00
wrongaudience,done,2026-06-07T11:36:26+00:00
wshchacaal,done,2026-06-07T11:36:41+00:00
wsirius,done,2026-06-07T11:37:12+00:00
wt_aut,done,2026-06-07T11:37:28+00:00
wtffkaii,done,2026-06-07T11:37:39+00:00
wulffie_,done,2026-06-07T11:37:51+00:00
wumgm,done,2026-06-07T11:38:10+00:00
wunderwaffen,done,2026-06-07T11:38:38+00:00
wuxifingers,done,2026-06-07T11:38:55+00:00
wyatt_64,done,2026-06-07T11:39:08+00:00
wyattr117,done,2026-06-07T11:39:21+00:00
wyrem,done,2026-06-07T11:39:41+00:00
wyxaa,done,2026-06-07T11:40:13+00:00
wzpriri,done,2026-06-07T11:40:29+00:00
x0ivan,done,2026-06-07T11:40:48+00:00
x15tian,done,2026-06-07T11:41:05+00:00
x3butterfly,done,2026-06-07T11:41:21+00:00
xaab_,done,2026-06-07T11:42:00+00:00
xandooka,done,2026-06-07T11:42:15+00:00
xaner803,done,2026-06-07T11:42:29+00:00
xarrowx,done,2026-06-07T11:42:47+00:00
xavierstoldt,done,2026-06-07T11:43:04+00:00
xavierszu,done,2026-06-07T11:43:40+00:00
xbatmanxl,done,2026-06-07T11:43:51+00:00
xcmshow,done,2026-06-07T11:44:13+00:00
xdrix21,done,2026-06-07T11:44:25+00:00
xeeniiad,done,2026-06-07T11:44:43+00:00
xel45,done,2026-06-07T11:45:13+00:00
xeluw,done,2026-06-07T11:45:34+00:00
xen0m0rphine,done,2026-06-07T11:45:53+00:00
xeolna,done,2026-06-07T11:46:07+00:00
xguumi,done,2026-06-07T11:46:27+00:00
xiayizhoue,done,2026-06-07T11:46:59+00:00
xinyu11,done,2026-06-07T11:47:20+00:00
xiomami,done,2026-06-07T11:47:42+00:00
xkreek,done,2026-06-07T11:47:57+00:00
xlibeell,done,2026-06-07T11:48:12+00:00
xlumeey,done,2026-06-07T11:48:47+00:00
xmicii,done,2026-06-07T11:49:05+00:00
xmili19,done,2026-06-07T11:49:20+00:00
xnceleste,done,2026-06-07T11:49:34+00:00
xodelli,done,2026-06-07T11:49:45+00:00
xolovesjoanna,done,2026-06-07T11:50:20+00:00
xoxo345,done,2026-06-07T11:50:32+00:00
xpatroa,done,2026-06-07T11:50:44+00:00
xphil,done,2026-06-07T11:50:55+00:00
xrms,done,2026-06-07T11:51:14+00:00
xros,done,2026-06-07T11:51:43+00:00
xrusan,done,2026-06-07T11:51:59+00:00
xtinasoundworld,done,2026-06-07T11:52:16+00:00
xtinnie,done,2026-06-07T11:52:35+00:00
xvslen_,done,2026-06-07T11:52:47+00:00
xx_goku_xx,done,2026-06-07T11:53:17+00:00
xyn0,done,2026-06-07T11:53:32+00:00
y0z64,done,2026-06-07T11:53:47+00:00
y13ot7,done,2026-06-07T11:54:04+00:00
y5nn,done,2026-06-07T11:54:18+00:00
y8shikage,done,2026-06-07T11:54:48+00:00
y_3na,done,2026-06-07T11:55:02+00:00
y_nsword,done,2026-06-07T11:55:17+00:00
yaamin,done,2026-06-07T11:55:38+00:00
yaazzzzzz,done,2026-06-07T11:55:59+00:00
yadeshg,done,2026-06-07T11:56:28+00:00
yagizmustaine,done,2026-06-07T11:56:40+00:00
yaipeanuts,done,2026-06-07T11:57:01+00:00
yakiko,done,2026-06-07T11:57:19+00:00
yakslumppdawgg,done,2026-06-07T11:57:34+00:00
yamur_t,done,2026-06-07T11:58:01+00:00
yamyyyy,done,2026-06-07T11:58:13+00:00
yanbartin,done,2026-06-07T11:58:29+00:00
yandasham,done,2026-06-07T11:58:45+00:00
yannalg,done,2026-06-07T11:58:59+00:00
yannsph,done,2026-06-07T11:59:27+00:00
yanoles,done,2026-06-07T11:59:42+00:00
yanshii,done,2026-06-07T11:59:54+00:00
yao53,done,2026-06-07T12:00:14+00:00
yappasaurosrex,done,2026-06-07T12:00:35+00:00
yara2906,done,2026-06-07T12:01:08+00:00
yara_bielen,done,2026-06-07T12:01:28+00:00
yaridoki,done,2026-06-07T12:01:44+00:00
yarra,done,2026-06-07T12:01:57+00:00
yashwantraj,done,2026-06-07T12:02:09+00:00
yasintasova,done,2026-06-07T12:02:40+00:00
yasrial,done,2026-06-07T12:03:03+00:00
yatzii_j,done,2026-06-07T12:03:22+00:00
yautja_0,done,2026-06-07T12:03:35+00:00
yayaki,done,2026-06-07T12:03:47+00:00
yayayaaaa,done,2026-06-07T12:04:14+00:00
yayvina,done,2026-06-07T12:04:28+00:00
yaz__av,done,2026-06-07T12:04:43+00:00
yazivonnn,done,2026-06-07T12:04:57+00:00
ybgemma,done,2026-06-07T12:05:12+00:00
yckmd_,done,2026-06-07T12:05:55+00:00
yeabsra32,done,2026-06-07T12:06:09+00:00
yekives,done,2026-06-07T12:06:29+00:00
yenra,done,2026-06-07T12:06:39+00:00
yenyen_042309,done,2026-06-07T12:06:55+00:00
yeorna,done,2026-06-07T12:07:27+00:00
yeren01,done,2026-06-07T12:07:47+00:00
yettibeats,done,2026-06-07T12:08:12+00:00
yeuxcheshire,done,2026-06-07T12:08:27+00:00
yex_frog,done,2026-06-07T12:08:39+00:00
yickerd,done,2026-06-07T12:09:17+00:00
yigittaskn00,done,2026-06-07T12:09:36+00:00
yilmaaz,done,2026-06-07T12:09:52+00:00
yiyiyiyiyiyeyo,done,2026-06-07T12:10:04+00:00
yk_123_,done,2026-06-07T12:10:17+00:00
ylan_lpb,done,2026-06-07T12:10:47+00:00
ylbx1,done,2026-06-07T12:11:02+00:00
ylppzz,done,2026-06-07T12:11:15+00:00
yltl,done,2026-06-07T12:11:33+00:00
ynaveux,done,2026-06-07T12:11:51+00:00
yoboidrew,done,2026-06-07T12:12:18+00:00
yocorey,done,2026-06-07T12:12:35+00:00
yodahf,done,2026-06-07T12:12:47+00:00
yohanes00_,done,2026-06-07T12:13:02+00:00
yoitsads,done,2026-06-07T12:13:26+00:00
yojanvv,done,2026-06-07T12:14:01+00:00
yokesh_ap,done,2026-06-07T12:14:14+00:00
yokusushi,done,2026-06-07T12:14:28+00:00
yolannx,done,2026-06-07T12:14:42+00:00
yoon586,done,2026-06-07T12:15:00+00:00
yosheroo,done,2026-06-07T12:15:40+00:00
yoshsunny,done,2026-06-07T12:16:05+00:00
yotamginn,done,2026-06-07T12:16:19+00:00
yourbelovedissy,done,2026-06-07T12:16:37+00:00
yourisoto,done,2026-06-07T12:16:52+00:00
yousefmsaadm,done,2026-06-07T12:17:23+00:00
youtubepremiumm,done,2026-06-07T12:17:38+00:00
yovanzzz,done,2026-06-07T12:17:49+00:00
yoyooo__,done,2026-06-07T12:18:01+00:00
yr_jjh,done,2026-06-07T12:18:22+00:00
yrose,done,2026-06-07T12:18:59+00:00
ysaa234,done,2026-06-07T12:19:18+00:00
yuchiansu,done,2026-06-07T12:19:36+00:00
yue00,done,2026-06-07T12:19:52+00:00
yuki71,done,2026-06-07T12:20:06+00:00
yummyfries,done,2026-06-07T12:20:38+00:00
yumpxi,done,2026-06-07T12:21:00+00:00
yungsahil,done,2026-06-07T12:21:13+00:00
yupal,done,2026-06-07T12:21:36+00:00
yura_okk,done,2026-06-07T12:21:50+00:00
yurifagg,done,2026-06-07T12:22:19+00:00
yurilover86,done,2026-06-07T12:22:40+00:00
yuryesyaha,done,2026-06-07T12:22:52+00:00
yusif2,done,2026-06-07T12:23:07+00:00
yusikayy,done,2026-06-07T12:23:22+00:00
yussrahahaha,done,2026-06-07T12:23:52+00:00
yuvrajj4211,done,2026-06-07T12:24:09+00:00
yve0707,done,2026-06-07T12:24:27+00:00
yxxa_,done,2026-06-07T12:24:42+00:00
yyaso,done,2026-06-07T12:24:57+00:00
yzghart,done,2026-06-07T12:25:28+00:00
yzzd,done,2026-06-07T12:25:43+00:00
z0siula,done,2026-06-07T12:25:57+00:00
z1xasq16,done,2026-06-07T12:26:09+00:00
z5mbieskull,done,2026-06-07T12:26:26+00:00
z7wi,done,2026-06-07T12:27:02+00:00
z_7oda,done,2026-06-07T12:27:20+00:00
zaarasanjay,done,2026-06-07T12:27:38+00:00
zacctheracc,done,2026-06-07T12:27:53+00:00
zachary_rubin,done,2026-06-07T12:28:07+00:00
zachlatessa,done,2026-06-07T12:28:34+00:00
zackbarrette,done,2026-06-07T12:28:51+00:00
zacsap,done,2026-06-07T12:29:04+00:00
zad19,done,2026-06-07T12:29:22+00:00
zaghiii,done,2026-06-07T12:29:40+00:00
zaidattar_,done,2026-06-07T12:30:09+00:00
zaidingle,done,2026-06-07T12:30:22+00:00
zaini51,done,2026-06-07T12:30:32+00:00
zajcev,done,2026-06-07T12:30:44+00:00
zakizachary,done,2026-06-07T12:30:58+00:00
zaliuzeee,done,2026-06-07T12:31:26+00:00
zamsenkyo,done,2026-06-07T12:31:42+00:00
zanaxxxx,done,2026-06-07T12:31:54+00:00
zara0711,done,2026-06-07T12:32:13+00:00
zarasilipo,done,2026-06-07T12:32:29+00:00
zarnesh,done,2026-06-07T12:33:00+00:00
zarnigar,done,2026-06-07T12:33:18+00:00
zart1,done,2026-06-07T12:33:30+00:00
zatannaswhore,done,2026-06-07T12:33:51+00:00
zaw5d,done,2026-06-07T12:34:08+00:00
zcvx,done,2026-06-07T12:34:45+00:00
zecerqueira,done,2026-06-07T12:34:58+00:00
zefers,done,2026-06-07T12:35:19+00:00
zeifilms,done,2026-06-07T12:35:35+00:00
zekican96,done,2026-06-07T12:35:45+00:00
zekodus,done,2026-06-07T12:36:18+00:00
zelielampin,done,2026-06-07T12:36:30+00:00
zephyrhibek,done,2026-06-07T12:36:43+00:00
zeppeli07,done,2026-06-07T12:36:56+00:00
zerksu,done,2026-06-07T12:37:32+00:00
zero975,done,2026-06-07T12:37:44+00:00
zerox42,done,2026-06-07T12:37:58+00:00
zeulgi,done,2026-06-07T12:38:16+00:00
zeus_op,done,2026-06-07T12:38:32+00:00
zey000,done,2026-06-07T12:39:05+00:00
zheal,done,2026-06-07T12:39:18+00:00
zhiiz,done,2026-06-07T12:39:29+00:00
zhiorx,done,2026-06-07T12:39:48+00:00
zidanemovies,done,2026-06-07T12:40:01+00:00
zielvstheworld,done,2026-06-07T12:40:36+00:00
ziewye,done,2026-06-07T12:40:57+00:00
zilulatu,done,2026-06-07T12:41:17+00:00
ziyad_7,done,2026-06-07T12:41:29+00:00
zktv,done,2026-06-07T12:41:41+00:00
zlatann,done,2026-06-07T12:42:14+00:00
zmason55,done,2026-06-07T12:42:23+00:00
zmorrmovies,done,2026-06-07T12:42:37+00:00
zo_vivi,done,2026-06-07T12:42:53+00:00
zoec_edwards,done,2026-06-07T12:43:10+00:00
zoeeracoon,done,2026-06-07T12:43:42+00:00
zoehammer,done,2026-06-07T12:44:02+00:00
zoeisdagoat,done,2026-06-07T12:44:13+00:00
zoelovesart,done,2026-06-07T12:44:31+00:00
zoeynicole,done,2026-06-07T12:44:47+00:00
zora_oei,done,2026-06-07T12:45:20+00:00
zozo_z,done,2026-06-07T12:45:37+00:00
zpiotr,done,2026-06-07T12:45:51+00:00
zrashiiirm,done,2026-06-07T12:46:11+00:00
zs09,done,2026-06-07T12:46:23+00:00
zsplugg,done,2026-06-07T12:46:56+00:00
ztevetime,done,2026-06-07T12:47:11+00:00
zulana__,done,2026-06-07T12:47:21+00:00
zushimayroll,done,2026-06-07T12:47:42+00:00
zuzi28,done,2026-06-07T12:47:55+00:00
zuzxyz,done,2026-06-07T12:48:23+00:00
zuzzok,done,2026-06-07T12:48:42+00:00
zvkzouk,done,2026-06-07T12:49:01+00:00
zw3li,done,2026-06-07T12:49:24+00:00
zwarsama,done,2026-06-07T12:49:39+00:00
