movie_id,title,year,movie_url,created_at
movie_8907cd2784a3,Is This Thing On? (2025),,https://letterboxd.com/film/is-this-thing-on-2025/,2026-05-25T11:31:02+00:00
movie_f0de40f18a9a,Dead Man's Wire (2025),,https://letterboxd.com/film/dead-mans-wire/,2026-05-25T11:31:02+00:00
movie_5f576f18fba5,The Smashing Machine (2025),,https://letterboxd.com/film/the-smashing-machine-2025/,2026-05-25T11:31:02+00:00
movie_20df769f6663,Springsteen: Deliver Me from Nowhere (2025),,https://letterboxd.com/film/springsteen-deliver-me-from-nowhere/,2026-05-25T11:31:02+00:00
movie_c5cbcc8d458e,Jay Kelly (2025),,https://letterboxd.com/film/jay-kelly/,2026-05-25T11:31:02+00:00
movie_600afaf95f85,War of the Worlds (2025),,https://letterboxd.com/film/war-of-the-worlds-2025/,2026-05-25T11:31:02+00:00
movie_5bd3aa3a6f80,The Perfect Neighbor (2025),,https://letterboxd.com/film/the-perfect-neighbour/,2026-05-25T11:31:02+00:00
movie_d43c0cf15d70,Flight Risk (2025),,https://letterboxd.com/film/flight-risk-2025/,2026-05-25T11:31:02+00:00
movie_bc30b21a3a05,Wolf Man (2025),,https://letterboxd.com/film/wolf-man-2025/,2026-05-25T11:31:02+00:00
movie_1722056d1e93,Here (2024),,https://letterboxd.com/film/here-2024/,2026-05-25T11:31:02+00:00
movie_b1045798c13f,Salem's Lot (2024),,https://letterboxd.com/film/salems-lot-2024/,2026-05-25T11:31:02+00:00
movie_7c9988bb5e2f,The Penguin (2024),,https://letterboxd.com/film/the-penguin-2024/,2026-05-25T11:31:02+00:00
movie_2bcf90ae895a,September 5 (2024),,https://letterboxd.com/film/september-5/,2026-05-25T11:31:02+00:00
movie_274459c26308,The Deliverance (2024),,https://letterboxd.com/film/the-deliverance-2024/,2026-05-25T11:31:02+00:00
movie_808ef6a3d10c,Speak,,,2026-05-25T11:31:15+00:00
movie_09b9f2f8a578,National Lampoon's Christmas Vacation,,,2026-05-25T11:31:19+00:00
movie_fe6ea9841532,They Will Kill You,,,2026-05-25T11:32:39+00:00
movie_07189d108a6c,Brazil (1985),,https://letterboxd.com/film/brazil/,2026-05-25T11:33:29+00:00
movie_fb0bfc3f1706,"You, Me & Tuscany (2026)",,https://letterboxd.com/film/you-me-tuscany/,2026-05-25T11:33:36+00:00
movie_6d51396e9eb2,Mike & Nick & Nick & Alice (2026),,https://letterboxd.com/film/mike-nick-nick-alice/,2026-05-25T11:33:36+00:00
movie_db44c8bef1d4,The Day the Earth Blew Up: A Looney Tunes Movie (2024),,https://letterboxd.com/film/the-day-the-earth-blew-up-a-looney-tunes-movie/,2026-05-25T11:33:36+00:00
movie_94e0bc8e2f25,The Beloved,,,2026-05-25T11:35:25+00:00
movie_41230bc1d801,The Beloved (2026),,https://letterboxd.com/film/the-beloved-2026/,2026-05-25T11:35:25+00:00
movie_4bf74f2bbcb0,Bitter Christmas (2026),,https://letterboxd.com/film/bitter-christmas/,2026-05-25T11:35:25+00:00
movie_985e194e52bf,Father Mother Sister Brother (2025),,https://letterboxd.com/film/father-mother-sister-brother/,2026-05-25T11:35:25+00:00
movie_39692b479f3d,Pacifiction (2022),,https://letterboxd.com/film/pacifiction/,2026-05-25T11:35:25+00:00
movie_d15a51b3aec3,Decision to Leave (2022),,https://letterboxd.com/film/decision-to-leave/,2026-05-25T11:35:25+00:00
movie_6430f43e96d1,Nightmare Alley (2021),,https://letterboxd.com/film/nightmare-alley-2021/,2026-05-25T11:35:25+00:00
movie_77d962c349ed,Free Solo (2018),,https://letterboxd.com/film/free-solo/,2026-05-25T11:35:25+00:00
movie_27e29efb411d,Roma (2018),,https://letterboxd.com/film/roma-2018/,2026-05-25T11:35:25+00:00
movie_6ad2aa12ef00,Nymphomaniac: Vol. I (2013),,https://letterboxd.com/film/nymphomaniac-volume-i/,2026-05-25T11:35:25+00:00
movie_9af8f67762a6,Captain America: Civil War,,,2026-05-25T11:36:55+00:00
movie_ba9693be6b91,Still Alice (2014),,https://letterboxd.com/film/still-alice/,2026-05-25T11:37:56+00:00
movie_8106792ba7b7,Mr. Nobody (2009),,https://letterboxd.com/film/mr-nobody/,2026-05-25T11:37:56+00:00
movie_8cfd8ccf74dc,Black Bird (2022),,https://letterboxd.com/film/black-bird/,2026-05-25T11:39:24+00:00
movie_db1a95ebdcbb,The Other Guys (2010),,https://letterboxd.com/film/the-other-guys/,2026-05-25T11:39:24+00:00
movie_2dd15c897240,Surf's Up (2007),,https://letterboxd.com/film/surfs-up/,2026-05-25T11:39:24+00:00
movie_ac92a2ca310c,Scent of a Woman (1992),,https://letterboxd.com/film/scent-of-a-woman/,2026-05-25T11:39:24+00:00
movie_ce7dd2a9d60d,Predator: Killer of Killers (2025),,https://letterboxd.com/film/predator-killer-of-killers/,2026-05-25T11:40:12+00:00
movie_72408018b414,The President's Cake (2025),,https://letterboxd.com/film/the-presidents-cake/,2026-05-25T11:40:12+00:00
movie_113913d21d9d,Better Man (2024),,https://letterboxd.com/film/better-man-2024/,2026-05-25T11:40:12+00:00
movie_791f55339e0b,Renfield (2023),,https://letterboxd.com/film/renfield/,2026-05-25T11:40:12+00:00
movie_d695e876ddd0,Weird: The Al Yankovic Story (2022),,https://letterboxd.com/film/weird-the-al-yankovic-story-2022/,2026-05-25T11:40:12+00:00
movie_b1bb1b592127,Twinless (2025),,https://letterboxd.com/film/twinless/,2026-05-25T11:41:45+00:00
movie_19f6dbd5a103,Self Reliance (2023),,https://letterboxd.com/film/self-reliance/,2026-05-25T11:41:45+00:00
movie_14919eaf0e46,Not Okay (2022),,https://letterboxd.com/film/not-okay/,2026-05-25T11:41:45+00:00
movie_9c1ce4cb9f5b,Swiss Army Man (2016),,https://letterboxd.com/film/swiss-army-man/,2026-05-25T11:41:45+00:00
movie_a2be1b51b99f,Flipped (2010),,https://letterboxd.com/film/flipped/,2026-05-25T11:44:02+00:00
movie_47d21f5373f7,The Craft (1996),,https://letterboxd.com/film/the-craft/,2026-05-25T11:44:37+00:00
movie_fcb585dcfb90,The Woman in Cabin 10 (2025),,https://letterboxd.com/film/the-woman-in-cabin-10/,2026-05-25T11:44:46+00:00
movie_678481a00f51,HIM (2025),,https://letterboxd.com/film/him-2025/,2026-05-25T11:44:46+00:00
movie_2d83aca71d1d,Spider-Man,,,2026-05-25T11:45:27+00:00
movie_bb0510c7290e,The Game (1997),,https://letterboxd.com/film/the-game/,2026-05-25T11:45:27+00:00
movie_12c6c070d14d,"Love, Death & Robots: Can't Stop (2025)",,https://letterboxd.com/film/love-death-robots-cant-stop/,2026-05-25T11:45:35+00:00
movie_1c7a5ff053a5,The Magnificent Seven (2016),,https://letterboxd.com/film/the-magnificent-seven-2016/,2026-05-25T11:45:35+00:00
movie_34ff23870421,Jupiter Ascending (2015),,https://letterboxd.com/film/jupiter-ascending/,2026-05-25T11:45:35+00:00
movie_05b42b7dc802,The Wind Rises (2013),,https://letterboxd.com/film/the-wind-rises/,2026-05-25T11:45:35+00:00
movie_c03ffb60ac00,From Up on Poppy Hill (2011),,https://letterboxd.com/film/from-up-on-poppy-hill/,2026-05-25T11:45:35+00:00
movie_1269f2931233,I Saw the Devil (2010),,https://letterboxd.com/film/i-saw-the-devil/,2026-05-25T11:45:35+00:00
movie_bf88796c1c9b,Death Proof (2007),,https://letterboxd.com/film/death-proof/,2026-05-25T11:45:35+00:00
movie_e4e29853e83b,Tales from Earthsea (2006),,https://letterboxd.com/film/tales-from-earthsea/,2026-05-25T11:45:35+00:00
movie_ada65fb74d5a,The Host (2006),,https://letterboxd.com/film/the-host/,2026-05-25T11:45:35+00:00
movie_77cd997024d5,King Kong (2005),,https://letterboxd.com/film/king-kong-2005/,2026-05-25T11:45:35+00:00
movie_9edf4fc8a9d1,Entergalactic,,,2026-05-25T11:46:24+00:00
movie_b942f196918f,Spy Kids (2001),,https://letterboxd.com/film/spy-kids/,2026-05-25T11:46:24+00:00
movie_c9c25e3774cf,Kneecap (2024),,https://letterboxd.com/film/kneecap/,2026-05-25T11:46:32+00:00
movie_b0829873fdf0,"I, Tonya (2017)",,https://letterboxd.com/film/i-tonya/,2026-05-25T11:47:19+00:00
movie_404f18683e49,Frances Ha (2012),,https://letterboxd.com/film/frances-ha/,2026-05-25T11:48:06+00:00
movie_422c1707bf55,Thirteen (2003),,https://letterboxd.com/film/thirteen/,2026-05-25T11:48:06+00:00
movie_ea8c82d5b74a,Notting Hill (1999),,https://letterboxd.com/film/notting-hill/,2026-05-25T11:48:06+00:00
movie_da2edc72af54,Fantastic Planet (1973),,https://letterboxd.com/film/fantastic-planet/,2026-05-25T11:48:06+00:00
movie_c089b473e31d,Ocean's Eleven (2001),,https://letterboxd.com/film/oceans-eleven-2001/,2026-05-25T11:48:51+00:00
movie_8aff0699cb71,Lady Vengeance (2005),,https://letterboxd.com/film/lady-vengeance/,2026-05-25T11:49:43+00:00
movie_b79b2af35175,La Haine (1995),,https://letterboxd.com/film/la-haine/,2026-05-25T11:49:43+00:00
movie_b769a5cefe0b,Thirteen,,,2026-05-25T11:50:21+00:00
movie_917b84a8e202,First They Killed My Father (2017),,https://letterboxd.com/film/first-they-killed-my-father/,2026-05-25T11:50:21+00:00
movie_3c199efa9691,Five Nights at Freddy's 2,,,2026-05-25T11:50:29+00:00
movie_472280436289,Night Patrol (2025),,https://letterboxd.com/film/night-patrol-2025/,2026-05-25T11:50:29+00:00
movie_ccd016d7b800,They Cloned Tyrone (2023),,https://letterboxd.com/film/they-cloned-tyrone/,2026-05-25T11:50:29+00:00
movie_25c15399103c,Wendell & Wild (2022),,https://letterboxd.com/film/wendell-wild/,2026-05-25T11:50:29+00:00
movie_56f8883414cc,Brightburn (2019),,https://letterboxd.com/film/brightburn/,2026-05-25T11:50:29+00:00
movie_d4552215650a,The Avengers,,,2026-05-25T11:50:36+00:00
movie_ad8228c5d484,Good Will Hunting,,,2026-05-25T11:51:28+00:00
movie_3b86a0263f12,Last Night in Soho (2021),,https://letterboxd.com/film/last-night-in-soho/,2026-05-25T11:53:03+00:00
movie_59c4cb16fbe2,Missing Link (2019),,https://letterboxd.com/film/missing-link-2019/,2026-05-25T11:53:03+00:00
movie_81f86497b7d5,Possum (2018),,https://letterboxd.com/film/possum/,2026-05-25T11:53:03+00:00
movie_a8790c7bee5f,"Love, Simon (2018)",,https://letterboxd.com/film/love-simon/,2026-05-25T11:53:03+00:00
movie_9e0d5960917b,Kingsman: The Golden Circle (2017),,https://letterboxd.com/film/kingsman-the-golden-circle/,2026-05-25T11:53:03+00:00
movie_1ebd427946ea,"Three Billboards Outside Ebbing, Missouri (2017)",,https://letterboxd.com/film/three-billboards-outside-ebbing-missouri/,2026-05-25T11:53:03+00:00
movie_11b96b4f3bfb,The Edge of Seventeen (2016),,https://letterboxd.com/film/the-edge-of-seventeen/,2026-05-25T11:53:03+00:00
movie_b57ff1c61e3f,The Wrong Trousers,,,2026-05-25T11:53:07+00:00
movie_2d42b2307230,How the Grinch Stole Christmas,,,2026-05-25T11:53:11+00:00
movie_2d89dd95d2e2,The Princess Bride,,,2026-05-25T11:54:43+00:00
movie_98e0911b7ec3,The Sheep Detectives,,,2026-05-25T11:55:38+00:00
movie_722e622afad8,Life of Brian (1979),,https://letterboxd.com/film/life-of-brian/,2026-05-25T11:55:38+00:00
movie_12bdc21b37ab,Platoon (1986),,https://letterboxd.com/film/platoon/,2026-05-25T11:55:38+00:00
movie_fcf728830cda,Wallace & Gromit: Vengeance Most Fowl (2024),,https://letterboxd.com/film/wallace-gromit-vengeance-most-fowl/,2026-05-25T11:55:45+00:00
movie_16857d584b25,The Life of Chuck (2024),,https://letterboxd.com/film/the-life-of-chuck/,2026-05-25T11:55:45+00:00
movie_720ba7e6b07a,Air (2023),,https://letterboxd.com/film/air-2023/,2026-05-25T11:55:45+00:00
movie_14aa3b922931,The Vow (2012),,https://letterboxd.com/film/the-vow/,2026-05-25T11:56:25+00:00
movie_58f86b8ce2b7,The Map That Leads to You (2025),,https://letterboxd.com/film/the-map-that-leads-to-you/,2026-05-25T11:56:32+00:00
movie_a77db70417b6,Where the Crawdads Sing (2022),,https://letterboxd.com/film/where-the-crawdads-sing/,2026-05-25T11:56:32+00:00
movie_33a9701558b8,Yesterday (2019),,https://letterboxd.com/film/yesterday-2019/,2026-05-25T11:56:33+00:00
movie_c30553e08d61,Five Feet Apart (2019),,https://letterboxd.com/film/five-feet-apart/,2026-05-25T11:56:33+00:00
movie_2b8837a3b739,World War Z,,,2026-05-25T11:56:40+00:00
movie_44b54becdafb,Black Clover: Sword of the Wizard King (2023),,https://letterboxd.com/film/black-clover-sword-of-the-wizard-king/,2026-05-25T11:57:31+00:00
movie_30cd9ad822d8,Black Panther,,,2026-05-25T11:59:18+00:00
movie_8acac25f2fc8,Inside Out 2,,,2026-05-25T12:00:13+00:00
movie_ffb5eb1cc91f,Scream,,,2026-05-25T12:00:50+00:00
movie_00b78e7ded07,Secretary (2002),,https://letterboxd.com/film/secretary/,2026-05-25T12:00:57+00:00
movie_f92487984c81,Scream 3 (2000),,https://letterboxd.com/film/scream-3/,2026-05-25T12:00:57+00:00
movie_d6a8398cb2ea,Romeo + Juliet (1996),,https://letterboxd.com/film/romeo-juliet-1996/,2026-05-25T12:00:57+00:00
movie_d1dbdcc3bd4b,Natural Born Killers (1994),,https://letterboxd.com/film/natural-born-killers/,2026-05-25T12:00:57+00:00
movie_203d9cc00763,Top Gun (1986),,https://letterboxd.com/film/top-gun/,2026-05-25T12:00:57+00:00
movie_c629d39e8c23,The Texas Chain Saw Massacre (1974),,https://letterboxd.com/film/the-texas-chain-saw-massacre/,2026-05-25T12:00:57+00:00
movie_30991087868e,Drive,,,2026-05-25T12:01:44+00:00
movie_bda48921d48b,Urchin (2025),,https://letterboxd.com/film/urchin-2025/,2026-05-25T12:02:41+00:00
movie_d678ff302fc9,"Oh, Hi! (2025)",,https://letterboxd.com/film/oh-hi/,2026-05-25T12:02:41+00:00
movie_2b041e502e2e,A Nice Indian Boy (2024),,https://letterboxd.com/film/a-nice-indian-boy/,2026-05-25T12:02:41+00:00
movie_810972985ac7,A Different Man (2024),,https://letterboxd.com/film/a-different-man/,2026-05-25T12:02:41+00:00
movie_073fe3f8fe36,My Old Ass (2024),,https://letterboxd.com/film/my-old-ass/,2026-05-25T12:02:41+00:00
movie_bde2025bd98a,Presence (2024),,https://letterboxd.com/film/presence-2024/,2026-05-25T12:02:41+00:00
movie_94ac2e999085,Problemista (2023),,https://letterboxd.com/film/problemista/,2026-05-25T12:02:41+00:00
movie_aa406b53ebab,Femme (2023),,https://letterboxd.com/film/femme-2023/,2026-05-25T12:02:41+00:00
movie_9e3108d7b32a,Magic Mike's Last Dance (2023),,https://letterboxd.com/film/magic-mikes-last-dance/,2026-05-25T12:02:41+00:00
movie_9e4e854fe96d,You People (2023),,https://letterboxd.com/film/you-people-2023/,2026-05-25T12:02:41+00:00
movie_39866c3345aa,See How They Run (2022),,https://letterboxd.com/film/see-how-they-run-2022/,2026-05-25T12:02:41+00:00
movie_bf8826f28a27,Broker (2022),,https://letterboxd.com/film/broker-2022/,2026-05-25T12:02:41+00:00
movie_2dd1d57e9afe,The Twilight Saga: New Moon,,,2026-05-25T12:03:17+00:00
movie_83a5e6bb12ea,Mamma Mia!,,,2026-05-25T12:03:33+00:00
movie_95c88b960d72,Chernobyl,,,2026-05-25T12:04:10+00:00
movie_9fc703bf0b91,Band of Brothers (2001),,https://letterboxd.com/film/band-of-brothers/,2026-05-25T12:04:10+00:00
movie_7c40c0163578,Castle in the Sky (1986),,https://letterboxd.com/film/castle-in-the-sky/,2026-05-25T12:04:10+00:00
movie_6585bcf681ec,Shoplifters (2018),,https://letterboxd.com/film/shoplifters/,2026-05-25T12:05:11+00:00
movie_2e483b44b423,A Man Called Ove (2015),,https://letterboxd.com/film/a-man-called-ove/,2026-05-25T12:05:11+00:00
movie_e387419b3d3a,Submarine (2010),,https://letterboxd.com/film/submarine/,2026-05-25T12:05:11+00:00
movie_3f0222b8a69f,Hachi: A Dog's Tale (2009),,https://letterboxd.com/film/hachi-a-dogs-tale/,2026-05-25T12:05:11+00:00
movie_33fdb4065d3e,Mary and Max (2009),,https://letterboxd.com/film/mary-and-max/,2026-05-25T12:05:11+00:00
movie_8f15cda4a430,In Bruges (2008),,https://letterboxd.com/film/in-bruges/,2026-05-25T12:05:11+00:00
movie_de189ccda6a4,Persepolis (2007),,https://letterboxd.com/film/persepolis/,2026-05-25T12:05:11+00:00
movie_354e4043eee2,Hot Fuzz (2007),,https://letterboxd.com/film/hot-fuzz/,2026-05-25T12:05:11+00:00
movie_67a3c09d5120,Moonlight,,,2026-05-25T12:07:29+00:00
movie_d161632a4772,The Princess Diaries (2001),,https://letterboxd.com/film/the-princess-diaries/,2026-05-25T12:07:35+00:00
movie_4e09be2c33de,Ghost in the Shell (1995),,https://letterboxd.com/film/ghost-in-the-shell/,2026-05-25T12:07:35+00:00
movie_b601bac9e5ce,Aladdin (1992),,https://letterboxd.com/film/aladdin/,2026-05-25T12:07:35+00:00
movie_a7042b374bdd,Wind River (2017),,https://letterboxd.com/film/wind-river-2017/,2026-05-25T12:08:23+00:00
movie_4eac208b14a4,The Accountant (2016),,https://letterboxd.com/film/the-accountant-2016/,2026-05-25T12:08:23+00:00
movie_9bcc0519b734,Southpaw (2015),,https://letterboxd.com/film/southpaw-2015/,2026-05-25T12:08:23+00:00
movie_b044c6463f8c,Star Wars,,,2026-05-25T12:09:00+00:00
movie_e4c3dfda1d8d,Raiders of the Lost Ark,,,2026-05-25T12:09:14+00:00
movie_7998d5a2566a,Batman Begins,,,2026-05-25T12:09:18+00:00
movie_585733e4b570,Five Nights at Freddy's,,,2026-05-25T12:09:56+00:00
movie_a3780d2f33f4,The Ugly Stepsister (2025),,https://letterboxd.com/film/the-ugly-stepsister/,2026-05-25T12:10:55+00:00
movie_76d49793c3d6,18th Rose (2026),,https://letterboxd.com/film/18th-rose/,2026-05-25T12:12:38+00:00
movie_430c589456eb,The Delivery Rider (2025),,https://letterboxd.com/film/the-delivery-rider/,2026-05-25T12:12:38+00:00
movie_5dc473eaaf91,Everyone Knows Every Juan (2025),,https://letterboxd.com/film/everyone-knows-every-juan/,2026-05-25T12:12:38+00:00
movie_884ced212bf8,Kontrabida Academy (2025),,https://letterboxd.com/film/kontrabida-academy/,2026-05-25T12:12:38+00:00
movie_475cad7830e4,My Future You (2024),,https://letterboxd.com/film/my-future-you/,2026-05-25T12:12:38+00:00
movie_6526286b3972,The Kingdom (2024),,https://letterboxd.com/film/the-kingdom-2024-1/,2026-05-25T12:12:38+00:00
movie_826f6b4e392b,Uninvited (2024),,https://letterboxd.com/film/uninvited-2024/,2026-05-25T12:12:38+00:00
movie_2e54930e1f74,Green Bones (2024),,https://letterboxd.com/film/green-bones/,2026-05-25T12:12:38+00:00
movie_5cf4c8c31fff,And the Breadwinner Is... (2024),,https://letterboxd.com/film/and-the-breadwinner-is/,2026-05-25T12:12:38+00:00
movie_b0e3736b3503,Sunshine (2024),,https://letterboxd.com/film/sunshine-2024/,2026-05-25T12:12:38+00:00
movie_d8941a97ee52,Lolo and the Kid (2024),,https://letterboxd.com/film/lolo-and-the-kid/,2026-05-25T12:12:38+00:00
movie_af97c2a444e4,Rewind (2023),,https://letterboxd.com/film/rewind-2023/,2026-05-25T12:12:38+00:00
movie_19befb1b03b7,Mallari (2023),,https://letterboxd.com/film/mallari/,2026-05-25T12:12:38+00:00
movie_7e960d22af70,GomBurZa (2023),,https://letterboxd.com/film/gomburza/,2026-05-25T12:12:38+00:00
movie_b53916f3c842,I Love Lizzy (2023),,https://letterboxd.com/film/i-love-lizzy/,2026-05-25T12:12:38+00:00
movie_f120aadd762f,Nocebo (2022),,https://letterboxd.com/film/nocebo-2022/,2026-05-25T12:12:38+00:00
movie_e6576a6357d7,Fan Girl (2020),,https://letterboxd.com/film/fan-girl-2020/,2026-05-25T12:12:38+00:00
movie_67ae4584c31e,Miracle in Cell No. 7 (2019),,https://letterboxd.com/film/miracle-in-cell-no-7-2019/,2026-05-25T12:12:38+00:00
movie_e50a0d2e300e,Alone/Together (2019),,https://letterboxd.com/film/alone-together-2019/,2026-05-25T12:12:38+00:00
movie_3b64c5136496,Goyo: The Boy General (2018),,https://letterboxd.com/film/goyo-the-boy-general/,2026-05-25T12:12:38+00:00
movie_278114132cd5,The Hows of Us (2018),,https://letterboxd.com/film/the-hows-of-us/,2026-05-25T12:12:38+00:00
movie_39c3ec0efcef,The Girl Allergic to Wi-Fi (2018),,https://letterboxd.com/film/the-girl-allergic-to-wi-fi/,2026-05-25T12:12:38+00:00
movie_0890837b266f,Seven Sundays (2017),,https://letterboxd.com/film/seven-sundays/,2026-05-25T12:12:38+00:00
movie_535a358ef6e1,Love You to the Stars and Back (2017),,https://letterboxd.com/film/love-you-to-the-stars-and-back/,2026-05-25T12:12:38+00:00
movie_d142b36cadb6,Bar Boys (2017),,https://letterboxd.com/film/bar-boys/,2026-05-25T12:12:38+00:00
movie_db7feb0479f5,My Ex & Whys (2017),,https://letterboxd.com/film/my-ex-whys/,2026-05-25T12:12:38+00:00
movie_4f2e53896d7e,"I'm Drunk, I Love You (2017)",,https://letterboxd.com/film/im-drunk-i-love-you/,2026-05-25T12:12:38+00:00
movie_10a4f2e9c534,Barcelona: A Love Untold (2016),,https://letterboxd.com/film/barcelona-a-love-untold/,2026-05-25T12:12:38+00:00
movie_ac1e4301037f,Heneral Luna (2015),,https://letterboxd.com/film/heneral-luna/,2026-05-25T12:12:38+00:00
movie_4bd02be1a707,Nuremberg,,,2026-05-25T12:13:23+00:00
movie_b31f9aad277d,The Exorcist: Believer (2023),,https://letterboxd.com/film/the-exorcist-believer/,2026-05-25T12:13:23+00:00
movie_6c346ee9067c,Mission: Impossible – Rogue Nation (2015),,https://letterboxd.com/film/mission-impossible-rogue-nation/,2026-05-25T12:13:23+00:00
movie_0ea7c622ffaa,Mission: Impossible – Ghost Protocol (2011),,https://letterboxd.com/film/mission-impossible-ghost-protocol/,2026-05-25T12:13:23+00:00
movie_b81dba7fcda1,Mobile Suit Gundam GQuuuuuuX -Beginning- (2025),,https://letterboxd.com/film/mobile-suit-gundam-gquuuuuux-beginning/,2026-05-25T12:14:06+00:00
movie_e0f6a258790c,Mobile Suit Gundam Hathaway (2021),,https://letterboxd.com/film/mobile-suit-gundam-hathaway/,2026-05-25T12:14:06+00:00
movie_d9ab664417f0,Bumblebee (2018),,https://letterboxd.com/film/bumblebee/,2026-05-25T12:14:06+00:00
movie_b47cf2712acd,Sicario: Day of the Soldado (2018),,https://letterboxd.com/film/sicario-day-of-the-soldado/,2026-05-25T12:14:06+00:00
movie_abbb66c06c8c,Mean Girls (2024),,https://letterboxd.com/film/mean-girls-2024/,2026-05-25T12:14:51+00:00
movie_82e9443e2247,Woman of the Hour (2023),,https://letterboxd.com/film/woman-of-the-hour/,2026-05-25T12:14:51+00:00
movie_6baa55438e7a,Eighth Grade (2018),,https://letterboxd.com/film/eighth-grade/,2026-05-25T12:14:51+00:00
movie_e8b6f470aca3,Beauty and the Beast (2017),,https://letterboxd.com/film/beauty-and-the-beast-2017/,2026-05-25T12:14:51+00:00
movie_11deb5bda40c,The Secret in Their Eyes,,,2026-05-25T12:15:44+00:00
movie_35a0fd3cfdcb,The Secret in Their Eyes (2009),,https://letterboxd.com/film/the-secret-in-their-eyes/,2026-05-25T12:15:44+00:00
movie_a9a067e583d9,Midsommar,,,2026-05-25T12:16:00+00:00
movie_3e2037df0c65,Emma.,,,2026-05-25T12:16:37+00:00
movie_8a67fae98224,Zero Day (2025),,https://letterboxd.com/film/zero-day-2025-1/,2026-05-25T12:16:44+00:00
movie_5411c6eb98a9,Your Fault (2024),,https://letterboxd.com/film/your-fault/,2026-05-25T12:16:44+00:00
movie_cc84a1adf6cb,A Family Affair (2024),,https://letterboxd.com/film/a-family-affair-2024-1/,2026-05-25T12:16:44+00:00
movie_f45fd821d435,The Tearsmith (2024),,https://letterboxd.com/film/the-tearsmith/,2026-05-25T12:16:44+00:00
movie_cb0720d2a806,One Day (2024),,https://letterboxd.com/film/one-day-2024/,2026-05-25T12:16:44+00:00
movie_e339857119b4,You Are So Not Invited to My Bat Mitzvah (2023),,https://letterboxd.com/film/you-are-so-not-invited-to-my-bat-mitzvah/,2026-05-25T12:16:44+00:00
movie_8031e0d1700e,My Fault (2023),,https://letterboxd.com/film/my-fault/,2026-05-25T12:16:44+00:00
movie_f4046cff37a7,Queen Charlotte: A Bridgerton Story (2023),,https://letterboxd.com/film/queen-charlotte-a-bridgerton-story/,2026-05-25T12:16:44+00:00
movie_eb6e4e04a859,Bridgerton - The Afterparty (2021),,https://letterboxd.com/film/bridgerton-the-afterparty/,2026-05-25T12:16:44+00:00
movie_617e660af355,Tenet,,,2026-05-25T12:17:23+00:00
movie_31b83eef56e6,Grindhouse (2007),,https://letterboxd.com/film/grindhouse/,2026-05-25T12:17:30+00:00
movie_8f4fb0638a01,Jackie Brown (1997),,https://letterboxd.com/film/jackie-brown/,2026-05-25T12:17:30+00:00
movie_21f05995f439,For a Few Dollars More (1965),,https://letterboxd.com/film/for-a-few-dollars-more/,2026-05-25T12:17:30+00:00
movie_5900e2e461df,A Fistful of Dollars (1964),,https://letterboxd.com/film/a-fistful-of-dollars/,2026-05-25T12:17:30+00:00
movie_538c88549c54,Fantastic Mr. Fox,,,2026-05-25T12:18:10+00:00
movie_a159c720adc2,Sunset Boulevard (1950),,https://letterboxd.com/film/sunset-boulevard/,2026-05-25T12:18:59+00:00
movie_7a1bc8f8b3df,Twilight,,,2026-05-25T12:19:49+00:00
movie_4a1b1f6b12bf,Toy Story,,,2026-05-25T12:20:38+00:00
movie_9daf149aefea,Soul,,,2026-05-25T12:20:44+00:00
movie_bdfc2679fe83,Joker,,,2026-05-25T12:21:31+00:00
movie_d7b24a19dcfa,Qala (2022),,https://letterboxd.com/film/qala/,2026-05-25T12:22:18+00:00
movie_7dc68f4ad9a8,Pig (2021),,https://letterboxd.com/film/pig-2021/,2026-05-25T12:22:18+00:00
movie_cf11574e437c,The Summit of the Gods (2021),,https://letterboxd.com/film/the-summit-of-the-gods/,2026-05-25T12:22:18+00:00
movie_d7f045a4edc3,Godzilla: King of the Monsters (2019),,https://letterboxd.com/film/godzilla-king-of-the-monsters-2019/,2026-05-25T12:22:18+00:00
movie_04a0b7a08352,Tau (2018),,https://letterboxd.com/film/tau-2018/,2026-05-25T12:22:18+00:00
movie_463272496d81,Pad Man (2018),,https://letterboxd.com/film/pad-man/,2026-05-25T12:22:18+00:00
movie_343394b80c16,Dangal (2016),,https://letterboxd.com/film/dangal/,2026-05-25T12:22:18+00:00
movie_c3a8008e2f99,Coherence (2013),,https://letterboxd.com/film/coherence/,2026-05-25T12:22:18+00:00
movie_b010b51ec97a,Enemy (2013),,https://letterboxd.com/film/enemy/,2026-05-25T12:22:18+00:00
movie_9e3a530c69ab,Rush (2013),,https://letterboxd.com/film/rush-2013/,2026-05-25T12:22:18+00:00
movie_80629f20a0d5,World War Z (2013),,https://letterboxd.com/film/world-war-z/,2026-05-25T12:22:18+00:00
movie_01ccde677c62,Barfi! (2012),,https://letterboxd.com/film/barfi/,2026-05-25T12:22:18+00:00
movie_9d5294dd4d9e,Rockstar (2011),,https://letterboxd.com/film/rockstar/,2026-05-25T12:22:18+00:00
movie_b17f17f51241,The Amazing Spider-Man,,,2026-05-25T12:23:00+00:00
movie_230c3644ec6d,The Hobbit: An Unexpected Journey,,,2026-05-25T12:23:49+00:00
movie_54c3b045cf63,Us,,,2026-05-25T12:24:05+00:00
movie_df72e604a2eb,Avengers: Endgame,,,2026-05-25T12:24:40+00:00
movie_37e5c2d3d32e,Spider-Man: Brand New Day,,,2026-05-25T12:25:33+00:00
movie_17a3e2bd6b17,180 (2026),,https://letterboxd.com/film/180-2026/,2026-05-25T12:25:33+00:00
movie_df2e09463734,Let Him Go (2020),,https://letterboxd.com/film/let-him-go/,2026-05-25T12:25:33+00:00
movie_7932e59b7800,Feel the Beat (2020),,https://letterboxd.com/film/feel-the-beat-2020/,2026-05-25T12:25:33+00:00
movie_18f39a259b55,Bad Boys for Life (2020),,https://letterboxd.com/film/bad-boys-for-life/,2026-05-25T12:25:33+00:00
movie_f843cc4c2823,The Expendables 3 (2014),,https://letterboxd.com/film/the-expendables-3/,2026-05-25T12:25:33+00:00
movie_9183bc477acc,Cloud 9 (2014),,https://letterboxd.com/film/cloud-9-2014/,2026-05-25T12:25:33+00:00
movie_2949bfa2f2ad,Teen Beach Movie (2013),,https://letterboxd.com/film/teen-beach-movie/,2026-05-25T12:25:33+00:00
movie_f0704bfd3b68,Silver Linings Playbook (2012),,https://letterboxd.com/film/silver-linings-playbook/,2026-05-25T12:25:33+00:00
movie_d8b51d4886d6,Chainsaw Man (2022),,https://letterboxd.com/film/chainsaw-man-2022/,2026-05-25T12:26:16+00:00
movie_7e0a41f82aa3,Doctor Sleep (2019),,https://letterboxd.com/film/doctor-sleep/,2026-05-25T12:26:16+00:00
movie_714c9766ce23,Sweeney Todd: The Demon Barber of Fleet Street (2007),,https://letterboxd.com/film/sweeney-todd-the-demon-barber-of-fleet-street-2007/,2026-05-25T12:26:16+00:00
movie_a67ab2bdbc81,Charlie and the Chocolate Factory,,,2026-05-25T12:26:31+00:00
movie_dbf8a5ea333a,She's the Man,,,2026-05-25T12:27:09+00:00
movie_041d944421c2,She's the Man (2006),,https://letterboxd.com/film/shes-the-man/,2026-05-25T12:27:09+00:00
movie_61177378dec6,Donnie Darko,,,2026-05-25T12:27:56+00:00
movie_e7f37f468f13,American Gangster (2007),,https://letterboxd.com/film/american-gangster/,2026-05-25T12:28:48+00:00
movie_236a4f1040db,Wrath of Man (2021),,https://letterboxd.com/film/wrath-of-man/,2026-05-25T12:28:56+00:00
movie_2c862630f9b2,The Equalizer 2 (2018),,https://letterboxd.com/film/the-equalizer-2/,2026-05-25T12:28:56+00:00
movie_4200cbca42eb,Mechanic: Resurrection (2016),,https://letterboxd.com/film/mechanic-resurrection/,2026-05-25T12:28:56+00:00
movie_0b44ad5ce9f7,Legend (2015),,https://letterboxd.com/film/legend-2015/,2026-05-25T12:28:56+00:00
movie_48cac1163e2b,The Equalizer (2014),,https://letterboxd.com/film/the-equalizer/,2026-05-25T12:28:56+00:00
movie_471c2b16abdb,Sin City: A Dame to Kill For (2014),,https://letterboxd.com/film/sin-city-a-dame-to-kill-for/,2026-05-25T12:28:56+00:00
movie_1c246c650329,Blended (2014),,https://letterboxd.com/film/blended/,2026-05-25T12:28:56+00:00
movie_8c5c6ed79464,Anchorman 2: The Legend Continues (2013),,https://letterboxd.com/film/anchorman-2-the-legend-continues/,2026-05-25T12:28:56+00:00
movie_cd4c000a23f4,Homefront (2013),,https://letterboxd.com/film/homefront/,2026-05-25T12:28:56+00:00
movie_503c7ae04fb2,Parker (2013),,https://letterboxd.com/film/parker/,2026-05-25T12:28:56+00:00
movie_449a269a2059,Zero Dark Thirty (2012),,https://letterboxd.com/film/zero-dark-thirty/,2026-05-25T12:28:56+00:00
movie_659f1a15dda6,The Bourne Legacy (2012),,https://letterboxd.com/film/the-bourne-legacy/,2026-05-25T12:28:56+00:00
movie_2fc3914d4d0c,The Expendables 2 (2012),,https://letterboxd.com/film/the-expendables-2/,2026-05-25T12:28:56+00:00
movie_4227689fc41b,Flight (2012),,https://letterboxd.com/film/flight/,2026-05-25T12:28:56+00:00
movie_86b0aab39487,Jack and Jill (2011),,https://letterboxd.com/film/jack-and-jill/,2026-05-25T12:28:56+00:00
movie_1c16e50885f0,Just Go with It (2011),,https://letterboxd.com/film/just-go-with-it/,2026-05-25T12:28:56+00:00
movie_f40fa45c8cb5,Margin Call (2011),,https://letterboxd.com/film/margin-call/,2026-05-25T12:28:56+00:00
movie_194aa82ace36,The Mechanic (2011),,https://letterboxd.com/film/the-mechanic-2011/,2026-05-25T12:28:56+00:00
movie_7f9e8d3439ae,Unstoppable (2010),,https://letterboxd.com/film/unstoppable-2010/,2026-05-25T12:28:56+00:00
movie_5424a8fbe783,The Expendables (2010),,https://letterboxd.com/film/the-expendables/,2026-05-25T12:28:56+00:00
movie_8eb7f9369bc6,The Book of Eli (2010),,https://letterboxd.com/film/the-book-of-eli/,2026-05-25T12:28:56+00:00
movie_ce9c6b57848f,Law Abiding Citizen (2009),,https://letterboxd.com/film/law-abiding-citizen/,2026-05-25T12:28:56+00:00
movie_687c037bda88,Gran Torino (2008),,https://letterboxd.com/film/gran-torino/,2026-05-25T12:28:56+00:00
movie_b9bf08f9096e,Transporter 3 (2008),,https://letterboxd.com/film/transporter-3/,2026-05-25T12:28:56+00:00
movie_259cccd94949,The Hurt Locker (2008),,https://letterboxd.com/film/the-hurt-locker/,2026-05-25T12:28:56+00:00
movie_0f4fe28318b9,Step Brothers (2008),,https://letterboxd.com/film/step-brothers/,2026-05-25T12:28:56+00:00
movie_b29066cabb31,Saw II,,,2026-05-25T12:29:00+00:00
movie_62a7c8aad290,Dog Day Afternoon,,,2026-05-25T12:29:03+00:00
movie_99ee0cd19401,Django Unchained,,,2026-05-25T12:29:07+00:00
movie_a2a0d6e15043,My Father's Shadow (2025),,https://letterboxd.com/film/my-fathers-shadow-2025/,2026-05-25T12:29:52+00:00
movie_86ca441d38e9,Nouvelle Vague (2025),,https://letterboxd.com/film/nouvelle-vague-2025/,2026-05-25T12:29:52+00:00
movie_f5c9b2fec62b,Compartment No. 6 (2021),,https://letterboxd.com/film/compartment-no-6/,2026-05-25T12:29:52+00:00
movie_049a55b84f40,My Octopus Teacher (2020),,https://letterboxd.com/film/my-octopus-teacher/,2026-05-25T12:29:52+00:00
movie_a0db33729190,The Farewell (2019),,https://letterboxd.com/film/the-farewell-2019/,2026-05-25T12:29:52+00:00
movie_1f04e5ccdc4f,White Boy Rick (2018),,https://letterboxd.com/film/white-boy-rick-2018/,2026-05-25T12:29:52+00:00
movie_d04a678e2a6e,King Arthur: Legend of the Sword (2017),,https://letterboxd.com/film/king-arthur-legend-of-the-sword/,2026-05-25T12:29:52+00:00
movie_c0b373957739,Black Mass (2015),,https://letterboxd.com/film/black-mass-2015/,2026-05-25T12:29:52+00:00
movie_981f9a957381,Tangerine (2015),,https://letterboxd.com/film/tangerine/,2026-05-25T12:29:52+00:00
movie_31aa3d218ee2,Into the Woods (2014),,https://letterboxd.com/film/into-the-woods-2014/,2026-05-25T12:29:52+00:00
movie_5e5dbc5e8f09,Kill Bill: Vol. 1,,,2026-05-25T12:30:32+00:00
movie_7af56f5c77b2,Chronicle (2012),,https://letterboxd.com/film/chronicle/,2026-05-25T12:31:30+00:00
movie_4bb1a9e18269,The Number 23 (2007),,https://letterboxd.com/film/the-number-23/,2026-05-25T12:31:30+00:00
movie_e352482a8268,Sideways (2004),,https://letterboxd.com/film/sideways/,2026-05-25T12:31:30+00:00
movie_851c32a188a8,I Am Sam (2001),,https://letterboxd.com/film/i-am-sam/,2026-05-25T12:31:30+00:00
movie_2fb292fbea4b,"It's Never Over, Jeff Buckley (2025)",,https://letterboxd.com/film/its-never-over-jeff-buckley/,2026-05-25T12:32:22+00:00
movie_fe73279e56f2,A Traveler's Needs (2024),,https://letterboxd.com/film/a-travelers-needs/,2026-05-25T12:32:22+00:00
movie_ad08872d0d62,Evil Does Not Exist (2023),,https://letterboxd.com/film/evil-does-not-exist/,2026-05-25T12:32:22+00:00
movie_c750da1b2f79,The Novelist's Film (2022),,https://letterboxd.com/film/the-novelists-film/,2026-05-25T12:32:22+00:00
movie_bf5c742ba647,Licorice Pizza (2021),,https://letterboxd.com/film/licorice-pizza/,2026-05-25T12:32:22+00:00
movie_29bb32345f4a,Spencer (2021),,https://letterboxd.com/film/spencer-2021/,2026-05-25T12:32:22+00:00
movie_25e8c66e6ed3,The Velvet Underground (2021),,https://letterboxd.com/film/the-velvet-underground-2021/,2026-05-25T12:32:22+00:00
movie_c156c6bf598b,Asako I & II (2018),,https://letterboxd.com/film/asako-i-ii/,2026-05-25T12:32:22+00:00
movie_30ffc4471902,On the Beach at Night Alone (2017),,https://letterboxd.com/film/on-the-beach-at-night-alone/,2026-05-25T12:32:22+00:00
movie_4742e0b3f496,Inherent Vice (2014),,https://letterboxd.com/film/inherent-vice/,2026-05-25T12:32:22+00:00
movie_0e07667bb66f,Nymphomaniac: Vol. II (2013),,https://letterboxd.com/film/nymphomaniac-volume-ii/,2026-05-25T12:32:22+00:00
movie_e38bdef98faa,Stoker (2013),,https://letterboxd.com/film/stoker/,2026-05-25T12:32:22+00:00
movie_30ac145f3c58,Evangelion: 3.0 You Can (Not) Redo (2012),,https://letterboxd.com/film/evangelion-30-you-can-not-redo/,2026-05-25T12:32:22+00:00
movie_fc697356225a,The Master (2012),,https://letterboxd.com/film/the-master-2012/,2026-05-25T12:32:22+00:00
movie_dd4d09343b5f,Helter Skelter (2012),,https://letterboxd.com/film/helter-skelter-2012/,2026-05-25T12:32:22+00:00
movie_ce7a43c24d39,Himizu (2011),,https://letterboxd.com/film/himizu/,2026-05-25T12:32:22+00:00
movie_fd1620cee522,Apocalypto (2006),,https://letterboxd.com/film/apocalypto/,2026-05-25T12:34:01+00:00
movie_e2ba723012db,Shaun of the Dead (2004),,https://letterboxd.com/film/shaun-of-the-dead/,2026-05-25T12:34:01+00:00
movie_4a3384027582,Elf (2003),,https://letterboxd.com/film/elf/,2026-05-25T12:34:01+00:00
movie_e7fe8424c4f2,School of Rock (2003),,https://letterboxd.com/film/school-of-rock/,2026-05-25T12:34:01+00:00
movie_a51795da9e29,Apollo 13 (1995),,https://letterboxd.com/film/apollo-13/,2026-05-25T12:34:01+00:00
movie_ffd2117805e3,Grease (1978),,https://letterboxd.com/film/grease/,2026-05-25T12:34:01+00:00
movie_02224f98649e,Dirty Harry (1971),,https://letterboxd.com/film/dirty-harry/,2026-05-25T12:34:01+00:00
movie_49a332460521,The Hot Chick (2002),,https://letterboxd.com/film/the-hot-chick/,2026-05-25T12:35:05+00:00
movie_dffb20e340bc,You've Got Mail (1998),,https://letterboxd.com/film/youve-got-mail/,2026-05-25T12:35:05+00:00
movie_f190a338ee5c,Rocky IV,,,2026-05-25T12:35:42+00:00
movie_011d3ae758bd,Rocky IV (1985),,https://letterboxd.com/film/rocky-iv/,2026-05-25T12:35:42+00:00
movie_b07691f17353,Rocky II (1979),,https://letterboxd.com/film/rocky-ii/,2026-05-25T12:35:42+00:00
movie_2463f0e8ff97,Ip Man 2 (2010),,https://letterboxd.com/film/ip-man-2/,2026-05-25T12:35:42+00:00
movie_068a03a62841,Even If This Love Disappears Tonight (2025),,https://letterboxd.com/film/even-if-this-love-disappears-tonight/,2026-05-25T12:35:48+00:00
movie_8ed41ada3c08,Drawing Closer (2024),,https://letterboxd.com/film/drawing-closer/,2026-05-25T12:35:48+00:00
movie_de47ab32a47b,Lovely Runner (2024),,https://letterboxd.com/film/lovely-runner/,2026-05-25T12:35:48+00:00
movie_72a73a0f23c6,Queen of Tears (2024),,https://letterboxd.com/film/queen-of-tears-2024/,2026-05-25T12:35:48+00:00
movie_079585c0d30a,18x2 Beyond Youthful Days (2024),,https://letterboxd.com/film/18x2-beyond-youthful-days/,2026-05-25T12:35:48+00:00
movie_a649149f6e62,It's Okay to Not Be Okay (2020),,https://letterboxd.com/film/its-okay-to-not-be-okay/,2026-05-25T12:35:49+00:00
movie_7313914367c0,Ip Man 4: The Finale (2019),,https://letterboxd.com/film/ip-man-4-the-finale/,2026-05-25T12:35:49+00:00
movie_ac417b21328b,Crash Landing on You (2019),,https://letterboxd.com/film/crash-landing-on-you/,2026-05-25T12:35:49+00:00
movie_82ad8f35e647,Mad Max: Fury Road,,,2026-05-25T12:36:30+00:00
movie_46d3c58e306b,Challengers,,,2026-05-25T12:36:30+00:00
movie_b670c4239501,Portrait of a Lady on Fire,,,2026-05-25T12:36:42+00:00
movie_f9069278d430,Guardians of the Galaxy,,,2026-05-25T12:36:46+00:00
movie_259f8d2926f4,Iron Man 3,,,2026-05-25T12:37:09+00:00
movie_f735acb6327e,The Stranger,,,2026-05-25T12:38:26+00:00
movie_4c8aad81e61c,The Stranger (2025),,https://letterboxd.com/film/the-stranger-2025-1/,2026-05-25T12:38:26+00:00
movie_a9fc5e4f7e5c,Back to the Outback (2021),,https://letterboxd.com/film/back-to-the-outback/,2026-05-25T12:38:26+00:00
movie_59fb7f2d4c9b,Chainsaw Man – The Movie: Reze Arc,,,2026-05-25T12:39:02+00:00
movie_e5270c3afcd6,CJ7 (2008),,https://letterboxd.com/film/cj7/,2026-05-25T12:39:09+00:00
movie_b1205b7c37a8,Dear Evan Hansen (2021),,https://letterboxd.com/film/dear-evan-hansen/,2026-05-25T12:40:06+00:00
movie_87c955b58d75,We're the Millers (2013),,https://letterboxd.com/film/were-the-millers/,2026-05-25T12:40:06+00:00
movie_bbbd14702f3e,Tinker Bell and the Great Fairy Rescue (2010),,https://letterboxd.com/film/tinker-bell-and-the-great-fairy-rescue/,2026-05-25T12:40:06+00:00
movie_f05478548756,Wild Child (2008),,https://letterboxd.com/film/wild-child/,2026-05-25T12:40:06+00:00
movie_f3b1f479638d,Disturbia (2007),,https://letterboxd.com/film/disturbia/,2026-05-25T12:40:06+00:00
movie_aa7e47db643b,A Cinderella Story (2004),,https://letterboxd.com/film/a-cinderella-story/,2026-05-25T12:40:06+00:00
movie_ee43e2f85c9e,Freaky Friday (2003),,https://letterboxd.com/film/freaky-friday-2003/,2026-05-25T12:40:06+00:00
movie_d6c0525e00b5,The Conjuring: Last Rites,,,2026-05-25T12:40:56+00:00
movie_efae93e70beb,Dhurandhar The Revenge,,,2026-05-25T12:41:05+00:00
movie_2d09342bd9a8,Swapped (2026),,https://letterboxd.com/film/swapped-2026/,2026-05-25T12:41:58+00:00
movie_8b0d069f80c6,My Neighbor Totoro,,,2026-05-25T12:42:44+00:00
movie_ca532ed7f194,The Fantastic 4: First Steps,,,2026-05-25T12:42:51+00:00
movie_36d117d56aac,The Woman King (2022),,https://letterboxd.com/film/the-woman-king/,2026-05-25T12:42:51+00:00
movie_530e0d283d48,At Eternity's Gate (2018),,https://letterboxd.com/film/at-eternitys-gate/,2026-05-25T12:42:51+00:00
movie_47f27ebc87c2,Edward Scissorhands,,,2026-05-25T12:42:55+00:00
movie_d5217dfec881,The Banshees of Inisherin,,,2026-05-25T12:43:19+00:00
movie_019bdb955049,Isle of Dogs,,,2026-05-25T12:43:22+00:00
movie_89fb94839eac,El Camino: A Breaking Bad Movie,,,2026-05-25T12:43:41+00:00
movie_28584780b328,Hustle (2022),,https://letterboxd.com/film/hustle-2022/,2026-05-25T12:43:50+00:00
movie_0716ec63fc04,King Richard (2021),,https://letterboxd.com/film/king-richard/,2026-05-25T12:43:50+00:00
movie_216185972f87,Spies in Disguise (2019),,https://letterboxd.com/film/spies-in-disguise/,2026-05-25T12:43:50+00:00
movie_67b599d60817,Eddie the Eagle (2015),,https://letterboxd.com/film/eddie-the-eagle/,2026-05-25T12:43:50+00:00
movie_5ee91905af73,Lamborghini: The Man Behind the Legend (2022),,https://letterboxd.com/film/lamborghini-the-man-behind-the-legend/,2026-05-25T12:45:24+00:00
movie_60f38c8a5e17,The Outfit (2022),,https://letterboxd.com/film/the-outfit-2022/,2026-05-25T12:45:24+00:00
movie_88d0df8e3578,Burnt (2015),,https://letterboxd.com/film/burnt/,2026-05-25T12:45:24+00:00
movie_90aefc05ebc1,Predestination (2014),,https://letterboxd.com/film/predestination/,2026-05-25T12:45:24+00:00
movie_ccdfe693337a,Pain & Gain (2013),,https://letterboxd.com/film/pain-gain/,2026-05-25T12:45:24+00:00
movie_7a976b55499a,The 40 Year Old Virgin (2005),,https://letterboxd.com/film/the-40-year-old-virgin/,2026-05-25T12:45:24+00:00
movie_472498a91e6b,Coach Carter (2005),,https://letterboxd.com/film/coach-carter/,2026-05-25T12:45:24+00:00
movie_3ffea3152b8f,Collateral (2004),,https://letterboxd.com/film/collateral/,2026-05-25T12:45:24+00:00
movie_23968cdc157f,The Devil's Advocate (1997),,https://letterboxd.com/film/the-devils-advocate/,2026-05-25T12:45:24+00:00
movie_1b067b6d77fe,Watchmen,,,2026-05-25T12:45:35+00:00
movie_83584b231bea,Incantation (2022),,https://letterboxd.com/film/incantation-2022/,2026-05-25T12:46:24+00:00
movie_234ddfeb13db,We Need to Talk About Kevin (2011),,https://letterboxd.com/film/we-need-to-talk-about-kevin/,2026-05-25T12:46:24+00:00
movie_aa32429d7e32,Mean Girls 2 (2011),,https://letterboxd.com/film/mean-girls-2/,2026-05-25T12:46:24+00:00
movie_b008fa4a2fe9,Aquamarine (2006),,https://letterboxd.com/film/aquamarine/,2026-05-25T12:46:24+00:00
movie_488e389f794d,The Parent Trap (1998),,https://letterboxd.com/film/the-parent-trap-1998/,2026-05-25T12:46:24+00:00
movie_2c06592d2922,Snow White and the Seven Dwarfs (1937),,https://letterboxd.com/film/snow-white-and-the-seven-dwarfs/,2026-05-25T12:46:24+00:00
movie_2b7267874669,Green Book,,,2026-05-25T12:47:14+00:00
movie_3f40a83daf3b,The Mastermind (2025),,https://letterboxd.com/film/the-mastermind-2025/,2026-05-25T12:47:22+00:00
movie_52d482e0fc8e,Little Amélie or the Character of Rain (2025),,https://letterboxd.com/film/little-amelie-or-the-character-of-rain/,2026-05-25T12:47:22+00:00
movie_a099c709b1e2,The Lord of the Rings: The War of the Rohirrim (2024),,https://letterboxd.com/film/the-lord-of-the-rings-the-war-of-the-rohirrim/,2026-05-25T12:47:22+00:00
movie_550e0fa94c02,Shōgun (2024),,https://letterboxd.com/film/shogun-2024/,2026-05-25T12:47:22+00:00
movie_b9e9872ad7f2,Sin City,,,2026-05-25T12:47:25+00:00
movie_41beec3d54ce,I Swear,,,2026-05-25T12:47:46+00:00
movie_6a411c4b0dc6,The Substance,,,2026-05-25T12:48:15+00:00
movie_0b8d0fb61548,Matilda (1996),,https://letterboxd.com/film/matilda/,2026-05-25T12:49:12+00:00
movie_c10a98bfde83,Pretty Woman (1990),,https://letterboxd.com/film/pretty-woman/,2026-05-25T12:49:12+00:00
movie_c3cacfe57d74,Possession (1981),,https://letterboxd.com/film/possession/,2026-05-25T12:49:12+00:00
movie_00fec716db17,Withnail & I,,,2026-05-25T12:49:58+00:00
movie_972641ec5c48,Peter Hujar's Day (2025),,https://letterboxd.com/film/peter-hujars-day/,2026-05-25T12:50:05+00:00
movie_2236b693ec25,Cloud (2024),,https://letterboxd.com/film/cloud-2024/,2026-05-25T12:50:05+00:00
movie_bcd1e1ad0ba8,Parthenope (2024),,https://letterboxd.com/film/parthenope/,2026-05-25T12:50:05+00:00
movie_8b172971abd6,Coup de Chance (2023),,https://letterboxd.com/film/coup-de-chance/,2026-05-25T12:50:05+00:00
movie_c499cf4fdcb8,The Beast (2023),,https://letterboxd.com/film/the-beast-2023-1/,2026-05-25T12:50:05+00:00
movie_4c6754d295e1,The Hand of God (2021),,https://letterboxd.com/film/the-hand-of-god/,2026-05-25T12:50:05+00:00
movie_dbe4311c855f,First Cow (2019),,https://letterboxd.com/film/first-cow/,2026-05-25T12:50:05+00:00
movie_425bf2faa245,T2 Trainspotting (2017),,https://letterboxd.com/film/t2-trainspotting/,2026-05-25T12:50:05+00:00
movie_5c6e837f4d18,The Great Beauty (2013),,https://letterboxd.com/film/the-great-beauty/,2026-05-25T12:50:05+00:00
movie_9618237d33ba,Laurence Anyways (2012),,https://letterboxd.com/film/laurence-anyways/,2026-05-25T12:50:05+00:00
movie_d749ee0382b0,"Oslo, August 31st (2011)",,https://letterboxd.com/film/oslo-august-31st/,2026-05-25T12:50:05+00:00
movie_774a5c2362a0,Vicky Cristina Barcelona (2008),,https://letterboxd.com/film/vicky-cristina-barcelona/,2026-05-25T12:50:05+00:00
movie_fc34581ccea3,Still Walking (2008),,https://letterboxd.com/film/still-walking/,2026-05-25T12:50:05+00:00
movie_8d884701fd47,"Lust, Caution (2007)",,https://letterboxd.com/film/lust-caution/,2026-05-25T12:50:05+00:00
movie_2fab42995888,Reprise (2006),,https://letterboxd.com/film/reprise/,2026-05-25T12:50:05+00:00
movie_52cbcd3c11d9,Volver (2006),,https://letterboxd.com/film/volver/,2026-05-25T12:50:05+00:00
movie_7b8b9a3d6732,Coffee and Cigarettes (2003),,https://letterboxd.com/film/coffee-and-cigarettes-2003/,2026-05-25T12:50:05+00:00
movie_88ccb6df0160,The Talented Mr. Ripley (1999),,https://letterboxd.com/film/the-talented-mr-ripley/,2026-05-25T12:50:05+00:00
movie_7f38dfa40966,How to Train Your Dragon,,,2026-05-25T12:50:50+00:00
movie_3e35ee8b547b,28 Years Later: The Bone Temple,,,2026-05-25T12:50:58+00:00
movie_3c4d7b35c89d,Close (2022),,https://letterboxd.com/film/close-2022/,2026-05-25T12:50:58+00:00
movie_d1e4bf3ac0b9,Rush Hour 3 (2007),,https://letterboxd.com/film/rush-hour-3/,2026-05-25T12:50:58+00:00
movie_ad981479f281,Rush Hour 2 (2001),,https://letterboxd.com/film/rush-hour-2/,2026-05-25T12:50:58+00:00
movie_29d3b94cf242,The Perks of Being a Wallflower,,,2026-05-25T12:51:12+00:00
movie_e0f5ff367201,Latin Blood – The Ballad of Ney Matogrosso,,,2026-05-25T12:51:50+00:00
movie_c6cb0353ec35,Latin Blood – The Ballad of Ney Matogrosso (2025),,https://letterboxd.com/film/latin-blood-the-ballad-of-ney-matogrosso/,2026-05-25T12:51:50+00:00
movie_93b744fd6970,The Help,,,2026-05-25T12:52:02+00:00
movie_f34e9446fc1a,Shrek 2,,,2026-05-25T12:52:49+00:00
movie_59fc993db840,Call Me by Your Name,,,2026-05-25T12:53:24+00:00
movie_566efd2c989a,The Family Plan 2 (2025),,https://letterboxd.com/film/the-family-plan-2/,2026-05-25T12:54:39+00:00
movie_62172ca41473,The Family Plan (2023),,https://letterboxd.com/film/the-family-plan/,2026-05-25T12:54:39+00:00
movie_987ec2a57789,Spy (2015),,https://letterboxd.com/film/spy/,2026-05-25T12:54:39+00:00
movie_791abed3d2ce,Under the Skin (2013),,https://letterboxd.com/film/under-the-skin-2013/,2026-05-25T12:54:39+00:00
movie_7754353f9704,Escape Plan (2013),,https://letterboxd.com/film/escape-plan/,2026-05-25T12:54:39+00:00
movie_b829da5f7206,Kick-Ass 2 (2013),,https://letterboxd.com/film/kick-ass-2/,2026-05-25T12:54:39+00:00
movie_4677168173b7,Jack Reacher (2012),,https://letterboxd.com/film/jack-reacher/,2026-05-25T12:54:39+00:00
movie_6ccd35aa0643,The Place Beyond the Pines (2012),,https://letterboxd.com/film/the-place-beyond-the-pines/,2026-05-25T12:54:39+00:00
movie_dcb198c80c96,Moonrise Kingdom,,,2026-05-25T12:55:28+00:00
movie_4d69ec7d8a57,Speak No Evil,,,2026-05-25T12:56:16+00:00
movie_626b57c84463,Zombieland (2009),,https://letterboxd.com/film/zombieland/,2026-05-25T12:56:23+00:00
movie_0bc3aade8923,The Mist (2007),,https://letterboxd.com/film/the-mist/,2026-05-25T12:56:23+00:00
movie_4e1a329bd672,Inception,,,2026-05-25T12:57:03+00:00
movie_09598f2972fd,"The Rise of the Red Hot Chili Peppers: Our Brother, Hillel (2026)",,https://letterboxd.com/film/the-rise-of-the-red-hot-chili-peppers-our/,2026-05-25T12:57:10+00:00
movie_9ec76a612731,Gen V - Prime Premiere (2023),,https://letterboxd.com/film/gen-v-prime-premiere/,2026-05-25T12:57:10+00:00
movie_45bf76329ce1,Love Lies Bleeding,,,2026-05-25T12:57:54+00:00
movie_1ff4868ce0de,The Crash,,,2026-05-25T12:58:01+00:00
movie_0aaa0acda228,The Crash (2026),,https://letterboxd.com/film/the-crash-2026/,2026-05-25T12:58:01+00:00
movie_ee2c5a48e5a4,Monster: The Ed Gein Story (2025),,https://letterboxd.com/film/monster-the-ed-gein-story/,2026-05-25T12:58:01+00:00
movie_ea29c216f6d4,Bulbbul (2020),,https://letterboxd.com/film/bulbbul/,2026-05-25T12:58:01+00:00
movie_5eab4f1cd476,Zola (2020),,https://letterboxd.com/film/zola/,2026-05-25T12:58:01+00:00
movie_c644251bee76,Sharp Objects (2018),,https://letterboxd.com/film/sharp-objects/,2026-05-25T12:58:01+00:00
movie_174bc2131bba,American Mary (2012),,https://letterboxd.com/film/american-mary/,2026-05-25T12:58:01+00:00
movie_058593bb51f0,BEEF,,,2026-05-25T12:58:05+00:00
movie_64ca2255a0a1,Coach Carter,,,2026-05-25T12:58:45+00:00
movie_86e06136387c,Public Enemies (2009),,https://letterboxd.com/film/public-enemies-2009/,2026-05-25T12:58:52+00:00
movie_acb1666821ff,The Assassination of Jesse James by the Coward Robert Ford (2007),,https://letterboxd.com/film/the-assassination-of-jesse-james-by-the-coward-robert-ford/,2026-05-25T12:58:52+00:00
movie_686d1a4137a1,Hannibal (2001),,https://letterboxd.com/film/hannibal/,2026-05-25T12:58:52+00:00
movie_c298ae0c2c51,Meet Joe Black (1998),,https://letterboxd.com/film/meet-joe-black/,2026-05-25T12:58:52+00:00
movie_e5cfc5b26490,Donnie Brasco (1997),,https://letterboxd.com/film/donnie-brasco/,2026-05-25T12:58:52+00:00
movie_d81927022217,Tinker Tailor Soldier Spy (2011),,https://letterboxd.com/film/tinker-tailor-soldier-spy/,2026-05-25T12:59:33+00:00
movie_39a720d537e1,Triangle (2009),,https://letterboxd.com/film/triangle-2009/,2026-05-25T12:59:33+00:00
movie_b522d2c8d8a6,Midnight Sun (2018),,https://letterboxd.com/film/midnight-sun-2018/,2026-05-25T13:00:35+00:00
movie_73f67757c608,Monster House (2006),,https://letterboxd.com/film/monster-house/,2026-05-25T13:00:35+00:00
movie_31fd13d925f9,All the Bright Places,,,2026-05-25T13:00:39+00:00
movie_e99a6c6d4d4a,The Purge (2013),,https://letterboxd.com/film/the-purge/,2026-05-25T13:01:22+00:00
movie_5e70dd89c0c0,The Twilight Saga: Breaking Dawn – Part 1 (2011),,https://letterboxd.com/film/the-twilight-saga-breaking-dawn-part-1/,2026-05-25T13:01:22+00:00
movie_613c70f5244a,Norbit (2007),,https://letterboxd.com/film/norbit/,2026-05-25T13:01:22+00:00
movie_eeceb0706233,Saw III (2006),,https://letterboxd.com/film/saw-iii/,2026-05-25T13:01:22+00:00
movie_6be9611240ea,Saw II (2005),,https://letterboxd.com/film/saw-ii/,2026-05-25T13:01:22+00:00
movie_965768995158,Spider-Man: Far From Home,,,2026-05-25T13:02:00+00:00
movie_a979f86e9b76,Ironheart (2025),,https://letterboxd.com/film/ironheart-2025/,2026-05-25T13:02:07+00:00
movie_d18f7e32a4da,Thor: The Dark World (2013),,https://letterboxd.com/film/thor-the-dark-world/,2026-05-25T13:02:07+00:00
movie_7ae7de77dcc0,The Crow (1994),,https://letterboxd.com/film/the-crow/,2026-05-25T13:02:07+00:00
movie_4dfa82ee5d43,E.T. the Extra-Terrestrial,,,2026-05-25T13:02:50+00:00
movie_8e9feb0bb27e,The Rays and Shadows,,,2026-05-25T13:02:57+00:00
movie_a27d7756bc9a,The Rays and Shadows (2026),,https://letterboxd.com/film/the-rays-and-shadows/,2026-05-25T13:02:57+00:00
movie_51841852237b,Mr. Scorsese (2025),,https://letterboxd.com/film/mr-scorsese/,2026-05-25T13:02:57+00:00
movie_553c4f387996,Whispers in the Woods (2025),,https://letterboxd.com/film/whispers-in-the-woods-2025/,2026-05-25T13:02:57+00:00
movie_83a0ddcdfb46,Couture (2025),,https://letterboxd.com/film/couture/,2026-05-25T13:02:57+00:00
movie_f5066bbd2a8a,A House of Dynamite (2025),,https://letterboxd.com/film/a-house-of-dynamite/,2026-05-25T13:02:57+00:00
movie_0acf93afff18,Connemara (2025),,https://letterboxd.com/film/connemara/,2026-05-25T13:02:57+00:00
movie_2f8b20e64e77,Nino (2025),,https://letterboxd.com/film/nino-2025/,2026-05-25T13:02:57+00:00
movie_5475bb5a4d84,The Little Sister (2025),,https://letterboxd.com/film/the-little-sister-2025/,2026-05-25T13:02:57+00:00
movie_261ce0f39a78,The Great Arch (2025),,https://letterboxd.com/film/the-great-arch-2025/,2026-05-25T13:02:57+00:00
movie_41fe02d7b439,Case 137 (2025),,https://letterboxd.com/film/case-137-2025/,2026-05-25T13:02:57+00:00
movie_a28d5a3e13b4,Enzo (2025),,https://letterboxd.com/film/enzo-2025/,2026-05-25T13:02:57+00:00
movie_fc3a33b7551c,Love Is Overrated (2025),,https://letterboxd.com/film/love-is-overrated/,2026-05-25T13:02:57+00:00
movie_64b114fb3214,The Quiet Son (2024),,https://letterboxd.com/film/the-quiet-son/,2026-05-25T13:02:57+00:00
movie_248e31c1c285,The Ties That Bind Us (2024),,https://letterboxd.com/film/the-ties-that-bind-us/,2026-05-25T13:02:57+00:00
movie_af16b5ae0879,Meet the Barbarians (2024),,https://letterboxd.com/film/meet-the-barbarians/,2026-05-25T13:02:57+00:00
movie_8b68cd2f445a,Paris 2024 Olympic Opening Ceremony (2024),,https://letterboxd.com/film/paris-2024-olympic-opening-ceremony/,2026-05-25T13:02:57+00:00
movie_160fc623892e,The Most Precious of Cargoes (2024),,https://letterboxd.com/film/the-most-precious-of-cargoes/,2026-05-25T13:02:57+00:00
movie_aeae5a4bd242,Psycho,,,2026-05-25T13:03:17+00:00
movie_f890fc21d56b,Dreams,,,2026-05-25T13:03:20+00:00
movie_80759aa3093f,The Last Dance (2020),,https://letterboxd.com/film/the-last-dance-2020/,2026-05-25T13:03:57+00:00
movie_b1d738ebc301,Coraline,,,2026-05-25T13:04:00+00:00
movie_78f0a426cbc6,Dream Scenario (2023),,https://letterboxd.com/film/dream-scenario/,2026-05-25T13:05:36+00:00
movie_3c607ac042c4,Anora,,,2026-05-25T13:05:55+00:00
movie_3e1aa643eab9,If I Had Legs I'd Kick You,,,2026-05-25T13:05:59+00:00
movie_35b65288a1b0,In the Grey,,,2026-05-25T13:06:35+00:00
movie_1901306ea7b1,Nefarious (2023),,https://letterboxd.com/film/nefarious-2023/,2026-05-25T13:06:35+00:00
movie_be56b34ad50f,The House (2022),,https://letterboxd.com/film/the-house-2022-1/,2026-05-25T13:06:35+00:00
movie_300c3e7076a0,The Guilty (2021),,https://letterboxd.com/film/the-guilty-2021/,2026-05-25T13:06:35+00:00
movie_9ee612e80030,Two Distant Strangers (2020),,https://letterboxd.com/film/two-distant-strangers/,2026-05-25T13:06:35+00:00
movie_ab2bb4f68350,Sorry to Bother You (2018),,https://letterboxd.com/film/sorry-to-bother-you/,2026-05-25T13:06:35+00:00
movie_236665c98f61,The Giver (2014),,https://letterboxd.com/film/the-giver/,2026-05-25T13:06:35+00:00
movie_0f2ccd4b66cf,District 9 (2009),,https://letterboxd.com/film/district-9/,2026-05-25T13:06:35+00:00
movie_c121de832bce,Monsters vs Aliens (2009),,https://letterboxd.com/film/monsters-vs-aliens/,2026-05-25T13:06:35+00:00
movie_b8dc9388a951,All Quiet on the Western Front,,,2026-05-25T13:06:38+00:00
movie_80c1db9e07be,Beetlejuice (1988),,https://letterboxd.com/film/beetlejuice/,2026-05-25T13:07:30+00:00
movie_53893df1a3e3,Jaws (1975),,https://letterboxd.com/film/jaws/,2026-05-25T13:07:30+00:00
movie_8a42fb0de41e,The Wild Robot,,,2026-05-25T13:08:13+00:00
movie_d111e8247728,The Princess Diaries,,,2026-05-25T13:08:23+00:00
movie_5f778066eebc,Pitch Perfect,,,2026-05-25T13:08:38+00:00
movie_c88e5519ff71,The Mummy,,,2026-05-25T13:09:10+00:00
movie_df05f2154f17,The Mummy (1999),,https://letterboxd.com/film/the-mummy-1999/,2026-05-25T13:09:10+00:00
movie_876fb75854f4,TRON: Legacy (2010),,https://letterboxd.com/film/tron-legacy/,2026-05-25T13:09:10+00:00
movie_da7633da9bfe,The Descent,,,2026-05-25T13:09:10+00:00
movie_8b56ad2531c0,Billie Eilish — Hit Me Hard and Soft: The Tour (Live in 3D),,,2026-05-25T13:09:17+00:00
movie_0cef0dd0d37f,Billie Eilish — Hit Me Hard and Soft: The Tour (Live in 3D) (2026),,https://letterboxd.com/film/billie-eilish-hit-me-hard-and-soft-the-tour/,2026-05-25T13:09:17+00:00
movie_0e08f0a2f061,Twenty One Pilots: More Than We Ever Imagined (2026),,https://letterboxd.com/film/twenty-one-pilots-more-than-we-ever-imagined/,2026-05-25T13:09:17+00:00
movie_51d344bc4753,It Ends (2025),,https://letterboxd.com/film/it-ends/,2026-05-25T13:09:17+00:00
movie_c4921e8a91db,Get Away (2024),,https://letterboxd.com/film/get-away-2/,2026-05-25T13:09:17+00:00
movie_e27f9bd625bc,Sacramento (2024),,https://letterboxd.com/film/sacramento-2024-1/,2026-05-25T13:09:17+00:00
movie_5dabb0e35be6,Thelma (2024),,https://letterboxd.com/film/thelma-2024/,2026-05-25T13:09:17+00:00
movie_21d9d91b4341,Strange Darling (2023),,https://letterboxd.com/film/strange-darling/,2026-05-25T13:09:17+00:00
movie_bde10941ebea,Hell of a Summer (2023),,https://letterboxd.com/film/hell-of-a-summer/,2026-05-25T13:09:17+00:00
movie_2bcbeaf9d063,The Passenger (2023),,https://letterboxd.com/film/the-passenger-2023/,2026-05-25T13:09:17+00:00
movie_1e4ba2b7920b,Oppenheimer,,,2026-05-25T13:10:14+00:00
movie_01bcd74663e3,Brick (2025),,https://letterboxd.com/film/brick-2025/,2026-05-25T13:11:57+00:00
movie_2966665da4c2,The Narrow Road to the Deep North (2025),,https://letterboxd.com/film/the-narrow-road-to-the-deep-north-2025/,2026-05-25T13:11:57+00:00
movie_08736505c0a5,Aşk Sadece Bir An (2025),,https://letterboxd.com/film/ask-sadece-bir-an/,2026-05-25T13:11:57+00:00
movie_1f0e38b46eb0,Love In The Big City (2024),,https://letterboxd.com/film/love-in-the-big-city-2024/,2026-05-25T13:11:57+00:00
movie_04a58ba9cb27,The Judge from Hell (2024),,https://letterboxd.com/film/the-judge-from-hell/,2026-05-25T13:11:57+00:00
movie_be9398c7f273,On Swift Horses (2024),,https://letterboxd.com/film/on-swift-horses/,2026-05-25T13:11:57+00:00
movie_c0c6b0ac89ef,My Name Is Loh Kiwan (2024),,https://letterboxd.com/film/my-name-is-loh-kiwan/,2026-05-25T13:11:57+00:00
movie_d761b89cc7cd,A Killer Paradox (2024),,https://letterboxd.com/film/a-killer-paradox/,2026-05-25T13:11:57+00:00
movie_af22df6de5b8,Dormitory (2023),,https://letterboxd.com/film/dormitory-2023/,2026-05-25T13:11:57+00:00
movie_74eddb1fb22f,Destined with You (2023),,https://letterboxd.com/film/destined-with-you/,2026-05-25T13:11:57+00:00
movie_59d42aa8801f,See You in My 19th Life (2023),,https://letterboxd.com/film/see-you-in-my-19th-life/,2026-05-25T13:11:57+00:00
movie_979c06dd2c41,King the Land (2023),,https://letterboxd.com/film/king-the-land/,2026-05-25T13:11:57+00:00
movie_6a2c1b466930,Bloodhounds (2023),,https://letterboxd.com/film/bloodhounds-2023/,2026-05-25T13:11:57+00:00
movie_2b3bb4a3d187,The Crowded Room (2023),,https://letterboxd.com/film/the-crowded-room/,2026-05-25T13:11:57+00:00
movie_c9c3fe9beca8,Fireworks (2023),,https://letterboxd.com/film/fireworks-2023/,2026-05-25T13:11:57+00:00
movie_a336d75968d3,The Lost Boys (2023),,https://letterboxd.com/film/the-lost-boys-2023/,2026-05-25T13:11:57+00:00
movie_013a70e55824,Kutsal Damacana 4 (2023),,https://letterboxd.com/film/kutsal-damacana-4/,2026-05-25T13:11:57+00:00
movie_27453c27dc17,Christmas Carol (2022),,https://letterboxd.com/film/christmas-carol/,2026-05-25T13:11:57+00:00
movie_eca664f7fed6,Revenge of Others (2022),,https://letterboxd.com/film/revenge-of-others/,2026-05-25T13:11:57+00:00
movie_ab04b4a86b1a,Burning Days (2022),,https://letterboxd.com/film/burning-days/,2026-05-25T13:11:57+00:00
movie_92c982b70366,Redeeming Love (2022),,https://letterboxd.com/film/redeeming-love/,2026-05-25T13:11:57+00:00
movie_f6a9ec3c9757,Bad and Crazy (2021),,https://letterboxd.com/film/bad-and-crazy/,2026-05-25T13:11:57+00:00
movie_007aea6eb395,Happiness (2021),,https://letterboxd.com/film/happiness-2021-1/,2026-05-25T13:11:57+00:00
movie_d381fb93c207,The Notebook,,,2026-05-25T13:12:17+00:00
movie_1370944893a7,To the Bone,,,2026-05-25T13:12:46+00:00
movie_f564a154c959,Girl from Nowhere: The Reset (2026),,https://letterboxd.com/film/girl-from-nowhere-the-reset/,2026-05-25T13:12:55+00:00
movie_368e621b90bd,Time Cut (2024),,https://letterboxd.com/film/time-cut/,2026-05-25T13:12:55+00:00
movie_58080f5e28c1,Dear Child (2023),,https://letterboxd.com/film/dear-child-2023/,2026-05-25T13:12:55+00:00
movie_3031f6da6476,Tin & Tina (2023),,https://letterboxd.com/film/tin-tina-2023/,2026-05-25T13:12:55+00:00
movie_944f3317c529,Hypnotic (2021),,https://letterboxd.com/film/hypnotic-2021/,2026-05-25T13:12:55+00:00
movie_ad105cf2d2e1,Awake (2021),,https://letterboxd.com/film/awake-2021/,2026-05-25T13:12:55+00:00
movie_daeca04d4855,Behind Her Eyes (2021),,https://letterboxd.com/film/behind-her-eyes/,2026-05-25T13:12:55+00:00
movie_42acd1b96990,The Map of Tiny Perfect Things (2021),,https://letterboxd.com/film/the-map-of-tiny-perfect-things/,2026-05-25T13:12:55+00:00
movie_100ea2c20e60,Horse Girl (2020),,https://letterboxd.com/film/horse-girl-2020/,2026-05-25T13:12:55+00:00
movie_9307d60fe16d,Reservoir Dogs,,,2026-05-25T13:13:39+00:00
movie_617d551f70b4,Sherlock Holmes: A Game of Shadows,,,2026-05-25T13:13:39+00:00
movie_17e91cd72c66,Peaky Blinders: The Immortal Man,,,2026-05-25T13:13:46+00:00
movie_c6b99c830878,Oblivion (2013),,https://letterboxd.com/film/oblivion-2013/,2026-05-25T13:13:46+00:00
movie_f77754d437d0,Sherlock Holmes: A Game of Shadows (2011),,https://letterboxd.com/film/sherlock-holmes-a-game-of-shadows/,2026-05-25T13:13:46+00:00
movie_35ae5a58043b,The Lincoln Lawyer (2011),,https://letterboxd.com/film/the-lincoln-lawyer/,2026-05-25T13:13:46+00:00
movie_1d90053837b7,Sherlock Holmes (2009),,https://letterboxd.com/film/sherlock-holmes-2009/,2026-05-25T13:13:46+00:00
movie_aa3e5805f9b9,Quantum of Solace (2008),,https://letterboxd.com/film/quantum-of-solace/,2026-05-25T13:13:46+00:00
movie_4181c6ad5db0,Bronson (2008),,https://letterboxd.com/film/bronson/,2026-05-25T13:13:46+00:00
movie_07d98921a4d0,You Don't Mess with the Zohan (2008),,https://letterboxd.com/film/you-dont-mess-with-the-zohan/,2026-05-25T13:13:46+00:00
movie_bec2692a84df,Ocean's Thirteen (2007),,https://letterboxd.com/film/oceans-thirteen/,2026-05-25T13:13:46+00:00
movie_376354bcd1df,The Gentlemen,,,2026-05-25T13:13:53+00:00
movie_5322282ed931,The Godfather Part II,,,2026-05-25T13:14:20+00:00
movie_c94e031b95eb,Dazed and Confused,,,2026-05-25T13:14:43+00:00
movie_25612367f322,His Three Daughters (2023),,https://letterboxd.com/film/his-three-daughters/,2026-05-25T13:14:51+00:00
movie_3f83e0bb1120,Infinity Pool (2023),,https://letterboxd.com/film/infinity-pool/,2026-05-25T13:14:51+00:00
movie_1254b4dbc4f2,Causeway (2022),,https://letterboxd.com/film/causeway/,2026-05-25T13:14:51+00:00
movie_1d7a28884719,Peter Rabbit 2: The Runaway (2021),,https://letterboxd.com/film/peter-rabbit-2-the-runaway/,2026-05-25T13:14:51+00:00
movie_13195612bf15,Euphoria: F*ck Anyone Who’s Not a Sea Blob (2021),,https://letterboxd.com/film/euphoria-fck-anyone-whos-not-a-sea-blob/,2026-05-25T13:14:51+00:00
movie_7122ad77a63e,Summer of 85 (2020),,https://letterboxd.com/film/summer-of-85/,2026-05-25T13:14:51+00:00
movie_af333229e3fe,The Shape of Water,,,2026-05-25T13:15:11+00:00
movie_cef5a9ed29e3,Barbie,,,2026-05-25T13:15:46+00:00
movie_a028ab918e42,"Paris, Texas",,,2026-05-25T13:16:32+00:00
movie_a0b1d3e7837a,Room (2015),,https://letterboxd.com/film/room-2015/,2026-05-25T13:16:38+00:00
movie_eaaaec1f8314,The Fault in Our Stars (2014),,https://letterboxd.com/film/the-fault-in-our-stars/,2026-05-25T13:16:38+00:00
movie_2b2869b6fc78,Before Midnight (2013),,https://letterboxd.com/film/before-midnight/,2026-05-25T13:16:38+00:00
movie_1cd78beee9f6,Ex Machina,,,2026-05-25T13:17:22+00:00
movie_074ad17c1152,Black Mirror: Nosedive (2016),,https://letterboxd.com/film/black-mirror-nosedive/,2026-05-25T13:18:13+00:00
movie_567e5392da1e,The Last Airbender (2010),,https://letterboxd.com/film/the-last-airbender/,2026-05-25T13:18:13+00:00
movie_2882e52717f1,Men in Black: International (2019),,https://letterboxd.com/film/men-in-black-international/,2026-05-25T13:18:21+00:00
movie_c884bd5cb695,"Extremely Wicked, Shockingly Evil and Vile (2019)",,https://letterboxd.com/film/extremely-wicked-shockingly-evil-and-vile/,2026-05-25T13:18:21+00:00
movie_9474c709f5a0,Big Trouble in Little China (1986),,https://letterboxd.com/film/big-trouble-in-little-china/,2026-05-25T13:19:04+00:00
movie_3bed8eb0554b,"Girl, Interrupted",,,2026-05-25T13:20:02+00:00
movie_2821d717eccf,Hokum,,,2026-05-25T13:21:38+00:00
movie_19db3d54d409,Princess Mononoke,,,2026-05-25T13:23:15+00:00
movie_f17599247dc8,It's a Wonderful Life (1946),,https://letterboxd.com/film/its-a-wonderful-life/,2026-05-25T13:23:15+00:00
movie_927726022481,The Life Aquatic with Steve Zissou (2004),,https://letterboxd.com/film/the-life-aquatic-with-steve-zissou/,2026-05-25T13:23:21+00:00
movie_fb94276a5a3f,Frida (2002),,https://letterboxd.com/film/frida/,2026-05-25T13:23:21+00:00
movie_61ee0c1c175c,The SpongeBob SquarePants Movie,,,2026-05-25T13:24:06+00:00
movie_10313253b211,Through My Window (2022),,https://letterboxd.com/film/through-my-window/,2026-05-25T13:24:13+00:00
movie_9e9e4a39c62a,Fatherhood (2021),,https://letterboxd.com/film/fatherhood-2021/,2026-05-25T13:24:13+00:00
movie_6e3fa29b3f1b,Hubie Halloween (2020),,https://letterboxd.com/film/hubie-halloween/,2026-05-25T13:24:13+00:00
movie_9299293ed158,Peter Rabbit (2018),,https://letterboxd.com/film/peter-rabbit/,2026-05-25T13:24:13+00:00
movie_30872026a0e0,Central Intelligence (2016),,https://letterboxd.com/film/central-intelligence/,2026-05-25T13:24:13+00:00
movie_9585ff3e2f68,Penguins of Madagascar (2014),,https://letterboxd.com/film/penguins-of-madagascar-2014/,2026-05-25T13:24:13+00:00
movie_9daeb705d51d,Bhavesh Joshi Superhero (2018),,https://letterboxd.com/film/bhavesh-joshi-superhero/,2026-05-25T13:25:13+00:00
movie_42a25cbc8ea0,Fear (1996),,https://letterboxd.com/film/fear-1996/,2026-05-25T13:25:13+00:00
movie_58076a8d71c5,Thor: Ragnarok,,,2026-05-25T13:25:56+00:00
movie_c5396e75701a,Dorian Gray (2009),,https://letterboxd.com/film/dorian-gray-2009/,2026-05-25T13:26:03+00:00
movie_fa37fca23dd9,Barbarian,,,2026-05-25T13:26:17+00:00
movie_27214cea44a2,Jerry Maguire,,,2026-05-25T13:26:49+00:00
movie_5034b85aa652,Jerry Maguire (1996),,https://letterboxd.com/film/jerry-maguire/,2026-05-25T13:26:49+00:00
movie_12c19199508e,Vanilla Sky (2001),,https://letterboxd.com/film/vanilla-sky/,2026-05-25T13:26:49+00:00
movie_6bb25849b383,Minority Report (2002),,https://letterboxd.com/film/minority-report/,2026-05-25T13:26:49+00:00
movie_f6a50fd8dd31,Tropic Thunder (2008),,https://letterboxd.com/film/tropic-thunder/,2026-05-25T13:26:57+00:00
movie_fac148c224db,Mission: Impossible III (2006),,https://letterboxd.com/film/mission-impossible-iii/,2026-05-25T13:26:57+00:00
movie_fad7b99f53ea,Constantine (2005),,https://letterboxd.com/film/constantine/,2026-05-25T13:26:57+00:00
movie_c8e77d1e27ff,Road to Perdition (2002),,https://letterboxd.com/film/road-to-perdition/,2026-05-25T13:26:57+00:00
movie_6ebb06ebf4b3,Insomnia (2002),,https://letterboxd.com/film/insomnia-2002/,2026-05-25T13:26:57+00:00
movie_a743a7ca3732,Mission: Impossible II (2000),,https://letterboxd.com/film/mission-impossible-ii/,2026-05-25T13:26:57+00:00
movie_1ccd1c70afc5,Magnolia (1999),,https://letterboxd.com/film/magnolia/,2026-05-25T13:26:57+00:00
movie_a3c9164f6805,Following (1998),,https://letterboxd.com/film/following/,2026-05-25T13:26:57+00:00
movie_6e2d12e5cb3f,Batman & Robin (1997),,https://letterboxd.com/film/batman-robin/,2026-05-25T13:26:57+00:00
movie_ff628afb807e,Batman Forever (1995),,https://letterboxd.com/film/batman-forever/,2026-05-25T13:26:57+00:00
movie_9ca6f614610a,Interview with the Vampire (1994),,https://letterboxd.com/film/interview-with-the-vampire/,2026-05-25T13:26:57+00:00
movie_cd9d478c7adf,Batman Returns (1992),,https://letterboxd.com/film/batman-returns/,2026-05-25T13:26:57+00:00
movie_de643706f62b,Batman (1989),,https://letterboxd.com/film/batman-1989/,2026-05-25T13:26:57+00:00
movie_1c0942385508,Battle of the Sexes (2017),,https://letterboxd.com/film/battle-of-the-sexes-2017/,2026-05-25T13:27:43+00:00
movie_8c31074a001c,Adaptation. (2002),,https://letterboxd.com/film/adaptation/,2026-05-25T13:27:43+00:00
movie_6f5d0d8b36e8,Punch-Drunk Love (2002),,https://letterboxd.com/film/punch-drunk-love/,2026-05-25T13:27:43+00:00
movie_6630f1a7d7a8,The Straight Story (1999),,https://letterboxd.com/film/the-straight-story/,2026-05-25T13:27:43+00:00
movie_654161a98d4f,True Romance (1993),,https://letterboxd.com/film/true-romance/,2026-05-25T13:27:43+00:00
movie_c59d1dc8a4f1,Wild at Heart (1990),,https://letterboxd.com/film/wild-at-heart/,2026-05-25T13:27:43+00:00
movie_eb3b65b9910e,Dune (1984),,https://letterboxd.com/film/dune/,2026-05-25T13:27:43+00:00
movie_35b9c966aff6,Eraserhead (1977),,https://letterboxd.com/film/eraserhead/,2026-05-25T13:27:43+00:00
movie_fbf4fdefc51d,The Battle of Algiers (1966),,https://letterboxd.com/film/the-battle-of-algiers/,2026-05-25T13:27:43+00:00
movie_fc47541b9a62,8½ (1963),,https://letterboxd.com/film/8-half/,2026-05-25T13:27:43+00:00
movie_5167b029f6dd,Yojimbo (1961),,https://letterboxd.com/film/yojimbo/,2026-05-25T13:27:43+00:00
movie_88af73b51670,Adaptation.,,,2026-05-25T13:27:47+00:00
movie_f4e87b96cca3,Citizen Kane,,,2026-05-25T13:28:35+00:00
movie_422ae22ec7d0,Beverly Hills Cop: Axel F (2024),,https://letterboxd.com/film/beverly-hills-cop-axel-f/,2026-05-25T13:28:43+00:00
movie_2189f1461ef2,Knock at the Cabin (2023),,https://letterboxd.com/film/knock-at-the-cabin/,2026-05-25T13:28:43+00:00
movie_67c3c7ba3017,Mank (2020),,https://letterboxd.com/film/mank/,2026-05-25T13:28:43+00:00
movie_067f2d815ac4,2001: A Space Odyssey,,,2026-05-25T13:28:46+00:00
movie_eb0538cd1870,Kraven the Hunter (2024),,https://letterboxd.com/film/kraven-the-hunter/,2026-05-25T13:29:34+00:00
movie_46d82472b0cc,The Good Nurse (2022),,https://letterboxd.com/film/the-good-nurse/,2026-05-25T13:29:34+00:00
movie_910f9eec8431,Persuasion (2022),,https://letterboxd.com/film/persuasion-2022/,2026-05-25T13:29:34+00:00
movie_dda55bf8b633,Moxie (2021),,https://letterboxd.com/film/moxie-2021/,2026-05-25T13:29:34+00:00
movie_fbd5cf85e12f,The New Mutants (2020),,https://letterboxd.com/film/the-new-mutants/,2026-05-25T13:29:34+00:00
movie_d8934e20d77d,Ready Player One,,,2026-05-25T13:29:37+00:00
movie_873dff1208d2,It Chapter Two,,,2026-05-25T13:30:09+00:00
movie_05d770d8c665,6 Underground (2019),,https://letterboxd.com/film/6-underground/,2026-05-25T13:30:31+00:00
movie_306155cf1e8e,Scary Stories to Tell in the Dark (2019),,https://letterboxd.com/film/scary-stories-to-tell-in-the-dark-2019/,2026-05-25T13:30:31+00:00
movie_308ddb32de53,Revenge (2017),,https://letterboxd.com/film/revenge-2017/,2026-05-25T13:30:32+00:00
movie_d8f29b423176,Gifted (2017),,https://letterboxd.com/film/gifted-2017/,2026-05-25T13:30:32+00:00
movie_67505b44e0a6,Fifty Shades Darker (2017),,https://letterboxd.com/film/fifty-shades-darker/,2026-05-25T13:30:32+00:00
movie_27dafbfe0145,Back to the Future,,,2026-05-25T13:31:10+00:00
movie_1bbb36e53396,Pan's Labyrinth,,,2026-05-25T13:31:38+00:00
movie_e4256524bca6,The Lobster,,,2026-05-25T13:32:00+00:00
movie_69aa55e3df2d,All Her Fault (2025),,https://letterboxd.com/film/all-her-fault/,2026-05-25T13:32:07+00:00
movie_2e71010bcd87,Three Steps Above Heaven (2010),,https://letterboxd.com/film/three-steps-above-heaven/,2026-05-25T13:32:07+00:00
movie_5bbe03654fdb,John Tucker Must Die (2006),,https://letterboxd.com/film/john-tucker-must-die/,2026-05-25T13:32:07+00:00
movie_b045875dc18c,Marie Antoinette (2006),,https://letterboxd.com/film/marie-antoinette-2006/,2026-05-25T13:32:07+00:00
movie_1f22129040bd,A Walk to Remember (2002),,https://letterboxd.com/film/a-walk-to-remember/,2026-05-25T13:32:07+00:00
movie_acb3185ab368,Detective Conan: One-Eyed Flashback (2025),,https://letterboxd.com/film/detective-conan-one-eyed-flashback/,2026-05-25T13:32:58+00:00
movie_5269b5b33867,Pride & Prejudice,,,2026-05-25T13:33:30+00:00
movie_2dcf56e806f2,Before Sunrise,,,2026-05-25T13:33:30+00:00
movie_44256ca3b3a9,Mr. & Mrs. Smith,,,2026-05-25T13:34:13+00:00
movie_799e0913bfc8,Nowhere,,,2026-05-25T13:34:20+00:00
movie_580cb6592d1a,Nowhere (2023),,https://letterboxd.com/film/nowhere-2023-2/,2026-05-25T13:34:20+00:00
movie_2249be5d5ec3,I See You (2019),,https://letterboxd.com/film/i-see-you-2019/,2026-05-25T13:34:20+00:00
movie_7ce227b70383,3096 Days (2013),,https://letterboxd.com/film/3096-days/,2026-05-25T13:34:20+00:00
movie_12bfc8f9586a,Green Street Hooligans (2005),,https://letterboxd.com/film/green-street-hooligans/,2026-05-25T13:34:20+00:00
movie_a35c7406e2f9,Ikiru,,,2026-05-25T13:35:10+00:00
movie_edfa3cd81af7,Ikiru (1952),,https://letterboxd.com/film/ikiru/,2026-05-25T13:35:10+00:00
movie_194949c7e6a8,One of Them Days (2025),,https://letterboxd.com/film/one-of-them-days/,2026-05-25T13:35:18+00:00
movie_bce1d47411c8,Rebel Ridge (2024),,https://letterboxd.com/film/rebel-ridge/,2026-05-25T13:35:18+00:00
movie_034355e7fde0,Tropic Thunder,,,2026-05-25T13:35:21+00:00
movie_cad6e2173259,Faces of Death (2026),,https://letterboxd.com/film/faces-of-death-2026/,2026-05-25T13:36:05+00:00
movie_af4c2e1321fa,Wayward (2025),,https://letterboxd.com/film/wayward-2025/,2026-05-25T13:36:05+00:00
movie_b378b25307ae,undertone (2025),,https://letterboxd.com/film/undertone-2025/,2026-05-25T13:36:05+00:00
movie_516f2a16be1d,"Love, Death & Robots: The Other Large Thing (2025)",,https://letterboxd.com/film/love-death-robots-the-other-large-thing/,2026-05-25T13:36:05+00:00
movie_b42f12425e35,"Love, Death & Robots: Close Encounters of the Mini Kind (2025)",,https://letterboxd.com/film/love-death-robots-close-encounters-of-the/,2026-05-25T13:36:05+00:00
movie_f1e5fe13c235,Monsters: The Lyle and Erik Menendez Story (2024),,https://letterboxd.com/film/monsters-2024/,2026-05-25T13:36:05+00:00
movie_5035e7b2d538,Cuckoo (2024),,https://letterboxd.com/film/cuckoo-2024/,2026-05-25T13:36:05+00:00
movie_abcba8000ee4,In a Violent Nature (2024),,https://letterboxd.com/film/in-a-violent-nature/,2026-05-25T13:36:05+00:00
movie_b52987ce3231,"Love, Death & Robots: Three Robots: Exit Strategies (2022)",,https://letterboxd.com/film/love-death-robots-three-robots-exit-strategies/,2026-05-25T13:36:05+00:00
movie_3f26467db4f6,Godzilla,,,2026-05-25T13:36:09+00:00
movie_df1199a42635,Heat,,,2026-05-25T13:36:17+00:00
movie_68049a214866,How the Grinch Stole Christmas (2000),,https://letterboxd.com/film/how-the-grinch-stole-christmas-2000/,2026-05-25T13:37:09+00:00
movie_93a559c7d3c3,The Hunger Games: Mockingjay – Part 1,,,2026-05-25T13:38:17+00:00
movie_d12e2a7ea40a,(500) Days of Summer,,,2026-05-25T13:38:48+00:00
movie_cde20029f27b,The Edge of Seventeen,,,2026-05-25T13:40:35+00:00
movie_0a19b7440598,Black Swan,,,2026-05-25T13:41:29+00:00
movie_8662896d348c,End of Watch (2012),,https://letterboxd.com/film/end-of-watch/,2026-05-25T13:42:35+00:00
movie_42ff26f8bfab,Brother Bear (2003),,https://letterboxd.com/film/brother-bear/,2026-05-25T13:42:35+00:00
movie_06bcb4b085de,Remember the Titans (2000),,https://letterboxd.com/film/remember-the-titans/,2026-05-25T13:42:35+00:00
movie_679674b48b85,Rocky III (1982),,https://letterboxd.com/film/rocky-iii/,2026-05-25T13:42:35+00:00
movie_d438115af068,Rocky (1976),,https://letterboxd.com/film/rocky/,2026-05-25T13:42:35+00:00
movie_4c6470c5773c,Ran (1985),,https://letterboxd.com/film/ran/,2026-05-25T13:43:30+00:00
movie_7db651a0eb1d,My Suicide (2009),,https://letterboxd.com/film/my-suicide/,2026-05-25T13:44:09+00:00
movie_bb8b95d29714,The Virgin Suicides,,,2026-05-25T13:44:09+00:00
movie_f61ab4e2aa0b,In the Heights (2021),,https://letterboxd.com/film/in-the-heights/,2026-05-25T13:44:17+00:00
movie_6fc464c57ede,The Terminator,,,2026-05-25T13:44:44+00:00
movie_4f0b66f6f9fe,If I Had Legs I'd Kick You (2025),,https://letterboxd.com/film/if-i-had-legs-id-kick-you/,2026-05-25T13:45:11+00:00
movie_669765f6b55c,The Northman,,,2026-05-25T13:45:49+00:00
movie_8c5b262cc516,Alibi.com 2 (2023),,https://letterboxd.com/film/alibicom-2/,2026-05-25T13:46:42+00:00
movie_bc28b49a7af0,Better Call Saul Presents: Slippin' Jimmy (2022),,https://letterboxd.com/film/better-call-saul-presents-slippin-jimmy/,2026-05-25T13:46:43+00:00
movie_ca5e7bbd09dd,The Flame (2020),,https://letterboxd.com/film/the-flame-2020-2/,2026-05-25T13:46:43+00:00
movie_07a4b845e44e,The Haunting of Bly Manor (2020),,https://letterboxd.com/film/the-haunting-of-bly-manor/,2026-05-25T13:46:43+00:00
movie_758f6dbd3048,Unorthodox (2020),,https://letterboxd.com/film/unorthodox-2020/,2026-05-25T13:46:43+00:00
movie_561252ff8648,Watchmen (2019),,https://letterboxd.com/film/watchmen-2019/,2026-05-25T13:46:43+00:00
movie_b4134818c965,City Hunter (2018),,https://letterboxd.com/film/city-hunter-2018/,2026-05-25T13:46:43+00:00
movie_db08dbe66f8e,Maniac (2018),,https://letterboxd.com/film/maniac-2018/,2026-05-25T13:46:43+00:00
movie_016da1d9a7d8,1922 (2017),,https://letterboxd.com/film/1922-2017/,2026-05-25T13:46:43+00:00
movie_6a7227bf81d1,Mr. Robot_dec0d3d.doc (2016),,https://letterboxd.com/film/mr-robot_dec0d3ddoc/,2026-05-25T13:46:43+00:00
movie_ee605496ba27,11.22.63 (2016),,https://letterboxd.com/film/11-22-63/,2026-05-25T13:46:43+00:00
movie_8ec2968a6c1e,Sinister 2 (2015),,https://letterboxd.com/film/sinister-2/,2026-05-25T13:46:43+00:00
movie_a4f51ac7b26b,Goodnight Mommy (2014),,https://letterboxd.com/film/goodnight-mommy/,2026-05-25T13:46:43+00:00
movie_6a442666c92b,A Legend (2024),,https://letterboxd.com/film/a-legend/,2026-05-25T13:48:13+00:00
movie_17fd200e2641,The Whale,,,2026-05-25T13:48:57+00:00
movie_bbd619274b07,On the Basis of Sex (2018),,https://letterboxd.com/film/on-the-basis-of-sex/,2026-05-25T13:49:04+00:00
movie_18331a66454c,Before We Go (2014),,https://letterboxd.com/film/before-we-go/,2026-05-25T13:49:04+00:00
movie_c7b09da4693f,Night at the Museum: Battle of the Smithsonian (2009),,https://letterboxd.com/film/night-at-the-museum-battle-of-the-smithsonian/,2026-05-25T13:49:04+00:00
movie_413e6fb47869,Strange Harvest (2024),,https://letterboxd.com/film/strange-harvest-2024/,2026-05-25T13:49:56+00:00
movie_b3c774cf8f07,Parasyte: The Grey (2024),,https://letterboxd.com/film/parasyte-the-grey/,2026-05-25T13:49:56+00:00
movie_eb5a5691f139,Twinkling Watermelon (2023),,https://letterboxd.com/film/twinkling-watermelon/,2026-05-25T13:49:56+00:00
movie_a7163416ceb9,Bitch X Rich (2023),,https://letterboxd.com/film/bitch-x-rich/,2026-05-25T13:49:56+00:00
movie_91ccddbe1831,Duty After School (2023),,https://letterboxd.com/film/duty-after-school/,2026-05-25T13:49:56+00:00
movie_fc7b52d0e7c4,Soulmate (2023),,https://letterboxd.com/film/soulmate-2023/,2026-05-25T13:49:56+00:00
movie_f0a4ed724981,Our Beloved Summer (2021),,https://letterboxd.com/film/our-beloved-summer/,2026-05-25T13:49:56+00:00
movie_58a571597d0d,Vivo (2021),,https://letterboxd.com/film/vivo/,2026-05-25T13:49:56+00:00
movie_88b62d64474d,Pearl,,,2026-05-25T13:49:59+00:00
movie_726330f096dd,Creep,,,2026-05-25T13:50:29+00:00
movie_3ba213d33142,Juno,,,2026-05-25T13:50:33+00:00
movie_b0a0c0de1ffc,The Phantom of the Opera (2004),,https://letterboxd.com/film/the-phantom-of-the-opera-2004/,2026-05-25T13:51:00+00:00
movie_e2a5724674aa,The Lost Boys (1987),,https://letterboxd.com/film/the-lost-boys/,2026-05-25T13:51:00+00:00
movie_4a3c311de7d3,Citizen Kane (1941),,https://letterboxd.com/film/citizen-kane/,2026-05-25T13:51:00+00:00
movie_7fbe1298c1bc,The Great Gatsby,,,2026-05-25T13:51:47+00:00
movie_7e758e6b9bb2,Reminders of Him (2026),,https://letterboxd.com/film/reminders-of-him/,2026-05-25T13:53:35+00:00
movie_f6514e15930b,Psycho Killer (2026),,https://letterboxd.com/film/psycho-killer-2026/,2026-05-25T13:53:35+00:00
movie_466d6b8bdbd3,The Strangers: Chapter 3 (2026),,https://letterboxd.com/film/the-strangers-chapter-3/,2026-05-25T13:53:35+00:00
movie_77b44a2e1c07,Our Fault (2025),,https://letterboxd.com/film/our-fault/,2026-05-25T13:53:35+00:00
movie_ee6484ab8aa3,Whistle (2025),,https://letterboxd.com/film/whistle-2025-1/,2026-05-25T13:53:35+00:00
movie_37241788346d,The Strangers: Chapter 2 (2025),,https://letterboxd.com/film/the-strangers-chapter-2/,2026-05-25T13:53:35+00:00
movie_9c617acb30ce,Black Mirror: USS Callister – Into Infinity (2025),,https://letterboxd.com/film/black-mirror-uss-callister-into-infinity/,2026-05-25T13:53:35+00:00
movie_d26d86738050,Black Mirror: Plaything (2025),,https://letterboxd.com/film/black-mirror-plaything/,2026-05-25T13:53:35+00:00
movie_19ca59fbeb2e,Black Mirror: Common People (2025),,https://letterboxd.com/film/black-mirror-common-people/,2026-05-25T13:53:35+00:00
movie_03858aced181,Sidelined: The QB and Me (2024),,https://letterboxd.com/film/sidelined-the-qb-and-me/,2026-05-25T13:53:35+00:00
movie_5f98ad0b9ff3,The Strangers: Chapter 1 (2024),,https://letterboxd.com/film/the-strangers-chapter-1/,2026-05-25T13:53:35+00:00
movie_4efac74e5ffe,Imaginary (2024),,https://letterboxd.com/film/imaginary-2024/,2026-05-25T13:53:35+00:00
movie_3cb27c0d429c,Totally Killer (2023),,https://letterboxd.com/film/totally-killer/,2026-05-25T13:53:35+00:00
movie_7fa1d638e454,The Bride!,,,2026-05-25T13:53:39+00:00
movie_26c202fde834,"Love, Rosie (2014)",,https://letterboxd.com/film/love-rosie/,2026-05-25T13:54:25+00:00
movie_04319f95c43f,The King,,,2026-05-25T13:54:30+00:00
movie_f13964686d8b,How to Lose a Guy in 10 Days,,,2026-05-25T13:54:33+00:00
movie_e7e73c2b3dd7,"Night Is Short, Walk On Girl (2017)",,https://letterboxd.com/film/night-is-short-walk-on-girl/,2026-05-25T13:55:24+00:00
movie_f92beab7b537,The Garden of Words (2013),,https://letterboxd.com/film/the-garden-of-words/,2026-05-25T13:55:24+00:00
movie_4a0eddca7ffd,Diary of a Wimpy Kid: Dog Days (2012),,https://letterboxd.com/film/diary-of-a-wimpy-kid-dog-days/,2026-05-25T13:55:24+00:00
movie_cf4b8d2c316b,Wolf Children (2012),,https://letterboxd.com/film/wolf-children/,2026-05-25T13:55:24+00:00
movie_bae63326d478,The Lorax (2012),,https://letterboxd.com/film/the-lorax-2012/,2026-05-25T13:55:24+00:00
movie_ffeff8461a69,Alvin and the Chipmunks: Chipwrecked (2011),,https://letterboxd.com/film/alvin-and-the-chipmunks-chipwrecked/,2026-05-25T13:55:24+00:00
movie_6f23dc2cd9e0,Hop (2011),,https://letterboxd.com/film/hop/,2026-05-25T13:55:24+00:00
movie_cd502d3f9958,Rio (2011),,https://letterboxd.com/film/rio-2011/,2026-05-25T13:55:24+00:00
movie_6165ecc10d7c,Alvin and the Chipmunks: The Squeakquel (2009),,https://letterboxd.com/film/alvin-and-the-chipmunks-the-squeakquel/,2026-05-25T13:55:24+00:00
movie_7d16e6c70b81,Summer Wars (2009),,https://letterboxd.com/film/summer-wars/,2026-05-25T13:55:24+00:00
movie_b5f5f67c69f8,High School Musical 3: Senior Year (2008),,https://letterboxd.com/film/high-school-musical-3-senior-year/,2026-05-25T13:55:24+00:00
movie_5697f70f3a81,Fallen Angels (1995),,https://letterboxd.com/film/fallen-angels/,2026-05-25T13:56:05+00:00
movie_7baa54b2a31d,Brick (2005),,https://letterboxd.com/film/brick/,2026-05-25T13:56:05+00:00
movie_55b0f1dd6f0c,The Half of It (2020),,https://letterboxd.com/film/the-half-of-it/,2026-05-25T13:56:12+00:00
movie_6d40bdb9b3b3,Water Lilies (2007),,https://letterboxd.com/film/water-lilies/,2026-05-25T13:56:12+00:00
movie_052f5acc0d1b,2046 (2004),,https://letterboxd.com/film/2046/,2026-05-25T13:56:12+00:00
movie_23465f79fa99,Blue (2002),,https://letterboxd.com/film/blue-2002/,2026-05-25T13:56:12+00:00
movie_eb23bf463558,All About Lily Chou-Chou (2001),,https://letterboxd.com/film/all-about-lily-chou-chou/,2026-05-25T13:56:12+00:00
movie_75fe8b4436e8,"Crouching Tiger, Hidden Dragon (2000)",,https://letterboxd.com/film/crouching-tiger-hidden-dragon/,2026-05-25T13:56:12+00:00
movie_bc02078e0579,Rushmore (1998),,https://letterboxd.com/film/rushmore/,2026-05-25T13:56:12+00:00
movie_4e338332a5c6,Cure (1997),,https://letterboxd.com/film/cure/,2026-05-25T13:56:12+00:00
movie_6d596f1a904e,Boogie Nights (1997),,https://letterboxd.com/film/boogie-nights/,2026-05-25T13:56:12+00:00
movie_909ce6bafd77,A Summer's Tale (1996),,https://letterboxd.com/film/a-summers-tale/,2026-05-25T13:56:12+00:00
movie_af06ef680d07,Bottle Rocket (1996),,https://letterboxd.com/film/bottle-rocket-1996/,2026-05-25T13:56:12+00:00
movie_38e30fd82409,Days of Being Wild (1990),,https://letterboxd.com/film/ah-fei-jing-juen/,2026-05-25T13:56:12+00:00
movie_953ff4e94a71,Knives Out,,,2026-05-25T13:56:53+00:00
movie_9a6fe5897ffd,The Wizard of Oz (1939),,https://letterboxd.com/film/the-wizard-of-oz-1939/,2026-05-25T13:56:59+00:00
movie_fdb4d741f3f8,The Babadook (2014),,https://letterboxd.com/film/the-babadook/,2026-05-25T13:57:53+00:00
movie_78553e3bcedc,Sinister (2012),,https://letterboxd.com/film/sinister/,2026-05-25T13:57:53+00:00
movie_dc8a88f29231,"The Chronicles of Narnia: The Lion, the Witch and the Wardrobe (2005)",,https://letterboxd.com/film/the-chronicles-of-narnia-the-lion-the-witch-and-the-wardrobe/,2026-05-25T13:57:53+00:00
movie_00a89a57aa54,10 Things I Hate About You,,,2026-05-25T13:58:33+00:00
movie_c209023cd0ce,Bohemian Rhapsody,,,2026-05-25T13:58:45+00:00
movie_15487a3cb862,Thor: Love and Thunder,,,2026-05-25T13:58:48+00:00
movie_4a175401044f,Coco,,,2026-05-25T13:59:40+00:00
movie_0f42fd22a20d,To All the Boys I've Loved Before,,,2026-05-25T14:00:20+00:00
movie_d9e6d6b30cdb,Split,,,2026-05-25T14:00:32+00:00
movie_2a243cc4b875,21 (2008),,https://letterboxd.com/film/21/,2026-05-25T14:02:50+00:00
movie_fa1a0241441d,Van Helsing (2004),,https://letterboxd.com/film/van-helsing/,2026-05-25T14:02:50+00:00
movie_266dfa814ea8,Boiling Point (2021),,https://letterboxd.com/film/boiling-point-2021/,2026-05-25T14:02:57+00:00
movie_eb3ca88e2383,Straight Outta Compton (2015),,https://letterboxd.com/film/straight-outta-compton/,2026-05-25T14:03:43+00:00
movie_6f3d1063dcf1,The Blind Side (2009),,https://letterboxd.com/film/the-blind-side/,2026-05-25T14:03:43+00:00
movie_1ffc74167811,Never Back Down (2008),,https://letterboxd.com/film/never-back-down/,2026-05-25T14:03:43+00:00
movie_89b7209d3acf,Wedding Crashers (2005),,https://letterboxd.com/film/wedding-crashers/,2026-05-25T14:03:43+00:00
movie_f4075bea3446,Training Day (2001),,https://letterboxd.com/film/training-day/,2026-05-25T14:03:43+00:00
movie_27b441d441d8,Happy Gilmore (1996),,https://letterboxd.com/film/happy-gilmore/,2026-05-25T14:03:43+00:00
movie_84216357d84f,A Bronx Tale (1993),,https://letterboxd.com/film/a-bronx-tale/,2026-05-25T14:03:43+00:00
movie_2c7770aa836a,Boyz n the Hood (1991),,https://letterboxd.com/film/boyz-n-the-hood/,2026-05-25T14:03:43+00:00
movie_1c808620748f,Tusk (2014),,https://letterboxd.com/film/tusk-2014/,2026-05-25T14:04:31+00:00
movie_9dd8d08fc80e,Child's Play 2 (1990),,https://letterboxd.com/film/childs-play-2/,2026-05-25T14:04:31+00:00
movie_21b7787b8259,Blade Runner 2049,,,2026-05-25T14:06:08+00:00
movie_2c335d8367ec,Madagascar: Escape 2 Africa (2008),,https://letterboxd.com/film/madagascar-escape-2-africa/,2026-05-25T14:06:16+00:00
movie_bca490b23df3,Happy Feet (2006),,https://letterboxd.com/film/happy-feet/,2026-05-25T14:06:16+00:00
movie_b710d068ce1e,"Are You There God? It's Me, Margaret. (2023)",,https://letterboxd.com/film/are-you-there-god-its-me-margaret/,2026-05-25T14:06:55+00:00
movie_701bcc92bfe1,Speak (2004),,https://letterboxd.com/film/speak/,2026-05-25T14:06:55+00:00
movie_1d891bff5ee5,Final Destination Bloodlines,,,2026-05-25T14:07:41+00:00
movie_0c010782dbd9,Match (2025),,https://letterboxd.com/film/match-2025/,2026-05-25T14:07:50+00:00
movie_2aba15e87e8b,Dolly (2025),,https://letterboxd.com/film/dolly-2025/,2026-05-25T14:07:50+00:00
movie_0d8218c08a17,Wasteman (2025),,https://letterboxd.com/film/wasteman/,2026-05-25T14:07:50+00:00
movie_02e3ad0cf4eb,Beast of War (2025),,https://letterboxd.com/film/beast-of-war/,2026-05-25T14:07:50+00:00
movie_803883a651d4,Bodycam (2025),,https://letterboxd.com/film/bodycam-2025/,2026-05-25T14:07:50+00:00
movie_a4fae7388d20,The Plague (2025),,https://letterboxd.com/film/the-plague-2025/,2026-05-25T14:07:50+00:00
movie_7d5f6f33e59c,Neighborhood Watch (2025),,https://letterboxd.com/film/neighborhood-watch-2025/,2026-05-25T14:07:50+00:00
movie_c2875cef76e8,Locked (2025),,https://letterboxd.com/film/locked-2025/,2026-05-25T14:07:50+00:00
movie_a9d878b79f94,The Creep Tapes (2024),,https://letterboxd.com/film/the-creep-tapes/,2026-05-25T14:07:50+00:00
movie_63b9737f3c50,MadS (2024),,https://letterboxd.com/film/mads/,2026-05-25T14:07:50+00:00
movie_977b6c42eb8e,V/H/S/Beyond (2024),,https://letterboxd.com/film/v-h-s-beyond/,2026-05-25T14:07:50+00:00
movie_ed5e2409d4f5,The Rule of Jenny Pen (2024),,https://letterboxd.com/film/the-rule-of-jenny-pen/,2026-05-25T14:07:50+00:00
movie_5af954995019,Retirement Plan (2024),,https://letterboxd.com/film/retirement-plan/,2026-05-25T14:07:50+00:00
movie_2f7292a91ba1,Eraserhead,,,2026-05-25T14:08:27+00:00
movie_301743086914,The Swan (2023),,https://letterboxd.com/film/the-swan-2023/,2026-05-25T14:08:51+00:00
movie_bcf216bbd13b,The Secret World of Arrietty (2010),,https://letterboxd.com/film/the-secret-world-of-arrietty/,2026-05-25T14:08:51+00:00
movie_fa72cbb419e9,Alice in Wonderland (1951),,https://letterboxd.com/film/alice-in-wonderland-1951/,2026-05-25T14:08:51+00:00
movie_2d8397727364,Triangle of Sadness,,,2026-05-25T14:09:35+00:00
movie_bde76de84768,Kick-Ass (2010),,https://letterboxd.com/film/kick-ass/,2026-05-25T14:09:35+00:00
movie_37fcc5b99918,The Animal Kingdom (2023),,https://letterboxd.com/film/the-animal-kingdom-2023/,2026-05-25T14:09:42+00:00
movie_1c774195224d,Masquerade (2022),,https://letterboxd.com/film/masquerade-2022/,2026-05-25T14:09:42+00:00
movie_942647617b4f,Smoking Causes Coughing (2022),,https://letterboxd.com/film/smoking-causes-coughing/,2026-05-25T14:09:42+00:00
movie_f81edb48c2d9,Christmas with the Tuches (2021),,https://letterboxd.com/film/christmas-with-the-tuches/,2026-05-25T14:09:42+00:00
movie_674b11ee20e6,Materialists,,,2026-05-25T14:09:49+00:00
movie_3e858713907f,To Kill a Mockingbird (1962),,https://letterboxd.com/film/to-kill-a-mockingbird/,2026-05-25T14:10:24+00:00
movie_a1d03b6f8085,No Hard Feelings,,,2026-05-25T14:10:24+00:00
movie_f9147bc1a942,Ready or Not 2: Here I Come,,,2026-05-25T14:11:13+00:00
movie_8304dbe0800d,Pillion (2025),,https://letterboxd.com/film/pillion-2025/,2026-05-25T14:11:13+00:00
movie_469729c309af,The Ballad of Wallis Island (2025),,https://letterboxd.com/film/the-ballad-of-wallis-island/,2026-05-25T14:11:13+00:00
movie_b31208fd3355,Drive-Away Dolls (2024),,https://letterboxd.com/film/drive-away-dolls/,2026-05-25T14:11:13+00:00
movie_26683be6d2bd,Quiz Lady (2023),,https://letterboxd.com/film/quiz-lady/,2026-05-25T14:11:13+00:00
movie_78ea056565fa,Haunted Mansion (2023),,https://letterboxd.com/film/haunted-mansion-2023/,2026-05-25T14:11:13+00:00
movie_1227f00ffcbc,Disenchanted (2022),,https://letterboxd.com/film/disenchanted/,2026-05-25T14:11:13+00:00
movie_1a0490eb559b,The Blackening (2022),,https://letterboxd.com/film/the-blackening/,2026-05-25T14:11:13+00:00
movie_5760ce6a58f1,The Bob's Burgers Movie (2022),,https://letterboxd.com/film/the-bobs-burgers-movie/,2026-05-25T14:11:13+00:00
movie_11952e367125,Jackass Forever (2022),,https://letterboxd.com/film/jackass-forever/,2026-05-25T14:11:13+00:00
movie_2f8efb6785e0,"Good Luck to You, Leo Grande (2022)",,https://letterboxd.com/film/good-luck-to-you-leo-grande/,2026-05-25T14:11:13+00:00
movie_7798fc39cb52,Return of the Jedi,,,2026-05-25T14:11:32+00:00
movie_058bfb07f2d9,Drive-Away Dolls,,,2026-05-25T14:11:36+00:00
movie_d3b725e68fd5,Sweetpea (2024),,https://letterboxd.com/film/sweetpea-2024/,2026-05-25T14:12:06+00:00
movie_d13b68b79409,Knuckles (2024),,https://letterboxd.com/film/knuckles-2024/,2026-05-25T14:12:06+00:00
movie_b902bcf4d029,Scott Pilgrim Takes Off (2023),,https://letterboxd.com/film/scott-pilgrim-takes-off-2023/,2026-05-25T14:12:06+00:00
movie_002ec6b41905,Kaleidoscope (2023),,https://letterboxd.com/film/kaleidoscope-2023-1/,2026-05-25T14:12:06+00:00
movie_0bd7218b8b01,Love & Other Drugs,,,2026-05-25T14:12:45+00:00
movie_33e98486ad04,The King of Staten Island (2020),,https://letterboxd.com/film/the-king-of-staten-island/,2026-05-25T14:12:53+00:00
movie_06f9fb5d711b,Blue Story (2019),,https://letterboxd.com/film/blue-story/,2026-05-25T14:12:53+00:00
movie_be7a3e63205b,The Disaster Artist (2017),,https://letterboxd.com/film/the-disaster-artist/,2026-05-25T14:12:53+00:00
movie_baf622da3a38,The Fundamentals of Caring (2016),,https://letterboxd.com/film/the-fundamentals-of-caring/,2026-05-25T14:12:53+00:00
movie_1ea66456fee4,I Origins (2014),,https://letterboxd.com/film/i-origins/,2026-05-25T14:12:53+00:00
movie_f6ae3d27b626,The Spectacular Now (2013),,https://letterboxd.com/film/the-spectacular-now/,2026-05-25T14:12:53+00:00
movie_70fdddd048a2,Office Space (1999),,https://letterboxd.com/film/office-space/,2026-05-25T14:12:53+00:00
movie_b376b27d3cfe,What's Eating Gilbert Grape (1993),,https://letterboxd.com/film/whats-eating-gilbert-grape/,2026-05-25T14:12:53+00:00
movie_a7b16135ef10,Rush,,,2026-05-25T14:13:24+00:00
movie_451859d067e2,The Batman,,,2026-05-25T14:13:53+00:00
movie_0d4a436ee24f,Dreams (1990),,https://letterboxd.com/film/dreams/,2026-05-25T14:14:36+00:00
movie_e41539351d87,Renoir (2025),,https://letterboxd.com/film/renoir-2025/,2026-05-25T14:14:43+00:00
movie_fb8e3f2840ed,The Chronology of Water (2025),,https://letterboxd.com/film/the-chronology-of-water/,2026-05-25T14:14:43+00:00
movie_11f4684e270b,Hot Milk (2025),,https://letterboxd.com/film/hot-milk-2025/,2026-05-25T14:14:43+00:00
movie_1fe18545440c,Wheel of Fortune and Fantasy (2021),,https://letterboxd.com/film/wheel-of-fortune-and-fantasy/,2026-05-25T14:14:43+00:00
movie_884810d03816,The Danish Girl (2015),,https://letterboxd.com/film/the-danish-girl/,2026-05-25T14:14:43+00:00
movie_59e675aeb5b3,The Girl Who Leapt Through Time (2006),,https://letterboxd.com/film/the-girl-who-leapt-through-time/,2026-05-25T14:14:43+00:00
movie_f36dabf2d8cd,Whisper of the Heart (1995),,https://letterboxd.com/film/whisper-of-the-heart/,2026-05-25T14:14:43+00:00
movie_c25c15001fc2,Porco Rosso (1992),,https://letterboxd.com/film/porco-rosso/,2026-05-25T14:14:43+00:00
movie_c7b463f8f1ba,The Penguin Lessons (2024),,https://letterboxd.com/film/the-penguin-lessons/,2026-05-25T14:15:33+00:00
movie_b6c755c5b446,Bubble (2022),,https://letterboxd.com/film/bubble-2022/,2026-05-25T14:15:33+00:00
movie_92584a63d9df,"Josee, the Tiger and the Fish (2020)",,https://letterboxd.com/film/josee-the-tiger-and-the-fish-2020/,2026-05-25T14:15:33+00:00
movie_dac44de60ab1,Pokémon the Movie: I Choose You! (2017),,https://letterboxd.com/film/pokemon-the-movie-i-choose-you/,2026-05-25T14:15:33+00:00
movie_8577f9fe666e,Pacific Rim (2013),,https://letterboxd.com/film/pacific-rim/,2026-05-25T14:15:33+00:00
movie_c6addf965b01,Baby Driver,,,2026-05-25T14:17:01+00:00
movie_614370abfd93,The Six Triple Eight (2024),,https://letterboxd.com/film/the-six-triple-eight-2024/,2026-05-25T14:17:09+00:00
movie_077c97d6c19f,Wish Dragon (2021),,https://letterboxd.com/film/wish-dragon/,2026-05-25T14:17:09+00:00
movie_be881104a3a3,One Crazy Summer: A Look Back at Gravity Falls (2018),,https://letterboxd.com/film/one-crazy-summer-a-look-back-at-gravity-falls/,2026-05-25T14:17:09+00:00
movie_3e5b1cdb3e02,Storks (2016),,https://letterboxd.com/film/storks/,2026-05-25T14:17:09+00:00
movie_b5b35d7bce84,Labyrinth (1986),,https://letterboxd.com/film/labyrinth/,2026-05-25T14:18:10+00:00
movie_39657abc282f,Poor Things,,,2026-05-25T14:18:15+00:00
movie_f88128f4c619,The Forge (2024),,https://letterboxd.com/film/the-forge-2024/,2026-05-25T14:19:10+00:00
movie_041f6b88ceb0,The Boy with Pink Pants (2024),,https://letterboxd.com/film/the-boy-with-pink-pants/,2026-05-25T14:19:10+00:00
movie_a6e55fcc4074,Death Parade (2015),,https://letterboxd.com/film/death-parade/,2026-05-25T14:19:10+00:00
movie_7bf4b56aad26,Cado dalle nubi (2009),,https://letterboxd.com/film/cado-dalle-nubi/,2026-05-25T14:19:10+00:00
movie_b1b900e4d427,X-Men Origins: Wolverine (2009),,https://letterboxd.com/film/x-men-origins-wolverine/,2026-05-25T14:19:10+00:00
movie_50fa488917b1,Taken (2008),,https://letterboxd.com/film/taken/,2026-05-25T14:19:10+00:00
movie_fafdd3ed43ab,Rocky Balboa (2006),,https://letterboxd.com/film/rocky-balboa/,2026-05-25T14:19:10+00:00
movie_a6d0934dd0f6,The Polar Express (2004),,https://letterboxd.com/film/the-polar-express/,2026-05-25T14:19:10+00:00
movie_f91bbedafc38,Mars Attacks! (1996),,https://letterboxd.com/film/mars-attacks/,2026-05-25T14:19:10+00:00
movie_7c9ef37b2107,Mrs. Doubtfire (1993),,https://letterboxd.com/film/mrs-doubtfire/,2026-05-25T14:19:10+00:00
movie_e446ebee8c32,Rocky V (1990),,https://letterboxd.com/film/rocky-v/,2026-05-25T14:19:10+00:00
movie_c474799d834e,Where the Wild Things Are,,,2026-05-25T14:19:47+00:00
movie_3102e83766db,Where the Wild Things Are (2009),,https://letterboxd.com/film/where-the-wild-things-are/,2026-05-25T14:19:47+00:00
movie_b920658c97bd,Across the Universe (2007),,https://letterboxd.com/film/across-the-universe/,2026-05-25T14:19:47+00:00
movie_ee0728e8563b,Y2K (2024),,https://letterboxd.com/film/y2k-2024/,2026-05-25T14:19:54+00:00
movie_826a54ee940e,Monster High: The Movie (2022),,https://letterboxd.com/film/monster-high-the-movie/,2026-05-25T14:19:54+00:00
movie_67a43e11699b,Good Boy (2022),,https://letterboxd.com/film/good-boy-2022/,2026-05-25T14:19:54+00:00
movie_0782fdae7f41,The Beatles: Get Back (2021),,https://letterboxd.com/film/the-beatles-get-back/,2026-05-25T14:19:54+00:00
movie_1e9fdc860852,Mulan (2020),,https://letterboxd.com/film/mulan-2020/,2026-05-25T14:19:54+00:00
movie_3420c70eecfa,Saint Maud (2019),,https://letterboxd.com/film/saint-maud/,2026-05-25T14:19:54+00:00
movie_d855d3604033,Death Note (2017),,https://letterboxd.com/film/death-note-2017/,2026-05-25T14:19:54+00:00
movie_d64bdaa761c6,It Comes at Night (2017),,https://letterboxd.com/film/it-comes-at-night/,2026-05-25T14:19:54+00:00
movie_4bda930b8b7c,Monster High: Welcome to Monster High (2016),,https://letterboxd.com/film/monster-high-welcome-to-monster-high/,2026-05-25T14:19:54+00:00
movie_c3078b7b9906,Mortal Engines (2018),,https://letterboxd.com/film/mortal-engines/,2026-05-25T14:20:41+00:00
movie_b7b8d68b30b3,Young Woman and the Sea (2024),,https://letterboxd.com/film/young-woman-and-the-sea/,2026-05-25T14:20:49+00:00
movie_c6112a0e6108,Turtles All the Way Down (2024),,https://letterboxd.com/film/turtles-all-the-way-down/,2026-05-25T14:20:49+00:00
movie_555a4976b2b4,Spirited (2022),,https://letterboxd.com/film/spirited/,2026-05-25T14:20:49+00:00
movie_1543e352c291,Slumberland (2022),,https://letterboxd.com/film/slumberland/,2026-05-25T14:20:49+00:00
movie_00148f33fb5c,The School for Good and Evil (2022),,https://letterboxd.com/film/the-school-for-good-and-evil/,2026-05-25T14:20:49+00:00
movie_274261a569e3,Roald Dahl's Matilda the Musical (2022),,https://letterboxd.com/film/roald-dahls-matilda-the-musical/,2026-05-25T14:20:49+00:00
movie_34d2e8a3314c,Home Sweet Home Alone (2021),,https://letterboxd.com/film/home-sweet-home-alone/,2026-05-25T14:20:49+00:00
movie_3676deb129eb,Cinderella (2021),,https://letterboxd.com/film/cinderella-2021/,2026-05-25T14:20:49+00:00
movie_7f257da27bda,Abominable (2019),,https://letterboxd.com/film/abominable-2019/,2026-05-25T14:20:49+00:00
movie_6865ed0c9505,Just Mercy (2019),,https://letterboxd.com/film/just-mercy/,2026-05-25T14:20:49+00:00
movie_a415c58d87f4,The Nutcracker and the Four Realms (2018),,https://letterboxd.com/film/the-nutcracker-and-the-four-realms/,2026-05-25T14:20:49+00:00
movie_c35b52bc81fd,A Wrinkle in Time (2018),,https://letterboxd.com/film/a-wrinkle-in-time-2018/,2026-05-25T14:20:49+00:00
movie_eccef421e6e2,The Boss Baby (2017),,https://letterboxd.com/film/the-boss-baby/,2026-05-25T14:20:49+00:00
movie_a3462e716ce7,Trolls (2016),,https://letterboxd.com/film/trolls/,2026-05-25T14:20:49+00:00
movie_39c68524c775,The 5th Wave (2016),,https://letterboxd.com/film/the-5th-wave/,2026-05-25T14:20:49+00:00
movie_1b441bbe6beb,A Minecraft Movie,,,2026-05-25T14:21:01+00:00
movie_d893f8c18b05,Shrek Forever After,,,2026-05-25T14:44:32+00:00
movie_90a782b4ad4e,You've Got Mail,,,2026-05-25T14:44:32+00:00
movie_1b1403facb13,The Electrical Life of Louis Wain (2021),,https://letterboxd.com/film/the-electrical-life-of-louis-wain/,2026-05-25T14:44:38+00:00
movie_d0af8a5cdbd4,Marrowbone (2017),,https://letterboxd.com/film/marrowbone/,2026-05-25T14:44:38+00:00
movie_236ecc2ee9d2,How to Talk to Girls at Parties (2017),,https://letterboxd.com/film/how-to-talk-to-girls-at-parties/,2026-05-25T14:44:38+00:00
movie_67d67395121c,Shrek,,,2026-05-25T14:44:42+00:00
movie_d25c989bfc58,Up,,,2026-05-25T14:45:24+00:00
movie_a7347123a2a6,Atlas (2024),,https://letterboxd.com/film/atlas-2024/,2026-05-25T14:45:31+00:00
movie_bc7a128c984b,Rebel Moon – Part Two: The Scargiver (2024),,https://letterboxd.com/film/rebel-moon-part-two-the-scargiver/,2026-05-25T14:45:31+00:00
movie_ace7ebe08c0c,Rebel Moon – Part One: A Child of Fire (2023),,https://letterboxd.com/film/rebel-moon-part-one-a-child-of-fire/,2026-05-25T14:45:31+00:00
movie_89b74b5183bc,Ghost in the Shell (2017),,https://letterboxd.com/film/ghost-in-the-shell-2017/,2026-05-25T14:45:31+00:00
movie_8d44c0c1f67b,RoboCop (2014),,https://letterboxd.com/film/robocop-2014/,2026-05-25T14:45:31+00:00
movie_868b8a2773d8,Elysium (2013),,https://letterboxd.com/film/elysium-2013/,2026-05-25T14:45:31+00:00
movie_a9eb546f4f34,The Chronicles of Narnia: The Voyage of the Dawn Treader (2010),,https://letterboxd.com/film/the-chronicles-of-narnia-the-voyage-of-the-dawn-treader/,2026-05-25T14:45:31+00:00
movie_97fc714c04c7,The Chronicles of Narnia: Prince Caspian (2008),,https://letterboxd.com/film/the-chronicles-of-narnia-prince-caspian/,2026-05-25T14:45:31+00:00
movie_dd5e72d6ca96,The Golden Compass (2007),,https://letterboxd.com/film/the-golden-compass/,2026-05-25T14:45:31+00:00
movie_831d50b3b979,"I, Robot (2004)",,https://letterboxd.com/film/i-robot/,2026-05-25T14:45:31+00:00
movie_5447908122ca,Underworld (2003),,https://letterboxd.com/film/underworld-2003/,2026-05-25T14:45:31+00:00
movie_97e3c8ef8594,Cars 2,,,2026-05-25T14:45:50+00:00
movie_8e4d11b661d7,Pacific Rim: Uprising (2018),,https://letterboxd.com/film/pacific-rim-uprising/,2026-05-25T14:46:38+00:00
movie_c768341be2ed,Love & Mercy (2014),,https://letterboxd.com/film/love-mercy/,2026-05-25T14:46:38+00:00
movie_d25fe7086a44,Zoolander (2001),,https://letterboxd.com/film/zoolander/,2026-05-25T14:46:38+00:00
movie_9f2d5cb5ed85,Alice in Wonderland,,,2026-05-25T14:47:16+00:00
movie_9cef4b5a3476,Warrior,,,2026-05-25T14:48:22+00:00
movie_15c05d1d7af0,The Sixth Sense,,,2026-05-25T14:49:00+00:00
movie_0eb1177cb057,Chhichhore (2019),,https://letterboxd.com/film/chhichhore/,2026-05-25T14:49:00+00:00
movie_8cf3cb6a24f5,Swapped,,,2026-05-25T14:49:06+00:00
movie_265bdeb3bd67,Little Hearts (2025),,https://letterboxd.com/film/little-hearts-2025/,2026-05-25T14:49:06+00:00
movie_b6f3f1a7a8b3,Kabhi Khushi Kabhie Gham (2001),,https://letterboxd.com/film/kabhi-khushi-kabhie-gham/,2026-05-25T14:49:06+00:00
movie_8f44099fce90,People We Meet on Vacation,,,2026-05-25T14:49:48+00:00
movie_46f8720a91a6,Blue Heron (2025),,https://letterboxd.com/film/blue-heron/,2026-05-25T14:49:55+00:00
movie_0b6a2969f9c2,High School Musical (2006),,https://letterboxd.com/film/high-school-musical/,2026-05-25T14:49:55+00:00
movie_83ced98ebf43,The Hunger Games: The Ballad of Songbirds & Snakes,,,2026-05-25T14:50:14+00:00
movie_7b3b2a586944,Twin Peaks: Fire Walk with Me,,,2026-05-25T14:52:21+00:00
movie_944e7e254579,Twin Peaks: Fire Walk with Me (1992),,https://letterboxd.com/film/twin-peaks-fire-walk-with-me/,2026-05-25T14:52:21+00:00
movie_c725ed4f4b7f,The Love Witch (2016),,https://letterboxd.com/film/the-love-witch/,2026-05-25T14:52:28+00:00
movie_20ae3b8adfbe,Dracula Untold (2014),,https://letterboxd.com/film/dracula-untold/,2026-05-25T14:52:28+00:00
movie_e3860bd9a319,Dark Shadows (2012),,https://letterboxd.com/film/dark-shadows/,2026-05-25T14:52:28+00:00
movie_ada9e345eb84,Moulin Rouge! (2001),,https://letterboxd.com/film/moulin-rouge-2001/,2026-05-25T14:52:28+00:00
movie_a33f37c76e58,Buffalo '66 (1998),,https://letterboxd.com/film/buffalo-66/,2026-05-25T14:52:28+00:00
movie_ccb561ed78b1,Bram Stoker's Dracula (1992),,https://letterboxd.com/film/bram-stokers-dracula/,2026-05-25T14:52:28+00:00
movie_7d8df0304e4d,Avatar Spirits (2010),,https://letterboxd.com/film/avatar-spirits/,2026-05-25T14:53:14+00:00
movie_985f336fc21a,Ghost,,,2026-05-25T14:53:14+00:00
movie_5aafe68b8690,Fair Play (2023),,https://letterboxd.com/film/fair-play-2023/,2026-05-25T14:53:21+00:00
movie_b345dd4404c7,Letters to Juliet (2010),,https://letterboxd.com/film/letters-to-juliet/,2026-05-25T14:53:21+00:00
movie_97b7419ebfca,Valentine's Day (2010),,https://letterboxd.com/film/valentines-day/,2026-05-25T14:53:21+00:00
movie_93f6b75eca41,Julie & Julia (2009),,https://letterboxd.com/film/julie-julia/,2026-05-25T14:53:21+00:00
movie_fa1b75b92b95,He's Just Not That Into You (2009),,https://letterboxd.com/film/hes-just-not-that-into-you/,2026-05-25T14:53:21+00:00
movie_f9a17fb0909f,The Boy in the Striped Pyjamas (2008),,https://letterboxd.com/film/the-boy-in-the-striped-pyjamas/,2026-05-25T14:53:21+00:00
movie_633ab2d4bb9f,Closer (2004),,https://letterboxd.com/film/closer/,2026-05-25T14:53:21+00:00
movie_4fcc5c636ef5,Serendipity (2001),,https://letterboxd.com/film/serendipity/,2026-05-25T14:53:21+00:00
movie_d12894644c99,The Bridges of Madison County,,,2026-05-25T14:53:25+00:00
movie_f6476179c8e4,Guy Ritchie's The Covenant (2023),,https://letterboxd.com/film/guy-ritchies-the-covenant/,2026-05-25T14:54:17+00:00
movie_9632a006a31b,Cha Cha Real Smooth (2022),,https://letterboxd.com/film/cha-cha-real-smooth/,2026-05-25T14:54:17+00:00
movie_d0bdb2d0821f,On the Count of Three (2021),,https://letterboxd.com/film/on-the-count-of-three/,2026-05-25T14:54:17+00:00
movie_b2edf99f4b44,I Care a Lot (2020),,https://letterboxd.com/film/i-care-a-lot/,2026-05-25T14:54:17+00:00
movie_0e1b56ad6fdb,Greenland (2020),,https://letterboxd.com/film/greenland/,2026-05-25T14:54:17+00:00
movie_512e48c87d38,Extraction (2020),,https://letterboxd.com/film/extraction-2020/,2026-05-25T14:54:17+00:00
movie_57e62b034715,First Man (2018),,https://letterboxd.com/film/first-man/,2026-05-25T14:54:17+00:00
movie_68249d411cb9,The Lego Batman Movie,,,2026-05-25T14:54:55+00:00
movie_d4363393d714,Uzumaki (2024),,https://letterboxd.com/film/uzumaki/,2026-05-25T14:56:02+00:00
movie_479180b2c791,D.E.B.S. (2004),,https://letterboxd.com/film/debs/,2026-05-25T14:56:02+00:00
movie_7be2c67cd412,Uptown Girls (2003),,https://letterboxd.com/film/uptown-girls/,2026-05-25T14:56:02+00:00
movie_1d0cb2d3cb66,Lolita (1997),,https://letterboxd.com/film/lolita-1997/,2026-05-25T14:56:02+00:00
movie_3139b5debf04,The Addams Family (1991),,https://letterboxd.com/film/the-addams-family/,2026-05-25T14:56:02+00:00
movie_4dcd7c9a4112,Gremlins (1984),,https://letterboxd.com/film/gremlins/,2026-05-25T14:56:02+00:00
movie_78e4d5f2634c,Sixteen Candles (1984),,https://letterboxd.com/film/sixteen-candles/,2026-05-25T14:56:02+00:00
movie_4c5cd8d9fe19,The Exorcist (1973),,https://letterboxd.com/film/the-exorcist/,2026-05-25T14:56:02+00:00
movie_e2fa9712179b,Something Very Bad Is Going to Happen,,,2026-05-25T14:56:53+00:00
movie_37e15fbe79af,The Little Prince (2015),,https://letterboxd.com/film/the-little-prince-2015/,2026-05-25T14:56:53+00:00
movie_04aca1920e4b,Watching the Detectives (2007),,https://letterboxd.com/film/watching-the-detectives/,2026-05-25T14:56:53+00:00
movie_63f67e730b62,Saving Face (2004),,https://letterboxd.com/film/saving-face/,2026-05-25T14:56:53+00:00
movie_ec1d770ae312,My Cousin Vinny (1992),,https://letterboxd.com/film/my-cousin-vinny/,2026-05-25T14:56:53+00:00
movie_d3ae1b2a89f8,Your Name Engraved Herein,,,2026-05-25T14:56:57+00:00
movie_d3f78bbfbff0,Me Before You,,,2026-05-25T14:57:16+00:00
movie_f03a737eb5bd,The Breakfast Club,,,2026-05-25T14:57:44+00:00
movie_66c7108a72cb,Orphan (2009),,https://letterboxd.com/film/orphan/,2026-05-25T14:57:51+00:00
movie_b32e6aad3084,The Curious Case of Benjamin Button (2008),,https://letterboxd.com/film/the-curious-case-of-benjamin-button/,2026-05-25T14:57:51+00:00
movie_9de26b1a5ccf,The Others (2001),,https://letterboxd.com/film/the-others/,2026-05-25T14:57:51+00:00
movie_6bec78e61987,Miss Peregrine's Home for Peculiar Children,,,2026-05-25T14:58:33+00:00
movie_a054250079da,3 Idiots,,,2026-05-25T14:59:32+00:00
movie_7de76ab769bc,3 Idiots (2009),,https://letterboxd.com/film/3-idiots/,2026-05-25T14:59:32+00:00
movie_4f68dcfe8363,Like Stars on Earth (2007),,https://letterboxd.com/film/like-stars-on-earth/,2026-05-25T14:59:32+00:00
movie_8fcf127e8ee7,Like Stars on Earth,,,2026-05-25T14:59:44+00:00
movie_a78d0ad3fb69,Harry Potter and the Prisoner of Azkaban,,,2026-05-25T15:01:28+00:00
movie_5bc181f49838,Don't Look Up,,,2026-05-25T15:02:08+00:00
movie_5ab509bf7a1f,Demon Slayer: Kimetsu no Yaiba -To the Hashira Training- (2024),,https://letterboxd.com/film/demon-slayer-kimetsu-no-yaiba-to-the-hashira-training/,2026-05-25T15:02:15+00:00
movie_2a27b9b30a4c,Kleks Academy (2023),,https://letterboxd.com/film/kleks-academy/,2026-05-25T15:02:15+00:00
movie_8d21041ec6ab,Demon Slayer: Kimetsu no Yaiba -To the Swordsmith Village- (2023),,https://letterboxd.com/film/demon-slayer-kimetsu-no-yaiba-to-the-swordsmith-village/,2026-05-25T15:02:15+00:00
movie_8746c5d3ca0f,Furioza (2021),,https://letterboxd.com/film/furioza/,2026-05-25T15:02:15+00:00
movie_1bdfc72de84c,Demon Slayer: Kimetsu no Yaiba (2019),,https://letterboxd.com/film/demon-slayer-kimetsu-no-yaiba/,2026-05-25T15:02:15+00:00
movie_7dc63af8a0dc,The Last Samurai (2003),,https://letterboxd.com/film/the-last-samurai/,2026-05-25T15:02:15+00:00
movie_5e7314f74d98,Seven Samurai (1954),,https://letterboxd.com/film/seven-samurai/,2026-05-25T15:02:15+00:00
movie_bb9e573a86fd,Tarot,,,2026-05-25T15:02:29+00:00
movie_3a2a4fd9993b,What We Do in the Shadows,,,2026-05-25T15:03:03+00:00
movie_bb1269b1b317,Stay,,,2026-05-25T15:03:03+00:00
movie_45bf2a2fb6f1,Fast Forever,,,2026-05-25T15:03:10+00:00
movie_462aadbc85ba,Fast Forever (2028),,https://letterboxd.com/film/fast-forever/,2026-05-25T15:03:10+00:00
movie_dc7d0367e487,Toy Story 5 (2026),,https://letterboxd.com/film/toy-story-5/,2026-05-25T15:03:10+00:00
movie_7ffae4ec9df6,Expend4bles (2023),,https://letterboxd.com/film/expend4bles/,2026-05-25T15:03:10+00:00
movie_a637644d1378,The Equalizer 3 (2023),,https://letterboxd.com/film/the-equalizer-3/,2026-05-25T15:03:10+00:00
movie_9d7488590760,Ahsoka (2023),,https://letterboxd.com/film/ahsoka/,2026-05-25T15:03:10+00:00
movie_71b873f1b35a,Peter Pan & Wendy (2023),,https://letterboxd.com/film/peter-pan-wendy/,2026-05-25T15:03:10+00:00
movie_bbe9ea83b63d,Ticket to Paradise (2022),,https://letterboxd.com/film/ticket-to-paradise-2022/,2026-05-25T15:03:10+00:00
movie_621126139aeb,Lady Chatterley's Lover (2022),,https://letterboxd.com/film/lady-chatterleys-lover-2022/,2026-05-25T15:03:10+00:00
movie_4de16e250d9c,Ambulance (2022),,https://letterboxd.com/film/ambulance-2022/,2026-05-25T15:03:10+00:00
movie_5e2b23f83147,Rambo: Last Blood (2019),,https://letterboxd.com/film/rambo-last-blood/,2026-05-25T15:03:10+00:00
movie_71d2c9abcfb4,John Wick: Chapter 4,,,2026-05-25T15:03:57+00:00
movie_04ec5d7e06ce,Brothers (2009),,https://letterboxd.com/film/brothers-2009/,2026-05-25T15:04:04+00:00
movie_64790f8ea50c,First Blood (1982),,https://letterboxd.com/film/first-blood/,2026-05-25T15:04:04+00:00
movie_df65be8fd336,Fallen Angels,,,2026-05-25T15:04:07+00:00
movie_08416c587937,Toaster (2026),,https://letterboxd.com/film/toaster-2026/,2026-05-25T15:04:58+00:00
movie_9afe8e544282,Outcome (2026),,https://letterboxd.com/film/outcome/,2026-05-25T15:04:58+00:00
movie_089829d253cb,Subedaar (2026),,https://letterboxd.com/film/subedaar-2026/,2026-05-25T15:04:58+00:00
movie_217b869612c0,Accused (2026),,https://letterboxd.com/film/accused-2026/,2026-05-25T15:04:58+00:00
movie_d4cf3ce5de3a,Do Deewane Seher Mein (2026),,https://letterboxd.com/film/do-deewane-seher-mein-2026/,2026-05-25T15:04:58+00:00
movie_494fbd694ae6,Assi (2026),,https://letterboxd.com/film/assi/,2026-05-25T15:04:58+00:00
movie_c77f73c589e1,The Dreadful (2026),,https://letterboxd.com/film/the-dreadful/,2026-05-25T15:04:58+00:00
movie_b2e733940b86,The Bluff (2026),,https://letterboxd.com/film/the-bluff-2026/,2026-05-25T15:04:58+00:00
movie_7d1a1658416e,O'Romeo (2026),,https://letterboxd.com/film/oromeo/,2026-05-25T15:04:58+00:00
movie_8d03f4839f94,Tu Yaa Main (2026),,https://letterboxd.com/film/tu-yaa-main/,2026-05-25T15:04:58+00:00
movie_b8f09bfc6e81,The Wrecking Crew (2026),,https://letterboxd.com/film/the-wrecking-crew-2026/,2026-05-25T15:04:58+00:00
movie_6300e721db49,Border 2 (2026),,https://letterboxd.com/film/border-2-2026/,2026-05-25T15:04:58+00:00
movie_07ab261f0682,Happy Patel: Khatarnak Jasoos (2026),,https://letterboxd.com/film/happy-patel-khatarnak-jasoos/,2026-05-25T15:04:58+00:00
movie_0fb7c1ed3a24,The Rajasaab (2026),,https://letterboxd.com/film/the-rajasaab/,2026-05-25T15:04:58+00:00
movie_0c6f55da6a72,Ikkis (2026),,https://letterboxd.com/film/ikkis/,2026-05-25T15:04:58+00:00
movie_60cad5d6506c,120 Bahadur (2025),,https://letterboxd.com/film/120-bahadur/,2026-05-25T15:04:58+00:00
movie_66ba1e7658f9,Haq (2025),,https://letterboxd.com/film/haq-2025/,2026-05-25T15:04:58+00:00
movie_89101214c033,Jolly LLB 3 (2025),,https://letterboxd.com/film/jolly-llb-3/,2026-05-25T15:04:58+00:00
movie_8aafc18a0f4f,Scarlet (2025),,https://letterboxd.com/film/scarlet-2025/,2026-05-25T15:04:58+00:00
movie_db2d1835f18f,Lokah Chapter 1: Chandra (2025),,https://letterboxd.com/film/lokah-chapter-1-chandra/,2026-05-25T15:04:58+00:00
movie_8d851c1f5615,Vash Level 2 (2025),,https://letterboxd.com/film/vash-level-2/,2026-05-25T15:04:58+00:00
movie_d3a826c956f5,Coolie (2025),,https://letterboxd.com/film/coolie-2025/,2026-05-25T15:04:58+00:00
movie_a17d65f98cee,War 2 (2025),,https://letterboxd.com/film/war-2/,2026-05-25T15:04:58+00:00
movie_6f784d932f96,Homebound (2025),,https://letterboxd.com/film/homebound-2025/,2026-05-25T15:04:58+00:00
movie_a412a301dabf,Raid 2 (2025),,https://letterboxd.com/film/raid-2/,2026-05-25T15:04:58+00:00
movie_450a6e7119d4,Birdman or (The Unexpected Virtue of Ignorance),,,2026-05-25T15:05:07+00:00
movie_b20c20ba00e1,How to Make Millions Before Grandma Dies,,,2026-05-25T15:05:35+00:00
movie_df3c96967119,Christiane F. (1981),,https://letterboxd.com/film/christiane-f/,2026-05-25T15:05:55+00:00
movie_074b34ddefe4,Harakiri,,,2026-05-25T15:05:55+00:00
movie_1efbd8b53da6,Athena (2022),,https://letterboxd.com/film/athena-2022-1/,2026-05-25T15:06:02+00:00
movie_b86a77fe3648,Dear Zachary: A Letter to a Son About His Father (2008),,https://letterboxd.com/film/dear-zachary-a-letter-to-a-son-about-his-father/,2026-05-25T15:06:02+00:00
movie_d294c369f334,Carrie (1976),,https://letterboxd.com/film/carrie-1976/,2026-05-25T15:06:02+00:00
movie_2dbc3ad10bab,Harakiri (1962),,https://letterboxd.com/film/harakiri/,2026-05-25T15:06:02+00:00
movie_ad9343959458,The Seventh Seal (1957),,https://letterboxd.com/film/the-seventh-seal/,2026-05-25T15:06:02+00:00
movie_b048f2e33fb1,Nosferatu (1922),,https://letterboxd.com/film/nosferatu/,2026-05-25T15:06:02+00:00
movie_d216dc3780ca,Child Star (2024),,https://letterboxd.com/film/child-star/,2026-05-25T15:06:59+00:00
movie_1ae02243bc6f,Eileen (2023),,https://letterboxd.com/film/eileen-2023/,2026-05-25T15:06:59+00:00
movie_373dbd8a06b3,BLACKPINK: Light Up the Sky (2020),,https://letterboxd.com/film/blackpink-light-up-the-sky/,2026-05-25T15:06:59+00:00
movie_33095db093ce,Red Dragon (2002),,https://letterboxd.com/film/red-dragon/,2026-05-25T15:06:59+00:00
movie_334380302791,Sonic the Hedgehog 2,,,2026-05-25T15:07:18+00:00
movie_ca983764ac9d,Bottoms,,,2026-05-25T15:08:19+00:00
movie_09ac5135612c,Do the Right Thing,,,2026-05-25T15:09:40+00:00
movie_63c4652cd247,The Testament of Ann Lee (2025),,https://letterboxd.com/film/the-testament-of-ann-lee/,2026-05-25T15:09:47+00:00
movie_e1b158632493,Sun and Concrete (2023),,https://letterboxd.com/film/sun-and-concrete/,2026-05-25T15:09:47+00:00
movie_7d278db3c81b,Let the Right One In (2008),,https://letterboxd.com/film/let-the-right-one-in/,2026-05-25T15:09:47+00:00
movie_2b38b539ee23,The Fall (2006),,https://letterboxd.com/film/the-fall/,2026-05-25T15:09:47+00:00
movie_c985811abe70,Napoleon Dynamite (2004),,https://letterboxd.com/film/napoleon-dynamite/,2026-05-25T15:09:47+00:00
movie_66b44481140f,Lilo & Stitch (2002),,https://letterboxd.com/film/lilo-stitch/,2026-05-25T15:09:47+00:00
movie_dfd322f1068c,Do the Right Thing (1989),,https://letterboxd.com/film/do-the-right-thing/,2026-05-25T15:09:47+00:00
movie_90da5c3be18d,Drive My Car,,,2026-05-25T15:10:08+00:00
movie_48a89f5ac241,Tell Me Softly (2025),,https://letterboxd.com/film/tell-me-softly-2025/,2026-05-25T15:10:39+00:00
movie_4797f5427a64,Sidelined 2: Intercepted (2025),,https://letterboxd.com/film/sidelined-2-intercepted/,2026-05-25T15:10:39+00:00
movie_38129645d550,The Trauma Code: Heroes on Call (2025),,https://letterboxd.com/film/the-trauma-code-heroes-on-call-2025/,2026-05-25T15:10:39+00:00
movie_62599e0e0afd,Through My Window 3: Looking at You (2024),,https://letterboxd.com/film/through-my-window-3-looking-at-you/,2026-05-25T15:10:39+00:00
movie_b0bf8e76e5ac,Through My Window: Across the Sea (2023),,https://letterboxd.com/film/through-my-window-across-the-sea/,2026-05-25T15:10:39+00:00
movie_e0a93ef5e9df,The Mother (2023),,https://letterboxd.com/film/the-mother-2023/,2026-05-25T15:10:39+00:00
movie_ebab6e9f0ca6,Beautiful Disaster (2023),,https://letterboxd.com/film/beautiful-disaster/,2026-05-25T15:10:39+00:00
movie_1810013daac7,Perfect Addiction (2023),,https://letterboxd.com/film/perfect-addiction/,2026-05-25T15:10:39+00:00
movie_2663589d3f02,One Day (2011),,https://letterboxd.com/film/one-day-2011/,2026-05-25T15:10:39+00:00
movie_d8437b69a184,The Idea of You,,,2026-05-25T15:11:12+00:00
movie_cadb39120657,Roommates,,,2026-05-25T15:11:43+00:00
movie_eb10b2a18739,Unknown Number: The High School Catfish (2025),,https://letterboxd.com/film/unknown-number-the-high-school-catfish/,2026-05-25T15:11:43+00:00
movie_1871864be630,Madea's Destination Wedding (2025),,https://letterboxd.com/film/madeas-destination-wedding/,2026-05-25T15:11:43+00:00
movie_d98e5c9ffb67,STRAW (2025),,https://letterboxd.com/film/straw-2025/,2026-05-25T15:11:43+00:00
movie_cd0f477d4110,Hurry Up Tomorrow (2025),,https://letterboxd.com/film/hurry-up-tomorrow/,2026-05-25T15:11:43+00:00
movie_9f9fddfadbf9,Opus (2025),,https://letterboxd.com/film/opus-2025/,2026-05-25T15:11:43+00:00
movie_e2fde9b74c93,Nightbitch (2024),,https://letterboxd.com/film/nightbitch/,2026-05-25T15:11:43+00:00
movie_d38832106a9e,South Park: The End of Obesity (2024),,https://letterboxd.com/film/south-park-the-end-of-obesity/,2026-05-25T15:11:43+00:00
movie_c639cc2b9c48,Mothers' Instinct (2024),,https://letterboxd.com/film/mothers-instinct-2024/,2026-05-25T15:11:43+00:00
movie_951808ae3ceb,South Park (Not Suitable for Children) (2023),,https://letterboxd.com/film/south-park-not-suitable-for-children/,2026-05-25T15:11:43+00:00
movie_a262d9a7ffff,South Park: Joining the Panderverse (2023),,https://letterboxd.com/film/south-park-joining-the-panderverse/,2026-05-25T15:11:43+00:00
movie_5b04d0cdb12d,We Have a Ghost (2023),,https://letterboxd.com/film/we-have-a-ghost/,2026-05-25T15:11:43+00:00
movie_6e97a1d1100a,Alhamour H.A. (2023),,https://letterboxd.com/film/alhamour-ha/,2026-05-25T15:11:43+00:00
movie_3a0a9973f69f,Alkhallat+ (2022),,https://letterboxd.com/film/alkhallat/,2026-05-25T15:11:44+00:00
movie_17a253e25de0,Exit 8,,,2026-05-25T15:11:56+00:00
movie_77f6d90eda16,Moana 2,,,2026-05-25T15:12:12+00:00
movie_a68ccd75bb8b,The Maze Runner,,,2026-05-25T15:12:36+00:00
movie_29561e08067d,The Hunger Games: Sunrise on the Reaping,,,2026-05-25T15:12:44+00:00
movie_c7086b35d8af,The Hunger Games: Sunrise on the Reaping (2026),,https://letterboxd.com/film/the-hunger-games-sunrise-on-the-reaping/,2026-05-25T15:12:44+00:00
movie_c7c7173fd79b,London Has Fallen (2016),,https://letterboxd.com/film/london-has-fallen/,2026-05-25T15:12:44+00:00
movie_680bfdfaace4,Olympus Has Fallen (2013),,https://letterboxd.com/film/olympus-has-fallen/,2026-05-25T15:12:44+00:00
movie_429931b4502a,Men in Black 3 (2012),,https://letterboxd.com/film/men-in-black-3/,2026-05-25T15:12:44+00:00
movie_6f9e6119121d,Salt (2010),,https://letterboxd.com/film/salt-2010/,2026-05-25T15:12:44+00:00
movie_d53c1a1a31ee,The Bourne Ultimatum (2007),,https://letterboxd.com/film/the-bourne-ultimatum/,2026-05-25T15:12:44+00:00
movie_8ea1c42b86a3,Into the Blue (2005),,https://letterboxd.com/film/into-the-blue/,2026-05-25T15:12:44+00:00
movie_2a9741c64c2a,The Bourne Identity (2002),,https://letterboxd.com/film/the-bourne-identity-2002/,2026-05-25T15:12:44+00:00
movie_61ca87171f1a,Gone in Sixty Seconds (2000),,https://letterboxd.com/film/gone-in-sixty-seconds/,2026-05-25T15:12:44+00:00
movie_941d1cc46674,Double Jeopardy (1999),,https://letterboxd.com/film/double-jeopardy-1999/,2026-05-25T15:12:44+00:00
movie_40441f8343cb,I Know What You Did Last Summer (1997),,https://letterboxd.com/film/i-know-what-you-did-last-summer/,2026-05-25T15:12:44+00:00
movie_8cf1ad917ec5,Face/Off (1997),,https://letterboxd.com/film/face-off/,2026-05-25T15:12:44+00:00
movie_d53bcd191c0c,Independence Day (1996),,https://letterboxd.com/film/independence-day/,2026-05-25T15:12:44+00:00
movie_5460f23fc4cc,Balls Up (2026),,https://letterboxd.com/film/balls-up-2026/,2026-05-25T15:13:29+00:00
movie_410b55edc3d7,Good Fortune (2025),,https://letterboxd.com/film/good-fortune-2025/,2026-05-25T15:13:29+00:00
movie_6b2399df7c24,Vinci 2 (2025),,https://letterboxd.com/film/vinci-2/,2026-05-25T15:13:29+00:00
movie_9d17e8ca8ab9,The Peasants (2023),,https://letterboxd.com/film/the-peasants-2023/,2026-05-25T15:13:29+00:00
movie_bd85ba7e8c19,Daddio (2023),,https://letterboxd.com/film/daddio-2023/,2026-05-25T15:13:29+00:00
movie_af919db8f1a0,Me Time (2022),,https://letterboxd.com/film/me-time-2022/,2026-05-25T15:13:29+00:00
movie_2cec0e5cd779,The Unbearable Weight of Massive Talent (2022),,https://letterboxd.com/film/the-unbearable-weight-of-massive-talent/,2026-05-25T15:13:29+00:00
movie_b81c9d7199d8,Father Stu (2022),,https://letterboxd.com/film/father-stu/,2026-05-25T15:13:29+00:00
movie_2cfe7fcbac37,Dexter: New Blood (2021),,https://letterboxd.com/film/dexter-new-blood/,2026-05-25T15:13:29+00:00
movie_a1732f658442,Planet Single 2 (2018),,https://letterboxd.com/film/planet-single-2/,2026-05-25T15:13:29+00:00
movie_218c8680afdf,Fifty Shades Freed (2018),,https://letterboxd.com/film/fifty-shades-freed/,2026-05-25T15:13:29+00:00
movie_1d7fbc11c124,Daddy's Home 2 (2017),,https://letterboxd.com/film/daddys-home-2/,2026-05-25T15:13:29+00:00
movie_1bbb116692c9,The Old Oak (2023),,https://letterboxd.com/film/the-old-oak/,2026-05-25T15:14:19+00:00
movie_35d202fcde9a,Falcon Lake (2022),,https://letterboxd.com/film/falcon-lake/,2026-05-25T15:14:19+00:00
movie_560ff7722a7a,The Lost Daughter (2021),,https://letterboxd.com/film/the-lost-daughter-2021/,2026-05-25T15:14:19+00:00
movie_3aa5d7533db7,Ammonite (2020),,https://letterboxd.com/film/ammonite/,2026-05-25T15:14:19+00:00
movie_8a015306a4a8,Paterson (2016),,https://letterboxd.com/film/paterson/,2026-05-25T15:14:19+00:00
movie_8df1baf3539d,Leviathan (2014),,https://letterboxd.com/film/leviathan-2014/,2026-05-25T15:14:19+00:00
movie_8a948ec90166,Short Term 12 (2013),,https://letterboxd.com/film/short-term-12-2013/,2026-05-25T15:14:19+00:00
movie_40ed20c8ee3a,Amour (2012),,https://letterboxd.com/film/amour/,2026-05-25T15:14:19+00:00
movie_47b75a7d86b9,Le Havre (2011),,https://letterboxd.com/film/le-havre/,2026-05-25T15:14:19+00:00
movie_4ccda4466794,About Elly (2009),,https://letterboxd.com/film/about-elly/,2026-05-25T15:14:19+00:00
movie_48e84261a068,A History of Violence (2005),,https://letterboxd.com/film/a-history-of-violence/,2026-05-25T15:14:19+00:00
movie_f63c5bfd924d,The Station Agent (2003),,https://letterboxd.com/film/the-station-agent/,2026-05-25T15:14:19+00:00
movie_b31974c39f64,Taste of Cherry (1997),,https://letterboxd.com/film/taste-of-cherry/,2026-05-25T15:14:19+00:00
movie_675a9555ebdd,Louis Theroux: Inside the Manosphere,,,2026-05-25T15:15:13+00:00
movie_dc2391f3b389,Louis Theroux: Inside the Manosphere (2026),,https://letterboxd.com/film/louis-theroux-inside-the-manosphere/,2026-05-25T15:15:13+00:00
movie_6b9a26fef301,Samuel (2024),,https://letterboxd.com/film/samuel-2024/,2026-05-25T15:15:13+00:00
movie_2d31e3e8a96f,Duel,,,2026-05-25T15:15:51+00:00
movie_39ee2894da6b,Silence (2016),,https://letterboxd.com/film/silence/,2026-05-25T15:15:58+00:00
movie_91d00aaf2572,Watchmen (2009),,https://letterboxd.com/film/watchmen/,2026-05-25T15:15:58+00:00
movie_40e19d525f98,"Synecdoche, New York (2008)",,https://letterboxd.com/film/synecdoche-new-york/,2026-05-25T15:15:58+00:00
movie_a39dcd0ae580,Sleepy Hollow,,,2026-05-25T15:16:43+00:00
movie_ca60f453f13e,Sleepy Hollow (1999),,https://letterboxd.com/film/sleepy-hollow/,2026-05-25T15:16:43+00:00
movie_fc86f00eb3f9,Seven Years in Tibet (1997),,https://letterboxd.com/film/seven-years-in-tibet/,2026-05-25T15:16:43+00:00
movie_8c1a0891ac81,Z-O-M-B-I-E-S 3 (2022),,https://letterboxd.com/film/z-o-m-b-i-e-s-3/,2026-05-25T15:16:51+00:00
movie_e25c223aa9d4,Trolls World Tour (2020),,https://letterboxd.com/film/trolls-world-tour/,2026-05-25T15:16:51+00:00
movie_383574b3d329,No Other Choice,,,2026-05-25T15:17:32+00:00
movie_e68073ac46b9,Star Wars: Episode III – Revenge of the Sith,,,2026-05-25T15:22:41+00:00
movie_18f8c3f636cf,Final Destination 3 (2006),,https://letterboxd.com/film/final-destination-3/,2026-05-25T15:22:41+00:00
movie_d5a403be3d1d,Final Destination 2 (2003),,https://letterboxd.com/film/final-destination-2/,2026-05-25T15:22:49+00:00
movie_4ddf16b161d7,Bullet Train,,,2026-05-25T15:23:32+00:00
movie_f2c07f8d0e83,The Neon Demon (2016),,https://letterboxd.com/film/the-neon-demon/,2026-05-25T15:23:32+00:00
movie_84e84dabd8e1,The First Frost (2025),,https://letterboxd.com/film/the-first-frost/,2026-05-25T15:24:36+00:00
movie_76451ea1414c,Confessions of a Shopaholic,,,2026-05-25T15:25:08+00:00
movie_de10589f9437,The Empire Strikes Back,,,2026-05-25T15:25:25+00:00
movie_0dbb08059bb6,Always Be My Maybe (2019),,https://letterboxd.com/film/always-be-my-maybe-2019/,2026-05-25T15:25:33+00:00
movie_51d2c7f21f09,Plus One (2019),,https://letterboxd.com/film/plus-one-2019/,2026-05-25T15:25:33+00:00
movie_7256fbfe06f4,Thunderbolts*,,,2026-05-25T15:25:52+00:00
movie_879c51b01287,Remember the Titans,,,2026-05-25T15:26:10+00:00
movie_4352122c35e6,Star Wars: The Rise of Skywalker,,,2026-05-25T15:26:36+00:00
movie_b88ec0ac454c,Eyes Wide Shut,,,2026-05-25T15:27:16+00:00
movie_e9f493f7d6e1,Oh. What. Fun. (2025),,https://letterboxd.com/film/oh-what-fun/,2026-05-25T15:28:16+00:00
movie_52c3ce4a384c,Descendants: The Rise of Red (2024),,https://letterboxd.com/film/descendants-the-rise-of-red/,2026-05-25T15:28:16+00:00
movie_1f6968d7cdaf,Ron's Gone Wrong (2021),,https://letterboxd.com/film/rons-gone-wrong/,2026-05-25T15:28:16+00:00
movie_9e469b0ecca5,The Addams Family 2 (2021),,https://letterboxd.com/film/the-addams-family-2/,2026-05-25T15:28:16+00:00
movie_1ee63e282d59,The Addams Family (2019),,https://letterboxd.com/film/the-addams-family-2019/,2026-05-25T15:28:16+00:00
movie_c2d203e3941a,Descendants 3 (2019),,https://letterboxd.com/film/descendants-3/,2026-05-25T15:28:16+00:00
movie_a6a0e936e63a,What Men Want (2019),,https://letterboxd.com/film/what-men-want/,2026-05-25T15:28:16+00:00
movie_ee73d2bb9ce1,Where the Crawdads Sing,,,2026-05-25T15:28:19+00:00
movie_d1477c567a4a,Dredd (2012),,https://letterboxd.com/film/dredd/,2026-05-25T15:29:03+00:00
movie_8ff9e2ae1489,Officer Black Belt (2024),,https://letterboxd.com/film/officer-black-belt/,2026-05-25T15:29:11+00:00
movie_700c1008fe00,Escape (2024),,https://letterboxd.com/film/escape-2024/,2026-05-25T15:29:11+00:00
movie_65c8572bf7d0,Following (2024),,https://letterboxd.com/film/following-2024/,2026-05-25T15:29:11+00:00
movie_c12c3011e084,The Roundup: Punishment (2024),,https://letterboxd.com/film/the-roundup-punishment/,2026-05-25T15:29:11+00:00
movie_2e789376bc2c,Brave Citizen (2023),,https://letterboxd.com/film/brave-citizen/,2026-05-25T15:29:11+00:00
movie_466751df7d28,Love Reset (2023),,https://letterboxd.com/film/love-reset-2023/,2026-05-25T15:29:11+00:00
movie_fa22e5d6820f,Confidential Assignment 2: International (2022),,https://letterboxd.com/film/confidential-assignment-2-international/,2026-05-25T15:29:11+00:00
movie_6f3b6bf18e70,The Roundup (2022),,https://letterboxd.com/film/the-roundup-2022/,2026-05-25T15:29:11+00:00
movie_d346283052d3,Shark: The Beginning (2021),,https://letterboxd.com/film/shark-the-beginning/,2026-05-25T15:29:11+00:00
movie_b2341cdfd628,Army of the Dead (2021),,https://letterboxd.com/film/army-of-the-dead-2021/,2026-05-25T15:29:11+00:00
movie_b841ca3c5189,The Sadness (2021),,https://letterboxd.com/film/the-sadness-2021/,2026-05-25T15:29:11+00:00
movie_d18f3a8f02b3,Unhinged (2020),,https://letterboxd.com/film/unhinged-2020/,2026-05-25T15:29:11+00:00
movie_c2d6cd0bb663,Peninsula (2020),,https://letterboxd.com/film/peninsula/,2026-05-25T15:29:11+00:00
movie_ce063bbbd943,The Outpost (2019),,https://letterboxd.com/film/the-outpost/,2026-05-25T15:29:11+00:00
movie_ac348cb1d9bd,Angel Has Fallen (2019),,https://letterboxd.com/film/angel-has-fallen/,2026-05-25T15:29:11+00:00
movie_67a2a5741a35,EXIT (2019),,https://letterboxd.com/film/exit-2019/,2026-05-25T15:29:11+00:00
movie_2431b8fb392e,"The Gangster, the Cop, the Devil (2019)",,https://letterboxd.com/film/the-gangster-the-cop-the-devil/,2026-05-25T15:29:11+00:00
movie_c78df8538be3,Extreme Job (2019),,https://letterboxd.com/film/extreme-job/,2026-05-25T15:29:11+00:00
movie_eabb501014f7,The Farm (2018),,https://letterboxd.com/film/the-farm-2018/,2026-05-25T15:29:11+00:00
movie_ca4d11a3d7cc,The Night Eats the World (2018),,https://letterboxd.com/film/the-night-eats-the-world/,2026-05-25T15:29:11+00:00
movie_4aec1493d04c,"Marty, Life Is Short",,,2026-05-25T15:30:56+00:00
movie_e6c642270a15,"Marty, Life Is Short (2026)",,https://letterboxd.com/film/marty-life-is-short/,2026-05-25T15:30:56+00:00
movie_c97b0ae02a65,"My Father, the BTK Killer (2025)",,https://letterboxd.com/film/my-father-the-btk-killer/,2026-05-25T15:30:56+00:00
movie_d1226c8f16e3,Mountainhead (2025),,https://letterboxd.com/film/mountainhead/,2026-05-25T15:30:56+00:00
movie_c8462268e72b,American Murder: Gabby Petito (2025),,https://letterboxd.com/film/american-murder-gabby-petito-2025/,2026-05-25T15:30:56+00:00
movie_fd088ac58ef1,Cold Case: Who Killed JonBenét Ramsey (2024),,https://letterboxd.com/film/cold-case-who-killed-jonbenet-ramsey-2024/,2026-05-25T15:30:56+00:00
movie_d9f747867922,This Is the Zodiac Speaking (2024),,https://letterboxd.com/film/this-is-the-zodiac-speaking-2024/,2026-05-25T15:30:56+00:00
movie_a29384be939b,The Menendez Brothers (2024),,https://letterboxd.com/film/the-menendez-brothers/,2026-05-25T15:30:56+00:00
movie_f1a56759d114,American Murder: Laci Peterson (2024),,https://letterboxd.com/film/american-murder-laci-peterson/,2026-05-25T15:30:56+00:00
movie_fd791a7227e7,What Jennifer Did (2024),,https://letterboxd.com/film/what-jennifer-did/,2026-05-25T15:30:56+00:00
movie_14526bd4e451,American Nightmare (2024),,https://letterboxd.com/film/american-nightmare-2024-1/,2026-05-25T15:30:56+00:00
movie_fe6d77bb6e27,A Murder at the End of the World (2023),,https://letterboxd.com/film/a-murder-at-the-end-of-the-world/,2026-05-25T15:30:56+00:00
movie_c4be6579f0cf,The Hatchet Wielding Hitchhiker (2023),,https://letterboxd.com/film/the-hatchet-wielding-hitchhiker/,2026-05-25T15:30:56+00:00
movie_d079b51229cd,Girl in the Picture (2022),,https://letterboxd.com/film/girl-in-the-picture/,2026-05-25T15:30:56+00:00
movie_6e4408df5440,Conversations with a Killer: The John Wayne Gacy Tapes (2022),,https://letterboxd.com/film/conversations-with-a-killer-the-john-wayne-gacy-tapes/,2026-05-25T15:30:56+00:00
movie_4e79a66aea4b,The Prom (2020),,https://letterboxd.com/film/the-prom-2020/,2026-05-25T15:30:56+00:00
movie_4890f141eb3a,American Murder: The Family Next Door (2020),,https://letterboxd.com/film/american-murder-the-family-next-door/,2026-05-25T15:30:56+00:00
movie_b6a0df0db28a,A Christmas Prince (2017),,https://letterboxd.com/film/a-christmas-prince/,2026-05-25T15:30:56+00:00
movie_16bbdf22bead,Spider-Man: Into the Spider-Verse,,,2026-05-25T15:31:40+00:00
movie_19f095114f0d,The Housemaid,,,2026-05-25T15:31:40+00:00
movie_9503708045c2,The Owl House: Watching and Dreaming (2023),,https://letterboxd.com/film/the-owl-house-watching-and-dreaming/,2026-05-25T15:31:48+00:00
movie_cc186b5cfeb8,Les Misérables (2012),,https://letterboxd.com/film/les-miserables-2012/,2026-05-25T15:31:48+00:00
movie_16f60890a96b,Mary Poppins (1964),,https://letterboxd.com/film/mary-poppins/,2026-05-25T15:31:48+00:00
movie_e2ed4f01213e,The Grand Budapest Hotel,,,2026-05-25T15:32:40+00:00
movie_77259c05bd97,Picture This (2025),,https://letterboxd.com/film/picture-this-2025/,2026-05-25T15:33:37+00:00
movie_2fb9ab6ea062,The Mist,,,2026-05-25T15:33:46+00:00
movie_9221cdc5630f,The Woman in Cabin 10,,,2026-05-25T15:36:21+00:00
movie_095cd6eeaedc,The Woman in the Window (2021),,https://letterboxd.com/film/the-woman-in-the-window-2021/,2026-05-25T15:36:21+00:00
movie_2782218f0a6e,Flatliners (2017),,https://letterboxd.com/film/flatliners-2017/,2026-05-25T15:36:21+00:00
movie_8f0e43a86695,A Cure for Wellness (2016),,https://letterboxd.com/film/a-cure-for-wellness/,2026-05-25T15:36:21+00:00
movie_8d02e2d9d4bf,The Invisible Guest (2016),,https://letterboxd.com/film/the-invisible-guest/,2026-05-25T15:36:21+00:00
movie_0af44eb59c99,The Wave (2008),,https://letterboxd.com/film/the-wave-2008/,2026-05-25T15:36:21+00:00
movie_5caeb35f68f1,Rambo (2008),,https://letterboxd.com/film/rambo/,2026-05-25T15:36:21+00:00
movie_90ab4f5e98ae,Awake (2007),,https://letterboxd.com/film/awake/,2026-05-25T15:36:21+00:00
movie_9d2d30348491,1408 (2007),,https://letterboxd.com/film/1408/,2026-05-25T15:36:21+00:00
movie_515dc0047b9b,Downfall (2004),,https://letterboxd.com/film/downfall/,2026-05-25T15:36:21+00:00
movie_d1a748b89601,Se7en,,,2026-05-25T15:36:24+00:00
movie_8df593a25b98,City of God,,,2026-05-25T15:37:01+00:00
movie_9daf1b0e1af8,Caramelo (2025),,https://letterboxd.com/film/caramelo/,2026-05-25T15:38:05+00:00
movie_ebf696e55ba7,Left-Handed Girl (2025),,https://letterboxd.com/film/left-handed-girl/,2026-05-25T15:38:05+00:00
movie_fa31f43598c8,Live Free or Die Hard (2007),,https://letterboxd.com/film/live-free-or-die-hard/,2026-05-25T15:38:05+00:00
movie_0c8eb966fb16,The Departed,,,2026-05-25T15:39:46+00:00
movie_893d07b7dde5,The Foreigner (2017),,https://letterboxd.com/film/the-foreigner-2017/,2026-05-25T15:40:46+00:00
movie_f74f82132cf8,The Karate Kid (1984),,https://letterboxd.com/film/the-karate-kid/,2026-05-25T15:40:46+00:00
movie_06630ca2711f,Kill Bill: Vol. 2,,,2026-05-25T15:41:26+00:00
movie_9edb96912ef2,The Forever Purge (2021),,https://letterboxd.com/film/the-forever-purge/,2026-05-25T15:41:33+00:00
movie_e7b376af85a3,The Descent (2005),,https://letterboxd.com/film/the-descent/,2026-05-25T15:41:33+00:00
movie_da273257a384,Paper Towns (2015),,https://letterboxd.com/film/paper-towns/,2026-05-25T15:43:15+00:00
movie_18330eba71d1,Mustang (2015),,https://letterboxd.com/film/mustang-2015/,2026-05-25T15:43:15+00:00
movie_2f4ff8cca82f,The DUFF (2015),,https://letterboxd.com/film/the-duff/,2026-05-25T15:43:15+00:00
movie_99de35f8aebe,The Bling Ring (2013),,https://letterboxd.com/film/the-bling-ring/,2026-05-25T15:43:15+00:00
movie_bb844bc235d0,The Lovely Bones (2009),,https://letterboxd.com/film/the-lovely-bones/,2026-05-25T15:43:15+00:00
movie_0f12069c2fea,Y Tu Mamá También (2001),,https://letterboxd.com/film/y-tu-mama-tambien/,2026-05-25T15:43:15+00:00
movie_e6c9c6142431,Nowhere (1997),,https://letterboxd.com/film/nowhere/,2026-05-25T15:43:15+00:00
movie_1551ed57385c,House,,,2026-05-25T15:43:41+00:00
movie_670df2c273c1,The Iron Claw,,,2026-05-25T15:43:46+00:00
movie_a04cffeb2dda,The Naked Gun: From the Files of Police Squad! (1988),,https://letterboxd.com/film/the-naked-gun-from-the-files-of-police-squad/,2026-05-25T15:44:09+00:00
movie_d17af77acdbf,22 Jump Street,,,2026-05-25T15:44:25+00:00
movie_8845f1a4f71b,The Boy and the Heron,,,2026-05-25T15:44:33+00:00
movie_bb8b1f902a29,Avatar,,,2026-05-25T15:44:37+00:00
movie_9fb5d76b546e,Vermiglio (2024),,https://letterboxd.com/film/vermiglio/,2026-05-25T15:45:15+00:00
movie_c455fdd852ac,Dogman (2023),,https://letterboxd.com/film/dogman-2023/,2026-05-25T15:45:15+00:00
movie_209988c7150e,This World Can't Tear Me Down (2023),,https://letterboxd.com/film/this-world-cant-tear-me-down/,2026-05-25T15:45:15+00:00
movie_226804763190,Outlaw King (2018),,https://letterboxd.com/film/outlaw-king/,2026-05-25T15:45:15+00:00
movie_526e3c450fa5,The Ballad of Buster Scruggs (2018),,https://letterboxd.com/film/the-ballad-of-buster-scruggs/,2026-05-25T15:45:15+00:00
movie_93fecf1b0157,Assassin's Creed (2016),,https://letterboxd.com/film/assassins-creed/,2026-05-25T15:45:15+00:00
movie_457fb6cabf34,Five Feet Apart,,,2026-05-25T15:45:53+00:00
movie_f82140c49f37,After Everything (2023),,https://letterboxd.com/film/after-everything-2023/,2026-05-25T15:46:01+00:00
movie_29b399c9444d,After Ever Happy (2022),,https://letterboxd.com/film/after-ever-happy/,2026-05-25T15:46:01+00:00
movie_fb9407353e17,After We Fell (2021),,https://letterboxd.com/film/after-we-fell/,2026-05-25T15:46:01+00:00
movie_812f33a060d8,Believe Me: The Abduction of Lisa McVey (2018),,https://letterboxd.com/film/believe-me-the-abduction-of-lisa-mcvey/,2026-05-25T15:46:01+00:00
movie_826bbd6a986f,Level 16 (2018),,https://letterboxd.com/film/level-16/,2026-05-25T15:46:01+00:00
movie_041a73709f7d,Cinderella (2015),,https://letterboxd.com/film/cinderella-2015/,2026-05-25T15:46:01+00:00
movie_266b649a8b44,The Handmaiden,,,2026-05-25T15:46:40+00:00
movie_31f65759108d,Will & Harper (2024),,https://letterboxd.com/film/will-harper/,2026-05-25T15:46:49+00:00
movie_e462d705b8b9,Happiest Season (2020),,https://letterboxd.com/film/happiest-season/,2026-05-25T15:46:49+00:00
movie_320c3dc16070,The Artist (2011),,https://letterboxd.com/film/the-artist/,2026-05-25T15:46:49+00:00
movie_c3d2099ddb3a,Hot Tub Time Machine (2010),,https://letterboxd.com/film/hot-tub-time-machine/,2026-05-25T15:46:49+00:00
movie_b413f00525ad,Stranger Than Fiction (2006),,https://letterboxd.com/film/stranger-than-fiction-2006/,2026-05-25T15:46:49+00:00
movie_8d19da66a7f5,Before Sunset (2004),,https://letterboxd.com/film/before-sunset/,2026-05-25T15:46:49+00:00
movie_7945688a974e,Chicago (2002),,https://letterboxd.com/film/chicago/,2026-05-25T15:46:49+00:00
movie_983536abceb3,Whale Rider (2002),,https://letterboxd.com/film/whale-rider/,2026-05-25T15:49:01+00:00
movie_6053b6a72f00,Slay (2024),,https://letterboxd.com/film/slay-2024/,2026-05-25T15:49:09+00:00
movie_be273cc392eb,Violent Night (2022),,https://letterboxd.com/film/violent-night/,2026-05-25T15:49:09+00:00
movie_81ba518784c1,Class Action Park (2020),,https://letterboxd.com/film/class-action-park/,2026-05-25T15:49:09+00:00
movie_4f6732adc56c,Tiger King (2020),,https://letterboxd.com/film/tiger-king/,2026-05-25T15:49:09+00:00
movie_520126693aa9,Underwater (2020),,https://letterboxd.com/film/underwater-2020/,2026-05-25T15:49:09+00:00
movie_665b75834d93,Carrie,,,2026-05-25T15:49:17+00:00
movie_c8ab3aad683c,Ella McCay (2025),,https://letterboxd.com/film/ella-mccay/,2026-05-25T15:50:09+00:00
movie_7d2d64f4ca4b,The Killer (2024),,https://letterboxd.com/film/the-killer-2024/,2026-05-25T15:50:09+00:00
movie_d6c5524f29ad,Small Things Like These (2024),,https://letterboxd.com/film/small-things-like-these/,2026-05-25T15:50:09+00:00
movie_7f139205f949,Leo (2023),,https://letterboxd.com/film/leo-2023/,2026-05-25T15:50:09+00:00
movie_0d5f860a15eb,Chicken Run: Dawn of the Nugget (2023),,https://letterboxd.com/film/chicken-run-dawn-of-the-nugget/,2026-05-25T15:50:09+00:00
movie_58b874f27e45,28 Days Later,,,2026-05-25T15:50:50+00:00
movie_fd45ebeee921,Train to Busan,,,2026-05-25T15:51:15+00:00
movie_d9403b369a7c,Wicked: For Good,,,2026-05-25T15:51:19+00:00
movie_3b35c82bddf3,A Quiet Place: Day One,,,2026-05-25T15:51:33+00:00
movie_0760f3fabd07,The Usual Suspects,,,2026-05-25T15:52:06+00:00
movie_6f91cbda9e79,Evil Dead II,,,2026-05-25T15:52:48+00:00
movie_5d73236b9f20,Evil Dead II (1987),,https://letterboxd.com/film/evil-dead-ii/,2026-05-25T15:52:48+00:00
movie_eda66d0cfbdc,Borderline (2025),,https://letterboxd.com/film/borderline-2025/,2026-05-25T15:52:56+00:00
movie_e9513eb1d9f2,The Shadow Strays (2024),,https://letterboxd.com/film/the-shadow-strays/,2026-05-25T15:52:57+00:00
movie_4555d5c569bc,Afraid (2024),,https://letterboxd.com/film/afraid-2024-1/,2026-05-25T15:52:57+00:00
movie_dd44c5561eda,Ricky Stanicky (2024),,https://letterboxd.com/film/ricky-stanicky/,2026-05-25T15:52:57+00:00
movie_316e340489ff,Humanist Vampire Seeking Consenting Suicidal Person (2023),,https://letterboxd.com/film/humanist-vampire-seeking-consenting-suicidal-person/,2026-05-25T15:52:57+00:00
movie_42fb1d75e5db,The Boogeyman (2023),,https://letterboxd.com/film/the-boogeyman/,2026-05-25T15:52:57+00:00
movie_5926c1a0fbca,Lars and the Real Girl,,,2026-05-25T15:53:01+00:00
movie_a988c41dd41d,The Place Beyond the Pines,,,2026-05-25T15:53:28+00:00
movie_ef58dd240816,Only Lovers Left Alive,,,2026-05-25T15:53:51+00:00
movie_163bb8ca75c2,Only Lovers Left Alive (2013),,https://letterboxd.com/film/only-lovers-left-alive/,2026-05-25T15:53:51+00:00
movie_48ce0b3f32a7,The History of Sound (2025),,https://letterboxd.com/film/the-history-of-sound/,2026-05-25T15:53:59+00:00
movie_04ec2b98f46a,Magic Farm (2025),,https://letterboxd.com/film/magic-farm/,2026-05-25T15:53:59+00:00
movie_06374119a4c5,Bird (2024),,https://letterboxd.com/film/bird-2024/,2026-05-25T15:53:59+00:00
movie_77426a2013bf,The Square (2017),,https://letterboxd.com/film/the-square-2017/,2026-05-25T15:53:59+00:00
movie_43e6ef4d62ba,Twin Peaks: The Return (2017),,https://letterboxd.com/film/twin-peaks-the-return/,2026-05-25T15:53:59+00:00
movie_965dbb62a5ce,Spring Breakers (2012),,https://letterboxd.com/film/spring-breakers/,2026-05-25T15:53:59+00:00
movie_b85118d0e14f,Carnage (2011),,https://letterboxd.com/film/carnage/,2026-05-25T15:53:59+00:00
movie_45be34635e5b,Melancholia (2011),,https://letterboxd.com/film/melancholia/,2026-05-25T15:53:59+00:00
movie_440803f594d4,Aftersun,,,2026-05-25T15:54:02+00:00
movie_bad5b3e85f9d,Ocean's Eleven,,,2026-05-25T15:54:22+00:00
movie_6edfd2652778,Enchanted,,,2026-05-25T15:54:45+00:00
movie_0f9fb3d811ab,Ella Enchanted (2004),,https://letterboxd.com/film/ella-enchanted/,2026-05-25T15:54:45+00:00
movie_265a21208ddb,Little Women (1994),,https://letterboxd.com/film/little-women-1994/,2026-05-25T15:54:45+00:00
movie_62f18ef7a595,Mare of Easttown (2021),,https://letterboxd.com/film/mare-of-easttown/,2026-05-25T15:54:52+00:00
movie_452be02f804b,The Undoing (2020),,https://letterboxd.com/film/the-undoing/,2026-05-25T15:54:52+00:00
movie_89d4eac68966,Wicked,,,2026-05-25T15:55:40+00:00
movie_8c2ea21a30f1,My Little Pony: Equestria Girls – Rainbow Rocks (2014),,https://letterboxd.com/film/my-little-pony-equestria-girls-rainbow-rocks/,2026-05-25T15:55:40+00:00
movie_3a220584bfab,Puella Magi Madoka Magica (2011),,https://letterboxd.com/film/puella-magi-madoka-magica/,2026-05-25T15:55:40+00:00
movie_4ea28452d72a,Borat: Cultural Learnings of America for Make Benefit Glorious Nation of Kazakhstan,,,2026-05-25T15:56:26+00:00
movie_12145a48f4c4,Raging Bull (1980),,https://letterboxd.com/film/raging-bull/,2026-05-25T15:56:34+00:00
movie_7dc69d47b1db,Beautiful Boy,,,2026-05-25T15:58:06+00:00
movie_0af8405ab995,A Monster Calls (2016),,https://letterboxd.com/film/a-monster-calls/,2026-05-25T15:58:06+00:00
movie_684055bbb2af,Fire of Love (2022),,https://letterboxd.com/film/fire-of-love-2022/,2026-05-25T15:58:13+00:00
movie_0613b61435bc,The Alpinist (2021),,https://letterboxd.com/film/the-alpinist/,2026-05-25T15:58:13+00:00
movie_199df8d908b4,Ne Zha (2019),,https://letterboxd.com/film/ne-zha/,2026-05-25T15:58:13+00:00
movie_574c14736df0,Me and Earl and the Dying Girl (2015),,https://letterboxd.com/film/me-and-earl-and-the-dying-girl/,2026-05-25T15:58:13+00:00
movie_391cc4d1a0f6,5 Centimeters per Second (2007),,https://letterboxd.com/film/5-centimeters-per-second/,2026-05-25T15:58:13+00:00
movie_34b0534b4214,Freedom Writers (2007),,https://letterboxd.com/film/freedom-writers/,2026-05-25T15:58:13+00:00
movie_08e0c833b82c,Click (2006),,https://letterboxd.com/film/click/,2026-05-25T15:58:13+00:00
movie_1cb65e4cb593,Den of Thieves 2: Pantera (2025),,https://letterboxd.com/film/den-of-thieves-2-pantera/,2026-05-25T15:59:02+00:00
movie_45873447f064,Fly Me to the Moon (2024),,https://letterboxd.com/film/fly-me-to-the-moon-2024/,2026-05-25T15:59:02+00:00
movie_6a4c30ae6a58,Batman: Hush (2019),,https://letterboxd.com/film/batman-hush/,2026-05-25T15:59:02+00:00
movie_cda502ce4562,I Am Mother (2019),,https://letterboxd.com/film/i-am-mother/,2026-05-25T15:59:02+00:00
movie_2d711037d822,The Christmas Chronicles (2018),,https://letterboxd.com/film/the-christmas-chronicles/,2026-05-25T15:59:02+00:00
movie_e8a2652e2ab6,Goosebumps 2: Haunted Halloween (2018),,https://letterboxd.com/film/goosebumps-2-haunted-halloween/,2026-05-25T15:59:02+00:00
movie_226bcca18c94,Groot's Pursuit (2022),,https://letterboxd.com/film/groots-pursuit/,2026-05-25T16:00:51+00:00
movie_0d8b5646d206,Groot Takes a Bath (2022),,https://letterboxd.com/film/groot-takes-a-bath/,2026-05-25T16:00:51+00:00
movie_9a561e6e31da,The Little Guy (2022),,https://letterboxd.com/film/the-little-guy/,2026-05-25T16:00:51+00:00
movie_3177007349b2,Groot's First Steps (2022),,https://letterboxd.com/film/groots-first-steps/,2026-05-25T16:00:51+00:00
movie_f85945cb977e,Magnum Opus (2022),,https://letterboxd.com/film/magnum-opus-2022/,2026-05-25T16:00:51+00:00
movie_3f9084c142c9,The Boss Baby: Family Business (2021),,https://letterboxd.com/film/the-boss-baby-family-business/,2026-05-25T16:00:51+00:00
movie_9bc237a32e6f,Tom Clancy's Without Remorse (2021),,https://letterboxd.com/film/tom-clancys-without-remorse/,2026-05-25T16:00:51+00:00
movie_cce7f1b233a3,Perfect Days,,,2026-05-25T16:02:13+00:00
movie_9ca9c3f508ca,Sound of Falling (2025),,https://letterboxd.com/film/sound-of-falling/,2026-05-25T16:02:21+00:00
movie_5a41302b66c7,Isi & Ossi (2020),,https://letterboxd.com/film/isi-ossi/,2026-05-25T16:02:21+00:00
movie_507718b478d1,System Crasher (2019),,https://letterboxd.com/film/system-crasher/,2026-05-25T16:02:21+00:00
movie_c113fa5f794d,Set It Up (2018),,https://letterboxd.com/film/set-it-up/,2026-05-25T16:02:21+00:00
movie_6c3f8cc3a6ab,Nerve (2016),,https://letterboxd.com/film/nerve-2016/,2026-05-25T16:02:21+00:00
movie_23e47f5c49a3,Who Am I (2014),,https://letterboxd.com/film/who-am-i-2014/,2026-05-25T16:02:21+00:00
movie_767315623554,The Other Woman (2014),,https://letterboxd.com/film/the-other-woman-2014/,2026-05-25T16:02:21+00:00
movie_056807a68306,Suck Me Shakespeer (2013),,https://letterboxd.com/film/suck-me-shakespeer/,2026-05-25T16:02:21+00:00
movie_2b02baec11f7,The Book Thief (2013),,https://letterboxd.com/film/the-book-thief/,2026-05-25T16:02:21+00:00
movie_817e2b543014,Memories of Murder,,,2026-05-25T16:02:59+00:00
movie_68fbf50486b4,Magazine Dreams (2023),,https://letterboxd.com/film/magazine-dreams/,2026-05-25T16:03:06+00:00
movie_fa84b0246b62,13 Going on 30,,,2026-05-25T16:04:49+00:00
movie_c88e294af17f,Balls Up,,,2026-05-25T16:04:58+00:00
movie_cb443e127a19,The Lost Children (2024),,https://letterboxd.com/film/the-lost-children-2024/,2026-05-25T16:05:47+00:00
movie_26ccbeb125ee,Ant-Man and the Wasp: Quantumania,,,2026-05-25T16:07:16+00:00
movie_a4e32d0662f2,Harry Potter and the Order of the Phoenix,,,2026-05-25T16:08:34+00:00
movie_b6d958d0c25e,Dune,,,2026-05-25T16:09:22+00:00
movie_2d5f600a160b,The Craft,,,2026-05-25T16:11:57+00:00
movie_dc48070bbbae,Little Women,,,2026-05-25T16:12:55+00:00
movie_f9e59cdcd206,Love Actually (2003),,https://letterboxd.com/film/love-actually/,2026-05-25T16:13:02+00:00
movie_1d9ae4a2b527,Look Back,,,2026-05-25T16:14:40+00:00
movie_b3f955b66906,The Strange Thing About the Johnsons (2011),,https://letterboxd.com/film/the-strange-thing-about-the-johnsons/,2026-05-25T16:14:40+00:00
movie_fe09cddeb523,Heathers (1989),,https://letterboxd.com/film/heathers/,2026-05-25T16:14:40+00:00
movie_d38db8882ac6,Come and See (1985),,https://letterboxd.com/film/come-and-see/,2026-05-25T16:14:40+00:00
movie_36df83339bb7,All Quiet on the Western Front (1930),,https://letterboxd.com/film/all-quiet-on-the-western-front/,2026-05-25T16:14:41+00:00
movie_bb2de130528d,The Outsiders (1983),,https://letterboxd.com/film/the-outsiders/,2026-05-25T16:15:31+00:00
movie_df4f782aaee6,UNTAMED (2025),,https://letterboxd.com/film/untamed-2025-1/,2026-05-25T16:16:22+00:00
movie_73eac331dbf3,Echo Valley (2025),,https://letterboxd.com/film/echo-valley/,2026-05-25T16:16:22+00:00
movie_de1ec8f053fb,Stans (2025),,https://letterboxd.com/film/stans/,2026-05-25T16:16:22+00:00
movie_1a328dc8c796,Miroirs No. 3 (2025),,https://letterboxd.com/film/miroirs-no-3/,2026-05-25T16:16:22+00:00
movie_bd59a76c4e65,Amrum (2025),,https://letterboxd.com/film/amrum/,2026-05-25T16:16:22+00:00
movie_8a27edec3080,Apartment 7A (2024),,https://letterboxd.com/film/apartment-7a/,2026-05-25T16:16:22+00:00
movie_25ad540e5fb3,Eden (2024),,https://letterboxd.com/film/eden-2024/,2026-05-25T16:16:22+00:00
movie_decbd9b9a02a,The Instigators (2024),,https://letterboxd.com/film/the-instigators/,2026-05-25T16:16:22+00:00
movie_8c9c8a57bf97,Hot Summer Nights,,,2026-05-25T16:16:51+00:00
movie_b77efddfed22,The Book of Life (2014),,https://letterboxd.com/film/the-book-of-life-2014/,2026-05-25T16:17:15+00:00
movie_5fde2c492f8f,Atlantis: The Lost Empire (2001),,https://letterboxd.com/film/atlantis-the-lost-empire/,2026-05-25T16:17:15+00:00
movie_555b4a830ba1,Silver Linings Playbook,,,2026-05-25T16:17:47+00:00
movie_186aa6252049,Rose (2026),,https://letterboxd.com/film/rose-2026/,2026-05-25T16:18:18+00:00
movie_222d8eed7ac4,Four Daughters (2023),,https://letterboxd.com/film/four-daughters-2023/,2026-05-25T16:18:18+00:00
movie_fc93245895c4,Ponniyin Selvan: Part II (2023),,https://letterboxd.com/film/ponniyin-selvan-part-ii/,2026-05-25T16:18:18+00:00
movie_00622c068b5f,Ponniyin Selvan: Part I (2022),,https://letterboxd.com/film/ponniyin-selvan-part-i/,2026-05-25T16:18:18+00:00
movie_3bcfc27275b0,Memoria (2021),,https://letterboxd.com/film/memoria-2021/,2026-05-25T16:18:18+00:00
movie_4b96f723bd55,The Act of Killing (2012),,https://letterboxd.com/film/the-act-of-killing/,2026-05-25T16:18:18+00:00
movie_8c34bf77fd07,Hugo (2011),,https://letterboxd.com/film/hugo/,2026-05-25T16:18:18+00:00
movie_c6a66d21bddd,The Turin Horse (2011),,https://letterboxd.com/film/the-turin-horse/,2026-05-25T16:18:18+00:00
movie_932d32781330,The White Ribbon (2009),,https://letterboxd.com/film/the-white-ribbon/,2026-05-25T16:18:18+00:00
movie_219915b54a2a,Indiana Jones and the Kingdom of the Crystal Skull (2008),,https://letterboxd.com/film/indiana-jones-and-the-kingdom-of-the-crystal-skull/,2026-05-25T16:18:18+00:00
movie_bfb8b1367511,War of the Worlds (2005),,https://letterboxd.com/film/war-of-the-worlds/,2026-05-25T16:18:18+00:00
movie_dcd5d44dab4d,Match Point (2005),,https://letterboxd.com/film/match-point/,2026-05-25T16:18:18+00:00
movie_665b68032a1f,The Aviator (2004),,https://letterboxd.com/film/the-aviator/,2026-05-25T16:18:18+00:00
movie_b3b6c48278f6,Eternal Sunshine of the Spotless Mind,,,2026-05-25T16:18:54+00:00
movie_3823b4d78872,Lilo & Stitch,,,2026-05-25T16:19:06+00:00
movie_6779a4bfde9e,Soyut Dışavurumcu Bir Dostluğun Anatomisi Veyahut Yan Yana (2025),,https://letterboxd.com/film/soyut-dsavurumcu-bir-dostlugun-anatomisi/,2026-05-25T16:19:58+00:00
movie_8c32a73a18c7,Play Dirty (2025),,https://letterboxd.com/film/play-dirty-2025-1/,2026-05-25T16:19:58+00:00
movie_41d522da9068,Star Wars: Tales of the Underworld (2025),,https://letterboxd.com/film/star-wars-tales-of-the-underworld-2025/,2026-05-25T16:19:58+00:00
movie_4ecc860a481c,Cooked (2025),,https://letterboxd.com/film/cooked-2025/,2026-05-25T16:19:58+00:00
movie_0f9362c43401,The Witcher: Sirens of the Deep (2025),,https://letterboxd.com/film/the-witcher-sirens-of-the-deep/,2026-05-25T16:19:58+00:00
movie_1b67b829fe32,Piece By Piece (2024),,https://letterboxd.com/film/piece-by-piece-2024/,2026-05-25T16:19:58+00:00
movie_3a1d9366509f,"I, Tonya",,,2026-05-25T16:20:02+00:00
movie_df5edf9b0ae6,Bridge to Terabithia,,,2026-05-25T16:20:50+00:00
movie_7991adf396c3,Marrowbone,,,2026-05-25T16:20:59+00:00
movie_235007f96605,The Thing,,,2026-05-25T16:21:38+00:00
movie_db918c8c10dc,Don't Breathe (2016),,https://letterboxd.com/film/dont-breathe-2016/,2026-05-25T16:21:45+00:00
movie_65d7d1b24b01,Curse of Chucky (2013),,https://letterboxd.com/film/curse-of-chucky/,2026-05-25T16:21:45+00:00
movie_ba46957a5d4d,Evil Dead (2013),,https://letterboxd.com/film/evil-dead/,2026-05-25T16:21:45+00:00
movie_140c3a62d4fc,Final Destination 5 (2011),,https://letterboxd.com/film/final-destination-5/,2026-05-25T16:21:45+00:00
movie_a8130777679f,The Master and Margarita (2024),,https://letterboxd.com/film/the-master-and-margarita-2024/,2026-05-25T16:23:23+00:00
movie_3ee271fd6cc3,Better Off Dead (2025),,https://letterboxd.com/film/better-off-dead-2025/,2026-05-26T02:29:54+00:00
movie_1267b952b5d8,That's My Boy (2012),,https://letterboxd.com/film/thats-my-boy-2012/,2026-05-26T02:29:54+00:00
movie_255522083e25,Together,,,2026-05-26T02:30:41+00:00
movie_1caf518ec10c,Hell House LLC II: The Abaddon Hotel (2018),,https://letterboxd.com/film/hell-house-llc-ii-the-abaddon-hotel/,2026-05-26T02:30:47+00:00
movie_9729e8b78ac7,Ghostland (2018),,https://letterboxd.com/film/ghostland/,2026-05-26T02:30:47+00:00
movie_2c948fdc0146,Thesis,,,2026-05-26T02:31:03+00:00
movie_b06905737c5a,The Room (2003),,https://letterboxd.com/film/the-room/,2026-05-26T02:31:44+00:00
movie_7c23b4ed6b5e,Funny Games (1997),,https://letterboxd.com/film/funny-games/,2026-05-26T02:31:44+00:00
movie_9fff613695db,The 40 Year Old Virgin,,,2026-05-26T02:31:47+00:00
movie_a6751fc915ec,My Girl (1991),,https://letterboxd.com/film/my-girl/,2026-05-26T02:32:27+00:00
movie_60eb42466683,Babo: The Haftbefehl Story (2025),,https://letterboxd.com/film/babo-the-haftbefehl-story/,2026-05-26T02:33:28+00:00
movie_3efbb43b7fff,The Tank (2025),,https://letterboxd.com/film/the-tank-2025/,2026-05-26T02:33:28+00:00
movie_0fd3dcbb87ec,Chantal in Fairyland (2024),,https://letterboxd.com/film/chantal-in-fairyland/,2026-05-26T02:33:28+00:00
movie_05334fa10e5c,Shiny_Flakes: The Teenage Drug Lord (2021),,https://letterboxd.com/film/shiny_flakes-the-teenage-drug-lord/,2026-05-26T02:33:28+00:00
movie_290f04b4f4f4,The Perfect Secret (2019),,https://letterboxd.com/film/the-perfect-secret/,2026-05-26T02:33:28+00:00
movie_fef6f7664405,Before the Fall (2004),,https://letterboxd.com/film/before-the-fall/,2026-05-26T02:33:28+00:00
movie_d0b87f7aca86,Dirty Dancing (1987),,https://letterboxd.com/film/dirty-dancing/,2026-05-26T02:33:28+00:00
movie_b20956a2be32,Harry Potter 20th Anniversary: Return to Hogwarts (2022),,https://letterboxd.com/film/harry-potter-20th-anniversary-return-to-hogwarts/,2026-05-26T02:34:11+00:00
movie_15adde915681,Yi Yi,,,2026-05-26T02:34:15+00:00
movie_01caca063f98,JoJo's Bizarre Adventure: Steel Ball Run,,,2026-05-26T02:35:08+00:00
movie_8987545bbcfa,JoJo's Bizarre Adventure: Steel Ball Run (2026),,https://letterboxd.com/film/steel-ball-run-jojos-bizarre-adventure-2026/,2026-05-26T02:35:08+00:00
movie_7691a013417f,JoJo's Bizarre Adventure: Golden Wind (2018),,https://letterboxd.com/film/jojos-bizarre-adventure-golden-wind/,2026-05-26T02:35:08+00:00
movie_6c54b5cf5475,BoJack Horseman Christmas Special: Sabrina's Christmas Wish (2014),,https://letterboxd.com/film/bojack-horseman-christmas-special-sabrinas/,2026-05-26T02:35:08+00:00
movie_5652d87ad163,JoJo's Bizarre Adventure: Stardust Crusaders (2014),,https://letterboxd.com/film/jojos-bizarre-adventure-stardust-crusaders/,2026-05-26T02:35:08+00:00
movie_a8bbf4076132,Mother (2009),,https://letterboxd.com/film/mother-2009/,2026-05-26T02:35:09+00:00
movie_65706db17b5d,Bride of Chucky (1998),,https://letterboxd.com/film/bride-of-chucky/,2026-05-26T02:35:09+00:00
movie_1aec1a1209ae,Berserk (1997),,https://letterboxd.com/film/berserk-1997/,2026-05-26T02:35:09+00:00
movie_9019f2527835,Scent of a Woman,,,2026-05-26T02:35:31+00:00
movie_80ee470571cd,GoodFellas,,,2026-05-26T02:35:55+00:00
movie_42f90fd2decb,Cherry (2021),,https://letterboxd.com/film/cherry-2021/,2026-05-26T02:36:02+00:00
movie_b95840611706,Becky (2020),,https://letterboxd.com/film/becky-2020/,2026-05-26T02:36:02+00:00
movie_48294c48c5c6,Knock Knock (2015),,https://letterboxd.com/film/knock-knock-2015/,2026-05-26T02:36:02+00:00
movie_ed2ce66a9c64,The Strangers (2008),,https://letterboxd.com/film/the-strangers/,2026-05-26T02:36:02+00:00
movie_5d9dca42e682,Past Lives,,,2026-05-26T02:36:48+00:00
movie_570194161ad0,mid90s,,,2026-05-26T02:37:15+00:00
movie_04320e1c4803,Normal People,,,2026-05-26T02:37:27+00:00
movie_1867aea083ca,Malignant (2021),,https://letterboxd.com/film/malignant-2021/,2026-05-26T02:39:41+00:00
movie_fcf67590a66b,Hustlers (2019),,https://letterboxd.com/film/hustlers-2019/,2026-05-26T02:39:42+00:00
movie_b7530a1c20a9,Into the Wild,,,2026-05-26T02:41:25+00:00
movie_be8a0e2ef595,Stormskerry Maja (2024),,https://letterboxd.com/film/stormskerry-maja/,2026-05-26T02:41:32+00:00
movie_871f4d7f1bf1,JUJUTSU KAISEN: Hidden Inventory / Premature Death - The Movie (2025),,https://letterboxd.com/film/jujutsu-kaisen-hidden-inventory-premature/,2026-05-26T02:43:04+00:00
movie_180ed43d8b72,Bungo Stray Dogs: Dead Apple (2018),,https://letterboxd.com/film/bungo-stray-dogs-dead-apple/,2026-05-26T02:43:04+00:00
movie_7341b1f44d22,"history of the entire world, i guess (2017)",,https://letterboxd.com/film/history-of-the-entire-world-i-guess/,2026-05-26T02:43:04+00:00
movie_0e2b689b7e33,Black Mirror: Shut Up and Dance (2016),,https://letterboxd.com/film/black-mirror-shut-up-and-dance/,2026-05-26T02:43:04+00:00
movie_77f03ef25fab,A Taxi Driver (2017),,https://letterboxd.com/film/a-taxi-driver/,2026-05-26T02:44:33+00:00
movie_d49258696710,Atomic Blonde (2017),,https://letterboxd.com/film/atomic-blonde/,2026-05-26T02:44:33+00:00
movie_3dd2e7b2617a,Descendants (2015),,https://letterboxd.com/film/descendants-2015/,2026-05-26T02:44:33+00:00
movie_377d347c96d2,The Watch (2012),,https://letterboxd.com/film/the-watch-2012/,2026-05-26T02:44:33+00:00
movie_5f31ec3c060c,Human Resource (2025),,https://letterboxd.com/film/human-resource/,2026-05-26T02:45:20+00:00
movie_1426e80c6fa2,Love in the Big City (2024),,https://letterboxd.com/film/love-in-the-big-city/,2026-05-26T02:45:20+00:00
movie_e3bb9994e4b8,The Paradise of Thorns (2024),,https://letterboxd.com/film/the-paradise-of-thorns/,2026-05-26T02:45:20+00:00
movie_61a2ac23e4b7,Happy Old Year (2019),,https://letterboxd.com/film/happy-old-year/,2026-05-26T02:45:20+00:00
movie_24a09f112159,Bad Genius (2017),,https://letterboxd.com/film/bad-genius/,2026-05-26T02:45:20+00:00
movie_9b3d6ed4f5bb,Citizen Dog (2004),,https://letterboxd.com/film/citizen-dog/,2026-05-26T02:45:20+00:00
movie_f939fe07f0d5,Shutter (2004),,https://letterboxd.com/film/shutter/,2026-05-26T02:45:20+00:00
movie_f0015f4f4ed4,Suicide Squad,,,2026-05-26T02:46:08+00:00
movie_c5c9ed553d95,Mia (2023),,https://letterboxd.com/film/mia-2023/,2026-05-26T02:46:16+00:00
movie_19c279721b12,Spider-Man: All Roads Lead to No Way Home (2022),,https://letterboxd.com/film/spider-man-all-roads-lead-to-no-way-home/,2026-05-26T02:46:16+00:00
movie_0dfcc4e306a7,To the Bone (2017),,https://letterboxd.com/film/to-the-bone-2017/,2026-05-26T02:46:16+00:00
movie_ecfa4bff6992,Twin Peaks: The Missing Pieces (2014),,https://letterboxd.com/film/twin-peaks-the-missing-pieces/,2026-05-26T02:46:16+00:00
movie_939d255290ab,Megan Is Missing (2011),,https://letterboxd.com/film/megan-is-missing/,2026-05-26T02:46:16+00:00
movie_e6e662c90841,Scream 4 (2011),,https://letterboxd.com/film/scream-4/,2026-05-26T02:46:16+00:00
movie_1acd17df7f93,Saw 3D (2010),,https://letterboxd.com/film/saw-3d/,2026-05-26T02:46:16+00:00
movie_4a1b8b6e8520,Saw VI (2009),,https://letterboxd.com/film/saw-vi/,2026-05-26T02:46:16+00:00
movie_351581fa0acf,Saw V (2008),,https://letterboxd.com/film/saw-v/,2026-05-26T02:46:16+00:00
movie_029c6ee155eb,Saw IV (2007),,https://letterboxd.com/film/saw-iv/,2026-05-26T02:46:16+00:00
movie_8925a163aa95,The Basketball Diaries,,,2026-05-26T02:46:23+00:00
movie_b89fd541c1b8,Song of the Sea,,,2026-05-26T02:47:05+00:00
movie_c90fa7f3ca6d,The Cat Returns (2002),,https://letterboxd.com/film/the-cat-returns/,2026-05-26T02:47:13+00:00
movie_cc5b75706c84,Chicken Run (2000),,https://letterboxd.com/film/chicken-run/,2026-05-26T02:47:13+00:00
movie_19caf14236ae,Ocean Waves (1993),,https://letterboxd.com/film/ocean-waves/,2026-05-26T02:47:13+00:00
movie_8bff1a54e3cb,Only Yesterday (1991),,https://letterboxd.com/film/only-yesterday/,2026-05-26T02:47:13+00:00
movie_7a8bd29b53e6,My Own Private Idaho (1991),,https://letterboxd.com/film/my-own-private-idaho/,2026-05-26T02:47:13+00:00
movie_0af0353c18d5,Resident Evil: The Final Chapter (2016),,https://letterboxd.com/film/resident-evil-the-final-chapter/,2026-05-26T02:48:08+00:00
movie_9154fa344577,Resident Evil: Retribution (2012),,https://letterboxd.com/film/resident-evil-retribution/,2026-05-26T02:48:08+00:00
movie_2c532a3ba778,Resident Evil: Afterlife (2010),,https://letterboxd.com/film/resident-evil-afterlife/,2026-05-26T02:48:08+00:00
movie_c966ecff35e7,Resident Evil: Extinction (2007),,https://letterboxd.com/film/resident-evil-extinction/,2026-05-26T02:48:08+00:00
movie_e8691f583052,Resident Evil: Apocalypse (2004),,https://letterboxd.com/film/resident-evil-apocalypse/,2026-05-26T02:48:08+00:00
movie_3cac7e5018a1,Resident Evil (2002),,https://letterboxd.com/film/resident-evil/,2026-05-26T02:48:08+00:00
movie_446b218bc03f,The Revenant,,,2026-05-26T02:48:11+00:00
movie_c3613c9f1b75,Enola Holmes 3,,,2026-05-26T02:49:51+00:00
movie_195a13be5365,Enola Holmes 3 (2026),,https://letterboxd.com/film/enola-holmes-3/,2026-05-26T02:49:51+00:00
movie_225013e41ec2,The Garfield Movie (2024),,https://letterboxd.com/film/the-garfield-movie/,2026-05-26T02:49:51+00:00
movie_0069c72ea1ec,365 Days: This Day (2022),,https://letterboxd.com/film/365-days-this-day/,2026-05-26T02:49:51+00:00
movie_897072a55fd6,YES DAY (2021),,https://letterboxd.com/film/yes-day/,2026-05-26T02:49:51+00:00
movie_80770003cadd,Hot Summer Nights (2017),,https://letterboxd.com/film/hot-summer-nights/,2026-05-26T02:50:40+00:00
movie_7fa36a842808,The To Do List (2013),,https://letterboxd.com/film/the-to-do-list/,2026-05-26T02:50:40+00:00
movie_5ad1c16b7325,The Way Way Back (2013),,https://letterboxd.com/film/the-way-way-back/,2026-05-26T02:50:40+00:00
movie_fd1433e92e03,Adventureland (2009),,https://letterboxd.com/film/adventureland/,2026-05-26T02:50:40+00:00
movie_f7e0f149171f,Forgetting Sarah Marshall (2008),,https://letterboxd.com/film/forgetting-sarah-marshall/,2026-05-26T02:50:40+00:00
movie_a209eeb86b4f,Hot Rod (2007),,https://letterboxd.com/film/hot-rod/,2026-05-26T02:50:40+00:00
movie_dedae461aec2,Zathura: A Space Adventure (2005),,https://letterboxd.com/film/zathura-a-space-adventure/,2026-05-26T02:50:40+00:00
movie_06a7e2e8be6d,Almost Famous (2000),,https://letterboxd.com/film/almost-famous/,2026-05-26T02:50:40+00:00
movie_0145fbccbbe6,Speed (1994),,https://letterboxd.com/film/speed/,2026-05-26T02:50:40+00:00
movie_510158ec8074,Thelma & Louise (1991),,https://letterboxd.com/film/thelma-louise/,2026-05-26T02:50:40+00:00
movie_ca41e44eacaa,Ghostbusters (1984),,https://letterboxd.com/film/ghostbusters/,2026-05-26T02:50:40+00:00
movie_0b1f0bd66936,Civil War,,,2026-05-26T02:51:21+00:00
movie_4d819ade2800,Highest 2 Lowest (2025),,https://letterboxd.com/film/highest-2-lowest/,2026-05-26T02:51:27+00:00
movie_96988f89e1c4,No One Will Save You (2023),,https://letterboxd.com/film/no-one-will-save-you/,2026-05-26T02:51:27+00:00
movie_1220a3ba97aa,Dragon Ball Super: Super Hero (2022),,https://letterboxd.com/film/dragon-ball-super-super-hero/,2026-05-26T02:51:27+00:00
movie_94bbb402b028,The Interview,,,2026-05-26T02:52:47+00:00
movie_4914c6f91eb5,Scooby-Doo 2: Monsters Unleashed,,,2026-05-26T02:52:55+00:00
movie_8ec2d5568cbc,Jumanji,,,2026-05-26T02:53:19+00:00
movie_48d20b3eb55c,Meet the Fockers (2004),,https://letterboxd.com/film/meet-the-fockers/,2026-05-26T02:53:19+00:00
movie_b060e0631260,Meet the Leroys (2024),,https://letterboxd.com/film/meet-the-leroys/,2026-05-26T02:53:26+00:00
movie_72c51e2b8424,Jack Mimoun & the Secrets of Val Verde (2022),,https://letterboxd.com/film/jack-mimoun-the-secrets-of-val-verde/,2026-05-26T02:53:26+00:00
movie_fa4ee438981b,Finch (2021),,https://letterboxd.com/film/finch/,2026-05-26T02:53:26+00:00
movie_b9f72218b8b6,The Hitman's Bodyguard (2017),,https://letterboxd.com/film/the-hitmans-bodyguard/,2026-05-26T02:53:26+00:00
movie_5ba93003d647,Jason Bourne (2016),,https://letterboxd.com/film/jason-bourne/,2026-05-26T02:53:26+00:00
movie_d89d97b4ed57,"Hail, Caesar! (2016)",,https://letterboxd.com/film/hail-caesar-2016/,2026-05-26T02:53:26+00:00
movie_922235f4d4c1,Dumb and Dumber To (2014),,https://letterboxd.com/film/dumb-and-dumber-to/,2026-05-26T02:53:26+00:00
movie_fd0f7d34cbc7,The Bélier Family (2014),,https://letterboxd.com/film/the-belier-family/,2026-05-26T02:53:26+00:00
movie_0d0f1330f2a5,Saving Mr. Banks (2013),,https://letterboxd.com/film/saving-mr-banks/,2026-05-26T02:53:27+00:00
movie_50ff682829c4,Captain Phillips (2013),,https://letterboxd.com/film/captain-phillips/,2026-05-26T02:53:27+00:00
movie_4dbd2a3df9d6,Gravity (2013),,https://letterboxd.com/film/gravity-2013/,2026-05-26T02:53:27+00:00
movie_a9b12f8a709f,Emerald Green (2016),,https://letterboxd.com/film/emerald-green/,2026-05-26T02:54:20+00:00
movie_cadb45d0addd,The Boxtrolls (2014),,https://letterboxd.com/film/the-boxtrolls/,2026-05-26T02:54:20+00:00
movie_79eec56e75db,In Time (2011),,https://letterboxd.com/film/in-time/,2026-05-26T02:54:20+00:00
movie_b389ee022664,Red Riding Hood (2011),,https://letterboxd.com/film/red-riding-hood-2011/,2026-05-26T02:54:20+00:00
movie_8b487b0442a6,Chloe (2009),,https://letterboxd.com/film/chloe/,2026-05-26T02:54:20+00:00
movie_35429f530903,A Quiet Place,,,2026-05-26T02:54:24+00:00
movie_acd8346e9c6c,Reality Check: Inside America's Next Top Model (2026),,https://letterboxd.com/film/reality-check-inside-americas-next-top-model/,2026-05-26T02:55:17+00:00
movie_4848534867d3,Keeper (2025),,https://letterboxd.com/film/keeper-2025/,2026-05-26T02:55:17+00:00
movie_e93dbfe350f9,Night Always Comes (2025),,https://letterboxd.com/film/night-always-comes/,2026-05-26T02:55:17+00:00
movie_9aa808ac623a,Lurker (2025),,https://letterboxd.com/film/lurker-2025/,2026-05-26T02:55:17+00:00
movie_fc252367ad5b,TÁR,,,2026-05-26T02:55:21+00:00
movie_72f9c5fff7df,NANA,,,2026-05-26T02:56:01+00:00
movie_c614ba42db6f,NANA (2006),,https://letterboxd.com/film/nana-2006/,2026-05-26T02:56:01+00:00
movie_8e853f1b9782,The Art of Sarah (2026),,https://letterboxd.com/film/the-art-of-sarah/,2026-05-26T02:56:08+00:00
movie_bda20c882ec0,Love Through a Prism (2026),,https://letterboxd.com/film/love-through-a-prism/,2026-05-26T02:56:08+00:00
movie_0f81a42cee10,Gravity,,,2026-05-26T02:57:05+00:00
movie_78517b8fddb1,John Wick,,,2026-05-26T02:57:09+00:00
movie_9648bd04921c,Home Alone 2: Lost in New York (1992),,https://letterboxd.com/film/home-alone-2-lost-in-new-york/,2026-05-26T02:58:38+00:00
movie_7f40b7935359,Moana,,,2026-05-26T02:59:47+00:00
movie_b033751b6489,"As Above, So Below",,,2026-05-26T02:59:51+00:00
movie_cf42dc178ccf,Tangled,,,2026-05-26T03:00:33+00:00
movie_5134d3cd5fd0,The Black Phone,,,2026-05-26T03:01:30+00:00
movie_0a477050249f,The Loved One,,,2026-05-26T03:03:09+00:00
movie_76d93751046b,The Loved One (2026),,https://letterboxd.com/film/the-loved-one-2026/,2026-05-26T03:03:09+00:00
movie_afd685d36869,Un/Happy for You (2024),,https://letterboxd.com/film/un-happy-for-you/,2026-05-26T03:03:16+00:00
movie_bce37ca12d50,The Walking Dead: The Ones Who Live (2024),,https://letterboxd.com/film/the-walking-dead-the-ones-who-live/,2026-05-26T03:03:16+00:00
movie_19f242385aa4,Crawl (2019),,https://letterboxd.com/film/crawl-2019/,2026-05-26T03:03:16+00:00
movie_f865e9b555bf,Geostorm (2017),,https://letterboxd.com/film/geostorm/,2026-05-26T03:03:16+00:00
movie_1a777edaa915,San Andreas (2015),,https://letterboxd.com/film/san-andreas/,2026-05-26T03:03:16+00:00
movie_ac8899062f98,"As Above, So Below (2014)",,https://letterboxd.com/film/as-above-so-below-2014/,2026-05-26T03:03:16+00:00
movie_4a9225ff626a,2012 (2009),,https://letterboxd.com/film/2012/,2026-05-26T03:03:16+00:00
movie_d50046a32467,Cloverfield (2008),,https://letterboxd.com/film/cloverfield/,2026-05-26T03:03:16+00:00
movie_448d12b0be9f,28 Weeks Later (2007),,https://letterboxd.com/film/28-weeks-later/,2026-05-26T03:03:16+00:00
movie_4d45f01e5c4e,Demon Slayer: Kimetsu no Yaiba Infinity Castle,,,2026-05-26T03:03:19+00:00
movie_acda2be245d0,Suzume,,,2026-05-26T03:04:50+00:00
movie_d0a6c7157475,"Lock, Stock and Two Smoking Barrels (1998)",,https://letterboxd.com/film/lock-stock-and-two-smoking-barrels/,2026-05-26T03:04:50+00:00
movie_6eb598aa4d36,The Basketball Diaries (1995),,https://letterboxd.com/film/the-basketball-diaries/,2026-05-26T03:04:50+00:00
movie_d23da12772fe,The Doom Generation (1995),,https://letterboxd.com/film/the-doom-generation/,2026-05-26T03:04:50+00:00
movie_95e2eab923cc,Bramayugam (2024),,https://letterboxd.com/film/bramayugam/,2026-05-26T03:05:39+00:00
movie_d537773fc801,After We Collided (2020),,https://letterboxd.com/film/after-we-collided/,2026-05-26T03:05:39+00:00
movie_2fd4518ae9ab,Two Prosecutors (2025),,https://letterboxd.com/film/two-prosecutors/,2026-05-26T03:06:25+00:00
movie_884016591ffe,Black Mirror: Eulogy (2025),,https://letterboxd.com/film/black-mirror-eulogy/,2026-05-26T03:06:25+00:00
movie_86695cbd6e85,Black Mirror: Bête Noire (2025),,https://letterboxd.com/film/black-mirror-bete-noire/,2026-05-26T03:06:25+00:00
movie_92e934e228c3,Black Mirror: Hotel Reverie (2025),,https://letterboxd.com/film/black-mirror-hotel-reverie/,2026-05-26T03:06:25+00:00
movie_a501ba96991b,The Match (2025),,https://letterboxd.com/film/the-match-2025/,2026-05-26T03:06:25+00:00
movie_3e930a87ea29,Mr. Nobody Against Putin (2025),,https://letterboxd.com/film/mr-nobody-against-putin/,2026-05-26T03:06:25+00:00
movie_2f116a1d1d7e,Toxic (2024),,https://letterboxd.com/film/toxic-2024/,2026-05-26T03:06:25+00:00
movie_98065deece9e,The Promised Land (2023),,https://letterboxd.com/film/the-promised-land-2023/,2026-05-26T03:06:25+00:00
movie_634925ea3346,Red Rooms (2023),,https://letterboxd.com/film/red-rooms/,2026-05-26T03:06:25+00:00
movie_6cc1aa8cff0b,Dopesick (2021),,https://letterboxd.com/film/dopesick/,2026-05-26T03:06:25+00:00
movie_968996e33b1a,Nitram (2021),,https://letterboxd.com/film/nitram/,2026-05-26T03:06:25+00:00
movie_62bb860ccbe9,Riders of Justice (2020),,https://letterboxd.com/film/riders-of-justice/,2026-05-26T03:06:25+00:00
movie_4d4209732e8f,The Secret Life of Walter Mitty,,,2026-05-26T03:07:04+00:00
movie_1fc4e1faf412,Elvis,,,2026-05-26T03:07:10+00:00
movie_851883b8b41b,The King's Speech (2010),,https://letterboxd.com/film/the-kings-speech/,2026-05-26T03:07:10+00:00
movie_d17e664527ae,Unforgiven (1992),,https://letterboxd.com/film/unforgiven/,2026-05-26T03:07:10+00:00
movie_dda51637ed51,The Untouchables (1987),,https://letterboxd.com/film/the-untouchables/,2026-05-26T03:07:10+00:00
movie_3593f523c14f,The Apartment (1960),,https://letterboxd.com/film/the-apartment/,2026-05-26T03:07:10+00:00
movie_93196a07eae5,Toc Toc (2017),,https://letterboxd.com/film/toc-toc-2017/,2026-05-26T03:07:59+00:00
movie_5bda2ed75729,The Boy (2016),,https://letterboxd.com/film/the-boy-2016/,2026-05-26T03:07:59+00:00
movie_7613346f197b,No Strings Attached (2011),,https://letterboxd.com/film/no-strings-attached/,2026-05-26T03:07:59+00:00
movie_38bae36ebd4a,Eat Pray Love (2010),,https://letterboxd.com/film/eat-pray-love/,2026-05-26T03:07:59+00:00
movie_51f0b57649e0,The Time Traveler's Wife (2009),,https://letterboxd.com/film/the-time-travelers-wife/,2026-05-26T03:07:59+00:00
movie_6c48f77582cf,Bolt (2008),,https://letterboxd.com/film/bolt/,2026-05-26T03:07:59+00:00
movie_9dc00aaa9f1f,Sex and the City (2008),,https://letterboxd.com/film/sex-and-the-city/,2026-05-26T03:07:59+00:00
movie_e768f3423cf6,Bee Movie (2007),,https://letterboxd.com/film/bee-movie/,2026-05-26T03:07:59+00:00
movie_686dc6ca1b25,Becoming Jane (2007),,https://letterboxd.com/film/becoming-jane/,2026-05-26T03:07:59+00:00
movie_e80397ee3f26,Ice Age: The Meltdown (2006),,https://letterboxd.com/film/ice-age-the-meltdown/,2026-05-26T03:07:59+00:00
movie_48865d702094,Just Like Heaven (2005),,https://letterboxd.com/film/just-like-heaven/,2026-05-26T03:07:59+00:00
movie_6ca493446430,Terminator Genisys (2015),,https://letterboxd.com/film/terminator-genisys/,2026-05-26T03:08:44+00:00
movie_a443e291e0e6,"OSS 117: Cairo, Nest of Spies (2006)",,https://letterboxd.com/film/oss-117-cairo-nest-of-spies/,2026-05-26T03:08:44+00:00
movie_19cc03544d7b,Hulk (2003),,https://letterboxd.com/film/hulk/,2026-05-26T03:08:44+00:00
movie_e4ae79adb3c9,Megamind vs. the Doom Syndicate (2024),,https://letterboxd.com/film/megamind-vs-the-doom-syndicate/,2026-05-26T03:11:04+00:00
movie_c8a833f8df29,Strange World (2022),,https://letterboxd.com/film/strange-world-2022/,2026-05-26T03:11:04+00:00
movie_610840263cdb,Zoolander 2 (2016),,https://letterboxd.com/film/zoolander-2/,2026-05-26T03:11:04+00:00
movie_c864889f9132,Meet the Robinsons (2007),,https://letterboxd.com/film/meet-the-robinsons/,2026-05-26T03:11:04+00:00
movie_025fb1a70bb9,Jeepers Creepers 2 (2003),,https://letterboxd.com/film/jeepers-creepers-2/,2026-05-26T03:11:04+00:00
movie_b38b6d9dd4df,Ghost Ship (2002),,https://letterboxd.com/film/ghost-ship/,2026-05-26T03:11:04+00:00
movie_8482f57dd9df,Unbreakable (2000),,https://letterboxd.com/film/unbreakable/,2026-05-26T03:11:04+00:00
movie_cbaa25aea279,Tarzan (1999),,https://letterboxd.com/film/tarzan/,2026-05-26T03:11:04+00:00
movie_0cfd36b4e322,A Few Good Men (1992),,https://letterboxd.com/film/a-few-good-men/,2026-05-26T03:11:04+00:00
movie_7c7f318f6022,Who Framed Roger Rabbit (1988),,https://letterboxd.com/film/who-framed-roger-rabbit/,2026-05-26T03:11:04+00:00
movie_c1f4d2ffdcc8,Bonnie and Clyde (1967),,https://letterboxd.com/film/bonnie-and-clyde/,2026-05-26T03:11:04+00:00
movie_80546cbf211d,When Harry Met Sally...,,,2026-05-26T03:11:41+00:00
movie_11a6e2d0fec7,Legally Blonde,,,2026-05-26T03:11:55+00:00
movie_2aee2973ebf7,The Dark Knight,,,2026-05-26T03:11:59+00:00
movie_ffdbefb5dc6f,Summer Ghost (2021),,https://letterboxd.com/film/summer-ghost/,2026-05-26T03:12:48+00:00
movie_8c94dabc0e02,The Dinner Game (1998),,https://letterboxd.com/film/the-dinner-game/,2026-05-26T03:12:48+00:00
movie_1cc30b1240a9,The Death of Superman (2018),,https://letterboxd.com/film/the-death-of-superman/,2026-05-26T03:13:42+00:00
movie_ec6cbfe8debd,Teen Titans: The Judas Contract (2017),,https://letterboxd.com/film/teen-titans-the-judas-contract/,2026-05-26T03:13:42+00:00
movie_4372c845dfd2,Regular Show: The Movie (2015),,https://letterboxd.com/film/regular-show-the-movie/,2026-05-26T03:13:42+00:00
movie_3dfd9f55f1f7,Justice League: War (2014),,https://letterboxd.com/film/justice-league-war/,2026-05-26T03:13:42+00:00
movie_4a1c7773db1f,Percy Jackson: Sea of Monsters (2013),,https://letterboxd.com/film/percy-jackson-sea-of-monsters/,2026-05-26T03:13:42+00:00
movie_7f32280d8724,Justice League: The Flashpoint Paradox (2013),,https://letterboxd.com/film/justice-league-the-flashpoint-paradox/,2026-05-26T03:13:42+00:00
movie_57d82f8172bb,The Heat (2013),,https://letterboxd.com/film/the-heat/,2026-05-26T03:13:42+00:00
movie_1f9fc563f361,The Smurfs (2011),,https://letterboxd.com/film/the-smurfs/,2026-05-26T03:13:42+00:00
movie_b27062d9c2a3,Horrible Bosses (2011),,https://letterboxd.com/film/horrible-bosses/,2026-05-26T03:13:42+00:00
movie_87b78fb5f21d,Green Lantern (2011),,https://letterboxd.com/film/green-lantern/,2026-05-26T03:13:42+00:00
movie_79c2d92f83bf,Bad Teacher (2011),,https://letterboxd.com/film/bad-teacher/,2026-05-26T03:13:42+00:00
movie_2d1d38215e8e,Melania (2026),,https://letterboxd.com/film/melania-2026/,2026-05-26T03:15:27+00:00
movie_1f1abceb26f6,Late Shift (2025),,https://letterboxd.com/film/late-shift-2025/,2026-05-26T03:15:27+00:00
movie_f234fd721830,Rebuilding (2025),,https://letterboxd.com/film/rebuilding/,2026-05-26T03:15:27+00:00
movie_c7f70a2b3d66,Grand Theft Hamlet (2024),,https://letterboxd.com/film/grand-theft-hamlet/,2026-05-26T03:15:27+00:00
movie_f15ae236e16a,Hundreds of Beavers (2022),,https://letterboxd.com/film/hundreds-of-beavers/,2026-05-26T03:15:27+00:00
movie_caae7340dc85,The People's Joker (2022),,https://letterboxd.com/film/the-peoples-joker/,2026-05-26T03:15:27+00:00
movie_82f9617ba9a4,Frank (2014),,https://letterboxd.com/film/frank-2014/,2026-05-26T03:15:27+00:00
movie_c47333bcbb18,Crash (1996),,https://letterboxd.com/film/crash/,2026-05-26T03:15:27+00:00
movie_603eb2727ad1,Clerks (1994),,https://letterboxd.com/film/clerks/,2026-05-26T03:15:27+00:00
movie_3baf2cf279ca,They Live (1988),,https://letterboxd.com/film/they-live/,2026-05-26T03:15:27+00:00
movie_84ce9732da57,Aliens (1986),,https://letterboxd.com/film/aliens/,2026-05-26T03:15:27+00:00
movie_377c3ba105b4,This Is Spinal Tap (1984),,https://letterboxd.com/film/this-is-spinal-tap/,2026-05-26T03:15:27+00:00
movie_b9aa0d70f89f,Black Mirror: Demon 79 (2023),,https://letterboxd.com/film/black-mirror-demon-79/,2026-05-26T03:16:17+00:00
movie_5a9f46bd35d6,Little Fish (2020),,https://letterboxd.com/film/little-fish-2020/,2026-05-26T03:16:17+00:00
movie_f0f82401df90,Black Mirror: Smithereens (2019),,https://letterboxd.com/film/black-mirror-smithereens/,2026-05-26T03:16:17+00:00
movie_3ac4d53e8c0d,Black Mirror: USS Callister (2017),,https://letterboxd.com/film/black-mirror-uss-callister/,2026-05-26T03:16:17+00:00
movie_443926254d77,Black Mirror: Hang the DJ (2017),,https://letterboxd.com/film/black-mirror-hang-the-dj/,2026-05-26T03:16:17+00:00
movie_49792c99a41f,Black Mirror: Hated in the Nation (2016),,https://letterboxd.com/film/black-mirror-hated-in-the-nation/,2026-05-26T03:16:17+00:00
movie_e6c2be613251,Black Mirror: White Christmas (2014),,https://letterboxd.com/film/black-mirror-white-christmas/,2026-05-26T03:16:17+00:00
movie_c8c9af3c15cc,Black Mirror: White Bear (2013),,https://letterboxd.com/film/black-mirror-white-bear/,2026-05-26T03:16:17+00:00
movie_e80b63f4f5b3,Black Mirror: The Entire History of You (2011),,https://letterboxd.com/film/black-mirror-the-entire-history-of-you/,2026-05-26T03:16:17+00:00
movie_5c9af2a68e2f,Black Mirror: Fifteen Million Merits (2011),,https://letterboxd.com/film/black-mirror-fifteen-million-merits/,2026-05-26T03:16:17+00:00
movie_44c294c63595,The Toxic Avenger (2023),,https://letterboxd.com/film/the-toxic-avenger-2023/,2026-05-26T03:17:11+00:00
movie_380bb204982f,Pokémon the Movie: Secrets of the Jungle (2020),,https://letterboxd.com/film/pokemon-the-movie-secrets-of-the-jungle/,2026-05-26T03:17:11+00:00
movie_84ec08a3f846,Pokémon the Movie: Mewtwo Strikes Back - Evolution (2019),,https://letterboxd.com/film/pokemon-the-movie-mewtwo-strikes-back-evolution/,2026-05-26T03:17:11+00:00
movie_90ac468520f6,Nobody Knows (2004),,https://letterboxd.com/film/nobody-knows/,2026-05-26T03:17:11+00:00
movie_16de748cbe2c,"South Park: Bigger, Longer & Uncut (1999)",,https://letterboxd.com/film/south-park-bigger-longer-uncut/,2026-05-26T03:17:11+00:00
movie_d5ac8fc05b6e,The Machinist (2004),,https://letterboxd.com/film/the-machinist/,2026-05-26T03:18:10+00:00
movie_dc0bf534c744,Bad Boys II (2003),,https://letterboxd.com/film/bad-boys-ii/,2026-05-26T03:18:10+00:00
movie_1132d5726fae,One Flew Over the Cuckoo's Nest,,,2026-05-26T03:18:13+00:00
movie_c7ca3ca1a88b,Howl's Moving Castle,,,2026-05-26T03:19:07+00:00
movie_db04a47bdaaf,Maharaja (2024),,https://letterboxd.com/film/maharaja-2024/,2026-05-26T03:20:47+00:00
movie_758f79edfcf6,Oddity (2024),,https://letterboxd.com/film/oddity-2024/,2026-05-26T03:20:47+00:00
movie_c6d5e8ee83f0,Doraemon the Movie: Nobita's Sky Utopia (2023),,https://letterboxd.com/film/doraemon-the-movie-nobitas-sky-utopia/,2026-05-26T03:20:47+00:00
movie_050368f2485c,Crayon Shin-chan the Movie: The Tornado Legend of Ninja Mononoke (2022),,https://letterboxd.com/film/crayon-shin-chan-the-movie-the-tornado-legend/,2026-05-26T03:20:47+00:00
movie_9c817e06f779,Made in Abyss: Dawn of the Deep Soul (2020),,https://letterboxd.com/film/made-in-abyss-dawn-of-the-deep-soul/,2026-05-26T03:20:48+00:00
movie_0a9ef62a00ba,The Art of Racing in the Rain (2019),,https://letterboxd.com/film/the-art-of-racing-in-the-rain/,2026-05-26T03:20:48+00:00
movie_3f71cef73e20,Super 30 (2019),,https://letterboxd.com/film/super-30/,2026-05-26T03:20:48+00:00
movie_9d01895a38e1,Kabir Singh (2019),,https://letterboxd.com/film/kabir-singh/,2026-05-26T03:20:48+00:00
movie_1d726172aa98,Badla (2019),,https://letterboxd.com/film/badla/,2026-05-26T03:20:48+00:00
movie_692d7a18bcb6,K.G.F: Chapter 1 (2018),,https://letterboxd.com/film/kgf-chapter-1/,2026-05-26T03:20:48+00:00
movie_5c6eafb3b773,Andhadhun (2018),,https://letterboxd.com/film/andhadhun/,2026-05-26T03:20:48+00:00
movie_1cde9dac8153,Tumbbad (2018),,https://letterboxd.com/film/tumbbad/,2026-05-26T03:20:48+00:00
movie_32ae322b99be,Secret Superstar (2017),,https://letterboxd.com/film/secret-superstar/,2026-05-26T03:20:48+00:00
movie_4168dc7bf064,Hindi Medium (2017),,https://letterboxd.com/film/hindi-medium/,2026-05-26T03:20:48+00:00
movie_0f97e87edc8c,Happy New Year,,,2026-05-26T03:20:55+00:00
movie_26d54989e0c9,Colours of Time (2025),,https://letterboxd.com/film/colours-of-time/,2026-05-26T03:21:42+00:00
movie_8f056912631e,Rise (2022),,https://letterboxd.com/film/rise-2022/,2026-05-26T03:21:42+00:00
movie_05fa71d27408,Yves Saint Laurent (2014),,https://letterboxd.com/film/yves-saint-laurent-2014/,2026-05-26T03:21:42+00:00
movie_7a468964540e,Thelma & Louise,,,2026-05-26T03:22:01+00:00
movie_c116bc42ab97,F1,,,2026-05-26T03:22:39+00:00
movie_e3aa149452f4,My Spy: The Eternal City (2024),,https://letterboxd.com/film/my-spy-the-eternal-city/,2026-05-26T03:22:39+00:00
movie_82a82eaa656d,Badland Hunters (2024),,https://letterboxd.com/film/badland-hunters/,2026-05-26T03:22:39+00:00
movie_94c4e4ad9331,The Roundup: No Way Out (2023),,https://letterboxd.com/film/the-roundup-no-way-out/,2026-05-26T03:22:39+00:00
movie_530510073869,The Loud House Movie (2021),,https://letterboxd.com/film/the-loud-house-movie/,2026-05-26T03:22:39+00:00
movie_f3e534b2d58b,The Christmas Chronicles: Part Two (2020),,https://letterboxd.com/film/the-christmas-chronicles-part-two/,2026-05-26T03:22:39+00:00
movie_74aed1d5c07e,We Bare Bears: The Movie (2020),,https://letterboxd.com/film/we-bare-bears-the-movie/,2026-05-26T03:22:39+00:00
movie_7ea95f61fb67,My Spy (2020),,https://letterboxd.com/film/my-spy-2020/,2026-05-26T03:22:39+00:00
movie_4f2ef79767fe,Primal (2019),,https://letterboxd.com/film/primal-2019-1/,2026-05-26T03:22:39+00:00
movie_58acf610470a,Dora and the Lost City of Gold (2019),,https://letterboxd.com/film/dora-and-the-lost-city-of-gold/,2026-05-26T03:22:39+00:00
movie_b896086d7340,The Outlaws (2017),,https://letterboxd.com/film/the-outlaws-2017/,2026-05-26T03:22:39+00:00
movie_40398b024c2a,A Bad Moms Christmas (2017),,https://letterboxd.com/film/a-bad-moms-christmas/,2026-05-26T03:22:39+00:00
movie_04d806bdc9d3,Transformers: The Last Knight (2017),,https://letterboxd.com/film/transformers-the-last-knight/,2026-05-26T03:22:39+00:00
movie_7e6fd7718429,Adventure Time: Elements (2017),,https://letterboxd.com/film/adventure-time-elements/,2026-05-26T03:22:39+00:00
movie_a32b023e5fea,Adventure Time: Islands (2017),,https://letterboxd.com/film/adventure-time-islands/,2026-05-26T03:22:39+00:00
movie_c2794bc2e1d0,Train Dreams,,,2026-05-26T03:23:33+00:00
movie_9524d26f3687,Bao (2018),,https://letterboxd.com/film/bao-2018/,2026-05-26T03:24:30+00:00
movie_c8af50e3895d,Leave No Trace (2018),,https://letterboxd.com/film/leave-no-trace/,2026-05-26T03:24:30+00:00
movie_9b32d8db3606,Three Identical Strangers (2018),,https://letterboxd.com/film/three-identical-strangers/,2026-05-26T03:24:30+00:00
movie_077a27595d3a,Temple Grandin (2010),,https://letterboxd.com/film/temple-grandin/,2026-05-26T03:24:30+00:00
movie_4899b6588d35,Moon (2009),,https://letterboxd.com/film/moon/,2026-05-26T03:24:30+00:00
movie_2b5e3220d4c6,Lars and the Real Girl (2007),,https://letterboxd.com/film/lars-and-the-real-girl/,2026-05-26T03:24:30+00:00
movie_d8d089c55b80,Serenity (2005),,https://letterboxd.com/film/serenity/,2026-05-26T03:24:30+00:00
movie_0d362dbb02d0,Election (1999),,https://letterboxd.com/film/election/,2026-05-26T03:24:31+00:00
movie_3440130bf5d3,Christy (2025),,https://letterboxd.com/film/christy-2025-1/,2026-05-26T03:25:27+00:00
movie_618f71dffef2,The Hunt (2020),,https://letterboxd.com/film/the-hunt-2020/,2026-05-26T03:25:27+00:00
movie_74b7deb901fe,Bring It On (2000),,https://letterboxd.com/film/bring-it-on/,2026-05-26T03:25:27+00:00
movie_6eaba42208dd,A Complete Unknown,,,2026-05-26T03:26:41+00:00
movie_6b704cf9a64e,Friendship,,,2026-05-26T03:26:53+00:00
movie_53e50fce1b34,Captain America: Brave New World,,,2026-05-26T03:26:57+00:00
movie_b5d2d6344305,Spirit: Stallion of the Cimarron,,,2026-05-26T03:27:23+00:00
movie_2aa286c91517,The Fallout,,,2026-05-26T03:27:23+00:00
movie_0e1e560a22e8,Love Me Love Me (2026),,https://letterboxd.com/film/love-me-love-me/,2026-05-26T03:27:31+00:00
movie_83fe1d644961,The Dropout (2022),,https://letterboxd.com/film/the-dropout/,2026-05-26T03:27:31+00:00
movie_c8afceb42b46,Inventing Anna (2022),,https://letterboxd.com/film/inventing-anna/,2026-05-26T03:27:31+00:00
movie_e44702c2a611,Pen15: Jacuzzi (2021),,https://letterboxd.com/film/pen15-jacuzzi/,2026-05-26T03:27:31+00:00
movie_27a48aa76508,Roald Dahl's The Witches (2020),,https://letterboxd.com/film/roald-dahls-the-witches/,2026-05-26T03:27:31+00:00
movie_8ebfbfa7a72d,Looking for Alaska (2019),,https://letterboxd.com/film/looking-for-alaska/,2026-05-26T03:27:31+00:00
movie_f05803132dd1,Children of the Sea (2019),,https://letterboxd.com/film/children-of-the-sea/,2026-05-26T03:27:31+00:00
movie_11e7e4073cd6,Ice Age,,,2026-05-26T03:27:39+00:00
movie_d1587e877562,Euphoria: Trouble Don't Last Always,,,2026-05-26T03:28:07+00:00
movie_53d67fe915e4,The Antisocial Network: Memes to Mayhem (2024),,https://letterboxd.com/film/the-antisocial-network-memes-to-mayhem/,2026-05-26T03:29:29+00:00
movie_73825b98fa2a,Snowden (2016),,https://letterboxd.com/film/snowden/,2026-05-26T03:29:29+00:00
movie_7c5bf3132233,Popstar: Never Stop Never Stopping (2016),,https://letterboxd.com/film/popstar-never-stop-never-stopping/,2026-05-26T03:29:29+00:00
movie_260bd059a868,Look Who's Back (2015),,https://letterboxd.com/film/look-whos-back-2015/,2026-05-26T03:29:29+00:00
movie_11edd8f4c0f7,The Color of Pomegranates (1969),,https://letterboxd.com/film/the-color-of-pomegranates/,2026-05-26T03:30:07+00:00
movie_d4de422ad189,Paris Is Burning (1990),,https://letterboxd.com/film/paris-is-burning/,2026-05-26T03:30:07+00:00
movie_c3abb51eec62,April (2024),,https://letterboxd.com/film/april-2024-1/,2026-05-26T03:30:14+00:00
movie_cb7ac953c416,Black Mirror: Mazey Day (2023),,https://letterboxd.com/film/black-mirror-mazey-day/,2026-05-26T03:30:14+00:00
movie_0c4e89dd9318,Black Mirror: Beyond the Sea (2023),,https://letterboxd.com/film/black-mirror-beyond-the-sea/,2026-05-26T03:30:14+00:00
movie_560b09dff91d,Black Mirror: Loch Henry (2023),,https://letterboxd.com/film/black-mirror-loch-henry/,2026-05-26T03:30:14+00:00
movie_779fa086ee5e,Black Mirror: Joan Is Awful (2023),,https://letterboxd.com/film/black-mirror-joan-is-awful/,2026-05-26T03:30:14+00:00
movie_ad597954d12a,About Dry Grasses (2023),,https://letterboxd.com/film/about-dry-grasses/,2026-05-26T03:30:14+00:00
movie_ad4ffdf0d844,Strange Way of Life (2023),,https://letterboxd.com/film/strange-way-of-life/,2026-05-26T03:30:14+00:00
movie_e9d81ce6979e,Cassandro (2023),,https://letterboxd.com/film/cassandro/,2026-05-26T03:30:14+00:00
movie_f6964267bad6,Happier Than Ever: A Love Letter to Los Angeles (2021),,https://letterboxd.com/film/happier-than-ever-a-love-letter-to-los-angeles/,2026-05-26T03:30:14+00:00
movie_7cd349ab88ab,Ethos (2020),,https://letterboxd.com/film/ethos-2020/,2026-05-26T03:30:15+00:00
movie_530cfab5ab6f,Supernova (2020),,https://letterboxd.com/film/supernova-2020/,2026-05-26T03:30:15+00:00
movie_fad02632d1be,"Black Mirror: Rachel, Jack and Ashley Too (2019)",,https://letterboxd.com/film/black-mirror-rachel-jack-and-ashley-too/,2026-05-26T03:30:15+00:00
movie_2b09750b482b,Black Mirror: Striking Vipers (2019),,https://letterboxd.com/film/black-mirror-striking-vipers/,2026-05-26T03:30:15+00:00
movie_3f73bc8534a1,"Love, Death & Robots: The Witness (2019)",,https://letterboxd.com/film/love-death-robots-the-witness/,2026-05-26T03:30:15+00:00
movie_56fcba39bae5,Black Mirror: Metalhead (2017),,https://letterboxd.com/film/black-mirror-metalhead/,2026-05-26T03:30:15+00:00
movie_8b002ea945fd,Black Mirror: Crocodile (2017),,https://letterboxd.com/film/black-mirror-crocodile/,2026-05-26T03:30:15+00:00
movie_8e1a2ce98629,Black Mirror: Arkangel (2017),,https://letterboxd.com/film/black-mirror-arkangel/,2026-05-26T03:30:15+00:00
movie_ce5b40dd5845,Black Mirror: Black Museum (2017),,https://letterboxd.com/film/black-mirror-black-museum/,2026-05-26T03:30:15+00:00
movie_75046a9e0754,The Fall,,,2026-05-26T03:30:29+00:00
movie_58006fccda9d,"Love, Death & Robots: Golgotha (2025)",,https://letterboxd.com/film/love-death-robots-golgotha/,2026-05-26T03:31:12+00:00
movie_04e851155241,Sampung Utos Kay Josh (2025),,https://letterboxd.com/film/sampung-utos-kay-josh/,2026-05-26T03:31:12+00:00
movie_4b865ad8d0da,"Hello, Love, Again (2024)",,https://letterboxd.com/film/hello-love-again/,2026-05-26T03:31:12+00:00
movie_3db2dc6e6723,Ballot (2024),,https://letterboxd.com/film/ballot/,2026-05-26T03:31:12+00:00
movie_789170bc4a10,"Shake, Rattle & Roll Extreme (2023)",,https://letterboxd.com/film/shake-rattle-roll-extreme/,2026-05-26T03:31:12+00:00
movie_71e6b04d26fd,A Very Good Girl (2023),,https://letterboxd.com/film/a-very-good-girl/,2026-05-26T03:31:12+00:00
movie_f07e9ce573b6,Hunger (2023),,https://letterboxd.com/film/hunger-2023/,2026-05-26T03:31:12+00:00
movie_28add0e8b7f9,Partners in Crime (2022),,https://letterboxd.com/film/partners-in-crime-2022/,2026-05-26T03:31:12+00:00
movie_d64bf3d44d96,"Love, Death & Robots: The Very Pulse of the Machine (2022)",,https://letterboxd.com/film/love-death-robots-the-very-pulse-of-the-machine/,2026-05-26T03:31:12+00:00
movie_3a76b60eae90,"Love, Death & Robots: Swarm (2022)",,https://letterboxd.com/film/love-death-robots-swarm/,2026-05-26T03:31:12+00:00
movie_9b3d5b3029c1,The Butterfly Effect (2004),,https://letterboxd.com/film/the-butterfly-effect/,2026-05-26T03:32:03+00:00
movie_f6aca5fcb912,Manchester by the Sea,,,2026-05-26T03:32:03+00:00
movie_bad0a3d26363,Impossible Things (2021),,https://letterboxd.com/film/impossible-things/,2026-05-26T03:32:10+00:00
movie_90286d66cbfa,Chicuarotes (2019),,https://letterboxd.com/film/chicuarotes/,2026-05-26T03:32:10+00:00
movie_3a8f00212727,Life or Something Like It (2002),,https://letterboxd.com/film/life-or-something-like-it/,2026-05-26T03:32:10+00:00
movie_14283c3be709,House of Wax,,,2026-05-26T03:33:00+00:00
movie_a21dc8a1738f,House of Wax (2005),,https://letterboxd.com/film/house-of-wax-2005/,2026-05-26T03:33:00+00:00
movie_c9cb4d3e2a09,The Evil Dead (1981),,https://letterboxd.com/film/the-evil-dead/,2026-05-26T03:33:00+00:00
movie_44a3232b3e63,Caveat (2020),,https://letterboxd.com/film/caveat-2020/,2026-05-26T03:33:07+00:00
movie_dd59f3a585cb,Alien,,,2026-05-26T03:33:53+00:00
movie_fdd703e70e10,Tom Clancy's Jack Ryan: Ghost War,,,2026-05-26T03:34:00+00:00
movie_b9f352dd8fb5,Tom Clancy's Jack Ryan: Ghost War (2026),,https://letterboxd.com/film/tom-clancys-jack-ryan-ghost-war/,2026-05-26T03:34:00+00:00
movie_4e8417e0c4a6,Marcello Hernández: American Boy (2026),,https://letterboxd.com/film/marcello-hernandez-american-boy/,2026-05-26T03:34:00+00:00
movie_883da50723dc,The Lost Bus (2025),,https://letterboxd.com/film/the-lost-bus/,2026-05-26T03:34:00+00:00
movie_97e0c9818913,Downton Abbey: The Grand Finale (2025),,https://letterboxd.com/film/downton-abbey-the-grand-finale/,2026-05-26T03:34:00+00:00
movie_df5456971865,Deathstalker (2025),,https://letterboxd.com/film/deathstalker-2025/,2026-05-26T03:34:00+00:00
movie_df2234edf185,Vicious (2025),,https://letterboxd.com/film/vicious-2025/,2026-05-26T03:34:00+00:00
movie_6ad36ceea16c,Red Sonja (2025),,https://letterboxd.com/film/red-sonja-2025/,2026-05-26T03:34:00+00:00
movie_c87080f4801c,The Rip,,,2026-05-26T03:34:15+00:00
movie_d8dbcfaffaeb,The Outsiders,,,2026-05-26T03:34:18+00:00
movie_dd5fd8a54f55,Predator,,,2026-05-26T03:34:26+00:00
movie_6c67dc613b84,Indiana Jones and the Dial of Destiny,,,2026-05-26T03:34:31+00:00
movie_75890a52e70b,The Running Man,,,2026-05-26T03:34:35+00:00
movie_d95da4a18c6d,Casper (1995),,https://letterboxd.com/film/casper/,2026-05-26T03:35:46+00:00
movie_d16e13aab067,Detachment (2011),,https://letterboxd.com/film/detachment/,2026-05-26T03:35:55+00:00
movie_9cda5c55d348,Nightcrawler,,,2026-05-26T03:36:33+00:00
movie_038a0e00f5bd,The Greatest Hits (2024),,https://letterboxd.com/film/the-greatest-hits/,2026-05-26T03:36:41+00:00
movie_1af01347e051,Luck (2022),,https://letterboxd.com/film/luck-2022/,2026-05-26T03:36:41+00:00
movie_87191877f52d,The Goldfinch (2019),,https://letterboxd.com/film/the-goldfinch/,2026-05-26T03:36:41+00:00
movie_b989533499bc,Good Luck Chuck (2007),,https://letterboxd.com/film/good-luck-chuck/,2026-05-26T03:36:41+00:00
movie_65e20cc4bc4a,The Score (2001),,https://letterboxd.com/film/the-score/,2026-05-26T03:36:41+00:00
movie_771be98b5e8d,Batman v Superman: Dawn of Justice,,,2026-05-26T03:37:01+00:00
movie_6076b69e88b9,Along for the Ride (2022),,https://letterboxd.com/film/along-for-the-ride-2022/,2026-05-26T03:37:43+00:00
movie_63f5270503fb,Nocturnal Animals,,,2026-05-26T03:38:13+00:00
movie_e1b7407b6da3,Harry Potter and the Chamber of Secrets,,,2026-05-26T03:38:25+00:00
movie_e9e886ad5f0a,How to Train Your Dragon: The Hidden World,,,2026-05-26T03:39:15+00:00
movie_7372bf489482,Metro... In Dino (2025),,https://letterboxd.com/film/metro-in-dino/,2026-05-26T03:39:45+00:00
movie_41850142acae,CTRL (2024),,https://letterboxd.com/film/ctrl-2024/,2026-05-26T03:39:45+00:00
movie_e941436addb6,Superboys of Malegaon (2024),,https://letterboxd.com/film/superboys-of-malegaon/,2026-05-26T03:39:45+00:00
movie_0a2e830fc64f,Girls Will Be Girls (2024),,https://letterboxd.com/film/girls-will-be-girls-2024/,2026-05-26T03:39:45+00:00
movie_a3c78202aa92,Kho Gaye Hum Kahan (2023),,https://letterboxd.com/film/kho-gaye-hum-kahan/,2026-05-26T03:39:45+00:00
movie_6c9ac6fd25b1,Hridayam (2022),,https://letterboxd.com/film/hridayam/,2026-05-26T03:39:45+00:00
movie_b2a3f636b764,The White Tiger (2021),,https://letterboxd.com/film/the-white-tiger/,2026-05-26T03:39:45+00:00
movie_b0d107f1af36,Dil Dhadakne Do (2015),,https://letterboxd.com/film/dil-dhadakne-do/,2026-05-26T03:39:45+00:00
movie_cf52f856bc8d,O Kadhal Kanmani (2015),,https://letterboxd.com/film/o-kadhal-kanmani/,2026-05-26T03:39:45+00:00
movie_b85867ff4047,Bangalore Days (2014),,https://letterboxd.com/film/bangalore-days/,2026-05-26T03:39:45+00:00
movie_cbc22871325e,Highway (2014),,https://letterboxd.com/film/highway-2014/,2026-05-26T03:39:45+00:00
movie_cc11c3221e07,"Crazy, Stupid, Love.",,,2026-05-26T03:40:15+00:00
movie_985911cffedb,Swiped (2025),,https://letterboxd.com/film/swiped-2025/,2026-05-26T03:40:45+00:00
movie_0429032288e5,Unsubmissives (2025),,https://letterboxd.com/film/unsubmissives/,2026-05-26T03:40:45+00:00
movie_4a26a2537b65,"13 Days, 13 Nights (2025)",,https://letterboxd.com/film/13-days-13-nights/,2026-05-26T03:40:45+00:00
movie_18e980fa995f,Exterritorial (2025),,https://letterboxd.com/film/exterritorial/,2026-05-26T03:40:45+00:00
movie_b714de0b9c20,Banger (2025),,https://letterboxd.com/film/banger-2025/,2026-05-26T03:40:45+00:00
movie_dc7f062530b0,Once Upon My Mother (2025),,https://letterboxd.com/film/once-upon-my-mother/,2026-05-26T03:40:45+00:00
movie_96d5ee65f004,DJ Mehdi: Made in France (2024),,https://letterboxd.com/film/dj-mehdi-made-in-france/,2026-05-26T03:40:45+00:00
movie_d7ff32c33159,Souleymane's Story (2024),,https://letterboxd.com/film/souleymanes-story/,2026-05-26T03:40:45+00:00
movie_1665ca749f57,The Marching Band (2024),,https://letterboxd.com/film/the-marching-band/,2026-05-26T03:40:45+00:00
movie_bdd87e0bd778,A Little Something Extra (2024),,https://letterboxd.com/film/a-little-something-extra/,2026-05-26T03:40:45+00:00
movie_5dc115de4417,Sleeping Dogs (2024),,https://letterboxd.com/film/sleeping-dogs-2024/,2026-05-26T03:40:45+00:00
movie_558126f0af01,Wingwomen (2023),,https://letterboxd.com/film/wingwomen/,2026-05-26T03:40:45+00:00
movie_635d507f9f5c,Lee (2023),,https://letterboxd.com/film/lee-2023/,2026-05-26T03:40:45+00:00
movie_1e0c35a5db3a,One Life (2023),,https://letterboxd.com/film/one-life-2023/,2026-05-26T03:40:45+00:00
movie_9da8509a7436,NYAD (2023),,https://letterboxd.com/film/nyad/,2026-05-26T03:40:45+00:00
movie_f8fa6222adbb,The Last Kingdom: Seven Kings Must Die (2023),,https://letterboxd.com/film/the-last-kingdom-seven-kings-must-die/,2026-05-26T03:40:45+00:00
movie_3d8184169f66,All Your Faces (2023),,https://letterboxd.com/film/all-your-faces/,2026-05-26T03:40:45+00:00
movie_cd8c8d6ac751,Boston Strangler (2023),,https://letterboxd.com/film/boston-strangler/,2026-05-26T03:40:45+00:00
movie_3849a3fcc50c,Luther: The Fallen Sun (2023),,https://letterboxd.com/film/luther-the-fallen-sun/,2026-05-26T03:40:45+00:00
movie_79e6848829e9,The Torch (2022),,https://letterboxd.com/film/the-torch-2022/,2026-05-26T03:40:45+00:00
movie_38c796fcf643,November (2022),,https://letterboxd.com/film/november-2022/,2026-05-26T03:40:45+00:00
movie_30e1c3f4381b,I'm Still Here,,,2026-05-26T03:40:58+00:00
movie_50be33b97b44,Blue Velvet,,,2026-05-26T03:41:14+00:00
movie_0ad9f9f55e5f,The Day After Tomorrow,,,2026-05-26T03:41:18+00:00
movie_dee6fc41be54,Logan,,,2026-05-26T03:42:02+00:00
movie_0f236c26e8e3,JUJUTSU KAISEN: Execution (2025),,https://letterboxd.com/film/jujutsu-kaisen-execution/,2026-05-26T03:43:40+00:00
movie_754e40182794,Quezon (2025),,https://letterboxd.com/film/quezon/,2026-05-26T03:43:40+00:00
movie_80bf1d00cd64,The Ritual (2025),,https://letterboxd.com/film/the-ritual-2025/,2026-05-26T03:43:40+00:00
movie_d57cd5fb3fdd,Dark Nuns (2025),,https://letterboxd.com/film/dark-nuns/,2026-05-26T03:43:40+00:00
movie_66b154377086,Peter Pan's Neverland Nightmare (2025),,https://letterboxd.com/film/peter-pans-neverland-nightmare/,2026-05-26T03:43:40+00:00
movie_eabdfaae1f64,You Are the Apple of My Eye (2024),,https://letterboxd.com/film/you-are-the-apple-of-my-eye-2024/,2026-05-26T03:43:40+00:00
movie_e1f9e7704e49,One Piece Film Red (2022),,https://letterboxd.com/film/one-piece-film-red/,2026-05-26T03:43:40+00:00
movie_372d1b840762,The Fall Guy,,,2026-05-26T03:44:28+00:00
movie_cc5c5d594ef9,Muppets Most Wanted (2014),,https://letterboxd.com/film/muppets-most-wanted/,2026-05-26T03:44:36+00:00
movie_b68c914311fe,I Believe in Unicorns (2014),,https://letterboxd.com/film/i-believe-in-unicorns/,2026-05-26T03:44:36+00:00
movie_e5aaca3ae5b4,Terri Joe: Missionary in Miami (2026),,https://letterboxd.com/film/terri-joe-missionary-in-miami/,2026-05-26T03:45:30+00:00
movie_8fab980a3f5b,The Home (2025),,https://letterboxd.com/film/the-home-2025-1/,2026-05-26T03:45:30+00:00
movie_28a69ce3171f,Quiet on Set: The Dark Side of Kids TV (2024),,https://letterboxd.com/film/quiet-on-set-the-dark-side-of-kids-tv/,2026-05-26T03:45:30+00:00
movie_4e03e7e08c61,Family Switch (2023),,https://letterboxd.com/film/family-switch/,2026-05-26T03:45:30+00:00
movie_9443abea2920,Finestkind (2023),,https://letterboxd.com/film/finestkind/,2026-05-26T03:45:30+00:00
movie_d8dca764bdf0,Happiness for Beginners (2023),,https://letterboxd.com/film/happiness-for-beginners/,2026-05-26T03:45:30+00:00
movie_b2b82a942440,The Out-Laws (2023),,https://letterboxd.com/film/the-out-laws/,2026-05-26T03:45:30+00:00
movie_31604162a539,Parachute (2023),,https://letterboxd.com/film/parachute-2023/,2026-05-26T03:45:30+00:00
movie_f8fc9e0e9936,The Watcher (2022),,https://letterboxd.com/film/the-watcher-2022/,2026-05-26T03:45:30+00:00
movie_330db5bcf5fc,Rosaline (2022),,https://letterboxd.com/film/rosaline/,2026-05-26T03:45:30+00:00
movie_ebe39748a3ba,The Hitchhiker's Guide to the Galaxy (2005),,https://letterboxd.com/film/the-hitchhikers-guide-to-the-galaxy-2005/,2026-05-26T03:46:16+00:00
movie_02ee64a51ad5,No Time to Die,,,2026-05-26T03:47:01+00:00
movie_f634ccdf0e71,The Final Destination (2009),,https://letterboxd.com/film/the-final-destination/,2026-05-26T03:47:09+00:00
movie_ad4d9e01af60,The Color Purple (2023),,https://letterboxd.com/film/the-color-purple-2023/,2026-05-26T03:47:58+00:00
movie_dbc0e217d787,White Men Can't Jump (2023),,https://letterboxd.com/film/white-men-cant-jump-2023/,2026-05-26T03:47:58+00:00
movie_62245561768c,Jesus Revolution (2023),,https://letterboxd.com/film/jesus-revolution/,2026-05-26T03:47:58+00:00
movie_d800bf366fe5,Something from Tiffany's (2022),,https://letterboxd.com/film/something-from-tiffanys/,2026-05-26T03:47:58+00:00
movie_71c8c7bdbb41,"Lyle, Lyle, Crocodile (2022)",,https://letterboxd.com/film/lyle-lyle-crocodile/,2026-05-26T03:47:58+00:00
movie_6c35ded34d09,Till (2022),,https://letterboxd.com/film/till/,2026-05-26T03:47:58+00:00
movie_eff8470993e5,Luckiest Girl Alive (2022),,https://letterboxd.com/film/luckiest-girl-alive/,2026-05-26T03:47:58+00:00
movie_4e612630ca27,The Holdovers,,,2026-05-26T03:48:50+00:00
movie_3a80276228bc,Detective Byomkesh Bakshy! (2015),,https://letterboxd.com/film/detective-byomkesh-bakshy/,2026-05-26T03:48:58+00:00
movie_b7c21c877e21,If Anything Happens I Love You (2020),,https://letterboxd.com/film/if-anything-happens-i-love-you/,2026-05-26T03:49:52+00:00
movie_1008ca00bd4e,Ballerina,,,2026-05-26T03:50:53+00:00
movie_2ed1efb2433b,Clash of the Titans (2010),,https://letterboxd.com/film/clash-of-the-titans-2010/,2026-05-26T03:50:53+00:00
movie_84e9db0710f0,Gone Girl,,,2026-05-26T03:51:29+00:00
movie_f6d2858617bf,The Thin Red Line (1998),,https://letterboxd.com/film/the-thin-red-line/,2026-05-26T03:51:29+00:00
movie_e395fcb98ab1,The Exorcism (2024),,https://letterboxd.com/film/the-exorcism-2024/,2026-05-26T03:51:37+00:00
movie_ad46060fccf5,Arrival,,,2026-05-26T03:52:28+00:00
movie_6319e044fbbf,Black Phone 2,,,2026-05-26T03:53:23+00:00
movie_30a1adc1ae66,Kotaro Lives Alone (2022),,https://letterboxd.com/film/kotaro-lives-alone-2022/,2026-05-26T03:53:23+00:00
movie_6757eb2ac476,86 EIGHTY-SIX (2021),,https://letterboxd.com/film/86-eighty-six/,2026-05-26T03:53:23+00:00
movie_7ef222ce9118,Violet Evergarden: The Movie (2020),,https://letterboxd.com/film/violet-evergarden-the-movie/,2026-05-26T03:53:23+00:00
movie_73e99ab43a22,Violet Evergarden: Eternity and the Auto Memory Doll (2019),,https://letterboxd.com/film/violet-evergarden-eternity-and-the-auto-memory-doll/,2026-05-26T03:53:23+00:00
movie_c4b018273586,Violet Evergarden (2018),,https://letterboxd.com/film/violet-evergarden/,2026-05-26T03:53:23+00:00
movie_318407699b2c,ERASED (2016),,https://letterboxd.com/film/erased-2016-1/,2026-05-26T03:53:23+00:00
movie_7365e5a87b92,Grave Encounters 2 (2012),,https://letterboxd.com/film/grave-encounters-2/,2026-05-26T03:53:23+00:00
movie_51f2c00ffcc4,Super 8 (2011),,https://letterboxd.com/film/super-8/,2026-05-26T03:53:23+00:00
movie_a0de6b5349e0,Grave Encounters (2011),,https://letterboxd.com/film/grave-encounters/,2026-05-26T03:53:23+00:00
movie_6e477a65f31e,Silent Hill (2006),,https://letterboxd.com/film/silent-hill/,2026-05-26T03:53:23+00:00
movie_377cb16d9ac4,Cowboy Bebop (1998),,https://letterboxd.com/film/cowboy-bebop/,2026-05-26T03:53:23+00:00
movie_ffc5db0f492f,Drop,,,2026-05-26T03:56:41+00:00
movie_df9815d00265,Stromberg - Wieder alles wie immer (2025),,https://letterboxd.com/film/stromberg-wieder-alles-wie-immer/,2026-05-26T03:56:49+00:00
movie_6afc006f2e17,Good American Family (2025),,https://letterboxd.com/film/good-american-family/,2026-05-26T03:56:49+00:00
movie_89b761800f50,Drop (2025),,https://letterboxd.com/film/drop-2025/,2026-05-26T03:56:49+00:00
movie_d078869c4098,Delicious (2025),,https://letterboxd.com/film/delicious-2025/,2026-05-26T03:56:49+00:00
movie_6fe7b32fd693,Apple Cider Vinegar (2025),,https://letterboxd.com/film/apple-cider-vinegar-2025/,2026-05-26T03:56:49+00:00
movie_c9171fbdb211,Cassandra (2025),,https://letterboxd.com/film/cassandra-2025-1/,2026-05-26T03:56:49+00:00
movie_f98d04989f03,Reality (2023),,https://letterboxd.com/film/reality-2023/,2026-05-26T03:56:49+00:00
movie_ac5962046b4b,Nocturne (2020),,https://letterboxd.com/film/nocturne-2020/,2026-05-26T03:56:49+00:00
movie_76f1d63daabb,Alone (2020),,https://letterboxd.com/film/alone-2020-1/,2026-05-26T03:56:49+00:00
movie_b93ddaa71a2d,Black Bear (2020),,https://letterboxd.com/film/black-bear/,2026-05-26T03:56:49+00:00
movie_1377f07f72b1,Ma (2019),,https://letterboxd.com/film/ma-2019/,2026-05-26T03:56:49+00:00
movie_7c8316d5788f,The Act (2019),,https://letterboxd.com/film/the-act-2019/,2026-05-26T03:56:49+00:00
movie_25de86d69293,Return to Seoul (2022),,https://letterboxd.com/film/return-to-seoul/,2026-05-26T03:57:41+00:00
movie_130bee55c044,The Teachers' Lounge (2023),,https://letterboxd.com/film/the-teachers-lounge-2023/,2026-05-26T03:57:49+00:00
movie_5196590fe1eb,Women Talking (2022),,https://letterboxd.com/film/women-talking/,2026-05-26T03:57:49+00:00
movie_205cb6b3b646,The Quiet Girl (2022),,https://letterboxd.com/film/the-quiet-girl/,2026-05-26T03:57:49+00:00
movie_758343404b61,Martin Eden (2019),,https://letterboxd.com/film/martin-eden-2019/,2026-05-26T03:57:49+00:00
movie_4319eccbdb64,True Grit (2010),,https://letterboxd.com/film/true-grit-2010/,2026-05-26T03:57:49+00:00
movie_cd072f1c8acb,A Prophet (2009),,https://letterboxd.com/film/a-prophet/,2026-05-26T03:57:49+00:00
movie_a10930c70bb8,Changeling (2008),,https://letterboxd.com/film/changeling/,2026-05-26T03:57:49+00:00
movie_48918c092e4b,Choose or Die (2022),,https://letterboxd.com/film/choose-or-die/,2026-05-26T03:58:37+00:00
movie_55310d1452f0,The Golden Glove (2019),,https://letterboxd.com/film/the-golden-glove/,2026-05-26T03:58:37+00:00
movie_6b48f707d074,The First Purge (2018),,https://letterboxd.com/film/the-first-purge/,2026-05-26T03:58:37+00:00
movie_909e91724b7e,Den of Thieves (2018),,https://letterboxd.com/film/den-of-thieves/,2026-05-26T03:58:37+00:00
movie_1bd5e25733ac,The Purge: Election Year (2016),,https://letterboxd.com/film/the-purge-election-year/,2026-05-26T03:58:37+00:00
movie_2dc75fbae1f4,In the Heart of the Sea (2015),,https://letterboxd.com/film/in-the-heart-of-the-sea/,2026-05-26T03:58:37+00:00
movie_a23d524e263f,Everest (2015),,https://letterboxd.com/film/everest-2015/,2026-05-26T03:58:37+00:00
movie_5be3e28dce4b,All of Us Are Dead,,,2026-05-26T03:58:41+00:00
movie_d7fcfead1bfa,Hereditary,,,2026-05-26T03:58:57+00:00
movie_a96aa66b94e5,Big Little Lies (2017),,https://letterboxd.com/film/big-little-lies/,2026-05-26T03:59:34+00:00
movie_9c42b413d716,Spirit: Stallion of the Cimarron (2002),,https://letterboxd.com/film/spirit-stallion-of-the-cimarron/,2026-05-26T03:59:34+00:00
movie_d4cf6674d512,Big Daddy (1999),,https://letterboxd.com/film/big-daddy/,2026-05-26T03:59:34+00:00
movie_916c47d5a56b,Y Tu Mamá También,,,2026-05-26T03:59:54+00:00
movie_a55538fb663b,Palo Alto (2013),,https://letterboxd.com/film/palo-alto/,2026-05-26T04:00:32+00:00
movie_bccddd1b6554,She's All That (1999),,https://letterboxd.com/film/shes-all-that/,2026-05-26T04:00:32+00:00
movie_1a1d11c5298b,The Darkest Minds (2018),,https://letterboxd.com/film/the-darkest-minds/,2026-05-26T04:01:23+00:00
movie_16ea0d92cab4,Sharknado (2013),,https://letterboxd.com/film/sharknado/,2026-05-26T04:02:26+00:00
movie_e658f972264c,Journey 2: The Mysterious Island (2012),,https://letterboxd.com/film/journey-2-the-mysterious-island/,2026-05-26T04:02:26+00:00
movie_7d84ea72de76,Coco Before Chanel (2009),,https://letterboxd.com/film/coco-before-chanel/,2026-05-26T04:02:26+00:00
movie_b684b25d9390,Journey to the Center of the Earth (2008),,https://letterboxd.com/film/journey-to-the-center-of-the-earth-2008/,2026-05-26T04:02:26+00:00
movie_1116273b2c64,Step Up 2: The Streets (2008),,https://letterboxd.com/film/step-up-2-the-streets/,2026-05-26T04:02:26+00:00
movie_eb18b80eca2c,Step Up (2006),,https://letterboxd.com/film/step-up/,2026-05-26T04:02:26+00:00
movie_65c6231cfc3d,The Transporter (2002),,https://letterboxd.com/film/the-transporter/,2026-05-26T04:02:26+00:00
movie_b33735f43933,Maze Runner: The Scorch Trials,,,2026-05-26T04:02:55+00:00
movie_f3504ec7494e,Back to the Future Part III,,,2026-05-26T04:02:59+00:00
movie_525110fb220f,Handling the Undead (2024),,https://letterboxd.com/film/handling-the-undead/,2026-05-26T04:03:24+00:00
movie_cee3eb087a70,The Conference (2023),,https://letterboxd.com/film/the-conference-2023/,2026-05-26T04:03:24+00:00
movie_b5bba077731a,Copshop (2021),,https://letterboxd.com/film/copshop/,2026-05-26T04:03:24+00:00
movie_a22313c4f951,The Brutalist,,,2026-05-26T04:03:28+00:00
movie_e27f0efe67d9,Baby Invasion (2024),,https://letterboxd.com/film/baby-invasion/,2026-05-26T04:06:52+00:00
movie_b7c6181b471e,Inside (2023),,https://letterboxd.com/film/inside-2023/,2026-05-26T04:06:52+00:00
movie_a7adfa435153,Transformers,,,2026-05-26T04:07:05+00:00
movie_8e7ff0d61d57,La Grazia (2025),,https://letterboxd.com/film/la-grazia/,2026-05-26T04:07:59+00:00
movie_fb0e8e25d698,The Settlers (2023),,https://letterboxd.com/film/the-settlers-2023/,2026-05-26T04:07:59+00:00
movie_9dfecf500d86,Her Blue Sky (2019),,https://letterboxd.com/film/her-blue-sky/,2026-05-26T04:07:59+00:00
movie_ddb82383b781,A Sun (2019),,https://letterboxd.com/film/a-sun/,2026-05-26T04:07:59+00:00
movie_0328bd5320dc,"Like Father, Like Son (2013)",,https://letterboxd.com/film/like-father-like-son-2013/,2026-05-26T04:07:59+00:00
movie_34f51e788289,Ghost in the Shell,,,2026-05-26T04:08:26+00:00
movie_198104451f57,The Wonderful Story of Henry Sugar and Three More (2024),,https://letterboxd.com/film/the-wonderful-story-of-henry-sugar-and-three-more/,2026-05-26T04:08:54+00:00
movie_7952b4f527f1,Dark Waters (2019),,https://letterboxd.com/film/dark-waters-2019/,2026-05-26T04:08:54+00:00
movie_3be78e0a181c,Sentimental Value,,,2026-05-26T04:09:10+00:00
movie_273bd56458da,Forgetting Sarah Marshall,,,2026-05-26T04:09:17+00:00
movie_cc2763983a08,The Sound of Music,,,2026-05-26T04:10:33+00:00
movie_69821f0a62a6,Ocean with David Attenborough (2025),,https://letterboxd.com/film/ocean-with-david-attenborough/,2026-05-26T04:10:40+00:00
movie_0abead8ad587,Wicked Little Letters (2023),,https://letterboxd.com/film/wicked-little-letters/,2026-05-26T04:10:40+00:00
movie_8c952a62b25e,Pelé (2021),,https://letterboxd.com/film/pele/,2026-05-26T04:10:40+00:00
movie_409d7976bbcf,Rebecca (2020),,https://letterboxd.com/film/rebecca-2020/,2026-05-26T04:10:40+00:00
movie_5ecd4752063f,Crazy Rich Asians,,,2026-05-26T04:11:08+00:00
movie_a7880aeb168c,An Officer and a Spy (2019),,https://letterboxd.com/film/an-officer-and-a-spy/,2026-05-26T04:11:39+00:00
movie_7c70d72a1583,The 400 Blows (1959),,https://letterboxd.com/film/the-400-blows/,2026-05-26T04:11:39+00:00
movie_251bf0f1963c,Weak Hero,,,2026-05-26T04:12:29+00:00
movie_b6736458d9bc,Brighter Days Ahead (2025),,https://letterboxd.com/film/brighter-days-ahead/,2026-05-26T04:12:37+00:00
movie_304124a921f2,Mona Lisa Smile (2003),,https://letterboxd.com/film/mona-lisa-smile/,2026-06-01T07:39:41+00:00
movie_6db274966999,Men in Black (1997),,https://letterboxd.com/film/men-in-black/,2026-06-01T07:39:41+00:00
movie_5da91d4feef0,The Eternaut (2025),,https://letterboxd.com/film/the-eternaut/,2026-06-01T07:40:44+00:00
movie_98c18adbaa89,Apocalypse Z: The Beginning of the End (2024),,https://letterboxd.com/film/apocalypse-z-the-beginning-of-the-end/,2026-06-01T07:40:44+00:00
movie_78f7cc8226ee,Concrete Utopia (2023),,https://letterboxd.com/film/concrete-utopia/,2026-06-01T07:40:44+00:00
movie_3d0f7a420a7f,Robot Dreams (2023),,https://letterboxd.com/film/robot-dreams/,2026-06-01T07:40:44+00:00
movie_adb2606492bc,The Coffee Table (2022),,https://letterboxd.com/film/the-coffee-table/,2026-06-01T07:40:44+00:00
movie_07ca2558b344,Significant Other (2022),,https://letterboxd.com/film/significant-other/,2026-06-01T07:40:44+00:00
movie_4cc1ce0f0f3c,The Innocents (2021),,https://letterboxd.com/film/the-innocents-2021/,2026-06-01T07:40:44+00:00
movie_0a7d2c2e2552,Blood Red Sky (2021),,https://letterboxd.com/film/blood-red-sky/,2026-06-01T07:40:44+00:00
movie_ef12ad73ae07,Wrong Turn (2021),,https://letterboxd.com/film/wrong-turn-2021/,2026-06-01T07:40:44+00:00
movie_c499c17e62d4,Outside the Wire (2021),,https://letterboxd.com/film/outside-the-wire/,2026-06-01T07:40:44+00:00
movie_be9455335762,The Rental (2020),,https://letterboxd.com/film/the-rental/,2026-06-01T07:40:44+00:00
movie_46ff5b2c1b3a,Color Out of Space (2019),,https://letterboxd.com/film/color-out-of-space/,2026-06-01T07:40:48+00:00
movie_9b2fa60566d7,What Happened to Monday (2017),,https://letterboxd.com/film/what-happened-to-monday/,2026-06-01T07:40:48+00:00
movie_a7f5eab8b1af,Circle (2015),,https://letterboxd.com/film/circle-2015/,2026-06-01T07:40:48+00:00
movie_045c419098c1,Chappie (2015),,https://letterboxd.com/film/chappie/,2026-06-01T07:40:48+00:00
movie_29fd0b232650,Wallace & Gromit: The Curse of the Were-Rabbit (2005),,https://letterboxd.com/film/wallace-gromit-the-curse-of-the-were-rabbit/,2026-06-01T07:40:48+00:00
movie_58ebadf336c9,Resurrection (2025),,https://letterboxd.com/film/resurrection-2025/,2026-06-01T07:41:52+00:00
movie_8233a66b9b40,Moonage Daydream (2022),,https://letterboxd.com/film/moonage-daydream/,2026-06-01T07:41:52+00:00
movie_beb087c68f1d,A Useful Ghost (2025),,https://letterboxd.com/film/a-useful-ghost/,2026-06-01T07:41:59+00:00
movie_47079d70b8d7,Reflection in a Dead Diamond (2025),,https://letterboxd.com/film/reflection-in-a-dead-diamond/,2026-06-01T07:41:59+00:00
movie_fec9ba2c95a2,Big World (2024),,https://letterboxd.com/film/big-world-2024/,2026-06-01T07:41:59+00:00
movie_01cf64720793,National Theatre Live: Prima Facie (2022),,https://letterboxd.com/film/national-theatre-live-prima-facie/,2026-06-01T07:41:59+00:00
movie_c9e40cdcee01,After Yang (2021),,https://letterboxd.com/film/after-yang/,2026-06-01T07:41:59+00:00
movie_6ac916a6a3a4,Urban Legend (1998),,https://letterboxd.com/film/urban-legend/,2026-06-01T07:41:59+00:00
movie_9238a63a5060,Brokeback Mountain,,,2026-06-01T07:42:50+00:00
movie_c120f601f97c,The Princess Diaries 2: Royal Engagement (2004),,https://letterboxd.com/film/the-princess-diaries-2-royal-engagement/,2026-06-01T07:44:13+00:00
movie_9f1d56b79aa8,Sweet Home Alabama (2002),,https://letterboxd.com/film/sweet-home-alabama/,2026-06-01T07:44:13+00:00
movie_f1384fe16465,X-Men (2000),,https://letterboxd.com/film/x-men/,2026-06-01T07:44:13+00:00
movie_f06decd1c62a,EuroTrip,,,2026-06-01T07:45:24+00:00
movie_63a2b6cdaf53,Crime 101,,,2026-06-01T07:46:14+00:00
movie_382fd19cd5d6,Ne Zha 2,,,2026-06-01T07:46:19+00:00
movie_4a436ae08500,We're the Millers,,,2026-06-01T07:46:23+00:00
movie_fff6e99bce3c,Even If This Love Disappears Tonight,,,2026-06-01T07:47:09+00:00
movie_56400bef7eff,Ordinary Angels (2024),,https://letterboxd.com/film/ordinary-angels/,2026-06-01T07:48:17+00:00
movie_4cfe1dc0bfd4,127 Hours (2010),,https://letterboxd.com/film/127-hours/,2026-06-01T07:48:17+00:00
movie_b533c54f32a7,Before Sunset,,,2026-06-01T07:48:21+00:00
movie_40a6f198a57f,127 Hours,,,2026-06-01T07:48:51+00:00
movie_a5ab64314d06,Seven Pounds (2008),,https://letterboxd.com/film/seven-pounds/,2026-06-01T07:49:21+00:00
movie_f8cc453fbdc2,Armed Only with a Camera: The Life and Death of Brent Renaud (2025),,https://letterboxd.com/film/armed-only-with-a-camera-the-life-and-death/,2026-06-01T07:49:30+00:00
movie_6601380dfd0c,The Singers (2025),,https://letterboxd.com/film/the-singers-2025/,2026-06-01T07:49:30+00:00
movie_e2baa51a63cc,The Alabama Solution (2025),,https://letterboxd.com/film/the-alabama-solution/,2026-06-01T07:49:30+00:00
movie_5cb89d247bda,La Palma (2024),,https://letterboxd.com/film/la-palma-2024/,2026-06-01T07:49:30+00:00
movie_518db673c784,Love & Death (2023),,https://letterboxd.com/film/love-death/,2026-06-01T07:49:30+00:00
movie_45715809181a,Emancipation (2022),,https://letterboxd.com/film/emancipation-2022/,2026-06-01T07:49:30+00:00
movie_2fdad91500ff,Skyscraper (2018),,https://letterboxd.com/film/skyscraper-2018/,2026-06-01T07:49:34+00:00
movie_fc754061dada,Rampage (2018),,https://letterboxd.com/film/rampage-2018/,2026-06-01T07:49:34+00:00
movie_f02d0b4626a6,Baywatch (2017),,https://letterboxd.com/film/baywatch/,2026-06-01T07:49:34+00:00
movie_154df7733710,"The Chronicles of Narnia: The Lion, the Witch and the Wardrobe",,,2026-06-01T07:49:45+00:00
movie_e1762c20c39f,The Choral (2025),,https://letterboxd.com/film/the-choral/,2026-06-01T07:50:57+00:00
movie_520bd8f143b5,H Is for Hawk (2025),,https://letterboxd.com/film/h-is-for-hawk/,2026-06-01T07:50:57+00:00
movie_12371d9b413c,The Threesome (2025),,https://letterboxd.com/film/the-threesome/,2026-06-01T07:50:57+00:00
movie_f27de00c25f7,It Ends with Us,,,2026-06-01T07:51:01+00:00
movie_f8de9bc66546,Ma Rainey's Black Bottom (2020),,https://letterboxd.com/film/ma-raineys-black-bottom/,2026-06-01T07:51:01+00:00
movie_c80e0481439d,Amadeus,,,2026-06-01T07:51:58+00:00
movie_d1f80fe1ed3d,Speed Racer,,,2026-06-01T07:51:58+00:00
movie_8e9725b86641,Tuner (2025),,https://letterboxd.com/film/tuner/,2026-06-01T07:52:06+00:00
movie_e43b17e5ce4f,Riff Raff (2024),,https://letterboxd.com/film/riff-raff-2024/,2026-06-01T07:52:06+00:00
movie_e98ddf60df1d,Harvest (2024),,https://letterboxd.com/film/harvest-2024/,2026-06-01T07:52:10+00:00
movie_0331ffbb8de0,Sasquatch Sunset (2024),,https://letterboxd.com/film/sasquatch-sunset/,2026-06-01T07:52:10+00:00
movie_344fa2d0716a,The Last Stop in Yuma County (2023),,https://letterboxd.com/film/the-last-stop-in-yuma-county/,2026-06-01T07:52:10+00:00
movie_edab00d89b18,The Bikeriders (2023),,https://letterboxd.com/film/the-bikeriders/,2026-06-01T07:52:10+00:00
movie_af8c144fdae4,The Sweet East (2023),,https://letterboxd.com/film/the-sweet-east/,2026-06-01T07:52:10+00:00
movie_6e9f3af233a2,I Used to Be Funny (2023),,https://letterboxd.com/film/i-used-to-be-funny/,2026-06-01T07:52:10+00:00
movie_b25de4870cf5,Shin Godzilla (2016),,https://letterboxd.com/film/shin-godzilla/,2026-06-01T07:52:10+00:00
movie_d4c7cbd8a74e,War of the Worlds,,,2026-06-01T07:52:46+00:00
movie_b00111462f9c,Companion,,,2026-06-01T07:53:09+00:00
movie_0a96023285a2,Captain Underpants: The First Epic Movie (2017),,https://letterboxd.com/film/captain-underpants-the-first-epic-movie/,2026-06-01T07:53:46+00:00
movie_9b5c89de85e7,Annie (2014),,https://letterboxd.com/film/annie-2014/,2026-06-01T07:53:49+00:00
movie_f8fdae3ede57,Insidious: Chapter 2 (2013),,https://letterboxd.com/film/insidious-chapter-2/,2026-06-01T07:53:49+00:00
movie_4b30991dd2eb,Planes (2013),,https://letterboxd.com/film/planes/,2026-06-01T07:53:49+00:00
movie_e894cc8289bd,Madagascar 3: Europe's Most Wanted (2012),,https://letterboxd.com/film/madagascar-3-europes-most-wanted/,2026-06-01T07:53:49+00:00
movie_c9ea853b3017,Insidious (2010),,https://letterboxd.com/film/insidious/,2026-06-01T07:53:49+00:00
movie_4025086d1958,Alvin and the Chipmunks (2007),,https://letterboxd.com/film/alvin-and-the-chipmunks/,2026-06-01T07:53:49+00:00
movie_ee81ef01601a,Shrek the Third (2007),,https://letterboxd.com/film/shrek-the-third/,2026-06-01T07:53:49+00:00
movie_1e7cb3bcff72,Jujutsu Kaisen 0,,,2026-06-01T07:53:53+00:00
movie_be79d733e84b,Humint (2026),,https://letterboxd.com/film/humint/,2026-06-01T07:56:14+00:00
movie_77153d8d545a,Code 3 (2025),,https://letterboxd.com/film/code-3/,2026-06-01T07:56:14+00:00
movie_e2bdf0798fdf,Fuze (2025),,https://letterboxd.com/film/fuze/,2026-06-01T07:56:14+00:00
movie_c38b2907de27,Dead of Winter (2025),,https://letterboxd.com/film/dead-of-winter-2025/,2026-06-01T07:56:14+00:00
movie_76068fe23d36,G20 (2025),,https://letterboxd.com/film/g20/,2026-06-01T07:56:14+00:00
movie_cabce4e75b20,Redux Redux (2025),,https://letterboxd.com/film/redux-redux/,2026-06-01T07:56:14+00:00
movie_d16f29cdbbd4,Last Breath (2025),,https://letterboxd.com/film/last-breath-2025/,2026-06-01T07:56:14+00:00
movie_e44916e7fb48,Cleaner (2025),,https://letterboxd.com/film/cleaner-2025/,2026-06-01T07:56:14+00:00
movie_8bb9605e5346,The Monkey,,,2026-06-01T07:56:18+00:00
movie_8c9de8a05181,The Luckiest Man in America (2024),,https://letterboxd.com/film/the-luckiest-man-in-america/,2026-06-01T07:56:18+00:00
movie_606d26be3a13,The Thicket (2024),,https://letterboxd.com/film/the-thicket/,2026-06-01T07:56:18+00:00
movie_4297bbf0a46b,Relay (2024),,https://letterboxd.com/film/relay-2024/,2026-06-01T07:56:18+00:00
movie_42766bea2066,DEVO (2024),,https://letterboxd.com/film/devo/,2026-06-01T07:56:18+00:00
movie_0006eab83470,PLUTO (2023),,https://letterboxd.com/film/pluto-2023-1/,2026-06-01T07:56:18+00:00
movie_2d7a9ecfad72,Old Dads (2023),,https://letterboxd.com/film/old-dads/,2026-06-01T07:56:18+00:00
movie_42a6a04ec334,Eternity,,,2026-06-01T07:56:44+00:00
movie_221c572a00db,X,,,2026-06-01T07:57:18+00:00
movie_e0a81f5c8cdf,Screamboat (2025),,https://letterboxd.com/film/screamboat/,2026-06-01T07:57:26+00:00
movie_0673301cb2e1,Tell Them You Love Me (2023),,https://letterboxd.com/film/tell-them-you-love-me/,2026-06-01T07:57:26+00:00
movie_66d6a0afbb84,Hell House LLC Origins: The Carmichael Manor (2023),,https://letterboxd.com/film/hell-house-llc-origins-the-carmichael-manor/,2026-06-01T07:57:26+00:00
movie_5ba5dbde87cb,The Strangers: Prey at Night (2018),,https://letterboxd.com/film/the-strangers-prey-at-night/,2026-06-01T07:57:26+00:00
movie_0d77f092f5e3,Krampus (2015),,https://letterboxd.com/film/krampus/,2026-06-01T07:57:26+00:00
movie_c50480e90951,Instructions Not Included (2013),,https://letterboxd.com/film/instructions-not-included/,2026-06-01T07:57:26+00:00
movie_b354e21c8d52,42 (2013),,https://letterboxd.com/film/42/,2026-06-01T07:57:26+00:00
movie_ecd63f8bdf77,Friday the 13th (2009),,https://letterboxd.com/film/friday-the-13th-2009/,2026-06-01T07:57:26+00:00
movie_f4073f620ee0,Trick 'r Treat (2007),,https://letterboxd.com/film/trick-r-treat/,2026-06-01T07:57:26+00:00
movie_0d3c734ab863,The Hills Have Eyes (2006),,https://letterboxd.com/film/the-hills-have-eyes-2006/,2026-06-01T07:57:26+00:00
movie_b5aeb049ce5c,Jarhead (2005),,https://letterboxd.com/film/jarhead/,2026-06-01T07:57:26+00:00
movie_a060fd0f2fa1,Grizzly Man (2005),,https://letterboxd.com/film/grizzly-man/,2026-06-01T07:57:26+00:00
movie_a69b226ff682,The Texas Chainsaw Massacre (2003),,https://letterboxd.com/film/the-texas-chainsaw-massacre/,2026-06-01T07:57:30+00:00
movie_fc0c16d1fd9a,Ichi the Killer (2001),,https://letterboxd.com/film/ichi-the-killer/,2026-06-01T07:57:30+00:00
movie_19c9b66beb71,Friday (1995),,https://letterboxd.com/film/friday/,2026-06-01T07:57:30+00:00
movie_ef711b0ffc04,The Sandlot (1993),,https://letterboxd.com/film/the-sandlot/,2026-06-01T07:57:30+00:00
movie_885902b2d038,A League of Their Own (1992),,https://letterboxd.com/film/a-league-of-their-own/,2026-06-01T07:57:30+00:00
movie_82ddb5c1237f,The Terminator (1984),,https://letterboxd.com/film/the-terminator/,2026-06-01T07:57:30+00:00
movie_10419f17e8b6,Friday the 13th (1980),,https://letterboxd.com/film/friday-the-13th/,2026-06-01T07:57:30+00:00
movie_44b0d9e19f72,Cléo from 5 to 7 (1962),,https://letterboxd.com/film/cleo-from-5-to-7/,2026-06-01T07:57:30+00:00
movie_cea579c26355,Bicycle Thieves (1948),,https://letterboxd.com/film/bicycle-thieves/,2026-06-01T07:57:30+00:00
movie_28b37441a434,Colony,,,2026-06-01T07:58:36+00:00
movie_3e3fe62b90ec,An Elephant Sitting Still (2018),,https://letterboxd.com/film/an-elephant-sitting-still/,2026-06-01T07:58:44+00:00
movie_2f2801b3f32e,Scream 2 (1997),,https://letterboxd.com/film/scream-2/,2026-06-01T07:58:44+00:00
movie_90b490dc522c,A Brighter Summer Day (1991),,https://letterboxd.com/film/a-brighter-summer-day/,2026-06-01T07:58:44+00:00
movie_5677fff8c8e8,Pitch Perfect 2,,,2026-06-01T07:59:09+00:00
movie_0ff91ca2f3f4,Taylor Swift | The Eras Tour | The Final Show (2025),,https://letterboxd.com/film/taylor-swift-the-eras-tour-the-final-show/,2026-06-01T08:00:57+00:00
movie_20248244f8d1,Somebody to Love (2025),,https://letterboxd.com/film/somebody-to-love-2025/,2026-06-01T08:00:57+00:00
movie_fe72b703edfc,SNL50: The Anniversary Special (2025),,https://letterboxd.com/film/snl50-the-anniversary-special-2025/,2026-06-01T08:00:57+00:00
movie_dd2ae38cd85a,Her Story (2024),,https://letterboxd.com/film/her-story-2024/,2026-06-01T08:00:57+00:00
movie_cd5cf602cecc,The Perfect Couple (2024),,https://letterboxd.com/film/the-perfect-couple-2024/,2026-06-01T08:00:57+00:00
movie_910b01009223,Mother of the Bride (2024),,https://letterboxd.com/film/mother-of-the-bride-2024/,2026-06-01T08:00:57+00:00
movie_094f198db35c,Black Box Diaries (2024),,https://letterboxd.com/film/black-box-diaries/,2026-06-01T08:00:57+00:00
movie_1d9acb8a62cc,Lessons in Chemistry (2023),,https://letterboxd.com/film/lessons-in-chemistry/,2026-06-01T08:00:57+00:00
movie_129a177e7ba4,Call Me Chihiro (2023),,https://letterboxd.com/film/call-me-chihiro/,2026-06-01T08:01:02+00:00
movie_93d67be05882,"Nevertheless, (2021)",,https://letterboxd.com/film/nevertheless-2021/,2026-06-01T08:01:02+00:00
movie_1a94da17ee5d,We Made a Beautiful Bouquet (2021),,https://letterboxd.com/film/we-made-a-beautiful-bouquet/,2026-06-01T08:01:02+00:00
movie_6b9811b4be2d,Folklore: The Long Pond Studio Sessions (2020),,https://letterboxd.com/film/folklore-the-long-pond-studio-sessions/,2026-06-01T08:01:02+00:00
movie_25785ca14d58,Shiva Baby,,,2026-06-01T08:02:01+00:00
movie_bfb13faf20ba,Hannah Montana 20th Anniversary Special (2026),,https://letterboxd.com/film/hannah-montana-20th-anniversary-special/,2026-06-01T08:02:08+00:00
movie_185cdc4cfc70,Eleanor the Great (2025),,https://letterboxd.com/film/eleanor-the-great/,2026-06-01T08:02:08+00:00
movie_11965f504664,Nickel Boys (2024),,https://letterboxd.com/film/nickel-boys/,2026-06-01T08:02:08+00:00
movie_3c4eae006a38,Maria (2024),,https://letterboxd.com/film/maria-2024/,2026-06-01T08:02:08+00:00
movie_60f52f6ac2d5,Strawberry Mansion (2021),,https://letterboxd.com/film/strawberry-mansion/,2026-06-01T08:02:08+00:00
movie_1e8badec5c9e,Hamilton,,,2026-06-01T08:02:13+00:00
movie_92c1bedd8859,I Feel Pretty (2018),,https://letterboxd.com/film/i-feel-pretty/,2026-06-01T08:02:13+00:00
movie_0151449238b1,20th Century Women (2016),,https://letterboxd.com/film/20th-century-women/,2026-06-01T08:02:13+00:00
movie_6f9ec3156b3f,Jackie (2016),,https://letterboxd.com/film/jackie-2016/,2026-06-01T08:02:13+00:00
movie_8a13e1cb59c0,Burn After Reading (2008),,https://letterboxd.com/film/burn-after-reading/,2026-06-01T08:02:13+00:00
movie_905e95e30301,Garden State (2004),,https://letterboxd.com/film/garden-state/,2026-06-01T08:02:13+00:00
movie_542b9c6a87e8,Barton Fink (1991),,https://letterboxd.com/film/barton-fink/,2026-06-01T08:02:13+00:00
movie_33f1029e4a3a,Miller's Crossing (1990),,https://letterboxd.com/film/millers-crossing/,2026-06-01T08:02:13+00:00
movie_8173168009bb,I Love Boosters,,,2026-06-01T08:02:23+00:00
movie_37b083ee0239,Midnight in Paris,,,2026-06-01T08:02:50+00:00
movie_5221a00e4215,Get Out,,,2026-06-01T08:04:20+00:00
movie_bdd243a4db58,Freakier Friday,,,2026-06-01T08:06:53+00:00
movie_7ed8c2fd4906,Crush (2022),,https://letterboxd.com/film/crush-2022/,2026-06-01T08:06:53+00:00
movie_7e3287b09a61,Ice Age: Collision Course (2016),,https://letterboxd.com/film/ice-age-collision-course/,2026-06-01T08:06:53+00:00
movie_82a46d1b4b11,Imagine Me & You (2005),,https://letterboxd.com/film/imagine-me-you/,2026-06-01T08:06:53+00:00
movie_c77390213cee,What a Girl Wants (2003),,https://letterboxd.com/film/what-a-girl-wants/,2026-06-01T08:06:57+00:00
movie_ad4a32234858,Bend It Like Beckham (2002),,https://letterboxd.com/film/bend-it-like-beckham/,2026-06-01T08:06:57+00:00
movie_a1f5238efe82,Bridget Jones's Diary (2001),,https://letterboxd.com/film/bridget-joness-diary/,2026-06-01T08:06:57+00:00
movie_e27ff202f66b,Hercules (1997),,https://letterboxd.com/film/hercules-1997/,2026-06-01T08:06:57+00:00
movie_ec7c4972e93d,Four Weddings and a Funeral (1994),,https://letterboxd.com/film/four-weddings-and-a-funeral/,2026-06-01T08:06:57+00:00
movie_5bf01e53ab8f,Beverly Hills Cop (1984),,https://letterboxd.com/film/beverly-hills-cop/,2026-06-01T08:06:57+00:00
movie_aa8d4eb504e7,The Aristocats (1970),,https://letterboxd.com/film/the-aristocats/,2026-06-01T08:06:57+00:00
movie_359facc2c4bd,Rush Hour,,,2026-06-01T08:07:33+00:00
movie_d6957ab27dd0,Yoroï (2025),,https://letterboxd.com/film/yoroi/,2026-06-01T08:08:14+00:00
movie_76e4662def18,Dog 51 (2025),,https://letterboxd.com/film/dog-51/,2026-06-01T08:08:14+00:00
movie_9989a6bd7a19,Kaizen (2024),,https://letterboxd.com/film/kaizen/,2026-06-01T08:08:14+00:00
movie_cdee73937248,The Balconettes (2024),,https://letterboxd.com/film/the-balconettes/,2026-06-01T08:08:14+00:00
movie_bd69cc847d84,Holy Cow (2024),,https://letterboxd.com/film/holy-cow-2024/,2026-06-01T08:08:14+00:00
movie_8fe6b2bbebfc,Bob Marley: One Love (2024),,https://letterboxd.com/film/bob-marley-one-love/,2026-06-01T08:08:14+00:00
movie_4fb0f0ee389c,Les SEGPA au ski (2023),,https://letterboxd.com/film/les-segpa-au-ski/,2026-06-01T08:08:14+00:00
movie_baa4a9496287,The Three Musketeers: Milady (2023),,https://letterboxd.com/film/the-three-musketeers-milady/,2026-06-01T08:08:18+00:00
movie_0c9c4fff7d8d,Fanfic (2023),,https://letterboxd.com/film/fanfic/,2026-06-01T08:08:18+00:00
movie_34c5ffb2dc04,Blood & Gold (2023),,https://letterboxd.com/film/blood-gold/,2026-06-01T08:08:18+00:00
movie_23c2c1a1f65d,Happy Gilmore 2,,,2026-06-01T08:09:22+00:00
movie_6c8c36e0ab2d,28 Years Later,,,2026-06-01T08:10:00+00:00
movie_0edb4abfd40b,Do Not Enter (2026),,https://letterboxd.com/film/do-not-enter-2026/,2026-06-01T08:10:06+00:00
movie_2c68a41bfbe1,Mudborn (2025),,https://letterboxd.com/film/mudborn/,2026-06-01T08:10:06+00:00
movie_2aaab626580a,Ziam (2025),,https://letterboxd.com/film/ziam/,2026-06-01T08:10:06+00:00
movie_a140e18f0e72,Marshmallow (2025),,https://letterboxd.com/film/marshmallow-2025/,2026-06-01T08:10:06+00:00
movie_729742ae5d50,Mononoke the Movie: Chapter II - The Ashes of Rage (2025),,https://letterboxd.com/film/mononoke-the-movie-chapter-ii-the-ashes-of/,2026-06-01T08:10:06+00:00
movie_9739d54c6ec7,Strange Frequencies: Taiwan Killer Hospital (2024),,https://letterboxd.com/film/strange-frequencies-taiwan-killer-hospital/,2026-06-01T08:10:06+00:00
movie_2d157565cd64,The Diary (2024),,https://letterboxd.com/film/the-diary/,2026-06-01T08:10:06+00:00
movie_91eebcffefc7,Mononoke the Movie: The Phantom in the Rain (2024),,https://letterboxd.com/film/mononoke-the-movie-the-phantom-in-the-rain/,2026-06-01T08:10:06+00:00
movie_c3d3890a25e1,Oddity,,,2026-06-01T08:10:10+00:00
movie_c5282d3b633d,Chime (2024),,https://letterboxd.com/film/chime/,2026-06-01T08:10:10+00:00
movie_077b74342f1a,Mai (2024),,https://letterboxd.com/film/mai-2024/,2026-06-01T08:10:10+00:00
movie_842b3601083a,Infested (2023),,https://letterboxd.com/film/infested-2023/,2026-06-01T08:10:10+00:00
movie_b87f185daaf9,Cobweb (2023),,https://letterboxd.com/film/cobweb-2023/,2026-06-01T08:10:10+00:00
movie_4d9aa807312f,Sleep (2023),,https://letterboxd.com/film/sleep-2023/,2026-06-01T08:10:10+00:00
movie_e27bcad10855,Birth/Rebirth (2023),,https://letterboxd.com/film/birth-rebirth/,2026-06-01T08:10:10+00:00
movie_74d3b7bd005c,Influencer (2022),,https://letterboxd.com/film/influencer-2022/,2026-06-01T08:10:10+00:00
movie_cd8c28c41f6f,Huesera: The Bone Woman (2022),,https://letterboxd.com/film/huesera-the-bone-woman/,2026-06-01T08:10:10+00:00
movie_c85963f74e07,Soft & Quiet (2022),,https://letterboxd.com/film/soft-quiet/,2026-06-01T08:10:10+00:00
movie_e87608ef675f,Lullaby (2022),,https://letterboxd.com/film/lullaby-2022-1/,2026-06-01T08:10:10+00:00
movie_e1d3dba3df05,Paranormal Activity: Next of Kin (2021),,https://letterboxd.com/film/paranormal-activity-next-of-kin/,2026-06-01T08:10:10+00:00
movie_bc11333789ae,No One Gets Out Alive (2021),,https://letterboxd.com/film/no-one-gets-out-alive/,2026-06-01T08:10:10+00:00
movie_ef4261ff72fa,The Grandmother (2021),,https://letterboxd.com/film/the-grandmother-2021/,2026-06-01T08:10:10+00:00
movie_7ee0376a63d7,Kingdom: Ashin of the North (2021),,https://letterboxd.com/film/kingdom-ashin-of-the-north/,2026-06-01T08:10:10+00:00
movie_87a8d12c36e3,Chennai Express (2013),,https://letterboxd.com/film/chennai-express/,2026-06-01T08:11:06+00:00
movie_f8f58cface77,Udaan (2010),,https://letterboxd.com/film/udaan/,2026-06-01T08:11:06+00:00
movie_96e38898a5f7,Oye Lucky! Lucky Oye! (2008),,https://letterboxd.com/film/oye-lucky-lucky-oye/,2026-06-01T08:11:06+00:00
movie_eb2b9503451c,Lost and Found (1996),,https://letterboxd.com/film/lost-and-found-1996/,2026-06-01T08:11:06+00:00
movie_1479536b8f2e,Champagne Problems (2025),,https://letterboxd.com/film/champagne-problems/,2026-06-01T08:13:16+00:00
movie_16bbbdd34960,Taylor Swift | The Official Release Party of a Showgirl (2025),,https://letterboxd.com/film/taylor-swift-the-official-release-party-of/,2026-06-01T08:13:16+00:00
movie_0d5f11ee974c,The Princess Switch 3: Romancing the Star (2021),,https://letterboxd.com/film/the-princess-switch-3-romancing-the-star/,2026-06-01T08:13:16+00:00
movie_5a3922d6f8ec,Muppets Haunted Mansion (2021),,https://letterboxd.com/film/muppets-haunted-mansion/,2026-06-01T08:13:16+00:00
movie_75191adf1e31,The Tomorrow War (2021),,https://letterboxd.com/film/the-tomorrow-war/,2026-06-01T08:13:19+00:00
movie_5a36c3c3f857,An American Pickle (2020),,https://letterboxd.com/film/an-american-pickle/,2026-06-01T08:13:19+00:00
movie_2e82571bb7a7,Fantasy Island (2020),,https://letterboxd.com/film/fantasy-island/,2026-06-01T08:13:19+00:00
movie_72b5e6d78696,The Turning (2020),,https://letterboxd.com/film/the-turning-2020/,2026-06-01T08:13:19+00:00
movie_5d4338af0b35,The Secret Life of Pets 2 (2019),,https://letterboxd.com/film/the-secret-life-of-pets-2/,2026-06-01T08:13:19+00:00
movie_9a600a7ada96,The Perfect Date (2019),,https://letterboxd.com/film/the-perfect-date-2019/,2026-06-01T08:13:19+00:00
movie_c7517d890b49,Isn't It Romantic (2019),,https://letterboxd.com/film/isnt-it-romantic-2019/,2026-06-01T08:13:19+00:00
movie_b77515ef69b6,Taylor Swift: Reputation Stadium Tour (2018),,https://letterboxd.com/film/taylor-swift-reputation-stadium-tour/,2026-06-01T08:13:19+00:00
movie_a4663142a660,The Princess Switch (2018),,https://letterboxd.com/film/the-princess-switch/,2026-06-01T08:13:19+00:00
movie_708a773d37c4,Smallfoot (2018),,https://letterboxd.com/film/smallfoot/,2026-06-01T08:13:19+00:00
movie_db4c5ba9e518,The Super Mario Bros. Movie,,,2026-06-01T08:13:34+00:00
movie_1c4000157f95,Clue,,,2026-06-01T08:14:17+00:00
movie_e803bc29b281,Clue (1985),,https://letterboxd.com/film/clue/,2026-06-01T08:14:17+00:00
movie_99d06a8fe07e,Khel Khel Mein (2024),,https://letterboxd.com/film/khel-khel-mein-2024/,2026-06-01T08:14:25+00:00
movie_d31ed7b39a9a,Stree 2 (2024),,https://letterboxd.com/film/stree-2/,2026-06-01T08:14:25+00:00
movie_828445b6eea6,Merry Christmas (2024),,https://letterboxd.com/film/merry-christmas-2024/,2026-06-01T08:14:26+00:00
movie_601de8be28a2,Dream Girl 2 (2023),,https://letterboxd.com/film/dream-girl-2-2023/,2026-06-01T08:14:26+00:00
movie_962cf28ee132,Rocky Aur Rani Kii Prem Kahaani (2023),,https://letterboxd.com/film/rocky-aur-rani-kii-prem-kahaani/,2026-06-01T08:14:26+00:00
movie_a6ba94a2cd64,Avatar: The Way of Water,,,2026-06-01T08:14:30+00:00
movie_4b10af75278c,Darlings (2022),,https://letterboxd.com/film/darlings-2022/,2026-06-01T08:14:30+00:00
movie_ce584f3599e8,Wedding Season (2022),,https://letterboxd.com/film/wedding-season/,2026-06-01T08:14:30+00:00
movie_1d4988973563,The Weekend Away (2022),,https://letterboxd.com/film/the-weekend-away/,2026-06-01T08:14:30+00:00
movie_1777125eaa31,Gangubai Kathiawadi (2022),,https://letterboxd.com/film/gangubai-kathiawadi/,2026-06-01T08:14:30+00:00
movie_91d5ed05c054,Badhaai Do (2022),,https://letterboxd.com/film/badhaai-do/,2026-06-01T08:14:30+00:00
movie_20010fe67fb0,Mimi (2021),,https://letterboxd.com/film/mimi-2021/,2026-06-01T08:14:30+00:00
movie_b89d67740888,There's Someone Inside Your House (2021),,https://letterboxd.com/film/theres-someone-inside-your-house/,2026-06-01T08:14:30+00:00
movie_efd8c357f519,The Princess Switch: Switched Again (2020),,https://letterboxd.com/film/the-princess-switch-switched-again/,2026-06-01T08:14:30+00:00
movie_cb113080479f,Ludo (2020),,https://letterboxd.com/film/ludo-2020/,2026-06-01T08:14:30+00:00
movie_9f5fe9e0156e,You're Next (2011),,https://letterboxd.com/film/youre-next/,2026-06-01T08:15:24+00:00
movie_f1f5b558609c,A Nightmare on Elm Street (2010),,https://letterboxd.com/film/a-nightmare-on-elm-street-2010/,2026-06-01T08:15:24+00:00
movie_e11255658cde,9 (2009),,https://letterboxd.com/film/9/,2026-06-01T08:15:24+00:00
movie_31565397f5e1,Pom Poko (1994),,https://letterboxd.com/film/pom-poko/,2026-06-01T08:15:28+00:00
movie_f651d73a686b,A Nightmare on Elm Street (1984),,https://letterboxd.com/film/a-nightmare-on-elm-street/,2026-06-01T08:15:28+00:00
movie_18b0ea181da5,Safe House (2012),,https://letterboxd.com/film/safe-house-2012/,2026-06-01T08:18:36+00:00
movie_e83d02fd51fc,Losers' Club (2011),,https://letterboxd.com/film/losers-club/,2026-06-01T08:18:36+00:00
movie_24dd5cbdf3b9,Déjà Vu (2006),,https://letterboxd.com/film/deja-vu/,2026-06-01T08:18:36+00:00
movie_41dffc52c55f,Stay (2005),,https://letterboxd.com/film/stay/,2026-06-01T08:18:36+00:00
movie_60bc3f87e2c9,Man on Fire (2004),,https://letterboxd.com/film/man-on-fire-2004/,2026-06-01T08:18:36+00:00
movie_6ec3d4242f0f,American Honey (2016),,https://letterboxd.com/film/american-honey/,2026-06-01T08:19:46+00:00
movie_5875baa4de07,Fresh,,,2026-06-01T08:20:05+00:00
movie_3b083ff6ba0c,The Twits (2025),,https://letterboxd.com/film/the-twits/,2026-06-01T08:20:55+00:00
movie_b8caa0200ab2,That Christmas (2024),,https://letterboxd.com/film/that-christmas/,2026-06-01T08:20:55+00:00
movie_08281e83cccf,Once Upon a Studio (2023),,https://letterboxd.com/film/once-upon-a-studio/,2026-06-01T08:20:55+00:00
movie_18fcfddc69d2,Zootopia+ (2022),,https://letterboxd.com/film/zootopia-2022/,2026-06-01T08:20:55+00:00
movie_4d6839199b91,The Wrong Missy (2020),,https://letterboxd.com/film/the-wrong-missy/,2026-06-01T08:20:58+00:00
movie_b9c671beb580,The Willoughbys (2020),,https://letterboxd.com/film/the-willoughbys/,2026-06-01T08:20:58+00:00
movie_ea946f55330f,How to Train Your Dragon: Homecoming (2019),,https://letterboxd.com/film/how-to-train-your-dragon-homecoming/,2026-06-01T08:20:58+00:00
movie_133151cdfd71,School Life (2019),,https://letterboxd.com/film/school-life-2019/,2026-06-01T08:20:58+00:00
movie_82d3a4510ca9,Rim of the World (2019),,https://letterboxd.com/film/rim-of-the-world/,2026-06-01T08:20:58+00:00
movie_330f200bd5ef,Les Misérables (2019),,https://letterboxd.com/film/les-miserables-2019/,2026-06-01T08:20:58+00:00
movie_1f645f984112,Dilili in Paris (2018),,https://letterboxd.com/film/dilili-in-paris/,2026-06-01T08:20:58+00:00
movie_48b8d196f3cf,Sink or Swim (2018),,https://letterboxd.com/film/sink-or-swim-2018/,2026-06-01T08:20:58+00:00
movie_f2c2dfe08626,Asterix: The Secret of the Magic Potion (2018),,https://letterboxd.com/film/asterix-the-secret-of-the-magic-potion/,2026-06-01T08:20:58+00:00
movie_84e82c8b2a1e,Christmas & Co. (2017),,https://letterboxd.com/film/christmas-co/,2026-06-01T08:20:58+00:00
movie_d557ab4fc7d6,Mary and The Witch's Flower (2017),,https://letterboxd.com/film/mary-and-the-witchs-flower/,2026-06-01T08:20:58+00:00
movie_fefa92b7c9fe,A Bag of Marbles (2017),,https://letterboxd.com/film/a-bag-of-marbles-2017/,2026-06-01T08:20:58+00:00
movie_85be5357609a,Two Is a Family (2016),,https://letterboxd.com/film/two-is-a-family/,2026-06-01T08:20:58+00:00
movie_83be0ddb4021,Avengers: Infinity War,,,2026-06-01T08:21:10+00:00
movie_8b15255c499b,Arco,,,2026-06-01T08:21:24+00:00
movie_1751ed850640,The Platform 2,,,2026-06-01T08:22:31+00:00
movie_6cb1dd38ee1f,Little Miss Sunshine,,,2026-06-01T08:22:35+00:00
movie_d043469921c4,Pretty Lethal,,,2026-06-01T08:22:55+00:00
movie_a883b3ed07f6,The Dig (2021),,https://letterboxd.com/film/the-dig-2021/,2026-06-01T08:25:01+00:00
movie_e5c1b4e3e327,The Holiday,,,2026-06-01T08:25:05+00:00
movie_3c901dfadf0b,Napoleon Dynamite,,,2026-06-01T08:26:07+00:00
movie_6650763b82ae,The Investigation of Lucy Letby (2026),,https://letterboxd.com/film/the-investigation-of-lucy-letby/,2026-06-01T08:26:15+00:00
movie_2902b029f576,Babyteeth (2019),,https://letterboxd.com/film/babyteeth/,2026-06-01T08:26:15+00:00
movie_aa221d05eff6,Someone Great (2019),,https://letterboxd.com/film/someone-great/,2026-06-01T08:26:20+00:00
movie_e34f04569d4f,Sierra Burgess Is a Loser (2018),,https://letterboxd.com/film/sierra-burgess-is-a-loser/,2026-06-01T08:26:20+00:00
movie_04f2778c8681,Little Italy (2018),,https://letterboxd.com/film/little-italy-2018/,2026-06-01T08:26:20+00:00
movie_0858e3d50a35,"Everything, Everything (2017)",,https://letterboxd.com/film/everything-everything/,2026-06-01T08:26:20+00:00
movie_af60ffeae1d1,God's Own Country (2017),,https://letterboxd.com/film/gods-own-country-2017/,2026-06-01T08:26:20+00:00
movie_99d5ce0ee82b,The Longest Ride (2015),,https://letterboxd.com/film/the-longest-ride/,2026-06-01T08:26:20+00:00
movie_5dd2887c889c,Practical Magic,,,2026-06-01T08:26:45+00:00
movie_d679f625f656,Riefenstahl (2024),,https://letterboxd.com/film/riefenstahl/,2026-06-01T08:27:42+00:00
movie_41dffc2d9630,Arnold (2023),,https://letterboxd.com/film/arnold-2023/,2026-06-01T08:27:42+00:00
movie_daa6a2b88176,"Love, Death & Robots: The Drowned Giant (2021)",,https://letterboxd.com/film/love-death-robots-the-drowned-giant/,2026-06-01T08:27:42+00:00
movie_73a5f2a37e45,"Love, Death & Robots: Snow in the Desert (2021)",,https://letterboxd.com/film/love-death-robots-snow-in-the-desert/,2026-06-01T08:27:42+00:00
movie_2b635ae19f1f,"Love, Death & Robots: Pop Squad (2021)",,https://letterboxd.com/film/love-death-robots-pop-squad/,2026-06-01T08:27:42+00:00
movie_f1d47dca6cc7,"Love, Death & Robots: Ice (2021)",,https://letterboxd.com/film/love-death-robots-ice/,2026-06-01T08:27:42+00:00
movie_f3313ce8590a,"Love, Death & Robots: The Secret War (2019)",,https://letterboxd.com/film/love-death-robots-the-secret-war/,2026-06-01T08:27:42+00:00
movie_e5414b4c0786,"Love, Death & Robots: Zima Blue (2019)",,https://letterboxd.com/film/love-death-robots-zima-blue/,2026-06-01T08:27:42+00:00
movie_4a67b40530ed,"Love, Death & Robots: Three Robots (2019)",,https://letterboxd.com/film/love-death-robots-three-robots/,2026-06-01T08:27:42+00:00
movie_055834038624,Elisa & Marcela (2019),,https://letterboxd.com/film/elisa-marcela/,2026-06-01T08:27:42+00:00
movie_99f133f041fe,The Boy and the Beast (2015),,https://letterboxd.com/film/the-boy-and-the-beast/,2026-06-01T08:27:46+00:00
movie_e45f0430403d,Terror in Resonance (2014),,https://letterboxd.com/film/terror-in-resonance/,2026-06-01T08:27:46+00:00
movie_3a04c96fd717,300: Rise of an Empire (2014),,https://letterboxd.com/film/300-rise-of-an-empire/,2026-06-01T08:27:46+00:00
movie_c930f101ed76,Blue Is the Warmest Color (2013),,https://letterboxd.com/film/blue-is-the-warmest-color/,2026-06-01T08:27:46+00:00
movie_2168ee61a7b0,Chasing Mavericks (2012),,https://letterboxd.com/film/chasing-mavericks/,2026-06-01T08:27:46+00:00
movie_8ccddf1dd439,Kamisama Kiss (2012),,https://letterboxd.com/film/kamisama-kiss-2012/,2026-06-01T08:27:46+00:00
movie_68146fac8009,Johnny English Reborn (2011),,https://letterboxd.com/film/johnny-english-reborn/,2026-06-01T08:27:46+00:00
movie_2069ce371413,Taylor Swift | The End of an Era,,,2026-06-01T08:28:02+00:00
movie_49faa29e4474,Monte Carlo (2011),,https://letterboxd.com/film/monte-carlo/,2026-06-01T08:28:51+00:00
movie_0e4843cb5aa0,Pop Star Academy: KATSEYE (2024),,https://letterboxd.com/film/pop-star-academy-katseye/,2026-06-01T08:28:59+00:00
movie_5cad60e845a9,16 Wishes (2010),,https://letterboxd.com/film/16-wishes/,2026-06-01T08:29:03+00:00
movie_9da0b799a857,Leap Year (2010),,https://letterboxd.com/film/leap-year/,2026-06-01T08:29:03+00:00
movie_3a0995b68c30,Hannah Montana: The Movie (2009),,https://letterboxd.com/film/hannah-montana-the-movie/,2026-06-01T08:29:03+00:00
movie_e6da8747351a,Clueless,,,2026-06-01T08:29:47+00:00
movie_30941703c6d6,Harold & Kumar Go to White Castle (2004),,https://letterboxd.com/film/harold-kumar-go-to-white-castle/,2026-06-01T08:30:30+00:00
movie_ea11f3cd1e56,From Dusk Till Dawn (1996),,https://letterboxd.com/film/from-dusk-till-dawn/,2026-06-01T08:30:30+00:00
movie_0488d964c88b,Ace Ventura: Pet Detective (1994),,https://letterboxd.com/film/ace-ventura-pet-detective/,2026-06-01T08:30:30+00:00
movie_bd6da54372a4,The Naked Gun 2½: The Smell of Fear (1991),,https://letterboxd.com/film/the-naked-gun-2-the-smell-of-fear/,2026-06-01T08:30:30+00:00
movie_b1b752428eee,Wait Until I Make It (2026),,https://letterboxd.com/film/wait-until-i-make-it/,2026-06-01T08:32:46+00:00
movie_5523a860ccef,The Architecture of Love (2024),,https://letterboxd.com/film/the-architecture-of-love/,2026-06-01T08:32:46+00:00
movie_e4da7fcc6310,Lookism (2022),,https://letterboxd.com/film/lookism/,2026-06-01T08:32:46+00:00
movie_1bcd55e037fd,Marry My Dead Body (2022),,https://letterboxd.com/film/marry-my-dead-body/,2026-06-01T08:32:46+00:00
movie_8758a45f1879,My Liberation Notes (2022),,https://letterboxd.com/film/my-liberation-notes/,2026-06-01T08:32:46+00:00
movie_ac1cd3b73d32,Ali & Ratu Ratu Queens (2021),,https://letterboxd.com/film/ali-ratu-ratu-queens/,2026-06-01T08:32:46+00:00
movie_38677a53b220,Move to Heaven (2021),,https://letterboxd.com/film/move-to-heaven/,2026-06-01T08:32:46+00:00
movie_aaf841e26fb8,Taxi Driver (2021),,https://letterboxd.com/film/taxi-driver-2021/,2026-06-01T08:32:46+00:00
movie_beaf905a6a7c,Strong Woman Do Bong-Soon (2017),,https://letterboxd.com/film/strong-woman-do-bong-soon/,2026-06-01T08:32:46+00:00
movie_3a5ad95e91a4,Reply 1988 (2015),,https://letterboxd.com/film/reply-1988/,2026-06-01T08:32:46+00:00
movie_351717de3a52,In the Absence of the Sun (2014),,https://letterboxd.com/film/in-the-absence-of-the-sun/,2026-06-01T08:32:46+00:00
movie_e143763e9682,What's Up with Cinta? (2002),,https://letterboxd.com/film/whats-up-with-cinta/,2026-06-01T08:32:50+00:00
movie_bfe1989ccead,Elf,,,2026-06-01T08:38:20+00:00
movie_66e32d8e6542,Casablanca,,,2026-06-01T08:38:38+00:00
movie_1a44e7e47d9e,Spider-Man: No Way Home,,,2026-06-01T08:38:51+00:00
movie_f4b5c9ceaa5a,Happy Gilmore,,,2026-06-01T08:38:58+00:00
movie_f632988c3e89,Dune: Part Three,,,2026-06-01T08:39:47+00:00
movie_f6feccbc220b,Just an Illusion (2026),,https://letterboxd.com/film/just-an-illusion-2026/,2026-06-01T08:39:47+00:00
movie_e4194094b33f,The American Dream (2026),,https://letterboxd.com/film/the-american-dream-2026/,2026-06-01T08:39:47+00:00
movie_5d67c548be02,You Found Me (2025),,https://letterboxd.com/film/you-found-me/,2026-06-01T08:39:47+00:00
movie_644032e36388,How to Make a Killing (2024),,https://letterboxd.com/film/how-to-make-a-killing/,2026-06-01T08:39:47+00:00
movie_e060d37702a0,Monsieur Aznavour (2024),,https://letterboxd.com/film/monsieur-aznavour/,2026-06-01T08:39:47+00:00
movie_fc318e4fd213,Little Tickles (2018),,https://letterboxd.com/film/little-tickles/,2026-06-01T08:39:51+00:00
movie_180f84ad8243,Serial Teachers 2 (2015),,https://letterboxd.com/film/serial-teachers-2/,2026-06-01T08:39:51+00:00
movie_dd2aeadb5669,Serial Teachers (2013),,https://letterboxd.com/film/serial-teachers/,2026-06-01T08:39:51+00:00
movie_599ab5d75364,LOL (Laughing Out Loud) (2008),,https://letterboxd.com/film/lol-laughing-out-loud/,2026-06-01T08:39:51+00:00
movie_bbb7aa4bbc77,Cheaper by the Dozen (2003),,https://letterboxd.com/film/cheaper-by-the-dozen-2003/,2026-06-01T08:39:51+00:00
movie_6c0512a63886,Mulan,,,2026-06-01T08:39:54+00:00
movie_b5eb4812fc8d,Argentina 1985 (2022),,https://letterboxd.com/film/argentina-1985/,2026-06-01T08:41:34+00:00
movie_aef259abdd8f,Against the Ice (2022),,https://letterboxd.com/film/against-the-ice/,2026-06-01T08:41:34+00:00
movie_a08d0b38de08,The Unforgivable (2021),,https://letterboxd.com/film/the-unforgivable/,2026-06-01T08:41:34+00:00
movie_934fc167dd52,The Heist of the Century (2020),,https://letterboxd.com/film/the-heist-of-the-century/,2026-06-01T08:41:34+00:00
movie_13a79d9e0c4f,Togo (2019),,https://letterboxd.com/film/togo/,2026-06-01T08:41:34+00:00
movie_171a1f4ad26e,Terminator: Dark Fate (2019),,https://letterboxd.com/film/terminator-dark-fate/,2026-06-01T08:41:34+00:00
movie_40381637bc02,Heroic Losers (2019),,https://letterboxd.com/film/heroic-losers/,2026-06-01T08:41:34+00:00
movie_8c95a70925c1,The Dead Don't Die (2019),,https://letterboxd.com/film/the-dead-dont-die-2019/,2026-06-01T08:41:34+00:00
movie_ec25da4e412b,Tolkien (2019),,https://letterboxd.com/film/tolkien-2019/,2026-06-01T08:41:34+00:00
movie_7bf1c9268756,Bad Times at the El Royale (2018),,https://letterboxd.com/film/bad-times-at-the-el-royale/,2026-06-01T08:41:34+00:00
movie_a0be595a0cf7,Cast Away,,,2026-06-01T08:42:00+00:00
movie_b7072a18961c,Waves,,,2026-06-01T08:42:48+00:00
movie_73f31a2b3089,The Lighthouse,,,2026-06-01T08:43:36+00:00
movie_b809419876df,"No Chains, No Masters (2024)",,https://letterboxd.com/film/no-chains-no-masters/,2026-06-01T08:43:43+00:00
movie_96a38e51343d,The Good Teacher (2024),,https://letterboxd.com/film/the-good-teacher-2024/,2026-06-01T08:43:43+00:00
movie_7b9bde7a5cff,Borgo (2023),,https://letterboxd.com/film/borgo-2023/,2026-06-01T08:43:43+00:00
movie_21cc1b800f70,Just the Two of Us (2023),,https://letterboxd.com/film/just-the-two-of-us-2023-1/,2026-06-01T08:43:43+00:00
movie_48b7b821a8de,"The Boy, the Mole, the Fox and the Horse (2022)",,https://letterboxd.com/film/the-boy-the-mole-the-fox-and-the-horse/,2026-06-01T08:43:43+00:00
movie_dd3b09d1a780,Revoir Paris (2022),,https://letterboxd.com/film/revoir-paris/,2026-06-01T08:43:43+00:00
movie_e0496d2c507d,The Night of the 12th (2022),,https://letterboxd.com/film/the-night-of-the-12th/,2026-06-01T08:43:43+00:00
movie_fd59ce992585,Zero Fucks Given (2021),,https://letterboxd.com/film/zero-fucks-given/,2026-06-01T08:43:43+00:00
movie_322c4bdc95b0,JUJUTSU KAISEN,,,2026-06-01T08:43:46+00:00
movie_8c369937904c,"Someone, Somewhere (2019)",,https://letterboxd.com/film/someone-somewhere/,2026-06-01T08:43:46+00:00
movie_7b093e365da8,I Lost My Body (2019),,https://letterboxd.com/film/i-lost-my-body/,2026-06-01T08:43:46+00:00
movie_fc287473dac5,Papicha (2019),,https://letterboxd.com/film/papicha/,2026-06-01T08:43:46+00:00
movie_50f7a121ba1c,Love at Second Sight (2019),,https://letterboxd.com/film/love-at-second-sight-2019/,2026-06-01T08:43:46+00:00
movie_70b0a1c6e4cd,The Wolf's Call (2019),,https://letterboxd.com/film/the-wolfs-call/,2026-06-01T08:43:46+00:00
movie_72bd038ebdbc,The Sisters Brothers (2018),,https://letterboxd.com/film/the-sisters-brothers/,2026-06-01T08:43:46+00:00
movie_f05bd3fae02b,C'est la vie! (2017),,https://letterboxd.com/film/cest-la-vie-2017/,2026-06-01T08:43:46+00:00
movie_372bf35a288d,See You Up There (2017),,https://letterboxd.com/film/see-you-up-there/,2026-06-01T08:43:46+00:00
movie_bc905952d454,BPM (Beats per Minute) (2017),,https://letterboxd.com/film/bpm-beats-per-minute/,2026-06-01T08:43:46+00:00
movie_31fb7719974f,Lion (2016),,https://letterboxd.com/film/lion/,2026-06-01T08:43:46+00:00
movie_bc562c78ca89,The Girl Who Cried Pearls (2025),,https://letterboxd.com/film/the-girl-who-cried-pearls/,2026-06-01T08:44:51+00:00
movie_782c08215595,The Old Bachelor (2024),,https://letterboxd.com/film/the-old-bachelor/,2026-06-01T08:44:51+00:00
movie_f70bef3e0a5c,My Policeman (2022),,https://letterboxd.com/film/my-policeman/,2026-06-01T08:44:51+00:00
movie_558f7697c3a1,Orphan: First Kill (2022),,https://letterboxd.com/film/orphan-first-kill/,2026-06-01T08:44:51+00:00
movie_af1b3bb246a4,Leila's Brothers (2022),,https://letterboxd.com/film/leilas-brothers/,2026-06-01T08:44:51+00:00
movie_6e7a7ba11700,Birds of Paradise (2021),,https://letterboxd.com/film/birds-of-paradise-2021/,2026-06-01T08:44:51+00:00
movie_8432008fdf4c,Chemical Hearts (2020),,https://letterboxd.com/film/chemical-hearts/,2026-06-01T08:44:55+00:00
movie_8258e2c0a127,The SpongeBob Movie: Sponge on the Run (2020),,https://letterboxd.com/film/the-spongebob-movie-sponge-on-the-run/,2026-06-01T08:44:55+00:00
movie_0d8b197f1a74,47 Meters Down: Uncaged (2019),,https://letterboxd.com/film/47-meters-down-uncaged/,2026-06-01T08:44:55+00:00
movie_ba7b800de9a3,Hair Love (2019),,https://letterboxd.com/film/hair-love/,2026-06-01T08:44:55+00:00
movie_10880d9f7986,Haunt (2019),,https://letterboxd.com/film/haunt-2019/,2026-06-01T08:44:55+00:00
movie_ba201686916b,Anna (2019),,https://letterboxd.com/film/anna-2019/,2026-06-01T08:44:55+00:00
movie_50b2d5e52455,The Hustle (2019),,https://letterboxd.com/film/the-hustle-2019/,2026-06-01T08:44:55+00:00
movie_e75c167da529,Buffalo '66,,,2026-06-01T08:44:59+00:00
movie_9bbaee9e6be5,Rear Window,,,2026-06-01T08:45:16+00:00
movie_8b2dd6181f55,The Exorcist,,,2026-06-01T08:45:37+00:00
movie_a818a964ec6b,Neon Genesis Evangelion: The End of Evangelion,,,2026-06-01T08:46:16+00:00
movie_a32a55bc4632,Anatomy of a Fall,,,2026-06-01T08:46:16+00:00
movie_747c61026a32,Horton Hears a Who! (2008),,https://letterboxd.com/film/horton-hears-a-who-2008/,2026-06-01T08:46:27+00:00
movie_475927934b55,Over the Garden Wall,,,2026-06-01T08:46:35+00:00
movie_bc88c3b9dc47,Emilia Pérez,,,2026-06-01T08:46:55+00:00
movie_4ceda40f3e1a,Trigger (2025),,https://letterboxd.com/film/trigger-2025-4/,2026-06-01T08:47:49+00:00
movie_9a049b0283a9,Dead Talents Society (2024),,https://letterboxd.com/film/dead-talents-society/,2026-06-01T08:47:49+00:00
movie_b76fe1a8bb1d,Hijack 1971 (2024),,https://letterboxd.com/film/hijack-1971/,2026-06-01T08:47:49+00:00
movie_2cbc2c1a379d,The 8 Show (2024),,https://letterboxd.com/film/the-8-show/,2026-06-01T08:47:49+00:00
movie_32f36989739d,Ransomed (2023),,https://letterboxd.com/film/ransomed/,2026-06-01T08:47:49+00:00
movie_b4f130d2e8f9,Stronger (2017),,https://letterboxd.com/film/stronger/,2026-06-01T08:47:54+00:00
movie_0698584f1a66,Life (2017),,https://letterboxd.com/film/life-2017/,2026-06-01T08:47:54+00:00
movie_49635b82bc0b,As the Gods Will (2014),,https://letterboxd.com/film/as-the-gods-will/,2026-06-01T08:47:54+00:00
movie_6f52d0aa5cf7,Legion (2010),,https://letterboxd.com/film/legion-2010/,2026-06-01T08:47:54+00:00
movie_79c16085ace5,Hostel (2005),,https://letterboxd.com/film/hostel/,2026-06-01T08:47:54+00:00
movie_864a0987d60c,The Day After Tomorrow (2004),,https://letterboxd.com/film/the-day-after-tomorrow/,2026-06-01T08:47:54+00:00
movie_1c8476985aba,Panic Room (2002),,https://letterboxd.com/film/panic-room/,2026-06-01T08:47:54+00:00
movie_7bba21a35f8c,Late Night with the Devil,,,2026-06-01T08:48:04+00:00
movie_04c638a9d951,Wonder Egg Priority (2021),,https://letterboxd.com/film/wonder-egg-priority/,2026-06-01T08:49:21+00:00
movie_8e6b71bba51f,Haikyu!! the Movie: The End and the Beginning (2015),,https://letterboxd.com/film/haikyu-the-movie-the-end-and-the-beginning/,2026-06-01T08:49:26+00:00
movie_b9ea23631f6c,Tinker Bell and the Legend of the NeverBeast (2014),,https://letterboxd.com/film/tinker-bell-and-the-legend-of-the-neverbeast/,2026-06-01T08:49:26+00:00
movie_cfc2a9c950ff,Argentina 1985,,,2026-06-01T08:49:34+00:00
movie_b65bc30b96b0,Berserk,,,2026-06-01T08:50:01+00:00
movie_8de81e69d5c3,SLC Punk,,,2026-06-01T08:50:31+00:00
movie_08d4540ef0c9,SLC Punk (1998),,https://letterboxd.com/film/slc-punk/,2026-06-01T08:50:31+00:00
movie_4fcb6b6c4b00,The 4:30 Movie (2024),,https://letterboxd.com/film/the-4-30-movie/,2026-06-01T08:50:40+00:00
movie_35fdbd472f6e,Guns Akimbo (2019),,https://letterboxd.com/film/guns-akimbo/,2026-06-01T08:50:44+00:00
movie_0df3cee42d2b,Good Boys (2019),,https://letterboxd.com/film/good-boys-2019/,2026-06-01T08:50:44+00:00
movie_29ffd35da128,Vice (2018),,https://letterboxd.com/film/vice-2018/,2026-06-01T08:50:44+00:00
movie_d28751888f94,Truth or Dare (2018),,https://letterboxd.com/film/truth-or-dare-2018/,2026-06-01T08:50:44+00:00
movie_6f47cfb0fcf5,Mayhem (2017),,https://letterboxd.com/film/mayhem-2017/,2026-06-01T08:50:44+00:00
movie_c23ec9dff478,The Founder (2016),,https://letterboxd.com/film/the-founder/,2026-06-01T08:50:44+00:00
movie_2b1b6b3191a9,Office Space,,,2026-06-01T08:51:02+00:00
movie_ab7f4deb789f,Novocaine,,,2026-06-01T08:51:05+00:00
movie_fa624d549094,Toy Story 3,,,2026-06-01T08:53:36+00:00
movie_adc301f2772f,American History X,,,2026-06-01T08:54:32+00:00
movie_4bdbccfc0328,Whiplash (2013),,https://letterboxd.com/film/whiplash-2013/,2026-06-01T08:54:38+00:00
movie_e663ab743497,Terminator Salvation (2009),,https://letterboxd.com/film/terminator-salvation/,2026-06-01T08:54:38+00:00
movie_0cb7e4ae68bf,It's a Wonderful Life,,,2026-06-01T08:54:46+00:00
movie_fd4cbd8e2ee9,Dog Man (2025),,https://letterboxd.com/film/dog-man/,2026-06-01T08:56:43+00:00
movie_6038d24a5fe3,Dream Productions (2024),,https://letterboxd.com/film/dream-productions/,2026-06-01T08:56:43+00:00
movie_6c74bd0e29db,Jim Henson Idea Man (2024),,https://letterboxd.com/film/jim-henson-idea-man/,2026-06-01T08:56:43+00:00
movie_0d8b61c5cdec,Orion and the Dark (2024),,https://letterboxd.com/film/orion-and-the-dark/,2026-06-01T08:56:43+00:00
movie_1fb497948998,"Ruby Gillman, Teenage Kraken (2023)",,https://letterboxd.com/film/ruby-gillman-teenage-kraken/,2026-06-01T08:56:43+00:00
movie_be246c7e165e,DC League of Super-Pets (2022),,https://letterboxd.com/film/dc-league-of-super-pets/,2026-06-01T08:56:43+00:00
movie_13960e45397d,Coming 2 America (2021),,https://letterboxd.com/film/coming-2-america/,2026-06-01T08:56:43+00:00
movie_7333cfece71f,Tom & Jerry (2021),,https://letterboxd.com/film/tom-jerry-2021/,2026-06-01T08:56:43+00:00
movie_bb5e9ba499e6,UglyDolls (2019),,https://letterboxd.com/film/uglydolls/,2026-06-01T08:56:43+00:00
movie_c2ee8e21eb8d,Fences (2016),,https://letterboxd.com/film/fences-2016/,2026-06-01T08:56:43+00:00
movie_e9bf83428892,Zootopia,,,2026-06-01T08:56:48+00:00
movie_233318ce919f,My Little Pony: Equestria Girls - Friendship Games (2015),,https://letterboxd.com/film/my-little-pony-equestria-girls-friendship-games/,2026-06-01T08:56:48+00:00
movie_e48f5eebb80f,Monster High: Freaky Fusion (2014),,https://letterboxd.com/film/monster-high-freaky-fusion/,2026-06-01T08:56:48+00:00
movie_94c867d1fa56,"Monster High: Frights, Camera, Action! (2014)",,https://letterboxd.com/film/monster-high-frights-camera-action/,2026-06-01T08:56:48+00:00
movie_2c5f5bbc3d8b,Monster High: Scaris City of Frights (2013),,https://letterboxd.com/film/monster-high-scaris-city-of-frights/,2026-06-01T08:56:48+00:00
movie_003e1d32451a,A Goofy Movie (1995),,https://letterboxd.com/film/a-goofy-movie/,2026-06-01T08:56:48+00:00
movie_c5b93ddaa09b,Mysterious Skin,,,2026-06-01T08:57:48+00:00
movie_5d5cd112722a,Dinner in America,,,2026-06-01T08:57:48+00:00
movie_bde58babea6f,Na Willa (2026),,https://letterboxd.com/film/na-willa/,2026-06-01T08:57:56+00:00
movie_ab894dc7ef53,Ghost in the Cell (2026),,https://letterboxd.com/film/ghost-in-the-cell/,2026-06-01T08:57:56+00:00
movie_949e43ee0a2d,A Letter to My Youth (2026),,https://letterboxd.com/film/a-letter-to-my-youth/,2026-06-01T08:57:56+00:00
movie_648d75c9bf3a,On Your Lap (2025),,https://letterboxd.com/film/on-your-lap/,2026-06-01T08:57:56+00:00
movie_e4b0033d921c,Andai Ibu Tidak Menikah Dengan Ayah (2025),,https://letterboxd.com/film/andai-ibu-tidak-menikah-dengan-ayah/,2026-06-01T08:57:56+00:00
movie_2e6b077b0746,Call Me Dad (2025),,https://letterboxd.com/film/call-me-dad-2025/,2026-06-01T08:57:56+00:00
movie_3301bcb00a8a,The Siege at Thorn High (2025),,https://letterboxd.com/film/the-siege-at-thorn-high/,2026-06-01T08:57:56+00:00
movie_672e9367f82d,Komang (2025),,https://letterboxd.com/film/komang/,2026-06-01T08:57:56+00:00
movie_abb14157f76a,A Brother and 7 Siblings (2024),,https://letterboxd.com/film/a-brother-and-7-siblings/,2026-06-01T08:57:56+00:00
movie_af888124c260,Solo Leveling -ReAwakening- (2024),,https://letterboxd.com/film/solo-leveling-reawakening/,2026-06-01T08:57:56+00:00
movie_fe85e884ba96,Mr. Plankton (2024),,https://letterboxd.com/film/mr-plankton/,2026-06-01T08:57:56+00:00
movie_0b0d22e177f1,Hear Me: Our Summer (2024),,https://letterboxd.com/film/hear-me-our-summer/,2026-06-01T08:57:56+00:00
movie_9389213d1a7e,Home Sweet Loan (2024),,https://letterboxd.com/film/home-sweet-loan/,2026-06-01T08:57:56+00:00
movie_be630a912020,Love Next Door (2024),,https://letterboxd.com/film/love-next-door-2024/,2026-06-01T08:57:56+00:00
movie_8f8eaf7850e5,Falling in Love Like in Movies (2023),,https://letterboxd.com/film/falling-in-love-like-in-movies/,2026-06-01T08:57:56+00:00
movie_5940141231f3,Cigarette Girl (2023),,https://letterboxd.com/film/cigarette-girl-2023/,2026-06-01T08:57:56+00:00
movie_1add1fa5a46a,When I Fly Towards You (2023),,https://letterboxd.com/film/when-i-fly-towards-you/,2026-06-01T08:57:56+00:00
movie_d2c55d44c3ba,My Love Story With Yamada-kun at Lv999 (2023),,https://letterboxd.com/film/my-love-story-with-yamada-kun-at-lv999/,2026-06-01T08:57:56+00:00
movie_31f891f8bc01,That Time I Got Reincarnated as a Slime the Movie: Scarlet Bond (2022),,https://letterboxd.com/film/that-time-i-got-reincarnated-as-a-slime-the-movie-scarlet-bond/,2026-06-01T08:57:56+00:00
movie_82e2dad514d1,Summer Strike (2022),,https://letterboxd.com/film/summer-strike/,2026-06-01T08:57:56+00:00
movie_9cd7f1fbc40a,Ditto (2022),,https://letterboxd.com/film/ditto-2022/,2026-06-01T08:57:56+00:00
movie_f3880e63c584,BLUE LOCK (2022),,https://letterboxd.com/film/blue-lock/,2026-06-01T08:57:56+00:00
movie_6c994e1badff,Miracle in Cell No. 7 (2022),,https://letterboxd.com/film/miracle-in-cell-no-7-2022/,2026-06-01T08:58:00+00:00
movie_702c8e6cad31,Stealing Raden Saleh (2022),,https://letterboxd.com/film/stealing-raden-saleh/,2026-06-01T08:58:00+00:00
movie_17ddb9656f41,Missing Home (2022),,https://letterboxd.com/film/missing-home/,2026-06-01T08:58:00+00:00
movie_db68c3918361,Our Blues (2022),,https://letterboxd.com/film/our-blues/,2026-06-01T08:58:00+00:00
movie_cdf9e4ff472a,Moriarty the Patriot (2020),,https://letterboxd.com/film/moriarty-the-patriot-2020/,2026-06-01T08:58:00+00:00
movie_6758aba2f990,Imperfect (2019),,https://letterboxd.com/film/imperfect-2019/,2026-06-01T08:58:00+00:00
movie_54b9cd437134,Glorious Days (2019),,https://letterboxd.com/film/glorious-days/,2026-06-01T08:58:00+00:00
movie_9641aad62616,Cemara's Family (2018),,https://letterboxd.com/film/cemaras-family/,2026-06-01T08:58:00+00:00
movie_8fda09c5d5c4,My ID is Gangnam Beauty (2018),,https://letterboxd.com/film/my-id-is-gangnam-beauty/,2026-06-01T08:58:00+00:00
movie_3c1e8836c4df,Dilan 1990 (2018),,https://letterboxd.com/film/dilan-1990/,2026-06-01T08:58:00+00:00
movie_7ed962e68a09,Kakegurui (2017),,https://letterboxd.com/film/kakegurui-2017/,2026-06-01T08:58:00+00:00
movie_f6b1d77fbc55,Weightlifting Fairy Kim Bok-joo (2016),,https://letterboxd.com/film/weightlifting-fairy-kim-bok-joo/,2026-06-01T08:58:00+00:00
movie_fa489fc86187,Flying Colors (2015),,https://letterboxd.com/film/flying-colors/,2026-06-01T08:58:00+00:00
movie_2cb4e187062a,Castle in the Sky,,,2026-06-01T08:59:28+00:00
movie_86052b0eaeec,Enola Holmes,,,2026-06-01T08:59:37+00:00
movie_3d2d94a1ccaa,To All the Boys: Always and Forever,,,2026-06-01T08:59:48+00:00
movie_e6e596c467d9,Barb & Star Go to Vista Del Mar (2021),,https://letterboxd.com/film/barb-star-go-to-vista-del-mar/,2026-06-01T09:00:33+00:00
movie_783649525437,My Big Fat Greek Wedding (2002),,https://letterboxd.com/film/my-big-fat-greek-wedding/,2026-06-01T09:00:33+00:00
movie_260b840e5d63,My Best Friend's Wedding (1997),,https://letterboxd.com/film/my-best-friends-wedding/,2026-06-01T09:00:33+00:00
movie_1b931669bdaa,Father of the Bride (1991),,https://letterboxd.com/film/father-of-the-bride-1991/,2026-06-01T09:00:33+00:00
movie_9278241f9fa4,Misery (1990),,https://letterboxd.com/film/misery/,2026-06-01T09:00:33+00:00
movie_3adb1da08fe6,Meet Joe Black,,,2026-06-01T09:00:41+00:00
movie_0ca90608d26d,Troll (2022),,https://letterboxd.com/film/troll-2022/,2026-06-01T09:01:44+00:00
movie_697a2adc266a,The Rescue (2021),,https://letterboxd.com/film/the-rescue-2021/,2026-06-01T09:01:44+00:00
movie_1ea74d4bdc0d,Noah (2014),,https://letterboxd.com/film/noah/,2026-06-01T09:01:48+00:00
movie_904a2b986ee6,All of Us Strangers,,,2026-06-01T09:02:39+00:00
movie_407c9ca0be21,Good Grief (2023),,https://letterboxd.com/film/good-grief-2023-1/,2026-06-01T09:02:45+00:00
movie_7da5072cf223,Renaissance: A Film by Beyoncé (2023),,https://letterboxd.com/film/renaissance-a-film-by-beyonce/,2026-06-01T09:02:45+00:00
movie_8d0b07feb03d,Aristotle and Dante Discover the Secrets of the Universe (2022),,https://letterboxd.com/film/aristotle-and-dante-discover-the-secrets-of-the-universe/,2026-06-01T09:02:45+00:00
movie_bc3dbf325f2d,The Skin I Live In (2011),,https://letterboxd.com/film/the-skin-i-live-in/,2026-06-01T09:02:45+00:00
movie_6cf150b0aeb7,Teen Titans Go! To the Movies (2018),,https://letterboxd.com/film/teen-titans-go-to-the-movies/,2026-06-01T09:03:55+00:00
movie_9ee7b6112fa5,My Little Pony: The Movie (2017),,https://letterboxd.com/film/my-little-pony-the-movie-2017/,2026-06-01T09:03:55+00:00
movie_10756fb8dcc1,Ghostbusters (2016),,https://letterboxd.com/film/ghostbusters-2016/,2026-06-01T09:03:55+00:00
movie_c5ced4d72205,Hurricane Bianca (2016),,https://letterboxd.com/film/hurricane-bianca/,2026-06-01T09:03:55+00:00
movie_7f5aded16f44,My Little Pony: Equestria Girls (2013),,https://letterboxd.com/film/my-little-pony-equestria-girls/,2026-06-01T09:03:55+00:00
movie_82b1f8cc0dab,Hoodwinked! (2005),,https://letterboxd.com/film/hoodwinked/,2026-06-01T09:03:55+00:00
movie_8cd2a4bdf60f,Robots (2005),,https://letterboxd.com/film/robots/,2026-06-01T09:03:55+00:00
movie_ed4fc3963e07,The Dark Crystal (1982),,https://letterboxd.com/film/the-dark-crystal/,2026-06-01T09:03:55+00:00
movie_7103b8283aca,Sleeping Beauty,,,2026-06-01T09:04:00+00:00
movie_15a1f8d877c1,Sleeping Beauty (1959),,https://letterboxd.com/film/sleeping-beauty/,2026-06-01T09:04:00+00:00
movie_c6716486caa4,Cinderella (1950),,https://letterboxd.com/film/cinderella/,2026-06-01T09:04:00+00:00
movie_c9680473dbf5,Bambi (1942),,https://letterboxd.com/film/bambi/,2026-06-01T09:04:00+00:00
movie_426fddb1850f,Pilot (2024),,https://letterboxd.com/film/pilot-2024/,2026-06-01T09:05:15+00:00
movie_4161b0ef36e4,Yeh Jawaani Hai Deewani (2013),,https://letterboxd.com/film/yeh-jawaani-hai-deewani/,2026-06-01T09:05:19+00:00
movie_1af9e0b6df27,Eddington,,,2026-06-01T09:05:50+00:00
movie_bccf2fe63d0c,I Love Boosters (2026),,https://letterboxd.com/film/i-love-boosters/,2026-06-01T09:06:36+00:00
movie_8b34c85e2854,Song Sung Blue (2025),,https://letterboxd.com/film/song-sung-blue-2025/,2026-06-01T09:06:36+00:00
movie_665b36cf3cdb,Unsung Hero (2024),,https://letterboxd.com/film/unsung-hero-2024/,2026-06-01T09:06:36+00:00
movie_00bb92c8baf3,"nothing, except everything. (2023)",,https://letterboxd.com/film/nothing-except-everything/,2026-06-01T09:06:36+00:00
movie_1ff21d8f71f4,Devotion (2022),,https://letterboxd.com/film/devotion-2022/,2026-06-01T09:06:36+00:00
movie_a6a280ea8b11,Midway (2019),,https://letterboxd.com/film/midway-2019/,2026-06-01T09:06:40+00:00
movie_457162d48f22,Night School (2018),,https://letterboxd.com/film/night-school-2018/,2026-06-01T09:06:40+00:00
movie_527f36556174,The House with a Clock in Its Walls (2018),,https://letterboxd.com/film/the-house-with-a-clock-in-its-walls/,2026-06-01T09:06:40+00:00
movie_50c15ed2248c,TRON: Legacy,,,2026-06-01T09:07:07+00:00
movie_b080ad708e22,Star Wars: The Force Awakens,,,2026-06-01T09:07:51+00:00
movie_59c81acea449,The Lord of the Rings: The Two Towers,,,2026-06-01T09:09:54+00:00
movie_0020ae21223d,Harry Potter and the Deathly Hallows: Part 1,,,2026-06-01T09:10:08+00:00
movie_d1877b6002d5,Gone with the Wind (1939),,https://letterboxd.com/film/gone-with-the-wind/,2026-06-01T09:11:04+00:00
movie_5b916d22f089,Frankenstein: The Anatomy Lesson (2025),,https://letterboxd.com/film/frankenstein-the-anatomy-lesson/,2026-06-01T09:11:12+00:00
movie_22762ff28db4,The Red Virgin (2024),,https://letterboxd.com/film/the-red-virgin-2024/,2026-06-01T09:11:12+00:00
movie_6cee40fbfb42,A House on Fire (2024),,https://letterboxd.com/film/a-house-on-fire-2024/,2026-06-01T09:11:12+00:00
movie_d18ecd9332ee,The Teacher Who Promised the Sea (2023),,https://letterboxd.com/film/the-teacher-who-promised-the-sea/,2026-06-01T09:11:12+00:00
movie_3a7937d6143a,The Braid (2023),,https://letterboxd.com/film/the-braid-2023/,2026-06-01T09:11:12+00:00
movie_1302876ff715,What's Love Got to Do with It? (2022),,https://letterboxd.com/film/whats-love-got-to-do-with-it-2022/,2026-06-01T09:11:12+00:00
movie_686d7bd85479,Aladdin,,,2026-06-01T09:11:15+00:00
movie_8b6122410e8b,The Impossible (2012),,https://letterboxd.com/film/the-impossible/,2026-06-01T09:11:16+00:00
movie_1c8a66be4564,Contagion (2011),,https://letterboxd.com/film/contagion/,2026-06-01T09:11:16+00:00
movie_dafdb18a4f20,Jane Eyre (2011),,https://letterboxd.com/film/jane-eyre-2011/,2026-06-01T09:11:16+00:00
movie_a2ed10410cfd,One Day,,,2026-06-01T09:12:24+00:00
movie_d57a2d31a64a,A Part of You (2024),,https://letterboxd.com/film/a-part-of-you/,2026-06-01T09:14:36+00:00
movie_dd92060d55e5,My Oni Girl (2024),,https://letterboxd.com/film/my-oni-girl/,2026-06-01T09:14:36+00:00
movie_17d1bc7d9572,The Remarkable Life of Ibelin (2024),,https://letterboxd.com/film/the-remarkable-life-of-ibelin/,2026-06-01T09:14:36+00:00
movie_7ba475ae2b4e,Zen - Grogu and Dust Bunnies (2022),,https://letterboxd.com/film/zen-grogu-and-dust-bunnies/,2026-06-01T09:14:36+00:00
movie_88cc045aa647,Ciao Alberto (2021),,https://letterboxd.com/film/ciao-alberto/,2026-06-01T09:14:36+00:00
movie_711c47e00c28,Miraculous World: Shanghai - The Legend of Ladydragon (2021),,https://letterboxd.com/film/miraculous-world-shanghai-the-legend-of-ladydragon/,2026-06-01T09:14:36+00:00
movie_15b60f53e557,We Can Be Heroes (2020),,https://letterboxd.com/film/we-can-be-heroes-2020/,2026-06-01T09:14:36+00:00
movie_3097132cbe5b,OPAL (2020),,https://letterboxd.com/film/opal-2020/,2026-06-01T09:14:36+00:00
movie_174b01972e0d,"Miraculous World: New York, United HeroeZ (2020)",,https://letterboxd.com/film/miraculous-world-new-york-united-heroez/,2026-06-01T09:14:36+00:00
movie_123b2d64a4bd,Words Bubble Up Like Soda Pop (2020),,https://letterboxd.com/film/words-bubble-up-like-soda-pop/,2026-06-01T09:14:36+00:00
movie_d161856ac182,Helluva Boss (2019),,https://letterboxd.com/film/helluva-boss/,2026-06-01T09:14:36+00:00
movie_61e87aab9424,K-12 (2019),,https://letterboxd.com/film/k-12/,2026-06-01T09:14:36+00:00
movie_daff427552e1,Z-O-M-B-I-E-S (2018),,https://letterboxd.com/film/z-o-m-b-i-e-s/,2026-06-01T09:14:41+00:00
movie_ec13b3216cab,In a Heartbeat (2017),,https://letterboxd.com/film/in-a-heartbeat/,2026-06-01T09:14:41+00:00
movie_9fb0d952083a,Ballerina (2016),,https://letterboxd.com/film/ballerina-2016/,2026-06-01T09:14:41+00:00
movie_c2d8575b02b5,Monster High: 13 Wishes (2013),,https://letterboxd.com/film/monster-high-13-wishes/,2026-06-01T09:14:41+00:00
movie_9fd8df276d25,Secret of the Wings (2012),,https://letterboxd.com/film/secret-of-the-wings/,2026-06-01T09:14:41+00:00
movie_8c8a5163d5d3,Museum of Innocence (2026),,https://letterboxd.com/film/museum-of-innocence/,2026-06-01T09:15:40+00:00
movie_79ef6114ca0c,The Girl on the Train (2016),,https://letterboxd.com/film/the-girl-on-the-train-2016/,2026-06-01T09:15:40+00:00
movie_f4d863df6069,Brooklyn (2015),,https://letterboxd.com/film/brooklyn/,2026-06-01T09:15:44+00:00
movie_4d81042f4803,Revolutionary Road (2008),,https://letterboxd.com/film/revolutionary-road/,2026-06-01T09:15:44+00:00
movie_e951c8e6d94b,Alone (2008),,https://letterboxd.com/film/alone-2008/,2026-06-01T09:15:44+00:00
movie_9e20206b991f,The Man from Earth (2007),,https://letterboxd.com/film/the-man-from-earth/,2026-06-01T09:15:44+00:00
movie_f4c2d7283b8f,The Lives of Others (2006),,https://letterboxd.com/film/the-lives-of-others/,2026-06-01T09:15:44+00:00
movie_c72c48273ad8,Roman Holiday,,,2026-06-01T09:16:41+00:00
movie_bb1d95da98dd,Roman Holiday (1953),,https://letterboxd.com/film/roman-holiday/,2026-06-01T09:16:41+00:00
movie_fc6668e01835,Boyfriend on Demand (2026),,https://letterboxd.com/film/boyfriend-on-demand/,2026-06-01T09:16:49+00:00
movie_f6eeb29084af,Pavane (2026),,https://letterboxd.com/film/pavane-2026/,2026-06-01T09:16:49+00:00
movie_202d9f3f7a80,Once We Were Us (2025),,https://letterboxd.com/film/once-we-were-us/,2026-06-01T09:16:49+00:00
movie_eeb9b39f39c1,As You Stood By (2025),,https://letterboxd.com/film/as-you-stood-by/,2026-06-01T09:16:49+00:00
movie_59a0c48be8de,Spirit Fingers (2025),,https://letterboxd.com/film/spirit-fingers/,2026-06-01T09:16:49+00:00
movie_b9c70def4c91,Rangga & Cinta (2025),,https://letterboxd.com/film/rangga-cinta/,2026-06-01T09:16:49+00:00
movie_e69b20da125b,Beyond the Bar (2025),,https://letterboxd.com/film/beyond-the-bar/,2026-06-01T09:16:49+00:00
movie_85d453fc7e7e,The Winning Try (2025),,https://letterboxd.com/film/the-winning-try/,2026-06-01T09:16:49+00:00
movie_7622b7e920d3,S Line (2025),,https://letterboxd.com/film/s-line/,2026-06-01T09:16:49+00:00
movie_1edf36fcd08f,Head Over Heels (2025),,https://letterboxd.com/film/head-over-heels-2025/,2026-06-01T09:16:49+00:00
movie_92d057077080,Our Unwritten Seoul (2025),,https://letterboxd.com/film/our-unwritten-seoul/,2026-06-01T09:16:49+00:00
movie_6fab52b22824,Nine Puzzles (2025),,https://letterboxd.com/film/nine-puzzles/,2026-06-01T09:16:49+00:00
movie_409769e41517,Resident Playbook (2025),,https://letterboxd.com/film/resident-playbook/,2026-06-01T09:16:49+00:00
movie_563024f164fd,Melo Movie (2025),,https://letterboxd.com/film/melo-movie/,2026-06-01T09:16:49+00:00
movie_0c5b2c59ef19,"The Haunted Apartment: ""Miss K"" (2024)",,https://letterboxd.com/film/the-haunted-apartment-miss-k/,2026-06-01T09:16:49+00:00
movie_71d16deb091a,Light Shop (2024),,https://letterboxd.com/film/light-shop-2024/,2026-06-01T09:16:49+00:00
movie_25452e3ceade,The Trunk (2024),,https://letterboxd.com/film/the-trunk-2024-1/,2026-06-01T09:16:49+00:00
movie_7898d850221b,If Mom Is Gone Tomorrow (2024),,https://letterboxd.com/film/if-mom-is-gone-tomorrow/,2026-06-01T09:16:49+00:00
movie_6354b6199285,Family by Choice (2024),,https://letterboxd.com/film/family-by-choice/,2026-06-01T09:16:49+00:00
movie_ecc84c8bb147,The Frog (2024),,https://letterboxd.com/film/the-frog-1/,2026-06-01T09:16:49+00:00
movie_d5e6c6729cdd,Dilan 1983 (2024),,https://letterboxd.com/film/dilan-1983/,2026-06-01T09:16:49+00:00
movie_1213b18c58a1,Hierarchy (2024),,https://letterboxd.com/film/hierarchy-2024/,2026-06-01T09:16:49+00:00
movie_2e53920e51d0,The Atypical Family (2024),,https://letterboxd.com/film/the-atypical-family/,2026-06-01T09:16:49+00:00
movie_f0f1854426c5,Menjelang Ajal (2024),,https://letterboxd.com/film/menjelang-ajal/,2026-06-01T09:16:49+00:00
movie_a60f6abd0d90,Pyramid Game (2024),,https://letterboxd.com/film/pyramid-game/,2026-06-01T09:16:49+00:00
movie_dc2611a43395,Ancika (2024),,https://letterboxd.com/film/ancika/,2026-06-01T09:16:49+00:00
movie_f872d0d0fad8,Night Has Come (2023),,https://letterboxd.com/film/night-has-come-2023/,2026-06-01T09:16:49+00:00
movie_8128013cc1f2,The Haunted Hotel (2023),,https://letterboxd.com/film/the-haunted-hotel-2023/,2026-06-01T09:16:49+00:00
movie_18c021aaac9a,My Demon (2023),,https://letterboxd.com/film/my-demon-2023/,2026-06-01T09:16:49+00:00
movie_547d0e4d3c33,Pamali: The Corpse Village (2023),,https://letterboxd.com/film/pamali-the-corpse-village/,2026-06-01T09:16:53+00:00
movie_e68b568ec62a,Moving (2023),,https://letterboxd.com/film/moving-2023-1/,2026-06-01T09:16:53+00:00
movie_f3f4476d423f,Extraordinary Attorney Woo (2022),,https://letterboxd.com/film/extraordinary-attorney-woo/,2026-06-01T09:16:53+00:00
movie_ab1b440a92c0,The Witch Part 2 - The Other One (2022),,https://letterboxd.com/film/the-witch-part-2-the-other-one/,2026-06-01T09:16:53+00:00
movie_380dab611a61,My Name (2021),,https://letterboxd.com/film/my-name/,2026-06-01T09:16:53+00:00
movie_f528cc26a7bb,Racket Boys (2021),,https://letterboxd.com/film/racket-boys/,2026-06-01T09:16:53+00:00
movie_2c5f62e159eb,Youth of May (2021),,https://letterboxd.com/film/youth-of-may/,2026-06-01T09:16:53+00:00
movie_07cffe8fc69c,Mouse (2021),,https://letterboxd.com/film/mouse-2021-1/,2026-06-01T09:16:53+00:00
movie_12d4cfc4aad6,Sweet Home (2020),,https://letterboxd.com/film/sweet-home-2020/,2026-06-01T09:16:53+00:00
movie_b9e6a69f6b99,The Uncanny Counter (2020),,https://letterboxd.com/film/the-uncanny-counter/,2026-06-01T09:16:53+00:00
movie_9d08c6cf4cf8,Dilan 1991 (2019),,https://letterboxd.com/film/dilan-1991/,2026-06-01T09:16:53+00:00
movie_304d4a8e96ce,Tokyo Ghoul (2014),,https://letterboxd.com/film/tokyo-ghoul-2014/,2026-06-01T09:16:53+00:00
movie_0b4e71329b70,Begin Again (2013),,https://letterboxd.com/film/begin-again/,2026-06-01T09:16:53+00:00
movie_e5b81141bd5a,Big Take (2024),,https://letterboxd.com/film/big-take/,2026-06-01T09:17:53+00:00
movie_24a571e28135,The Dark Tower (2017),,https://letterboxd.com/film/the-dark-tower/,2026-06-01T09:17:58+00:00
movie_76532b299ce7,The Talented Mr. Ripley,,,2026-06-01T09:19:14+00:00
movie_a7e1d936460d,The Serpent (2021),,https://letterboxd.com/film/the-serpent-2021/,2026-06-01T09:19:14+00:00
movie_9d142f21d79c,The Big Fake (2025),,https://letterboxd.com/film/the-big-fake/,2026-06-01T09:19:21+00:00
movie_76a284de138e,Sundays (2025),,https://letterboxd.com/film/sundays-2025/,2026-06-01T09:19:21+00:00
movie_24fb9477ca25,A Widow's Game (2025),,https://letterboxd.com/film/a-widows-game/,2026-06-01T09:19:21+00:00
movie_06a36c4493fc,The Gardener (2025),,https://letterboxd.com/film/the-gardener-2025-1/,2026-06-01T09:19:21+00:00
movie_ce96944e47a2,Gone Girls: The Long Island Serial Killer (2025),,https://letterboxd.com/film/gone-girls-the-long-island-serial-killer/,2026-06-01T09:19:21+00:00
movie_bf15127eb007,"Love, Divided (2024)",,https://letterboxd.com/film/love-divided/,2026-06-01T09:19:21+00:00
movie_1c6742b53f16,Ripley (2024),,https://letterboxd.com/film/ripley/,2026-06-01T09:19:21+00:00
movie_3b7fd4a12e03,Forgotten Love (2023),,https://letterboxd.com/film/forgotten-love-2023/,2026-06-01T09:19:21+00:00
movie_f92fbbea873f,Jaane Jaan (2023),,https://letterboxd.com/film/jaane-jaan/,2026-06-01T09:19:21+00:00
movie_f12c8cbc7918,The After (2023),,https://letterboxd.com/film/the-after-2023-1/,2026-06-01T09:19:21+00:00
movie_6cc9076def4a,MH370: The Plane That Disappeared (2023),,https://letterboxd.com/film/mh370-the-plane-that-disappeared/,2026-06-01T09:19:21+00:00
movie_853ea4660edf,"20,000 Species of Bees (2023)",,https://letterboxd.com/film/20000-species-of-bees/,2026-06-01T09:19:21+00:00
movie_15143f1b09e7,God's Crooked Lines (2022),,https://letterboxd.com/film/gods-crooked-lines-2022/,2026-06-01T09:19:21+00:00
movie_9cbd0a177024,The Mauritanian (2021),,https://letterboxd.com/film/the-mauritanian/,2026-06-01T09:19:21+00:00
movie_a357f410f272,The Occupant (2020),,https://letterboxd.com/film/the-occupant-2020/,2026-06-01T09:19:21+00:00
movie_afe6574e8eea,When They See Us (2019),,https://letterboxd.com/film/when-they-see-us/,2026-06-01T09:19:25+00:00
movie_3b932cee41dd,Molly's Game (2017),,https://letterboxd.com/film/mollys-game/,2026-06-01T09:19:25+00:00
movie_90250579899a,Crimson Peak (2015),,https://letterboxd.com/film/crimson-peak/,2026-06-01T09:19:25+00:00
movie_4d8209a84a11,Inside Man (2006),,https://letterboxd.com/film/inside-man/,2026-06-01T09:19:25+00:00
movie_14cfb71e119d,Caleb Hearon: Model Comedian (2025),,https://letterboxd.com/film/caleb-hearon-model-comedian/,2026-06-01T09:20:27+00:00
movie_9d53fea35687,Trainwreck: The Astroworld Tragedy (2025),,https://letterboxd.com/film/trainwreck-the-astroworld-tragedy/,2026-06-01T09:20:27+00:00
movie_a739c5c649b4,Monster High: Haunted (2015),,https://letterboxd.com/film/monster-high-haunted/,2026-06-01T09:20:32+00:00
movie_5bd59d0e3830,Dogtooth (2009),,https://letterboxd.com/film/dogtooth/,2026-06-01T09:20:32+00:00
movie_434cbeaf3bab,Flipped,,,2026-06-01T09:21:56+00:00
movie_7f9afc2386cb,Once Upon a Time in America,,,2026-06-01T09:23:06+00:00
movie_370b2e4c15ec,Outcome,,,2026-06-01T09:23:14+00:00
movie_d18a0a12a96b,Goodbye June (2025),,https://letterboxd.com/film/goodbye-june/,2026-06-01T09:23:14+00:00
movie_a99e1ae093bf,Silent Friend (2025),,https://letterboxd.com/film/silent-friend/,2026-06-01T09:23:14+00:00
movie_fbb61fb5e0c1,Cover-Up (2025),,https://letterboxd.com/film/cover-up-2025/,2026-06-01T09:23:14+00:00
movie_354acb0d21eb,Hearts on Fire (2025),,https://letterboxd.com/film/hearts-on-fire/,2026-06-01T09:23:14+00:00
movie_d746e128e0ec,Leave One Day (2025),,https://letterboxd.com/film/leave-one-day/,2026-06-01T09:23:14+00:00
movie_a24fd815cbdc,Asterix & Obelix: The Big Fight (2025),,https://letterboxd.com/film/asterix-obelix-the-big-fight-2025/,2026-06-01T09:23:14+00:00
movie_ec5a875a645d,Revelations (2025),,https://letterboxd.com/film/revelations-2025-1/,2026-06-01T09:23:14+00:00
movie_811e5c6eed54,The Alto Knights (2025),,https://letterboxd.com/film/the-alto-knights/,2026-06-01T09:23:14+00:00
movie_44e76752e064,Deaf (2025),,https://letterboxd.com/film/deaf-2025/,2026-06-01T09:23:14+00:00
movie_d1907d3ecb7a,Love Hurts (2025),,https://letterboxd.com/film/love-hurts-2025/,2026-06-01T09:23:14+00:00
movie_4876ec8a71b8,The Legend of Ochi (2025),,https://letterboxd.com/film/the-legend-of-ochi/,2026-06-01T09:23:14+00:00
movie_5bc13f36a8b0,Loveable (2024),,https://letterboxd.com/film/loveable/,2026-06-01T09:23:14+00:00
movie_875c2179a66e,Block Pass (2024),,https://letterboxd.com/film/block-pass/,2026-06-01T09:23:14+00:00
movie_c06a0b3d1356,Black Dog (2024),,https://letterboxd.com/film/black-dog-2024/,2026-06-01T09:23:14+00:00
movie_aa192a53a1c1,A Normal Family (2023),,https://letterboxd.com/film/a-normal-family/,2026-06-01T09:23:18+00:00
movie_db7050d565e1,Pain Hustlers (2023),,https://letterboxd.com/film/pain-hustlers/,2026-06-01T09:23:18+00:00
movie_e7d2197eac83,Reptile (2023),,https://letterboxd.com/film/reptile-2023/,2026-06-01T09:23:18+00:00
movie_35f3452736a3,Rustin (2023),,https://letterboxd.com/film/rustin-2023/,2026-06-01T09:23:18+00:00
movie_4c0a04b59e14,Kompromat (2022),,https://letterboxd.com/film/kompromat/,2026-06-01T09:23:18+00:00
movie_aa16f1ac4efe,Kaamelott: The First Chapter (2021),,https://letterboxd.com/film/kaamelott-the-first-chapter/,2026-06-01T09:23:18+00:00
movie_61a73dc30985,Palmer (2021),,https://letterboxd.com/film/palmer/,2026-06-01T09:23:18+00:00
movie_697632e032d5,The Highwaymen (2019),,https://letterboxd.com/film/the-highwaymen/,2026-06-01T09:23:18+00:00
movie_b33e913416e2,The AI Doc: Or How I Became an Apocaloptimist (2026),,https://letterboxd.com/film/the-ai-doc-or-how-i-became-an-apocaloptimist/,2026-06-01T09:24:14+00:00
movie_7286b70a88fb,John Candy: I Like Me (2025),,https://letterboxd.com/film/john-candy-i-like-me/,2026-06-01T09:24:14+00:00
movie_51265c34927b,Monty Python and the Holy Grail (1975),,https://letterboxd.com/film/monty-python-and-the-holy-grail/,2026-06-01T09:24:14+00:00
movie_43a9561e6e9c,Jaws,,,2026-06-01T09:24:38+00:00
movie_63b03e9e5490,It's Such a Beautiful Day,,,2026-06-01T09:25:25+00:00
movie_d9201d8b7ce7,Merrily We Roll Along (2025),,https://letterboxd.com/film/merrily-we-roll-along-2025/,2026-06-01T09:25:32+00:00
movie_e9d72f139632,Waitress: The Musical (2023),,https://letterboxd.com/film/waitress-the-musical/,2026-06-01T09:25:32+00:00
movie_55427d624de9,Heathers: The Musical (2022),,https://letterboxd.com/film/heathers-the-musical-1/,2026-06-01T09:25:32+00:00
movie_84b08c218318,The Son (2022),,https://letterboxd.com/film/the-son-2022/,2026-06-01T09:25:32+00:00
movie_694f057a40bf,White Noise (2022),,https://letterboxd.com/film/white-noise-2022/,2026-06-01T09:25:32+00:00
movie_42213e16bb07,The Requin (2022),,https://letterboxd.com/film/the-requin/,2026-06-01T09:25:32+00:00
movie_48f034438926,The Angry Birds Movie (2016),,https://letterboxd.com/film/the-angry-birds-movie/,2026-06-01T09:25:37+00:00
movie_6e128540762f,96 (2018),,https://letterboxd.com/film/96-2018/,2026-06-01T09:26:43+00:00
movie_a66add0a8903,Domm (2026),,https://letterboxd.com/film/domm/,2026-06-01T09:26:51+00:00
movie_b7085048ad74,The Lost Chapter: Yuki's Revenge (2025),,https://letterboxd.com/film/the-lost-chapter-yukis-revenge/,2026-06-01T09:26:51+00:00
movie_90e953e1e675,Utshob (2025),,https://letterboxd.com/film/utshob/,2026-06-01T09:26:51+00:00
movie_d85ba67d53e3,Thudarum (2025),,https://letterboxd.com/film/thudarum/,2026-06-01T09:26:51+00:00
movie_0f9660a184bb,Deva (2025),,https://letterboxd.com/film/deva-2025/,2026-06-01T09:26:51+00:00
movie_8d50877e5db0,Viduthalai: Part II (2024),,https://letterboxd.com/film/viduthalai-part-ii/,2026-06-01T09:26:51+00:00
movie_efa83281b5ac,The Sympathizer (2024),,https://letterboxd.com/film/the-sympathizer/,2026-06-01T09:26:51+00:00
movie_ef6a4f52fc13,Teri Baaton Mein Aisa Uljha Jiya (2024),,https://letterboxd.com/film/teri-baaton-mein-aisa-uljha-jiya/,2026-06-01T09:26:51+00:00
movie_9d9f17bf6098,Fighter (2024),,https://letterboxd.com/film/fighter-2024/,2026-06-01T09:26:51+00:00
movie_1cd4253690d6,Viduthalai: Part I (2023),,https://letterboxd.com/film/viduthalai-2025/,2026-06-01T09:26:51+00:00
movie_570638226dc6,Vikram Vedha (2022),,https://letterboxd.com/film/vikram-vedha-2022/,2026-06-01T09:26:55+00:00
movie_961ac4647db9,Chup (2022),,https://letterboxd.com/film/chup/,2026-06-01T09:26:55+00:00
movie_dda4355f1f36,Vikram (2022),,https://letterboxd.com/film/vikram-2022/,2026-06-01T09:26:55+00:00
movie_ad8c4d188139,Master (2021),,https://letterboxd.com/film/master-2021/,2026-06-01T09:26:55+00:00
movie_7cc94b85d768,War (2019),,https://letterboxd.com/film/war-2019/,2026-06-01T09:26:55+00:00
movie_8964925a88ba,Bharat (2019),,https://letterboxd.com/film/bharat/,2026-06-01T09:26:55+00:00
movie_0b9996bb3a7f,Super Deluxe (2019),,https://letterboxd.com/film/super-deluxe/,2026-06-01T09:26:55+00:00
movie_62e9b537af98,Ghost World (2001),,https://letterboxd.com/film/ghost-world/,2026-06-01T09:28:01+00:00
movie_2162de337afc,Pretty in Pink (1986),,https://letterboxd.com/film/pretty-in-pink/,2026-06-01T09:28:01+00:00
movie_d93fe6da7625,After Hours (1985),,https://letterboxd.com/film/after-hours/,2026-06-01T09:28:01+00:00
movie_72e272e0762d,Spider-Man 3,,,2026-06-01T09:28:21+00:00
movie_7b516cafe93b,Jurassic Park,,,2026-06-01T09:29:03+00:00
movie_e018e2ee4d7b,The Last Viking (2025),,https://letterboxd.com/film/the-last-viking-2025/,2026-06-01T09:29:11+00:00
movie_e0e293608dd1,Mamma Mia! Here We Go Again,,,2026-06-01T09:29:26+00:00
movie_44557073e31e,It,,,2026-06-01T09:29:34+00:00
movie_4f723c3ba41a,A Shop for Killers (2024),,https://letterboxd.com/film/a-shop-for-killers/,2026-06-01T09:30:40+00:00
movie_ba6d54ffdfa5,Vigilante (2023),,https://letterboxd.com/film/vigilante-2023-1/,2026-06-01T09:30:40+00:00
movie_c6cbeccf594f,A Time Called You (2023),,https://letterboxd.com/film/a-time-called-you/,2026-06-01T09:30:40+00:00
movie_46b241d1e43a,Connect (2022),,https://letterboxd.com/film/connect-2022-1/,2026-06-01T09:30:40+00:00
movie_cb708ac38c80,Little Women (2022),,https://letterboxd.com/film/little-women-2022-1/,2026-06-01T09:30:40+00:00
movie_b0dfbbaecc43,The Sound of Magic (2022),,https://letterboxd.com/film/the-sound-of-magic/,2026-06-01T09:30:40+00:00
movie_0d6eeebc7ef2,The King of Pigs (2022),,https://letterboxd.com/film/the-king-of-pigs-2022/,2026-06-01T09:30:40+00:00
movie_ef86750b184d,Juvenile Justice (2022),,https://letterboxd.com/film/juvenile-justice-2022/,2026-06-01T09:30:40+00:00
movie_bf1d0e9efbe7,The Silent Sea (2021),,https://letterboxd.com/film/the-silent-sea/,2026-06-01T09:30:40+00:00
movie_16e43feb52df,Hellbound (2021),,https://letterboxd.com/film/hellbound-2021/,2026-06-01T09:30:40+00:00
movie_a2ea14768428,The Chestnut Man (2021),,https://letterboxd.com/film/the-chestnut-man/,2026-06-01T09:30:44+00:00
movie_700f7b44eece,Hometown Cha-Cha-Cha (2021),,https://letterboxd.com/film/hometown-cha-cha-cha/,2026-06-01T09:30:44+00:00
movie_d11328d3e2cc,D.P. (2021),,https://letterboxd.com/film/dp-2021/,2026-06-01T09:30:44+00:00
movie_55a8a99090ab,Emergency Declaration (2021),,https://letterboxd.com/film/emergency-declaration/,2026-06-01T09:30:44+00:00
movie_e78042dad8ac,Midnight (2021),,https://letterboxd.com/film/midnight-2021/,2026-06-01T09:30:44+00:00
movie_0485191ee39c,"At a Distance, Spring is Green (2021)",,https://letterboxd.com/film/at-a-distance-spring-is-green/,2026-06-01T09:30:44+00:00
movie_212caf5f17a2,My Roommate Is a Gumiho (2021),,https://letterboxd.com/film/my-roommate-is-a-gumiho/,2026-06-01T09:30:44+00:00
movie_03adce18e950,Doom at Your Service (2021),,https://letterboxd.com/film/doom-at-your-service/,2026-06-01T09:30:44+00:00
movie_94f8d0eac1dd,Law School (2021),,https://letterboxd.com/film/law-school/,2026-06-01T09:30:44+00:00
movie_079bc4ed4d19,Beyond Evil (2021),,https://letterboxd.com/film/beyond-evil-2021/,2026-06-01T09:30:44+00:00
movie_e2d0a814390c,Lovestruck in the City (2020),,https://letterboxd.com/film/lovestruck-in-the-city/,2026-06-01T09:30:44+00:00
movie_41f5771e6210,Run On (2020),,https://letterboxd.com/film/run-on-2020/,2026-06-01T09:30:44+00:00
movie_aac5ee1a68bd,Tale of the Nine Tailed (2020),,https://letterboxd.com/film/tale-of-the-nine-tailed/,2026-06-01T09:30:44+00:00
movie_36bff3b6a1ef,Night in Paradise (2020),,https://letterboxd.com/film/night-in-paradise-2020/,2026-06-01T09:30:44+00:00
movie_e3cc40bcd0b8,Flower of Evil (2020),,https://letterboxd.com/film/flower-of-evil-2020/,2026-06-01T09:30:44+00:00
movie_5202d067f932,The King: Eternal Monarch (2020),,https://letterboxd.com/film/the-king-eternal-monarch/,2026-06-01T09:30:44+00:00
movie_aaddc02986ce,Itaewon Class (2020),,https://letterboxd.com/film/itaewon-class/,2026-06-01T09:30:44+00:00
movie_fe5e0cff9ad9,Extraordinary You (2019),,https://letterboxd.com/film/extraordinary-you/,2026-06-01T09:30:44+00:00
movie_15a9c6f78675,Vagabond (2019),,https://letterboxd.com/film/vagabond-2019/,2026-06-01T09:30:44+00:00
movie_aa0a1363ceeb,Hotel Del Luna (2019),,https://letterboxd.com/film/hotel-del-luna/,2026-06-01T09:30:44+00:00
movie_e37f98a5842b,What's Wrong with Secretary Kim (2018),,https://letterboxd.com/film/whats-wrong-with-secretary-kim/,2026-06-01T09:30:44+00:00
movie_e25d87b35076,You Can Live Forever (2022),,https://letterboxd.com/film/you-can-live-forever/,2026-06-01T09:31:38+00:00
movie_8df656b3a198,To All the Boys: P.S. I Still Love You,,,2026-06-01T09:31:41+00:00
movie_e91c244f8656,Downsizing (2017),,https://letterboxd.com/film/downsizing/,2026-06-01T09:31:41+00:00
movie_1fdf5b79b532,Top Gun: Maverick,,,2026-06-01T09:32:27+00:00
movie_f626ef20239c,Taylor Swift | The End of an Era (2025),,https://letterboxd.com/film/the-end-of-an-era-2025/,2026-06-01T09:32:35+00:00
movie_528fbc85feff,Ne Zha 2 (2025),,https://letterboxd.com/film/ne-zha-2/,2026-06-01T09:32:35+00:00
movie_02d33300e5c2,Idiocracy (2006),,https://letterboxd.com/film/idiocracy/,2026-06-01T09:32:35+00:00
movie_bd5eecaa6daf,Scott Pilgrim vs. the World,,,2026-06-01T09:34:28+00:00
movie_5a2fde4984df,A Man Called Otto,,,2026-06-01T09:35:33+00:00
movie_d6e5cd3040b7,DAN DA DAN: Evil Eye (2025),,https://letterboxd.com/film/dan-da-dan-evil-eye/,2026-06-01T09:35:40+00:00
movie_e6bebce4d4dc,Given (2020),,https://letterboxd.com/film/given-2020/,2026-06-01T09:35:40+00:00
movie_dd823d2c1c68,The Fast and the Furious,,,2026-06-01T09:36:37+00:00
movie_ac5c119c3fa2,Bacurau (2019),,https://letterboxd.com/film/bacurau/,2026-06-01T09:36:45+00:00
movie_65e8254e30a4,Bingo: The King of the Mornings (2017),,https://letterboxd.com/film/bingo-the-king-of-the-mornings/,2026-06-01T09:36:50+00:00
movie_49c35bc90d76,The World's End (2013),,https://letterboxd.com/film/the-worlds-end/,2026-06-01T09:36:50+00:00
movie_06b791cdee0f,Corpse Bride,,,2026-06-01T09:37:02+00:00
movie_71c827743a8b,Man vs Baby (2025),,https://letterboxd.com/film/man-vs-baby/,2026-06-01T09:37:58+00:00
movie_83dc0dd326fe,Spermageddon (2024),,https://letterboxd.com/film/spermageddon/,2026-06-01T09:37:58+00:00
movie_8f4d51702a05,Fantastic Beasts: The Secrets of Dumbledore,,,2026-06-01T09:38:03+00:00
movie_4f6f8465d325,The Stronghold (2021),,https://letterboxd.com/film/the-stronghold-2021/,2026-06-01T09:38:03+00:00
movie_1c594d9ca6d5,Don't Breathe 2 (2021),,https://letterboxd.com/film/dont-breathe-2/,2026-06-01T09:38:03+00:00
movie_1c0c2b573f1c,Benedetta (2021),,https://letterboxd.com/film/benedetta/,2026-06-01T09:38:03+00:00
movie_0c0b5166619d,Black Box (2021),,https://letterboxd.com/film/black-box-2021-1/,2026-06-01T09:38:03+00:00
movie_076661be4c5b,Simply Black (2020),,https://letterboxd.com/film/simply-black/,2026-06-01T09:38:03+00:00
movie_9cbb9bb2dd53,And Then We Danced (2019),,https://letterboxd.com/film/and-then-we-danced/,2026-06-01T09:38:03+00:00
movie_1663b49eddb6,Deerskin (2019),,https://letterboxd.com/film/deerskin/,2026-06-01T09:38:03+00:00
movie_13be97028136,Serial (Bad) Weddings 2 (2019),,https://letterboxd.com/film/serial-bad-weddings-2/,2026-06-01T09:38:03+00:00
movie_e8c715c7b308,Capernaum (2018),,https://letterboxd.com/film/capernaum/,2026-06-01T09:38:03+00:00
movie_048ffa80060f,The Carpenter's Son (2025),,https://letterboxd.com/film/the-carpenters-son/,2026-06-01T09:38:59+00:00
movie_705da6d1ca3d,A Friend of Dorothy (2025),,https://letterboxd.com/film/a-friend-of-dorothy-2025/,2026-06-01T09:38:59+00:00
movie_d415f2ccba8b,The Things You Kill (2025),,https://letterboxd.com/film/the-things-you-kill/,2026-06-01T09:38:59+00:00
movie_4169153c4df4,Two People Exchanging Saliva (2024),,https://letterboxd.com/film/two-people-exchanging-saliva/,2026-06-01T09:38:59+00:00
movie_6760c721a427,Jane Austen's Period Drama (2024),,https://letterboxd.com/film/jane-austens-period-drama/,2026-06-01T09:38:59+00:00
movie_2737b4716937,27 (2023),,https://letterboxd.com/film/27-2023/,2026-06-01T09:38:59+00:00
movie_4033e6be2fb2,Mars Express (2023),,https://letterboxd.com/film/mars-express/,2026-06-01T09:38:59+00:00
movie_a2dee1c8477f,Olaf Presents (2021),,https://letterboxd.com/film/olaf-presents/,2026-06-01T09:39:04+00:00
movie_84c2f291894e,Mad God (2021),,https://letterboxd.com/film/mad-god/,2026-06-01T09:39:04+00:00
movie_1dc30cf4976d,22 vs. Earth (2021),,https://letterboxd.com/film/22-vs-earth/,2026-06-01T09:39:04+00:00
movie_5dd5a80351f0,The Wild Pear Tree (2018),,https://letterboxd.com/film/the-wild-pear-tree/,2026-06-01T09:39:04+00:00
movie_850de20e823e,Mortal World (2018),,https://letterboxd.com/film/mortal-world/,2026-06-01T09:39:04+00:00
movie_d19e6af5151f,Mandy (2018),,https://letterboxd.com/film/mandy-2018/,2026-06-01T09:39:04+00:00
movie_71847322617b,The Voice of Hind Rajab,,,2026-06-01T09:39:28+00:00
movie_7721351cdaac,Sirāt,,,2026-06-01T09:39:44+00:00
movie_e6ce6bddf5f3,X-Men Origins: Wolverine,,,2026-06-01T09:39:52+00:00
movie_42ef82e938b0,Aap Jaisa Koi (2025),,https://letterboxd.com/film/aap-jaisa-koi/,2026-06-01T09:40:34+00:00
movie_8752d52bc1ee,Dhoom Dhaam (2025),,https://letterboxd.com/film/dhoom-dhaam/,2026-06-01T09:40:34+00:00
movie_958984ef9b52,Amaran (2024),,https://letterboxd.com/film/amaran-2024/,2026-06-01T09:40:34+00:00
movie_78de2da06cc0,Do Patti (2024),,https://letterboxd.com/film/do-patti/,2026-06-01T09:40:34+00:00
movie_2b8dc7b20dc2,Munjya (2024),,https://letterboxd.com/film/munjya/,2026-06-01T09:40:35+00:00
movie_51a2c07c2101,Shaitaan (2024),,https://letterboxd.com/film/shaitaan-2024/,2026-06-01T09:40:35+00:00
movie_58c2e928e841,Article 370 (2024),,https://letterboxd.com/film/article-370/,2026-06-01T09:40:35+00:00
movie_3e7472f3ff41,Mrs. (2023),,https://letterboxd.com/film/mrs-2023/,2026-06-01T09:40:35+00:00
movie_2d82f3c5aedc,Kathal (2023),,https://letterboxd.com/film/kathal/,2026-06-01T09:40:35+00:00
movie_013083fd9b92,"Monica, O My Darling (2022)",,https://letterboxd.com/film/monica-o-my-darling/,2026-06-01T09:40:35+00:00
movie_62f3c9a38c93,Dil Bechara (2020),,https://letterboxd.com/film/dil-bechara/,2026-06-01T09:40:35+00:00
movie_0d268ede9194,Thappad (2020),,https://letterboxd.com/film/thappad/,2026-06-01T09:40:35+00:00
movie_97bae3d56b0e,Dream Girl (2019),,https://letterboxd.com/film/dream-girl-2019-1/,2026-06-01T09:40:35+00:00
movie_a295abdaceda,The Sky Is Pink (2019),,https://letterboxd.com/film/the-sky-is-pink/,2026-06-01T09:40:35+00:00
movie_5617129d5fd7,Kalank (2019),,https://letterboxd.com/film/kalank/,2026-06-01T09:40:35+00:00
movie_9ac5c254ce30,2.0 (2018),,https://letterboxd.com/film/20/,2026-06-01T09:40:38+00:00
movie_2140f09a1e9f,Sui Dhaaga - Made in India (2018),,https://letterboxd.com/film/sui-dhaaga-made-in-india/,2026-06-01T09:40:38+00:00
movie_ceab369ce4dd,Laila Majnu (2018),,https://letterboxd.com/film/laila-majnu-2018/,2026-06-01T09:40:38+00:00
movie_1575d3c37951,Stree (2018),,https://letterboxd.com/film/stree/,2026-06-01T09:40:38+00:00
movie_eb3c6c58fe3a,Raazi (2018),,https://letterboxd.com/film/raazi/,2026-06-01T09:40:38+00:00
movie_014c9cbb39cf,October (2018),,https://letterboxd.com/film/october-2018/,2026-06-01T09:40:38+00:00
movie_82eb4e7f5078,Hichki (2018),,https://letterboxd.com/film/hichki/,2026-06-01T09:40:38+00:00
movie_d28cfa0984de,The Man Who Knew Infinity (2015),,https://letterboxd.com/film/the-man-who-knew-infinity/,2026-06-01T09:40:38+00:00
movie_08caef65d46b,Bajrangi Bhaijaan (2015),,https://letterboxd.com/film/bajrangi-bhaijaan/,2026-06-01T09:40:38+00:00
movie_75eda57aaf45,Masaan (2015),,https://letterboxd.com/film/masaan/,2026-06-01T09:40:38+00:00
movie_e9462b010b84,Shaun the Sheep Movie (2015),,https://letterboxd.com/film/shaun-the-sheep-movie/,2026-06-01T09:40:38+00:00
movie_9150b01ae68c,The Family McMullen (2025),,https://letterboxd.com/film/the-family-mcmullen/,2026-06-01T09:41:29+00:00
movie_7a19f755301e,Jaws @ 50: The Definitive Inside Story (2025),,https://letterboxd.com/film/jaws-50-the-definitive-inside-story-2025/,2026-06-01T09:41:29+00:00
movie_579075400e68,Louis Theroux: The Settlers (2025),,https://letterboxd.com/film/louis-theroux-the-settlers/,2026-06-01T09:41:29+00:00
movie_e9eb45b7ec01,Wise Guy: David Chase and The Sopranos (2024),,https://letterboxd.com/film/wise-guy-david-chase-and-the-sopranos/,2026-06-01T09:41:29+00:00
movie_65f0fee34655,Arthur the King (2024),,https://letterboxd.com/film/arthur-the-king-2024/,2026-06-01T09:41:29+00:00
movie_391425f3b421,Making of The Last of Us (2023),,https://letterboxd.com/film/making-of-the-last-of-us/,2026-06-01T09:41:29+00:00
movie_52ef3fe750b7,Plane (2023),,https://letterboxd.com/film/plane-2023/,2026-06-01T09:41:29+00:00
movie_64a809aae6c3,Lou (2022),,https://letterboxd.com/film/lou-2022/,2026-06-01T09:41:29+00:00
movie_4be3e807e10e,Last Seen Alive (2022),,https://letterboxd.com/film/last-seen-alive/,2026-06-01T09:41:32+00:00
movie_15a37985fd76,Black Crab (2022),,https://letterboxd.com/film/black-crab/,2026-06-01T09:41:32+00:00
movie_eb5dffd20f73,Moonfall (2022),,https://letterboxd.com/film/moonfall/,2026-06-01T09:41:32+00:00
movie_85e74c691710,The Many Saints of Newark (2021),,https://letterboxd.com/film/the-many-saints-of-newark/,2026-06-01T09:41:32+00:00
movie_cf13f1ad9b1c,Scenes from a Marriage (2021),,https://letterboxd.com/film/scenes-from-a-marriage-2021/,2026-06-01T09:41:32+00:00
movie_025f730d4031,The Ice Road (2021),,https://letterboxd.com/film/the-ice-road/,2026-06-01T09:41:32+00:00
movie_8caa76b50ce7,Those Who Wish Me Dead (2021),,https://letterboxd.com/film/those-who-wish-me-dead/,2026-06-01T09:41:32+00:00
movie_028b1f040d82,Fear of Rain (2021),,https://letterboxd.com/film/fear-of-rain/,2026-06-01T09:41:32+00:00
movie_ebbedbc58805,The Little Things (2021),,https://letterboxd.com/film/the-little-things-2021/,2026-06-01T09:41:32+00:00
movie_03e55a440df9,News of the World (2020),,https://letterboxd.com/film/news-of-the-world/,2026-06-01T09:41:32+00:00
movie_371a8bf968ba,Let Them All Talk (2020),,https://letterboxd.com/film/let-them-all-talk/,2026-06-01T09:41:32+00:00
movie_d1bbda73b329,The Mysterious Gaze of the Flamingo (2025),,https://letterboxd.com/film/the-mysterious-gaze-of-the-flamingo/,2026-06-01T09:42:30+00:00
movie_931717c26eda,Under the Banner of Heaven (2022),,https://letterboxd.com/film/under-the-banner-of-heaven/,2026-06-01T09:42:30+00:00
movie_5603c1b9d33f,The Sleeper (2025),,https://letterboxd.com/film/the-sleeper-2025/,2026-06-01T09:43:26+00:00
movie_c87ea6f55dad,My Melody & Kuromi (2025),,https://letterboxd.com/film/my-melody-kuromi/,2026-06-01T09:43:26+00:00
movie_7cd4348dc704,When the Phone Rings (2024),,https://letterboxd.com/film/when-the-phone-rings-2024/,2026-06-01T09:43:26+00:00
movie_af445ff6bc2b,The Children's Train (2024),,https://letterboxd.com/film/the-childrens-train/,2026-06-01T09:43:26+00:00
movie_50b0145913cd,Even If This Love Disappears from the World Tonight (2022),,https://letterboxd.com/film/even-if-this-love-disappears-from-the-world/,2026-06-01T09:43:26+00:00
movie_3271b02ad3ff,The Last 10 Years (2022),,https://letterboxd.com/film/the-last-10-years/,2026-06-01T09:43:26+00:00
movie_0c704c3e4008,Paper Lives (2021),,https://letterboxd.com/film/paper-lives/,2026-06-01T09:43:26+00:00
movie_a7117644a638,Your Eyes Tell (2020),,https://letterboxd.com/film/your-eyes-tell/,2026-06-01T09:43:26+00:00
movie_7f86f3e0fcf8,Threads - Our Tapestry of Love (2020),,https://letterboxd.com/film/threads-our-tapestry-of-love/,2026-06-01T09:43:26+00:00
movie_11856a7123fc,Voices in the Wind (2020),,https://letterboxd.com/film/voices-in-the-wind/,2026-06-01T09:43:26+00:00
movie_3ce47203aa22,Pocket Hercules: Naim Suleymanoglu (2019),,https://letterboxd.com/film/pocket-hercules-naim-suleymanoglu/,2026-06-01T09:43:26+00:00
movie_6a0dad35ebad,You've Got Murder (2019),,https://letterboxd.com/film/youve-got-murder/,2026-06-01T09:43:26+00:00
movie_acc4bd0c8ed1,Countdown (2019),,https://letterboxd.com/film/countdown-2019/,2026-06-01T09:43:26+00:00
movie_d0513428e715,Eli (2019),,https://letterboxd.com/film/eli-2019/,2026-06-01T09:43:26+00:00
movie_743ba598eeac,NiNoKuni (2019),,https://letterboxd.com/film/ninokuni/,2026-06-01T09:43:26+00:00
movie_3f92ad560314,The Promised Neverland (2019),,https://letterboxd.com/film/the-promised-neverland-2019-1/,2026-06-01T09:43:30+00:00
movie_61559dbf6c3e,Mirage (2018),,https://letterboxd.com/film/mirage-2018/,2026-06-01T09:43:30+00:00
movie_bbf88e9b4c37,House of Hummingbird (2018),,https://letterboxd.com/film/house-of-hummingbird/,2026-06-01T09:43:30+00:00
movie_08bb14fb4e05,Stranger in My Pocket (2018),,https://letterboxd.com/film/stranger-in-my-pocket/,2026-06-01T09:43:30+00:00
movie_d4bb78b55d07,Arif V 216 (2018),,https://letterboxd.com/film/arif-v-216/,2026-06-01T09:43:30+00:00
movie_faeee8bd452b,Ayla: The Daughter of War (2017),,https://letterboxd.com/film/ayla-the-daughter-of-war/,2026-06-01T09:43:30+00:00
movie_1001847be659,Drowning Love (2016),,https://letterboxd.com/film/drowning-love/,2026-06-01T09:43:30+00:00
movie_a9c005f5c7e2,Iftar Soda (2016),,https://letterboxd.com/film/iftar-soda/,2026-06-01T09:43:30+00:00
movie_9d0a8148f3d4,Barbie: Spy Squad (2016),,https://letterboxd.com/film/barbie-spy-squad/,2026-06-01T09:43:30+00:00
movie_92ad6d8ffbca,Delibal (2015),,https://letterboxd.com/film/delibal/,2026-06-01T09:43:30+00:00
movie_6fe9196a6ece,Barbie & Her Sisters in the Great Puppy Adventure (2015),,https://letterboxd.com/film/barbie-her-sisters-in-the-great-puppy-adventure/,2026-06-01T09:43:30+00:00
movie_34cb59dd8b0c,Hedda (2025),,https://letterboxd.com/film/hedda-2025/,2026-06-01T09:44:34+00:00
movie_55e590565e5d,Pompei: Below the Clouds (2025),,https://letterboxd.com/film/pompei-below-the-clouds/,2026-06-01T09:44:34+00:00
movie_d10b2bf33c97,Trainwreck: Poop Cruise (2025),,https://letterboxd.com/film/trainwreck-poop-cruise/,2026-06-01T09:44:34+00:00
movie_0f7423a50cb6,Kinda Pregnant (2025),,https://letterboxd.com/film/kinda-pregnant/,2026-06-01T09:44:34+00:00
movie_7380f5e3cb1f,A Nonsense Christmas with Sabrina Carpenter (2024),,https://letterboxd.com/film/a-nonsense-christmas-with-sabrina-carpenter/,2026-06-01T09:44:34+00:00
movie_61e61f865e14,Twisters,,,2026-06-01T09:44:39+00:00
movie_e97352594329,Sing Sing (2023),,https://letterboxd.com/film/sing-sing-2023/,2026-06-01T09:44:39+00:00
movie_8406b09239bc,Mr. Harrigan's Phone (2022),,https://letterboxd.com/film/mr-harrigans-phone/,2026-06-01T09:44:39+00:00
movie_e03fc1b04467,Before I Fall (2017),,https://letterboxd.com/film/before-i-fall/,2026-06-01T09:45:35+00:00
movie_b5a6755a30f5,Crimson Peak,,,2026-06-01T09:46:44+00:00
movie_8c0b45eafa64,Franz (2025),,https://letterboxd.com/film/franz-2025/,2026-06-01T09:46:52+00:00
movie_329228489403,Waves (2024),,https://letterboxd.com/film/waves-2024-1/,2026-06-01T09:46:52+00:00
movie_2d56bb8de73f,Tinker Bell and the Pirate Fairy (2014),,https://letterboxd.com/film/tinker-bell-and-the-pirate-fairy/,2026-06-01T09:46:52+00:00
movie_e97891ecf13c,Brave,,,2026-06-01T09:46:56+00:00
movie_1939cb165b34,Tinker Bell and the Lost Treasure (2009),,https://letterboxd.com/film/tinker-bell-and-the-lost-treasure/,2026-06-01T09:46:56+00:00
movie_f5ac9fd3ca4a,Tinker Bell (2008),,https://letterboxd.com/film/tinkerbell/,2026-06-01T09:46:56+00:00
movie_f96149ca33a8,Bridget Jones: The Edge of Reason (2004),,https://letterboxd.com/film/bridget-jones-the-edge-of-reason/,2026-06-01T09:46:56+00:00
movie_34d628658d4e,The Little Mermaid (1989),,https://letterboxd.com/film/the-little-mermaid/,2026-06-01T09:46:56+00:00
movie_efe49b7f5c1a,Holes (2003),,https://letterboxd.com/film/holes/,2026-06-01T09:48:55+00:00
movie_73e56bc66bfc,Predator (1987),,https://letterboxd.com/film/predator/,2026-06-01T09:48:55+00:00
movie_d4fac9eacbed,Cosmic Princess Kaguya! (2026),,https://letterboxd.com/film/cosmic-princess-kaguya/,2026-06-01T09:50:38+00:00
movie_53de7293467e,Kaamelott: The Second Chapter (Part I) (2025),,https://letterboxd.com/film/kaamelott-the-second-chapter-part-i/,2026-06-01T09:51:59+00:00
movie_63607d55abe1,Primavera (2025),,https://letterboxd.com/film/primavera-2025/,2026-06-01T09:51:59+00:00
movie_fe2998f835a5,Out of Love (2025),,https://letterboxd.com/film/out-of-love-2025/,2026-06-01T09:51:59+00:00
movie_017846a4138a,The Return (2024),,https://letterboxd.com/film/the-return-2024/,2026-06-01T09:51:59+00:00
movie_4a6868ba01de,Inheritance (2024),,https://letterboxd.com/film/inheritance-2024-5/,2026-06-01T09:51:59+00:00
movie_cb4762953696,Squeezie: Thanks Internet (2024),,https://letterboxd.com/film/squeezie-thanks-internet/,2026-06-01T09:51:59+00:00
movie_b5cc46847dd5,Daily Dose of Sunshine (2023),,https://letterboxd.com/film/daily-dose-of-sunshine/,2026-06-01T09:51:59+00:00
movie_f013c0d2b72a,Weekend Rebels (2023),,https://letterboxd.com/film/weekend-rebels/,2026-06-01T09:51:59+00:00
movie_36ff10de8aea,Celebrity (2023),,https://letterboxd.com/film/celebrity-2023/,2026-06-01T09:51:59+00:00
movie_3e7be1f1d956,Crash Course in Romance (2023),,https://letterboxd.com/film/crash-course-in-romance/,2026-06-01T09:51:59+00:00
movie_859b9c548d4b,20th Century Girl,,,2026-06-01T09:52:03+00:00
movie_811e980380f8,Vincenzo (2021),,https://letterboxd.com/film/vincenzo/,2026-06-01T09:52:03+00:00
movie_2d8af492d005,The Angry Birds Movie 2 (2019),,https://letterboxd.com/film/the-angry-birds-movie-2/,2026-06-01T09:52:03+00:00
movie_3fe019e7ec00,Fixed (2025),,https://letterboxd.com/film/fixed-2025/,2026-06-01T09:53:11+00:00
movie_455ef2f4c412,Bagman (2024),,https://letterboxd.com/film/bagman-2024/,2026-06-01T09:53:11+00:00
movie_99e175d5aeb1,Bluey: The Sign (2024),,https://letterboxd.com/film/bluey-the-sign-2024/,2026-06-01T09:53:11+00:00
movie_f1b459dc4a49,Diary of a Wimpy Kid: Rodrick Rules (2022),,https://letterboxd.com/film/diary-of-a-wimpy-kid-rodrick-rules-2022/,2026-06-01T09:53:15+00:00
movie_3e937d7ffcc9,Diary of a Wimpy Kid (2021),,https://letterboxd.com/film/diary-of-a-wimpy-kid-2021/,2026-06-01T09:53:15+00:00
movie_bebdcb6ab34e,Little Amélie or the Character of Rain,,,2026-06-01T09:53:41+00:00
movie_8bf2796839d8,Misery,,,2026-06-01T09:53:46+00:00
movie_876b3f2392c6,Barry Lyndon,,,2026-06-01T09:53:49+00:00
movie_3fcccbbe5e33,Life Is Beautiful,,,2026-06-01T09:53:54+00:00
movie_92b70b5b2cfb,The Lives of Others,,,2026-06-01T09:54:10+00:00
movie_615258fd1bc5,Nope,,,2026-06-01T09:54:38+00:00
movie_93d21d60f06a,All the Empty Rooms (2025),,https://letterboxd.com/film/all-the-empty-rooms/,2026-06-01T09:54:45+00:00
movie_6b18bb58200b,Z-O-M-B-I-E-S 4: Dawn of the Vampires (2025),,https://letterboxd.com/film/z-o-m-b-i-e-s-4-dawn-of-the-vampires/,2026-06-01T09:54:45+00:00
movie_3c4c312037b6,Buy Now! The Shopping Conspiracy (2024),,https://letterboxd.com/film/buy-now-the-shopping-conspiracy/,2026-06-01T09:54:45+00:00
movie_121547ced20c,Winnie-the-Pooh: Blood and Honey 2 (2024),,https://letterboxd.com/film/winnie-the-pooh-blood-and-honey-2/,2026-06-01T09:54:45+00:00
movie_ec5358a62d47,Retribution (2023),,https://letterboxd.com/film/retribution-2023/,2026-06-01T09:54:45+00:00
movie_19102e0af48f,Scrooge: A Christmas Carol (2022),,https://letterboxd.com/film/scrooge-a-christmas-carol/,2026-06-01T09:54:49+00:00
movie_3caad39ce66a,Unfriended: Dark Web (2018),,https://letterboxd.com/film/unfriended-dark-web/,2026-06-01T09:54:49+00:00
movie_d451cd54760e,The Beguiled (2017),,https://letterboxd.com/film/the-beguiled-2017/,2026-06-01T09:54:49+00:00
movie_f6f55f20d846,Blair Witch (2016),,https://letterboxd.com/film/blair-witch/,2026-06-01T09:54:49+00:00
movie_c568624ee26c,This Is the End (2013),,https://letterboxd.com/film/this-is-the-end/,2026-06-01T09:54:49+00:00
movie_9820695c8ed5,Despicable Me 2,,,2026-06-01T09:54:52+00:00
movie_359a63038ad5,Blink Twice,,,2026-06-01T09:55:16+00:00
movie_033412d5cfd3,Deep Water (2026),,https://letterboxd.com/film/deep-water-2026/,2026-06-01T09:55:53+00:00
movie_6925d838c5cd,Diary of a Wimpy Kid: The Last Straw (2025),,https://letterboxd.com/film/diary-of-a-wimpy-kid-the-last-straw/,2026-06-01T09:55:53+00:00
movie_925422d06970,My Secret Santa (2025),,https://letterboxd.com/film/my-secret-santa/,2026-06-01T09:55:53+00:00
movie_064549a7d19e,Troll 2 (2025),,https://letterboxd.com/film/troll-2-2025/,2026-06-01T09:55:53+00:00
movie_4550ce2713c8,Jingle Bell Heist (2025),,https://letterboxd.com/film/jingle-bell-heist/,2026-06-01T09:55:53+00:00
movie_ccd64c392909,A Merry Little Ex-Mas (2025),,https://letterboxd.com/film/a-merry-little-ex-mas/,2026-06-01T09:55:53+00:00
movie_54b6530b9780,In Your Dreams (2025),,https://letterboxd.com/film/in-your-dreams-2025/,2026-06-01T09:55:53+00:00
movie_4ebd985302ff,Now You See Me: Now You Don't,,,2026-06-01T09:55:58+00:00
movie_b5b4c4285698,The Hand That Rocks the Cradle (2025),,https://letterboxd.com/film/the-hand-that-rocks-the-cradle-2025/,2026-06-01T09:55:58+00:00
movie_a15780644644,Anniversary (2025),,https://letterboxd.com/film/anniversary-2025/,2026-06-01T09:55:58+00:00
movie_756a5d99d905,Maintenance Required (2025),,https://letterboxd.com/film/maintenance-required/,2026-06-01T09:55:58+00:00
movie_a11474ddad50,Mile End Kicks (2025),,https://letterboxd.com/film/mile-end-kicks/,2026-06-01T09:55:58+00:00
movie_b74a21506725,Ballad of a Small Player (2025),,https://letterboxd.com/film/ballad-of-a-small-player/,2026-06-01T09:55:58+00:00
movie_6a034f5105e3,Eenie Meanie (2025),,https://letterboxd.com/film/eenie-meanie/,2026-06-01T09:55:58+00:00
movie_3228fde6fb1d,Fall for Me (2025),,https://letterboxd.com/film/fall-for-me/,2026-06-01T09:55:58+00:00
movie_607c989fd190,Influencers (2025),,https://letterboxd.com/film/influencers-2025/,2026-06-01T09:55:58+00:00
movie_5592d9a45bb6,A Normal Woman (2025),,https://letterboxd.com/film/a-normal-woman/,2026-06-01T09:55:58+00:00
movie_7214f57e0cef,Forbidden Fruits,,,2026-06-01T09:56:20+00:00
movie_e1a5885d6f1b,The Great Flood,,,2026-06-01T09:56:28+00:00
movie_0a9b26edf1a3,Miss Congeniality,,,2026-06-01T09:57:02+00:00
movie_c19c8216097c,Miss Congeniality (2000),,https://letterboxd.com/film/miss-congeniality/,2026-06-01T09:57:10+00:00
movie_5ed49a337814,Farewell My Concubine,,,2026-06-01T09:58:05+00:00
movie_7c8cbde78b85,Furiosa: A Mad Max Saga,,,2026-06-01T09:58:05+00:00
movie_bd01372ab3c3,Eastern Promises (2007),,https://letterboxd.com/film/eastern-promises/,2026-06-01T09:58:12+00:00
movie_6e884d6fcb84,Ring (1998),,https://letterboxd.com/film/ring-1998/,2026-06-01T09:58:12+00:00
movie_ffe967c742d3,No One Will Miss Us (2024),,https://letterboxd.com/film/no-one-will-miss-us-2024/,2026-06-01T09:59:31+00:00
movie_f6d77eb50216,Candy Cane Lane (2023),,https://letterboxd.com/film/candy-cane-lane/,2026-06-01T09:59:31+00:00
movie_5e43b2200963,South Park the Streaming Wars Part 2 (2022),,https://letterboxd.com/film/south-park-the-streaming-wars-part-2/,2026-06-01T09:59:31+00:00
movie_6460ed58a7c0,Jackass 4.5 (2022),,https://letterboxd.com/film/jackass-45/,2026-06-01T09:59:31+00:00
movie_e92676c277c0,Dog (2022),,https://letterboxd.com/film/dog-2022/,2026-06-01T09:59:31+00:00
movie_8b40a8eca66f,South Park: Post COVID: The Return of COVID (2021),,https://letterboxd.com/film/south-park-post-covid-the-return-of-covid/,2026-06-01T09:59:31+00:00
movie_d282dad96a13,South Park: Post COVID (2021),,https://letterboxd.com/film/south-park-post-covid/,2026-06-01T09:59:31+00:00
movie_bbf995c37270,8-Bit Christmas (2021),,https://letterboxd.com/film/8-bit-christmas/,2026-06-01T09:59:31+00:00
movie_58673e8069b1,South Park: The Pandemic Special (2020),,https://letterboxd.com/film/south-park-the-pandemic-special/,2026-06-01T09:59:31+00:00
movie_80d1d5ab6434,Spenser Confidential (2020),,https://letterboxd.com/film/spenser-confidential/,2026-06-01T09:59:31+00:00
movie_405c60319312,Brahms: The Boy II (2020),,https://letterboxd.com/film/brahms-the-boy-ii/,2026-06-01T09:59:31+00:00
movie_e50c5f654567,Memories of a Teenager (2019),,https://letterboxd.com/film/memories-of-a-teenager/,2026-06-01T09:59:31+00:00
movie_b2b493c87378,Blockers (2018),,https://letterboxd.com/film/blockers/,2026-06-01T09:59:36+00:00
movie_cdca0ad4abb1,The Upside (2017),,https://letterboxd.com/film/the-upside/,2026-06-01T09:59:36+00:00
movie_26f2f214f202,Diary of a Wimpy Kid: The Long Haul (2017),,https://letterboxd.com/film/diary-of-a-wimpy-kid-the-long-haul/,2026-06-01T09:59:36+00:00
movie_76fe402c5d34,Tales of an Immoral Couple (2016),,https://letterboxd.com/film/tales-of-an-immoral-couple/,2026-06-01T09:59:36+00:00
movie_828e280dcd93,Bad Moms (2016),,https://letterboxd.com/film/bad-moms/,2026-06-01T09:59:36+00:00
movie_4e8f064171c1,Sing Street (2016),,https://letterboxd.com/film/sing-street/,2026-06-01T09:59:36+00:00
movie_f7e1e4a0fcac,The Ridiculous 6 (2015),,https://letterboxd.com/film/the-ridiculous-6/,2026-06-01T09:59:36+00:00
movie_816fcda1b0a8,Daddy's Home (2015),,https://letterboxd.com/film/daddys-home/,2026-06-01T09:59:36+00:00
movie_8a605fcdfae7,A Haunted House 2 (2014),,https://letterboxd.com/film/a-haunted-house-2/,2026-06-01T09:59:36+00:00
movie_dd378b858b5f,Scream 3,,,2026-06-01T10:00:49+00:00
movie_fed6265f5db4,Avengers: Doomsday,,,2026-06-01T10:00:56+00:00
movie_6e090d6db733,Avengers: Doomsday (2026),,https://letterboxd.com/film/avengers-doomsday/,2026-06-01T10:00:56+00:00
movie_af6d799443a3,The Break-Up (2006),,https://letterboxd.com/film/the-break-up/,2026-06-01T10:00:56+00:00
movie_6318892133fe,Lara Croft: Tomb Raider (2001),,https://letterboxd.com/film/lara-croft-tomb-raider/,2026-06-01T10:00:56+00:00
movie_a296d4ffc82b,"Love, Rosie",,,2026-06-01T10:01:55+00:00
movie_470ac4bf1748,Easy A,,,2026-06-01T10:03:42+00:00
movie_c8390126995c,The Last Song (2010),,https://letterboxd.com/film/the-last-song/,2026-06-01T10:03:42+00:00
movie_b971f84a3477,Barnyard (2006),,https://letterboxd.com/film/barnyard/,2026-06-01T10:03:42+00:00
movie_4c027e441119,The Adventures of Sharkboy and Lavagirl (2005),,https://letterboxd.com/film/the-adventures-of-sharkboy-and-lavagirl/,2026-06-01T10:03:42+00:00
movie_91d7c5a24a44,Honey (2003),,https://letterboxd.com/film/honey/,2026-06-01T10:03:42+00:00
movie_01f5f5bf2f54,Spy Kids 3-D: Game Over (2003),,https://letterboxd.com/film/spy-kids-3-d-game-over/,2026-06-01T10:03:42+00:00
movie_6e9cd4a56355,Spy Kids 2: The Island of Lost Dreams (2002),,https://letterboxd.com/film/spy-kids-2-the-island-of-lost-dreams/,2026-06-01T10:03:42+00:00
movie_6a24bc1877cb,Batman: Mask of the Phantasm (1993),,https://letterboxd.com/film/batman-mask-of-the-phantasm/,2026-06-01T10:03:42+00:00
movie_257442bd4b9d,Menace II Society (1993),,https://letterboxd.com/film/menace-ii-society/,2026-06-01T10:03:42+00:00
movie_e8d20386ea51,The In-Laws 2 (2023),,https://letterboxd.com/film/the-in-laws-2/,2026-06-01T10:04:54+00:00
movie_c3955d1dc40f,The In-Laws (2021),,https://letterboxd.com/film/the-in-laws-2021/,2026-06-01T10:04:54+00:00
movie_11fda54d3c22,The Hunt,,,2026-06-01T10:05:02+00:00
movie_edc12d19ee83,French Lover (2025),,https://letterboxd.com/film/french-lover/,2026-06-01T10:07:42+00:00
movie_f90d197d5194,God Save the Tuches (2025),,https://letterboxd.com/film/god-save-the-tuches/,2026-06-01T10:07:42+00:00
movie_8408effb78e0,Not Without My Shrink (2024),,https://letterboxd.com/film/not-without-my-shrink/,2026-06-01T10:07:42+00:00
movie_8f00184648f3,Ride Away (2024),,https://letterboxd.com/film/ride-away-2024/,2026-06-01T10:07:42+00:00
movie_59fc6c9a4f51,Nothing to Hide (2018),,https://letterboxd.com/film/nothing-to-hide-2018/,2026-06-01T10:07:47+00:00
movie_658740c6fe02,Babysitting 2 (2015),,https://letterboxd.com/film/babysitting-2/,2026-06-01T10:07:47+00:00
movie_db3b8eb334a8,Babysitting (2014),,https://letterboxd.com/film/babysitting/,2026-06-01T10:07:47+00:00
movie_a50a44ca235f,Ernest & Celestine (2012),,https://letterboxd.com/film/ernest-celestine/,2026-06-01T10:07:47+00:00
movie_47a4c4b67318,The Marching Band,,,2026-06-01T10:08:15+00:00
movie_401fe0810e94,Atlantis: The Lost Empire,,,2026-06-01T10:09:03+00:00
movie_58c0892cc563,There Will Be Blood,,,2026-06-01T10:10:24+00:00
movie_3ee019b378ab,My First Summer (2020),,https://letterboxd.com/film/my-first-summer/,2026-06-01T10:10:32+00:00
movie_d870ddb307ac,Earwig and the Witch (2020),,https://letterboxd.com/film/earwig-and-the-witch/,2026-06-01T10:10:32+00:00
movie_31cbd4a318c1,Over the Moon (2020),,https://letterboxd.com/film/over-the-moon-2020/,2026-06-01T10:10:32+00:00
movie_966c2fac4ec8,Dou kyu sei – Classmates (2016),,https://letterboxd.com/film/dou-kyu-sei-classmates/,2026-06-01T10:10:32+00:00
movie_73e2fbeb83d9,Jack and the Cuckoo-Clock Heart (2013),,https://letterboxd.com/film/jack-and-the-cuckoo-clock-heart/,2026-06-01T10:10:33+00:00
movie_fbd158d1bfdf,Frankenweenie (2012),,https://letterboxd.com/film/frankenweenie-2012/,2026-06-01T10:10:37+00:00
movie_4640202c7970,Ruby Sparks (2012),,https://letterboxd.com/film/ruby-sparks/,2026-06-01T10:10:37+00:00
movie_cd3737e68500,A Christmas Carol (2009),,https://letterboxd.com/film/a-christmas-carol-2009/,2026-06-01T10:10:37+00:00
movie_0619d7fa84dd,Perfume: The Story of a Murderer (2006),,https://letterboxd.com/film/perfume-the-story-of-a-murderer/,2026-06-01T10:10:37+00:00
movie_d6a3f6d030e6,The Chorus (2004),,https://letterboxd.com/film/the-chorus/,2026-06-01T10:10:37+00:00
movie_1a7b5be2c015,Babygirl,,,2026-06-01T10:11:27+00:00
movie_d4cd147014fe,Pee-wee as Himself (2025),,https://letterboxd.com/film/pee-wee-as-himself-1/,2026-06-01T10:11:34+00:00
movie_c801f7265934,30 Days of Night (2007),,https://letterboxd.com/film/30-days-of-night/,2026-06-01T10:11:35+00:00
movie_4d9ca28a0bbc,Big Fish (2003),,https://letterboxd.com/film/big-fish/,2026-06-01T10:11:35+00:00
movie_32b84b565529,Marriage Story,,,2026-06-01T10:12:45+00:00
movie_934c8bde15fd,The Making of Priscilla (2023),,https://letterboxd.com/film/the-making-of-priscilla/,2026-06-01T10:12:53+00:00
movie_f6b7d10a0512,Blue Lagoon: The Awakening (2012),,https://letterboxd.com/film/blue-lagoon-the-awakening/,2026-06-01T10:12:57+00:00
movie_748dc9195c91,She's Out of My League (2010),,https://letterboxd.com/film/shes-out-of-my-league/,2026-06-01T10:12:57+00:00
movie_f9463f1a5cae,Just My Luck (2006),,https://letterboxd.com/film/just-my-luck-2006/,2026-06-01T10:12:57+00:00
movie_51875acd6399,First Daughter (2004),,https://letterboxd.com/film/first-daughter/,2026-06-01T10:12:57+00:00
movie_ff23241f54d6,New York Minute (2004),,https://letterboxd.com/film/new-york-minute/,2026-06-01T10:12:57+00:00
movie_72c6da0b2b15,But I'm a Cheerleader,,,2026-06-01T10:14:07+00:00
movie_568cd727e6eb,If Wishes Could Kill,,,2026-06-01T10:14:13+00:00
movie_4aa8f4ac7970,Dear X (2025),,https://letterboxd.com/film/dear-x/,2026-06-01T10:14:13+00:00
movie_aacefe4b8ba2,Welcome to Samdal-ri (2023),,https://letterboxd.com/film/welcome-to-samdal-ri/,2026-06-01T10:14:13+00:00
movie_774a9767326d,Anna (2022),,https://letterboxd.com/film/anna-2022-1/,2026-06-01T10:14:13+00:00
movie_6fc7c915ea51,Soundtrack #1 (2022),,https://letterboxd.com/film/soundtrack-1/,2026-06-01T10:14:13+00:00
movie_d1964752792d,Shadow Beauty (2021),,https://letterboxd.com/film/shadow-beauty/,2026-06-01T10:14:13+00:00
movie_8f5c9d8c3fdd,Strangers from Hell (2019),,https://letterboxd.com/film/strangers-from-hell/,2026-06-01T10:14:13+00:00
movie_5fdf06aa1110,Guardian: The Lonely and Great God (2016),,https://letterboxd.com/film/guardian-the-lonely-and-great-god/,2026-06-01T10:14:13+00:00
movie_0923a0359be4,The Legend of the Blue Sea (2016),,https://letterboxd.com/film/the-legend-of-the-blue-sea/,2026-06-01T10:14:13+00:00
movie_7e5a6deef653,Descendants of the Sun (2016),,https://letterboxd.com/film/descendants-of-the-sun/,2026-06-01T10:14:13+00:00
movie_d5e75cd87705,Luca,,,2026-06-01T10:15:30+00:00
movie_4f7532d1a3cb,Groundhog Day,,,2026-06-01T10:16:16+00:00
movie_b534f680cff8,The Tragedy of Macbeth (2021),,https://letterboxd.com/film/the-tragedy-of-macbeth/,2026-06-01T10:16:25+00:00
movie_330ec2ffa468,Asterix: The Mansions of the Gods (2014),,https://letterboxd.com/film/asterix-the-mansions-of-the-gods/,2026-06-01T10:16:25+00:00
movie_411dcfd4743d,The Twilight Saga: Breaking Dawn – Part 2,,,2026-06-01T10:16:28+00:00
movie_100e6bf86872,Looper (2012),,https://letterboxd.com/film/looper/,2026-06-01T10:16:28+00:00
movie_786bfd15e918,The Adventures of Tintin (2011),,https://letterboxd.com/film/the-adventures-of-tintin/,2026-06-01T10:16:28+00:00
movie_80656f782e7b,X-Men: First Class (2011),,https://letterboxd.com/film/x-men-first-class/,2026-06-01T10:16:29+00:00
movie_b9fb10973a59,Polisse (2011),,https://letterboxd.com/film/polisse/,2026-06-01T10:16:29+00:00
movie_60dc8d10bba9,Remember Me (2010),,https://letterboxd.com/film/remember-me/,2026-06-01T10:16:29+00:00
movie_2f0702182c35,The Men Who Stare at Goats (2009),,https://letterboxd.com/film/the-men-who-stare-at-goats/,2026-06-01T10:16:29+00:00
movie_2c585208c101,A Serious Man (2009),,https://letterboxd.com/film/a-serious-man/,2026-06-01T10:16:29+00:00
movie_1d4f7e674b74,Whip It (2009),,https://letterboxd.com/film/whip-it/,2026-06-01T10:16:29+00:00
movie_72b7be9a6cbe,The Boat That Rocked (2009),,https://letterboxd.com/film/the-boat-that-rocked/,2026-06-01T10:16:29+00:00
movie_a665b2427ef9,Hellboy II: The Golden Army (2008),,https://letterboxd.com/film/hellboy-ii-the-golden-army/,2026-06-01T10:16:29+00:00
movie_2d5c84f19352,The Other Boleyn Girl (2008),,https://letterboxd.com/film/the-other-boleyn-girl/,2026-06-01T10:16:29+00:00
movie_b23932779ae5,The Orphanage (2007),,https://letterboxd.com/film/the-orphanage/,2026-06-01T10:16:29+00:00
movie_3575a27216c6,Planet Terror (2007),,https://letterboxd.com/film/planet-terror/,2026-06-01T10:16:29+00:00
movie_4c75ec95ff2d,Drishyam 3,,,2026-06-01T10:17:24+00:00
movie_44d3d5f68ab6,#SalveRosa (2025),,https://letterboxd.com/film/salverosa/,2026-06-01T10:18:39+00:00
movie_00d14b89b133,Black Mirror: Playtest (2016),,https://letterboxd.com/film/black-mirror-playtest/,2026-06-01T10:18:43+00:00
movie_db3db302a0a7,Black Mirror: Be Right Back (2013),,https://letterboxd.com/film/black-mirror-be-right-back/,2026-06-01T10:18:43+00:00
movie_aefee9866af6,Martyrs (2008),,https://letterboxd.com/film/martyrs/,2026-06-01T10:18:43+00:00
movie_97a1fffa39c0,Radiohead: In Rainbows - From the Basement (2008),,https://letterboxd.com/film/radiohead-in-rainbows-from-the-basement/,2026-06-01T10:18:43+00:00
movie_02641d22d26b,In the Mood for Love,,,2026-06-01T10:18:47+00:00
movie_670feaf73fbd,Shaolin Soccer,,,2026-06-01T10:19:12+00:00
movie_84747ca59116,The Elephant Man,,,2026-06-01T10:19:15+00:00
movie_7354ae4bc79c,180,,,2026-06-01T10:22:04+00:00
movie_5654984d9d29,Firebreak (2026),,https://letterboxd.com/film/firebreak-2026/,2026-06-01T10:22:04+00:00
movie_03ff539388aa,The Super Frugal Family (2025),,https://letterboxd.com/film/the-super-frugal-family/,2026-06-01T10:22:04+00:00
movie_859b313204b9,The Most Beautiful Girl in the World (2025),,https://letterboxd.com/film/the-most-beautiful-girl-in-the-world-2025/,2026-06-01T10:22:04+00:00
movie_ca9e7f6dded7,Upstream (2024),,https://letterboxd.com/film/upstream-2024/,2026-06-01T10:22:04+00:00
movie_f6a2a2bee434,A Place Called Silence (2024),,https://letterboxd.com/film/a-place-called-silence-2024/,2026-06-01T10:22:04+00:00
movie_d5c168961138,Reunion (2024),,https://letterboxd.com/film/reunion-2024/,2026-06-01T10:22:04+00:00
movie_a796fac4d7a4,RedLife (2023),,https://letterboxd.com/film/redlife/,2026-06-01T10:22:04+00:00
movie_1efa71271777,"Ice Cold: Murder, Coffee and Jessica Wongso (2023)",,https://letterboxd.com/film/ice-cold-murder-coffee-and-jessica-wongso/,2026-06-01T10:22:04+00:00
movie_5f63deacc024,To Catch a Killer (2023),,https://letterboxd.com/film/to-catch-a-killer-2023/,2026-06-01T10:22:08+00:00
movie_c40f1c9c5c25,Narvik (2022),,https://letterboxd.com/film/narvik/,2026-06-01T10:22:08+00:00
movie_0d6e3f46f123,Vesper (2022),,https://letterboxd.com/film/vesper-2022/,2026-06-01T10:22:08+00:00
movie_89e0bb34c7f5,Munich – The Edge of War (2021),,https://letterboxd.com/film/munich-the-edge-of-war/,2026-06-01T10:22:08+00:00
movie_2fc06e2e1c4e,The Forgotten Battle (2020),,https://letterboxd.com/film/the-forgotten-battle/,2026-06-01T10:22:08+00:00
movie_35d489142a07,Harriet (2019),,https://letterboxd.com/film/harriet/,2026-06-01T10:22:08+00:00
movie_792058248fcd,The Hunger Games: Mockingjay – Part 2,,,2026-06-01T10:22:35+00:00
movie_31cd8e43fac7,Terrifier,,,2026-06-01T10:23:16+00:00
movie_7d575c1131ce,Flushed Away (2006),,https://letterboxd.com/film/flushed-away/,2026-06-01T10:23:16+00:00
movie_1fc8b10edd6a,Jim's Story (2024),,https://letterboxd.com/film/jims-story/,2026-06-01T10:29:59+00:00
movie_55f0cf5f08f6,The Second Act (2024),,https://letterboxd.com/film/the-second-act/,2026-06-01T10:29:59+00:00
movie_fa45d9664535,Brothers (2024),,https://letterboxd.com/film/brothers-2024-2/,2026-06-01T10:29:59+00:00
movie_64ab3d6fa3b2,Consent (2023),,https://letterboxd.com/film/consent-2023-1/,2026-06-01T10:29:59+00:00
movie_9032400fb2f2,Daaaaaalí! (2023),,https://letterboxd.com/film/daaaaaali/,2026-06-01T10:29:59+00:00
movie_4a9ee714873b,Junkyard Dog (2023),,https://letterboxd.com/film/junkyard-dog-2023/,2026-06-01T10:29:59+00:00
movie_9f4f4e000858,Upon Entry (2022),,https://letterboxd.com/film/upon-entry/,2026-06-01T10:29:59+00:00
movie_8c98f8747cde,Simone: Woman of the Century (2022),,https://letterboxd.com/film/simone-woman-of-the-century/,2026-06-01T10:29:59+00:00
movie_86729c327b7d,Tenor (2022),,https://letterboxd.com/film/tenor/,2026-06-01T10:29:59+00:00
movie_54b6d25ece4f,Happening (2021),,https://letterboxd.com/film/happening/,2026-06-01T10:30:03+00:00
movie_0eadf9a24468,Bye Bye Morons (2020),,https://letterboxd.com/film/bye-bye-morons/,2026-06-01T10:30:03+00:00
movie_56ec0640bc84,Leto (2018),,https://letterboxd.com/film/leto/,2026-06-01T10:30:03+00:00
movie_33aae3502b97,Serial (Bad) Weddings (2014),,https://letterboxd.com/film/serial-bad-weddings/,2026-06-01T10:30:03+00:00
movie_9d774400936f,Case départ (2011),,https://letterboxd.com/film/case-depart/,2026-06-01T10:30:03+00:00
movie_59059660899a,Dallas Buyers Club,,,2026-06-01T10:30:25+00:00
movie_a2f5f75b2b3d,Memoirs of a Geisha (2005),,https://letterboxd.com/film/memoirs-of-a-geisha/,2026-06-01T10:31:10+00:00
movie_3a1b879ca445,Fool Me Once (2024),,https://letterboxd.com/film/fool-me-once-2024/,2026-06-01T10:31:17+00:00
movie_5df5f965b1c2,Slender Man (2018),,https://letterboxd.com/film/slender-man/,2026-06-01T10:31:21+00:00
movie_a0614d5fe00a,Alien: Covenant (2017),,https://letterboxd.com/film/alien-covenant/,2026-06-01T10:31:21+00:00
movie_581ad8567919,The Space Between Us (2017),,https://letterboxd.com/film/the-space-between-us/,2026-06-01T10:31:21+00:00
movie_4ac6ad7907b5,Sherlock: The Final Problem (2017),,https://letterboxd.com/film/sherlock-the-final-problem/,2026-06-01T10:31:21+00:00
movie_ad69ab1ef556,Sherlock: The Abominable Bride (2016),,https://letterboxd.com/film/sherlock-the-abominable-bride/,2026-06-01T10:31:21+00:00
movie_22c6d2d94c2a,Ender's Game (2013),,https://letterboxd.com/film/enders-game/,2026-06-01T10:31:21+00:00
movie_01a6f7367c9d,Mama (2013),,https://letterboxd.com/film/mama-2013/,2026-06-01T10:31:21+00:00
movie_31cb9a5166c6,Jumanji: Welcome to the Jungle,,,2026-06-01T10:32:20+00:00
movie_3fe0439ec153,The Crow (2024),,https://letterboxd.com/film/the-crow-2024/,2026-06-01T10:32:27+00:00
movie_f32f19130d9b,Mask Girl (2023),,https://letterboxd.com/film/mask-girl-2023/,2026-06-01T10:32:27+00:00
movie_158ff7416cd0,Clown (2014),,https://letterboxd.com/film/clown/,2026-06-01T10:32:27+00:00
movie_4ae8b251b982,Warm Bodies (2013),,https://letterboxd.com/film/warm-bodies/,2026-06-01T10:32:43+00:00
movie_e0a5acda7074,Mulan II (2004),,https://letterboxd.com/film/mulan-ii/,2026-06-01T10:32:43+00:00
movie_89d27e2eacbc,Wrong Turn (2003),,https://letterboxd.com/film/wrong-turn/,2026-06-01T10:32:43+00:00
movie_a9b40054d765,Scooby-Doo (2002),,https://letterboxd.com/film/scooby-doo/,2026-06-01T10:32:43+00:00
movie_b151dfc20365,The Mummy Returns (2001),,https://letterboxd.com/film/the-mummy-returns/,2026-06-01T10:32:43+00:00
movie_4f5077c75bb5,Vampire Hunter D: Bloodlust (2000),,https://letterboxd.com/film/vampire-hunter-d-bloodlust/,2026-06-01T10:33:34+00:00
movie_1a60d326ad92,The Red Turtle (2016),,https://letterboxd.com/film/the-red-turtle/,2026-06-01T10:33:40+00:00
movie_adcb3b19f6f3,Mune: Guardian of the Moon (2014),,https://letterboxd.com/film/mune-guardian-of-the-moon/,2026-06-01T10:33:44+00:00
movie_6fac68434a4b,A Monster in Paris (2011),,https://letterboxd.com/film/a-monster-in-paris/,2026-06-01T10:33:44+00:00
movie_539e112d69e1,Hotarubi no Mori e (2011),,https://letterboxd.com/film/hotarubi-no-mori-e/,2026-06-01T10:33:44+00:00
movie_2afc4222072e,The Tourist (2010),,https://letterboxd.com/film/the-tourist/,2026-06-01T10:33:44+00:00
movie_9111329b5021,The Owl House: Thanks to Them (2022),,https://letterboxd.com/film/the-owl-house-thanks-to-them/,2026-06-01T10:34:50+00:00
movie_7b1fc6b5d4d8,Rise of the Teenage Mutant Ninja Turtles: The Movie (2022),,https://letterboxd.com/film/rise-of-the-teenage-mutant-ninja-turtles-the-movie/,2026-06-01T10:34:50+00:00
movie_67356a84e210,Sonny Boy (2021),,https://letterboxd.com/film/sonny-boy-2021/,2026-06-01T10:34:50+00:00
movie_6587f1d40812,We're All Going to the World's Fair (2021),,https://letterboxd.com/film/were-all-going-to-the-worlds-fair/,2026-06-01T10:34:50+00:00
movie_bcca8e20db1c,Possessor (2020),,https://letterboxd.com/film/possessor/,2026-06-01T10:34:50+00:00
movie_cdebd17b0a80,Steven Universe: The Movie (2019),,https://letterboxd.com/film/steven-universe-the-movie/,2026-06-01T10:34:50+00:00
movie_1984bb851186,Toy Story 4,,,2026-06-01T10:34:54+00:00
movie_82c31f5b24a6,A Dog's Purpose (2017),,https://letterboxd.com/film/a-dogs-purpose/,2026-06-01T10:34:54+00:00
movie_38d18998cc99,Kizumonogatari Part 3: Reiketsu (2017),,https://letterboxd.com/film/kizumonogatari-part-3-reiketsu/,2026-06-01T10:34:54+00:00
movie_dd936e01a7b9,Kizumonogatari Part 2: Nekketsu (2016),,https://letterboxd.com/film/kizumonogatari-part-2-nekketsu/,2026-06-01T10:34:54+00:00
movie_2cb5c9793235,Kizumonogatari Part 1: Tekketsu (2016),,https://letterboxd.com/film/kizumonogatari-part-1-tekketsu/,2026-06-01T10:34:54+00:00
movie_095d6e160bc2,Attack on Titan: Wings of Freedom (2015),,https://letterboxd.com/film/attack-on-titan-wings-of-freedom/,2026-06-01T10:34:54+00:00
movie_f048e75ecfe7,Meet the Robinsons,,,2026-06-01T10:35:01+00:00
movie_605318c1e7fb,Metal Lords (2022),,https://letterboxd.com/film/metal-lords/,2026-06-01T10:35:51+00:00
movie_1ffbf2f8fff5,Unpregnant (2020),,https://letterboxd.com/film/unpregnant/,2026-06-01T10:35:51+00:00
movie_e2e240e5ba69,"Yes, God, Yes (2019)",,https://letterboxd.com/film/yes-god-yes-2019/,2026-06-01T10:35:51+00:00
movie_d59807dcada9,Big Time Adolescence (2019),,https://letterboxd.com/film/big-time-adolescence/,2026-06-01T10:35:51+00:00
movie_74b770eb8568,The Lodge (2019),,https://letterboxd.com/film/the-lodge-2019/,2026-06-01T10:35:51+00:00
movie_686e1c335b60,The Miseducation of Cameron Post (2018),,https://letterboxd.com/film/the-miseducation-of-cameron-post/,2026-06-01T10:35:54+00:00
movie_4e546007ddb3,Flower (2017),,https://letterboxd.com/film/flower-2017/,2026-06-01T10:35:54+00:00
movie_5512e554921d,Zapped (2014),,https://letterboxd.com/film/zapped-2014/,2026-06-01T10:35:54+00:00
movie_5686f643edde,Mother Mary,,,2026-06-01T10:37:19+00:00
movie_3449c28868c8,100 Nights of Hero (2025),,https://letterboxd.com/film/100-nights-of-hero/,2026-06-01T10:37:19+00:00
movie_f4ff9b18292f,Hell House LLC: Lineage (2025),,https://letterboxd.com/film/hell-house-llc-lineage/,2026-06-01T10:37:19+00:00
movie_fe7ddf43c530,Mother of Flies (2025),,https://letterboxd.com/film/mother-of-flies/,2026-06-01T10:37:19+00:00
movie_4b7eec6ef958,Holland (2025),,https://letterboxd.com/film/holland-2025/,2026-06-01T10:37:19+00:00
movie_50c6f103228a,Rabbit Trap (2025),,https://letterboxd.com/film/rabbit-trap-2025/,2026-06-01T10:37:19+00:00
movie_c0e65288205a,Mr. Crocket (2024),,https://letterboxd.com/film/mr-crocket-2024/,2026-06-01T10:37:19+00:00
movie_525e1c08669d,Bone Lake (2024),,https://letterboxd.com/film/bone-lake/,2026-06-01T10:37:19+00:00
movie_9631f3a13862,Never Let Go (2024),,https://letterboxd.com/film/never-let-go-2024/,2026-06-01T10:37:19+00:00
movie_79a017a3c8b1,Hold Your Breath (2024),,https://letterboxd.com/film/hold-your-breath-2024/,2026-06-01T10:37:19+00:00
movie_c68cfb494dde,Sketch (2024),,https://letterboxd.com/film/sketch-2024-1/,2026-06-01T10:37:19+00:00
movie_c2a9303869e0,Hellboy: The Crooked Man (2024),,https://letterboxd.com/film/hellboy-the-crooked-man/,2026-06-01T10:37:19+00:00
movie_69aba536f268,The Front Room (2024),,https://letterboxd.com/film/the-front-room/,2026-06-01T10:37:19+00:00
movie_ea881bdf5fac,Harold and the Purple Crayon (2024),,https://letterboxd.com/film/harold-and-the-purple-crayon-2024/,2026-06-01T10:37:23+00:00
movie_1ac92e53d8f5,The Damned (2024),,https://letterboxd.com/film/the-damned-2024-1/,2026-06-01T10:37:23+00:00
movie_e4c3419ee33c,Sebastian (2024),,https://letterboxd.com/film/sebastian-2024/,2026-06-01T10:37:23+00:00
movie_c6590ee97879,Stopmotion (2023),,https://letterboxd.com/film/stopmotion/,2026-06-01T10:37:23+00:00
movie_8abdd773c506,V/H/S/85 (2023),,https://letterboxd.com/film/v-h-s-85/,2026-06-01T10:37:23+00:00
movie_cf7854281287,The Venture Bros.: Radiant Is the Blood of the Baboon Heart (2023),,https://letterboxd.com/film/the-venture-bros-radiant-is-the-blood-of-the-baboon-heart/,2026-06-01T10:37:23+00:00
movie_971ebbf89928,Batman: The Doom That Came to Gotham (2023),,https://letterboxd.com/film/batman-the-doom-that-came-to-gotham/,2026-06-01T10:37:23+00:00
movie_20d9b78121a0,Run Rabbit Run (2023),,https://letterboxd.com/film/run-rabbit-run-2023/,2026-06-01T10:37:23+00:00
movie_0d250d8f896b,Daisies,,,2026-06-01T10:37:27+00:00
movie_905bdae76787,Bird Box,,,2026-06-01T10:37:37+00:00
movie_e0b4c30bf069,The Conjuring,,,2026-06-01T10:37:41+00:00
movie_ec20f44c314a,Eighth Grade,,,2026-06-01T10:37:45+00:00
movie_0cb91f916d03,Cruel Intentions,,,2026-06-01T10:37:49+00:00
movie_c78a0e1e2dd4,Sucker Punch (2011),,https://letterboxd.com/film/sucker-punch/,2026-06-01T10:38:37+00:00
movie_2cbfacf106d0,X2 (2003),,https://letterboxd.com/film/x2/,2026-06-01T10:38:37+00:00
movie_abd28b2e5caf,Practical Magic (1998),,https://letterboxd.com/film/practical-magic/,2026-06-01T10:38:37+00:00
movie_1c8766ce377f,Breakfast at Tiffany's (1961),,https://letterboxd.com/film/breakfast-at-tiffanys/,2026-06-01T10:38:37+00:00
movie_19309ba41d88,Chicago,,,2026-06-01T10:38:44+00:00
movie_9324d3c1d78e,Big Fish,,,2026-06-01T10:39:34+00:00
movie_59d4d6a23dd9,A Few Good Men,,,2026-06-01T10:40:56+00:00
movie_517b951b5d84,All That's Left of You (2025),,https://letterboxd.com/film/all-thats-left-of-you/,2026-06-01T10:41:04+00:00
movie_cf8c721831c6,Abigail,,,2026-06-01T10:41:08+00:00
movie_165159dbb3eb,Twins in Paradise (2020),,https://letterboxd.com/film/twins-in-paradise/,2026-06-01T10:41:08+00:00
movie_c9eb43a3b9ef,His House (2020),,https://letterboxd.com/film/his-house/,2026-06-01T10:41:08+00:00
movie_a9296532a4bc,Vanilla Sky,,,2026-06-01T10:41:31+00:00
movie_ff42403d6029,Am I OK?,,,2026-06-01T10:41:57+00:00
movie_7f62facb0ffa,Immaculate,,,2026-06-01T10:42:07+00:00
movie_5ece79203433,Stray Kids: The dominATE Experience (2026),,https://letterboxd.com/film/stray-kids-the-dominate-experience/,2026-06-01T10:42:38+00:00
movie_55a3ae825d46,Next to Normal (2025),,https://letterboxd.com/film/next-to-normal/,2026-06-01T10:42:38+00:00
movie_94585d86df23,Behind the Curtain: Stranger Things: The First Shadow (2025),,https://letterboxd.com/film/behind-the-curtain-stranger-things-the-first/,2026-06-01T10:42:38+00:00
movie_249f3b66056e,Olivia Rodrigo: GUTS World Tour (2024),,https://letterboxd.com/film/olivia-rodrigo-guts-world-tour/,2026-06-01T10:42:38+00:00
movie_535dfa149b80,"The Program: Cons, Cults, and Kidnapping (2024)",,https://letterboxd.com/film/the-program-cons-cults-and-kidnapping/,2026-06-01T10:42:38+00:00
movie_2783e9375bca,True Spirit (2023),,https://letterboxd.com/film/true-spirit-2023/,2026-06-01T10:42:38+00:00
movie_3e7193881bdb,OLIVIA RODRIGO: driving home 2 u (a SOUR film) (2022),,https://letterboxd.com/film/olivia-rodrigo-driving-home-2-u-a-sour-film/,2026-06-01T10:42:42+00:00
movie_35f81ffc1d83,Cats (2019),,https://letterboxd.com/film/cats-2019/,2026-06-01T10:42:42+00:00
movie_a31454614323,The Princess and the Frog,,,2026-06-01T10:42:46+00:00
movie_08df8842403f,The Impossible,,,2026-06-01T10:42:50+00:00
movie_a9ff4178b241,Do Revenge,,,2026-06-01T10:43:12+00:00
movie_c69f0ed0c53c,Paddington 2,,,2026-06-01T10:46:27+00:00
movie_9239141e085a,Lemony Snicket's A Series of Unfortunate Events (2004),,https://letterboxd.com/film/lemony-snickets-a-series-of-unfortunate-events/,2026-06-01T10:46:27+00:00
movie_2808d0026f97,Ray (2004),,https://letterboxd.com/film/ray-2004/,2026-06-01T10:46:27+00:00
movie_35e6fab934ea,Harry Potter and the Half-Blood Prince,,,2026-06-01T10:46:58+00:00
movie_14b06377d024,Hot Fuzz,,,2026-06-01T10:47:31+00:00
movie_32a7e59fe1dc,The Island (2005),,https://letterboxd.com/film/the-island-2005/,2026-06-01T10:47:39+00:00
movie_704ae70de9e1,The Pianist,,,2026-06-01T10:48:46+00:00
movie_1fecabd4c2fa,High and Low (1963),,https://letterboxd.com/film/high-and-low/,2026-06-01T10:48:54+00:00
movie_ae53a3add6a6,Pather Panchali (1955),,https://letterboxd.com/film/pather-panchali/,2026-06-01T10:49:59+00:00
movie_259a407d5017,Jab We Met (2007),,https://letterboxd.com/film/jab-we-met/,2026-06-01T10:49:59+00:00
movie_05553a5e49a2,Drishyam 3 (2026),,https://letterboxd.com/film/drishyam-3/,2026-06-01T10:50:08+00:00
movie_1601ed51f42a,Kartavya (2026),,https://letterboxd.com/film/kartavya-2026/,2026-06-01T10:50:08+00:00
movie_70f174a2c2fe,Patriot (2026),,https://letterboxd.com/film/patriot-2026/,2026-06-01T10:50:08+00:00
movie_2fe559838854,Kara (2026),,https://letterboxd.com/film/kara-2026/,2026-06-01T10:50:08+00:00
movie_10068c00d1fd,Bhooth Bangla (2026),,https://letterboxd.com/film/bhooth-bangla/,2026-06-01T10:50:08+00:00
movie_cc4f240b3f9e,Oru Durooha Saahacharyathil (2026),,https://letterboxd.com/film/oru-durooha-saahacharyathil/,2026-06-01T10:50:08+00:00
movie_ff85479f7901,Dacoit (2026),,https://letterboxd.com/film/dacoit/,2026-06-01T10:50:08+00:00
movie_cade82235a45,Love Insurance Kompany (2026),,https://letterboxd.com/film/love-insurance-kompany/,2026-06-01T10:50:08+00:00
movie_dacaa37dac3e,Bharathanatyam 2 Mohiniyattam (2026),,https://letterboxd.com/film/bharathanatyam-2-mohiniyattam/,2026-06-01T10:50:08+00:00
movie_a62c52060663,Biker (2026),,https://letterboxd.com/film/biker-2026/,2026-06-01T10:50:08+00:00
movie_482fbf742f80,Vaazha II (2026),,https://letterboxd.com/film/vaazha-ii/,2026-06-01T10:50:08+00:00
movie_95312c9a8743,Happy Raj (2026),,https://letterboxd.com/film/happy-raj/,2026-06-01T10:50:08+00:00
movie_88c4e765a3a7,Prathichaya (2026),,https://letterboxd.com/film/prathichaya/,2026-06-01T10:50:08+00:00
movie_a779e3ef41e3,Youth (2026),,https://letterboxd.com/film/youth-2026/,2026-06-01T10:50:08+00:00
movie_3e235ee35993,Aadu 3 (2026),,https://letterboxd.com/film/aadu-3/,2026-06-01T10:50:08+00:00
movie_f62a169149c0,Ustaad Bhagat Singh (2026),,https://letterboxd.com/film/ustaad-bhagat-singh/,2026-06-01T10:50:08+00:00
movie_26b4b7c5e8e0,Made in Korea (2026),,https://letterboxd.com/film/made-in-korea/,2026-06-01T10:50:08+00:00
movie_4f6cff23b103,Mrithyunjay (2026),,https://letterboxd.com/film/mrithyunjay/,2026-06-01T10:50:08+00:00
movie_2e9cdd2cfebe,Sambhavam Adhyayam Onnu (2026),,https://letterboxd.com/film/sambhavam-adhyayam-onnu/,2026-06-01T10:50:08+00:00
movie_f8571e190803,Vladimir (2026),,https://letterboxd.com/film/vladimir-2026/,2026-06-01T10:50:08+00:00
movie_25148d984cf6,DTF St. Louis (2026),,https://letterboxd.com/film/dtf-st-louis/,2026-06-01T10:50:08+00:00
movie_d7e930c41ce1,Masthishka Maranam (2026),,https://letterboxd.com/film/masthishka-maranam/,2026-06-01T10:50:08+00:00
movie_c69190e3e929,Thaai Kizhavi (2026),,https://letterboxd.com/film/thaai-kizhavi/,2026-06-01T10:50:08+00:00
movie_a4faeabd442e,Vengeance (2026),,https://letterboxd.com/film/vengeance-2026-1/,2026-06-01T10:50:08+00:00
movie_3c36652294e9,56 Days (2026),,https://letterboxd.com/film/56-days-2026/,2026-06-01T10:50:08+00:00
movie_65f30001dd4f,How to Make a Killing,,,2026-06-01T10:50:11+00:00
movie_43b87f6b61ce,Couple Friendly (2026),,https://letterboxd.com/film/couple-friendly/,2026-06-01T10:50:11+00:00
movie_8a14306a6d51,Ashakal Aayiram (2026),,https://letterboxd.com/film/ashakal-aayiram/,2026-06-01T10:50:11+00:00
movie_bddf87acaa67,With Love (2026),,https://letterboxd.com/film/with-love-2026/,2026-06-01T10:50:11+00:00
movie_f19d566c4a43,Prakambanam (2026),,https://letterboxd.com/film/prakambanam/,2026-06-01T10:50:11+00:00
movie_69168492ccf1,Valathu Vashathe Kallan (2026),,https://letterboxd.com/film/valathu-vashathe-kallan/,2026-06-01T10:50:11+00:00
movie_c1df397d7b94,Mardaani 3 (2026),,https://letterboxd.com/film/mardaani-3/,2026-06-01T10:50:11+00:00
movie_19166893f491,Hotspot 2 Much (2026),,https://letterboxd.com/film/hotspot-2-much/,2026-06-01T10:50:11+00:00
movie_a1e0d89be360,Baby Girl (2026),,https://letterboxd.com/film/baby-girl-2026/,2026-06-01T10:50:11+00:00
movie_11fec2194257,Chatha Pacha: The Ring of Rowdies (2026),,https://letterboxd.com/film/chatha-pacha-the-ring-of-rowdies/,2026-06-01T10:50:11+00:00
movie_16137cbf365c,Thalaivar Thambi Thalaimaiyil (2026),,https://letterboxd.com/film/thalaivar-thambi-thalaimaiyil/,2026-06-01T10:50:11+00:00
movie_22acee50fa45,Anaganaga Oka Raju (2026),,https://letterboxd.com/film/anaganaga-oka-raju/,2026-06-01T10:50:11+00:00
movie_09a63b39210d,Naari Naari Naduma Murari (2026),,https://letterboxd.com/film/naari-naari-naduma-murari/,2026-06-01T10:50:11+00:00
movie_67b3bb3dbb06,Vaa Vaathiyaar (2026),,https://letterboxd.com/film/vaa-vaathiyaar/,2026-06-01T10:50:11+00:00
movie_415b4eee01dd,Bhartha Mahasayulaku Wignyapthi (2026),,https://letterboxd.com/film/bhartha-mahasayulaku-wignyapthi/,2026-06-01T10:50:11+00:00
movie_b13ca928e27d,Mana ShankaraVaraPrasad Garu (2026),,https://letterboxd.com/film/mana-shankaravaraprasad-garu/,2026-06-01T10:50:11+00:00
movie_ab9954f81a9d,Pennu Case (2026),,https://letterboxd.com/film/pennu-case/,2026-06-01T10:50:11+00:00
movie_73d49e06651e,Parasakthi (2026),,https://letterboxd.com/film/parasakthi-2026/,2026-06-01T10:50:11+00:00
movie_863f966b7d59,Run Away (2026),,https://letterboxd.com/film/run-away-2026/,2026-06-01T10:50:11+00:00
movie_97af3cfd3d24,Sarvam Maya (2025),,https://letterboxd.com/film/sarvam-maya/,2026-06-01T10:50:11+00:00
movie_5df9c6d19fa4,Beauty and the Beast,,,2026-06-01T10:51:17+00:00
movie_486f73008b05,Beauty and the Beast (2014),,https://letterboxd.com/film/beauty-and-the-beast-2014/,2026-06-01T10:51:17+00:00
movie_a6a6985d5e85,Johanne Sacreblu (2025),,https://letterboxd.com/film/johanne-sacreblu/,2026-06-01T10:51:25+00:00
movie_342588e2fe74,Kill the Jockey (2024),,https://letterboxd.com/film/kill-the-jockey/,2026-06-01T10:51:25+00:00
movie_2901756b4f3a,Nahir (2024),,https://letterboxd.com/film/nahir-2024/,2026-06-01T10:51:25+00:00
movie_da460e6d598f,Handsome Devil (2016),,https://letterboxd.com/film/handsome-devil/,2026-06-01T10:51:29+00:00
movie_44273cc04c8d,Monster High: Great Scarrier Reef (2016),,https://letterboxd.com/film/monster-high-great-scarrier-reef/,2026-06-01T10:51:29+00:00
movie_6e0e74f79c57,"Monster High: Boo York, Boo York (2015)",,https://letterboxd.com/film/monster-high-boo-york-boo-york/,2026-06-01T10:51:29+00:00
movie_916fe195be35,Barbie and the Secret Door (2014),,https://letterboxd.com/film/barbie-and-the-secret-door/,2026-06-01T10:51:29+00:00
movie_131872f18e38,Barbie in the Pink Shoes (2013),,https://letterboxd.com/film/barbie-in-the-pink-shoes/,2026-06-01T10:51:29+00:00
movie_5ee3eaa2c596,Barbie: The Princess & the Popstar (2012),,https://letterboxd.com/film/barbie-the-princess-the-popstar/,2026-06-01T10:51:29+00:00
movie_4b38e9d860b4,Mirror Mirror (2012),,https://letterboxd.com/film/mirror-mirror-2012/,2026-06-01T10:51:29+00:00
movie_193c15832149,Monster High: Why Do Ghouls Fall in Love? (2012),,https://letterboxd.com/film/monster-high-why-do-ghouls-fall-in-love/,2026-06-01T10:51:29+00:00
movie_b4945ff58406,The Last Year of Darkness (2023),,https://letterboxd.com/film/the-last-year-of-darkness/,2026-06-01T10:52:43+00:00
movie_ff3201dd889e,Sometimes I Think About Dying (2023),,https://letterboxd.com/film/sometimes-i-think-about-dying-2023/,2026-06-01T10:52:43+00:00
movie_cfeec76370b6,Hannibal: This Is My Design,,,2026-06-01T10:54:01+00:00
movie_bfd3373fd723,The Butterfly Effect,,,2026-06-01T10:54:01+00:00
movie_81fe39d345f7,The Amazing Digital Circus: The Last Act,,,2026-06-01T10:54:09+00:00
movie_ed386a39422b,The Amazing Digital Circus: The Last Act (2026),,https://letterboxd.com/film/the-amazing-digital-circus-the-last-act/,2026-06-01T10:54:09+00:00
movie_1c20c6f05b65,Firebird (2021),,https://letterboxd.com/film/firebird-2021/,2026-06-01T10:54:09+00:00
movie_77a02f0ed5c7,Wayne (2019),,https://letterboxd.com/film/wayne-2019-1/,2026-06-01T10:54:09+00:00
movie_fa3a907fedf9,Look Away (2018),,https://letterboxd.com/film/look-away/,2026-06-01T10:54:09+00:00
movie_42889fb6c4d1,Banana Fish (2018),,https://letterboxd.com/film/banana-fish/,2026-06-01T10:54:09+00:00
movie_9278969d3eb9,Devilman Crybaby (2018),,https://letterboxd.com/film/devilman-crybaby/,2026-06-01T10:54:09+00:00
movie_5ad4e05a86af,91 Days (2016),,https://letterboxd.com/film/91-days/,2026-06-01T10:54:09+00:00
movie_65ed07ab25a0,The Human Centipede 3 (Final Sequence) (2015),,https://letterboxd.com/film/the-human-centipede-3-final-sequence/,2026-06-01T10:54:13+00:00
movie_f66a19d19cb0,Rio 2 (2014),,https://letterboxd.com/film/rio-2/,2026-06-01T10:54:13+00:00
movie_8f8f8a946465,House M.D.: The Doctor Directs (2012),,https://letterboxd.com/film/house-md-the-doctor-directs/,2026-06-01T10:54:13+00:00
movie_4c092a9e8e30,The Human Centipede 2 (Full Sequence) (2011),,https://letterboxd.com/film/the-human-centipede-2-full-sequence/,2026-06-01T10:54:13+00:00
movie_2b46aae678af,Mr. Popper's Penguins (2011),,https://letterboxd.com/film/mr-poppers-penguins/,2026-06-01T10:54:13+00:00
movie_06740d332317,I Spit on Your Grave (2010),,https://letterboxd.com/film/i-spit-on-your-grave-2010/,2026-06-01T10:54:13+00:00
movie_98dda79ed267,The Human Centipede (First Sequence) (2009),,https://letterboxd.com/film/the-human-centipede-first-sequence/,2026-06-01T10:54:13+00:00
movie_4fa464250900,The Collector (2009),,https://letterboxd.com/film/the-collector-2009/,2026-06-01T10:54:13+00:00
movie_772e0073c8c3,When Evil Lurks,,,2026-06-01T10:55:07+00:00
movie_28fc53b3f9be,A Poet (2025),,https://letterboxd.com/film/a-poet/,2026-06-01T10:55:15+00:00
movie_e181e937d592,Rotting in the Sun (2023),,https://letterboxd.com/film/rotting-in-the-sun/,2026-06-01T10:55:15+00:00
movie_35ce61799972,I May Destroy You (2020),,https://letterboxd.com/film/i-may-destroy-you/,2026-06-01T10:55:15+00:00
movie_38756707d0fe,Love Exposure (2008),,https://letterboxd.com/film/love-exposure/,2026-06-01T10:55:15+00:00
movie_d557e3581724,Noroi: The Curse (2005),,https://letterboxd.com/film/noroi-the-curse/,2026-06-01T10:55:15+00:00
movie_12f459f7fe9e,Head-On (2004),,https://letterboxd.com/film/head-on-2004/,2026-06-01T10:55:15+00:00
movie_9dcb934544ec,Trouble Every Day (2001),,https://letterboxd.com/film/trouble-every-day/,2026-06-01T10:55:15+00:00
movie_3afd9fc87e6e,La Ciénaga (2001),,https://letterboxd.com/film/la-cienaga/,2026-06-01T10:55:15+00:00
movie_61e556984c6d,Battle Royale (2000),,https://letterboxd.com/film/battle-royale/,2026-06-01T10:55:15+00:00
movie_5d6713f0d423,Beau Travail (1999),,https://letterboxd.com/film/beau-travail/,2026-06-01T10:55:15+00:00
movie_d639bd63271c,Pusher (1996),,https://letterboxd.com/film/pusher/,2026-06-01T10:55:15+00:00
movie_cd8a4d09987c,Death Becomes Her (1992),,https://letterboxd.com/film/death-becomes-her/,2026-06-01T10:55:18+00:00
movie_13fabe3711a9,Man Bites Dog (1992),,https://letterboxd.com/film/man-bites-dog/,2026-06-01T10:55:18+00:00
movie_61d0269b65e1,Angel's Egg (1985),,https://letterboxd.com/film/angels-egg/,2026-06-01T10:55:18+00:00
movie_aba740f6d523,Tampopo (1985),,https://letterboxd.com/film/tampopo/,2026-06-01T10:55:18+00:00
movie_7d2a53d78313,House (1977),,https://letterboxd.com/film/house/,2026-06-01T10:55:18+00:00
movie_73ebf8665b66,Belladonna of Sadness (1973),,https://letterboxd.com/film/belladonna-of-sadness/,2026-06-01T10:55:18+00:00
movie_f0b252b65f1f,The Young Girls of Rochefort (1967),,https://letterboxd.com/film/the-young-girls-of-rochefort/,2026-06-01T10:55:18+00:00
movie_87505d01adee,The Young Girls of Rochefort,,,2026-06-01T10:55:22+00:00
movie_5f6b40a4e4b8,The Wedding (2026),,https://letterboxd.com/film/the-wedding-2026/,2026-06-01T10:56:19+00:00
movie_1980f93115dd,The Man Who Could Not Remain Silent (2024),,https://letterboxd.com/film/the-man-who-could-not-remain-silent/,2026-06-01T10:56:19+00:00
movie_91efb718fa2c,Driving Madeleine (2022),,https://letterboxd.com/film/driving-madeleine/,2026-06-01T10:56:19+00:00
movie_8fb85e3a5334,The Tinder Swindler (2022),,https://letterboxd.com/film/the-tinder-swindler/,2026-06-01T10:56:19+00:00
movie_4d3d3d57f159,14 Peaks: Nothing Is Impossible (2021),,https://letterboxd.com/film/14-peaks-nothing-is-impossible/,2026-06-01T10:56:19+00:00
movie_1598efc35a22,Boiling Point,,,2026-06-01T10:56:23+00:00
movie_cf9139f9a53f,Perfect Strangers (2016),,https://letterboxd.com/film/perfect-strangers-2016/,2026-06-01T10:56:23+00:00
movie_0cc730ec174d,Dirty Grandpa (2016),,https://letterboxd.com/film/dirty-grandpa/,2026-06-01T10:56:23+00:00
movie_f03bba530743,Youth (2015),,https://letterboxd.com/film/youth-2015/,2026-06-01T10:56:23+00:00
movie_b1b650ea9664,Amy (2015),,https://letterboxd.com/film/amy-2015/,2026-06-01T10:56:23+00:00
movie_3d6c6f1f6286,Ouija: Origin of Evil (2016),,https://letterboxd.com/film/ouija-origin-of-evil/,2026-06-01T10:57:36+00:00
movie_a51dc0de8d9b,Ouija (2014),,https://letterboxd.com/film/ouija/,2026-06-01T10:57:36+00:00
movie_ff9cc7124e3a,Sleepers (1996),,https://letterboxd.com/film/sleepers/,2026-06-01T10:57:40+00:00
movie_43e6f46b31e7,A Time to Kill (1996),,https://letterboxd.com/film/a-time-to-kill-1996/,2026-06-01T10:57:40+00:00
movie_aa52c0dee254,Whisper of the Heart,,,2026-06-01T10:58:33+00:00
movie_7f1fb841c029,Doctor Strange,,,2026-06-01T10:58:43+00:00
movie_2f636338e9ae,Captain Marvel,,,2026-06-01T10:58:56+00:00
movie_d7449ac28060,Ford v Ferrari,,,2026-06-01T10:59:31+00:00
movie_f11194e192ce,Sound of Metal,,,2026-06-01T10:59:39+00:00
movie_4cd84f1eee6c,Harry Styles. One Night in Manchester. (2026),,https://letterboxd.com/film/harry-styles-one-night-in-manchester/,2026-06-01T11:00:19+00:00
movie_fd0abf0b5c99,Billie Eilish: The World's a Little Blurry (2021),,https://letterboxd.com/film/billie-eilish-the-worlds-a-little-blurry/,2026-06-01T11:00:19+00:00
movie_8b6f17cea4ed,The Courier (2020),,https://letterboxd.com/film/the-courier-2020/,2026-06-01T11:00:19+00:00
movie_76016bb7e82c,Gerald's Game (2017),,https://letterboxd.com/film/geralds-game/,2026-06-01T11:00:23+00:00
movie_f5be998b6449,The Shallows (2016),,https://letterboxd.com/film/the-shallows/,2026-06-01T11:00:23+00:00
movie_e96efe436de0,The Peanuts Movie (2015),,https://letterboxd.com/film/the-peanuts-movie/,2026-06-01T11:00:23+00:00
movie_acdd56beb220,Vitória (2025),,https://letterboxd.com/film/vitoria-2025/,2026-06-01T11:01:16+00:00
movie_87f59628804e,The Park Maniac (2024),,https://letterboxd.com/film/the-park-maniac/,2026-06-01T11:01:16+00:00
movie_efc09cbd47a0,The Assessment (2024),,https://letterboxd.com/film/the-assessment-2024/,2026-06-01T11:01:16+00:00
movie_4a909e2ebc04,Black Panther: Wakanda Forever,,,2026-06-01T11:01:20+00:00
movie_af872297afa5,Tall Girl 2 (2022),,https://letterboxd.com/film/tall-girl-2/,2026-06-01T11:01:20+00:00
movie_a0181b499329,Lamb (2021),,https://letterboxd.com/film/lamb-2021/,2026-06-01T11:01:20+00:00
movie_77d6fd6c0624,Just Another Christmas (2020),,https://letterboxd.com/film/just-another-christmas/,2026-06-01T11:01:20+00:00
movie_5c7a959e92f6,Cadaver (2020),,https://letterboxd.com/film/cadaver-2020/,2026-06-01T11:01:20+00:00
movie_b5a92ff0e4e5,Pieces of a Woman (2020),,https://letterboxd.com/film/pieces-of-a-woman/,2026-06-01T11:01:20+00:00
movie_dbe6a81aaebb,The Old Guard (2020),,https://letterboxd.com/film/the-old-guard-2020/,2026-06-01T11:01:20+00:00
movie_c6410665e4cf,Depp V Heard (2023),,https://letterboxd.com/film/depp-v-heard/,2026-06-01T11:03:34+00:00
movie_3b7b7262b49e,The Wrath of Becky (2023),,https://letterboxd.com/film/the-wrath-of-becky/,2026-06-01T11:03:34+00:00
movie_60e00ac5af78,Spiderhead (2022),,https://letterboxd.com/film/spiderhead/,2026-06-01T11:03:34+00:00
movie_3b8f22d7092e,Hardcore Henry (2015),,https://letterboxd.com/film/hardcore-henry/,2026-06-01T11:03:38+00:00
movie_d0137c5d1cf9,Sky High (2005),,https://letterboxd.com/film/sky-high-2005/,2026-06-01T11:03:38+00:00
movie_76a72a581885,A Simple Favor (2018),,https://letterboxd.com/film/a-simple-favor/,2026-06-01T11:05:39+00:00
movie_ee895b72e388,Now You See Me 2,,,2026-06-01T11:05:43+00:00
movie_b19522ee7870,Birds of Prey (and the Fantabulous Emancipation of One Harley Quinn),,,2026-06-01T11:05:50+00:00
movie_8ce66325a90a,High and Low,,,2026-06-01T11:06:35+00:00
movie_74e66cdd57b6,A Silent Voice: The Movie,,,2026-06-01T11:06:52+00:00
movie_50b13f6b5c39,The Elixir,,,2026-06-01T11:07:49+00:00
movie_3dcee5ae89aa,The Grudge (2019),,https://letterboxd.com/film/the-grudge-2019/,2026-06-01T11:07:49+00:00
movie_8c56272462f2,Paranormal Activity 2 (2010),,https://letterboxd.com/film/paranormal-activity-2/,2026-06-01T11:07:49+00:00
movie_00481958687f,Almost Famous,,,2026-06-01T11:09:04+00:00
movie_2cb7d979b415,30 Minutes or Less (2011),,https://letterboxd.com/film/30-minutes-or-less/,2026-06-01T11:09:12+00:00
movie_3a215d20cd0c,Knight and Day (2010),,https://letterboxd.com/film/knight-and-day/,2026-06-01T11:09:12+00:00
movie_68b502e6790f,The Fountain (2006),,https://letterboxd.com/film/the-fountain/,2026-06-01T11:09:12+00:00
movie_53aca7335069,Kiss Kiss Bang Bang (2005),,https://letterboxd.com/film/kiss-kiss-bang-bang-2005/,2026-06-01T11:09:12+00:00
movie_f4346a341393,Run Lola Run (1998),,https://letterboxd.com/film/run-lola-run/,2026-06-01T11:09:15+00:00
movie_2df0ca768a4c,Gattaca (1997),,https://letterboxd.com/film/gattaca/,2026-06-01T11:09:15+00:00
movie_9d686f5d64bf,Moonstruck (1987),,https://letterboxd.com/film/moonstruck/,2026-06-01T11:09:15+00:00
movie_1ee5f598b3e0,Raising Arizona (1987),,https://letterboxd.com/film/raising-arizona/,2026-06-01T11:09:15+00:00
movie_f53ca8c9d25e,The Last Unicorn (1982),,https://letterboxd.com/film/the-last-unicorn/,2026-06-01T11:09:15+00:00
movie_53431c7a49c3,The Greatest Showman,,,2026-06-01T11:10:12+00:00
movie_0475a1ae7db5,Marked Men: Rule + Shaw (2025),,https://letterboxd.com/film/marked-men-rule-shaw/,2026-06-01T11:10:19+00:00
movie_cb7f3920d5f9,Beautiful Wedding (2024),,https://letterboxd.com/film/beautiful-wedding/,2026-06-01T11:10:19+00:00
movie_5f04a0c32ead,A Boy Called Christmas (2021),,https://letterboxd.com/film/a-boy-called-christmas/,2026-06-01T11:10:23+00:00
movie_ff7aa23fdac4,Jingle Jangle: A Christmas Journey (2020),,https://letterboxd.com/film/jingle-jangle-a-christmas-journey/,2026-06-01T11:10:23+00:00
movie_8f43299f7ff2,A Babysitter's Guide to Monster Hunting (2020),,https://letterboxd.com/film/a-babysitters-guide-to-monster-hunting/,2026-06-01T11:10:23+00:00
movie_b2060cb1edf4,Maze Runner: The Death Cure,,,2026-06-01T11:10:46+00:00
movie_1468bed4c2d1,La Vénus électrique,,,2026-06-01T11:12:16+00:00
movie_b46391eb7fe8,La Vénus électrique (2026),,https://letterboxd.com/film/la-venus-electrique/,2026-06-01T11:12:16+00:00
movie_b3fdd23ad90b,The Goldman Case (2023),,https://letterboxd.com/film/the-goldman-case/,2026-06-01T11:12:16+00:00
movie_0454a1df6dc4,All the Beauty and the Bloodshed (2022),,https://letterboxd.com/film/all-the-beauty-and-the-bloodshed/,2026-06-01T11:12:16+00:00
movie_4a32c73869a3,Goliath (2022),,https://letterboxd.com/film/goliath-2022/,2026-06-01T11:12:16+00:00
movie_7b89ace09428,Rocketman,,,2026-06-01T11:12:20+00:00
movie_b00f3699dfcc,Hitman: Agent 47 (2015),,https://letterboxd.com/film/hitman-agent-47/,2026-06-01T11:12:20+00:00
movie_1149546b9670,Burlesque (2010),,https://letterboxd.com/film/burlesque/,2026-06-01T11:12:20+00:00
movie_81bbf3007e77,"Monsters, Inc.",,,2026-06-01T11:12:50+00:00
movie_fe88fe60acb4,Alvin and the Chipmunks: The Road Chip (2015),,https://letterboxd.com/film/alvin-and-the-chipmunks-the-road-chip/,2026-06-01T11:13:28+00:00
movie_9c0c4e0d9ec8,Taken 3 (2014),,https://letterboxd.com/film/taken-3/,2026-06-01T11:13:28+00:00
movie_cbb1cebadb80,Endless Love (2014),,https://letterboxd.com/film/endless-love-2014/,2026-06-01T11:13:28+00:00
movie_f64e2c56d8b3,Carrie (2013),,https://letterboxd.com/film/carrie-2013/,2026-06-01T11:13:28+00:00
movie_5e3936708db7,Scary Movie 5 (2013),,https://letterboxd.com/film/scary-movie-5/,2026-06-01T11:13:28+00:00
movie_382113832341,Taken 2 (2012),,https://letterboxd.com/film/taken-2/,2026-06-01T11:13:28+00:00
movie_ace8498ea89e,Scary Movie 4 (2006),,https://letterboxd.com/film/scary-movie-4/,2026-06-01T11:13:32+00:00
movie_b25c3c8ea928,Ocean's Twelve (2004),,https://letterboxd.com/film/oceans-twelve/,2026-06-01T11:13:32+00:00
movie_f91e888c0f50,Charlie's Angels: Full Throttle (2003),,https://letterboxd.com/film/charlies-angels-full-throttle/,2026-06-01T11:13:32+00:00
movie_8a4c96b73ce4,Charlie's Angels (2000),,https://letterboxd.com/film/charlies-angels/,2026-06-01T11:13:32+00:00
movie_d30997b0b6e4,Finding Harry: The Craft Behind the Magic (2026),,https://letterboxd.com/film/finding-harry-the-craft-behind-the-magic/,2026-06-01T11:14:25+00:00
movie_5682b9683824,Feel My Voice (2026),,https://letterboxd.com/film/feel-my-voice/,2026-06-01T11:14:25+00:00
movie_491f30bf3964,BTS: THE RETURN (2026),,https://letterboxd.com/film/bts-the-return-2026/,2026-06-01T11:14:25+00:00
movie_5c731772ff73,BTS THE COMEBACK LIVE | ARIRANG (2026),,https://letterboxd.com/film/bts-the-comeback-live-arirang/,2026-06-01T11:14:25+00:00
movie_f94ae2f2923a,NOT BAD (2026),,https://letterboxd.com/film/not-bad-2026/,2026-06-01T11:14:25+00:00
movie_60ec45c6fac5,One Last Adventure: The Making of Stranger Things 5 (2026),,https://letterboxd.com/film/one-last-adventure-the-making-of-stranger/,2026-06-01T11:14:25+00:00
movie_b3ab9e76d73d,Sean Combs: The Reckoning (2025),,https://letterboxd.com/film/sean-combs-the-reckoning/,2026-06-01T11:14:25+00:00
movie_1546e44e901d,Butcher's Stain (2025),,https://letterboxd.com/film/butchers-stain/,2026-06-01T11:14:25+00:00
movie_7548df4c0622,Maxton Hall: Reunion (2025),,https://letterboxd.com/film/maxton-hall-reunion/,2026-06-01T11:14:25+00:00
movie_b627144781d6,American Manhunt: Osama bin Laden (2025),,https://letterboxd.com/film/american-manhunt-osama-bin-laden-2025-1/,2026-06-01T11:14:25+00:00
movie_271eee505093,Forevergreen (2025),,https://letterboxd.com/film/forevergreen/,2026-06-01T11:14:25+00:00
movie_6b574c6576c1,Batman Ninja vs. Yakuza League (2025),,https://letterboxd.com/film/batman-ninja-vs-yakuza-league/,2026-06-01T11:14:29+00:00
movie_6be1990e4260,SNL50: The Homecoming Concert (2025),,https://letterboxd.com/film/snl50-the-homecoming-concert/,2026-06-01T11:14:29+00:00
movie_a02361bc3a4b,Ladies & Gentlemen... 50 Years of SNL Music (2025),,https://letterboxd.com/film/ladies-gentlemen-50-years-of-snl-music-2025/,2026-06-01T11:14:29+00:00
movie_52d5e0713633,Bad Influence (2025),,https://letterboxd.com/film/bad-influence-2025/,2026-06-01T11:14:29+00:00
movie_390d6db695ab,Laufey's A Night at the Symphony: Hollywood Bowl (2024),,https://letterboxd.com/film/laufeys-a-night-at-the-symphony-hollywood/,2026-06-01T11:14:29+00:00
movie_18b978451750,Senna (2024),,https://letterboxd.com/film/senna-2024/,2026-06-01T11:14:29+00:00
movie_1a94097a21cc,The Devil Is Busy (2024),,https://letterboxd.com/film/the-devil-is-busy/,2026-06-01T11:14:29+00:00
movie_e05e85014375,Family Pack (2024),,https://letterboxd.com/film/family-pack-2024/,2026-06-01T11:14:29+00:00
movie_52f4f64e56c5,Sing: Thriller (2024),,https://letterboxd.com/film/sing-thriller/,2026-06-01T11:14:29+00:00
movie_e04032116864,"Miraculous World: London, At the Edge of Time (2024)",,https://letterboxd.com/film/miraculous-world-london-at-the-edge-of-time/,2026-06-01T11:14:29+00:00
movie_8eeeea327431,JUNG KOOK: I AM STILL (2024),,https://letterboxd.com/film/jung-kook-i-am-still/,2026-06-01T11:14:29+00:00
movie_b8adec565281,Elton John: Never Too Late (2024),,https://letterboxd.com/film/elton-john-never-too-late/,2026-06-01T11:14:29+00:00
movie_19cba1b7767d,Mission: Impossible – The Final Reckoning,,,2026-06-01T11:15:30+00:00
movie_4e1caec58f3f,The American Dream,,,2026-06-01T11:16:08+00:00
movie_b79769ed086b,Through the Fire (2018),,https://letterboxd.com/film/through-the-fire-2018/,2026-06-01T11:16:08+00:00
movie_1d836f11a50d,Five (2016),,https://letterboxd.com/film/five-2016/,2026-06-01T11:16:08+00:00
movie_f6d80119ec03,What's in a Name (2012),,https://letterboxd.com/film/whats-in-a-name/,2026-06-01T11:16:08+00:00
movie_ea0532310fc0,Those Happy Days (2006),,https://letterboxd.com/film/those-happy-days/,2026-06-01T11:16:08+00:00
movie_bed63edfb7a5,I Came By (2022),,https://letterboxd.com/film/i-came-by/,2026-06-01T11:17:15+00:00
movie_dfc810cfd7f3,Man vs Bee (2022),,https://letterboxd.com/film/man-vs-bee/,2026-06-01T11:17:15+00:00
movie_6ed3769dca7e,Intrusion (2021),,https://letterboxd.com/film/intrusion-2021/,2026-06-01T11:17:15+00:00
movie_508b863c383e,CODA,,,2026-06-01T11:17:20+00:00
movie_11b21717e72b,Time to Hunt (2020),,https://letterboxd.com/film/time-to-hunt/,2026-06-01T11:17:20+00:00
movie_ab6f77c108f2,21 Bridges (2019),,https://letterboxd.com/film/21-bridges/,2026-06-01T11:17:20+00:00
movie_dca60270143c,Travis Scott: Look Mom I Can Fly (2019),,https://letterboxd.com/film/travis-scott-look-mom-i-can-fly/,2026-06-01T11:17:20+00:00
movie_f64d7d12dacc,Johnny English Strikes Again (2018),,https://letterboxd.com/film/johnny-english-strikes-again/,2026-06-01T11:17:20+00:00
movie_21fdc99cc7c8,The Open House (2018),,https://letterboxd.com/film/the-open-house/,2026-06-01T11:17:20+00:00
movie_6b3502cd1f1c,WHAT DID JACK DO? (2017),,https://letterboxd.com/film/what-did-jack-do/,2026-06-01T11:17:20+00:00
movie_a2832d4ab734,Paul Blart: Mall Cop 2 (2015),,https://letterboxd.com/film/paul-blart-mall-cop-2/,2026-06-01T11:17:20+00:00
movie_fc095da4d214,Cinema Paradiso,,,2026-06-01T11:18:35+00:00
movie_62459b4bf693,Words on Bathroom Walls (2020),,https://letterboxd.com/film/words-on-bathroom-walls/,2026-06-01T11:19:49+00:00
movie_6dd4080df861,Barbie: Dolphin Magic (2017),,https://letterboxd.com/film/barbie-dolphin-magic/,2026-06-01T11:19:49+00:00
movie_baa18dd6ea11,Society of the Snow,,,2026-06-01T11:19:56+00:00
movie_19a05971cac7,Conversations with a Killer: The Jeffrey Dahmer Tapes (2022),,https://letterboxd.com/film/conversations-with-a-killer-the-jeffrey-dahmer-tapes/,2026-06-01T11:21:06+00:00
movie_8a04dd072b5b,Joyland (2022),,https://letterboxd.com/film/joyland-2022/,2026-06-01T11:21:06+00:00
movie_5d94b890375f,The War with Grandpa (2020),,https://letterboxd.com/film/the-war-with-grandpa/,2026-06-01T11:21:06+00:00
movie_0e9795328511,Bill & Ted Face the Music (2020),,https://letterboxd.com/film/bill-ted-face-the-music/,2026-06-01T11:21:06+00:00
movie_671501a80b04,The Call of the Wild (2020),,https://letterboxd.com/film/the-call-of-the-wild-2020/,2026-06-01T11:21:06+00:00
movie_452aff12f9bc,Cam (2018),,https://letterboxd.com/film/cam/,2026-06-01T11:21:06+00:00
movie_0434ee523be0,Tomb Raider (2018),,https://letterboxd.com/film/tomb-raider/,2026-06-01T11:21:06+00:00
movie_5022d74e16ea,Winchester (2018),,https://letterboxd.com/film/winchester/,2026-06-01T11:21:06+00:00
movie_7dbd9a0a1291,13th (2016),,https://letterboxd.com/film/13th/,2026-06-01T11:21:11+00:00
movie_cf566e445212,Oculus (2013),,https://letterboxd.com/film/oculus/,2026-06-01T11:21:11+00:00
movie_193693bc3c8f,A Good Person (2023),,https://letterboxd.com/film/a-good-person-2023/,2026-06-01T11:22:21+00:00
movie_a0cbd2f8c0af,Roadrunner: A Film About Anthony Bourdain (2021),,https://letterboxd.com/film/roadrunner-a-film-about-anthony-bourdain/,2026-06-01T11:22:21+00:00
movie_b8fb44f7bb82,Marriage Story: From the Pages to the Performances (2019),,https://letterboxd.com/film/marriage-story-from-the-pages-to-the-performances/,2026-06-01T11:22:21+00:00
movie_9466739f0758,Matilda,,,2026-06-01T11:23:29+00:00
movie_aa829121d3e0,While You Were Sleeping (1995),,https://letterboxd.com/film/while-you-were-sleeping/,2026-06-01T11:23:29+00:00
movie_f440351c6816,How to Lose a Popularity Contest (2026),,https://letterboxd.com/film/how-to-lose-a-popularity-contest/,2026-06-01T11:23:37+00:00
movie_8588e95a6130,Summer of 69 (2025),,https://letterboxd.com/film/summer-of-69-2025/,2026-06-01T11:23:37+00:00
movie_bf549f9c2533,Nadaaniyan (2025),,https://letterboxd.com/film/nadaaniyan/,2026-06-01T11:23:37+00:00
movie_deff759eee4d,Mary (2024),,https://letterboxd.com/film/mary-2024/,2026-06-01T11:23:41+00:00
movie_f34a537b6a2b,Spellbound (2024),,https://letterboxd.com/film/spellbound-2024/,2026-06-01T11:23:41+00:00
movie_582943ccab28,Girl Haunts Boy (2024),,https://letterboxd.com/film/girl-haunts-boy/,2026-06-01T11:23:42+00:00
movie_61338ec05534,Boot Camp (2024),,https://letterboxd.com/film/boot-camp-2024/,2026-06-01T11:23:42+00:00
movie_3ba7a33e3b85,I am the Secret in Your Heart (2024),,https://letterboxd.com/film/i-am-the-secret-in-your-heart/,2026-06-01T11:23:42+00:00
movie_b2d8d6187aae,How to Date Billy Walsh (2024),,https://letterboxd.com/film/how-to-date-billy-walsh/,2026-06-01T11:23:42+00:00
movie_b2fe931f2bbd,Young Royals Forever (2024),,https://letterboxd.com/film/young-royals-forever/,2026-06-01T11:23:42+00:00
movie_e63daf8a3952,Code 8 Part II (2024),,https://letterboxd.com/film/code-8-part-ii/,2026-06-01T11:23:42+00:00
movie_de29ed089f82,Players (2024),,https://letterboxd.com/film/players-2024/,2026-06-01T11:23:42+00:00
movie_a1deb9481b9b,Titane,,,2026-06-01T11:25:01+00:00
movie_9263534d69b3,Some Like It Hot,,,2026-06-01T11:25:01+00:00
movie_a01b3a57e16f,Alpha (2025),,https://letterboxd.com/film/alpha-2025/,2026-06-01T11:25:08+00:00
movie_f0700e1a05d5,The Next 365 Days (2022),,https://letterboxd.com/film/the-next-365-days/,2026-06-01T11:25:08+00:00
movie_c3ef542c3fe5,Cry Macho (2021),,https://letterboxd.com/film/cry-macho/,2026-06-01T11:25:08+00:00
movie_8d0653daa80f,Kate (2021),,https://letterboxd.com/film/kate/,2026-06-01T11:25:08+00:00
movie_66b77463bb76,Lost Illusions (2021),,https://letterboxd.com/film/lost-illusions-2021/,2026-06-01T11:25:08+00:00
movie_e887fbe3edf2,The Mule (2018),,https://letterboxd.com/film/the-mule-2018/,2026-06-01T11:25:11+00:00
movie_f4dd6ff6ee13,The Circle (2017),,https://letterboxd.com/film/the-circle-2017/,2026-06-01T11:25:11+00:00
movie_99100140627f,Going in Style (2017),,https://letterboxd.com/film/going-in-style-2017/,2026-06-01T11:25:11+00:00
movie_3d22b4e0d16c,Jack Reacher: Never Go Back (2016),,https://letterboxd.com/film/jack-reacher-never-go-back/,2026-06-01T11:25:11+00:00
movie_5bc972d0efee,"I, Daniel Blake (2016)",,https://letterboxd.com/film/i-daniel-blake/,2026-06-01T11:25:11+00:00
movie_a4df826513a9,The Man from U.N.C.L.E. (2015),,https://letterboxd.com/film/the-man-from-uncle/,2026-06-01T11:25:12+00:00
movie_7404c8dab003,Rio,,,2026-06-01T11:25:19+00:00
movie_0b405a2e5d1f,A Bug's Life,,,2026-06-01T11:25:23+00:00
movie_a5fd7e58c9a7,Beetlejuice,,,2026-06-01T11:26:04+00:00
movie_70e7b26aa22c,All We Imagine as Light (2024),,https://letterboxd.com/film/all-we-imagine-as-light/,2026-06-01T11:26:48+00:00
movie_18c0795085a5,65 (2023),,https://letterboxd.com/film/65/,2026-06-01T11:26:48+00:00
movie_3f9060c5e398,Chaos Walking (2021),,https://letterboxd.com/film/chaos-walking/,2026-06-01T11:26:48+00:00
movie_44099595cc4d,47 Meters Down (2017),,https://letterboxd.com/film/47-meters-down/,2026-06-01T11:26:52+00:00
movie_a6c2919d65f1,The Best of Me (2014),,https://letterboxd.com/film/the-best-of-me-2014/,2026-06-01T11:26:52+00:00
movie_5cf7688e7573,If I Stay (2014),,https://letterboxd.com/film/if-i-stay/,2026-06-01T11:26:52+00:00
movie_46bbb0eb34ab,The Lucky One (2012),,https://letterboxd.com/film/the-lucky-one/,2026-06-01T11:26:52+00:00
movie_981dadea2f1d,Torrente for President,,,2026-06-01T11:27:12+00:00
movie_2de73c8edc66,The Girl Who Escaped: The Kara Robinson Story (2023),,https://letterboxd.com/film/the-girl-who-escaped-the-kara-robinson-story/,2026-06-01T11:28:06+00:00
movie_f194dcda026a,The Spy Who Dumped Me (2018),,https://letterboxd.com/film/the-spy-who-dumped-me/,2026-06-01T11:28:06+00:00
movie_c52ea23bd1fd,Jungle (2017),,https://letterboxd.com/film/jungle-2017/,2026-06-01T11:28:06+00:00
movie_1a6bd8d36ee5,The Wind Rises,,,2026-06-01T11:28:10+00:00
movie_705396faf1cf,Burning,,,2026-06-01T11:30:24+00:00
movie_cea1f7472ab3,Put Your Soul on Your Hand and Walk (2025),,https://letterboxd.com/film/put-your-soul-on-your-hand-and-walk/,2026-06-01T11:30:31+00:00
movie_59efbcba0159,Dreams (2025),,https://letterboxd.com/film/dreams-2025/,2026-06-01T11:30:31+00:00
movie_cf4d8afdcf80,Dreams (2024),,https://letterboxd.com/film/dreams-2024-5/,2026-06-01T11:30:31+00:00
movie_124d5bb994a4,Love (2024),,https://letterboxd.com/film/love-2024-1/,2026-06-01T11:30:31+00:00
movie_62ca9122f880,Scars We Love (2024),,https://letterboxd.com/film/scars-we-love/,2026-06-01T11:30:31+00:00
movie_8c030476f4e6,Butterfly (2024),,https://letterboxd.com/film/butterfly-2024-1/,2026-06-01T11:30:31+00:00
movie_cec8b256fe05,Io Capitano (2023),,https://letterboxd.com/film/io-capitano/,2026-06-01T11:30:31+00:00
movie_2ed566dc2502,How to Have Sex (2023),,https://letterboxd.com/film/how-to-have-sex/,2026-06-01T11:30:31+00:00
movie_cf3feb7a7a15,"Paris, 13th District (2021)",,https://letterboxd.com/film/paris-13th-district/,2026-06-01T11:30:39+00:00
movie_f7eed979eb5a,Richard Jewell (2019),,https://letterboxd.com/film/richard-jewell/,2026-06-01T11:30:39+00:00
movie_4655106a9d46,Budapest (2018),,https://letterboxd.com/film/budapest/,2026-06-01T11:30:39+00:00
movie_daddecfef2d0,Winter Sleep (2014),,https://letterboxd.com/film/winter-sleep/,2026-06-01T11:30:39+00:00
movie_2f81b07a0d1f,Once Upon a Time in Anatolia (2011),,https://letterboxd.com/film/once-upon-a-time-in-anatolia/,2026-06-01T11:30:39+00:00
movie_ea439e584426,Gold Brick (2023),,https://letterboxd.com/film/gold-brick/,2026-06-01T11:32:44+00:00
movie_ce6725b152d2,Dr. Stone: Ryusui (2022),,https://letterboxd.com/film/dr-stone-ryusui/,2026-06-01T11:32:44+00:00
movie_7f5a5b564979,Taxi 5 (2018),,https://letterboxd.com/film/taxi-5/,2026-06-01T11:32:49+00:00
movie_e9f2060e9292,Ready or Not,,,2026-06-01T11:32:57+00:00
movie_667842999244,Jerry & Marge Go Large (2022),,https://letterboxd.com/film/jerry-marge-go-large/,2026-06-01T11:34:15+00:00
movie_07d8430720a3,Holmes & Watson (2018),,https://letterboxd.com/film/holmes-watson/,2026-06-01T11:34:19+00:00
movie_8c558d0f5979,A Fantastic Woman (2017),,https://letterboxd.com/film/a-fantastic-woman/,2026-06-01T11:34:19+00:00
movie_76360e9c3d93,Star Trek Beyond (2016),,https://letterboxd.com/film/star-trek-beyond/,2026-06-01T11:34:19+00:00
movie_096735ae88f8,Point Break (2015),,https://letterboxd.com/film/point-break-2015/,2026-06-01T11:34:19+00:00
movie_c3d5a5c485b6,Nirvanna the Band the Show the Movie,,,2026-06-01T11:35:19+00:00
movie_b1c497da7500,Sisu: Road to Revenge (2025),,https://letterboxd.com/film/sisu-road-to-revenge/,2026-06-01T11:35:26+00:00
movie_f6e2c96303e7,The Parenting (2025),,https://letterboxd.com/film/the-parenting/,2026-06-01T11:35:26+00:00
movie_f05f8dd5f7cc,Ash (2025),,https://letterboxd.com/film/ash-2025/,2026-06-01T11:35:26+00:00
movie_fe04ca5053c8,Colors of Evil: Red (2024),,https://letterboxd.com/film/colors-of-evil-red/,2026-06-01T11:35:30+00:00
movie_9735be34f1b2,The Girl with the Needle (2024),,https://letterboxd.com/film/the-girl-with-the-needle/,2026-06-01T11:35:30+00:00
movie_59949bcad6ea,This Is the End,,,2026-06-01T11:37:20+00:00
movie_58a4b640bcda,Emily the Criminal (2022),,https://letterboxd.com/film/emily-the-criminal/,2026-06-01T11:37:33+00:00
movie_e9f538d1c288,A Dog's Way Home (2019),,https://letterboxd.com/film/a-dogs-way-home/,2026-06-01T11:39:41+00:00
movie_e593046c7ee9,Blue Jay (2016),,https://letterboxd.com/film/blue-jay-2016/,2026-06-01T11:39:41+00:00
movie_1c319d650779,The Purge: Anarchy (2014),,https://letterboxd.com/film/the-purge-anarchy/,2026-06-01T11:39:41+00:00
movie_7167ef590f38,The Butler (2013),,https://letterboxd.com/film/the-butler/,2026-06-01T11:39:41+00:00
movie_002f2321618d,Something's Gotta Give (2003),,https://letterboxd.com/film/somethings-gotta-give/,2026-06-01T11:39:46+00:00
movie_770e1e01ef3f,As Good as It Gets (1997),,https://letterboxd.com/film/as-good-as-it-gets/,2026-06-01T11:39:46+00:00
movie_7ffbc482d284,The Lost World: Jurassic Park (1997),,https://letterboxd.com/film/the-lost-world-jurassic-park/,2026-06-01T11:39:46+00:00
movie_0d4655b7fcb7,Sleepless in Seattle (1993),,https://letterboxd.com/film/sleepless-in-seattle/,2026-06-01T11:39:46+00:00
movie_8b53adc0abf1,Big (1988),,https://letterboxd.com/film/big/,2026-06-01T11:39:46+00:00
movie_511a32d3c9f8,Lolita (1962),,https://letterboxd.com/film/lolita/,2026-06-01T11:39:46+00:00
movie_e7c2dc85831a,WALL·E,,,2026-06-01T11:40:52+00:00
movie_9abfe7b88d0d,Snow Bear (2024),,https://letterboxd.com/film/snow-bear-2024/,2026-06-01T11:41:01+00:00
movie_2c446b2f94c3,JoJo's Bizarre Adventure: Stone Ocean (2021),,https://letterboxd.com/film/jojos-bizarre-adventure-stone-ocean/,2026-06-01T11:41:01+00:00
movie_e70b05987daf,Escape Plan: The Extractors (2019),,https://letterboxd.com/film/escape-plan-the-extractors/,2026-06-01T11:41:05+00:00
movie_02f91fb7be1d,Dragon Ball Super: Broly (2018),,https://letterboxd.com/film/dragon-ball-super-broly/,2026-06-01T11:41:05+00:00
movie_c03f6b115bf9,Swing Girls,,,2026-06-01T11:41:20+00:00
movie_53a594027ee5,Training Day,,,2026-06-01T11:41:49+00:00
movie_74596a35668d,Dream (2023),,https://letterboxd.com/film/dream-2023/,2026-06-01T11:42:28+00:00
movie_4063d4d2e000,Cheer Up (2022),,https://letterboxd.com/film/cheer-up-2022/,2026-06-01T11:42:28+00:00
movie_a9e1cee1b9e7,Tomorrow (2022),,https://letterboxd.com/film/tomorrow-2022-1/,2026-06-01T11:42:28+00:00
movie_6fcac9b6b7f1,Man in Love (2021),,https://letterboxd.com/film/man-in-love-2021/,2026-06-01T11:42:28+00:00
movie_73c4d7b7aa82,Mr. Queen (2020),,https://letterboxd.com/film/mr-queen/,2026-06-01T11:42:28+00:00
movie_b19210d33644,18 Again (2020),,https://letterboxd.com/film/18-again-2020/,2026-06-01T11:42:28+00:00
movie_9a1970e90dbd,Backstreet Rookie (2020),,https://letterboxd.com/film/backstreet-rookie/,2026-06-01T11:42:28+00:00
movie_05d6289cc7ae,"Hi Bye, Mama! (2020)",,https://letterboxd.com/film/hi-bye-mama/,2026-06-01T11:42:28+00:00
movie_110b15302bed,"Isa Pa, With Feelings (2019)",,https://letterboxd.com/film/isa-pa-with-feelings/,2026-06-01T11:42:28+00:00
movie_d090f5cae161,On Your Wedding Day (2018),,https://letterboxd.com/film/on-your-wedding-day/,2026-06-01T11:42:28+00:00
movie_c4880331a17a,Fight for My Way (2017),,https://letterboxd.com/film/fight-for-my-way/,2026-06-01T11:42:28+00:00
movie_460d726b64e1,The Gifted (2014),,https://letterboxd.com/film/the-gifted-2014/,2026-06-01T11:42:28+00:00
movie_f53e160d5871,Sydney White (2007),,https://letterboxd.com/film/sydney-white/,2026-06-01T11:42:28+00:00
movie_5ad1c4a02c54,Ruby Sparks,,,2026-06-01T11:43:17+00:00
movie_2dbc9effd8df,Sound of Freedom (2023),,https://letterboxd.com/film/sound-of-freedom/,2026-06-01T11:43:25+00:00
movie_8190d86a2485,How to Be Single (2016),,https://letterboxd.com/film/how-to-be-single/,2026-06-01T11:43:29+00:00
movie_471c092ecc1e,Hillbilly Elegy (2020),,https://letterboxd.com/film/hillbilly-elegy/,2026-06-01T11:44:53+00:00
movie_e9b80c89bc38,Four Good Days (2020),,https://letterboxd.com/film/four-good-days/,2026-06-01T11:44:53+00:00
movie_37dcea3951e7,The End of the Tour (2015),,https://letterboxd.com/film/the-end-of-the-tour/,2026-06-01T11:44:53+00:00
movie_fac1d72b5a1a,The Ides of March (2011),,https://letterboxd.com/film/the-ides-of-march/,2026-06-01T11:44:53+00:00
movie_5807da66365b,The Town (2010),,https://letterboxd.com/film/the-town/,2026-06-01T11:44:53+00:00
movie_97ec13593245,Along Came Polly (2004),,https://letterboxd.com/film/along-came-polly/,2026-06-01T11:44:53+00:00
movie_8e3bb0cdd423,Awakenings (1990),,https://letterboxd.com/film/awakenings/,2026-06-01T11:44:53+00:00
movie_a8b73f9682b4,The Town,,,2026-06-01T11:45:34+00:00
movie_1943b63693cc,Joy (2015),,https://letterboxd.com/film/joy-2015/,2026-06-01T11:47:26+00:00
movie_2452eedb03b6,Far from the Madding Crowd (2015),,https://letterboxd.com/film/far-from-the-madding-crowd-2015/,2026-06-01T11:47:26+00:00
movie_1c9d9556d8fd,Unbroken (2014),,https://letterboxd.com/film/unbroken/,2026-06-01T11:47:30+00:00
movie_9a19ce19b285,Final Destination 2,,,2026-06-01T11:49:23+00:00
movie_912a58f5f25c,Lost in Starlight (2025),,https://letterboxd.com/film/lost-in-starlight/,2026-06-01T11:50:18+00:00
movie_5cc55a2fd599,Maurice (1987),,https://letterboxd.com/film/maurice/,2026-06-01T11:50:18+00:00
movie_880d6031e854,Upgrade (2018),,https://letterboxd.com/film/upgrade/,2026-06-01T11:51:24+00:00
movie_bdb7de66f198,12 Strong (2018),,https://letterboxd.com/film/12-strong/,2026-06-01T11:51:24+00:00
movie_66f3161df483,Shot Caller (2017),,https://letterboxd.com/film/shot-caller/,2026-06-01T11:51:25+00:00
movie_6ad9f4866386,Patriots Day (2016),,https://letterboxd.com/film/patriots-day/,2026-06-01T11:51:25+00:00
movie_7e1c34668e8f,The Belko Experiment (2016),,https://letterboxd.com/film/the-belko-experiment/,2026-06-01T11:51:25+00:00
movie_23330db1261a,Get Hard (2015),,https://letterboxd.com/film/get-hard/,2026-06-01T11:51:25+00:00
movie_2d14fe4c6a40,Transformers: Age of Extinction (2014),,https://letterboxd.com/film/transformers-age-of-extinction/,2026-06-01T11:51:28+00:00
movie_8851d30ea320,Lone Survivor (2013),,https://letterboxd.com/film/lone-survivor/,2026-06-01T11:51:28+00:00
movie_26d2ca654394,Source Code (2011),,https://letterboxd.com/film/source-code/,2026-06-01T11:51:28+00:00
movie_b9f6f15746b0,The Fighter (2010),,https://letterboxd.com/film/the-fighter-2010/,2026-06-01T11:51:28+00:00
movie_6402014a5aee,The Big Sick (2017),,https://letterboxd.com/film/the-big-sick/,2026-06-01T11:52:40+00:00
movie_0c85c768c820,Erin Brockovich (2000),,https://letterboxd.com/film/erin-brockovich/,2026-06-01T11:52:43+00:00
movie_6bee4d4c0015,The Birdcage (1996),,https://letterboxd.com/film/the-birdcage/,2026-06-01T11:52:43+00:00
movie_a5b5ac6c4944,Light Light Light (2023),,https://letterboxd.com/film/light-light-light/,2026-06-01T11:53:41+00:00
movie_7aed5627d821,The Dream Songs (2022),,https://letterboxd.com/film/the-dream-songs/,2026-06-01T11:53:41+00:00
movie_a461331979d3,The Roommate (2011),,https://letterboxd.com/film/the-roommate/,2026-06-01T11:53:41+00:00
movie_fb8bf7b6a5d5,Recep Ivedik 7 (2022),,https://letterboxd.com/film/recep-ivedik-7/,2026-06-01T11:54:49+00:00
movie_60694ad35b57,Recep Ivedik 6 (2019),,https://letterboxd.com/film/recep-ivedik-6/,2026-06-01T11:54:49+00:00
movie_b648c1be80bc,Recep Ivedik 5 (2017),,https://letterboxd.com/film/recep-ivedik-5/,2026-06-01T11:54:49+00:00
movie_f41a51c6882f,Recep Ivedik 4 (2014),,https://letterboxd.com/film/recep-ivedik-4/,2026-06-01T11:54:49+00:00
movie_e2da19103e42,Recep Ivedik 3 (2010),,https://letterboxd.com/film/recep-ivedik-3/,2026-06-01T11:54:49+00:00
movie_52abd1679857,Recep Ivedik 2 (2009),,https://letterboxd.com/film/recep-ivedik-2/,2026-06-01T11:54:49+00:00
movie_060ded61e862,Recep Ivedik (2008),,https://letterboxd.com/film/recep-ivedik/,2026-06-01T11:54:49+00:00
movie_b7e469e6ad7c,Z-O-M-B-I-E-S 2 (2020),,https://letterboxd.com/film/z-o-m-b-i-e-s-2/,2026-06-01T11:55:54+00:00
movie_750233877a4a,The Breadwinner (2017),,https://letterboxd.com/film/the-breadwinner/,2026-06-01T11:55:54+00:00
movie_1ad186fa8dbc,Inside Out,,,2026-06-01T11:55:58+00:00
movie_9f30c2d89711,Heel (2025),,https://letterboxd.com/film/the-good-boy-2025/,2026-06-01T11:57:07+00:00
movie_de3a58b1ea6a,Chaos: The Manson Murders (2025),,https://letterboxd.com/film/chaos-the-manson-murders/,2026-06-01T11:57:07+00:00
movie_2764e5b06d02,Baby Reindeer,,,2026-06-01T11:57:11+00:00
movie_e42fde3d203c,Marmalade (2024),,https://letterboxd.com/film/marmalade-2024/,2026-06-01T11:57:11+00:00
movie_ab88ab094025,How to Blow Up a Pipeline (2022),,https://letterboxd.com/film/how-to-blow-up-a-pipeline/,2026-06-01T11:57:11+00:00
movie_f38a5931758e,The 7 Lives of Lea (2022),,https://letterboxd.com/film/the-7-lives-of-lea/,2026-06-01T11:57:11+00:00
movie_f18a32d1c055,The Contestant (2023),,https://letterboxd.com/film/the-contestant-2023/,2026-06-01T11:58:36+00:00
movie_aee1424c2d62,Adrift (2018),,https://letterboxd.com/film/adrift-2018/,2026-06-01T11:58:40+00:00
movie_5449c1a34fbc,My Oxford Year,,,2026-06-01T11:59:18+00:00
movie_b84a4b190662,Pretty Woman,,,2026-06-01T11:59:22+00:00
movie_2534fe09ebd3,Iron Man 2,,,2026-06-01T12:00:22+00:00
movie_9a5b35fdc24b,Antlers (2021),,https://letterboxd.com/film/antlers/,2026-06-01T12:01:27+00:00
movie_4d73cf34f8a8,Thunder Force (2021),,https://letterboxd.com/film/thunder-force/,2026-06-01T12:01:32+00:00
movie_b844295b0237,The Empty Man (2020),,https://letterboxd.com/film/the-empty-man/,2026-06-01T12:01:32+00:00
movie_53bb4f020772,Freaky (2020),,https://letterboxd.com/film/freaky/,2026-06-01T12:01:32+00:00
movie_1339e802a2f5,Bloodshot (2020),,https://letterboxd.com/film/bloodshot/,2026-06-01T12:01:32+00:00
movie_c9c608aeead7,A Quiet Place Part II,,,2026-06-01T12:02:03+00:00
movie_801b43b8cb0e,Black Christmas,,,2026-06-01T12:02:07+00:00
movie_260f3b3f5f66,Lupin (2021),,https://letterboxd.com/film/lupin-2021-1/,2026-06-01T12:02:41+00:00
movie_43ee44557687,War Machine,,,2026-06-01T12:03:12+00:00
movie_2bd00538422e,Becoming Led Zeppelin (2025),,https://letterboxd.com/film/becoming-led-zeppelin/,2026-06-01T12:04:00+00:00
movie_08d9d766198e,All the Light We Cannot See (2023),,https://letterboxd.com/film/all-the-light-we-cannot-see-2023/,2026-06-01T12:04:00+00:00
movie_fd0b5945ec2f,Clark (2022),,https://letterboxd.com/film/clark-2022/,2026-06-01T12:04:04+00:00
movie_ba67a35245d3,Army of Thieves (2021),,https://letterboxd.com/film/army-of-thieves/,2026-06-01T12:04:04+00:00
movie_8a62660038f2,The Card Counter (2021),,https://letterboxd.com/film/the-card-counter/,2026-06-01T12:04:04+00:00
movie_4855ec4d480e,Possession,,,2026-06-01T12:04:40+00:00
movie_54fe5e34ebaf,Neighbors (2014),,https://letterboxd.com/film/neighbors-2014/,2026-06-01T12:35:26+00:00
movie_3138bd08e3b8,The Internship (2013),,https://letterboxd.com/film/the-internship/,2026-06-01T12:35:26+00:00
movie_ef01911baef8,Spider-Man: Homecoming,,,2026-06-01T12:35:47+00:00
movie_b1ebdbeecd86,Megalopolis,,,2026-06-01T12:36:32+00:00
movie_6bcc0c515d9b,Logan Lucky (2017),,https://letterboxd.com/film/logan-lucky/,2026-06-01T12:36:43+00:00
movie_506987b043fd,Neighbors 2: Sorority Rising (2016),,https://letterboxd.com/film/neighbors-2-sorority-rising/,2026-06-01T12:36:43+00:00
movie_126bc0d88725,Romeo and Juliet (1968),,https://letterboxd.com/film/romeo-and-juliet-1968/,2026-06-01T12:37:51+00:00
movie_36704983b8b0,The Sisterhood of the Traveling Pants (2005),,https://letterboxd.com/film/the-sisterhood-of-the-traveling-pants/,2026-06-01T12:37:59+00:00
movie_25eeb91bfa1a,Peter Pan (2003),,https://letterboxd.com/film/peter-pan-2003/,2026-06-01T12:37:59+00:00
movie_8168c481b58a,The Lizzie McGuire Movie (2003),,https://letterboxd.com/film/the-lizzie-mcguire-movie/,2026-06-01T12:37:59+00:00
movie_e5e6399c317c,The Wedding Planner (2001),,https://letterboxd.com/film/the-wedding-planner/,2026-06-01T12:37:59+00:00
movie_9fdd2e32a895,Lady and the Tramp (1955),,https://letterboxd.com/film/lady-and-the-tramp/,2026-06-01T12:38:03+00:00
movie_241814f607b5,Check the Store Next Door 2 (2022),,https://letterboxd.com/film/check-the-store-next-door-2/,2026-06-01T12:39:06+00:00
movie_a4acf4938955,Marley & Me (2008),,https://letterboxd.com/film/marley-me/,2026-06-01T12:39:10+00:00
movie_61dcbb56977b,The Nanny Diaries (2007),,https://letterboxd.com/film/the-nanny-diaries/,2026-06-01T12:39:10+00:00
movie_e6fce994d77d,Supernatural: The End of the Road (2021),,https://letterboxd.com/film/supernatural-the-end-of-the-road/,2026-06-01T12:40:09+00:00
movie_0936dafdd06d,My Little Pony: Equestria Girls - Legend of Everfree (2016),,https://letterboxd.com/film/my-little-pony-equestria-girls-legend-of-everfree/,2026-06-01T12:40:09+00:00
movie_3b7126a02529,Snow White and the Huntsman (2012),,https://letterboxd.com/film/snow-white-and-the-huntsman/,2026-06-01T12:40:09+00:00
movie_d10cad06f455,Barbie: A Fairy Secret (2011),,https://letterboxd.com/film/barbie-a-fairy-secret/,2026-06-01T12:40:09+00:00
movie_83deba9cb632,"Angus, Thongs and Perfect Snogging (2008)",,https://letterboxd.com/film/angus-thongs-and-perfect-snogging/,2026-06-01T12:40:09+00:00
movie_61a528f7c4d3,Stuart Little (1999),,https://letterboxd.com/film/stuart-little/,2026-06-01T12:40:12+00:00
movie_2dc7545c4076,Anastasia (1997),,https://letterboxd.com/film/anastasia-1997/,2026-06-01T12:40:12+00:00
movie_62c5f65c768a,Beauty and the Beast (1991),,https://letterboxd.com/film/beauty-and-the-beast-1991/,2026-06-01T12:40:12+00:00
movie_1626d82c9c99,Breakfast at Tiffany's,,,2026-06-01T12:40:16+00:00
movie_d012daa6cf2f,Sleepers,,,2026-06-01T12:41:06+00:00
movie_37065dc4b7d9,Titan: The OceanGate Submersible Disaster (2025),,https://letterboxd.com/film/titan-the-oceangate-submersible-disaster/,2026-06-01T12:42:26+00:00
movie_3f25b7aa8590,Silent Night (2021),,https://letterboxd.com/film/silent-night-2021/,2026-06-01T12:42:31+00:00
movie_8111e08704f4,Artemis Fowl (2020),,https://letterboxd.com/film/artemis-fowl/,2026-06-01T12:42:31+00:00
movie_7e0d0b8808bc,When Life Gives You Tangerines,,,2026-06-01T12:42:35+00:00
movie_e97242058aab,Amores Perros (2000),,https://letterboxd.com/film/amores-perros/,2026-06-01T12:43:51+00:00
movie_f32c0d2c2862,Twelve Monkeys (1995),,https://letterboxd.com/film/twelve-monkeys/,2026-06-01T12:43:51+00:00
movie_3b0c69ac8f3e,A Clockwork Orange,,,2026-06-01T12:43:57+00:00
movie_e5fad18a5a42,Buen Camino (2025),,https://letterboxd.com/film/buen-camino-2025/,2026-06-01T12:44:48+00:00
movie_0f723860aafd,Silenced (2011),,https://letterboxd.com/film/silenced/,2026-06-01T12:44:48+00:00
movie_27db9f00a08e,The Passion of the Christ (2004),,https://letterboxd.com/film/the-passion-of-the-christ/,2026-06-01T12:44:48+00:00
movie_bcbe95cc8a04,Lawrence of Arabia,,,2026-06-01T12:45:46+00:00
movie_4ccee6a2fefb,El Conde (2023),,https://letterboxd.com/film/el-conde/,2026-06-01T12:45:53+00:00
movie_eb810dfccf54,The World to Come (2020),,https://letterboxd.com/film/the-world-to-come/,2026-06-01T12:45:56+00:00
movie_7d300e3d66a1,Great Pretender (2020),,https://letterboxd.com/film/great-pretender/,2026-06-01T12:45:56+00:00
movie_d36f8a556482,Disobedience (2017),,https://letterboxd.com/film/disobedience-2017/,2026-06-01T12:45:56+00:00
movie_51c91cee7db4,Novitiate (2017),,https://letterboxd.com/film/novitiate/,2026-06-01T12:45:56+00:00
movie_f6abcf33e596,The Void (2016),,https://letterboxd.com/film/the-void-2016/,2026-06-01T12:45:56+00:00
movie_be90a1d56fe1,Irreversible,,,2026-06-01T12:46:27+00:00
movie_27a9e61d4043,Freedom Writers,,,2026-06-01T12:47:46+00:00
movie_b7111f391ebb,Stand by Me,,,2026-06-01T12:48:30+00:00
movie_cf5a91c39c6b,Paul,,,2026-06-01T12:48:30+00:00
movie_c9e5dc31a2b5,Midnight Runners (2017),,https://letterboxd.com/film/midnight-runners/,2026-06-01T12:48:37+00:00
movie_b5a58cf497c2,Coherence,,,2026-06-01T12:49:46+00:00
movie_1d64f89ec378,Through My Window,,,2026-06-01T12:49:57+00:00
movie_0ea4e18451cb,Evil Dead Rise,,,2026-06-01T12:50:12+00:00
movie_c25ba16194aa,The Blair Witch Project,,,2026-06-01T12:50:17+00:00
movie_b4bdf4bf34bd,Zoolander,,,2026-06-01T12:50:38+00:00
movie_f04bb9813c0b,I'm Thinking of Ending Things,,,2026-06-01T12:50:41+00:00
movie_98caf905c9fa,My Father and My Son (2005),,https://letterboxd.com/film/my-father-and-my-son/,2026-06-01T12:51:26+00:00
movie_b0047f73b57b,Wild Child,,,2026-06-01T12:51:57+00:00
movie_927b0b66c325,27 Dresses,,,2026-06-01T12:52:09+00:00
movie_34668d327e40,Dear Zoe (2022),,https://letterboxd.com/film/dear-zoe/,2026-06-01T12:52:45+00:00
movie_62df41e85369,Failure to Launch (2006),,https://letterboxd.com/film/failure-to-launch/,2026-06-01T12:52:49+00:00
movie_5e78ae907a1c,From Rock Star to Killer (2025),,https://letterboxd.com/film/from-rock-star-to-killer/,2026-06-01T12:53:56+00:00
movie_0d4d3e39ed79,Where Am I Going? (2016),,https://letterboxd.com/film/where-am-i-going-2016/,2026-06-01T12:53:56+00:00
movie_40df3b7ceee8,Insurgent,,,2026-06-01T12:54:00+00:00
movie_3d1c32216671,Billy Elliot (2000),,https://letterboxd.com/film/billy-elliot/,2026-06-01T12:54:00+00:00
movie_c4cdd5dcbc0a,Lolita,,,2026-06-01T12:56:03+00:00
movie_bc6fe95b3692,Nana (2005),,https://letterboxd.com/film/nana-2005/,2026-06-01T12:56:10+00:00
movie_c547312a8c73,Gia (1998),,https://letterboxd.com/film/gia/,2026-06-01T12:56:10+00:00
movie_169445b53a17,Carol,,,2026-06-01T12:56:32+00:00
movie_591ef23eab8b,Counterattack (2025),,https://letterboxd.com/film/counterattack-2025/,2026-06-01T12:58:32+00:00
movie_3a42f0f2018a,Martha (2024),,https://letterboxd.com/film/martha-2024/,2026-06-01T12:58:32+00:00
movie_317754e7d803,WHAM! (2023),,https://letterboxd.com/film/wham-2023/,2026-06-01T12:58:32+00:00
movie_faa02ccba5d9,Joy Ride (2023),,https://letterboxd.com/film/joy-ride-2023/,2026-06-01T12:58:35+00:00
movie_8acccbde7a86,Before Midnight,,,2026-06-01T12:59:06+00:00
movie_d8c300e623e2,Suspiria,,,2026-06-01T12:59:26+00:00
movie_cc6470df0bfd,Moana (2026),,https://letterboxd.com/film/moana/,2026-06-01T13:00:02+00:00
movie_5dc2ceef809e,Attack on Titan (2015),,https://letterboxd.com/film/attack-on-titan/,2026-06-01T13:00:02+00:00
movie_74b38f9792e6,"Legally Blonde 2: Red, White & Blonde (2003)",,https://letterboxd.com/film/legally-blonde-2-red-white-blonde/,2026-06-01T13:00:02+00:00
movie_29636aaef1b8,American Pie (1999),,https://letterboxd.com/film/american-pie/,2026-06-01T13:00:06+00:00
movie_bb38dea47697,Pocahontas (1995),,https://letterboxd.com/film/pocahontas/,2026-06-01T13:00:06+00:00
movie_28b6dcf5b97d,X-Men: Days of Future Past,,,2026-06-01T13:02:26+00:00
movie_9eacbb379de0,Jurassic World Dominion,,,2026-06-01T13:02:45+00:00
movie_772a2c41239b,Pizza Movie,,,2026-06-01T13:02:49+00:00
movie_42181ff405f3,Under the Bridge (2024),,https://letterboxd.com/film/under-the-bridge-2024/,2026-06-01T13:04:34+00:00
movie_51325d6a5c61,Miller's Girl (2024),,https://letterboxd.com/film/millers-girl/,2026-06-01T13:04:34+00:00
movie_06601e25dbc4,2 Hearts (2020),,https://letterboxd.com/film/2-hearts/,2026-06-01T13:04:34+00:00
movie_cd6b957993c6,Maid in Manhattan (2002),,https://letterboxd.com/film/maid-in-manhattan/,2026-06-01T13:04:34+00:00
movie_bccb42c14ec3,Awake,,,2026-06-01T13:04:51+00:00
movie_6c9bd2095138,Boyhood,,,2026-06-01T13:05:45+00:00
movie_9ddabf4b641b,The Bus: A French Football Mutiny,,,2026-06-01T13:07:12+00:00
movie_4dc802aae6dd,The Bus: A French Football Mutiny (2026),,https://letterboxd.com/film/the-bus-a-french-football-mutiny/,2026-06-01T13:07:12+00:00
movie_a0f35f8223dc,Blow (2001),,https://letterboxd.com/film/blow/,2026-06-01T13:07:12+00:00
movie_cb22c436378d,Asad,,,2026-06-01T13:08:25+00:00
movie_623280b991d2,Asad (2026),,https://letterboxd.com/film/asad-1/,2026-06-01T13:08:25+00:00
movie_957c86aeec96,Aisha Can't Fly Away (2025),,https://letterboxd.com/film/aisha-cant-fly-away/,2026-06-01T13:08:25+00:00
movie_9a9bba5aa367,Siko Siko (2025),,https://letterboxd.com/film/siko-siko/,2026-06-01T13:08:25+00:00
movie_5ae7f1d42304,6 Days (2025),,https://letterboxd.com/film/6-days-2025/,2026-06-01T13:08:25+00:00
movie_277d2f302c6b,Seeking Haven for Mr. Rambo (2024),,https://letterboxd.com/film/seeking-haven-for-mr-rambo/,2026-06-01T13:08:25+00:00
movie_9e503b0b9f63,A Break of Happy Moments (2024),,https://letterboxd.com/film/a-break-of-happy-moments/,2026-06-01T13:08:25+00:00
movie_a8bbd3b7506c,El Harifa (2024),,https://letterboxd.com/film/el-harifa/,2026-06-01T13:08:25+00:00
movie_b07b1c040e80,Voy! Voy! Voy! (2023),,https://letterboxd.com/film/voy-voy-voy/,2026-06-01T13:08:25+00:00
movie_c1bacc059d4c,The Suit (2018),,https://letterboxd.com/film/the-suit-2018/,2026-06-01T13:08:25+00:00
movie_f013ea33d2b6,Monopoly (The Bank of Luck) (2017),,https://letterboxd.com/film/monopoly-the-bank-of-luck/,2026-06-01T13:08:25+00:00
movie_0e6a68ac4159,Bad Influence: The Dark Side of Kidfluencing (2025),,https://letterboxd.com/film/bad-influence-the-dark-side-of-kidfluencing/,2026-06-01T13:09:32+00:00
movie_6e49af666ade,Wonderland (2024),,https://letterboxd.com/film/wonderland-2024-1/,2026-06-01T13:09:32+00:00
movie_fa756d2bb26b,"Miraculous World: Paris, Tales of Shadybug and Claw Noir (2023)",,https://letterboxd.com/film/miraculous-world-paris-tales-of-shadybug-and-claw-noir/,2026-06-01T13:09:32+00:00
movie_2949dbdf57ad,Just For Meeting You (2023),,https://letterboxd.com/film/just-for-meeting-you/,2026-06-01T13:09:32+00:00
movie_7d453c8b008f,Our Secret Diary (2023),,https://letterboxd.com/film/our-secret-diary/,2026-06-01T13:09:32+00:00
movie_5988e9018063,My Hero Academia: Heroes Rising (2019),,https://letterboxd.com/film/my-hero-academia-heroes-rising/,2026-06-01T13:09:37+00:00
movie_da2da4511a96,Tune in for Love (2019),,https://letterboxd.com/film/tune-in-for-love/,2026-06-01T13:09:37+00:00
movie_5c98d8a4f696,Red Shoes and the Seven Dwarfs (2019),,https://letterboxd.com/film/red-shoes-and-the-seven-dwarfs/,2026-06-01T13:09:37+00:00
movie_6b76f8f60542,Phantom Thread,,,2026-06-01T13:09:58+00:00
movie_8148e4d26124,Uptown Girls,,,2026-06-01T13:10:57+00:00
movie_699ecacfb11d,Death Whisperer 2 (2024),,https://letterboxd.com/film/death-whisperer-2/,2026-06-01T13:11:04+00:00
movie_17eb201499a5,Death Whisperer (2023),,https://letterboxd.com/film/death-whisperer/,2026-06-01T13:11:04+00:00
movie_68ecf5f79b52,Lost Bullet 2 (2022),,https://letterboxd.com/film/lost-bullet-2/,2026-06-01T13:11:04+00:00
movie_4c6721d1a314,Ride or Die (2021),,https://letterboxd.com/film/ride-or-die-2021/,2026-06-01T13:11:04+00:00
movie_680f0e55bb07,Girl in the Basement (2021),,https://letterboxd.com/film/girl-in-the-basement-2021/,2026-06-01T13:11:04+00:00
movie_45606615ea71,Liverleaf (2018),,https://letterboxd.com/film/liverleaf/,2026-06-01T13:11:04+00:00
movie_0c50c587b7e6,Gonjiam: Haunted Asylum,,,2026-06-01T13:11:08+00:00
movie_64c7ea03e810,Skate Kitchen (2018),,https://letterboxd.com/film/skate-kitchen/,2026-06-01T13:11:08+00:00
movie_014f08ecb345,Fireworks (2017),,https://letterboxd.com/film/fireworks-2017/,2026-06-01T13:11:08+00:00
movie_78ff3b90b439,Monster,,,2026-06-01T13:12:17+00:00
movie_d9a1e61ac024,Wonder,,,2026-06-01T13:12:45+00:00
movie_56ca5ddf7338,Frozen,,,2026-06-01T13:12:53+00:00
movie_1bafc9058d26,The Book of Life,,,2026-06-01T13:13:34+00:00
movie_f6182b91eff6,Hocus Pocus (1993),,https://letterboxd.com/film/hocus-pocus/,2026-06-01T13:13:44+00:00
movie_099e8b57f9b4,Back to Black (2024),,https://letterboxd.com/film/back-to-black/,2026-06-01T13:14:43+00:00
movie_6f6e5a7719af,Lights Out (2016),,https://letterboxd.com/film/lights-out-2016/,2026-06-01T13:14:47+00:00
movie_82c3cff3855c,Toy Story 2,,,2026-06-01T13:14:54+00:00
movie_026a9fa506ef,Resident Evil: Death Island (2023),,https://letterboxd.com/film/resident-evil-death-island/,2026-06-01T13:15:48+00:00
movie_e802c86f6010,Resident Evil: Vendetta (2017),,https://letterboxd.com/film/resident-evil-vendetta/,2026-06-01T13:15:48+00:00
movie_057eae62afa1,Grimsby (2016),,https://letterboxd.com/film/grimsby/,2026-06-01T13:15:48+00:00
movie_6d5672eb71b2,Transformers: Dark of the Moon (2011),,https://letterboxd.com/film/transformers-dark-of-the-moon/,2026-06-01T13:15:52+00:00
movie_b7c30aa0eff9,Transformers: Revenge of the Fallen (2009),,https://letterboxd.com/film/transformers-revenge-of-the-fallen/,2026-06-01T13:15:52+00:00
movie_7711a22bf873,Real Steel,,,2026-06-01T13:15:55+00:00
movie_32a834f06dc4,Stuck in Love (2012),,https://letterboxd.com/film/stuck-in-love/,2026-06-01T13:17:51+00:00
movie_7f0ce1f60ba0,Aztec Batman: Clash of Empires (2025),,https://letterboxd.com/film/aztec-batman-clash-of-empires/,2026-06-01T13:18:58+00:00
movie_8bc84002bbf1,I Am Frankelda (2025),,https://letterboxd.com/film/i-am-frankelda/,2026-06-01T13:18:58+00:00
movie_32d4023de84d,Blondi (2023),,https://letterboxd.com/film/blondi/,2026-06-01T13:19:02+00:00
movie_cc94015a4c16,The Guernsey Literary & Potato Peel Pie Society (2018),,https://letterboxd.com/film/the-guernsey-literary-potato-peel-pie-society/,2026-06-01T13:19:02+00:00
movie_fb6457b437f9,Hannah Montana 20th Anniversary Special,,,2026-06-01T13:19:27+00:00
movie_0c0be1585ec7,Predestination,,,2026-06-01T13:19:46+00:00
movie_206db58a31db,Karwaan (2018),,https://letterboxd.com/film/karwaan/,2026-06-01T13:20:27+00:00
movie_4936260e3d49,Little Forest (2018),,https://letterboxd.com/film/little-forest/,2026-06-01T13:20:27+00:00
movie_0ffe6947ecdc,Columbus (2017),,https://letterboxd.com/film/columbus-2017/,2026-06-01T13:20:27+00:00
movie_4bd0aaffcd31,Wild Tales (2014),,https://letterboxd.com/film/wild-tales/,2026-06-01T13:20:27+00:00
movie_2501b1d327c0,Zindagi Na Milegi Dobara (2011),,https://letterboxd.com/film/zindagi-na-milegi-dobara/,2026-06-01T13:20:27+00:00
movie_6a524002a365,The Chaser (2008),,https://letterboxd.com/film/the-chaser/,2026-06-01T13:20:27+00:00
movie_376a33159a76,The Return (2003),,https://letterboxd.com/film/the-return/,2026-06-01T13:20:31+00:00
movie_747440aeb460,Legends of the Fall (1994),,https://letterboxd.com/film/legends-of-the-fall/,2026-06-01T13:20:31+00:00
movie_920165430260,A River Runs Through It (1992),,https://letterboxd.com/film/a-river-runs-through-it/,2026-06-01T13:20:31+00:00
movie_97c7de48452c,Night on Earth (1991),,https://letterboxd.com/film/night-on-earth/,2026-06-01T13:20:31+00:00
movie_a93e302adce0,The Wonderful Story of Henry Sugar,,,2026-06-01T13:21:50+00:00
movie_5972deb36549,The Seventh Seal,,,2026-06-01T13:22:57+00:00
movie_91de453a33a5,The Wicker Man (1973),,https://letterboxd.com/film/the-wicker-man/,2026-06-01T13:22:57+00:00
movie_b3ddfab0e7e3,Strays (2023),,https://letterboxd.com/film/strays-2023/,2026-06-01T13:23:04+00:00
movie_4cd2e1892382,Romancham (2023),,https://letterboxd.com/film/romancham/,2026-06-01T13:23:04+00:00
movie_8912bbe5679e,Knock at the Cabin,,,2026-06-01T13:23:09+00:00
movie_123f8bdfbc62,A Thousand and One (2023),,https://letterboxd.com/film/a-thousand-and-one/,2026-06-01T13:23:09+00:00
movie_aa1a9219a251,What Is a Woman? (2022),,https://letterboxd.com/film/what-is-a-woman-2022/,2026-06-01T13:23:09+00:00
movie_78866d7e11a7,Crimes of the Future (2022),,https://letterboxd.com/film/crimes-of-the-future-2022/,2026-06-01T13:23:09+00:00
movie_59be472e90eb,Three Thousand Years of Longing (2022),,https://letterboxd.com/film/three-thousand-years-of-longing/,2026-06-01T13:23:09+00:00
movie_5ae3a13c9593,Kimi (2022),,https://letterboxd.com/film/kimi/,2026-06-01T13:23:09+00:00
movie_4ae5d0b77bbd,Dr. Strangelove or: How I Learned to Stop Worrying and Love the Bomb,,,2026-06-01T13:23:34+00:00
movie_fd8d3855e1a7,Over the Hedge,,,2026-06-01T13:24:25+00:00
movie_f98e2577b574,Pokémon: The First Movie (1998),,https://letterboxd.com/film/pokemon-the-first-movie/,2026-06-01T13:24:25+00:00
movie_a8056b089037,[REC]² (2009),,https://letterboxd.com/film/rec-2/,2026-06-01T13:24:32+00:00
movie_175dc0e876eb,Speed Racer (2008),,https://letterboxd.com/film/speed-racer/,2026-06-01T13:24:32+00:00
movie_8af046ffa4ee,The Simpsons Movie (2007),,https://letterboxd.com/film/the-simpsons-movie/,2026-06-01T13:24:32+00:00
movie_bd1bb68810a0,Ghost Rider (2007),,https://letterboxd.com/film/ghost-rider/,2026-06-01T13:24:32+00:00
movie_f811940d8a35,Jackass Number Two (2006),,https://letterboxd.com/film/jackass-number-two/,2026-06-01T13:24:32+00:00
movie_4da79ad41ad3,Pirates of the Caribbean: Dead Man's Chest,,,2026-06-01T13:24:37+00:00
movie_f9d44dcb53bb,Nacho Libre (2006),,https://letterboxd.com/film/nacho-libre/,2026-06-01T13:24:37+00:00
movie_104cc6c2f703,Nanny McPhee (2005),,https://letterboxd.com/film/nanny-mcphee/,2026-06-01T13:24:37+00:00
movie_05e72a02be7f,National Treasure (2004),,https://letterboxd.com/film/national-treasure/,2026-06-01T13:24:37+00:00
movie_1a751431ca32,The Bourne Supremacy (2004),,https://letterboxd.com/film/the-bourne-supremacy/,2026-06-01T13:24:37+00:00
movie_9a4d3ff3af20,Hellboy (2004),,https://letterboxd.com/film/hellboy/,2026-06-01T13:24:37+00:00
movie_6b534bf222b7,Dawn of the Dead (2004),,https://letterboxd.com/film/dawn-of-the-dead-2004/,2026-06-01T13:24:37+00:00
movie_bb3ddc103607,Primal Fear,,,2026-06-01T13:25:21+00:00
movie_f4cc0ac46844,Win or Lose (2025),,https://letterboxd.com/film/win-or-lose-2025/,2026-06-01T13:25:28+00:00
movie_b11d7318817a,Dear Santa (2024),,https://letterboxd.com/film/dear-santa-2024/,2026-06-01T13:25:28+00:00
movie_283d9a856b13,LEGO Star Wars: Rebuild the Galaxy (2024),,https://letterboxd.com/film/lego-star-wars-rebuild-the-galaxy/,2026-06-01T13:25:32+00:00
movie_17e50239daa8,BLUE LOCK THE MOVIE -EPISODE NAGI- (2024),,https://letterboxd.com/film/blue-lock-the-movie-episode-nagi/,2026-06-01T13:25:32+00:00
movie_bcf4f2bf1a64,Merry Little Batman (2023),,https://letterboxd.com/film/merry-little-batman/,2026-06-01T13:25:32+00:00
movie_e604486b16df,Diary of a Wimpy Kid Christmas: Cabin Fever (2023),,https://letterboxd.com/film/diary-of-a-wimpy-kid-christmas-cabin-fever/,2026-06-01T13:25:32+00:00
movie_4dc943e42667,Mama Agnes (2023),,https://letterboxd.com/film/mama-agnes/,2026-06-01T13:25:32+00:00
movie_3437c38a125a,Doctor Strange in the Multiverse of Madness,,,2026-06-01T13:25:42+00:00
movie_06966829611c,Fantastic Four,,,2026-06-01T13:26:33+00:00
movie_12c6cdff27c5,The Texas Chain Saw Massacre,,,2026-06-01T13:26:56+00:00
movie_1cc81f893a4d,Blue Valentine,,,2026-06-01T13:29:03+00:00
movie_f4127caffde7,Life in a Year (2020),,https://letterboxd.com/film/life-in-a-year/,2026-06-01T13:29:09+00:00
movie_0bdec2412575,Untold: Chess Mates (2026),,https://letterboxd.com/film/untold-chess-mates/,2026-06-01T13:30:14+00:00
movie_bb270e5b4456,Queen of Chess (2026),,https://letterboxd.com/film/queen-of-chess/,2026-06-01T13:30:14+00:00
movie_2600a8a41ac2,Unfrosted (2024),,https://letterboxd.com/film/unfrosted/,2026-06-01T13:31:14+00:00
movie_55b5fffc92c6,Between the Temples (2024),,https://letterboxd.com/film/between-the-temples/,2026-06-01T13:31:14+00:00
movie_e2e9a2152d66,Studio 666 (2022),,https://letterboxd.com/film/studio-666-2022/,2026-06-01T13:31:18+00:00
movie_acfd6b7be14f,Anima (2019),,https://letterboxd.com/film/anima-2019/,2026-06-01T13:31:18+00:00
movie_81692aff23d8,Polar (2019),,https://letterboxd.com/film/polar-2019/,2026-06-01T13:31:18+00:00
movie_ad7f2ffa32ec,Mac & Devin Go to High School (2012),,https://letterboxd.com/film/mac-devin-go-to-high-school/,2026-06-01T13:31:18+00:00
movie_7f3e6696333c,Kill Bill: The Whole Bloody Affair,,,2026-06-01T13:31:52+00:00
movie_4985cd638784,Fellow Travelers (2023),,https://letterboxd.com/film/fellow-travelers-2023/,2026-06-01T13:32:55+00:00
movie_4e45269ecdf8,Dear Ex (2018),,https://letterboxd.com/film/dear-ex/,2026-06-01T13:32:55+00:00
movie_89ae25130fb1,What We Do in the Shadows (2014),,https://letterboxd.com/film/what-we-do-in-the-shadows/,2026-06-01T13:32:59+00:00
movie_2e894d9a5fb8,Batman: Under the Red Hood (2010),,https://letterboxd.com/film/batman-under-the-red-hood/,2026-06-01T13:32:59+00:00
movie_4b2e2dfe4eaf,Boy (2010),,https://letterboxd.com/film/boy-2010/,2026-06-01T13:32:59+00:00
movie_f37858360a14,Scream VI,,,2026-06-01T13:33:49+00:00
movie_d0bd1950cb2b,Eyes of Wakanda (2025),,https://letterboxd.com/film/eyes-of-wakanda/,2026-06-01T13:33:57+00:00
movie_2c72aa2e8c0b,A Modern Farewell (2020),,https://letterboxd.com/film/a-modern-farewell/,2026-06-01T13:33:57+00:00
movie_62211ef6b5c7,The Judge (2014),,https://letterboxd.com/film/the-judge-2014/,2026-06-01T13:33:57+00:00
movie_d1c250c57b57,Nobody Knows,,,2026-06-01T13:34:55+00:00
movie_a88f214bafc6,Red Rocket (2021),,https://letterboxd.com/film/red-rocket-2021/,2026-06-01T13:35:03+00:00
movie_91ea49d92e4c,Steve Jobs (2015),,https://letterboxd.com/film/steve-jobs/,2026-06-01T13:35:03+00:00
movie_df84bf906dcb,The Motorcycle Diaries (2004),,https://letterboxd.com/film/the-motorcycle-diaries/,2026-06-01T13:35:07+00:00
movie_8e6a972c5aba,Cargo 200 (2007),,https://letterboxd.com/film/cargo-200/,2026-06-01T13:36:04+00:00
movie_4d442a6860dd,Willy Wonka & the Chocolate Factory (1971),,https://letterboxd.com/film/willy-wonka-the-chocolate-factory/,2026-06-01T13:36:07+00:00
movie_1dd4022daee1,The Piano Teacher,,,2026-06-01T13:36:21+00:00
movie_d22b8414d41c,Rental Family,,,2026-06-01T13:38:32+00:00
movie_36245dc0471c,Mortal World 2 (2023),,https://letterboxd.com/film/mortal-world-2/,2026-06-01T13:38:32+00:00
movie_58fcae026153,Coming Soon (2014),,https://letterboxd.com/film/coming-soon-2014/,2026-06-01T13:38:33+00:00
movie_1a800222cb29,The Butterfly's Dream (2013),,https://letterboxd.com/film/the-butterflys-dream/,2026-06-01T13:38:33+00:00
movie_bfd0a45c615a,The Mummy: Tomb of the Dragon Emperor (2008),,https://letterboxd.com/film/the-mummy-tomb-of-the-dragon-emperor/,2026-06-01T13:38:36+00:00
movie_7dcb2fd624f4,Destiny (2006),,https://letterboxd.com/film/destiny-2006/,2026-06-01T13:38:36+00:00
movie_5212910e1180,Wristcutters: A Love Story (2006),,https://letterboxd.com/film/wristcutters-a-love-story/,2026-06-01T13:38:36+00:00
movie_a32810d58d93,21 Grams (2003),,https://letterboxd.com/film/21-grams/,2026-06-01T13:38:36+00:00
movie_15c8d061c449,The Hours (2002),,https://letterboxd.com/film/the-hours/,2026-06-01T13:38:36+00:00
movie_5d16212aff37,The Poughkeepsie Tapes (2007),,https://letterboxd.com/film/the-poughkeepsie-tapes/,2026-06-01T13:42:47+00:00
movie_0f1104c76af6,Alien³ (1992),,https://letterboxd.com/film/alien-3/,2026-06-01T13:42:54+00:00
movie_29fbba1a4c4d,Poltergeist (1982),,https://letterboxd.com/film/poltergeist/,2026-06-01T13:42:54+00:00
movie_946f7910c769,Click,,,2026-06-01T13:43:16+00:00
movie_a1cec3e113d6,It Was Just an Accident,,,2026-06-01T13:44:50+00:00
movie_9786abeee33f,Twinkling Watermelon,,,2026-06-01T14:24:02+00:00
movie_f60e083aa15c,Can This Love Be Translated?,,,2026-06-01T14:24:10+00:00
movie_8b1c1364e913,Frozen Fever (2015),,https://letterboxd.com/film/frozen-fever/,2026-06-01T14:24:10+00:00
movie_e79b7f4b4416,Street Flow 2 (2023),,https://letterboxd.com/film/street-flow-2/,2026-06-01T14:25:07+00:00
movie_f0a34456f8b4,Street Flow (2019),,https://letterboxd.com/film/street-flow/,2026-06-01T14:25:07+00:00
movie_79a68ca493c4,Dragon Ball Z: Resurrection 'F' (2015),,https://letterboxd.com/film/dragon-ball-z-resurrection-f/,2026-06-01T14:26:37+00:00
movie_ca3058333b27,The Little Mermaid,,,2026-06-01T14:27:23+00:00
movie_109db1de742e,Set It Up,,,2026-06-01T14:28:16+00:00
movie_5620021dbb5c,Nanny McPhee and the Big Bang (2010),,https://letterboxd.com/film/nanny-mcphee-returns/,2026-06-01T14:28:16+00:00
movie_599a95f7912c,Rocky,,,2026-06-01T14:28:55+00:00
movie_1ccfcf795e5a,Avengers: Age of Ultron,,,2026-06-01T14:29:47+00:00
movie_cc4bc9619f54,The Package (2018),,https://letterboxd.com/film/the-package-2018/,2026-06-01T14:31:43+00:00
movie_810a2d137258,Azur & Asmar: The Princes' Quest (2006),,https://letterboxd.com/film/azur-asmar-the-princes-quest/,2026-06-01T14:31:43+00:00
movie_4411d76ec95b,Asterix & Obelix: Mission Cleopatra (2002),,https://letterboxd.com/film/asterix-obelix-mission-cleopatra/,2026-06-01T14:31:43+00:00
movie_7e844fd593e3,It (1990),,https://letterboxd.com/film/it-1990/,2026-06-01T14:31:47+00:00
movie_832d6e9e9553,The Big Blue (1988),,https://letterboxd.com/film/the-big-blue/,2026-06-01T14:31:47+00:00
movie_1e30b845242f,The NeverEnding Story (1984),,https://letterboxd.com/film/the-neverending-story/,2026-06-01T14:31:47+00:00
movie_99d14b72e7da,Taxi Driver,,,2026-06-01T14:33:05+00:00
movie_2816b07499dd,Billy Elliot,,,2026-06-01T14:33:45+00:00
movie_8fd5e386d30d,The Swimmers (2022),,https://letterboxd.com/film/the-swimmers-2022/,2026-06-01T14:33:54+00:00
movie_b477f338f678,Look Both Ways (2022),,https://letterboxd.com/film/look-both-ways-2022/,2026-06-01T14:33:54+00:00
movie_d9f9f75d4c49,"Hello, Goodbye, and Everything in Between (2022)",,https://letterboxd.com/film/hello-goodbye-and-everything-in-between/,2026-06-01T14:33:54+00:00
movie_9a94389f5a40,Money Heist: From Tokyo to Berlin (2021),,https://letterboxd.com/film/money-heist-from-tokyo-to-berlin/,2026-06-01T14:33:54+00:00
movie_cf9d8d020443,Adventures in Babysitting (2016),,https://letterboxd.com/film/adventures-in-babysitting-2016/,2026-06-01T14:33:58+00:00
movie_f6d79286c678,Free Birds (2013),,https://letterboxd.com/film/free-birds/,2026-06-01T14:33:58+00:00
movie_238b4c2c826e,Cloudy with a Chance of Meatballs 2 (2013),,https://letterboxd.com/film/cloudy-with-a-chance-of-meatballs-2/,2026-06-01T14:33:58+00:00
movie_d2a79ccb8f15,The Odd Life of Timothy Green (2012),,https://letterboxd.com/film/the-odd-life-of-timothy-green/,2026-06-01T14:33:58+00:00
movie_e1117a6102bf,Lemonade Mouth (2011),,https://letterboxd.com/film/lemonade-mouth/,2026-06-01T14:33:58+00:00
movie_2cde0939f5ec,Gnomeo & Juliet (2011),,https://letterboxd.com/film/gnomeo-juliet/,2026-06-01T14:33:58+00:00
movie_01ba61535dbb,The Incredibles,,,2026-06-01T14:35:17+00:00
movie_87d772e33aac,Nerve,,,2026-06-01T14:36:47+00:00
movie_12417123e596,Jackpot! (2024),,https://letterboxd.com/film/jackpot-2024/,2026-06-01T14:36:56+00:00
movie_4a92c08c323e,Too Old for Fairy Tales (2022),,https://letterboxd.com/film/too-old-for-fairy-tales/,2026-06-01T14:36:56+00:00
movie_b3ca81cc4629,Project Power (2020),,https://letterboxd.com/film/project-power-2020/,2026-06-01T14:37:00+00:00
movie_0d691cef6684,The Book of Sun (2020),,https://letterboxd.com/film/the-book-of-sun/,2026-06-01T14:37:00+00:00
movie_188fa74fca45,The Night Clerk (2020),,https://letterboxd.com/film/the-night-clerk-2020/,2026-06-01T14:37:00+00:00
movie_d02bcafdb6fc,Teen Titans Go! vs. Teen Titans (2019),,https://letterboxd.com/film/teen-titans-go-vs-teen-titans/,2026-06-01T14:37:00+00:00
movie_b06b512b9920,The Summer I Turned Pretty: The Movie,,,2026-06-01T14:39:31+00:00
movie_5c95eb5fad8c,The Summer I Turned Pretty: The Movie (2027),,https://letterboxd.com/film/the-summer-i-turned-pretty-the-movie/,2026-06-01T14:39:31+00:00
movie_cf02208f1828,Sold Out on You,,,2026-06-01T14:39:54+00:00
movie_1a52cb51e0d8,50/50 (2011),,https://letterboxd.com/film/50-50/,2026-06-01T14:40:59+00:00
movie_819b0476d131,Chhaava (2025),,https://letterboxd.com/film/chhaava/,2026-06-01T14:42:15+00:00
movie_843c49729167,Gangs of Wasseypur – Part 2 (2012),,https://letterboxd.com/film/gangs-of-wasseypur-part-2/,2026-06-01T14:42:15+00:00
movie_9ccff9546077,Gangs of Wasseypur – Part 1 (2012),,https://letterboxd.com/film/gangs-of-wasseypur-part-1/,2026-06-01T14:42:15+00:00
movie_41e80daa81f8,La Haine,,,2026-06-01T14:43:26+00:00
movie_c6271248c6e8,Lady Vengeance,,,2026-06-01T14:43:40+00:00
movie_8367d87fadd7,The Ugly Stepsister,,,2026-06-01T14:44:18+00:00
movie_852359d0d85c,Longlegs,,,2026-06-01T14:44:21+00:00
movie_7124f180870a,HIM,,,2026-06-01T14:47:20+00:00
movie_dd0cd490adf3,My Girl,,,2026-06-01T14:47:39+00:00
movie_30055d7a7964,Echo (2024),,https://letterboxd.com/film/echo-2024-1/,2026-06-01T14:48:25+00:00
movie_8a4a66bdbbdb,The Colors Within (2024),,https://letterboxd.com/film/the-colors-within/,2026-06-01T14:49:21+00:00
movie_0e7c13683425,My Broken Mariko (2022),,https://letterboxd.com/film/my-broken-mariko/,2026-06-01T14:49:21+00:00
movie_7556f147c290,Us and Them (2018),,https://letterboxd.com/film/us-and-them-2018/,2026-06-01T14:49:21+00:00
movie_a3edf2510a65,One Million Yen Girl (2008),,https://letterboxd.com/film/one-million-yen-girl/,2026-06-01T14:49:25+00:00
movie_9776d158591e,A Tale of Two Sisters (2003),,https://letterboxd.com/film/a-tale-of-two-sisters/,2026-06-01T14:49:25+00:00
movie_13cdf6ef2d4a,Love Letter (1995),,https://letterboxd.com/film/love-letter/,2026-06-01T14:49:25+00:00
movie_31191a159655,I Want to Eat Your Pancreas,,,2026-06-01T14:51:57+00:00
movie_375f82784985,Harry Potter and the Deathly Hallows: Part 2,,,2026-06-01T14:52:00+00:00
movie_e0e8a862df01,Crazxy (2025),,https://letterboxd.com/film/crazxy/,2026-06-01T14:52:55+00:00
movie_d07ad7d48438,Sector 36 (2024),,https://letterboxd.com/film/sector-36/,2026-06-01T14:52:55+00:00
movie_93fad4f6793a,Three of Us (2022),,https://letterboxd.com/film/three-of-us-2022/,2026-06-01T14:52:59+00:00
movie_df8ac8c6c254,Sardar Udham (2021),,https://letterboxd.com/film/sardar-udham/,2026-06-01T14:52:59+00:00
movie_46235574bb8b,Photograph (2019),,https://letterboxd.com/film/photograph/,2026-06-01T14:52:59+00:00
movie_a833725e064b,Sunset Boulevard,,,2026-06-01T14:53:25+00:00
movie_f55e3e098279,The Insider,,,2026-06-01T14:53:32+00:00
movie_fd7df571b297,ODDTAXI (2021),,https://letterboxd.com/film/oddtaxi/,2026-06-01T14:54:36+00:00
movie_40f8bec3519a,Frozen II,,,2026-06-01T14:54:39+00:00
movie_801d52e1f55b,JoJo's Bizarre Adventure: Diamond is Unbreakable (2016),,https://letterboxd.com/film/jojos-bizarre-adventure-diamond-is-unbreakable/,2026-06-01T14:54:39+00:00
movie_18c65d4ce138,Tomorrowland (2015),,https://letterboxd.com/film/tomorrowland/,2026-06-01T14:54:39+00:00
movie_678fb8cc1a52,In the Grey (2026),,https://letterboxd.com/film/in-the-grey-2026/,2026-06-01T14:55:33+00:00
movie_2e1558301e70,The Shadow's Edge (2025),,https://letterboxd.com/film/the-shadows-edge-2025/,2026-06-01T14:56:38+00:00
movie_2a760369fe0a,The Naked Gun,,,2026-06-01T14:57:10+00:00
movie_112048f23baf,"Meet, Greet & Bye (2025)",,https://letterboxd.com/film/meet-greet-bye/,2026-06-01T14:57:56+00:00
movie_10e9155afeba,Trap,,,2026-06-01T14:58:01+00:00
movie_99650ff73e87,Kill Boksoon (2023),,https://letterboxd.com/film/kill-boksoon/,2026-06-01T14:58:01+00:00
movie_aa5b7b185b5f,GAP (2022),,https://letterboxd.com/film/gap-2022/,2026-06-01T14:58:01+00:00
movie_bfa36c658de7,Güeros (2014),,https://letterboxd.com/film/gueros/,2026-06-01T14:59:30+00:00
movie_bb0b72498a30,Death Note,,,2026-06-01T14:59:35+00:00
movie_b8bdaf14190e,Just an Illusion,,,2026-06-01T15:01:57+00:00
movie_c2d50e2731af,The Greatest Night in Pop (2024),,https://letterboxd.com/film/the-greatest-night-in-pop/,2026-06-01T15:01:57+00:00
movie_84c29dcb15f8,A Difficult Year (2023),,https://letterboxd.com/film/a-difficult-year/,2026-06-01T15:01:57+00:00
movie_e731580945ef,The Speech (2020),,https://letterboxd.com/film/the-speech-2020-1/,2026-06-01T15:02:01+00:00
movie_96ba1829af4c,The Muppets (2011),,https://letterboxd.com/film/the-muppets/,2026-06-01T15:02:01+00:00
movie_180f8a466b5a,The Lorax,,,2026-06-01T15:02:33+00:00
movie_0cd2e26b4f64,School of Rock,,,2026-06-01T15:02:47+00:00
movie_ef311aaabb83,National Theatre Live: Fleabag,,,2026-06-01T15:05:11+00:00
movie_33ff7d735aba,Summer 1993 (2017),,https://letterboxd.com/film/summer-1993/,2026-06-01T15:05:18+00:00
movie_d7f47efe0d92,The Bridges of Madison County (1995),,https://letterboxd.com/film/the-bridges-of-madison-county/,2026-06-01T15:05:18+00:00
movie_892759ee90de,The Goonies (1985),,https://letterboxd.com/film/the-goonies/,2026-06-01T15:06:23+00:00
movie_25ee96653b38,Empire Records,,,2026-06-01T15:07:10+00:00
movie_b903d52f16e4,Malcolm in the Middle: Life's Still Unfair (2026),,https://letterboxd.com/film/malcolm-in-the-middle-lifes-still-unfair-2026/,2026-06-01T15:07:18+00:00
movie_f6a90f633fb7,given the Movie: To the Sea (2024),,https://letterboxd.com/film/given-the-movie-to-the-sea/,2026-06-01T15:07:18+00:00
movie_3d706117bac9,The Outrun (2024),,https://letterboxd.com/film/the-outrun/,2026-06-01T15:07:18+00:00
movie_fd8e50f7bf12,In This Corner of the World (2016),,https://letterboxd.com/film/in-this-corner-of-the-world/,2026-06-01T15:07:18+00:00
movie_135689ede30f,The Mortal Instruments: City of Bones (2013),,https://letterboxd.com/film/the-mortal-instruments-city-of-bones/,2026-06-01T15:07:18+00:00
movie_7941ea130ce3,Fish Tank (2009),,https://letterboxd.com/film/fish-tank/,2026-06-01T15:07:22+00:00
movie_2d8b7f0975c3,Confessions of a Teenage Drama Queen (2004),,https://letterboxd.com/film/confessions-of-a-teenage-drama-queen/,2026-06-01T15:07:22+00:00
movie_dc21b5c830a5,Identity (2003),,https://letterboxd.com/film/identity/,2026-06-01T15:07:22+00:00
movie_03cab65a79f4,Crossroads (2002),,https://letterboxd.com/film/crossroads-2002/,2026-06-01T15:07:22+00:00
movie_4592b43ee105,Tatsuki Fujimoto 17-26 (2025),,https://letterboxd.com/film/tatsuki-fujimoto-17-26/,2026-06-01T15:08:30+00:00
movie_87459bd46c3a,The Fragrant Flower Blooms with Dignity (2025),,https://letterboxd.com/film/the-fragrant-flower-blooms-with-dignity/,2026-06-01T15:08:30+00:00
movie_6efd5de6f95b,Kaiju No. 8: Mission Recon (2025),,https://letterboxd.com/film/kaiju-no-8-mission-recon/,2026-06-01T15:08:30+00:00
movie_8ada7a044a77,The Beautiful Game (2024),,https://letterboxd.com/film/the-beautiful-game-2024/,2026-06-01T15:08:34+00:00
movie_8369e3e06dca,The Boy's Word: Blood on the Asphalt (2023),,https://letterboxd.com/film/the-boys-word-blood-on-the-asphalt/,2026-06-01T15:08:34+00:00
movie_0b8ea545d7cd,【OSHI NO KO】 (2023),,https://letterboxd.com/film/oshi-no-ko/,2026-06-01T15:08:34+00:00
movie_cae71c494ae4,Demon Slayer: Kimetsu no Yaiba - Entertainment District Decisive Battle Arc (2023),,https://letterboxd.com/film/demon-slayer-kimetsu-no-yaiba-entertainment/,2026-06-01T15:08:34+00:00
movie_3a38c850d988,Akira,,,2026-06-01T15:09:22+00:00
movie_58b92f574af3,Sting (2024),,https://letterboxd.com/film/sting-2024/,2026-06-01T15:09:29+00:00
movie_4e9888ea1c31,Marsupilami (2025),,https://letterboxd.com/film/marsupilami-2025/,2026-06-01T15:11:14+00:00
movie_81ae1476bf81,Bad Trip (2021),,https://letterboxd.com/film/bad-trip-2021/,2026-06-01T15:11:14+00:00
movie_870572c2f2da,Little Man (2006),,https://letterboxd.com/film/little-man/,2026-06-01T15:11:15+00:00
movie_4eb54e04129e,They Call Him OG (2025),,https://letterboxd.com/film/they-call-him-og/,2026-06-01T15:14:54+00:00
movie_62502fcfc0aa,Devara: Part 1 (2024),,https://letterboxd.com/film/devara-part-1/,2026-06-01T15:14:59+00:00
movie_6cba43cd4ef5,Saripodhaa Sanivaaram (2024),,https://letterboxd.com/film/saripodhaa-sanivaaram/,2026-06-01T15:14:59+00:00
movie_ad45513b4457,The Devil's Bath (2024),,https://letterboxd.com/film/the-devils-bath/,2026-06-01T15:14:59+00:00
movie_6570b81429f4,Jailer (2023),,https://letterboxd.com/film/jailer/,2026-06-01T15:14:59+00:00
movie_ff461dd40713,Indiana Jones and the Last Crusade (1989),,https://letterboxd.com/film/indiana-jones-and-the-last-crusade/,2026-06-01T15:19:32+00:00
movie_fd1d8e2bc9c5,Escape from Alcatraz (1979),,https://letterboxd.com/film/escape-from-alcatraz/,2026-06-01T15:19:32+00:00
movie_a0ba94d12329,Rogue One: A Star Wars Story,,,2026-06-01T15:20:12+00:00
movie_c6393c6de414,Ocean's Eight,,,2026-06-01T15:22:06+00:00
movie_bc2c77ba27aa,The Babadook,,,2026-06-01T15:22:06+00:00
movie_6f39bafd4530,Deadpool 2,,,2026-06-01T15:22:17+00:00
movie_cdc02e89f9da,Squid Game,,,2026-06-01T15:23:27+00:00
movie_c311e2aa9eda,JoJo's Bizarre Adventure: Phantom Blood (2007),,https://letterboxd.com/film/jojos-bizarre-adventure-phantom-blood/,2026-06-01T15:23:35+00:00
movie_2e560da6691d,CMXXIV (2025),,https://letterboxd.com/film/cmxxiv/,2026-06-01T15:24:38+00:00
movie_ee2f00cc41da,Touch (2024),,https://letterboxd.com/film/touch-2024/,2026-06-01T15:24:38+00:00
movie_883cb0360245,Do Not Disturb (2023),,https://letterboxd.com/film/do-not-disturb-2023/,2026-06-01T15:24:38+00:00
movie_53d9666e060b,The Outside (2022),,https://letterboxd.com/film/the-outside-2022/,2026-06-01T15:24:38+00:00
movie_9271f2dc1182,The Autopsy (2022),,https://letterboxd.com/film/the-autopsy-2022/,2026-06-01T15:24:38+00:00
movie_8cff29939619,Lot 36 (2022),,https://letterboxd.com/film/lot-36/,2026-06-01T15:24:38+00:00
movie_8d7556dc1f92,It's Kind of a Funny Story (2010),,https://letterboxd.com/film/its-kind-of-a-funny-story/,2026-06-01T15:24:43+00:00
movie_d3be422f0136,Enter the Void (2009),,https://letterboxd.com/film/enter-the-void/,2026-06-01T15:24:43+00:00
movie_7804e6912bf3,At the Bar (2007),,https://letterboxd.com/film/at-the-bar/,2026-06-01T15:24:43+00:00
movie_94dbb613a1a5,I Saw the TV Glow,,,2026-06-01T15:26:10+00:00
movie_2ebc01f81b2c,Boy Kills World (2023),,https://letterboxd.com/film/boy-kills-world/,2026-06-01T15:26:10+00:00
movie_a14e010a08fa,V/H/S/99 (2022),,https://letterboxd.com/film/v-h-s-99/,2026-06-01T15:26:10+00:00
movie_fd8a527cd38d,The Bubble (2022),,https://letterboxd.com/film/the-bubble-2022/,2026-06-01T15:26:10+00:00
movie_f06be9779daa,Pillion,,,2026-06-01T15:26:26+00:00
movie_e7688318c2f2,Lost in Translation,,,2026-06-01T15:28:31+00:00
movie_d24bf7e66e91,Final Destination 7,,,2026-06-01T15:28:40+00:00
movie_d3b09df53737,Final Destination 7 (2028),,https://letterboxd.com/film/final-destination-7/,2026-06-01T15:28:40+00:00
movie_fad0effa686a,Doctor Who: The Giggle (2023),,https://letterboxd.com/film/doctor-who-the-giggle/,2026-06-01T15:28:40+00:00
movie_e6839871e355,Doctor Who: Wild Blue Yonder (2023),,https://letterboxd.com/film/doctor-who-wild-blue-yonder/,2026-06-01T15:28:40+00:00
movie_785c39f4002a,Doctor Who: The Star Beast (2023),,https://letterboxd.com/film/doctor-who-the-star-beast/,2026-06-01T15:28:40+00:00
movie_9f38a785ca8b,Willy's Wonderland (2021),,https://letterboxd.com/film/willys-wonderland/,2026-06-01T15:28:44+00:00
movie_22eabb5a81ba,Spontaneous (2020),,https://letterboxd.com/film/spontaneous/,2026-06-01T15:28:44+00:00
movie_71d1e521179d,Karate Kid: Legends,,,2026-06-01T15:28:48+00:00
movie_20f99c7829da,Ant-Man,,,2026-06-01T15:29:00+00:00
movie_52a9f55447b7,The Tasters (2025),,https://letterboxd.com/film/the-tasters/,2026-06-01T15:31:23+00:00
movie_25fab7b59df0,Schumacher (2021),,https://letterboxd.com/film/schumacher/,2026-06-01T15:31:23+00:00
movie_377d2990ebcc,JJ+E (2021),,https://letterboxd.com/film/jje/,2026-06-01T15:31:23+00:00
movie_ef4830119a65,Rascal Does Not Dream of a Dreaming Girl (2019),,https://letterboxd.com/film/rascal-does-not-dream-of-a-dreaming-girl/,2026-06-01T15:31:23+00:00
movie_b9f66a49cbad,Rascal Does Not Dream of Bunny Girl Senpai (2018),,https://letterboxd.com/film/rascal-does-not-dream-of-bunny-girl-senpai/,2026-06-01T15:31:23+00:00
movie_073d24142dac,The Mitchells vs. the Machines,,,2026-06-01T15:31:31+00:00
movie_fb2d29d3f842,The Best Christmas Pageant Ever (2024),,https://letterboxd.com/film/the-best-christmas-pageant-ever-2024/,2026-06-01T15:32:42+00:00
movie_d238313fd72d,My Hero Academia: You're Next (2024),,https://letterboxd.com/film/my-hero-academia-youre-next/,2026-06-01T15:32:42+00:00
movie_a38108d764b0,Universal Language (2024),,https://letterboxd.com/film/universal-language/,2026-06-01T15:32:42+00:00
movie_7d3e7101cb41,On Becoming a Guinea Fowl (2024),,https://letterboxd.com/film/on-becoming-a-guinea-fowl/,2026-06-01T15:32:42+00:00
movie_119866e00444,Only the River Flows (2023),,https://letterboxd.com/film/only-the-river-flows/,2026-06-01T15:32:42+00:00
movie_103ce37ba8af,Theater Camp (2023),,https://letterboxd.com/film/theater-camp-2023/,2026-06-01T15:32:42+00:00
movie_57d41cb34892,Guillermo del Toro's Pinocchio: Handcarved Cinema (2022),,https://letterboxd.com/film/guillermo-del-toros-pinocchio-handcarved-cinema/,2026-06-01T15:32:42+00:00
movie_0c8623da4187,Final Destination,,,2026-06-01T15:33:28+00:00
movie_75001fc69e53,Airplane!,,,2026-06-01T15:33:38+00:00
movie_4251202cde8a,Elephant,,,2026-06-01T15:35:01+00:00
movie_779c724dff47,A Shaun the Sheep Movie: Farmageddon (2019),,https://letterboxd.com/film/a-shaun-the-sheep-movie-farmageddon/,2026-06-01T15:35:57+00:00
movie_04c27a453d86,Tusk,,,2026-06-01T15:36:02+00:00
movie_42ac0302d12d,The Hangover,,,2026-06-01T15:36:45+00:00
movie_c2f6083788ab,Skyscraper Live (2026),,https://letterboxd.com/film/skyscraper-live/,2026-06-01T15:37:33+00:00
movie_440bc81fe18a,A Time for Bravery (2025),,https://letterboxd.com/film/a-time-for-bravery/,2026-06-01T15:38:42+00:00
movie_bbdee6bf5812,Afterburn (2025),,https://letterboxd.com/film/afterburn-2025/,2026-06-01T15:38:42+00:00
movie_3f3807c84d72,Manitou's Canoe (2025),,https://letterboxd.com/film/manitous-canoe/,2026-06-01T15:38:42+00:00
movie_2a9eb4fb41b5,In the Lost Lands (2025),,https://letterboxd.com/film/in-the-lost-lands/,2026-06-01T15:38:42+00:00
movie_ece08c8dde7a,Night Call (2024),,https://letterboxd.com/film/night-call-2024/,2026-06-01T15:38:42+00:00
movie_524ba606c536,Freelance (2023),,https://letterboxd.com/film/freelance-2023/,2026-06-01T15:38:46+00:00
movie_5e3f30b432c6,The Continental: From the World of John Wick (2023),,https://letterboxd.com/film/the-continental-from-the-world-of-john-wick/,2026-06-01T15:38:46+00:00
movie_7828d2c55eb3,maboroshi (2023),,https://letterboxd.com/film/maboroshi-2023/,2026-06-01T15:38:46+00:00
movie_583dc9316b25,Next Goal Wins (2023),,https://letterboxd.com/film/next-goal-wins-2023/,2026-06-01T15:38:46+00:00
movie_b650bd3eaa02,Hidden Strike (2023),,https://letterboxd.com/film/hidden-strike/,2026-06-01T15:38:46+00:00
movie_ab96ea72ad40,I.S.S. (2023),,https://letterboxd.com/film/iss/,2026-06-01T15:38:46+00:00
movie_1bac0c366f79,Kandahar (2023),,https://letterboxd.com/film/kandahar-2023/,2026-06-01T15:38:46+00:00
movie_7bdf753dd375,Millennium Actress (2001),,https://letterboxd.com/film/millennium-actress/,2026-06-01T15:42:19+00:00
movie_fd5b27fe5c48,Let Go (2024),,https://letterboxd.com/film/let-go-2024-1/,2026-06-01T15:43:32+00:00
movie_c63d67c359dc,The Nightmare Before Christmas,,,2026-06-01T15:44:07+00:00
movie_b990873d0214,Thor: The Dark World,,,2026-06-01T15:44:11+00:00
movie_da90fc941ccb,Project X,,,2026-06-01T15:44:32+00:00
movie_b9a0d584cc71,The Moment,,,2026-06-01T15:47:38+00:00
movie_510badeadfe9,The Worst Person in the World,,,2026-06-01T15:48:10+00:00
movie_b127c6c2cbc1,The Good Bad Mother (2023),,https://letterboxd.com/film/the-good-bad-mother/,2026-06-01T15:48:44+00:00
movie_3f01afcd0c08,Extracurricular (2020),,https://letterboxd.com/film/extracurricular-2020/,2026-06-01T15:48:44+00:00
movie_0e7618dd2cdd,Mantis (2025),,https://letterboxd.com/film/mantis-2025-1/,2026-06-01T15:49:43+00:00
movie_67988299c164,My Daughter Is a Zombie (2025),,https://letterboxd.com/film/my-daughter-is-a-zombie/,2026-06-01T15:49:43+00:00
movie_cb4dbe1f92f5,Tastefully Yours (2025),,https://letterboxd.com/film/tastefully-yours/,2026-06-01T15:49:43+00:00
movie_de74086e7be1,Doctor Slump (2024),,https://letterboxd.com/film/doctor-slump/,2026-06-01T15:49:43+00:00
movie_fee14f747a8a,¿Quieres ser mi novia? (2026),,https://letterboxd.com/film/quieres-ser-mi-novia/,2026-06-01T15:50:57+00:00
movie_d8dcc60e5b9e,Merv (2025),,https://letterboxd.com/film/merv-2025/,2026-06-01T15:50:57+00:00
movie_6f7203eec550,Trap House (2025),,https://letterboxd.com/film/trap-house-2025/,2026-06-01T15:50:57+00:00
movie_663e64289bcd,A Very Jonas Christmas Movie (2025),,https://letterboxd.com/film/a-very-jonas-christmas-movie/,2026-06-01T15:50:57+00:00
movie_3fe29ea0546d,Playdate (2025),,https://letterboxd.com/film/playdate-2025/,2026-06-01T15:50:57+00:00
movie_e48e32c16a0c,Our Times (2025),,https://letterboxd.com/film/our-times-2025/,2026-06-01T15:50:57+00:00
movie_447f64a36fbf,The Life List,,,2026-06-01T15:51:01+00:00
movie_95855a878c2a,Mesa de regalos (2025),,https://letterboxd.com/film/mesa-de-regalos/,2026-06-01T15:51:01+00:00
movie_b0b8fe2c2f4f,Meet Me Next Christmas (2024),,https://letterboxd.com/film/meet-me-next-christmas/,2026-06-01T15:51:01+00:00
movie_b3671ea79408,Rez Ball (2024),,https://letterboxd.com/film/rez-ball/,2026-06-01T15:51:01+00:00
movie_1f2a37cfe51a,One Fast Move (2024),,https://letterboxd.com/film/one-fast-move/,2026-06-01T15:51:01+00:00
movie_dbf8dcf89a1f,Blame the Game (2024),,https://letterboxd.com/film/blame-the-game/,2026-06-01T15:51:01+00:00
movie_e58a14bfdbb8,Avicii - I'm Tim (2024),,https://letterboxd.com/film/avicii-im-tim/,2026-06-01T15:51:01+00:00
movie_0858859efb55,Instant Family,,,2026-06-01T15:51:16+00:00
movie_9d3545c662b8,Kylie (2026),,https://letterboxd.com/film/kylie-2026/,2026-06-01T15:52:23+00:00
movie_34a3c9951d62,Ricky Gervais: Mortality (2025),,https://letterboxd.com/film/ricky-gervais-mortality/,2026-06-01T15:52:23+00:00
movie_6360e5711958,Sharon & Ozzy Osbourne: Coming Home (2025),,https://letterboxd.com/film/sharon-ozzy-osbourne-coming-home/,2026-06-01T15:52:23+00:00
movie_c018f6462624,Spinal Tap II: The End Continues (2025),,https://letterboxd.com/film/spinal-tap-ii-the-end-continues/,2026-06-01T15:52:23+00:00
movie_5c0ac526d15a,Rivals (2024),,https://letterboxd.com/film/rivals-2024-1/,2026-06-01T15:52:23+00:00
movie_727724673396,Inside Man (2022),,https://letterboxd.com/film/inside-man-2022/,2026-06-01T15:52:27+00:00
movie_b2c6857238bc,Bombshell (2019),,https://letterboxd.com/film/bombshell-2019/,2026-06-01T15:52:27+00:00
movie_a6bd65dbe629,Rope,,,2026-06-01T15:52:35+00:00
movie_32c4ff838fc8,Adolescence,,,2026-06-01T15:52:39+00:00
movie_dff72f94ea1b,Moulin Rouge!,,,2026-06-01T15:53:21+00:00
movie_74a6b2997f56,Home Sweet Home (2025),,https://letterboxd.com/film/home-sweet-home-2025-3/,2026-06-01T15:54:00+00:00
movie_54a33eaf74b8,Copycat (1995),,https://letterboxd.com/film/copycat/,2026-06-01T15:54:04+00:00
movie_decafbb0ccf7,Total Recall (1990),,https://letterboxd.com/film/total-recall/,2026-06-01T15:54:04+00:00
movie_a48f1e822438,An Education (2009),,https://letterboxd.com/film/an-education/,2026-06-01T15:57:47+00:00
movie_100abcd727ea,Don't Worry Darling,,,2026-06-01T15:58:33+00:00
movie_5159049cfdc2,Kitbull (2019),,https://letterboxd.com/film/kitbull/,2026-06-01T15:59:13+00:00
movie_9d32bbfedd1c,The Imaginary (2023),,https://letterboxd.com/film/the-imaginary/,2026-06-01T16:00:22+00:00
movie_789bcb129a60,MaXXXine,,,2026-06-01T16:00:54+00:00
movie_483d7d2d44d0,Winter Spring Summer or Fall (2024),,https://letterboxd.com/film/winter-spring-summer-or-fall/,2026-06-01T16:02:56+00:00
movie_67bc2b5b30b9,Ginny & Georgia - The Afterparty (2021),,https://letterboxd.com/film/ginny-georgia-the-afterparty/,2026-06-01T16:02:56+00:00
movie_9248b23d7e79,Lords of Chaos (2018),,https://letterboxd.com/film/lords-of-chaos/,2026-06-01T16:02:56+00:00
movie_ef6e1398ac7d,The Cabinet of Dr. Caligari (1920),,https://letterboxd.com/film/the-cabinet-of-dr-caligari-1920/,2026-06-01T16:04:52+00:00
movie_5a6533c3d4f6,Uncut Gems,,,2026-06-01T16:04:59+00:00
movie_e2f3335ffa3a,Irreversible (2002),,https://letterboxd.com/film/irreversible/,2026-06-01T16:04:59+00:00
movie_efaf629caaa2,A.I. Artificial Intelligence (2001),,https://letterboxd.com/film/ai-artificial-intelligence/,2026-06-01T16:04:59+00:00
movie_9a3a117ac264,Meet the Parents (2000),,https://letterboxd.com/film/meet-the-parents/,2026-06-01T16:04:59+00:00
movie_9d1101d64064,Audition (1999),,https://letterboxd.com/film/audition/,2026-06-01T16:04:59+00:00
movie_44e83f9c37af,L.A. Confidential (1997),,https://letterboxd.com/film/la-confidential/,2026-06-01T16:05:04+00:00
movie_bf136bf55110,Glengarry Glen Ross (1992),,https://letterboxd.com/film/glengarry-glen-ross/,2026-06-01T16:05:04+00:00
movie_50d22a433060,Jacob's Ladder (1990),,https://letterboxd.com/film/jacobs-ladder/,2026-06-01T16:05:04+00:00
movie_e518c57407dc,Dances with Wolves (1990),,https://letterboxd.com/film/dances-with-wolves/,2026-06-01T16:05:04+00:00
movie_b3583ad467cf,Close-Up (1990),,https://letterboxd.com/film/close-up/,2026-06-01T16:05:04+00:00
movie_63be953cbe10,AVP: Alien vs. Predator (2004),,https://letterboxd.com/film/avp-alien-vs-predator/,2026-06-01T16:05:56+00:00
movie_c33a6e4afdf6,The Dark and the Wicked (2020),,https://letterboxd.com/film/the-dark-and-the-wicked/,2026-06-01T16:09:03+00:00
movie_5a3a5621d1dd,Bone Tomahawk (2015),,https://letterboxd.com/film/bone-tomahawk/,2026-06-01T16:09:06+00:00
movie_b2a738d71abc,Star Trek Into Darkness (2013),,https://letterboxd.com/film/star-trek-into-darkness/,2026-06-01T16:09:06+00:00
movie_019934d28262,Paranormal Activity 3 (2011),,https://letterboxd.com/film/paranormal-activity-3/,2026-06-01T16:09:06+00:00
movie_bc39ae480a05,The Descendants (2011),,https://letterboxd.com/film/the-descendants/,2026-06-01T16:09:06+00:00
movie_a01a86fe2faf,Man on the Moon (1999),,https://letterboxd.com/film/man-on-the-moon/,2026-06-01T16:11:23+00:00
movie_726cf386de0d,The King of Comedy,,,2026-06-01T16:11:28+00:00
movie_4eb767cd0489,The King of Comedy (1982),,https://letterboxd.com/film/the-king-of-comedy/,2026-06-01T16:11:28+00:00
movie_62967ee3c04f,The 47 (2024),,https://letterboxd.com/film/the-47/,2026-06-01T16:12:42+00:00
movie_1da9ab6830a7,Re/Member (2022),,https://letterboxd.com/film/re-member/,2026-06-01T16:13:42+00:00
movie_1d68fe733287,Hotel Mumbai (2018),,https://letterboxd.com/film/hotel-mumbai/,2026-06-01T16:13:42+00:00
movie_93fa55db538c,Solo: A Star Wars Story,,,2026-06-01T16:13:45+00:00
movie_1d46cd176f99,Jeepers Creepers 3 (2017),,https://letterboxd.com/film/jeepers-creepers-3/,2026-06-01T16:13:45+00:00
movie_3295d4c5fb5e,Adventure Time: Stakes (2015),,https://letterboxd.com/film/adventure-time-stakes/,2026-06-01T16:13:45+00:00
movie_ee82370ac1fc,Goosebumps (2015),,https://letterboxd.com/film/goosebumps/,2026-06-01T16:13:45+00:00
movie_6829e8ba2395,Cape Fear,,,2026-06-01T16:14:11+00:00
movie_452a7afc37d7,He's Just Not That Into You,,,2026-06-01T16:14:15+00:00
movie_0a8ba69d9a53,Close,,,2026-06-01T16:15:06+00:00
movie_fcb580707aa2,Barbie: The Pearl Princess (2014),,https://letterboxd.com/film/barbie-the-pearl-princess/,2026-06-01T16:15:18+00:00
movie_06569ace00ab,Barbie & Her Sisters in A Pony Tale (2013),,https://letterboxd.com/film/barbie-her-sisters-in-a-pony-tale/,2026-06-01T16:15:18+00:00
movie_cfda3a8ac075,Barbie Mariposa & the Fairy Princess (2013),,https://letterboxd.com/film/barbie-mariposa-the-fairy-princess/,2026-06-01T16:15:18+00:00
movie_66bc60acea69,Barbie: Princess Charm School (2011),,https://letterboxd.com/film/barbie-princess-charm-school/,2026-06-01T16:15:18+00:00
movie_e96fd83db9a2,Barbie: A Fashion Fairytale (2010),,https://letterboxd.com/film/barbie-a-fashion-fairytale/,2026-06-01T16:15:18+00:00
movie_faa165433887,Barbie in A Mermaid Tale (2010),,https://letterboxd.com/film/barbie-in-a-mermaid-tale/,2026-06-01T16:15:18+00:00
movie_4954506d3640,Barbie and the Three Musketeers (2009),,https://letterboxd.com/film/barbie-and-the-three-musketeers/,2026-06-01T16:15:18+00:00
movie_fed61d4cd5d2,Barbie Presents: Thumbelina (2009),,https://letterboxd.com/film/barbie-presents-thumbelina/,2026-06-01T16:15:18+00:00
movie_0dec381a5d94,Barbie in 'A Christmas Carol' (2008),,https://letterboxd.com/film/barbie-in-a-christmas-carol/,2026-06-01T16:15:18+00:00
movie_bb5861e71d95,Another Cinderella Story (2008),,https://letterboxd.com/film/another-cinderella-story/,2026-06-01T16:15:18+00:00
movie_146e22f11094,Barbie and the Diamond Castle (2008),,https://letterboxd.com/film/barbie-and-the-diamond-castle/,2026-06-01T16:15:18+00:00
movie_93e0589c762a,Barbie in the 12 Dancing Princesses (2006),,https://letterboxd.com/film/barbie-in-the-12-dancing-princesses/,2026-06-01T16:15:18+00:00
movie_0073f33b573c,Belén (2025),,https://letterboxd.com/film/belen-2025/,2026-06-01T16:17:36+00:00
movie_8515998c6bd0,Homo Argentum (2025),,https://letterboxd.com/film/homo-argentum/,2026-06-01T16:17:36+00:00
movie_7c3e22a4bb2c,The Virgin of the Quarry Lake (2025),,https://letterboxd.com/film/the-virgin-of-the-quarry-lake/,2026-06-01T16:17:36+00:00
movie_ca9446ea1a85,A Classic Horror Story (2021),,https://letterboxd.com/film/a-classic-horror-story/,2026-06-01T16:17:40+00:00
movie_946150c32dd2,Am I OK? (2022),,https://letterboxd.com/film/am-i-ok/,2026-06-01T16:18:56+00:00
movie_5630e3976ef6,Black Mirror: San Junipero (2016),,https://letterboxd.com/film/black-mirror-san-junipero/,2026-06-01T16:19:00+00:00
movie_6dabfbcc1631,Below Her Mouth (2016),,https://letterboxd.com/film/below-her-mouth/,2026-06-01T16:19:00+00:00
movie_abc7cb4a7e2d,The Host (2013),,https://letterboxd.com/film/the-host-2013/,2026-06-01T16:19:00+00:00
movie_f7b51773d8de,Amélie,,,2026-06-01T16:19:04+00:00
movie_8b242904e83e,My Little Pony: A New Generation (2021),,https://letterboxd.com/film/my-little-pony-a-new-generation/,2026-06-01T16:20:06+00:00
movie_21f499247b50,Word of Honor (2021),,https://letterboxd.com/film/word-of-honor-2021/,2026-06-01T16:20:10+00:00
movie_1012dfe1737d,The Untamed (2019),,https://letterboxd.com/film/the-untamed-2019/,2026-06-01T16:20:10+00:00
movie_dd48d2e45147,Jack the Giant Slayer (2013),,https://letterboxd.com/film/jack-the-giant-slayer/,2026-06-01T16:20:10+00:00
movie_6f9f2e2000cb,Maleficent,,,2026-06-01T16:20:31+00:00
movie_9b0b91b14cf8,Tokyo Story (1953),,https://letterboxd.com/film/tokyo-story/,2026-06-01T16:21:49+00:00
movie_704086017189,Priscilla,,,2026-06-01T16:23:35+00:00
movie_78fd4ee68438,Junji Ito Maniac: Japanese Tales of the Macabre (2023),,https://letterboxd.com/film/junji-ito-maniac-japanese-tales-of-the-macabre/,2026-06-01T16:23:43+00:00
movie_f93dd44f66f9,Young Adult Matters (2020),,https://letterboxd.com/film/young-adult-matters/,2026-06-01T16:23:43+00:00
movie_e7d0199d8edf,The Menu,,,2026-06-01T16:26:42+00:00
movie_642e4408b5f1,Overlord (2018),,https://letterboxd.com/film/overlord-2018/,2026-06-01T16:28:07+00:00
movie_f405f88336c4,Boogie Nights,,,2026-06-01T16:28:56+00:00
movie_462fc8daa963,Once Upon a Time in the West (1968),,https://letterboxd.com/film/once-upon-a-time-in-the-west/,2026-06-01T16:29:07+00:00
movie_f4d9008a9b34,Sicario,,,2026-06-01T16:30:07+00:00
movie_7ca6ad49b2aa,Project Almanac (2015),,https://letterboxd.com/film/project-almanac/,2026-06-01T16:31:33+00:00
movie_74a87773fdeb,A Good Day to Die Hard (2013),,https://letterboxd.com/film/a-good-day-to-die-hard/,2026-06-01T16:31:33+00:00
movie_3221c9ecad1d,War Horse (2011),,https://letterboxd.com/film/war-horse/,2026-06-01T16:31:33+00:00
movie_81c905a29f08,Due Date (2010),,https://letterboxd.com/film/due-date/,2026-06-01T16:31:33+00:00
movie_d166e2b32207,Get Smart (2008),,https://letterboxd.com/film/get-smart/,2026-06-01T16:31:34+00:00
movie_befee55eea0c,Signs (2002),,https://letterboxd.com/film/signs/,2026-06-01T16:31:37+00:00
movie_ee12d0b0fe87,Space Jam (1996),,https://letterboxd.com/film/space-jam/,2026-06-01T16:31:37+00:00
movie_a0dd152406e5,Die Hard With a Vengeance (1995),,https://letterboxd.com/film/die-hard-with-a-vengeance/,2026-06-01T16:31:37+00:00
movie_e58d8a6b172d,The Fugitive (1993),,https://letterboxd.com/film/the-fugitive-1993/,2026-06-01T16:31:37+00:00
movie_8d9f7f6fdb3a,The Man in the Moon (1991),,https://letterboxd.com/film/the-man-in-the-moon/,2026-06-01T16:32:35+00:00
movie_90f46926b4b1,"Batman: The Long Halloween, Part Two (2021)",,https://letterboxd.com/film/batman-the-long-halloween-part-two/,2026-06-01T16:33:41+00:00
movie_5f242d2269c0,Flee (2021),,https://letterboxd.com/film/flee-2021/,2026-06-01T16:34:49+00:00
movie_915ad47e1bb7,Monsters University,,,2026-06-01T16:34:53+00:00
movie_73d8ac357fab,Redline (2009),,https://letterboxd.com/film/redline/,2026-06-01T16:34:53+00:00
movie_8034d7a75a14,Falling in Love Like in Movies,,,2026-06-01T16:37:28+00:00
movie_9d38ac15eda0,Snowdrop (2021),,https://letterboxd.com/film/snowdrop/,2026-06-01T16:38:21+00:00
movie_bef524eda818,Angels & Demons (2009),,https://letterboxd.com/film/angels-demons/,2026-06-01T16:38:21+00:00
movie_4af02f5b533a,Valkyrie (2008),,https://letterboxd.com/film/valkyrie/,2026-06-01T16:38:21+00:00
movie_d6b9c0fcc444,Under the Tuscan Sun (2003),,https://letterboxd.com/film/under-the-tuscan-sun/,2026-06-01T16:38:21+00:00
movie_e2c3dedda784,L.A. Confidential,,,2026-06-01T16:39:16+00:00
movie_7b81433e96fe,Shelter,,,2026-06-01T16:40:23+00:00
movie_a7d7c24ff46f,Victim or Hero (2025),,https://letterboxd.com/film/victim-or-hero/,2026-06-01T16:40:23+00:00
movie_d7d180bd0ef8,Fever Dream (2024),,https://letterboxd.com/film/fever-dream-2024/,2026-06-01T16:40:23+00:00
movie_3877efba1517,2037 (2022),,https://letterboxd.com/film/2037-2022/,2026-06-01T16:40:23+00:00
movie_50a1a6d9e228,Hannah Montana: The Movie,,,2026-06-01T16:40:31+00:00
movie_a13acec0dec6,Enola Holmes 2,,,2026-06-01T16:40:49+00:00
movie_429a88eeea62,Atonement,,,2026-06-01T16:41:08+00:00
movie_5ed677131b35,Paddington,,,2026-06-01T16:41:11+00:00
movie_e2ed037c5f8c,Finding Emily (2026),,https://letterboxd.com/film/finding-emily/,2026-06-01T16:41:50+00:00
movie_acc2261c3526,Velvet Buzzsaw (2019),,https://letterboxd.com/film/velvet-buzzsaw/,2026-06-01T16:41:55+00:00
movie_a38f5ee228a5,The Cloverfield Paradox (2018),,https://letterboxd.com/film/the-cloverfield-paradox/,2026-06-01T16:41:55+00:00
movie_4b6525aebdcf,Non-Stop (2014),,https://letterboxd.com/film/non-stop-2014/,2026-06-01T16:43:08+00:00
movie_5359c5313a42,The Imitation Game,,,2026-06-01T16:44:04+00:00
movie_11f006d981c5,Papillon (2017),,https://letterboxd.com/film/papillon-2017/,2026-06-01T16:44:13+00:00
movie_0136acf004b1,Wanted (2008),,https://letterboxd.com/film/wanted-2008/,2026-06-01T16:44:13+00:00
movie_7c40d10a83e2,Hannibal Rising (2007),,https://letterboxd.com/film/hannibal-rising/,2026-06-01T16:44:13+00:00
movie_232ccd79fb18,Adventure Time (2007),,https://letterboxd.com/film/adventure-time/,2026-06-01T16:44:13+00:00
movie_99a3439840ee,Secret Window (2004),,https://letterboxd.com/film/secret-window/,2026-06-01T16:44:17+00:00
movie_5233112a30ac,Letters to Juliet,,,2026-06-01T16:45:36+00:00
movie_e897babd72fe,Patriot,,,2026-06-01T16:46:31+00:00
movie_f0a5b1717d9f,Kantara - A Legend: Chapter 1 (2025),,https://letterboxd.com/film/kantara-a-legend-chapter-1/,2026-06-01T16:46:31+00:00
movie_430570198e80,Alappuzha Gymkhana (2025),,https://letterboxd.com/film/alappuzha-gymkhana/,2026-06-01T16:46:31+00:00
movie_76828121d444,L2: Empuraan (2025),,https://letterboxd.com/film/l2-empuraan/,2026-06-01T16:46:31+00:00
movie_f959af413c23,Officer on Duty (2025),,https://letterboxd.com/film/officer-on-duty/,2026-06-01T16:46:31+00:00
movie_e2d443b92c07,Marco (2024),,https://letterboxd.com/film/marco-2024/,2026-06-01T16:46:31+00:00
movie_75d851158f6b,Rifle Club (2024),,https://letterboxd.com/film/rifle-club/,2026-06-01T16:46:31+00:00
movie_8e9146e49670,Vaazha (2024),,https://letterboxd.com/film/vaazha/,2026-06-01T16:46:31+00:00
movie_dcef04466649,The Goat Life (2024),,https://letterboxd.com/film/the-goat-life/,2026-06-01T16:46:31+00:00
movie_389b0cc61a2a,Captain Miller (2024),,https://letterboxd.com/film/captain-miller/,2026-06-01T16:46:31+00:00
movie_9d0e06ca56ca,Bhoothakaalam (2022),,https://letterboxd.com/film/bhoothakaalam/,2026-06-01T16:46:35+00:00
movie_7e4270f7e1db,Pushpa: The Rise (2021),,https://letterboxd.com/film/pushpa-the-rise/,2026-06-01T16:46:35+00:00
movie_f738097bc606,Minnal Murali (2021),,https://letterboxd.com/film/minnal-murali/,2026-06-01T16:46:35+00:00
movie_ca4325e9ee94,Demon Slayer: Kimetsu no Yaiba - Tsuzumi Mansion Arc (2021),,https://letterboxd.com/film/demon-slayer-kimetsu-no-yaiba-tsuzumi-mansion-arc/,2026-06-01T16:46:35+00:00
movie_dfb13554d6b0,#Home (2021),,https://letterboxd.com/film/home-2021-3/,2026-06-01T16:46:35+00:00
movie_58dce6553061,Drishyam 2 (2021),,https://letterboxd.com/film/drishyam-2/,2026-06-01T16:46:35+00:00
movie_a6a79ca0fde0,Demon Slayer: Kimetsu no Yaiba - The Hashira Meeting Arc (2020),,https://letterboxd.com/film/demon-slayer-kimetsu-no-yaiba-the-hashira/,2026-06-01T16:46:35+00:00
movie_efc0329eab3f,Demon Slayer: Kimetsu no Yaiba Mt. Natagumo Arc (2020),,https://letterboxd.com/film/demon-slayer-kimetsu-no-yaiba-mt-natagumo-arc/,2026-06-01T16:46:35+00:00
movie_4301a1d13857,Ayyappanum Koshiyum (2020),,https://letterboxd.com/film/ayyappanum-koshiyum/,2026-06-01T16:46:35+00:00
movie_bd5749684dfc,Lucifer (2019),,https://letterboxd.com/film/lucifer-2019/,2026-06-01T16:46:35+00:00
movie_c1d3a67418fd,Empire Records (1995),,https://letterboxd.com/film/empire-records/,2026-06-01T16:47:27+00:00
movie_faa324c84253,Gretel & Hansel (2020),,https://letterboxd.com/film/gretel-hansel/,2026-06-01T16:48:31+00:00
movie_45e3fd886e03,The Game Plan (2007),,https://letterboxd.com/film/the-game-plan/,2026-06-01T16:48:35+00:00
movie_11363c80d545,Malcolm X (1992),,https://letterboxd.com/film/malcolm-x-1992/,2026-06-01T16:49:38+00:00
movie_76854fdf03d4,Gaga Chromatica Ball (2024),,https://letterboxd.com/film/gaga-chromatica-ball-2024/,2026-06-01T16:50:43+00:00
movie_09dd4577c84f,My Big Fat Greek Wedding 3 (2023),,https://letterboxd.com/film/my-big-fat-greek-wedding-3/,2026-06-01T16:50:43+00:00
movie_55d46b441f26,Louis Tomlinson: All of Those Voices (2023),,https://letterboxd.com/film/louis-tomlinson-all-of-those-voices/,2026-06-01T16:50:43+00:00
movie_015b7ec5530f,Rye Lane (2023),,https://letterboxd.com/film/rye-lane/,2026-06-01T16:50:43+00:00
movie_113c60b4a8a3,Love & Gelato (2022),,https://letterboxd.com/film/love-gelato/,2026-06-01T16:50:43+00:00
movie_5fed5b0a635c,The Disastrous Life of Saiki K.: Reawakened (2019),,https://letterboxd.com/film/the-disastrous-life-of-saiki-k-reawakened/,2026-06-01T16:53:10+00:00
movie_876f24fd4af8,Hunter x Hunter: Phantom Rouge (2013),,https://letterboxd.com/film/hunter-x-hunter-phantom-rouge/,2026-06-01T16:53:10+00:00
movie_74da97314b30,Candy (2006),,https://letterboxd.com/film/candy-2006/,2026-06-01T16:53:10+00:00
movie_b1d7992d368d,Frankie and Johnny (1991),,https://letterboxd.com/film/frankie-and-johnny-1991/,2026-06-01T16:53:13+00:00
movie_f3a869667ecb,...And Justice for All (1979),,https://letterboxd.com/film/and-justice-for-all/,2026-06-01T16:53:13+00:00
movie_1429b5319300,Serpico (1973),,https://letterboxd.com/film/serpico/,2026-06-01T16:53:13+00:00
movie_b53ef7bee694,LOL 2.0: Anne’s Golden Hour (2026),,https://letterboxd.com/film/lol-20-annes-golden-hour/,2026-06-01T16:55:49+00:00
movie_4e640ffdbecd,A Place for Her (2025),,https://letterboxd.com/film/a-place-for-her/,2026-06-01T16:55:49+00:00
movie_a60ad2e4f7ab,Palestine 36 (2025),,https://letterboxd.com/film/palestine-36/,2026-06-01T16:55:49+00:00
movie_63c4459409a9,We Will Go (2025),,https://letterboxd.com/film/we-will-go/,2026-06-01T16:55:49+00:00
movie_56686dc990e5,When Fall Is Coming (2024),,https://letterboxd.com/film/when-fall-is-coming/,2026-06-01T16:55:49+00:00
movie_f7b24293b59f,An Ordinary Case (2024),,https://letterboxd.com/film/an-ordinary-case/,2026-06-01T16:55:52+00:00
movie_66799f6edf97,Armand (2024),,https://letterboxd.com/film/armand/,2026-06-01T16:55:52+00:00
movie_5c2743f74bc0,Ghost Trail (2024),,https://letterboxd.com/film/ghost-trail/,2026-06-01T16:55:52+00:00
movie_11b670a3a272,Talladega Nights: The Ballad of Ricky Bobby (2006),,https://letterboxd.com/film/talladega-nights-the-ballad-of-ricky-bobby/,2026-06-01T16:58:01+00:00
movie_56ec9d6d2f48,The Purge,,,2026-06-01T16:59:00+00:00
movie_8c52213fa470,Burrow (2020),,https://letterboxd.com/film/burrow/,2026-06-01T16:59:13+00:00
movie_5de6c5aa26db,Talk to Me,,,2026-06-01T16:59:18+00:00
movie_85befdb56a02,Gremlins,,,2026-06-01T16:59:22+00:00
movie_2b44a1dfdc68,John Wick: Chapter 2,,,2026-06-01T17:00:07+00:00
movie_5f2b02885fd4,Footloose (2011),,https://letterboxd.com/film/footloose-2011/,2026-06-01T17:05:32+00:00
movie_ec02eeb80100,Camp Rock 2: The Final Jam (2010),,https://letterboxd.com/film/camp-rock-2-the-final-jam/,2026-06-01T17:05:32+00:00
movie_58942ab41561,Sleepover (2004),,https://letterboxd.com/film/sleepover/,2026-06-01T17:05:36+00:00
movie_a1bad89ff5d6,Mermaids (1990),,https://letterboxd.com/film/mermaids/,2026-06-01T17:05:36+00:00
movie_cf54043f50ce,Footloose (1984),,https://letterboxd.com/film/footloose/,2026-06-01T17:05:36+00:00
movie_968d368a5499,Tokyo Godfathers,,,2026-06-01T17:06:26+00:00
movie_3e321a4f769f,Dorohedoro (2020),,https://letterboxd.com/film/dorohedoro/,2026-06-01T17:06:34+00:00
movie_1ac640f6ceb2,Parasyte -the maxim- (2014),,https://letterboxd.com/film/parasyte-the-maxim/,2026-06-01T17:06:39+00:00
movie_cb6917621384,"Red, White & Royal Blue",,,2026-06-01T17:08:02+00:00
movie_04863d3ce5a9,Number One (2026),,https://letterboxd.com/film/number-one-2026/,2026-06-01T17:09:13+00:00
movie_d33a88682d2e,Night of the Reaper (2025),,https://letterboxd.com/film/night-of-the-reaper-2025/,2026-06-01T17:09:13+00:00
movie_4364ce4871fd,The Perfect Egg. (2025),,https://letterboxd.com/film/the-perfect-egg/,2026-06-01T17:09:13+00:00
movie_b3010c9ef780,Yadang: The Snitch (2025),,https://letterboxd.com/film/yadang-the-snitch/,2026-06-01T17:09:13+00:00
movie_58af1409c808,"The Pig, the Snake and the Pigeon (2023)",,https://letterboxd.com/film/the-pig-the-snake-and-the-pigeon/,2026-06-01T17:09:13+00:00
movie_8d3ecec1eb99,Don't Buy the Seller (2023),,https://letterboxd.com/film/dont-buy-the-seller/,2026-06-01T17:09:13+00:00
movie_8d6526324f8b,The Childe (2023),,https://letterboxd.com/film/the-childe/,2026-06-01T17:09:13+00:00
movie_256000bb54fe,You & Me & Me (2023),,https://letterboxd.com/film/you-me-me/,2026-06-01T17:09:13+00:00
movie_e5c4ee9fde80,OMG! Oh My Girl (2022),,https://letterboxd.com/film/omg-oh-my-girl/,2026-06-01T17:09:13+00:00
movie_a6d20bea1dec,Project Wolf Hunting (2022),,https://letterboxd.com/film/project-wolf-hunting/,2026-06-01T17:09:13+00:00
movie_43b0ccf04a91,The Immaculate Room (2022),,https://letterboxd.com/film/the-immaculate-room/,2026-06-01T17:09:13+00:00
movie_7c3313234883,Clifford the Big Red Dog (2021),,https://letterboxd.com/film/clifford-the-big-red-dog/,2026-06-01T17:09:16+00:00
movie_d12d9008f410,Innocence (2020),,https://letterboxd.com/film/innocence-2020/,2026-06-01T17:09:16+00:00
movie_5a8318315476,Friend Zone (2019),,https://letterboxd.com/film/friend-zone/,2026-06-01T17:09:16+00:00
movie_de250de40b72,The Founder,,,2026-06-01T17:09:45+00:00
movie_f70c03f4c470,Business Proposal,,,2026-06-01T17:10:11+00:00
movie_94070df70ba1,Summer of 84 (2018),,https://letterboxd.com/film/summer-of-84/,2026-06-01T17:10:56+00:00
movie_0ee4e4dd9fab,12 Years a Slave,,,2026-06-01T17:11:01+00:00
movie_9d7b0b8ce26c,Kids (1995),,https://letterboxd.com/film/kids/,2026-06-01T17:11:01+00:00
movie_f1e377159f0d,Freaky Friday,,,2026-06-01T17:11:20+00:00
movie_415ced6f95a4,Bowie: The Final Act (2025),,https://letterboxd.com/film/bowie-the-final-act/,2026-06-01T17:12:18+00:00
movie_3b1d78e5d2e8,Mr. K (2024),,https://letterboxd.com/film/mr-k-2024/,2026-06-01T17:12:22+00:00
movie_048280ae9af0,Midnight Vampire (2024),,https://letterboxd.com/film/midnight-vampire-2024/,2026-06-01T17:12:22+00:00
movie_419466ca5131,The Mouse Trap (2024),,https://letterboxd.com/film/the-mouse-trap/,2026-06-01T17:12:22+00:00
movie_93fe5a18e518,The Bricklayer (2023),,https://letterboxd.com/film/the-bricklayer-2023/,2026-06-01T17:12:22+00:00
movie_8d90aa8075f8,57 Seconds (2023),,https://letterboxd.com/film/57-seconds/,2026-06-01T17:12:22+00:00
movie_99cf3051c91e,Road House,,,2026-06-01T17:13:49+00:00
movie_f9187809a5ce,Lucy,,,2026-06-01T17:14:23+00:00
movie_50c933cef411,Guardians of the Galaxy Vol. 2,,,2026-06-05T16:59:26+00:00
movie_fdcb82d86546,Guardians of the Galaxy Vol. 2 (2017),,https://letterboxd.com/film/guardians-of-the-galaxy-vol-2/,2026-06-05T16:59:26+00:00
movie_83c5ebde4b0c,Dunkirk (2017),,https://letterboxd.com/film/dunkirk-2017/,2026-06-05T16:59:26+00:00
movie_6ba5777b277b,Companion (2025),,https://letterboxd.com/film/companion-2025/,2026-06-05T16:59:26+00:00
movie_3238dbc4a479,Zootopia 2,,,2026-06-05T16:59:38+00:00
movie_8160b89acd73,Zootopia 2 (2025),,https://letterboxd.com/film/zootopia-2/,2026-06-05T16:59:38+00:00
movie_81f7ba5c4398,Marty Supreme (2025),,https://letterboxd.com/film/marty-supreme/,2026-06-05T16:59:38+00:00
movie_c844a814c20f,One Battle After Another (2025),,https://letterboxd.com/film/one-battle-after-another/,2026-06-05T16:59:38+00:00
movie_33f5bbb1e000,Obsession (2025),,https://letterboxd.com/film/obsession-2025-2/,2026-06-05T16:59:38+00:00
movie_dc8c05f5e47e,Wake Up Dead Man (2025),,https://letterboxd.com/film/wake-up-dead-man/,2026-06-05T16:59:38+00:00
movie_ef5e696ae77f,Frankenstein (2025),,https://letterboxd.com/film/frankenstein-2025/,2026-06-05T16:59:38+00:00
movie_b99571974530,Hamnet (2025),,https://letterboxd.com/film/hamnet/,2026-06-05T16:59:38+00:00
movie_b5ed9c1fb50f,Bugonia (2025),,https://letterboxd.com/film/bugonia/,2026-06-05T16:59:38+00:00
movie_7f567902dd69,Weapons (2025),,https://letterboxd.com/film/weapons-2025/,2026-06-05T16:59:38+00:00
movie_3ee0ffb1efb0,The Fantastic 4: First Steps (2025),,https://letterboxd.com/film/the-fantastic-4-first-steps/,2026-06-05T16:59:38+00:00
movie_dab003b338f0,KPop Demon Hunters (2025),,https://letterboxd.com/film/kpop-demon-hunters/,2026-06-05T16:59:38+00:00
movie_e22fd77c2aab,Superman (2025),,https://letterboxd.com/film/superman-2025/,2026-06-05T16:59:38+00:00
movie_96667e61edd3,F1 (2025),,https://letterboxd.com/film/f1/,2026-06-05T16:59:38+00:00
movie_0ca4f3dd3a15,Thunderbolts* (2025),,https://letterboxd.com/film/thunderbolts/,2026-06-05T16:59:38+00:00
movie_d61c7a4e8a27,Sinners (2025),,https://letterboxd.com/film/sinners-2025/,2026-06-05T16:59:38+00:00
movie_17a6a7e0df6b,Mickey 17 (2025),,https://letterboxd.com/film/mickey-17/,2026-06-05T16:59:38+00:00
movie_6528dbc76ec3,Nosferatu (2024),,https://letterboxd.com/film/nosferatu-2024/,2026-06-05T16:59:38+00:00
movie_07786377e0d7,Wicked (2024),,https://letterboxd.com/film/wicked-2024/,2026-06-05T16:59:38+00:00
movie_90cf65027f92,Conclave (2024),,https://letterboxd.com/film/conclave/,2026-06-05T16:59:38+00:00
movie_cedf3febb0bc,Deadpool & Wolverine (2024),,https://letterboxd.com/film/deadpool-wolverine/,2026-06-05T16:59:38+00:00
movie_266cb3eb0237,Longlegs (2024),,https://letterboxd.com/film/longlegs/,2026-06-05T16:59:38+00:00
movie_34fa33b670e6,Inside Out 2 (2024),,https://letterboxd.com/film/inside-out-2-2024/,2026-06-05T16:59:38+00:00
movie_5b93664b03e3,Anora (2024),,https://letterboxd.com/film/anora/,2026-06-05T16:59:38+00:00
movie_458701a6a62a,The Substance (2024),,https://letterboxd.com/film/the-substance/,2026-06-05T16:59:38+00:00
movie_ebe576a5f7ff,Challengers (2024),,https://letterboxd.com/film/challengers/,2026-06-05T16:59:38+00:00
movie_c4e410a30a47,Dune: Part Two (2024),,https://letterboxd.com/film/dune-part-two/,2026-06-05T16:59:38+00:00
movie_fca091f43587,The Hunger Games: The Ballad of Songbirds & Snakes (2023),,https://letterboxd.com/film/the-hunger-games-the-ballad-of-songbirds-snakes/,2026-06-05T16:59:38+00:00
movie_3159cc37d835,Poor Things (2023),,https://letterboxd.com/film/poor-things-2023/,2026-06-05T16:59:38+00:00
movie_8cc8be79e8d2,The Holdovers (2023),,https://letterboxd.com/film/the-holdovers/,2026-06-05T16:59:38+00:00
movie_c85dda6ce167,Saltburn (2023),,https://letterboxd.com/film/saltburn/,2026-06-05T16:59:38+00:00
movie_5444cb6d1937,Oppenheimer (2023),,https://letterboxd.com/film/oppenheimer-2023/,2026-06-05T16:59:38+00:00
movie_3a62d507277f,Barbie (2023),,https://letterboxd.com/film/barbie/,2026-06-05T16:59:38+00:00
movie_725d0340b50a,Spider-Man: Across the Spider-Verse (2023),,https://letterboxd.com/film/spider-man-across-the-spider-verse/,2026-06-05T16:59:38+00:00
movie_d044bdc24244,Anatomy of a Fall (2023),,https://letterboxd.com/film/anatomy-of-a-fall/,2026-06-05T16:59:38+00:00
movie_5f7ff585f0b7,Guardians of the Galaxy Vol. 3 (2023),,https://letterboxd.com/film/guardians-of-the-galaxy-vol-3/,2026-06-05T16:59:38+00:00
movie_32c7fe1db1af,Past Lives (2023),,https://letterboxd.com/film/past-lives/,2026-06-05T16:59:38+00:00
movie_6fbd3c8ceb7e,Avatar: The Way of Water (2022),,https://letterboxd.com/film/avatar-the-way-of-water/,2026-06-05T16:59:38+00:00
movie_0ce8c0f5ac3b,Puss in Boots: The Last Wish (2022),,https://letterboxd.com/film/puss-in-boots-the-last-wish/,2026-06-05T16:59:38+00:00
movie_6a5567afcdef,Glass Onion (2022),,https://letterboxd.com/film/glass-onion/,2026-06-05T16:59:38+00:00
movie_f4c6be2e04d3,The Menu (2022),,https://letterboxd.com/film/the-menu-2022/,2026-06-05T16:59:38+00:00
movie_e07b59ba066a,Pearl (2022),,https://letterboxd.com/film/pearl-2022/,2026-06-05T16:59:38+00:00
movie_9be0a6adb0f6,Bullet Train (2022),,https://letterboxd.com/film/bullet-train/,2026-06-05T16:59:38+00:00
movie_12638ea31b41,Nope (2022),,https://letterboxd.com/film/nope/,2026-06-05T16:59:38+00:00
movie_d22ad5315c74,Aftersun (2022),,https://letterboxd.com/film/aftersun/,2026-06-05T16:59:38+00:00
movie_fbee6e823bb9,Top Gun: Maverick (2022),,https://letterboxd.com/film/top-gun-maverick/,2026-06-05T16:59:38+00:00
movie_e1e6e62fd5f6,Doctor Strange in the Multiverse of Madness (2022),,https://letterboxd.com/film/doctor-strange-in-the-multiverse-of-madness/,2026-06-05T16:59:38+00:00
movie_cce935e73597,X (2022),,https://letterboxd.com/film/x-2022/,2026-06-05T16:59:38+00:00
movie_ada912dea4a8,Everything Everywhere All at Once (2022),,https://letterboxd.com/film/everything-everywhere-all-at-once/,2026-06-05T16:59:38+00:00
movie_dfa06e2a803c,The Batman (2022),,https://letterboxd.com/film/the-batman/,2026-06-05T16:59:38+00:00
movie_c25046f431c2,Spider-Man: No Way Home (2021),,https://letterboxd.com/film/spider-man-no-way-home/,2026-06-05T16:59:38+00:00
movie_26e82af9a10c,Don't Look Up (2021),,https://letterboxd.com/film/dont-look-up-2021/,2026-06-05T16:59:38+00:00
movie_9568eca66f71,Dune (2021),,https://letterboxd.com/film/dune-2021/,2026-06-05T16:59:38+00:00
movie_483c8fca1e2d,Soul (2020),,https://letterboxd.com/film/soul-2020/,2026-06-05T16:59:38+00:00
movie_887b7800e51e,Little Women (2019),,https://letterboxd.com/film/little-women-2019/,2026-06-05T16:59:38+00:00
movie_29c8d8aba972,1917 (2019),,https://letterboxd.com/film/1917/,2026-06-05T16:59:38+00:00
movie_9038b879d137,Jojo Rabbit (2019),,https://letterboxd.com/film/jojo-rabbit/,2026-06-05T16:59:38+00:00
movie_caba8a39e813,Knives Out (2019),,https://letterboxd.com/film/knives-out-2019/,2026-06-05T16:59:38+00:00
movie_8d77f5de807b,Joker (2019),,https://letterboxd.com/film/joker-2019/,2026-06-05T16:59:38+00:00
movie_0ed17ec5eda8,Uncut Gems (2019),,https://letterboxd.com/film/uncut-gems/,2026-06-05T16:59:38+00:00
movie_ff07ecb6507e,Spider-Man: Far From Home (2019),,https://letterboxd.com/film/spider-man-far-from-home/,2026-06-05T16:59:38+00:00
movie_6ec0a2c70213,Midsommar (2019),,https://letterboxd.com/film/midsommar/,2026-06-05T16:59:38+00:00
movie_f2bc0b1b6046,Once Upon a Time... in Hollywood (2019),,https://letterboxd.com/film/once-upon-a-time-in-hollywood/,2026-06-05T16:59:38+00:00
movie_b2667582e263,Parasite (2019),,https://letterboxd.com/film/parasite-2019/,2026-06-05T16:59:38+00:00
movie_b93bd80320b8,The Lighthouse (2019),,https://letterboxd.com/film/the-lighthouse-2019/,2026-06-05T16:59:38+00:00
movie_5ff34f46312d,Avengers: Endgame (2019),,https://letterboxd.com/film/avengers-endgame/,2026-06-05T16:59:38+00:00
movie_73b43ab76445,Us (2019),,https://letterboxd.com/film/us-2019/,2026-06-05T16:59:38+00:00
movie_92f9e6661bb2,Spider-Man: Into the Spider-Verse (2018),,https://letterboxd.com/film/spider-man-into-the-spider-verse/,2026-06-05T16:59:38+00:00
movie_15f24c34fbe4,Beautiful Boy (2018),,https://letterboxd.com/film/beautiful-boy-2018/,2026-06-05T16:59:38+00:00
movie_1fcc6ccca7eb,Avengers: Infinity War (2018),,https://letterboxd.com/film/avengers-infinity-war/,2026-06-05T16:59:38+00:00
movie_3f1c326e1684,Black Panther (2018),,https://letterboxd.com/film/black-panther/,2026-06-05T16:59:38+00:00
movie_fc1138c65849,Hereditary (2018),,https://letterboxd.com/film/hereditary/,2026-06-05T16:59:38+00:00
movie_77007a1fb2cc,Prisoners,,,2026-06-05T16:59:49+00:00
movie_4b1e49a34094,La La Land,,,2026-06-05T16:59:55+00:00
movie_19287ce3aea8,The Big Lebowski,,,2026-06-05T17:00:57+00:00
movie_fc29dc4b3388,The Big Lebowski (1998),,https://letterboxd.com/film/the-big-lebowski/,2026-06-05T17:00:57+00:00
movie_7186ad2a8741,Donnie Darko (2001),,https://letterboxd.com/film/donnie-darko/,2026-06-05T17:00:57+00:00
movie_7337e829d81b,There Will Be Blood (2007),,https://letterboxd.com/film/there-will-be-blood/,2026-06-05T17:00:57+00:00
movie_be2a9c8e4669,Star Wars: The Mandalorian and Grogu,,,2026-06-05T17:01:08+00:00
movie_ef4f17e91059,Star Wars: The Mandalorian and Grogu (2026),,https://letterboxd.com/film/star-wars-the-mandalorian-and-grogu/,2026-06-05T17:01:08+00:00
movie_210b509ef87d,Backrooms (2026),,https://letterboxd.com/film/backrooms-2026/,2026-06-05T17:01:08+00:00
movie_0c88cae5a200,The Sheep Detectives (2026),,https://letterboxd.com/film/the-sheep-detectives/,2026-06-05T17:01:08+00:00
movie_013fc9446ecf,Michael (2026),,https://letterboxd.com/film/michael-2026/,2026-06-05T17:01:08+00:00
movie_ee3c31396b08,The Drama (2026),,https://letterboxd.com/film/the-drama/,2026-06-05T17:01:08+00:00
movie_450a4b798899,Project Hail Mary (2026),,https://letterboxd.com/film/project-hail-mary/,2026-06-05T17:01:08+00:00
movie_09dc204d4f0f,The Bride! (2026),,https://letterboxd.com/film/the-bride-2026/,2026-06-05T17:01:08+00:00
movie_e18af3485a4f,Wuthering Heights (2026),,https://letterboxd.com/film/wuthering-heights-2026/,2026-06-05T17:01:08+00:00
movie_974d12c07a61,The Rip (2026),,https://letterboxd.com/film/the-rip-2026/,2026-06-05T17:01:08+00:00
movie_23a2cb71790b,Stranger Things 5: The Finale (2025),,https://letterboxd.com/film/stranger-things-5-the-finale/,2026-06-05T17:01:08+00:00
movie_3ff0917b59a7,Five Nights at Freddy's 2 (2025),,https://letterboxd.com/film/five-nights-at-freddys-2/,2026-06-05T17:01:08+00:00
movie_7220d24ebc6e,Avatar: Fire and Ash (2025),,https://letterboxd.com/film/avatar-fire-and-ash/,2026-06-05T17:01:08+00:00
movie_34436252f567,Wicked: For Good (2025),,https://letterboxd.com/film/wicked-for-good/,2026-06-05T17:01:08+00:00
movie_78f4ddce6e3e,The Conjuring: Last Rites (2025),,https://letterboxd.com/film/the-conjuring-last-rites/,2026-06-05T17:01:08+00:00
movie_0585f7ef90bf,Caught Stealing (2025),,https://letterboxd.com/film/caught-stealing/,2026-06-05T17:01:08+00:00
movie_6f306ec3b4fd,Happy Gilmore 2 (2025),,https://letterboxd.com/film/happy-gilmore-2/,2026-06-05T17:01:08+00:00
movie_b82b02bbe797,Jurassic World Rebirth (2025),,https://letterboxd.com/film/jurassic-world-rebirth/,2026-06-05T17:01:08+00:00
movie_1f220d5cae3f,Lilo & Stitch (2025),,https://letterboxd.com/film/lilo-stitch-2025/,2026-06-05T17:01:08+00:00
movie_ed4626a25068,Eddington (2025),,https://letterboxd.com/film/eddington/,2026-06-05T17:01:08+00:00
movie_81c156403dd2,A Minecraft Movie (2025),,https://letterboxd.com/film/a-minecraft-movie/,2026-06-05T17:01:08+00:00
movie_33c4d3b21f1d,A Complete Unknown (2024),,https://letterboxd.com/film/a-complete-unknown/,2026-06-05T17:01:08+00:00
movie_1c7d080e0039,Carry-On (2024),,https://letterboxd.com/film/carry-on-2024/,2026-06-05T17:01:08+00:00
movie_a4c7f895ebe6,Moana 2 (2024),,https://letterboxd.com/film/moana-2/,2026-06-05T17:01:09+00:00
movie_07bc0486b248,Red One (2024),,https://letterboxd.com/film/red-one/,2026-06-05T17:01:09+00:00
movie_5ae8a0533de3,Venom: The Last Dance (2024),,https://letterboxd.com/film/venom-the-last-dance/,2026-06-05T17:01:09+00:00
movie_dd622643e113,Friendship (2024),,https://letterboxd.com/film/friendship-2024/,2026-06-05T17:01:09+00:00
movie_25a55d3e8281,Heretic (2024),,https://letterboxd.com/film/heretic-2024/,2026-06-05T17:01:09+00:00
movie_c606730c2a10,Joker: Folie à Deux (2024),,https://letterboxd.com/film/joker-folie-a-deux/,2026-06-05T17:01:09+00:00
movie_65092e155a3a,The Brutalist (2024),,https://letterboxd.com/film/the-brutalist/,2026-06-05T17:01:09+00:00
movie_d34a19ddf815,Saturday Night (2024),,https://letterboxd.com/film/saturday-night-2024/,2026-06-05T17:01:09+00:00
movie_40edaca55dc6,Despicable Me 4 (2024),,https://letterboxd.com/film/despicable-me-4/,2026-06-05T17:01:09+00:00
movie_d0ced3ea68b6,Bad Boys: Ride or Die (2024),,https://letterboxd.com/film/bad-boys-ride-or-die/,2026-06-05T17:01:09+00:00
movie_5e60daa18079,The Apprentice (2024),,https://letterboxd.com/film/the-apprentice-2024/,2026-06-05T17:01:09+00:00
movie_5497134db5a6,Emilia Pérez (2024),,https://letterboxd.com/film/emilia-perez/,2026-06-05T17:01:09+00:00
movie_6555b6ad0c5e,Furiosa: A Mad Max Saga (2024),,https://letterboxd.com/film/furiosa-a-mad-max-saga/,2026-06-05T17:01:09+00:00
movie_359c2e7093d8,Baby Reindeer (2024),,https://letterboxd.com/film/baby-reindeer/,2026-06-05T17:01:09+00:00
movie_9ab1259962f3,Godzilla × Kong: The New Empire (2024),,https://letterboxd.com/film/godzilla-kong-the-new-empire/,2026-06-05T17:01:09+00:00
movie_8506a2509936,Civil War (2024),,https://letterboxd.com/film/civil-war-2024/,2026-06-05T17:01:09+00:00
movie_a8bb32f12539,The Fall Guy (2024),,https://letterboxd.com/film/the-fall-guy-2024/,2026-06-05T17:01:09+00:00
movie_af1c1f3baeb5,Monkey Man (2024),,https://letterboxd.com/film/monkey-man/,2026-06-05T17:01:09+00:00
movie_4287f0cc36a3,Wonka (2023),,https://letterboxd.com/film/wonka/,2026-06-05T17:01:09+00:00
movie_c2422bda0d50,Napoleon (2023),,https://letterboxd.com/film/napoleon-2023/,2026-06-05T17:01:09+00:00
movie_8d3e2f125c32,The Iron Claw (2023),,https://letterboxd.com/film/the-iron-claw-2023/,2026-06-05T17:01:09+00:00
movie_3530afebc5c0,Godzilla Minus One (2023),,https://letterboxd.com/film/godzilla-minus-one/,2026-06-05T17:01:09+00:00
movie_68d6ce981841,Leave the World Behind (2023),,https://letterboxd.com/film/leave-the-world-behind-2023/,2026-06-05T17:01:09+00:00
movie_89db0f185eb3,Five Nights at Freddy's (2023),,https://letterboxd.com/film/five-nights-at-freddys/,2026-06-05T17:01:09+00:00
movie_f859132051e2,American Fiction (2023),,https://letterboxd.com/film/american-fiction/,2026-06-05T17:01:09+00:00
movie_f8db1494ced7,Hit Man (2023),,https://letterboxd.com/film/hit-man-2023/,2026-06-05T17:01:09+00:00
movie_461e67c35cc5,Priscilla (2023),,https://letterboxd.com/film/priscilla/,2026-06-05T17:01:09+00:00
movie_d8f9672aba9d,Maestro (2023),,https://letterboxd.com/film/maestro-2023/,2026-06-05T17:01:09+00:00
movie_bfd5e2aae352,The Wonderful Story of Henry Sugar (2023),,https://letterboxd.com/film/the-wonderful-story-of-henry-sugar/,2026-06-05T17:01:09+00:00
movie_d936256fc9e3,Superbad,,,2026-06-05T17:02:05+00:00
movie_c9e035933593,Pride & Prejudice (2005),,https://letterboxd.com/film/pride-prejudice/,2026-06-05T17:02:05+00:00
movie_c4cb07780124,About Time (2013),,https://letterboxd.com/film/about-time/,2026-06-05T17:02:05+00:00
movie_e6307f4757e0,After Hours,,,2026-06-05T17:02:06+00:00
movie_871fea660f35,The Devil Wears Prada 2,,,2026-06-05T17:02:19+00:00
movie_5d698159a979,The Devil Wears Prada 2 (2026),,https://letterboxd.com/film/the-devil-wears-prada-2/,2026-06-05T17:02:19+00:00
movie_902ec4ba7985,Chainsaw Man – The Movie: Reze Arc (2025),,https://letterboxd.com/film/chainsaw-man-the-movie-reze-arc/,2026-06-05T17:02:19+00:00
movie_e3764b2549f2,100 METERS (2025),,https://letterboxd.com/film/100-meters-2025/,2026-06-05T17:02:19+00:00
movie_e4e8f07e8f5e,Mission: Impossible – The Final Reckoning (2025),,https://letterboxd.com/film/mission-impossible-the-final-reckoning/,2026-06-05T17:02:19+00:00
movie_d356806ca5d0,Look Back (2024),,https://letterboxd.com/film/look-back-2024/,2026-06-05T17:02:19+00:00
movie_64c9f6769b54,How to Make Millions Before Grandma Dies (2024),,https://letterboxd.com/film/how-to-make-millions-before-grandma-dies/,2026-06-05T17:02:19+00:00
movie_adca27f3a865,A Real Pain (2024),,https://letterboxd.com/film/a-real-pain/,2026-06-05T17:02:19+00:00
movie_4bd2675247f7,Anyone But You (2023),,https://letterboxd.com/film/anyone-but-you/,2026-06-05T17:02:19+00:00
movie_0b7b6d3e4953,The Boys in the Boat (2023),,https://letterboxd.com/film/the-boys-in-the-boat/,2026-06-05T17:02:19+00:00
movie_7942abbac2ce,The Boy and the Heron (2023),,https://letterboxd.com/film/the-boy-and-the-heron/,2026-06-05T17:02:19+00:00
movie_f9c83fb77ec4,All Quiet on the Western Front (2022),,https://letterboxd.com/film/all-quiet-on-the-western-front-2022/,2026-06-05T17:02:19+00:00
movie_a3d780133f70,Drifting Home (2022),,https://letterboxd.com/film/drifting-home/,2026-06-05T17:02:19+00:00
movie_1f959bce956f,The First Slam Dunk (2022),,https://letterboxd.com/film/the-first-slam-dunk/,2026-06-05T17:02:19+00:00
movie_4074ec38704f,The Power of the Dog (2021),,https://letterboxd.com/film/the-power-of-the-dog/,2026-06-05T17:02:19+00:00
movie_735974794abc,"The French Dispatch of the Liberty, Kansas Evening Sun (2021)",,https://letterboxd.com/film/the-french-dispatch-of-the-liberty-kansas/,2026-06-05T17:02:19+00:00
movie_348fc41aa6dd,Evangelion: 3.0+1.0 Thrice Upon a Time (2021),,https://letterboxd.com/film/evangelion-3010-thrice-upon-a-time/,2026-06-05T17:02:19+00:00
movie_6a8109aceaae,Four Sisters Before the Wedding (2020),,https://letterboxd.com/film/four-sisters-before-the-wedding/,2026-06-05T17:02:19+00:00
movie_183ad2d792b8,Demon Slayer -Kimetsu no Yaiba- The Movie: Mugen Train (2020),,https://letterboxd.com/film/demon-slayer-kimetsu-no-yaiba-the-movie-mugen/,2026-06-05T17:02:19+00:00
movie_d07eacac345b,The Stranger by the Shore (2020),,https://letterboxd.com/film/the-stranger-by-the-shore/,2026-06-05T17:02:19+00:00
movie_b3190fbed88f,Tenet (2020),,https://letterboxd.com/film/tenet/,2026-06-05T17:02:19+00:00
movie_b6264b1e3baf,Greyhound (2020),,https://letterboxd.com/film/greyhound/,2026-06-05T17:02:19+00:00
movie_3b4f15c57128,A Whisker Away (2020),,https://letterboxd.com/film/a-whisker-away/,2026-06-05T17:02:19+00:00
movie_29ee74e0bd5a,Emma. (2020),,https://letterboxd.com/film/emma-2020/,2026-06-05T17:02:19+00:00
movie_bb6f00973ace,Hello World (2019),,https://letterboxd.com/film/film:531921/,2026-06-05T17:02:19+00:00
movie_27bf1cbb33c2,Marriage Story (2019),,https://letterboxd.com/film/marriage-story-2019/,2026-06-05T17:02:19+00:00
movie_5fdc9a7a4f4c,Ready or Not (2019),,https://letterboxd.com/film/ready-or-not-2019/,2026-06-05T17:02:19+00:00
movie_ade5addd47a8,Weathering with You (2019),,https://letterboxd.com/film/weathering-with-you/,2026-06-05T17:02:19+00:00
movie_e0711b356081,Ride Your Wave (2019),,https://letterboxd.com/film/ride-your-wave/,2026-06-05T17:02:19+00:00
movie_8928f1bd352e,Dark Phoenix (2019),,https://letterboxd.com/film/dark-phoenix/,2026-06-05T17:02:19+00:00
movie_a9782784c8dd,Portrait of a Lady on Fire (2019),,https://letterboxd.com/film/portrait-of-a-lady-on-fire/,2026-06-05T17:02:19+00:00
movie_671b8660e35c,Promare (2019),,https://letterboxd.com/film/promare/,2026-06-05T17:02:19+00:00
movie_b87a1bfc92a3,Booksmart (2019),,https://letterboxd.com/film/booksmart/,2026-06-05T17:02:19+00:00
movie_244d4e5ea61a,Honey Boy (2019),,https://letterboxd.com/film/honey-boy/,2026-06-05T17:02:19+00:00
movie_368583a8bfe9,Good Time,,,2026-06-05T17:02:25+00:00
movie_3537d179c948,Whiplash,,,2026-06-05T17:02:47+00:00
movie_378b57d0114c,Anaconda (2025),,https://letterboxd.com/film/anaconda-2025/,2026-06-05T17:03:41+00:00
movie_81b2129c4441,Predator: Badlands (2025),,https://letterboxd.com/film/predator-badlands/,2026-06-05T17:03:41+00:00
movie_26d3856bf8b7,TRON: Ares (2025),,https://letterboxd.com/film/tron-ares/,2026-06-05T17:03:41+00:00
movie_1d34bac8a64a,Demon Slayer: Kimetsu no Yaiba Infinity Castle (2025),,https://letterboxd.com/film/demon-slayer-kimetsu-no-yaiba-infinity-castle/,2026-06-05T17:03:41+00:00
movie_97091527eabc,How to Train Your Dragon (2025),,https://letterboxd.com/film/how-to-train-your-dragon-2025/,2026-06-05T17:03:41+00:00
movie_0269c79c69d1,Ballerina (2025),,https://letterboxd.com/film/ballerina-2025/,2026-06-05T17:03:41+00:00
movie_f7631667bd4f,Black Bag (2025),,https://letterboxd.com/film/black-bag-2025/,2026-06-05T17:03:41+00:00
movie_dea80686ef15,The Gorge (2025),,https://letterboxd.com/film/the-gorge-2025/,2026-06-05T17:03:41+00:00
movie_6647eb07d799,Captain America: Brave New World (2025),,https://letterboxd.com/film/captain-america-brave-new-world/,2026-06-05T17:03:41+00:00
movie_9a16601b89de,Smile 2 (2024),,https://letterboxd.com/film/smile-2-2024/,2026-06-05T17:03:41+00:00
movie_2a3f922555e1,Transformers One (2024),,https://letterboxd.com/film/transformers-one/,2026-06-05T17:03:41+00:00
movie_5a06fd97b613,We Live in Time (2024),,https://letterboxd.com/film/we-live-in-time/,2026-06-05T17:03:41+00:00
movie_94bbc5449757,Trap (2024),,https://letterboxd.com/film/trap-2024/,2026-06-05T17:03:41+00:00
movie_fff0ed951c4f,A Quiet Place: Day One (2024),,https://letterboxd.com/film/a-quiet-place-day-one/,2026-06-05T17:03:41+00:00
movie_6b6b6eb93f42,Kingdom of the Planet of the Apes (2024),,https://letterboxd.com/film/kingdom-of-the-planet-of-the-apes/,2026-06-05T17:03:41+00:00
movie_62744023409e,Abigail (2024),,https://letterboxd.com/film/abigail-2024/,2026-06-05T17:03:41+00:00
movie_3e661b934aff,The Idea of You (2024),,https://letterboxd.com/film/the-idea-of-you-2024/,2026-06-05T17:03:41+00:00
movie_12525e97e3ae,Road House (2024),,https://letterboxd.com/film/road-house-2024/,2026-06-05T17:03:41+00:00
movie_29e272c360ea,Kung Fu Panda 4 (2024),,https://letterboxd.com/film/kung-fu-panda-4/,2026-06-05T17:03:41+00:00
movie_0e0d9f51d921,Madame Web (2024),,https://letterboxd.com/film/madame-web/,2026-06-05T17:03:41+00:00
movie_f58709566fcd,Dìdi (弟弟) (2024),,https://letterboxd.com/film/didi-2024/,2026-06-05T17:03:41+00:00
movie_b0038f943296,The Marvels (2023),,https://letterboxd.com/film/the-marvels/,2026-06-05T17:03:41+00:00
movie_0a5ce0b67780,The Creator (2023),,https://letterboxd.com/film/the-creator-2023/,2026-06-05T17:03:41+00:00
movie_55a732c4fec8,A Haunting in Venice (2023),,https://letterboxd.com/film/a-haunting-in-venice/,2026-06-05T17:03:41+00:00
movie_d4b0f3485400,Society of the Snow (2023),,https://letterboxd.com/film/society-of-the-snow/,2026-06-05T17:03:41+00:00
movie_1f5674bdf020,The Killer (2023),,https://letterboxd.com/film/the-killer-2023/,2026-06-05T17:03:41+00:00
movie_2330adcf3424,Teenage Mutant Ninja Turtles: Mutant Mayhem (2023),,https://letterboxd.com/film/teenage-mutant-ninja-turtles-mutant-mayhem/,2026-06-05T17:03:41+00:00
movie_e58320248da9,Gran Turismo (2023),,https://letterboxd.com/film/gran-turismo/,2026-06-05T17:03:41+00:00
movie_2e6079f7f3dc,Mission: Impossible – Dead Reckoning (2023),,https://letterboxd.com/film/mission-impossible-dead-reckoning/,2026-06-05T17:03:41+00:00
movie_79d949e369b7,No Hard Feelings (2023),,https://letterboxd.com/film/no-hard-feelings-2023/,2026-06-05T17:03:41+00:00
movie_e1d4177cd7f5,The Flash (2023),,https://letterboxd.com/film/the-flash/,2026-06-05T17:03:41+00:00
movie_603845bbd130,Deadpool & Wolverine,,,2026-06-05T17:04:44+00:00
movie_7db436bd5764,Fight Club (1999),,https://letterboxd.com/film/fight-club/,2026-06-05T17:04:44+00:00
movie_334993d9a1f0,Project Hail Mary,,,2026-06-05T17:04:57+00:00
movie_a4aebaad5397,Coco (2017),,https://letterboxd.com/film/coco-2017/,2026-06-05T17:04:57+00:00
movie_486e35b09590,Blade Runner 2049 (2017),,https://letterboxd.com/film/blade-runner-2049/,2026-06-05T17:04:57+00:00
movie_8a8760f9e0fd,It (2017),,https://letterboxd.com/film/it-2017/,2026-06-05T17:04:57+00:00
movie_3084db0cd922,Spider-Man: Homecoming (2017),,https://letterboxd.com/film/spider-man-homecoming/,2026-06-05T17:04:57+00:00
movie_21578f5ce951,Baby Driver (2017),,https://letterboxd.com/film/baby-driver/,2026-06-05T17:04:57+00:00
movie_dfbef72f639e,Get Out (2017),,https://letterboxd.com/film/get-out-2017/,2026-06-05T17:04:57+00:00
movie_63122f78cb30,Call Me by Your Name (2017),,https://letterboxd.com/film/call-me-by-your-name/,2026-06-05T17:04:57+00:00
movie_a9b8370a65b9,Arrival (2016),,https://letterboxd.com/film/arrival-2016/,2026-06-05T17:04:57+00:00
movie_2c74b7ad667c,La La Land (2016),,https://letterboxd.com/film/la-la-land/,2026-06-05T17:04:57+00:00
movie_ab4aa6eb4fa7,Deadpool (2016),,https://letterboxd.com/film/deadpool/,2026-06-05T17:04:57+00:00
movie_9833c8236f55,Interstellar (2014),,https://letterboxd.com/film/interstellar/,2026-06-05T17:04:57+00:00
movie_741e12592b85,Gone Girl (2014),,https://letterboxd.com/film/gone-girl/,2026-06-05T17:04:57+00:00
movie_8002c024c5db,Guardians of the Galaxy (2014),,https://letterboxd.com/film/guardians-of-the-galaxy/,2026-06-05T17:04:57+00:00
movie_adb94abde648,The Grand Budapest Hotel (2014),,https://letterboxd.com/film/the-grand-budapest-hotel/,2026-06-05T17:04:57+00:00
movie_19043f58ee06,The Wolf of Wall Street (2013),,https://letterboxd.com/film/the-wolf-of-wall-street/,2026-06-05T17:04:57+00:00
movie_62535f8bab61,Prisoners (2013),,https://letterboxd.com/film/prisoners/,2026-06-05T17:04:57+00:00
movie_c1c725bcdaf2,Django Unchained (2012),,https://letterboxd.com/film/django-unchained/,2026-06-05T17:04:57+00:00
movie_1b5e6abe8b63,The Avengers (2012),,https://letterboxd.com/film/the-avengers-2012/,2026-06-05T17:04:57+00:00
movie_0d90a9a08240,The Hunger Games (2012),,https://letterboxd.com/film/the-hunger-games/,2026-06-05T17:04:57+00:00
movie_1192441d939b,Drive (2011),,https://letterboxd.com/film/drive-2011/,2026-06-05T17:04:57+00:00
movie_8b69d7926355,Tangled (2010),,https://letterboxd.com/film/tangled-2010/,2026-06-05T17:04:57+00:00
movie_6f0748a5a555,The Social Network (2010),,https://letterboxd.com/film/the-social-network/,2026-06-05T17:04:57+00:00
movie_9b9bb77ebce0,Black Swan (2010),,https://letterboxd.com/film/black-swan/,2026-06-05T17:04:57+00:00
movie_4eeeea737a0d,Inception (2010),,https://letterboxd.com/film/inception/,2026-06-05T17:04:57+00:00
movie_61cc1956dc5d,Shutter Island (2010),,https://letterboxd.com/film/shutter-island/,2026-06-05T17:04:57+00:00
movie_0b573a672ade,Avatar (2009),,https://letterboxd.com/film/avatar/,2026-06-05T17:04:57+00:00
movie_7025693e68c0,Inglourious Basterds (2009),,https://letterboxd.com/film/inglourious-basterds/,2026-06-05T17:04:57+00:00
movie_47cedfde2332,Coraline (2009),,https://letterboxd.com/film/coraline/,2026-06-05T17:04:57+00:00
movie_1bb9c5f17a99,Twilight (2008),,https://letterboxd.com/film/twilight-2008/,2026-06-05T17:04:57+00:00
movie_129c48a46053,The Dark Knight (2008),,https://letterboxd.com/film/the-dark-knight/,2026-06-05T17:04:57+00:00
movie_3ae0953409b2,Mamma Mia! (2008),,https://letterboxd.com/film/mamma-mia/,2026-06-05T17:04:57+00:00
movie_2a3117301866,Obsession,,,2026-06-05T17:05:30+00:00
movie_414fdc6a1f3f,Materialists (2025),,https://letterboxd.com/film/materialists/,2026-06-05T17:06:19+00:00
movie_04a972153893,Moonlight (2016),,https://letterboxd.com/film/moonlight-2016/,2026-06-05T17:06:19+00:00
movie_02d73c1e3193,Inside Out (2015),,https://letterboxd.com/film/inside-out-2015/,2026-06-05T17:06:19+00:00
movie_ca148e207423,Mad Max: Fury Road (2015),,https://letterboxd.com/film/mad-max-fury-road/,2026-06-05T17:06:19+00:00
movie_ece8cc9915f0,John Wick (2014),,https://letterboxd.com/film/john-wick/,2026-06-05T17:06:19+00:00
movie_972b9becb047,Whiplash (2014),,https://letterboxd.com/film/whiplash-2014/,2026-06-05T17:06:19+00:00
movie_c844880d5a5d,No Half Measures: Creating the Final Season of Breaking Bad (2013),,https://letterboxd.com/film/no-half-measures-creating-the-final-season-of-breaking-bad/,2026-06-05T17:06:19+00:00
movie_795169c4b5e3,The Hunger Games: Catching Fire (2013),,https://letterboxd.com/film/the-hunger-games-catching-fire/,2026-06-05T17:06:19+00:00
movie_338708068a5f,Her (2013),,https://letterboxd.com/film/her/,2026-06-05T17:06:19+00:00
movie_835a99f2049c,Harry Potter and the Deathly Hallows: Part 2 (2011),,https://letterboxd.com/film/harry-potter-and-the-deathly-hallows-part-2/,2026-06-05T17:06:19+00:00
movie_1ca74b520343,Harry Potter and the Deathly Hallows: Part 1 (2010),,https://letterboxd.com/film/harry-potter-and-the-deathly-hallows-part-1/,2026-06-05T17:06:19+00:00
movie_cb73a2c60616,Harry Potter and the Half-Blood Prince (2009),,https://letterboxd.com/film/harry-potter-and-the-half-blood-prince/,2026-06-05T17:06:19+00:00
movie_f95291e65494,WALL·E (2008),,https://letterboxd.com/film/walle/,2026-06-05T17:06:19+00:00
movie_63999a210faf,Harry Potter and the Order of the Phoenix (2007),,https://letterboxd.com/film/harry-potter-and-the-order-of-the-phoenix/,2026-06-05T17:06:19+00:00
movie_7e6ba669ed2e,Ratatouille (2007),,https://letterboxd.com/film/ratatouille/,2026-06-05T17:06:19+00:00
movie_0018087bda3e,No Country for Old Men (2007),,https://letterboxd.com/film/no-country-for-old-men/,2026-06-05T17:06:19+00:00
movie_bf5214e0f4ca,The Prestige (2006),,https://letterboxd.com/film/the-prestige/,2026-06-05T17:06:19+00:00
movie_356aa05bc640,The Departed (2006),,https://letterboxd.com/film/the-departed/,2026-06-05T17:06:19+00:00
movie_8ba1b5727939,Harry Potter and the Goblet of Fire (2005),,https://letterboxd.com/film/harry-potter-and-the-goblet-of-fire/,2026-06-05T17:06:19+00:00
movie_837a16371c92,Batman Begins (2005),,https://letterboxd.com/film/batman-begins/,2026-06-05T17:06:19+00:00
movie_36227dda626b,Star Wars: Episode III – Revenge of the Sith (2005),,https://letterboxd.com/film/star-wars-episode-iii-revenge-of-the-sith/,2026-06-05T17:06:19+00:00
movie_e2b518fe536f,The Incredibles (2004),,https://letterboxd.com/film/the-incredibles/,2026-06-05T17:06:19+00:00
movie_0850ff3002d2,Spider-Man 2 (2004),,https://letterboxd.com/film/spider-man-2/,2026-06-05T17:06:19+00:00
movie_c8e041ee18a8,Harry Potter and the Prisoner of Azkaban (2004),,https://letterboxd.com/film/harry-potter-and-the-prisoner-of-azkaban/,2026-06-05T17:06:19+00:00
movie_110ec14652e5,Interstellar,,,2026-06-05T17:07:18+00:00
movie_7a4c5d318e71,The Perks of Being a Wallflower (2012),,https://letterboxd.com/film/the-perks-of-being-a-wallflower/,2026-06-05T17:07:32+00:00
movie_94ee3c8f25b8,Fantastic Mr. Fox (2009),,https://letterboxd.com/film/fantastic-mr-fox/,2026-06-05T17:07:32+00:00
movie_ca5da872e27c,Up (2009),,https://letterboxd.com/film/up/,2026-06-05T17:07:32+00:00
movie_a70496b2805c,(500) Days of Summer (2009),,https://letterboxd.com/film/500-days-of-summer/,2026-06-05T17:07:32+00:00
movie_e8f7e99aa434,Iron Man (2008),,https://letterboxd.com/film/iron-man-2008/,2026-06-05T17:07:32+00:00
movie_0af63e2bcf2a,The Devil Wears Prada (2006),,https://letterboxd.com/film/the-devil-wears-prada/,2026-06-05T17:07:32+00:00
movie_141d208c0dc2,Mulholland Drive,,,2026-06-05T17:08:40+00:00
movie_4b97eccf771b,Mulholland Drive (2001),,https://letterboxd.com/film/mulholland-drive/,2026-06-05T17:08:40+00:00
movie_530b489bcfec,Persona (1966),,https://letterboxd.com/film/persona/,2026-06-05T17:08:40+00:00
movie_768ca861a5c5,Singin' in the Rain (1952),,https://letterboxd.com/film/singin-in-the-rain/,2026-06-05T17:08:40+00:00
movie_a6da821786a4,Sentimental Value (2025),,https://letterboxd.com/film/sentimental-value-2025/,2026-06-05T17:08:51+00:00
movie_aa86b340ce8e,The Secret Agent (2025),,https://letterboxd.com/film/the-secret-agent-2025/,2026-06-05T17:08:51+00:00
movie_b823d997146f,Blue Moon (2025),,https://letterboxd.com/film/blue-moon-2025/,2026-06-05T17:08:51+00:00
movie_4c1367a10e37,Juror #2 (2024),,https://letterboxd.com/film/juror-2/,2026-06-05T17:08:51+00:00
movie_e1991d508af0,The Room Next Door (2024),,https://letterboxd.com/film/the-room-next-door-2024/,2026-06-05T17:08:51+00:00
movie_49e8f12ad470,I'm Still Here (2024),,https://letterboxd.com/film/im-still-here-2024/,2026-06-05T17:08:51+00:00
movie_8a278063b1e3,MaXXXine (2024),,https://letterboxd.com/film/maxxxine/,2026-06-05T17:08:51+00:00
movie_63f8d352daaf,The Seed of the Sacred Fig (2024),,https://letterboxd.com/film/the-seed-of-the-sacred-fig/,2026-06-05T17:08:51+00:00
movie_9e35ea973052,Megalopolis (2024),,https://letterboxd.com/film/megalopolis-2024/,2026-06-05T17:08:51+00:00
movie_cb57a5a198b3,No Other Land (2024),,https://letterboxd.com/film/no-other-land/,2026-06-05T17:08:51+00:00
movie_e2b70c6b530f,Love Lies Bleeding (2024),,https://letterboxd.com/film/love-lies-bleeding-2024/,2026-06-05T17:08:51+00:00
movie_e4a4fde02bd8,Ferrari (2023),,https://letterboxd.com/film/ferrari-2023/,2026-06-05T17:08:51+00:00
movie_1fa872be27e1,Elemental (2023),,https://letterboxd.com/film/elemental-2023/,2026-06-05T17:08:51+00:00
movie_5d70ea4f7009,Perfect Days (2023),,https://letterboxd.com/film/perfect-days-2023/,2026-06-05T17:08:51+00:00
movie_ec30d72b2766,The Taste of Things (2023),,https://letterboxd.com/film/the-taste-of-things/,2026-06-05T17:08:51+00:00
movie_19d3bfe2592f,Fallen Leaves (2023),,https://letterboxd.com/film/fallen-leaves-2023/,2026-06-05T17:08:51+00:00
movie_dc31cc8a9862,May December (2023),,https://letterboxd.com/film/may-december/,2026-06-05T17:08:51+00:00
movie_7aa2c9407ebc,Killers of the Flower Moon (2023),,https://letterboxd.com/film/killers-of-the-flower-moon/,2026-06-05T17:08:51+00:00
movie_09bed1376bc2,Pictures of Ghosts (2023),,https://letterboxd.com/film/pictures-of-ghosts/,2026-06-05T17:08:51+00:00
movie_cfea47e66f74,The Zone of Interest (2023),,https://letterboxd.com/film/the-zone-of-interest/,2026-06-05T17:08:51+00:00
movie_1b1fc2ea0f65,Beau Is Afraid (2023),,https://letterboxd.com/film/beau-is-afraid/,2026-06-05T17:08:51+00:00
movie_72cf78369a04,Bottoms (2023),,https://letterboxd.com/film/bottoms/,2026-06-05T17:08:51+00:00
movie_0837b635d6fa,Afire (2023),,https://letterboxd.com/film/afire/,2026-06-05T17:08:51+00:00
movie_0977065ec3a6,Passages (2023),,https://letterboxd.com/film/passages-2023/,2026-06-05T17:08:51+00:00
movie_9d23ba2b8888,Babylon (2022),,https://letterboxd.com/film/babylon-2022/,2026-06-05T17:08:51+00:00
movie_2298375b5b68,Sanctuary (2022),,https://letterboxd.com/film/sanctuary-2022/,2026-06-05T17:08:51+00:00
movie_f6bd600de929,The Fabelmans (2022),,https://letterboxd.com/film/the-fabelmans/,2026-06-05T17:08:51+00:00
movie_332d16b144f3,TÁR (2022),,https://letterboxd.com/film/tar-2022/,2026-06-05T17:08:51+00:00
movie_fdb7b5b87118,Elvis (2022),,https://letterboxd.com/film/elvis-2022/,2026-06-05T17:08:51+00:00
movie_2da69a2d813d,Triangle of Sadness (2022),,https://letterboxd.com/film/triangle-of-sadness/,2026-06-05T17:08:51+00:00
movie_ebf72f1556f7,Love Exposure,,,2026-06-05T17:08:56+00:00
movie_14bdf0c97372,Fight Club,,,2026-06-05T17:10:10+00:00
movie_98527014176c,12 Angry Men,,,2026-06-05T17:11:16+00:00
movie_2452cd150b54,12 Angry Men (1957),,https://letterboxd.com/film/12-angry-men/,2026-06-05T17:11:16+00:00
movie_9c1870d7b96b,A Serbian Film (2010),,https://letterboxd.com/film/a-serbian-film/,2026-06-05T17:11:16+00:00
movie_7f267fa50d79,The Odyssey,,,2026-06-05T17:11:25+00:00
movie_a245f00de3ad,The Odyssey (2026),,https://letterboxd.com/film/the-odyssey-2026/,2026-06-05T17:11:25+00:00
movie_eca92ae852f8,Adolescence (2025),,https://letterboxd.com/film/adolescence-2025/,2026-06-05T17:11:25+00:00
movie_3a79c148896e,Death's Game (2023),,https://letterboxd.com/film/deaths-game/,2026-06-05T17:11:25+00:00
movie_a3f7d19c4401,Attack on Titan The Final Chapters: Special 2 (2023),,https://letterboxd.com/film/attack-on-titan-the-final-chapters-special-2/,2026-06-05T17:11:25+00:00
movie_3b0b10e2de21,All of Us Strangers (2023),,https://letterboxd.com/film/all-of-us-strangers/,2026-06-05T17:11:25+00:00
movie_1581f9cdf23c,John Wick: Chapter 4 (2023),,https://letterboxd.com/film/john-wick-chapter-4/,2026-06-05T17:11:25+00:00
movie_9f0f638ee02a,Squid Game (2021),,https://letterboxd.com/film/squid-game/,2026-06-05T17:11:25+00:00
movie_6fcb715406a2,Attack on Titan: Chronicle (2020),,https://letterboxd.com/film/attack-on-titan-chronicle/,2026-06-05T17:11:25+00:00
movie_5feae85dbcc9,Fractured (2019),,https://letterboxd.com/film/fractured-2019/,2026-06-05T17:11:25+00:00
movie_49b8a482ac7c,Chernobyl (2019),,https://letterboxd.com/film/chernobyl/,2026-06-05T17:11:25+00:00
movie_0154f39aa7d8,My Mister (2018),,https://letterboxd.com/film/my-mister/,2026-06-05T17:11:25+00:00
movie_0c3657d4d360,Attack on Titan: The Roar of Awakening (2018),,https://letterboxd.com/film/attack-on-titan-the-roar-of-awakening/,2026-06-05T17:11:25+00:00
movie_a89fc33c0a2c,Forgotten (2017),,https://letterboxd.com/film/forgotten-2017/,2026-06-05T17:11:25+00:00
movie_9501bc884c91,Me Before You (2016),,https://letterboxd.com/film/me-before-you/,2026-06-05T17:11:25+00:00
movie_e9bc6e9e17f6,Game of Thrones The IMAX Experience (2015),,https://letterboxd.com/film/game-of-thrones-the-imax-experience/,2026-06-05T17:11:25+00:00
movie_ba5b9babe929,Hannibal: This Is My Design (2014),,https://letterboxd.com/film/hannibal-this-is-my-design/,2026-06-05T17:11:25+00:00
movie_df4883c2af07,Nightcrawler (2014),,https://letterboxd.com/film/nightcrawler/,2026-06-05T17:11:25+00:00
movie_0a05316b8c51,The Dark Knight Rises (2012),,https://letterboxd.com/film/the-dark-knight-rises/,2026-06-05T17:11:25+00:00
movie_308c13132913,The Girl with the Dragon Tattoo (2011),,https://letterboxd.com/film/the-girl-with-the-dragon-tattoo-2011/,2026-06-05T17:11:25+00:00
movie_8ca38910acc8,The Hangover (2009),,https://letterboxd.com/film/the-hangover/,2026-06-05T17:11:25+00:00
movie_03b581868589,Zodiac (2007),,https://letterboxd.com/film/zodiac/,2026-06-05T17:11:25+00:00
movie_a4b51d88624e,The Pursuit of Happyness (2006),,https://letterboxd.com/film/the-pursuit-of-happyness/,2026-06-05T17:11:25+00:00
movie_573eb1e239fb,Death Note (2006),,https://letterboxd.com/film/death-note-2006/,2026-06-05T17:11:25+00:00
movie_988e7e1ce405,Brokeback Mountain (2005),,https://letterboxd.com/film/brokeback-mountain/,2026-06-05T17:11:25+00:00
movie_dd753aaa75f9,Kill Bill: The Whole Bloody Affair (2004),,https://letterboxd.com/film/kill-bill-the-whole-bloody-affair/,2026-06-05T17:11:25+00:00
movie_cfcc27c70fc1,The Notebook (2004),,https://letterboxd.com/film/the-notebook/,2026-06-05T17:11:25+00:00
movie_c5a09786440a,Eternal Sunshine of the Spotless Mind (2004),,https://letterboxd.com/film/eternal-sunshine-of-the-spotless-mind/,2026-06-05T17:11:25+00:00
movie_26390a17ff94,The Dark Knight Rises,,,2026-06-05T17:11:30+00:00
movie_6a9adaf96f7b,The Shining,,,2026-06-05T17:11:36+00:00
movie_2a884b2d6f7e,Alien: Romulus,,,2026-06-05T17:13:09+00:00
movie_a2b8f880182b,Alien: Romulus (2024),,https://letterboxd.com/film/alien-romulus/,2026-06-05T17:13:09+00:00
movie_094fd29fd7a3,A Quiet Place (2018),,https://letterboxd.com/film/a-quiet-place-2018/,2026-06-05T17:13:09+00:00
movie_03dddf8fd1fe,Legally Blonde (2001),,https://letterboxd.com/film/legally-blonde/,2026-06-05T17:13:09+00:00
movie_16866f6f4c3b,Wake Up Dead Man,,,2026-06-05T17:13:16+00:00
movie_980545b8052b,Babygirl (2024),,https://letterboxd.com/film/babygirl-2024/,2026-06-05T17:13:16+00:00
movie_95e54ba648e7,Black Panther: Wakanda Forever (2022),,https://letterboxd.com/film/black-panther-wakanda-forever/,2026-06-05T17:13:16+00:00
movie_b1f38a05e692,Don't Worry Darling (2022),,https://letterboxd.com/film/dont-worry-darling/,2026-06-05T17:13:16+00:00
movie_5388689a91fa,The Whale (2022),,https://letterboxd.com/film/the-whale-2022/,2026-06-05T17:13:16+00:00
movie_dba6805cdcd6,Thor: Love and Thunder (2022),,https://letterboxd.com/film/thor-love-and-thunder/,2026-06-05T17:13:16+00:00
movie_74a92960d9ea,Turning Red (2022),,https://letterboxd.com/film/turning-red/,2026-06-05T17:13:16+00:00
movie_0e6c71a767b3,"tick, tick... BOOM! (2021)",,https://letterboxd.com/film/tick-tick-boom-2021/,2026-06-05T17:13:16+00:00
movie_b69b9447a2a7,Shang-Chi and the Legend of the Ten Rings (2021),,https://letterboxd.com/film/shang-chi-and-the-legend-of-the-ten-rings/,2026-06-05T17:13:16+00:00
movie_4f9c70748b0b,Free Guy (2021),,https://letterboxd.com/film/free-guy/,2026-06-05T17:13:16+00:00
movie_517054d38b3d,Black Widow (2021),,https://letterboxd.com/film/black-widow-2021/,2026-06-05T17:13:16+00:00
movie_d562b559b136,Captain Marvel (2019),,https://letterboxd.com/film/captain-marvel/,2026-06-05T17:13:16+00:00
movie_e2d49b389087,Bohemian Rhapsody (2018),,https://letterboxd.com/film/bohemian-rhapsody/,2026-06-05T17:13:16+00:00
movie_5363f9b4b237,Venom (2018),,https://letterboxd.com/film/venom-2018/,2026-06-05T17:13:16+00:00
movie_74ebfdd23d3b,Green Book (2018),,https://letterboxd.com/film/green-book/,2026-06-05T17:13:16+00:00
movie_11720e574b53,Deadpool 2 (2018),,https://letterboxd.com/film/deadpool-2/,2026-06-05T17:13:16+00:00
movie_6e7e17e83d6f,Ready Player One (2018),,https://letterboxd.com/film/ready-player-one/,2026-06-05T17:13:16+00:00
movie_b0707a801927,Isle of Dogs (2018),,https://letterboxd.com/film/isle-of-dogs-2018/,2026-06-05T17:13:16+00:00
movie_8af234e92cab,The Greatest Showman (2017),,https://letterboxd.com/film/the-greatest-showman/,2026-06-05T17:13:16+00:00
movie_72851ad39bf8,Thor: Ragnarok (2017),,https://letterboxd.com/film/thor-ragnarok/,2026-06-05T17:13:16+00:00
movie_fad791ff639b,Nomadland,,,2026-06-05T17:13:58+00:00
movie_a0468dfd3675,Nomadland (2020),,https://letterboxd.com/film/nomadland/,2026-06-05T17:13:58+00:00
movie_191a413e1d1f,Batman v Superman: Dawn of Justice (2016),,https://letterboxd.com/film/batman-v-superman-dawn-of-justice/,2026-06-05T17:13:58+00:00
movie_d61ace16ee63,Into the Wild (2007),,https://letterboxd.com/film/into-the-wild/,2026-06-05T17:13:58+00:00
movie_71fea8496e1d,The Super Mario Galaxy Movie,,,2026-06-05T17:14:05+00:00
movie_f5bbd30a6439,The Super Mario Galaxy Movie (2026),,https://letterboxd.com/film/the-super-mario-galaxy-movie/,2026-06-05T17:14:05+00:00
movie_e2c1d4bf9efc,Hoppers (2026),,https://letterboxd.com/film/hoppers/,2026-06-05T17:14:05+00:00
movie_278f11aaa54a,Eternity (2025),,https://letterboxd.com/film/eternity-2025-1/,2026-06-05T17:14:05+00:00
movie_9d32bd34b0d5,Train Dreams (2025),,https://letterboxd.com/film/train-dreams/,2026-06-05T17:14:05+00:00
movie_9f5835e4b245,Gladiator II (2024),,https://letterboxd.com/film/gladiator-ii/,2026-06-05T17:14:05+00:00
movie_c08d090db3f2,The Wild Robot (2024),,https://letterboxd.com/film/the-wild-robot/,2026-06-05T17:14:05+00:00
movie_7679cc939766,Flow (2024),,https://letterboxd.com/film/flow-2024/,2026-06-05T17:14:05+00:00
movie_1306dbf87b14,The Super Mario Bros. Movie (2023),,https://letterboxd.com/film/the-super-mario-bros-movie/,2026-06-05T17:14:05+00:00
movie_69187cabc963,Ant-Man and the Wasp: Quantumania (2023),,https://letterboxd.com/film/ant-man-and-the-wasp-quantumania/,2026-06-05T17:14:05+00:00
movie_044b50af3896,Encanto (2021),,https://letterboxd.com/film/encanto/,2026-06-05T17:14:05+00:00
movie_785544fdb40d,No Time to Die (2021),,https://letterboxd.com/film/no-time-to-die-2021/,2026-06-05T17:14:05+00:00
movie_6a1b157dcd28,The Black Phone (2021),,https://letterboxd.com/film/the-black-phone/,2026-06-05T17:14:05+00:00
movie_35df4176f59a,Venom: Let There Be Carnage (2021),,https://letterboxd.com/film/venom-let-there-be-carnage/,2026-06-05T17:14:05+00:00
movie_a365548da010,The Suicide Squad (2021),,https://letterboxd.com/film/the-suicide-squad/,2026-06-05T17:14:05+00:00
movie_17fe4ec892a3,La Chimera (2023),,https://letterboxd.com/film/la-chimera/,2026-06-05T17:14:50+00:00
movie_99545c0d9647,It Was Just an Accident (2025),,https://letterboxd.com/film/it-was-just-an-accident/,2026-06-05T17:14:50+00:00
movie_abe81071e651,Scream 7 (2026),,https://letterboxd.com/film/scream-7/,2026-06-05T17:14:58+00:00
movie_9b6b58248624,Now You See Me: Now You Don't (2025),,https://letterboxd.com/film/now-you-see-me-now-you-dont-2025/,2026-06-05T17:14:58+00:00
movie_28dd0262b585,No Other Choice (2025),,https://letterboxd.com/film/no-other-choice-2025/,2026-06-05T17:14:58+00:00
movie_4ad91f39a5a0,The Roses (2025),,https://letterboxd.com/film/the-roses-2025/,2026-06-05T17:14:58+00:00
movie_84fe225f4d0e,The Naked Gun (2025),,https://letterboxd.com/film/the-naked-gun/,2026-06-05T17:14:58+00:00
movie_1ef532512934,Die My Love (2025),,https://letterboxd.com/film/die-my-love/,2026-06-05T17:14:58+00:00
movie_ef20cb5678b9,Bridget Jones: Mad About the Boy (2025),,https://letterboxd.com/film/bridget-jones-mad-about-the-boy/,2026-06-05T17:14:58+00:00
movie_a6ea91b96a0f,"Sorry, Baby (2025)",,https://letterboxd.com/film/sorry-baby-2025/,2026-06-05T17:14:58+00:00
movie_83439f44ea5b,Queer (2024),,https://letterboxd.com/film/queer-2024/,2026-06-05T17:14:58+00:00
movie_6f366267750c,Blink Twice (2024),,https://letterboxd.com/film/blink-twice/,2026-06-05T17:14:58+00:00
movie_0865011dc305,Irish Wish (2024),,https://letterboxd.com/film/irish-wish/,2026-06-05T17:14:58+00:00
movie_cf8ba0f4c9cc,Immaculate (2024),,https://letterboxd.com/film/immaculate-2024/,2026-06-05T17:14:58+00:00
movie_5c74cb7d9ab6,Upgraded (2024),,https://letterboxd.com/film/upgraded/,2026-06-05T17:14:58+00:00
movie_ba14f8120849,Scream VI (2023),,https://letterboxd.com/film/scream-vi/,2026-06-05T17:14:58+00:00
movie_1a777ac9c628,M3GAN (2022),,https://letterboxd.com/film/m3gan/,2026-06-05T17:14:58+00:00
movie_0487f2035c56,Falling for Christmas (2022),,https://letterboxd.com/film/falling-for-christmas/,2026-06-05T17:14:58+00:00
movie_a98648a048f7,Talk to Me (2022),,https://letterboxd.com/film/talk-to-me-2022/,2026-06-05T17:14:58+00:00
movie_10a6984e6665,Smile (2022),,https://letterboxd.com/film/smile-2022/,2026-06-05T17:14:58+00:00
movie_9f6d811a3259,DAHMER - Monster: The Jeffrey Dahmer Story (2022),,https://letterboxd.com/film/dahmer-monster-the-jeffrey-dahmer-story/,2026-06-05T17:14:58+00:00
movie_37c8e177d009,Do Revenge (2022),,https://letterboxd.com/film/do-revenge/,2026-06-05T17:14:58+00:00
movie_8c06a9733c37,Mortal Kombat II,,,2026-06-05T17:15:44+00:00
movie_d90faf9c1a5f,Mortal Kombat II (2026),,https://letterboxd.com/film/mortal-kombat-ii/,2026-06-05T17:15:44+00:00
movie_a66d3f7ee581,How to Make a Killing (2026),,https://letterboxd.com/film/how-to-make-a-killing-2026/,2026-06-05T17:15:44+00:00
movie_0421ef3a4b44,Crime 101 (2026),,https://letterboxd.com/film/crime-101/,2026-06-05T17:15:44+00:00
movie_b88366fe3ba4,28 Years Later: The Bone Temple (2026),,https://letterboxd.com/film/28-years-later-the-bone-temple/,2026-06-05T17:15:44+00:00
movie_9eb6d7fa50cc,Greenland 2: Migration (2026),,https://letterboxd.com/film/greenland-2-migration/,2026-06-05T17:15:44+00:00
movie_8fbe56e42ae3,The Running Man (2025),,https://letterboxd.com/film/the-running-man-2025/,2026-06-05T17:15:44+00:00
movie_d13424ca22dc,The Long Walk (2025),,https://letterboxd.com/film/the-long-walk-2025/,2026-06-05T17:15:44+00:00
movie_f919c61663a7,Roofman (2025),,https://letterboxd.com/film/roofman/,2026-06-05T17:15:44+00:00
movie_adff5a848506,Rental Family (2025),,https://letterboxd.com/film/rental-family-2025/,2026-06-05T17:15:44+00:00
movie_7fdac2d5d755,28 Years Later (2025),,https://letterboxd.com/film/28-years-later/,2026-06-05T17:15:44+00:00
movie_1bc20d6f393b,Final Destination Bloodlines (2025),,https://letterboxd.com/film/final-destination-bloodlines/,2026-06-05T17:15:44+00:00
movie_eb07f05480c0,Twisters (2024),,https://letterboxd.com/film/twisters/,2026-06-05T17:15:44+00:00
movie_19234047d817,Bodies Bodies Bodies (2022),,https://letterboxd.com/film/bodies-bodies-bodies/,2026-06-05T17:15:44+00:00
movie_ed626f797e54,Mortal Kombat (2021),,https://letterboxd.com/film/mortal-kombat-2021/,2026-06-05T17:15:44+00:00
movie_830bc694447b,Star Wars: The Rise of Skywalker (2019),,https://letterboxd.com/film/star-wars-the-rise-of-skywalker/,2026-06-05T17:15:44+00:00
movie_6f29ffdeafe4,Toy Story 4 (2019),,https://letterboxd.com/film/toy-story-4/,2026-06-05T17:15:44+00:00
movie_7cc61f59a0e4,Kung Fu Panda,,,2026-06-05T17:16:23+00:00
movie_120dd45e7b9c,Kung Fu Panda (2008),,https://letterboxd.com/film/kung-fu-panda/,2026-06-05T17:16:23+00:00
movie_3ea62b6e9172,Kung Fu Panda 3 (2016),,https://letterboxd.com/film/kung-fu-panda-3/,2026-06-05T17:16:23+00:00
movie_b9f1af352bed,Zootopia (2016),,https://letterboxd.com/film/zootopia/,2026-06-05T17:16:31+00:00
movie_ea562945d59b,The Revenant (2015),,https://letterboxd.com/film/the-revenant-2015/,2026-06-05T17:16:31+00:00
movie_d262df82da3e,The Hateful Eight (2015),,https://letterboxd.com/film/the-hateful-eight/,2026-06-05T17:16:31+00:00
movie_82da11a71bb3,The Martian (2015),,https://letterboxd.com/film/the-martian/,2026-06-05T17:16:31+00:00
movie_193d38777ae4,Frozen (2013),,https://letterboxd.com/film/frozen-2013/,2026-06-05T17:16:31+00:00
movie_1c4b2e1f2c24,The Great Gatsby (2013),,https://letterboxd.com/film/the-great-gatsby-2013/,2026-06-05T17:16:31+00:00
movie_dca9665d578b,Toy Story 3 (2010),,https://letterboxd.com/film/toy-story-3/,2026-06-05T17:16:31+00:00
movie_be69921e001d,Diary of a Wimpy Kid (2010),,https://letterboxd.com/film/diary-of-a-wimpy-kid/,2026-06-05T17:16:31+00:00
movie_f03eb2e5151e,Superbad (2007),,https://letterboxd.com/film/superbad/,2026-06-05T17:16:31+00:00
movie_ea9857398859,Cars (2006),,https://letterboxd.com/film/cars/,2026-06-05T17:16:31+00:00
movie_929d8f46ff83,Charlie and the Chocolate Factory (2005),,https://letterboxd.com/film/charlie-and-the-chocolate-factory/,2026-06-05T17:16:31+00:00
movie_2b8f629184da,Anchorman: The Legend of Ron Burgundy (2004),,https://letterboxd.com/film/anchorman-the-legend-of-ron-burgundy/,2026-06-05T17:17:12+00:00
movie_2b0abf94e0f3,Cars 3 (2017),,https://letterboxd.com/film/cars-3/,2026-06-05T17:17:12+00:00
movie_121ea995d801,The Lion King (2019),,https://letterboxd.com/film/the-lion-king-2019/,2026-06-05T17:17:12+00:00
movie_76d13959d80e,Backrooms,,,2026-06-05T17:17:19+00:00
movie_88650d96225e,Black Phone 2 (2025),,https://letterboxd.com/film/black-phone-2/,2026-06-05T17:17:19+00:00
movie_3ada86696b71,Warfare (2025),,https://letterboxd.com/film/warfare/,2026-06-05T17:17:19+00:00
movie_02abd77512ca,Sonic the Hedgehog 3 (2024),,https://letterboxd.com/film/sonic-the-hedgehog-3/,2026-06-05T17:17:19+00:00
movie_40341d7cfc53,Beetlejuice Beetlejuice (2024),,https://letterboxd.com/film/beetlejuice-beetlejuice/,2026-06-05T17:17:19+00:00
movie_457bb6fee831,Indiana Jones and the Dial of Destiny (2023),,https://letterboxd.com/film/indiana-jones-and-the-dial-of-destiny/,2026-06-05T17:17:19+00:00
movie_ba38f65056aa,Evil Dead Rise (2023),,https://letterboxd.com/film/evil-dead-rise/,2026-06-05T17:17:19+00:00
movie_775b98e38be3,Dungeons & Dragons: Honor Among Thieves (2023),,https://letterboxd.com/film/dungeons-dragons-honor-among-thieves/,2026-06-05T17:17:19+00:00
movie_32332a87f687,Cocaine Bear (2023),,https://letterboxd.com/film/cocaine-bear/,2026-06-05T17:17:19+00:00
movie_2ed47b717a5a,Guillermo del Toro's Pinocchio (2022),,https://letterboxd.com/film/guillermo-del-toros-pinocchio/,2026-06-05T17:17:19+00:00
movie_986e28cf3b51,Barbarian (2022),,https://letterboxd.com/film/barbarian-2022/,2026-06-05T17:17:19+00:00
movie_9bc10231bb20,Minions: The Rise of Gru (2022),,https://letterboxd.com/film/minions-the-rise-of-gru/,2026-06-05T17:17:19+00:00
movie_47f0469b589a,The Mask,,,2026-06-05T17:17:26+00:00
movie_96d26d6042f4,Gladiator II,,,2026-06-05T17:17:30+00:00
movie_a29a8998b0ef,The Matrix,,,2026-06-05T17:17:34+00:00
movie_7ceeead0540c,Jojo Rabbit,,,2026-06-05T17:18:05+00:00
movie_434ee7417e67,The Princess Bride (1987),,https://letterboxd.com/film/the-princess-bride/,2026-06-05T17:18:05+00:00
movie_544f8e5eff16,Scott Pilgrim vs. the World (2010),,https://letterboxd.com/film/scott-pilgrim-vs-the-world/,2026-06-05T17:18:13+00:00
movie_6c2835371068,Children of Men (2006),,https://letterboxd.com/film/children-of-men/,2026-06-05T17:18:13+00:00
movie_8d4f97685992,Little Miss Sunshine (2006),,https://letterboxd.com/film/little-miss-sunshine/,2026-06-05T17:18:13+00:00
movie_69428cbe45a8,Mean Girls (2004),,https://letterboxd.com/film/mean-girls/,2026-06-05T17:18:13+00:00
movie_97413a6d1941,Kill Bill: Vol. 1 (2003),,https://letterboxd.com/film/kill-bill-vol-1/,2026-06-05T17:18:13+00:00
movie_e6a4f86a318f,The Lord of the Rings: The Fellowship of the Ring (2001),,https://letterboxd.com/film/the-lord-of-the-rings-the-fellowship-of-the-ring/,2026-06-05T17:18:13+00:00
movie_482be0284f32,Harry Potter and the Philosopher's Stone (2001),,https://letterboxd.com/film/harry-potter-and-the-philosophers-stone/,2026-06-05T17:18:13+00:00
movie_b1da30174e41,Requiem for a Dream (2000),,https://letterboxd.com/film/requiem-for-a-dream/,2026-06-05T17:18:13+00:00
movie_25c942f6cf0a,American Psycho (2000),,https://letterboxd.com/film/american-psycho/,2026-06-05T17:18:13+00:00
movie_76e57c2a644f,10 Things I Hate About You (1999),,https://letterboxd.com/film/10-things-i-hate-about-you/,2026-06-05T17:18:13+00:00
movie_20f22e3f23e3,The Matrix (1999),,https://letterboxd.com/film/the-matrix/,2026-06-05T17:18:13+00:00
movie_a189d03e16f6,Titanic (1997),,https://letterboxd.com/film/titanic-1997/,2026-06-05T17:18:13+00:00
movie_3fd409ecb192,The Witch: Part 1. The Subversion (2018),,https://letterboxd.com/film/the-witch-part-1-the-subversion/,2026-06-05T17:18:53+00:00
movie_a8606c7a5af8,While You Were Sleeping,,,2026-06-05T17:18:53+00:00
movie_039454d01566,Scary Movie,,,2026-06-05T17:19:00+00:00
movie_b1f979466242,Scary Movie (2026),,https://letterboxd.com/film/scary-movie-2026/,2026-06-05T17:19:00+00:00
movie_09dba8214a93,Thrash (2026),,https://letterboxd.com/film/thrash-2026/,2026-06-05T17:19:00+00:00
movie_13f8092d7673,Lee Cronin's The Mummy (2026),,https://letterboxd.com/film/lee-cronins-the-mummy/,2026-06-05T17:19:00+00:00
movie_3a8065cb9398,Salmokji: Whispering Water (2026),,https://letterboxd.com/film/salmokji-whispering-water/,2026-06-05T17:19:00+00:00
movie_8cf5bd664b09,They Will Kill You (2026),,https://letterboxd.com/film/they-will-kill-you/,2026-06-05T17:19:00+00:00
movie_8f2bf8177416,Ready or Not 2: Here I Come (2026),,https://letterboxd.com/film/ready-or-not-2-here-i-come/,2026-06-05T17:19:00+00:00
movie_95f5da0b98e3,The Mortuary Assistant (2026),,https://letterboxd.com/film/the-mortuary-assistant/,2026-06-05T17:19:00+00:00
movie_129cdae26b72,Cold Storage (2026),,https://letterboxd.com/film/cold-storage-2026/,2026-06-05T17:19:00+00:00
movie_2408331f025b,Send Help (2026),,https://letterboxd.com/film/send-help/,2026-06-05T17:19:00+00:00
movie_89cfffbd7313,Mercy (2026),,https://letterboxd.com/film/mercy-2026/,2026-06-05T17:19:00+00:00
movie_f80612874d62,The Housemaid (2025),,https://letterboxd.com/film/the-housemaid-2025/,2026-06-05T17:19:00+00:00
movie_90577f6675cc,"Genie, Make a Wish (2025)",,https://letterboxd.com/film/genie-make-a-wish/,2026-06-05T17:19:00+00:00
movie_36328d564e45,"Good Luck, Have Fun, Don't Die (2025)",,https://letterboxd.com/film/good-luck-have-fun-dont-die/,2026-06-05T17:19:00+00:00
movie_1ba28c8b395d,"Silent Night, Deadly Night (2025)",,https://letterboxd.com/film/silent-night-deadly-night-2025/,2026-06-05T17:19:00+00:00
movie_3dd5b53c87de,V/H/S/Halloween (2025),,https://letterboxd.com/film/v-h-s-halloween/,2026-06-05T17:19:00+00:00
movie_2e66fc8aebcc,Primate (2025),,https://letterboxd.com/film/primate-2025/,2026-06-05T17:19:00+00:00
movie_3c7be5de7e89,Dust Bunny (2025),,https://letterboxd.com/film/dust-bunny/,2026-06-05T17:19:00+00:00
movie_e9e123d7534c,Normal (2025),,https://letterboxd.com/film/normal-2025/,2026-06-05T17:19:00+00:00
movie_ece862d38381,Good News (2025),,https://letterboxd.com/film/good-news-2025/,2026-06-05T17:19:00+00:00
movie_7f626cc2b057,Nobody 2 (2025),,https://letterboxd.com/film/nobody-2/,2026-06-05T17:19:00+00:00
movie_07e9d124d5fb,Wall to Wall (2025),,https://letterboxd.com/film/wall-to-wall/,2026-06-05T17:19:00+00:00
movie_532a114a7386,M3GAN 2.0 (2025),,https://letterboxd.com/film/m3gan-20/,2026-06-05T17:19:00+00:00
movie_34e68e4c765d,Mercy for None (2025),,https://letterboxd.com/film/mercy-for-none/,2026-06-05T17:19:00+00:00
movie_7f8e72ac2628,Hi-Five (2025),,https://letterboxd.com/film/hi-five/,2026-06-05T17:19:00+00:00
movie_8f48c96c37ca,Exit 8 (2025),,https://letterboxd.com/film/exit-8/,2026-06-05T17:19:00+00:00
movie_2416bfd50e47,Dangerous Animals (2025),,https://letterboxd.com/film/dangerous-animals/,2026-06-05T17:19:00+00:00
movie_6d23236beb16,Sirāt (2025),,https://letterboxd.com/film/sirat-2025/,2026-06-05T17:19:00+00:00
movie_5ad6aedbb576,Karma (2025),,https://letterboxd.com/film/karma-2025/,2026-06-05T17:19:00+00:00
movie_c392e17ed2b2,Good Boy (2025),,https://letterboxd.com/film/good-boy-2025/,2026-06-05T17:19:00+00:00
movie_5270d23d1b52,Novocaine (2025),,https://letterboxd.com/film/novocaine-2025/,2026-06-05T17:19:00+00:00
movie_75e8a7438725,The Monkey (2025),,https://letterboxd.com/film/the-monkey-2025/,2026-06-05T17:19:00+00:00
movie_b574e2149184,Newtopia (2025),,https://letterboxd.com/film/newtopia-2025/,2026-06-05T17:19:00+00:00
movie_0c1698821bb3,Joker: Folie à Deux,,,2026-06-05T17:19:44+00:00
movie_29395c2cd359,The Banshees of Inisherin (2022),,https://letterboxd.com/film/the-banshees-of-inisherin/,2026-06-05T17:19:44+00:00
movie_00478b2e5316,Cruella (2021),,https://letterboxd.com/film/cruella/,2026-06-05T17:19:44+00:00
movie_6964addfd918,The Irishman (2019),,https://letterboxd.com/film/the-irishman-2019/,2026-06-05T17:19:44+00:00
movie_03a64f76f276,A Star Is Born (2018),,https://letterboxd.com/film/a-star-is-born-2018/,2026-06-05T17:19:44+00:00
movie_71e4b81f1993,mother! (2017),,https://letterboxd.com/film/mother-2017/,2026-06-05T17:19:44+00:00
movie_858a7ea05412,The Shape of Water (2017),,https://letterboxd.com/film/the-shape-of-water/,2026-06-05T17:19:44+00:00
movie_17b7eb5855bf,The Killing of a Sacred Deer (2017),,https://letterboxd.com/film/the-killing-of-a-sacred-deer/,2026-06-05T17:19:44+00:00
movie_1234c8c34c9a,Moana (2016),,https://letterboxd.com/film/moana-2016/,2026-06-05T17:19:44+00:00
movie_cb39a215c080,The Lobster (2015),,https://letterboxd.com/film/the-lobster/,2026-06-05T17:19:44+00:00
movie_c63952828f9e,The Maze Runner (2014),,https://letterboxd.com/film/the-maze-runner/,2026-06-05T17:19:44+00:00
movie_83c52f8ed079,The Imitation Game (2014),,https://letterboxd.com/film/the-imitation-game/,2026-06-05T17:19:44+00:00
movie_6974315aa705,The Conjuring (2013),,https://letterboxd.com/film/the-conjuring/,2026-06-05T17:19:44+00:00
movie_4ab5eadad006,Pitch Perfect (2012),,https://letterboxd.com/film/pitch-perfect/,2026-06-05T17:19:44+00:00
movie_7e53d9809a69,Brave (2012),,https://letterboxd.com/film/brave-2012/,2026-06-05T17:19:44+00:00
movie_0b443f28731f,Midnight in Paris (2011),,https://letterboxd.com/film/midnight-in-paris/,2026-06-05T17:19:44+00:00
movie_24c00fdcde03,The Twilight Saga: New Moon (2009),,https://letterboxd.com/film/the-twilight-saga-new-moon/,2026-06-05T17:19:44+00:00
movie_25a6ddd50ce7,Paprika,,,2026-06-05T17:20:20+00:00
movie_7106c2ee961c,Paprika (2006),,https://letterboxd.com/film/paprika-2006/,2026-06-05T17:20:20+00:00
movie_d5dcca9dee8c,Black Mirror: Bandersnatch (2018),,https://letterboxd.com/film/black-mirror-bandersnatch/,2026-06-05T17:20:20+00:00
movie_51f79331810e,Apex,,,2026-06-05T17:20:28+00:00
movie_d5002e32a4c9,Apex (2026),,https://letterboxd.com/film/apex-2026/,2026-06-05T17:20:28+00:00
movie_8411b9733c4c,Return to Silent Hill (2026),,https://letterboxd.com/film/return-to-silent-hill/,2026-06-05T17:20:28+00:00
movie_fd5aade90a54,The Voice of Hind Rajab (2025),,https://letterboxd.com/film/the-voice-of-hind-rajab/,2026-06-05T17:20:28+00:00
movie_d5e524c7b6ad,The Woman in the Yard (2025),,https://letterboxd.com/film/the-woman-in-the-yard/,2026-06-05T17:20:28+00:00
movie_041fb27096c3,Terrifier 3 (2024),,https://letterboxd.com/film/terrifier-3/,2026-06-05T17:20:28+00:00
movie_79abce1b3fd6,Shelby Oaks (2024),,https://letterboxd.com/film/shelby-oaks/,2026-06-05T17:20:28+00:00
movie_2f8417648c52,Winnie the Pooh: Blood and Honey (2023),,https://letterboxd.com/film/winnie-the-pooh-blood-and-honey/,2026-06-05T17:20:28+00:00
movie_8f7934b72cf5,Terrifier 2 (2022),,https://letterboxd.com/film/terrifier-2/,2026-06-05T17:20:28+00:00
movie_c75bf460a445,Skinamarink (2022),,https://letterboxd.com/film/skinamarink/,2026-06-05T17:20:28+00:00
movie_7627bea79464,Sick of Myself (2022),,https://letterboxd.com/film/sick-of-myself/,2026-06-05T17:20:28+00:00
movie_3cbb8dcaec1c,Men (2022),,https://letterboxd.com/film/men-2022/,2026-06-05T17:20:28+00:00
movie_8debfcfa1080,Marcel the Shell with Shoes On (2021),,https://letterboxd.com/film/marcel-the-shell-with-shoes-on-2021/,2026-06-05T17:20:28+00:00
movie_f203aef9124a,Spree (2020),,https://letterboxd.com/film/spree-2020/,2026-06-05T17:20:28+00:00
movie_a5450475b2eb,It Chapter Two (2019),,https://letterboxd.com/film/it-chapter-two/,2026-06-05T17:20:28+00:00
movie_f6b64ce30035,Vivarium (2019),,https://letterboxd.com/film/vivarium/,2026-06-05T17:20:28+00:00
movie_8dadf3874ec3,Pet Sematary (2019),,https://letterboxd.com/film/pet-sematary-2019/,2026-06-05T17:20:28+00:00
movie_0ec2df02b0b8,mid90s (2018),,https://letterboxd.com/film/mid90s/,2026-06-05T17:20:28+00:00
movie_361888a007ac,Suspiria (2018),,https://letterboxd.com/film/suspiria-2018/,2026-06-05T17:20:28+00:00
movie_f853e1a29c57,The House That Jack Built (2018),,https://letterboxd.com/film/the-house-that-jack-built-2018/,2026-06-05T17:20:28+00:00
movie_0e7b1e60e961,Climax (2018),,https://letterboxd.com/film/climax-2018/,2026-06-05T17:20:28+00:00
movie_f53471809b8d,Gonjiam: Haunted Asylum (2018),,https://letterboxd.com/film/gonjiam-haunted-asylum/,2026-06-05T17:20:28+00:00
movie_929a2713888d,One Cut of the Dead (2017),,https://letterboxd.com/film/one-cut-of-the-dead/,2026-06-05T17:20:28+00:00
movie_07d42c67e31e,Creep 2 (2017),,https://letterboxd.com/film/creep-2/,2026-06-05T17:20:28+00:00
movie_bae0f94193f0,The Ritual (2017),,https://letterboxd.com/film/the-ritual-2017/,2026-06-05T17:20:28+00:00
movie_d06c76a99cca,Good Time (2017),,https://letterboxd.com/film/good-time/,2026-06-05T17:20:28+00:00
movie_75471935706f,Split (2016),,https://letterboxd.com/film/split-2016/,2026-06-05T17:20:28+00:00
movie_4b1589944e8c,A Silent Voice: The Movie (2016),,https://letterboxd.com/film/a-silent-voice-the-movie/,2026-06-05T17:20:28+00:00
movie_18ee53ab60f2,My Life as a Zucchini (2016),,https://letterboxd.com/film/my-life-as-a-zucchini/,2026-06-05T17:20:28+00:00
movie_cf79143b7c81,Raw (2016),,https://letterboxd.com/film/raw-2016/,2026-06-05T17:20:28+00:00
movie_28231bd20b3a,Train to Busan (2016),,https://letterboxd.com/film/train-to-busan/,2026-06-05T17:20:28+00:00
movie_ca81f957388e,The Big Short (2015),,https://letterboxd.com/film/the-big-short/,2026-06-05T17:20:28+00:00
movie_a9e16d2e07a6,Hell House LLC (2015),,https://letterboxd.com/film/hell-house-llc/,2026-06-05T17:20:28+00:00
movie_ab1864f3ae95,Green Room (2015),,https://letterboxd.com/film/green-room/,2026-06-05T17:20:28+00:00
movie_3952df123290,The Witch (2015),,https://letterboxd.com/film/the-witch-2015/,2026-06-05T17:20:28+00:00
movie_a272617d908b,Ex Machina (2015),,https://letterboxd.com/film/ex-machina-2015/,2026-06-05T17:20:28+00:00
movie_ef382e0210c1,The Taking of Deborah Logan (2014),,https://letterboxd.com/film/the-taking-of-deborah-logan/,2026-06-05T17:20:28+00:00
movie_ccdaba77e50f,Unfriended (2014),,https://letterboxd.com/film/unfriended/,2026-06-05T17:20:28+00:00
movie_b669d230e0fc,Mommy (2014),,https://letterboxd.com/film/mommy-2014/,2026-06-05T17:20:28+00:00
movie_f92237f010f5,A Girl Walks Home Alone at Night (2014),,https://letterboxd.com/film/a-girl-walks-home-alone-at-night/,2026-06-05T17:20:28+00:00
movie_a16ff576d7e5,The Tale of The Princess Kaguya (2013),,https://letterboxd.com/film/the-tale-of-the-princess-kaguya/,2026-06-05T17:20:28+00:00
movie_f5db1281c64a,Frankenstein,,,2026-06-05T17:21:13+00:00
movie_a3b0cc35e34c,Spaceman (2024),,https://letterboxd.com/film/spaceman-2024/,2026-06-05T17:21:13+00:00
movie_734ebb715ddc,Bones and All (2022),,https://letterboxd.com/film/bones-and-all/,2026-06-05T17:21:13+00:00
movie_c1d47b9c8986,Ad Astra (2019),,https://letterboxd.com/film/ad-astra-2019/,2026-06-05T17:21:13+00:00
movie_07c4b29eb188,Captain America: Civil War (2016),,https://letterboxd.com/film/captain-america-civil-war/,2026-06-05T17:21:13+00:00
movie_655d71b80b13,The Amazing Spider-Man (2012),,https://letterboxd.com/film/the-amazing-spider-man/,2026-06-05T17:21:13+00:00
movie_984bd01135fa,How to Train Your Dragon (2010),,https://letterboxd.com/film/how-to-train-your-dragon/,2026-06-05T17:21:13+00:00
movie_d18753f981b0,Halloween,,,2026-06-05T17:21:53+00:00
movie_254a607fc4a1,Halloween (1978),,https://letterboxd.com/film/halloween-1978/,2026-06-05T17:21:53+00:00
movie_4d8c71a738c5,Scream (1996),,https://letterboxd.com/film/scream/,2026-06-05T17:21:53+00:00
movie_2101ed42327e,Bring Her Back (2025),,https://letterboxd.com/film/bring-her-back/,2026-06-05T17:22:00+00:00
movie_56a91fbc55b9,Together (2025),,https://letterboxd.com/film/together-2025/,2026-06-05T17:22:00+00:00
movie_15a4612ca995,Scream (2022),,https://letterboxd.com/film/scream-2022/,2026-06-05T17:22:00+00:00
movie_6c0ac67c1073,A Quiet Place Part II (2020),,https://letterboxd.com/film/a-quiet-place-part-ii/,2026-06-05T17:22:00+00:00
movie_626e5165396e,Bird Box (2018),,https://letterboxd.com/film/bird-box/,2026-06-05T17:22:00+00:00
movie_96e035ebad66,To All the Boys I've Loved Before (2018),,https://letterboxd.com/film/to-all-the-boys-ive-loved-before/,2026-06-05T17:22:00+00:00
movie_1618aa4ede0a,Snack Shack (2024),,https://letterboxd.com/film/snack-shack/,2026-06-05T17:22:41+00:00
movie_218c688e8c45,Pan's Labyrinth (2006),,https://letterboxd.com/film/pans-labyrinth/,2026-06-05T17:22:41+00:00
movie_183f49d85cf1,Ladies First,,,2026-06-05T17:22:48+00:00
movie_6b1219107171,Ladies First (2026),,https://letterboxd.com/film/ladies-first-2026/,2026-06-05T17:22:48+00:00
movie_b26a6c2f4c5a,Roommates (2026),,https://letterboxd.com/film/roommates-2026/,2026-06-05T17:22:48+00:00
movie_a4095376d132,Over Your Dead Body (2026),,https://letterboxd.com/film/over-your-dead-body-2026/,2026-06-05T17:22:48+00:00
movie_484ebacc913c,Pizza Movie (2026),,https://letterboxd.com/film/pizza-movie-2026/,2026-06-05T17:22:48+00:00
movie_03426e3d55d3,Solo Mio (2026),,https://letterboxd.com/film/solo-mio/,2026-06-05T17:22:48+00:00
movie_b8edf4b03cbb,Shelter (2026),,https://letterboxd.com/film/shelter-2026/,2026-06-05T17:22:48+00:00
movie_80b650a79ffd,HIS & HERS (2026),,https://letterboxd.com/film/his-hers-2026/,2026-06-05T17:22:48+00:00
movie_0b7e416e4ccb,People We Meet on Vacation (2026),,https://letterboxd.com/film/people-we-meet-on-vacation/,2026-06-05T17:22:48+00:00
movie_921bccc2ce1e,Fackham Hall (2025),,https://letterboxd.com/film/fackham-hall/,2026-06-05T17:22:48+00:00
movie_51348a200658,The SpongeBob Movie: Search for SquarePants (2025),,https://letterboxd.com/film/the-spongebob-movie-search-for-squarepants/,2026-06-05T17:22:48+00:00
movie_3b305ba8b4f1,The Wrong Paris (2025),,https://letterboxd.com/film/the-wrong-paris/,2026-06-05T17:22:48+00:00
movie_b9954d61b228,The Wizard of the Kremlin (2025),,https://letterboxd.com/film/the-wizard-of-the-kremlin/,2026-06-05T17:22:48+00:00
movie_cb15b985d5fa,The Thursday Murder Club (2025),,https://letterboxd.com/film/the-thursday-murder-club/,2026-06-05T17:22:48+00:00
movie_29d898725eab,The Pickup (2025),,https://letterboxd.com/film/the-pickup-2025/,2026-06-05T17:22:48+00:00
movie_31e340550a63,Smurfs (2025),,https://letterboxd.com/film/smurfs/,2026-06-05T17:22:48+00:00
movie_5f6589e700d9,Heads of State (2025),,https://letterboxd.com/film/heads-of-state/,2026-06-05T17:22:48+00:00
movie_5747d9732bc1,Elio (2025),,https://letterboxd.com/film/elio/,2026-06-05T17:22:48+00:00
movie_7e2ddb185c0e,Honey Don't! (2025),,https://letterboxd.com/film/honey-dont/,2026-06-05T17:22:48+00:00
movie_c659c729a332,Sirens (2025),,https://letterboxd.com/film/sirens-2025/,2026-06-05T17:22:48+00:00
movie_cd5ae7aa71a7,Nonnas (2025),,https://letterboxd.com/film/nonnas/,2026-06-05T17:22:48+00:00
movie_1689ef01404f,The Life List (2025),,https://letterboxd.com/film/the-life-list/,2026-06-05T17:22:48+00:00
movie_7c0e649c8a41,A Working Man (2025),,https://letterboxd.com/film/a-working-man/,2026-06-05T17:22:48+00:00
movie_29d7c8110199,Another Simple Favor (2025),,https://letterboxd.com/film/another-simple-favor/,2026-06-05T17:22:48+00:00
movie_5a7f2c484b00,Plankton: The Movie (2025),,https://letterboxd.com/film/plankton-the-movie/,2026-06-05T17:22:48+00:00
movie_edf736d3b72f,You're Cordially Invited (2025),,https://letterboxd.com/film/youre-cordially-invited/,2026-06-05T17:22:48+00:00
movie_2ed310d6819e,Back in Action (2025),,https://letterboxd.com/film/back-in-action-2025/,2026-06-05T17:22:48+00:00
movie_2978e4d1cf39,Cunk on Life (2024),,https://letterboxd.com/film/cunk-on-life/,2026-06-05T17:22:48+00:00
movie_52e0f7adf60b,Our Little Secret (2024),,https://letterboxd.com/film/our-little-secret/,2026-06-05T17:22:48+00:00
movie_689c2e7ac020,The Merry Gentlemen (2024),,https://letterboxd.com/film/the-merry-gentlemen/,2026-06-05T17:22:48+00:00
movie_1f7ee0e2294b,Hot Frosty (2024),,https://letterboxd.com/film/hot-frosty/,2026-06-05T17:22:48+00:00
movie_fed6963b9042,Sweethearts (2024),,https://letterboxd.com/film/sweethearts-2024/,2026-06-05T17:22:48+00:00
movie_d68ccf1bd635,Brothers (2024),,https://letterboxd.com/film/brothers-2024/,2026-06-05T17:22:48+00:00
movie_d25551bb8ea9,Trouble (2024),,https://letterboxd.com/film/trouble-2024-1/,2026-06-05T17:22:48+00:00
movie_4c9e9bbdc837,The Killer's Game (2024),,https://letterboxd.com/film/the-killers-game/,2026-06-05T17:22:48+00:00
movie_90b84cdbbfd5,Jane Austen Wrecked My Life (2024),,https://letterboxd.com/film/jane-austen-wrecked-my-life/,2026-06-05T17:22:48+00:00
movie_daae82201905,The Last Showgirl (2024),,https://letterboxd.com/film/the-last-showgirl/,2026-06-05T17:22:48+00:00
movie_7e4e3b196664,Wolfs (2024),,https://letterboxd.com/film/wolfs/,2026-06-05T17:22:48+00:00
movie_4a225dc3f990,Incoming (2024),,https://letterboxd.com/film/incoming-2024/,2026-06-05T17:22:48+00:00
movie_458252336833,The Union (2024),,https://letterboxd.com/film/the-union-2024/,2026-06-05T17:22:48+00:00
movie_fa2601c400d3,Trainspotting,,,2026-06-05T17:23:38+00:00
movie_9c1d097d8e5a,Trainspotting (1996),,https://letterboxd.com/film/trainspotting/,2026-06-05T17:23:38+00:00
movie_90adbdbe533a,The Pianist (2002),,https://letterboxd.com/film/the-pianist/,2026-06-05T17:23:38+00:00
movie_9a24baf3aeb9,One Battle After Another,,,2026-06-05T17:23:46+00:00
movie_bd59775f37e6,Juno (2007),,https://letterboxd.com/film/juno/,2026-06-05T17:23:46+00:00
movie_951cf5553fed,Corpse Bride (2005),,https://letterboxd.com/film/corpse-bride/,2026-06-05T17:23:46+00:00
movie_027ecf295afc,Kill Bill: Vol. 2 (2004),,https://letterboxd.com/film/kill-bill-vol-2/,2026-06-05T17:23:46+00:00
movie_cbc0f05535d1,The Lord of the Rings: The Return of the King (2003),,https://letterboxd.com/film/the-lord-of-the-rings-the-return-of-the-king/,2026-06-05T17:23:46+00:00
movie_2b14c8240ea5,Oldboy (2003),,https://letterboxd.com/film/oldboy/,2026-06-05T17:23:46+00:00
movie_83cd525aa6ce,Lost in Translation (2003),,https://letterboxd.com/film/lost-in-translation/,2026-06-05T17:23:46+00:00
movie_816c3a7bd1e8,Finding Nemo (2003),,https://letterboxd.com/film/finding-nemo/,2026-06-05T17:23:46+00:00
movie_35b9d8651e7e,The Lord of the Rings: The Two Towers (2002),,https://letterboxd.com/film/the-lord-of-the-rings-the-two-towers/,2026-06-05T17:23:46+00:00
movie_c7327d79662e,Catch Me If You Can (2002),,https://letterboxd.com/film/catch-me-if-you-can-2002/,2026-06-05T17:23:46+00:00
movie_02f8363f1b29,28 Days Later (2002),,https://letterboxd.com/film/28-days-later/,2026-06-05T17:23:46+00:00
movie_564134ceb929,City of God (2002),,https://letterboxd.com/film/city-of-god/,2026-06-05T17:23:46+00:00
movie_637a33a4be5b,Titanic,,,2026-06-05T17:23:53+00:00
movie_95372c7c89e5,Howl's Moving Castle (2004),,https://letterboxd.com/film/howls-moving-castle/,2026-06-05T17:24:39+00:00
movie_ef5e963c97b4,Spirited Away (2001),,https://letterboxd.com/film/spirited-away/,2026-06-05T17:24:39+00:00
movie_62b2cbb9a458,Shrek (2001),,https://letterboxd.com/film/shrek/,2026-06-05T17:24:39+00:00
movie_b694c6b7e7a2,Memento (2000),,https://letterboxd.com/film/memento/,2026-06-05T17:24:39+00:00
movie_b859ef94ffec,The Truman Show (1998),,https://letterboxd.com/film/the-truman-show/,2026-06-05T17:24:39+00:00
movie_4a9474a53c61,Se7en (1995),,https://letterboxd.com/film/se7en/,2026-06-05T17:24:39+00:00
movie_604df50f3d45,Forrest Gump (1994),,https://letterboxd.com/film/forrest-gump/,2026-06-05T17:24:39+00:00
movie_3bfc4df6daa9,Pulp Fiction (1994),,https://letterboxd.com/film/pulp-fiction/,2026-06-05T17:24:39+00:00
movie_e09e0f514de2,The Silence of the Lambs (1991),,https://letterboxd.com/film/the-silence-of-the-lambs/,2026-06-05T17:24:39+00:00
movie_6f2a36857e77,Home Alone (1990),,https://letterboxd.com/film/home-alone/,2026-06-05T17:24:39+00:00
movie_722db1f88b81,GoodFellas (1990),,https://letterboxd.com/film/goodfellas/,2026-06-05T17:24:39+00:00
movie_a8a481a07d96,Good Omens,,,2026-06-05T17:25:15+00:00
movie_c8b637eefe7b,Good Omens (2019),,https://letterboxd.com/film/good-omens/,2026-06-05T17:25:15+00:00
movie_a21c03ab0925,Real Steel (2011),,https://letterboxd.com/film/real-steel/,2026-06-05T17:25:15+00:00
movie_9bbaf3f9cdee,The Punisher: One Last Kill (2026),,https://letterboxd.com/film/the-punisher-one-last-kill/,2026-06-05T17:25:21+00:00
movie_398107e4de26,War Machine (2026),,https://letterboxd.com/film/war-machine-2026/,2026-06-05T17:25:21+00:00
movie_8f387dc159fc,Wonder Man (2026),,https://letterboxd.com/film/wonder-man-2026/,2026-06-05T17:25:21+00:00
movie_19365ec04f90,The Old Guard 2 (2025),,https://letterboxd.com/film/the-old-guard-2/,2026-06-05T17:25:21+00:00
movie_ccd4fcfd27fe,Fountain of Youth (2025),,https://letterboxd.com/film/fountain-of-youth-2025/,2026-06-05T17:25:21+00:00
movie_9e1022c90bdb,Havoc (2025),,https://letterboxd.com/film/havoc-2025/,2026-06-05T17:25:21+00:00
movie_6af44d0785c3,Death of a Unicorn (2025),,https://letterboxd.com/film/death-of-a-unicorn/,2026-06-05T17:25:21+00:00
movie_d9779bf53302,The Electric State (2025),,https://letterboxd.com/film/the-electric-state/,2026-06-05T17:25:21+00:00
movie_b8ec1b1e8a7f,We Bury the Dead (2024),,https://letterboxd.com/film/we-bury-the-dead/,2026-06-05T17:25:21+00:00
movie_1fdaca2b62ea,Caddo Lake (2024),,https://letterboxd.com/film/caddo-lake/,2026-06-05T17:25:21+00:00
movie_2a4c9f252fea,Borderlands (2024),,https://letterboxd.com/film/borderlands-2024/,2026-06-05T17:25:21+00:00
movie_a109d9e18aef,The Watchers (2024),,https://letterboxd.com/film/the-watchers-2024/,2026-06-05T17:25:21+00:00
movie_9d0fb4f51d35,The Surfer (2024),,https://letterboxd.com/film/the-surfer-2024/,2026-06-05T17:25:21+00:00
movie_840d569287a2,IF (2024),,https://letterboxd.com/film/if-2024/,2026-06-05T17:25:21+00:00
movie_66b08da42a10,The Ministry of Ungentlemanly Warfare (2024),,https://letterboxd.com/film/the-ministry-of-ungentlemanly-warfare/,2026-06-05T17:25:21+00:00
movie_71f50f877ae8,Arcadian (2024),,https://letterboxd.com/film/arcadian/,2026-06-05T17:25:21+00:00
movie_fb3f17c326e7,Damsel (2024),,https://letterboxd.com/film/damsel-2024/,2026-06-05T17:25:21+00:00
movie_db136c151877,Freaky Tales (2024),,https://letterboxd.com/film/freaky-tales/,2026-06-05T17:25:21+00:00
movie_d99b030da936,ted (2024),,https://letterboxd.com/film/ted-2024/,2026-06-05T17:25:21+00:00
movie_a03fcca606b4,Lift (2024),,https://letterboxd.com/film/lift-2024/,2026-06-05T17:25:21+00:00
movie_dd7546a5ff96,The Beekeeper (2024),,https://letterboxd.com/film/the-beekeeper-2024/,2026-06-05T17:25:21+00:00
movie_6c95c5a21e64,The Lord of the Rings: The Return of the King,,,2026-06-05T17:25:58+00:00
movie_333e90f07751,Good Will Hunting (1997),,https://letterboxd.com/film/good-will-hunting/,2026-06-05T17:25:58+00:00
movie_92e72ba960cf,Manchester by the Sea (2016),,https://letterboxd.com/film/manchester-by-the-sea/,2026-06-05T17:25:58+00:00
movie_c3f76632058e,Wuthering Heights,,,2026-06-05T17:26:05+00:00
movie_637279f0ae4d,Doctor Strange (2016),,https://letterboxd.com/film/doctor-strange-2016/,2026-06-05T17:26:05+00:00
movie_8a1625cf6f32,Avengers: Age of Ultron (2015),,https://letterboxd.com/film/avengers-age-of-ultron/,2026-06-05T17:26:05+00:00
movie_9c67e166f9b7,Captain America: The Winter Soldier (2014),,https://letterboxd.com/film/captain-america-the-winter-soldier/,2026-06-05T17:26:05+00:00
movie_21ff1a4c3810,Captain America: The First Avenger (2011),,https://letterboxd.com/film/captain-america-the-first-avenger/,2026-06-05T17:26:05+00:00
movie_6fc6df657159,"Crazy, Stupid, Love. (2011)",,https://letterboxd.com/film/crazy-stupid-love/,2026-06-05T17:26:05+00:00
movie_62106916fa0d,Shutter Island,,,2026-06-05T17:26:44+00:00
movie_7cda432c9c80,Shrek 2 (2004),,https://letterboxd.com/film/shrek-2/,2026-06-05T17:26:53+00:00
movie_ae9b74a450d0,Harry Potter and the Chamber of Secrets (2002),,https://letterboxd.com/film/harry-potter-and-the-chamber-of-secrets/,2026-06-05T17:26:53+00:00
movie_d695e6362467,Spider-Man (2002),,https://letterboxd.com/film/spider-man/,2026-06-05T17:26:53+00:00
movie_c352d77333e4,"Monsters, Inc. (2001)",,https://letterboxd.com/film/monsters-inc/,2026-06-05T17:26:53+00:00
movie_bcf60547f959,Gladiator (2000),,https://letterboxd.com/film/gladiator-2000/,2026-06-05T17:26:53+00:00
movie_1e88e499f273,Mean Girls,,,2026-06-05T17:27:32+00:00
movie_eea3b9ac9d09,13 Going on 30 (2004),,https://letterboxd.com/film/13-going-on-30-3/,2026-06-05T17:27:40+00:00
movie_087fe00066e3,How to Lose a Guy in 10 Days (2003),,https://letterboxd.com/film/how-to-lose-a-guy-in-10-days/,2026-06-05T17:27:40+00:00
movie_8603139abb99,Star Wars: Episode II – Attack of the Clones (2002),,https://letterboxd.com/film/star-wars-episode-ii-attack-of-the-clones/,2026-06-05T17:27:40+00:00
movie_dba6fb594f98,Scary Movie 2 (2001),,https://letterboxd.com/film/scary-movie-2/,2026-06-05T17:27:40+00:00
movie_355235a281f5,Scary Movie (2000),,https://letterboxd.com/film/scary-movie-2000/,2026-06-05T17:27:40+00:00
movie_65e961636e35,Toy Story 2 (1999),,https://letterboxd.com/film/toy-story-2/,2026-06-05T17:27:40+00:00
movie_adf8011bc47e,Star Wars: Episode I – The Phantom Menace (1999),,https://letterboxd.com/film/star-wars-episode-i-the-phantom-menace/,2026-06-05T17:27:40+00:00
movie_636df9d9604c,Toy Story (1995),,https://letterboxd.com/film/toy-story/,2026-06-05T17:27:40+00:00
movie_2b07e2547051,Dead Poets Society (1989),,https://letterboxd.com/film/dead-poets-society/,2026-06-05T17:27:40+00:00
movie_d34420a54e2a,Return of the Jedi (1983),,https://letterboxd.com/film/return-of-the-jedi/,2026-06-05T17:27:40+00:00
movie_5e27c725b692,The Shining (1980),,https://letterboxd.com/film/the-shining/,2026-06-05T17:27:40+00:00
movie_e0185cfa735b,Hoppers,,,2026-06-05T17:28:26+00:00
movie_d6408ae48ecc,Nimona (2023),,https://letterboxd.com/film/nimona-2023/,2026-06-05T17:28:26+00:00
movie_85353413f045,The Little Mermaid (2023),,https://letterboxd.com/film/the-little-mermaid-2023/,2026-06-05T17:28:26+00:00
movie_e987c07c4aae,Moon Knight (2022),,https://letterboxd.com/film/moon-knight-2022/,2026-06-05T17:28:26+00:00
movie_3c311399cef6,Texas Chainsaw Massacre (2022),,https://letterboxd.com/film/texas-chainsaw-massacre/,2026-06-05T17:28:26+00:00
movie_928deb7402e5,The Matrix Resurrections (2021),,https://letterboxd.com/film/the-matrix-resurrections/,2026-06-05T17:28:26+00:00
movie_52f9f17d1e15,Eternals (2021),,https://letterboxd.com/film/eternals/,2026-06-05T17:28:26+00:00
movie_378da6994b1e,Loki (2021),,https://letterboxd.com/film/loki-2021/,2026-06-05T17:28:26+00:00
movie_1647da91f29b,The Falcon and the Winter Soldier (2021),,https://letterboxd.com/film/the-falcon-and-the-winter-soldier/,2026-06-05T17:28:26+00:00
movie_1b5b39874050,Zack Snyder's Justice League (2021),,https://letterboxd.com/film/zack-snyders-justice-league/,2026-06-05T17:28:26+00:00
movie_121c979b4f90,Nobody (2021),,https://letterboxd.com/film/nobody-2021/,2026-06-05T17:28:26+00:00
movie_0535ab3ab44f,Raya and the Last Dragon (2021),,https://letterboxd.com/film/raya-and-the-last-dragon/,2026-06-05T17:28:26+00:00
movie_bd8826e50405,WandaVision (2021),,https://letterboxd.com/film/wandavision/,2026-06-05T17:28:26+00:00
movie_7fb208b128df,Birds of Prey (and the Fantabulous Emancipation of One Harley Quinn) (2020),,https://letterboxd.com/film/birds-of-prey-and-the-fantabulous-emancipation-of-one-harley-quinn/,2026-06-05T17:28:26+00:00
movie_02693f9237f4,Promising Young Woman (2020),,https://letterboxd.com/film/promising-young-woman/,2026-06-05T17:28:26+00:00
movie_cd1d79d62abf,Jumanji: The Next Level (2019),,https://letterboxd.com/film/jumanji-the-next-level/,2026-06-05T17:28:26+00:00
movie_d2621a199bae,El Camino: A Breaking Bad Movie (2019),,https://letterboxd.com/film/el-camino-a-breaking-bad-movie/,2026-06-05T17:28:26+00:00
movie_3f55c5b54eb3,Zombieland: Double Tap (2019),,https://letterboxd.com/film/zombieland-double-tap/,2026-06-05T17:28:26+00:00
movie_5567312f5813,The Two Popes (2019),,https://letterboxd.com/film/the-two-popes/,2026-06-05T17:28:26+00:00
movie_36426f3f39ca,John Wick: Chapter 3 – Parabellum (2019),,https://letterboxd.com/film/john-wick-chapter-3-parabellum/,2026-06-05T17:28:26+00:00
movie_9bb6d32b4b35,Aladdin (2019),,https://letterboxd.com/film/aladdin-2019/,2026-06-05T17:28:26+00:00
movie_86c70050e2a7,Pokémon Detective Pikachu (2019),,https://letterboxd.com/film/pokemon-detective-pikachu/,2026-06-05T17:28:26+00:00
movie_c78bbac56654,Shazam! (2019),,https://letterboxd.com/film/shazam/,2026-06-05T17:28:26+00:00
movie_df1409e48300,Alita: Battle Angel (2019),,https://letterboxd.com/film/alita-battle-angel/,2026-06-05T17:28:26+00:00
movie_edfd90f4d9ac,The Grinch (2018),,https://letterboxd.com/film/the-grinch/,2026-06-05T17:28:26+00:00
movie_b3ffb9644b5c,Ralph Breaks the Internet (2018),,https://letterboxd.com/film/ralph-breaks-the-internet/,2026-06-05T17:28:26+00:00
movie_04b54c5ab8f0,Ant-Man and the Wasp (2018),,https://letterboxd.com/film/ant-man-and-the-wasp/,2026-06-05T17:28:26+00:00
movie_d846dfcf24bc,Incredibles 2 (2018),,https://letterboxd.com/film/incredibles-2/,2026-06-05T17:28:26+00:00
movie_c3cabe74884f,The Social Network,,,2026-06-05T17:29:02+00:00
movie_80480ed451ff,Avatar Aang: The Last Airbender,,,2026-06-05T17:29:10+00:00
movie_b4421cd81190,Avatar Aang: The Last Airbender (2026),,https://letterboxd.com/film/avatar-aang-the-last-airbender/,2026-06-05T17:29:10+00:00
movie_49f2fc1c0b2d,Colony (2026),,https://letterboxd.com/film/colony-2026/,2026-06-05T17:29:10+00:00
movie_9275f2a2e303,Peaky Blinders: The Immortal Man (2026),,https://letterboxd.com/film/peaky-blinders-the-immortal-man/,2026-06-05T17:29:10+00:00
movie_12fa0e3cd9ba,The Amateur (2025),,https://letterboxd.com/film/the-amateur-2025/,2026-06-05T17:29:10+00:00
movie_9327b764a223,The Day of the Jackal (2024),,https://letterboxd.com/film/the-day-of-the-jackal-2024/,2026-06-05T17:29:10+00:00
movie_f35aaf5c6294,Subservience (2024),,https://letterboxd.com/film/subservience-2024/,2026-06-05T17:29:10+00:00
movie_9409900fd084,The Fall of the House of Usher (2023),,https://letterboxd.com/film/the-fall-of-the-house-of-usher-2023/,2026-06-05T17:29:10+00:00
movie_e16a28d741f5,Beckham (2023),,https://letterboxd.com/film/beckham/,2026-06-05T17:29:10+00:00
movie_2f6e9f042192,Dumb Money (2023),,https://letterboxd.com/film/dumb-money/,2026-06-05T17:29:10+00:00
movie_e646e507b507,Bird Box Barcelona (2023),,https://letterboxd.com/film/bird-box-barcelona/,2026-06-05T17:29:10+00:00
movie_61edd187b299,Insidious: The Red Door (2023),,https://letterboxd.com/film/insidious-the-red-door/,2026-06-05T17:29:10+00:00
movie_939ece750e78,Secret Invasion (2023),,https://letterboxd.com/film/secret-invasion/,2026-06-05T17:29:10+00:00
movie_6c2e1ee7071a,Extraction 2 (2023),,https://letterboxd.com/film/extraction-2/,2026-06-05T17:29:10+00:00
movie_f89a45856f4f,Tetris (2023),,https://letterboxd.com/film/tetris/,2026-06-05T17:29:10+00:00
movie_b29b4cdc88f0,Hypnotic (2023),,https://letterboxd.com/film/hypnotic-2023/,2026-06-05T17:29:10+00:00
movie_e4ff4f1df419,BlackBerry (2023),,https://letterboxd.com/film/blackberry-2023/,2026-06-05T17:29:10+00:00
movie_aee23413a55f,Missing (2023),,https://letterboxd.com/film/missing-2023/,2026-06-05T17:29:10+00:00
movie_23a6a031f2c6,Black Adam (2022),,https://letterboxd.com/film/black-adam/,2026-06-05T17:29:10+00:00
movie_3e8678c74943,The Queen's Gambit,,,2026-06-05T17:29:14+00:00
movie_1e8f5f473251,Oldboy,,,2026-06-05T17:29:36+00:00
movie_df4341fe37ad,Mission: Impossible – Dead Reckoning,,,2026-06-05T17:29:40+00:00
movie_1517cc3b33f3,Guardians of the Galaxy Vol. 3,,,2026-06-05T17:29:44+00:00
movie_e169c7b02a92,Three Colours: Red (1994),,https://letterboxd.com/film/three-colours-red/,2026-06-05T17:30:02+00:00
movie_69e4defa51e6,Burning (2018),,https://letterboxd.com/film/burning-2018/,2026-06-05T17:30:02+00:00
movie_a93fce76d3f1,The Drama,,,2026-06-05T17:30:11+00:00
movie_cca5ab218b08,House of Gucci (2021),,https://letterboxd.com/film/house-of-gucci/,2026-06-05T17:30:11+00:00
movie_103ac71e3b11,Parallel Mothers (2021),,https://letterboxd.com/film/parallel-mothers/,2026-06-05T17:30:11+00:00
movie_b4c3d9651204,The Worst Person in the World (2021),,https://letterboxd.com/film/the-worst-person-in-the-world/,2026-06-05T17:30:11+00:00
movie_9ad63fe27015,Annette (2021),,https://letterboxd.com/film/annette/,2026-06-05T17:30:11+00:00
movie_d21d39889be1,Luca (2021),,https://letterboxd.com/film/luca-2021/,2026-06-05T17:30:11+00:00
movie_42101a2fb18b,The Mitchells vs. the Machines (2021),,https://letterboxd.com/film/the-mitchells-vs-the-machines/,2026-06-05T17:30:11+00:00
movie_1975c8d92b06,The Queen's Gambit (2020),,https://letterboxd.com/film/the-queens-gambit/,2026-06-05T17:30:11+00:00
movie_df6db992f974,Wolfwalkers (2020),,https://letterboxd.com/film/wolfwalkers/,2026-06-05T17:30:11+00:00
movie_6ec9a10d0de3,The Human Voice (2020),,https://letterboxd.com/film/the-human-voice-2020/,2026-06-05T17:30:11+00:00
movie_e22b6ef58243,I'm Thinking of Ending Things (2020),,https://letterboxd.com/film/im-thinking-of-ending-things/,2026-06-05T17:30:11+00:00
movie_3937d4197c7b,Shiva Baby (2020),,https://letterboxd.com/film/shiva-baby-2020/,2026-06-05T17:30:11+00:00
movie_58698201be7a,Klaus (2019),,https://letterboxd.com/film/klaus/,2026-06-05T17:30:11+00:00
movie_45275b590577,Pain and Glory (2019),,https://letterboxd.com/film/pain-and-glory/,2026-06-05T17:30:11+00:00
movie_c50620e630e6,The Favourite (2018),,https://letterboxd.com/film/the-favourite/,2026-06-05T17:30:11+00:00
movie_f99149ebb883,Phantom Thread (2017),,https://letterboxd.com/film/phantom-thread/,2026-06-05T17:30:11+00:00
movie_c48622e653d2,Loving Vincent (2017),,https://letterboxd.com/film/loving-vincent/,2026-06-05T17:30:11+00:00
movie_f6add1560c0e,Okja (2017),,https://letterboxd.com/film/okja/,2026-06-05T17:30:11+00:00
movie_94861495c31b,A Ghost Story (2017),,https://letterboxd.com/film/a-ghost-story-2017/,2026-06-05T17:30:11+00:00
movie_e23352a18273,Fantastic Beasts and Where to Find Them (2016),,https://letterboxd.com/film/fantastic-beasts-and-where-to-find-them/,2026-06-05T17:30:11+00:00
movie_ba2eff27839e,Nocturnal Animals (2016),,https://letterboxd.com/film/nocturnal-animals/,2026-06-05T17:30:11+00:00
movie_7cdb5f7a55c2,Julieta (2016),,https://letterboxd.com/film/julieta/,2026-06-05T17:30:11+00:00
movie_c553fc42d715,Captain Fantastic (2016),,https://letterboxd.com/film/captain-fantastic/,2026-06-05T17:30:11+00:00
movie_2d22a622bf0c,The Intern (2015),,https://letterboxd.com/film/the-intern-2015/,2026-06-05T17:30:11+00:00
movie_b3a00db5464c,Requiem for a Dream,,,2026-06-05T17:30:51+00:00
movie_469a5b33f412,Slumdog Millionaire,,,2026-06-05T17:30:51+00:00
movie_2741d0cbc087,Bugonia,,,2026-06-05T17:30:59+00:00
movie_62eb75c16560,Hit the Road (2021),,https://letterboxd.com/film/hit-the-road-2021/,2026-06-05T17:30:59+00:00
movie_d697330fa74a,Enola Holmes (2020),,https://letterboxd.com/film/enola-holmes/,2026-06-05T17:30:59+00:00
movie_f0c7987a760f,The Midnight Gospel (2020),,https://letterboxd.com/film/the-midnight-gospel/,2026-06-05T17:30:59+00:00
movie_a219c85b2436,Palm Springs (2020),,https://letterboxd.com/film/palm-springs-2020/,2026-06-05T17:30:59+00:00
movie_d19778d78f96,Sound of Metal (2019),,https://letterboxd.com/film/sound-of-metal/,2026-06-05T17:30:59+00:00
movie_6cbf9a0d575a,Gully Boy (2019),,https://letterboxd.com/film/gully-boy/,2026-06-05T17:30:59+00:00
movie_80f8107613d5,Logan (2017),,https://letterboxd.com/film/logan-2017/,2026-06-05T17:30:59+00:00
movie_f93f6b1a6e7e,Suicide Squad (2016),,https://letterboxd.com/film/suicide-squad-2016/,2026-06-05T17:30:59+00:00
movie_a606b4b359a7,Tamasha (2015),,https://letterboxd.com/film/tamasha/,2026-06-05T17:30:59+00:00
movie_13bea209daef,Drishyam (2015),,https://letterboxd.com/film/drishyam-2015/,2026-06-05T17:30:59+00:00
movie_fc7e87292ae7,Piku (2015),,https://letterboxd.com/film/piku/,2026-06-05T17:30:59+00:00
movie_4c0aa3e7ceee,Big Hero 6 (2014),,https://letterboxd.com/film/big-hero-6/,2026-06-05T17:30:59+00:00
movie_8b920c37debd,Birdman or (The Unexpected Virtue of Ignorance) (2014),,https://letterboxd.com/film/birdman-or-the-unexpected-virtue-of-ignorance/,2026-06-05T17:30:59+00:00
movie_5a580574cfd8,Boyhood (2014),,https://letterboxd.com/film/boyhood/,2026-06-05T17:30:59+00:00
movie_797b835f6600,Schindler's List,,,2026-06-05T17:31:05+00:00
movie_838a6c2ac5b4,Half Man (2026),,https://letterboxd.com/film/half-man/,2026-06-05T17:31:45+00:00
movie_1fa497ad1514,Star Wars: The Last Jedi (2017),,https://letterboxd.com/film/star-wars-the-last-jedi/,2026-06-05T17:31:52+00:00
movie_3bb3c5eddd1c,Valerian and the City of a Thousand Planets (2017),,https://letterboxd.com/film/valerian-and-the-city-of-a-thousand-planets/,2026-06-05T17:31:52+00:00
movie_2fdc01d12a6e,Star Wars: The Force Awakens (2015),,https://letterboxd.com/film/star-wars-the-force-awakens/,2026-06-05T17:31:52+00:00
movie_f4b65c56b63a,The Amazing Spider-Man 2 (2014),,https://letterboxd.com/film/the-amazing-spider-man-2/,2026-06-05T17:31:52+00:00
movie_51556d957642,Moonrise Kingdom (2012),,https://letterboxd.com/film/moonrise-kingdom/,2026-06-05T17:31:52+00:00
movie_9e97ebdf4038,Jennifer's Body (2009),,https://letterboxd.com/film/jennifers-body/,2026-06-05T17:31:52+00:00
movie_4d83952d25d8,Nosferatu,,,2026-06-05T17:32:00+00:00
movie_dbe8000a7e6f,Chinatown (1974),,https://letterboxd.com/film/chinatown/,2026-06-05T17:32:35+00:00
movie_888f378bf933,Puss in Boots: The Last Wish,,,2026-06-05T17:33:24+00:00
movie_7cdbc71a7cd9,Eyes Wide Shut (1999),,https://letterboxd.com/film/eyes-wide-shut/,2026-06-05T17:33:24+00:00
movie_8501230a945c,Michael,,,2026-06-05T17:33:31+00:00
movie_de8635b12bd5,Asteroid City (2023),,https://letterboxd.com/film/asteroid-city/,2026-06-05T17:35:00+00:00
movie_522fcbbe91e9,The Pale Blue Eye (2022),,https://letterboxd.com/film/the-pale-blue-eye/,2026-06-05T17:35:00+00:00
movie_ac9c54e2e523,Suzume (2022),,https://letterboxd.com/film/suzume/,2026-06-05T17:35:00+00:00
movie_ac58a88fa97c,West Side Story (2021),,https://letterboxd.com/film/west-side-story-2021/,2026-06-05T17:35:00+00:00
movie_aaec17afc916,Drive My Car (2021),,https://letterboxd.com/film/drive-my-car/,2026-06-05T17:35:00+00:00
movie_e72ec37bcbfe,The Platform (2019),,https://letterboxd.com/film/the-platform/,2026-06-05T17:35:00+00:00
movie_dc17af0c1784,I Want to Eat Your Pancreas (2018),,https://letterboxd.com/film/i-want-to-eat-your-pancreas/,2026-06-05T17:35:00+00:00
movie_c377ffc41770,Under the Silver Lake (2018),,https://letterboxd.com/film/under-the-silver-lake/,2026-06-05T17:35:00+00:00
movie_0f796a08aa78,BlacKkKlansman (2018),,https://letterboxd.com/film/blackkklansman/,2026-06-05T17:35:00+00:00
movie_7ad9a4b746a7,The Post (2017),,https://letterboxd.com/film/the-post-2017/,2026-06-05T17:35:00+00:00
movie_6041cfd2e1e9,The Death of Stalin (2017),,https://letterboxd.com/film/the-death-of-stalin/,2026-06-05T17:35:00+00:00
movie_0fbc4d3cd8c1,Rogue One: A Star Wars Story (2016),,https://letterboxd.com/film/rogue-one-a-star-wars-story/,2026-06-05T17:35:00+00:00
movie_0e710b8bfef5,Sully (2016),,https://letterboxd.com/film/sully/,2026-06-05T17:35:00+00:00
movie_f91f63c04afc,War Dogs (2016),,https://letterboxd.com/film/war-dogs-2016/,2026-06-05T17:35:00+00:00
movie_dfd0079b3167,Your Name. (2016),,https://letterboxd.com/film/your-name/,2026-06-05T17:35:00+00:00
movie_38797fee8856,Demolition (2015),,https://letterboxd.com/film/demolition/,2026-06-05T17:35:00+00:00
movie_314367d6b4d3,Minions (2015),,https://letterboxd.com/film/minions/,2026-06-05T17:35:00+00:00
movie_79f408d8413e,Sicario (2015),,https://letterboxd.com/film/sicario-2015/,2026-06-05T17:35:00+00:00
movie_525c35b63a53,American Sniper (2014),,https://letterboxd.com/film/american-sniper/,2026-06-05T17:35:00+00:00
movie_ec4fdea0cc9a,Fury (2014),,https://letterboxd.com/film/fury-2014/,2026-06-05T17:35:00+00:00
movie_abb900b7e59b,Edge of Tomorrow (2014),,https://letterboxd.com/film/edge-of-tomorrow/,2026-06-05T17:35:00+00:00
movie_8203d5a0502f,Ratatouille,,,2026-06-05T17:35:33+00:00
movie_2a8de4354d7b,BEEF (2023),,https://letterboxd.com/film/beef-2023/,2026-06-05T17:35:33+00:00
movie_63082b233547,Princess Mononoke (1997),,https://letterboxd.com/film/princess-mononoke/,2026-06-05T17:35:33+00:00
movie_950a94808f6c,Takopi's Original Sin (2025),,https://letterboxd.com/film/takopis-original-sin/,2026-06-05T17:35:40+00:00
movie_cc5920087d78,"Love, Death & Robots: Smart Appliances, Stupid Owners (2025)",,https://letterboxd.com/film/love-death-robots-smart-appliances-stupid/,2026-06-05T17:35:40+00:00
movie_28e9b6297865,"Love, Death & Robots: For He Can Creep (2025)",,https://letterboxd.com/film/love-death-robots-for-he-can-creep/,2026-06-05T17:35:40+00:00
movie_b6269e790a4f,"Love, Death & Robots: The Screaming of the Tyrannosaur (2025)",,https://letterboxd.com/film/love-death-robots-the-screaming-of-the-tyrannosaur/,2026-06-05T17:35:40+00:00
movie_174c3e3b150b,"Love, Death & Robots: 400 Boys (2025)",,https://letterboxd.com/film/love-death-robots-400-boys/,2026-06-05T17:35:40+00:00
movie_62803a67bb33,"Love, Death & Robots: Spider Rose (2025)",,https://letterboxd.com/film/love-death-robots-spider-rose/,2026-06-05T17:35:40+00:00
movie_8a6b3cf08bca,"Love, Death & Robots: How Zeke Got Religion (2025)",,https://letterboxd.com/film/love-death-robots-how-zeke-got-religion/,2026-06-05T17:35:40+00:00
movie_83a251a9b860,When Life Gives You Tangerines (2025),,https://letterboxd.com/film/when-life-gives-you-tangerines-2025/,2026-06-05T17:35:40+00:00
movie_48f9a0f668aa,Ultraman: Rising (2024),,https://letterboxd.com/film/ultraman-rising/,2026-06-05T17:35:40+00:00
movie_b821def2e9a0,I Saw the TV Glow (2024),,https://letterboxd.com/film/i-saw-the-tv-glow/,2026-06-05T17:35:40+00:00
movie_57a14fd61c22,BLUE EYE SAMURAI (2023),,https://letterboxd.com/film/blue-eye-samurai/,2026-06-05T17:35:40+00:00
movie_cbdcf9c69b67,Poison (2023),,https://letterboxd.com/film/poison-2023/,2026-06-05T17:35:40+00:00
movie_5e9db7bb19ed,The Rat Catcher (2023),,https://letterboxd.com/film/the-rat-catcher-2023/,2026-06-05T17:35:40+00:00
movie_4836f7974d71,Adventure Time: Fionna and Cake (2023),,https://letterboxd.com/film/adventure-time-fionna-and-cake/,2026-06-05T17:35:40+00:00
movie_d3a26649f52b,Fast X (2023),,https://letterboxd.com/film/fast-x/,2026-06-05T17:35:40+00:00
movie_cc04ccce4057,The Glory (2022),,https://letterboxd.com/film/the-glory/,2026-06-05T17:35:40+00:00
movie_f6e349dcece0,A Man Called Otto (2022),,https://letterboxd.com/film/a-man-called-otto/,2026-06-05T17:35:40+00:00
movie_21e7c67f4ced,First Love (2022),,https://letterboxd.com/film/first-love-2022-1/,2026-06-05T17:35:40+00:00
movie_1b78d6af2fdf,Cyberpunk: Edgerunners (2022),,https://letterboxd.com/film/cyberpunk-edgerunners/,2026-06-05T17:35:40+00:00
movie_110c09d88160,Blonde (2022),,https://letterboxd.com/film/blonde-2022/,2026-06-05T17:35:40+00:00
movie_4dcbd6f7aed3,Jurassic World Dominion (2022),,https://letterboxd.com/film/jurassic-world-dominion/,2026-06-05T17:35:40+00:00
movie_3a3997bccf2a,"Love, Death & Robots: Kill Team Kill (2022)",,https://letterboxd.com/film/love-death-robots-kill-team-kill/,2026-06-05T17:35:40+00:00
movie_077edb768df0,"Love, Death & Robots: In Vaulted Halls Entombed (2022)",,https://letterboxd.com/film/love-death-robots-in-vaulted-halls-entombed/,2026-06-05T17:35:40+00:00
movie_b4f7a2aa9fa8,"Love, Death & Robots: Mason's Rats (2022)",,https://letterboxd.com/film/love-death-robots-masons-rats/,2026-06-05T17:35:40+00:00
movie_4c5b6f70ade9,"Love, Death & Robots: Night of the Mini Dead (2022)",,https://letterboxd.com/film/love-death-robots-night-of-the-mini-dead/,2026-06-05T17:35:40+00:00
movie_69d1fc99ba31,"Love, Death & Robots: Jibaro (2022)",,https://letterboxd.com/film/love-death-robots-jibaro-2022/,2026-06-05T17:35:40+00:00
movie_3486817954cd,"Love, Death & Robots: Bad Travelling (2022)",,https://letterboxd.com/film/love-death-robots-bad-travelling/,2026-06-05T17:35:40+00:00
movie_1e9eec12cbc5,Nausicaä of the Valley of the Wind,,,2026-06-05T17:36:21+00:00
movie_f8c95e72cb3b,Nausicaä of the Valley of the Wind (1984),,https://letterboxd.com/film/nausicaa-of-the-valley-of-the-wind/,2026-06-05T17:36:21+00:00
movie_05f552d4a9ce,The Theory of Everything (2014),,https://letterboxd.com/film/the-theory-of-everything-2014/,2026-06-05T17:36:21+00:00
movie_17908ad0cfd3,Marty Supreme,,,2026-06-05T17:36:28+00:00
movie_b86cc2dc2976,Another Round (2020),,https://letterboxd.com/film/another-round/,2026-06-05T17:36:28+00:00
movie_7c5bde32c812,Frozen II (2019),,https://letterboxd.com/film/frozen-2/,2026-06-05T17:36:28+00:00
movie_9add5a8ed8ba,Rocketman (2019),,https://letterboxd.com/film/rocketman-2019/,2026-06-05T17:36:28+00:00
movie_1053b1f87079,How to Train Your Dragon: The Hidden World (2019),,https://letterboxd.com/film/how-to-train-your-dragon-the-hidden-world/,2026-06-05T17:36:28+00:00
movie_0668bc476b3e,Aquaman (2018),,https://letterboxd.com/film/aquaman-2018/,2026-06-05T17:36:28+00:00
movie_3fface589e73,Solo: A Star Wars Story (2018),,https://letterboxd.com/film/solo-a-star-wars-story/,2026-06-05T17:36:28+00:00
movie_8611b539b1e9,Maze Runner: The Death Cure (2018),,https://letterboxd.com/film/maze-runner-the-death-cure/,2026-06-05T17:36:28+00:00
movie_1edccb29c11f,Happy Death Day (2017),,https://letterboxd.com/film/happy-death-day/,2026-06-05T17:36:28+00:00
movie_618cebf1a583,War for the Planet of the Apes (2017),,https://letterboxd.com/film/war-for-the-planet-of-the-apes/,2026-06-05T17:36:28+00:00
movie_aec698dda8e0,Wonder Woman (2017),,https://letterboxd.com/film/wonder-woman-2017/,2026-06-05T17:36:28+00:00
movie_36ae6bea8d32,Dead Poets Society,,,2026-06-05T17:36:35+00:00
movie_f64cdb3954e0,Mickey 17,,,2026-06-05T17:37:12+00:00
movie_45a8b53806d9,The Shawshank Redemption (1994),,https://letterboxd.com/film/the-shawshank-redemption/,2026-06-05T17:37:19+00:00
movie_4fedb8a845b6,Taxi Driver (1976),,https://letterboxd.com/film/taxi-driver/,2026-06-05T17:37:19+00:00
movie_9a61211bf546,The Godfather (1972),,https://letterboxd.com/film/the-godfather/,2026-06-05T17:37:19+00:00
movie_c06ab9ed6325,It's What's Inside,,,2026-06-05T17:37:59+00:00
movie_f22d7f850907,It's What's Inside (2024),,https://letterboxd.com/film/its-whats-inside/,2026-06-05T17:37:59+00:00
movie_a764c33e9187,Uncharted (2022),,https://letterboxd.com/film/uncharted-2022/,2026-06-05T17:37:59+00:00
movie_be8fa1d76319,Iron Lung (2026),,https://letterboxd.com/film/iron-lung/,2026-06-05T17:37:59+00:00
movie_748c36bbfc55,Lady Bird (2017),,https://letterboxd.com/film/lady-bird/,2026-06-05T17:38:05+00:00
movie_6a7a7b2c3b89,The Hunger Games: Mockingjay – Part 2 (2015),,https://letterboxd.com/film/the-hunger-games-mockingjay-part-2/,2026-06-05T17:38:05+00:00
movie_db79aeb7af67,The Hunger Games: Mockingjay – Part 1 (2014),,https://letterboxd.com/film/the-hunger-games-mockingjay-part-1/,2026-06-05T17:38:05+00:00
movie_065f629eac50,Lady Bird,,,2026-06-05T17:38:13+00:00
movie_cbe3236e8ab9,Stranger Things 5: The Finale,,,2026-06-05T17:38:56+00:00
movie_7c7049f1f373,Godzilla vs. Kong (2021),,https://letterboxd.com/film/godzilla-vs-kong/,2026-06-05T17:38:56+00:00
movie_debaf8cc1499,Mamma Mia! Here We Go Again (2018),,https://letterboxd.com/film/mamma-mia-here-we-go-again/,2026-06-05T17:38:56+00:00
movie_9940c7872a1a,Jurassic World: Fallen Kingdom (2018),,https://letterboxd.com/film/jurassic-world-fallen-kingdom/,2026-06-05T17:38:56+00:00
movie_2c4ec87a98be,Jumanji: Welcome to the Jungle (2017),,https://letterboxd.com/film/jumanji-welcome-to-the-jungle/,2026-06-05T17:38:56+00:00
movie_f827e627ecd3,Pirates of the Caribbean: Dead Men Tell No Tales (2017),,https://letterboxd.com/film/pirates-of-the-caribbean-dead-men-tell-no-tales/,2026-06-05T17:38:56+00:00
movie_d72dfc3d008f,Kong: Skull Island (2017),,https://letterboxd.com/film/kong-skull-island/,2026-06-05T17:38:56+00:00
movie_4938415b28b5,Now You See Me 2 (2016),,https://letterboxd.com/film/now-you-see-me-2/,2026-06-05T17:38:56+00:00
movie_f22c56bf4b8e,Creed (2015),,https://letterboxd.com/film/creed/,2026-06-05T17:38:56+00:00
movie_40e97d00c481,Ant-Man (2015),,https://letterboxd.com/film/ant-man/,2026-06-05T17:38:56+00:00
movie_4d94c178adbf,Jurassic World (2015),,https://letterboxd.com/film/jurassic-world/,2026-06-05T17:38:56+00:00
movie_e362007d2a8f,Carol (2015),,https://letterboxd.com/film/carol-2015/,2026-06-05T17:38:56+00:00
movie_3f03b03b2f17,Fifty Shades of Grey (2015),,https://letterboxd.com/film/fifty-shades-of-grey/,2026-06-05T17:38:56+00:00
movie_0a8341b0491c,The Interview (2014),,https://letterboxd.com/film/the-interview-2014/,2026-06-05T17:38:56+00:00
movie_2d116ccd1b8e,The Hobbit: The Battle of the Five Armies (2014),,https://letterboxd.com/film/the-hobbit-the-battle-of-the-five-armies/,2026-06-05T17:38:56+00:00
movie_24c371b5dd39,Lucy (2014),,https://letterboxd.com/film/lucy-2014/,2026-06-05T17:38:56+00:00
movie_e03f93e986b3,KPop Demon Hunters,,,2026-06-05T17:39:32+00:00
movie_e2aa4f5f9a22,Superman,,,2026-06-05T17:40:25+00:00
movie_c2797c43b461,The Nice Guys (2016),,https://letterboxd.com/film/the-nice-guys/,2026-06-05T17:40:25+00:00
movie_7d7d1b5eeabf,Casino Royale (2006),,https://letterboxd.com/film/casino-royale-2006/,2026-06-05T17:40:25+00:00
movie_7b0d3305eeb3,White Chicks (2004),,https://letterboxd.com/film/white-chicks/,2026-06-05T17:40:25+00:00
movie_a2c0aa39b88d,Pirates of the Caribbean: The Curse of the Black Pearl (2003),,https://letterboxd.com/film/pirates-of-the-caribbean-the-curse-of-the-black-pearl/,2026-06-05T17:40:25+00:00
movie_a54c1f3f40ee,Jurassic Park (1993),,https://letterboxd.com/film/jurassic-park/,2026-06-05T17:40:25+00:00
movie_a432618b449b,Scary Movie 3 (2003),,https://letterboxd.com/film/scary-movie-3/,2026-06-05T17:41:03+00:00
movie_f7ca583ab99d,Elephant (2003),,https://letterboxd.com/film/elephant-2003/,2026-06-05T17:41:03+00:00
movie_5d7193954a17,1917,,,2026-06-05T17:41:17+00:00
movie_24941c53c538,Forrest Gump,,,2026-06-05T17:41:21+00:00
movie_5569804a1c7b,Weapons,,,2026-06-05T17:42:04+00:00
movie_5aa15fc76cfe,Central Station (1998),,https://letterboxd.com/film/central-station/,2026-06-05T17:42:04+00:00
movie_af30789b68d6,Life Is Beautiful (1997),,https://letterboxd.com/film/life-is-beautiful/,2026-06-05T17:42:04+00:00
movie_8bca3d5ef563,Schindler's List (1993),,https://letterboxd.com/film/schindlers-list/,2026-06-05T17:42:04+00:00
movie_ee229517e9e8,The Empire Strikes Back (1980),,https://letterboxd.com/film/the-empire-strikes-back/,2026-06-05T17:42:04+00:00
movie_f7ce05540a25,Apocalypse Now (1979),,https://letterboxd.com/film/apocalypse-now/,2026-06-05T17:42:04+00:00
movie_f62f786a378f,Barry Lyndon (1975),,https://letterboxd.com/film/barry-lyndon/,2026-06-05T17:42:04+00:00
movie_e93c92fa1bfa,One Flew Over the Cuckoo's Nest (1975),,https://letterboxd.com/film/one-flew-over-the-cuckoos-nest/,2026-06-05T17:42:04+00:00
movie_d30372e9da26,The Godfather Part II (1974),,https://letterboxd.com/film/the-godfather-part-ii/,2026-06-05T17:42:04+00:00
movie_4c0287ed5f66,Rear Window (1954),,https://letterboxd.com/film/rear-window/,2026-06-05T17:42:04+00:00
movie_f86697ee9004,The Rocky Horror Picture Show,,,2026-06-05T17:42:40+00:00
movie_134dc20bdd14,The Rocky Horror Picture Show (1975),,https://letterboxd.com/film/the-rocky-horror-picture-show/,2026-06-05T17:42:40+00:00
movie_ef3bfdeb8bd9,ParaNorman (2012),,https://letterboxd.com/film/paranorman/,2026-06-05T17:42:40+00:00
movie_31bc5d1af996,Saw X (2023),,https://letterboxd.com/film/saw-x/,2026-06-05T17:42:47+00:00
movie_694d591f6cf7,Late Night with the Devil (2023),,https://letterboxd.com/film/late-night-with-the-devil/,2026-06-05T17:42:47+00:00
movie_c088c503b130,The Conjuring: The Devil Made Me Do It (2021),,https://letterboxd.com/film/the-conjuring-the-devil-made-me-do-it/,2026-06-05T17:42:47+00:00
movie_323c35f77985,Borat Subsequent Moviefilm: Delivery of Prodigious Bribe to American Regime for Make Benefit Once Glorious Nation of Kazakhstan (2020),,https://letterboxd.com/film/borat-subsequent-moviefilm-delivery-of-prodigious/,2026-06-05T17:42:47+00:00
movie_1de2a347d168,Run (2020),,https://letterboxd.com/film/run-2020/,2026-06-05T17:42:47+00:00
movie_a8ed54ba39d4,Smiling Friends (2020),,https://letterboxd.com/film/smiling-friends/,2026-06-05T17:42:47+00:00
movie_913535c6a2b8,The Invisible Man (2020),,https://letterboxd.com/film/the-invisible-man-2020/,2026-06-05T17:42:47+00:00
movie_d54aebc1a5a2,Dinner in America (2020),,https://letterboxd.com/film/dinner-in-america/,2026-06-05T17:42:47+00:00
movie_4d69af46b127,Glass (2019),,https://letterboxd.com/film/glass-2019/,2026-06-05T17:42:47+00:00
movie_8b95ba5e8ea5,The Haunting of Hill House (2018),,https://letterboxd.com/film/the-haunting-2018/,2026-06-05T17:42:47+00:00
movie_9ca7333335ed,Christopher Robin (2018),,https://letterboxd.com/film/christopher-robin/,2026-06-05T17:42:47+00:00
movie_39d7b61dabde,Annihilation (2018),,https://letterboxd.com/film/annihilation/,2026-06-05T17:42:47+00:00
movie_c09a43a4b686,The Babysitter (2017),,https://letterboxd.com/film/the-babysitter-2017/,2026-06-05T17:42:47+00:00
movie_8841f77aa04d,ParaNorman,,,2026-06-05T17:42:52+00:00
movie_91878a5a0b80,Send Help,,,2026-06-05T17:43:10+00:00
movie_af295f2a7f53,Megamind,,,2026-06-05T17:43:32+00:00
movie_6c0876cd5355,Megamind (2010),,https://letterboxd.com/film/megamind/,2026-06-05T17:43:32+00:00
movie_c41aadbb28c2,Mission: Impossible (1996),,https://letterboxd.com/film/mission-impossible/,2026-06-05T17:43:32+00:00
movie_34eb980836d6,Airplane! (1980),,https://letterboxd.com/film/airplane/,2026-06-05T17:43:32+00:00
movie_53769c6e91ff,Entergalactic (2022),,https://letterboxd.com/film/entergalactic/,2026-06-05T17:43:38+00:00
movie_4d94ce948592,Crazy Rich Asians (2018),,https://letterboxd.com/film/crazy-rich-asians/,2026-06-05T17:43:38+00:00
movie_42a5bfbfa6d4,Ocean's Eight (2018),,https://letterboxd.com/film/oceans-eight/,2026-06-05T17:43:38+00:00
movie_1c4bf1dd348d,The Lego Batman Movie (2017),,https://letterboxd.com/film/the-lego-batman-movie/,2026-06-05T17:43:38+00:00
movie_0ad33454483f,Hidden Figures (2016),,https://letterboxd.com/film/hidden-figures/,2026-06-05T17:43:38+00:00
movie_098012132e5c,Terrifier (2016),,https://letterboxd.com/film/terrifier-2016/,2026-06-05T17:43:38+00:00
movie_d2c7f10ad797,22 Jump Street (2014),,https://letterboxd.com/film/22-jump-street/,2026-06-05T17:43:38+00:00
movie_efa34b7d7299,Creep (2014),,https://letterboxd.com/film/creep-2014/,2026-06-05T17:43:38+00:00
movie_7fedc847c84d,The Lego Movie (2014),,https://letterboxd.com/film/the-lego-movie/,2026-06-05T17:43:38+00:00
movie_edf68f24d53e,The Dictator (2012),,https://letterboxd.com/film/the-dictator-2012/,2026-06-05T17:43:38+00:00
movie_1d745f50b9b7,21 Jump Street (2012),,https://letterboxd.com/film/21-jump-street/,2026-06-05T17:43:38+00:00
movie_c30f39224ed3,Project X (2012),,https://letterboxd.com/film/project-x-2012/,2026-06-05T17:43:38+00:00
movie_2d2f7d944347,The Cabin in the Woods (2011),,https://letterboxd.com/film/the-cabin-in-the-woods/,2026-06-05T17:43:38+00:00
movie_a0d7abe672a2,The Help (2011),,https://letterboxd.com/film/the-help/,2026-06-05T17:43:38+00:00
movie_ef89bba9dee1,The Hangover Part II (2011),,https://letterboxd.com/film/the-hangover-part-ii/,2026-06-05T17:43:38+00:00
movie_6704185e1bb8,Rango (2011),,https://letterboxd.com/film/rango/,2026-06-05T17:43:38+00:00
movie_311d32626aa3,The Princess and the Frog (2009),,https://letterboxd.com/film/the-princess-and-the-frog/,2026-06-05T17:43:38+00:00
movie_1e01a9ddf501,Slumdog Millionaire (2008),,https://letterboxd.com/film/slumdog-millionaire/,2026-06-05T17:43:38+00:00
movie_84efdd36d929,The House Bunny (2008),,https://letterboxd.com/film/the-house-bunny/,2026-06-05T17:43:38+00:00
movie_4b9796d8ad81,The Godfather,,,2026-06-05T17:44:19+00:00
movie_87ab06c5b420,Psycho (1960),,https://letterboxd.com/film/psycho/,2026-06-05T17:44:19+00:00
movie_4eb00fc1325d,The Usual Suspects (1995),,https://letterboxd.com/film/the-usual-suspects/,2026-06-05T17:44:25+00:00
movie_4ebb97266c19,The Pursuit of Happyness,,,2026-06-05T17:44:30+00:00
movie_920f07b4ba4b,American Psycho,,,2026-06-05T17:44:33+00:00
movie_fd0e5efad24d,Saltburn,,,2026-06-05T17:45:14+00:00
movie_37b816bec1b6,The Northman (2022),,https://letterboxd.com/film/the-northman/,2026-06-05T17:45:21+00:00
movie_56c5e4548465,Old (2021),,https://letterboxd.com/film/old-2021/,2026-06-05T17:45:21+00:00
movie_a5d3530c111d,Titane (2021),,https://letterboxd.com/film/titane/,2026-06-05T17:45:21+00:00
movie_edee64cb1a1c,The Long Walk,,,2026-06-05T17:46:00+00:00
movie_adae527e52f8,Hacksaw Ridge (2016),,https://letterboxd.com/film/hacksaw-ridge/,2026-06-05T17:46:00+00:00
movie_8d5a0816b905,The Secret Life of Walter Mitty (2013),,https://letterboxd.com/film/the-secret-life-of-walter-mitty-2013/,2026-06-05T17:46:08+00:00
movie_d8d48d0e3a2c,The Intouchables (2011),,https://letterboxd.com/film/the-intouchables/,2026-06-05T17:46:08+00:00
movie_16707603eaf6,The Bucket List (2007),,https://letterboxd.com/film/the-bucket-list/,2026-06-05T17:46:08+00:00
movie_a3bf951e1f2f,Borat: Cultural Learnings of America for Make Benefit Glorious Nation of Kazakhstan (2006),,https://letterboxd.com/film/borat-cultural-learnings-of-america-for-make-benefit-glorious-nation-of-kazakhstan/,2026-06-05T17:46:08+00:00
movie_90bbe958f52b,Mysterious Skin (2004),,https://letterboxd.com/film/mysterious-skin/,2026-06-05T17:46:08+00:00
movie_15ecf538933b,Bruce Almighty (2003),,https://letterboxd.com/film/bruce-almighty/,2026-06-05T17:46:08+00:00
movie_afc655b5c558,The Green Mile (1999),,https://letterboxd.com/film/the-green-mile/,2026-06-05T17:46:08+00:00
movie_516f7acc943c,The Blair Witch Project (1999),,https://letterboxd.com/film/the-blair-witch-project/,2026-06-05T17:46:08+00:00
movie_08c00006a10d,Saving Private Ryan (1998),,https://letterboxd.com/film/saving-private-ryan/,2026-06-05T17:46:08+00:00
movie_afac39ca2fea,Neon Genesis Evangelion: The End of Evangelion (1997),,https://letterboxd.com/film/neon-genesis-evangelion-the-end-of-evangelion/,2026-06-05T17:46:08+00:00
movie_0af6cd79e96f,Jumanji (1995),,https://letterboxd.com/film/jumanji/,2026-06-05T17:46:08+00:00
movie_25e43deabdcf,The Backrooms (Found Footage) (2022),,https://letterboxd.com/film/the-backrooms-found-footage/,2026-06-05T17:46:52+00:00
movie_7812d0944dbd,Back to the Future (1985),,https://letterboxd.com/film/back-to-the-future/,2026-06-05T17:46:52+00:00
movie_be6c471ded88,Home Alone,,,2026-06-05T17:47:31+00:00
movie_db468a6ab51c,Seven Samurai,,,2026-06-05T17:48:15+00:00
movie_097e7fd84175,Song of the Sea (2014),,https://letterboxd.com/film/song-of-the-sea/,2026-06-05T17:48:23+00:00
movie_3fde39f4cde4,Pride (2014),,https://letterboxd.com/film/pride-2014/,2026-06-05T17:48:23+00:00
movie_951b96df3d2d,Tokyo Godfathers (2003),,https://letterboxd.com/film/tokyo-godfathers/,2026-06-05T17:48:23+00:00
movie_ce3a5c584818,Lilya 4-ever (2002),,https://letterboxd.com/film/lilya-4-ever/,2026-06-05T17:48:23+00:00
movie_ddc0ca86d926,Amélie (2001),,https://letterboxd.com/film/amelie/,2026-06-05T17:48:23+00:00
movie_0281ad93568f,A Knight's Tale (2001),,https://letterboxd.com/film/a-knights-tale/,2026-06-05T17:48:23+00:00
movie_ec1323a3e86f,Cast Away (2000),,https://letterboxd.com/film/cast-away/,2026-06-05T17:48:23+00:00
movie_a3882ea5d0fe,The Sixth Sense (1999),,https://letterboxd.com/film/the-sixth-sense/,2026-06-05T17:48:23+00:00
movie_d1177dc1d957,The Iron Giant (1999),,https://letterboxd.com/film/the-iron-giant/,2026-06-05T17:48:23+00:00
movie_82ec40b7fe02,American History X (1998),,https://letterboxd.com/film/american-history-x/,2026-06-05T17:48:23+00:00
movie_c43a9cdadd43,The Lion King (1994),,https://letterboxd.com/film/the-lion-king/,2026-06-05T17:48:23+00:00
movie_ae64dfc3a8bf,Groundhog Day (1993),,https://letterboxd.com/film/groundhog-day/,2026-06-05T17:48:23+00:00
movie_57d93c7183e6,Reservoir Dogs (1992),,https://letterboxd.com/film/reservoir-dogs/,2026-06-05T17:48:23+00:00
movie_072de4f114eb,Terminator 2: Judgment Day (1991),,https://letterboxd.com/film/terminator-2-judgment-day/,2026-06-05T17:48:23+00:00
movie_7c926006f0c6,Hook (1991),,https://letterboxd.com/film/hook/,2026-06-05T17:48:23+00:00
movie_6eeb2fa26611,Kiki's Delivery Service (1989),,https://letterboxd.com/film/kikis-delivery-service/,2026-06-05T17:48:23+00:00
movie_9a2680f08749,My Neighbor Totoro (1988),,https://letterboxd.com/film/my-neighbor-totoro/,2026-06-05T17:48:23+00:00
movie_6acf06820d8f,Stand by Me (1986),,https://letterboxd.com/film/stand-by-me/,2026-06-05T17:48:23+00:00
movie_3f0d5096bcaa,Scarface (1983),,https://letterboxd.com/film/scarface-1983/,2026-06-05T17:48:23+00:00
movie_50e9694e960b,E.T. the Extra-Terrestrial (1982),,https://letterboxd.com/film/et-the-extra-terrestrial/,2026-06-05T17:48:23+00:00
movie_778ab2966baf,Raiders of the Lost Ark (1981),,https://letterboxd.com/film/raiders-of-the-lost-ark/,2026-06-05T17:48:23+00:00
movie_e6a8f349cbee,Troy,,,2026-06-05T17:51:41+00:00
movie_9faf5d5e29cc,Troy (2004),,https://letterboxd.com/film/troy/,2026-06-05T17:51:41+00:00
movie_e0f1b1704cc6,Spectre (2015),,https://letterboxd.com/film/spectre-2015/,2026-06-05T17:51:41+00:00
movie_9a21fc364823,Hamilton (2020),,https://letterboxd.com/film/hamilton-2020/,2026-06-05T17:51:45+00:00
movie_1715f68bd969,Ford v Ferrari (2019),,https://letterboxd.com/film/ford-v-ferrari/,2026-06-05T17:51:45+00:00
movie_3444ee406264,Mission: Impossible – Fallout (2018),,https://letterboxd.com/film/mission-impossible-fallout/,2026-06-05T17:51:45+00:00
movie_412c1528a6ab,Paddington 2 (2017),,https://letterboxd.com/film/paddington-2/,2026-06-05T17:51:45+00:00
movie_61e192f121b0,John Wick: Chapter 2 (2017),,https://letterboxd.com/film/john-wick-chapter-2/,2026-06-05T17:51:45+00:00
movie_f6fbd1746a3c,The Big Short,,,2026-06-05T17:51:48+00:00
movie_5e77623630ec,Catch Me If You Can,,,2026-06-05T17:51:50+00:00
movie_c2af5a2ef950,Kika (2025),,https://letterboxd.com/film/kika-2025/,2026-06-05T17:52:07+00:00
movie_18322d67e1c2,The Breakfast Club (1985),,https://letterboxd.com/film/the-breakfast-club/,2026-06-05T17:52:10+00:00
movie_85f8b03224e3,Alien (1979),,https://letterboxd.com/film/alien/,2026-06-05T17:52:10+00:00
movie_b5c3c4740839,Star Wars (1977),,https://letterboxd.com/film/star-wars/,2026-06-05T17:52:10+00:00
movie_4f01cf7ac0d5,2001: A Space Odyssey (1968),,https://letterboxd.com/film/2001-a-space-odyssey/,2026-06-05T17:52:10+00:00
movie_e7c87086347a,The Truman Show,,,2026-06-05T17:52:30+00:00
movie_36f8939747e3,Paddington in Peru (2024),,https://letterboxd.com/film/paddington-in-peru/,2026-06-05T17:52:33+00:00
movie_cda2b276b2cf,Sonic the Hedgehog 2 (2022),,https://letterboxd.com/film/sonic-the-hedgehog-2/,2026-06-05T17:52:33+00:00
movie_fb686a06f46a,Jujutsu Kaisen 0 (2021),,https://letterboxd.com/film/jujutsu-kaisen-0/,2026-06-05T17:52:33+00:00
movie_4c078a8182ae,Scoob! (2020),,https://letterboxd.com/film/scoob/,2026-06-05T17:52:33+00:00
movie_949255a19ce2,Sonic the Hedgehog (2020),,https://letterboxd.com/film/sonic-the-hedgehog/,2026-06-05T17:52:33+00:00
movie_9fc9d751e7fe,Scooby-Doo! Return to Zombie Island (2019),,https://letterboxd.com/film/scooby-doo-return-to-zombie-island/,2026-06-05T17:52:33+00:00
movie_a2979dcddbc0,Fantastic Beasts: The Crimes of Grindelwald (2018),,https://letterboxd.com/film/fantastic-beasts-the-crimes-of-grindelwald/,2026-06-05T17:52:33+00:00
movie_53a653f4c3f3,Halloween (2018),,https://letterboxd.com/film/halloween-2018/,2026-06-05T17:52:33+00:00
movie_a60e1d828f50,The Meg (2018),,https://letterboxd.com/film/the-meg/,2026-06-05T17:52:33+00:00
movie_66572a0a982a,Parasite,,,2026-06-05T17:52:39+00:00
movie_bbc88b6462fe,The Shawshank Redemption,,,2026-06-05T17:52:44+00:00
movie_1b6cf38cc8b6,My Oxford Year (2025),,https://letterboxd.com/film/my-oxford-year/,2026-06-05T17:52:58+00:00
movie_d7a47fbec631,Snow White (2025),,https://letterboxd.com/film/snow-white-2025/,2026-06-05T17:52:58+00:00
movie_d089b3f54e54,The Count of Monte Cristo (2024),,https://letterboxd.com/film/the-count-of-monte-cristo-2024/,2026-06-05T17:52:58+00:00
movie_3a5c2c21ab20,The Three Musketeers: D'Artagnan (2023),,https://letterboxd.com/film/the-three-musketeers-dartagnan/,2026-06-05T17:52:58+00:00
movie_bb832e3ec33e,Mrs. Harris Goes to Paris (2022),,https://letterboxd.com/film/mrs-harris-goes-to-paris/,2026-06-05T17:52:58+00:00
movie_43e0961fc104,The Gray Man (2022),,https://letterboxd.com/film/the-gray-man-2022/,2026-06-05T17:52:58+00:00
movie_e76c95dedad1,The Lost City (2022),,https://letterboxd.com/film/the-lost-city-2022/,2026-06-05T17:52:58+00:00
movie_f77cb71421e5,Death on the Nile (2022),,https://letterboxd.com/film/death-on-the-nile-2022/,2026-06-05T17:52:58+00:00
movie_862c661544f5,The King's Man (2021),,https://letterboxd.com/film/the-kings-man/,2026-06-05T17:52:58+00:00
movie_19dff9c174f8,Sing 2 (2021),,https://letterboxd.com/film/sing-2/,2026-06-05T17:52:58+00:00
movie_4c3263bdd328,Red Notice (2021),,https://letterboxd.com/film/red-notice/,2026-06-05T17:52:58+00:00
movie_d2e647cb0249,To All the Boys: Always and Forever (2021),,https://letterboxd.com/film/to-all-the-boys-always-and-forever/,2026-06-05T17:52:58+00:00
movie_95d5ad814fa1,Wonder Woman 1984 (2020),,https://letterboxd.com/film/wonder-woman-1984/,2026-06-05T17:52:58+00:00
movie_08bf3e7ed083,Holidate (2020),,https://letterboxd.com/film/holidate/,2026-06-05T17:52:58+00:00
movie_85ada891cf97,Love and Monsters (2020),,https://letterboxd.com/film/love-and-monsters/,2026-06-05T17:52:58+00:00
movie_ef3a27e64ed7,Better Days,,,2026-06-05T17:53:38+00:00
movie_2c5b316262b1,Better Days (2019),,https://letterboxd.com/film/better-days-2019/,2026-06-05T17:53:38+00:00
movie_3bf3291d3cf6,Don't Move (2024),,https://letterboxd.com/film/dont-move-2024/,2026-06-05T17:53:42+00:00
movie_44c52b1de88c,Young Hearts (2024),,https://letterboxd.com/film/young-hearts-2024/,2026-06-05T17:53:42+00:00
movie_dbf81ef5d876,HAIKYU!! The Dumpster Battle (2024),,https://letterboxd.com/film/haikyu-the-dumpster-battle/,2026-06-05T17:53:42+00:00
movie_ff4c1aef7f38,Exhuma (2024),,https://letterboxd.com/film/exhuma/,2026-06-05T17:53:42+00:00
movie_fb64e0dd6053,Ballerina (2023),,https://letterboxd.com/film/ballerina-2023/,2026-06-05T17:53:42+00:00
movie_4fee7e426cc6,The Nun II (2023),,https://letterboxd.com/film/the-nun-ii/,2026-06-05T17:53:42+00:00
movie_ebdbe57e5002,"Red, White & Royal Blue (2023)",,https://letterboxd.com/film/red-white-royal-blue/,2026-06-05T17:53:42+00:00
movie_ead80564926d,Monster (2023),,https://letterboxd.com/film/monster-2023/,2026-06-05T17:53:42+00:00
movie_bc27c85a1574,Murder Mystery 2 (2023),,https://letterboxd.com/film/murder-mystery-2/,2026-06-05T17:53:42+00:00
movie_88765419604f,Unlocked (2023),,https://letterboxd.com/film/unlocked-2023/,2026-06-05T17:53:42+00:00
movie_782af0a14c3e,Weak Hero (2022),,https://letterboxd.com/film/weak-hero/,2026-06-05T17:53:42+00:00
movie_597727f8a89c,Enola Holmes 2 (2022),,https://letterboxd.com/film/enola-holmes-2/,2026-06-05T17:53:42+00:00
movie_dbf5dea4a045,20th Century Girl (2022),,https://letterboxd.com/film/20th-century-girl/,2026-06-05T17:53:42+00:00
movie_e6d496b1534a,RRR (2022),,https://letterboxd.com/film/rrr/,2026-06-05T17:53:42+00:00
movie_d7f3f0c72013,Business Proposal (2022),,https://letterboxd.com/film/business-proposal/,2026-06-05T17:53:42+00:00
movie_1a7d7551c197,The Adam Project (2022),,https://letterboxd.com/film/the-adam-project/,2026-06-05T17:53:42+00:00
movie_073686cac8fa,Twenty Five Twenty One (2022),,https://letterboxd.com/film/twenty-five-twenty-one/,2026-06-05T17:53:42+00:00
movie_16464bdec467,The Hating Game (2021),,https://letterboxd.com/film/the-hating-game/,2026-06-05T17:53:42+00:00
movie_bf5e4d3b3e24,The Kissing Booth 3 (2021),,https://letterboxd.com/film/the-kissing-booth-3/,2026-06-05T17:53:42+00:00
movie_c2c63b5fc53a,The Medium (2021),,https://letterboxd.com/film/the-medium-2021/,2026-06-05T17:53:42+00:00
movie_97f89342532a,The Call (2020),,https://letterboxd.com/film/the-call-2020-3/,2026-06-05T17:53:42+00:00
movie_e7e0dc08efd6,The Kissing Booth 2 (2020),,https://letterboxd.com/film/the-kissing-booth-2/,2026-06-05T17:53:42+00:00
movie_64c0b25da67e,#Alive (2020),,https://letterboxd.com/film/alive-2020/,2026-06-05T17:53:42+00:00
movie_05b0d1db8722,Your Name Engraved Herein (2020),,https://letterboxd.com/film/your-name-engraved-herein/,2026-06-05T17:53:42+00:00
movie_15c7f837fa3d,All the Bright Places (2020),,https://letterboxd.com/film/all-the-bright-places/,2026-06-05T17:53:42+00:00
movie_06593dcf8a23,To All the Boys: P.S. I Still Love You (2020),,https://letterboxd.com/film/to-all-the-boys-ps-i-still-love-you/,2026-06-05T17:53:42+00:00
movie_cde34a6eebbb,In the Tall Grass (2019),,https://letterboxd.com/film/in-the-tall-grass-2019/,2026-06-05T17:53:42+00:00
movie_9d34c42dc403,50 First Dates,,,2026-06-05T17:54:01+00:00
movie_77276f192956,50 First Dates (2004),,https://letterboxd.com/film/50-first-dates/,2026-06-05T17:54:01+00:00
movie_3105bf63e493,Rush Hour (1998),,https://letterboxd.com/film/rush-hour/,2026-06-05T17:54:01+00:00
movie_f3e4bd1da7f0,Something Very Bad Is Going to Happen (2026),,https://letterboxd.com/film/something-very-bad-is-going-to-happen/,2026-06-05T17:54:05+00:00
movie_5102157bb89f,GOAT (2026),,https://letterboxd.com/film/goat-2026/,2026-06-05T17:54:05+00:00
movie_8dec5839ba7a,Steve (2025),,https://letterboxd.com/film/steve-2025/,2026-06-05T17:54:05+00:00
movie_d533bbf0a736,The Residence (2025),,https://letterboxd.com/film/the-residence-2025/,2026-06-05T17:54:05+00:00
movie_3687511b31e0,Creed III (2023),,https://letterboxd.com/film/creed-iii/,2026-06-05T17:54:05+00:00
movie_fe4d11645f2e,Waves (2019),,https://letterboxd.com/film/waves-2019/,2026-06-05T17:54:05+00:00
movie_1ab69e40bd7c,Creed II (2018),,https://letterboxd.com/film/creed-ii/,2026-06-05T17:54:05+00:00
movie_4fceb8791818,Justice League (2017),,https://letterboxd.com/film/justice-league/,2026-06-05T17:54:05+00:00
movie_13562630dfab,Man of Steel (2013),,https://letterboxd.com/film/man-of-steel/,2026-06-05T17:54:05+00:00
movie_060a1e001879,Sinners,,,2026-06-05T17:54:09+00:00
movie_3fa02c9900af,A Cinderella Story,,,2026-06-05T17:54:27+00:00
movie_acd867d7c7bd,Lee Cronin's The Mummy,,,2026-06-05T17:54:31+00:00
movie_07b657208acd,Deep Cover (2025),,https://letterboxd.com/film/deep-cover-2025/,2026-06-05T17:54:31+00:00
movie_69937f429673,Ghostbusters: Frozen Empire (2024),,https://letterboxd.com/film/ghostbusters-frozen-empire/,2026-06-05T17:54:31+00:00
movie_7edb2ae08437,Ghosted (2023),,https://letterboxd.com/film/ghosted-2023/,2026-06-05T17:54:31+00:00
movie_f64186bf8a17,The Pope's Exorcist (2023),,https://letterboxd.com/film/the-popes-exorcist/,2026-06-05T17:54:31+00:00
movie_9a9eca3296d4,Shazam! Fury of the Gods (2023),,https://letterboxd.com/film/shazam-fury-of-the-gods/,2026-06-05T17:54:31+00:00
movie_17edb64c4c23,Sisu (2022),,https://letterboxd.com/film/sisu-2022/,2026-06-05T17:54:31+00:00
movie_b51534c718cc,The Man from Toronto (2022),,https://letterboxd.com/film/the-man-from-toronto-2022/,2026-06-05T17:54:31+00:00
movie_2c752bb10597,Ms. Marvel (2022),,https://letterboxd.com/film/ms-marvel/,2026-06-05T17:54:31+00:00
movie_388050edcbc8,Morbius (2022),,https://letterboxd.com/film/morbius/,2026-06-05T17:54:31+00:00
movie_c42f9147a21b,The Bad Guys (2022),,https://letterboxd.com/film/the-bad-guys-2022/,2026-06-05T17:54:31+00:00
movie_22b85a92f8d0,Deep Water (2022),,https://letterboxd.com/film/deep-water-2022/,2026-06-05T17:54:31+00:00
movie_fc63ac502462,Hotel Transylvania: Transformania (2022),,https://letterboxd.com/film/hotel-transylvania-transformania/,2026-06-05T17:54:31+00:00
movie_3ba2e107f39b,Resident Evil: Welcome to Raccoon City (2021),,https://letterboxd.com/film/resident-evil-welcome-to-raccoon-city/,2026-06-05T17:54:31+00:00
movie_e7c818d5f9dc,Hawkeye (2021),,https://letterboxd.com/film/hawkeye-2021/,2026-06-05T17:54:31+00:00
movie_475ba0568cc1,Ghostbusters: Afterlife (2021),,https://letterboxd.com/film/ghostbusters-afterlife/,2026-06-05T17:54:31+00:00
movie_7ecf1412da50,Fear Street: 1666 (2021),,https://letterboxd.com/film/fear-street-1666/,2026-06-05T17:54:31+00:00
movie_c6751f2a9a1a,Fear Street: 1978 (2021),,https://letterboxd.com/film/fear-street-1978/,2026-06-05T17:54:31+00:00
movie_56f724029d12,Fear Street: 1994 (2021),,https://letterboxd.com/film/fear-street-1994/,2026-06-05T17:54:31+00:00
movie_4f70e440d05a,Hitman's Wife's Bodyguard (2021),,https://letterboxd.com/film/hitmans-wifes-bodyguard/,2026-06-05T17:54:31+00:00
movie_3f120eb953dc,The Wolf of Wall Street,,,2026-06-05T17:54:35+00:00
movie_8a071e98aca6,21 Jump Street,,,2026-06-05T17:54:36+00:00
movie_e47c2602d0da,"I Love You, Man",,,2026-06-05T17:54:38+00:00
movie_92d2c0aa9627,Jennifer's Body,,,2026-06-05T17:54:47+00:00
movie_8b4995291638,Snatch,,,2026-06-05T17:54:51+00:00
movie_0028bc90480d,The Proposal,,,2026-06-05T17:54:54+00:00
movie_e67559861085,Incredibles 2,,,2026-06-05T17:54:55+00:00
movie_b2fb49fc6556,Bones and All,,,2026-06-05T17:55:02+00:00
movie_ec3ad3b74872,"Girl, Interrupted (1999)",,https://letterboxd.com/film/girl-interrupted/,2026-06-05T17:55:05+00:00
movie_690c7a092518,Inglourious Basterds,,,2026-06-05T17:55:25+00:00
movie_c5d6b213544d,The Prince of Egypt,,,2026-06-05T17:55:47+00:00
movie_20054b16d875,The Prince of Egypt (1998),,https://letterboxd.com/film/the-prince-of-egypt/,2026-06-05T17:55:47+00:00
movie_4e996993f84c,Remarkably Bright Creatures,,,2026-06-05T17:56:11+00:00
movie_5d69cccccfa3,Spider-Man: Beyond the Spider-Verse,,,2026-06-05T17:56:15+00:00
movie_13870ad9f3f1,Spider-Man: Beyond the Spider-Verse (2027),,https://letterboxd.com/film/spider-man-beyond-the-spider-verse/,2026-06-05T17:56:15+00:00
movie_c7101b3bdd85,Dune: Part Three (2026),,https://letterboxd.com/film/dune-part-three/,2026-06-05T17:56:15+00:00
movie_86237bf1cf07,Spider-Man: Brand New Day (2026),,https://letterboxd.com/film/spider-man-brand-new-day/,2026-06-05T17:56:15+00:00
movie_f203c61c6a2d,Remarkably Bright Creatures (2026),,https://letterboxd.com/film/remarkably-bright-creatures/,2026-06-05T17:56:15+00:00
movie_5c7e92181708,Aquaman and the Lost Kingdom (2023),,https://letterboxd.com/film/aquaman-and-the-lost-kingdom/,2026-06-05T17:56:15+00:00
movie_6178a5b634b7,Migration (2023),,https://letterboxd.com/film/migration-2023/,2026-06-05T17:56:15+00:00
movie_67316408fb9e,Trolls Band Together (2023),,https://letterboxd.com/film/trolls-band-together/,2026-06-05T17:56:15+00:00
movie_b57329369460,Meg 2: The Trench (2023),,https://letterboxd.com/film/meg-2-the-trench/,2026-06-05T17:56:15+00:00
movie_4a5abf16ec5b,Transformers: Rise of the Beasts (2023),,https://letterboxd.com/film/transformers-rise-of-the-beasts/,2026-06-05T17:56:15+00:00
movie_b15f224d9221,Operation Fortune: Ruse de Guerre (2023),,https://letterboxd.com/film/operation-fortune-ruse-de-guerre/,2026-06-05T17:56:15+00:00
movie_c4d704a92cc7,Obi-Wan Kenobi (2022),,https://letterboxd.com/film/obi-wan-kenobi/,2026-06-05T17:56:15+00:00
movie_ff54ba2610f9,Fantastic Beasts: The Secrets of Dumbledore (2022),,https://letterboxd.com/film/fantastic-beasts-the-secrets-of-dumbledore/,2026-06-05T17:56:15+00:00
movie_f6567cafae6e,Jungle Cruise (2021),,https://letterboxd.com/film/jungle-cruise/,2026-06-05T17:56:15+00:00
movie_adde1e59afab,F9 (2021),,https://letterboxd.com/film/f9/,2026-06-05T17:56:15+00:00
movie_3108a266e68e,2 Fast 2 Furious (2003),,https://letterboxd.com/film/2-fast-2-furious/,2026-06-05T17:56:33+00:00
movie_d14891fa15bd,Samay Raina: Still Alive,,,2026-06-05T17:56:37+00:00
movie_f31bf197177d,Samay Raina: Still Alive (2026),,https://letterboxd.com/film/samay-raina-still-alive/,2026-06-05T17:56:37+00:00
movie_b0d230d2ffdb,Dhurandhar The Revenge (2026),,https://letterboxd.com/film/dhurandhar-the-revenge/,2026-06-05T17:56:37+00:00
movie_1d9d186e7275,Dhurandhar (2025),,https://letterboxd.com/film/dhurandhar/,2026-06-05T17:56:37+00:00
movie_e55b75cd67cd,Bāhubali: The Epic (2025),,https://letterboxd.com/film/bahubali-the-epic/,2026-06-05T17:56:37+00:00
movie_1596231b5e66,Sitaare Zameen Par (2025),,https://letterboxd.com/film/sitaare-zameen-par/,2026-06-05T17:56:37+00:00
movie_6d2b9bc1c0a9,Housefull 5 (2025),,https://letterboxd.com/film/housefull-5/,2026-06-05T17:56:37+00:00
movie_82d317813e7f,Pushpa 2 - The Rule (2024),,https://letterboxd.com/film/pushpa-2-the-rule/,2026-06-05T17:56:37+00:00
movie_eb07dfe84884,Singham Again (2024),,https://letterboxd.com/film/singham-again/,2026-06-05T17:56:37+00:00
movie_79e8fa23e0f2,Lucky Baskhar (2024),,https://letterboxd.com/film/lucky-baskhar/,2026-06-05T17:56:37+00:00
movie_9e88d7621323,Jigra (2024),,https://letterboxd.com/film/jigra/,2026-06-05T17:56:37+00:00
movie_d98c92b24287,Meiyazhagan (2024),,https://letterboxd.com/film/meiyazhagan/,2026-06-05T17:56:37+00:00
movie_cdf0d60946ce,Kalki 2898-AD (2024),,https://letterboxd.com/film/kalki-2898-ad/,2026-06-05T17:56:37+00:00
movie_6a39fc509260,Bade Miyan Chote Miyan (2024),,https://letterboxd.com/film/bade-miyan-chote-miyan-2024/,2026-06-05T17:56:37+00:00
movie_ec3ffd5d24eb,Aavesham (2024),,https://letterboxd.com/film/aavesham-2024/,2026-06-05T17:56:37+00:00
movie_18bbc82515d7,The Family Star (2024),,https://letterboxd.com/film/the-family-star/,2026-06-05T17:56:37+00:00
movie_1ff5e41b7458,Crew (2024),,https://letterboxd.com/film/crew-2024/,2026-06-05T17:56:37+00:00
movie_f91229f9de5f,Madgaon Express (2024),,https://letterboxd.com/film/madgaon-express/,2026-06-05T17:56:37+00:00
movie_987e7fd572ae,Manjummel Boys (2024),,https://letterboxd.com/film/manjummel-boys/,2026-06-05T17:56:37+00:00
movie_91243a173376,Premalu (2024),,https://letterboxd.com/film/premalu/,2026-06-05T17:56:37+00:00
movie_b52d9b444c33,Salaar: Part 1 - Ceasefire (2023),,https://letterboxd.com/film/salaar-part-1-ceasefire/,2026-06-05T17:56:37+00:00
movie_4f7dfcd9152f,Dunki (2023),,https://letterboxd.com/film/dunki/,2026-06-05T17:56:37+00:00
movie_36205a41d0fd,Hi Nanna (2023),,https://letterboxd.com/film/hi-nanna/,2026-06-05T17:56:37+00:00
movie_7946e2d6a161,Sam Bahadur (2023),,https://letterboxd.com/film/sam-bahadur/,2026-06-05T17:56:37+00:00
movie_b0ce89f3b81e,Animal (2023),,https://letterboxd.com/film/animal-2023/,2026-06-05T17:56:37+00:00
movie_02cfe01f9b0c,Tiger 3 (2023),,https://letterboxd.com/film/tiger-3/,2026-06-05T17:56:37+00:00
movie_2190420473fb,Leo (2023),,https://letterboxd.com/film/leo-2023-1/,2026-06-05T17:56:37+00:00
movie_dacc7cb9c018,Lost Ladies (2023),,https://letterboxd.com/film/lost-ladies/,2026-06-05T17:56:37+00:00
movie_e653fcca6580,Jawan (2023),,https://letterboxd.com/film/jawan/,2026-06-05T17:56:37+00:00
movie_0eb375574029,OMG 2 (2023),,https://letterboxd.com/film/omg-2/,2026-06-05T17:56:37+00:00
movie_eacd93350f44,12th Fail (2023),,https://letterboxd.com/film/12th-fail/,2026-06-05T17:56:37+00:00
movie_7a0826051431,Tu Jhoothi Main Makkaar (2023),,https://letterboxd.com/film/tu-jhoothi-main-makkaar/,2026-06-05T17:56:37+00:00
movie_5131127ce0e7,Pathaan (2023),,https://letterboxd.com/film/pathaan/,2026-06-05T17:56:37+00:00
movie_199df6216d9c,Bhediya (2022),,https://letterboxd.com/film/bhediya/,2026-06-05T17:56:37+00:00
movie_a35a22da220c,Drishyam 2 (2022),,https://letterboxd.com/film/drishyam-2-2022/,2026-06-05T17:56:37+00:00
movie_63da1b66d0d0,Doctor G (2022),,https://letterboxd.com/film/doctor-g/,2026-06-05T17:56:37+00:00
movie_b1ec928949ad,Liger (2022),,https://letterboxd.com/film/liger/,2026-06-05T17:56:37+00:00
movie_ee297bb3b051,Prey (2022),,https://letterboxd.com/film/prey-2022/,2026-06-05T17:56:37+00:00
movie_3025df76fd78,777 Charlie (2022),,https://letterboxd.com/film/777-charlie/,2026-06-05T17:56:37+00:00
movie_a164f300423b,K.G.F: Chapter 2 (2022),,https://letterboxd.com/film/kgf-chapter-2/,2026-06-05T17:56:37+00:00
movie_324c02a45662,Blade Runner (1982),,https://letterboxd.com/film/blade-runner/,2026-06-05T17:56:57+00:00
movie_fea8c8ba25e6,A Big Bold Beautiful Journey (2025),,https://letterboxd.com/film/a-big-bold-beautiful-journey/,2026-06-05T17:57:01+00:00
movie_631846150059,After the Hunt (2025),,https://letterboxd.com/film/after-the-hunt-2025/,2026-06-05T17:57:01+00:00
movie_7352f6854383,The Last One for the Road (2025),,https://letterboxd.com/film/the-last-one-for-the-road/,2026-06-05T17:57:01+00:00
movie_12c02c3f2bfa,Emmanuelle (2024),,https://letterboxd.com/film/emmanuelle-2024/,2026-06-05T17:57:01+00:00
movie_fa589e77bbac,Kinds of Kindness (2024),,https://letterboxd.com/film/kinds-of-kindness/,2026-06-05T17:57:01+00:00
movie_4c41ad9c6973,There's Still Tomorrow (2023),,https://letterboxd.com/film/theres-still-tomorrow/,2026-06-05T17:57:01+00:00
movie_449b232c8cfc,Daisy Jones & the Six (2023),,https://letterboxd.com/film/daisy-jones-the-six/,2026-06-05T17:57:01+00:00
movie_79698043686d,Scrapper (2023),,https://letterboxd.com/film/scrapper-2023/,2026-06-05T17:57:01+00:00
movie_2f7aaf6aa94d,C'mon C'mon (2021),,https://letterboxd.com/film/cmon-cmon/,2026-06-05T17:57:01+00:00
movie_94505ea586e6,Malcolm & Marie (2021),,https://letterboxd.com/film/malcolm-marie/,2026-06-05T17:57:01+00:00
movie_7c03a42ab867,Normal People (2020),,https://letterboxd.com/film/normal-people-2020/,2026-06-05T17:57:01+00:00
movie_1e6023b87e32,A Rainy Day in New York (2019),,https://letterboxd.com/film/a-rainy-day-in-new-york/,2026-06-05T17:57:01+00:00
movie_47ab23f81116,Happy as Lazzaro (2018),,https://letterboxd.com/film/happy-as-lazzaro/,2026-06-05T17:57:01+00:00
movie_d49f6f3d4e22,The Florida Project (2017),,https://letterboxd.com/film/the-florida-project/,2026-06-05T17:57:01+00:00
movie_4d2009d2141f,Collateral Beauty (2016),,https://letterboxd.com/film/collateral-beauty/,2026-06-05T17:57:01+00:00
movie_a7e7593883c4,Allied (2016),,https://letterboxd.com/film/allied/,2026-06-05T17:57:01+00:00
movie_740d94a93e7a,Alice Through the Looking Glass (2016),,https://letterboxd.com/film/alice-through-the-looking-glass-2016/,2026-06-05T17:57:01+00:00
movie_2aeec75104db,Café Society (2016),,https://letterboxd.com/film/cafe-society-2016/,2026-06-05T17:57:01+00:00
movie_3ec36368c63f,By the Sea (2015),,https://letterboxd.com/film/by-the-sea-2015/,2026-06-05T17:57:01+00:00
movie_f1aaf4e98f13,Focus (2015),,https://letterboxd.com/film/focus-2015/,2026-06-05T17:57:01+00:00
movie_82333dfddc51,Mortdecai (2015),,https://letterboxd.com/film/mortdecai/,2026-06-05T17:57:01+00:00
movie_ad593dc0c0e8,Big Eyes (2014),,https://letterboxd.com/film/big-eyes/,2026-06-05T17:57:01+00:00
movie_52f60cd38c50,Notting Hill,,,2026-06-05T17:57:50+00:00
movie_7ba6e9ace715,Kingsman: The Secret Service (2014),,https://letterboxd.com/film/kingsman-the-secret-service/,2026-06-05T17:58:32+00:00
movie_ef4b25cd493e,The Tree of Life (2011),,https://letterboxd.com/film/the-tree-of-life-2011/,2026-06-05T17:58:32+00:00
movie_2b5af3afd070,Mr. & Mrs. Smith (2005),,https://letterboxd.com/film/mr-mrs-smith-2005/,2026-06-05T17:58:32+00:00
movie_e23ae66c3b64,The Royal Tenenbaums (2001),,https://letterboxd.com/film/the-royal-tenenbaums/,2026-06-05T17:58:32+00:00
movie_aa93ec3f0af6,In the Mood for Love (2000),,https://letterboxd.com/film/in-the-mood-for-love/,2026-06-05T17:58:32+00:00
movie_71581a8528f6,American Beauty (1999),,https://letterboxd.com/film/american-beauty/,2026-06-05T17:58:32+00:00
movie_d06efe508965,If Wishes Could Kill (2026),,https://letterboxd.com/film/if-wishes-could-kill/,2026-06-05T17:59:00+00:00
movie_bd6a477173b0,Agatha Christie's Seven Dials (2026),,https://letterboxd.com/film/agatha-christies-seven-dials/,2026-06-05T17:59:00+00:00
movie_f87bb04bf1e5,Raat Akeli Hai - The Bansal Murders (2025),,https://letterboxd.com/film/raat-akeli-hai-the-bansal-murders/,2026-06-05T17:59:00+00:00
movie_3f1e16d96f98,The Beast in Me (2025),,https://letterboxd.com/film/the-beast-in-me/,2026-06-05T17:59:00+00:00
movie_04518fb2afc8,Baramulla (2025),,https://letterboxd.com/film/baramulla/,2026-06-05T17:59:00+00:00
movie_736fe0296184,The Great Flood (2025),,https://letterboxd.com/film/the-great-flood-2025/,2026-06-05T17:59:00+00:00
movie_75751b818827,The Girlfriend (2025),,https://letterboxd.com/film/the-girlfriend-2025/,2026-06-05T17:59:00+00:00
movie_e51b0319a3f3,Re/Member: The Last Night (2025),,https://letterboxd.com/film/re-member-the-last-night/,2026-06-05T17:59:00+00:00
movie_bf44e8d724ae,Love Untangled (2025),,https://letterboxd.com/film/love-untangled/,2026-06-05T17:59:00+00:00
movie_23ea505d6eec,Pretty Crazy (2025),,https://letterboxd.com/film/pretty-crazy/,2026-06-05T17:59:00+00:00
movie_d2b902bfe430,Dhadak 2 (2025),,https://letterboxd.com/film/dhadak-2/,2026-06-05T17:59:00+00:00
movie_feafa1eac010,Saiyaara (2025),,https://letterboxd.com/film/saiyaara/,2026-06-05T17:59:00+00:00
movie_23a11c339cd9,I Know What You Did Last Summer (2025),,https://letterboxd.com/film/i-know-what-you-did-last-summer-2025/,2026-06-05T17:59:00+00:00
movie_ad6db43082ac,Friendly Rivalry (2025),,https://letterboxd.com/film/friendly-rivalry/,2026-06-05T17:59:00+00:00
movie_ec26fe8b2606,Study Group (2025),,https://letterboxd.com/film/study-group/,2026-06-05T17:59:00+00:00
movie_324792b3eaa8,Squid Game: Making Season 2 (2025),,https://letterboxd.com/film/squid-game-making-season-2/,2026-06-05T17:59:00+00:00
movie_a3cbde19fe55,The Boy Who Harnessed the Wind (2019),,https://letterboxd.com/film/the-boy-who-harnessed-the-wind/,2026-06-05T17:59:00+00:00
movie_cf5b22cc959d,The Wailing (2016),,https://letterboxd.com/film/the-wailing/,2026-06-05T17:59:00+00:00
movie_76262e3ebb4b,Dunkirk,,,2026-06-05T17:59:27+00:00
movie_d9c6a55c9580,Apocalypse Now,,,2026-06-05T17:59:48+00:00
movie_1625e9a04ec5,The Deer Hunter (1978),,https://letterboxd.com/film/the-deer-hunter/,2026-06-05T17:59:48+00:00
movie_8e728f88e8ff,Over the Hedge (2006),,https://letterboxd.com/film/over-the-hedge/,2026-06-05T17:59:48+00:00
movie_2ec9d801368a,Dune: Part Two,,,2026-06-05T17:59:51+00:00
movie_0e73359c7bb2,The Peanut Butter Falcon (2019),,https://letterboxd.com/film/the-peanut-butter-falcon/,2026-06-05T17:59:51+00:00
movie_55b1ba21546b,X-Men: Apocalypse (2016),,https://letterboxd.com/film/x-men-apocalypse/,2026-06-05T17:59:51+00:00
movie_f69ff4776784,Allegiant (2016),,https://letterboxd.com/film/allegiant/,2026-06-05T17:59:51+00:00
movie_074063dac7d1,Pan (2015),,https://letterboxd.com/film/pan-2015/,2026-06-05T17:59:51+00:00
movie_72e2f8920549,Maze Runner: The Scorch Trials (2015),,https://letterboxd.com/film/maze-runner-the-scorch-trials/,2026-06-05T17:59:51+00:00
movie_635152a2d378,Pixels (2015),,https://letterboxd.com/film/pixels-2015/,2026-06-05T17:59:51+00:00
movie_503d99d63fc1,Insurgent (2015),,https://letterboxd.com/film/insurgent/,2026-06-05T17:59:51+00:00
movie_8b3b25ded35d,Night at the Museum: Secret of the Tomb (2014),,https://letterboxd.com/film/night-at-the-museum-secret-of-the-tomb/,2026-06-05T17:59:51+00:00
movie_a19322ab98b5,Paddington (2014),,https://letterboxd.com/film/paddington/,2026-06-05T17:59:51+00:00
movie_484b3f9ae022,Dawn of the Planet of the Apes (2014),,https://letterboxd.com/film/dawn-of-the-planet-of-the-apes/,2026-06-05T17:59:51+00:00
movie_21f233626251,X-Men: Days of Future Past (2014),,https://letterboxd.com/film/x-men-days-of-future-past/,2026-06-05T17:59:51+00:00
movie_fe0da7379073,Divergent (2014),,https://letterboxd.com/film/divergent/,2026-06-05T17:59:51+00:00
movie_ad312527c811,The Hobbit: The Desolation of Smaug (2013),,https://letterboxd.com/film/the-hobbit-the-desolation-of-smaug/,2026-06-05T17:59:51+00:00
movie_5914f37bdb9d,Snowpiercer (2013),,https://letterboxd.com/film/snowpiercer/,2026-06-05T17:59:51+00:00
movie_fe7ef71e80bd,The Wolverine (2013),,https://letterboxd.com/film/the-wolverine/,2026-06-05T17:59:51+00:00
movie_165ff3eb547f,Grown Ups 2 (2013),,https://letterboxd.com/film/grown-ups-2/,2026-06-05T17:59:51+00:00
movie_1e243276b819,The Lone Ranger (2013),,https://letterboxd.com/film/the-lone-ranger/,2026-06-05T17:59:51+00:00
movie_ba3eb67c2fbc,Now You See Me (2013),,https://letterboxd.com/film/now-you-see-me/,2026-06-05T17:59:51+00:00
movie_a9ac7949a2a2,Turbo (2013),,https://letterboxd.com/film/turbo/,2026-06-05T17:59:51+00:00
movie_942d6d07766d,Iron Man 3 (2013),,https://letterboxd.com/film/iron-man-3/,2026-06-05T17:59:51+00:00
movie_a62185905ebb,The Hobbit: An Unexpected Journey (2012),,https://letterboxd.com/film/the-hobbit-an-unexpected-journey/,2026-06-05T17:59:51+00:00
movie_3a11695339b0,Rise of the Guardians (2012),,https://letterboxd.com/film/rise-of-the-guardians/,2026-06-05T17:59:51+00:00
movie_e519ceebd7cd,Hotel Transylvania (2012),,https://letterboxd.com/film/hotel-transylvania/,2026-06-05T17:59:51+00:00
movie_1c9a581eb705,Zodiac,,,2026-06-05T17:59:54+00:00
movie_3845689e3318,Night at the Museum,,,2026-06-05T17:59:55+00:00
movie_d14d0e899da0,Hokum (2026),,https://letterboxd.com/film/hokum/,2026-06-05T18:00:18+00:00
movie_7cbaf9df7370,Guru (2025),,https://letterboxd.com/film/guru-2025/,2026-06-05T18:00:18+00:00
movie_cf6e62be61e4,My Fault: London (2025),,https://letterboxd.com/film/my-fault-london/,2026-06-05T18:00:18+00:00
movie_6ef7ec674375,Mufasa: The Lion King (2024),,https://letterboxd.com/film/mufasa-the-lion-king/,2026-06-05T18:00:18+00:00
movie_7dc0624f96d3,Uglies (2024),,https://letterboxd.com/film/uglies/,2026-06-05T18:00:18+00:00
movie_2ce6853bbf1e,Speak No Evil (2024),,https://letterboxd.com/film/speak-no-evil-2024/,2026-06-05T18:00:18+00:00
movie_2294cac50a81,DAN DA DAN: First Encounter (2024),,https://letterboxd.com/film/dan-da-dan-first-encounter/,2026-06-05T18:00:18+00:00
movie_e8a86e01a8aa,Beating Hearts (2024),,https://letterboxd.com/film/beating-hearts-2024/,2026-06-05T18:00:18+00:00
movie_df56a35d4463,Fiasco (2024),,https://letterboxd.com/film/fiasco-2024/,2026-06-05T18:00:18+00:00
movie_5507dbc3eccf,Lisa Frankenstein (2024),,https://letterboxd.com/film/lisa-frankenstein/,2026-06-05T18:00:18+00:00
movie_daddd2e2d7ca,Argylle (2024),,https://letterboxd.com/film/argylle/,2026-06-05T18:00:18+00:00
movie_7b6dd5c2873f,Wish (2023),,https://letterboxd.com/film/wish-2023/,2026-06-05T18:00:18+00:00
movie_ead82ca0f86a,"Miraculous: Ladybug & Cat Noir, The Movie (2023)",,https://letterboxd.com/film/miraculous-ladybug-cat-noir-the-movie/,2026-06-05T18:00:18+00:00
movie_e955f247d7c8,Asterix & Obelix: The Middle Kingdom (2023),,https://letterboxd.com/film/asterix-obelix-the-middle-kingdom/,2026-06-05T18:00:18+00:00
movie_88affeda77be,Tucker and Dale vs. Evil (2010),,https://letterboxd.com/film/tucker-and-dale-vs-evil/,2026-06-05T18:00:36+00:00
movie_673f55ae7046,Monster (2004),,https://letterboxd.com/film/monster-2004/,2026-06-05T18:00:36+00:00
movie_5af9bf5d6ed2,Fullmetal Alchemist: Brotherhood (2009),,https://letterboxd.com/film/fullmetal-alchemist-brotherhood/,2026-06-05T18:00:36+00:00
movie_183e419df931,Fall (2022),,https://letterboxd.com/film/fall-2022/,2026-06-05T18:00:40+00:00
movie_4c8ef97c9f23,Onward (2020),,https://letterboxd.com/film/onward-2020/,2026-06-05T18:00:40+00:00
movie_13d813b9a1d4,Vinland Saga (2019),,https://letterboxd.com/film/vinland-saga/,2026-06-05T18:00:40+00:00
movie_d27bc6c36b27,Annabelle Comes Home (2019),,https://letterboxd.com/film/annabelle-comes-home/,2026-06-05T18:00:40+00:00
movie_7b6e2d1a877f,Gladiator,,,2026-06-05T18:01:01+00:00
movie_921c466675df,The Other Bennet Sister (2026),,https://letterboxd.com/film/the-other-bennet-sister/,2026-06-05T18:01:26+00:00
movie_efe830e8dff1,One Piece Fan Letter (2024),,https://letterboxd.com/film/one-piece-fan-letter/,2026-06-05T18:01:26+00:00
movie_6eedd2c606b0,The Grand Tour: One For The Road (2024),,https://letterboxd.com/film/the-grand-tour-one-for-the-road/,2026-06-05T18:01:26+00:00
movie_77188f4291cf,It Ends with Us (2024),,https://letterboxd.com/film/it-ends-with-us/,2026-06-05T18:01:26+00:00
movie_5d2e1bcc992c,Memoir of a Snail (2024),,https://letterboxd.com/film/memoir-of-a-snail/,2026-06-05T18:01:26+00:00
movie_eca612b53726,The Apothecary Diaries (2023),,https://letterboxd.com/film/the-apothecary-diaries/,2026-06-05T18:01:26+00:00
movie_8d2d2b4bba25,Cunk on Earth (2022),,https://letterboxd.com/film/cunk-on-earth/,2026-06-05T18:01:26+00:00
movie_84eea13003ee,Maid (2021),,https://letterboxd.com/film/maid-2021/,2026-06-05T18:01:26+00:00
movie_7c3f22e8ff06,Bo Burnham: Inside (2021),,https://letterboxd.com/film/bo-burnham-inside/,2026-06-05T18:01:26+00:00
movie_ea1aa019af0f,National Theatre Live: Fleabag (2019),,https://letterboxd.com/film/national-theatre-live-fleabag/,2026-06-05T18:01:26+00:00
movie_6ac39f8bc911,HOMECOMING: A film by Beyoncé (2019),,https://letterboxd.com/film/homecoming-a-film-by-beyonce/,2026-06-05T18:01:26+00:00
movie_03bccfcdc031,Getting the Old Scent Again: Reimagining Red Dragon (2015),,https://letterboxd.com/film/getting-the-old-scent-again-reimagining-red-dragon/,2026-06-05T18:01:26+00:00
movie_64cca6bce6f4,Your Lie in April (2014),,https://letterboxd.com/film/your-lie-in-april-2014/,2026-06-05T18:01:26+00:00
movie_07c20c1a7587,Harry Potter and the Goblet of Fire,,,2026-06-05T18:01:46+00:00
movie_fe3ad67927af,Mussolini: Son of the Century (2024),,https://letterboxd.com/film/mussolini-son-of-the-century/,2026-06-05T18:02:37+00:00
movie_9061cbefc859,Pinocchio (2022),,https://letterboxd.com/film/pinocchio-2022/,2026-06-05T18:02:37+00:00
movie_a59493166665,Maleficent: Mistress of Evil (2019),,https://letterboxd.com/film/maleficent-mistress-of-evil/,2026-06-05T18:02:37+00:00
movie_577533492527,SK8 the Infinity (2021),,https://letterboxd.com/film/sk8-the-infinity/,2026-06-05T18:03:41+00:00
movie_bc5ee013a4e1,Anaconda,,,2026-06-05T18:03:44+00:00
movie_28bfdae764be,Agak Laen: Menyala Pantiku! (2025),,https://letterboxd.com/film/agak-laen-menyala-pantiku/,2026-06-05T18:03:44+00:00
movie_4978be22f586,Sosok Ketiga: Lintrik (2025),,https://letterboxd.com/film/sosok-ketiga-lintrik/,2026-06-05T18:03:44+00:00
movie_2a1217dcd218,Shutter (2025),,https://letterboxd.com/film/shutter-2025-3/,2026-06-05T18:03:44+00:00
movie_58d7febc93a0,The Elixir (2025),,https://letterboxd.com/film/the-elixir-2025/,2026-06-05T18:03:44+00:00
movie_f5a888b6711f,Kang Solah from Kang Mak x Nenek Gayung (2025),,https://letterboxd.com/film/kang-solah-from-kang-mak-x-nenek-gayung/,2026-06-05T18:03:44+00:00
movie_0c469cecbc47,Sukma (2025),,https://letterboxd.com/film/sukma/,2026-06-05T18:03:44+00:00
movie_7daec28828f3,Cursed (2025),,https://letterboxd.com/film/cursed-2025/,2026-06-05T18:03:44+00:00
movie_3ab9c3e12dfc,Sore: A Wife from the Future (2025),,https://letterboxd.com/film/sore-a-wife-from-the-future/,2026-06-05T18:03:44+00:00
movie_ff9c5b154973,The Wailing of the Maghrib 2 (2025),,https://letterboxd.com/film/the-wailing-of-the-maghrib-2/,2026-06-05T18:03:44+00:00
movie_2a92e408553a,Bullet Train Explosion (2025),,https://letterboxd.com/film/bullet-train-explosion/,2026-06-05T18:03:44+00:00
movie_33d41d6ee073,Norma: Antara Mertua dan Menantu (2025),,https://letterboxd.com/film/norma-antara-mertua-dan-menantu/,2026-06-05T18:03:44+00:00
movie_fd3cc94d32e7,Sugar Mill (2025),,https://letterboxd.com/film/sugar-mill/,2026-06-05T18:03:44+00:00
movie_be09aeccaf2a,Jumbo (2025),,https://letterboxd.com/film/jumbo-2025/,2026-06-05T18:03:44+00:00
movie_42709b2e7321,Gowok: Javanese Kamasutra (2025),,https://letterboxd.com/film/gowok-javanese-kamasutra/,2026-06-05T18:03:44+00:00
movie_80cf4279b88a,Haunting of Mount Gede (2025),,https://letterboxd.com/film/haunting-of-mount-gede/,2026-06-05T18:03:44+00:00
movie_48385af40b1a,The Forbidden Camp: Mass Possession (2024),,https://letterboxd.com/film/the-forbidden-camp-mass-possession/,2026-06-05T18:03:44+00:00
movie_a4e740fc655c,Sumala (2024),,https://letterboxd.com/film/sumala/,2026-06-05T18:03:44+00:00
movie_7444004ccfbe,Kang Mak from Pee Mak (2024),,https://letterboxd.com/film/kang-mak-from-pee-mak/,2026-06-05T18:03:44+00:00
movie_62ad8b7e82c7,Jurnal Risa by Risa Saraswati (2024),,https://letterboxd.com/film/jurnal-risa-by-risa-saraswati/,2026-06-05T18:03:44+00:00
movie_46d9b1106dd0,Five Friends (2024),,https://letterboxd.com/film/five-friends/,2026-06-05T18:03:44+00:00
movie_3fd21abec74f,Ipar Adalah Maut (2024),,https://letterboxd.com/film/ipar-adalah-maut/,2026-06-05T18:03:44+00:00
movie_3f9803bef2e7,Vina: Before 7 Days (2024),,https://letterboxd.com/film/vina-before-7-days/,2026-06-05T18:03:44+00:00
movie_4ba4f63cad33,Grave Torture (2024),,https://letterboxd.com/film/grave-torture-2024/,2026-06-05T18:03:44+00:00
movie_efbff970483c,Dancing Village: The Curse Begins (2024),,https://letterboxd.com/film/dancing-village-the-curse-begins/,2026-06-05T18:03:44+00:00
movie_7e4fc36c2aa3,Attack on Titan: THE LAST ATTACK (2024),,https://letterboxd.com/film/attack-on-titan-the-last-attack/,2026-06-05T18:03:44+00:00
movie_9f97b7156beb,Munkar (2024),,https://letterboxd.com/film/munkar/,2026-06-05T18:03:44+00:00
movie_82f63df8b8b9,The Train of Death (2024),,https://letterboxd.com/film/the-train-of-death/,2026-06-05T18:03:44+00:00
movie_b4c10a45ac6d,Agak Laen (2024),,https://letterboxd.com/film/agak-laen/,2026-06-05T18:03:44+00:00
movie_4366c37f301a,13 Bombs (2023),,https://letterboxd.com/film/13-bombs/,2026-06-05T18:03:44+00:00
movie_5b562862992a,Harlot's Prayer (2023),,https://letterboxd.com/film/harlots-prayer/,2026-06-05T18:03:44+00:00
movie_22fce6364f8b,Frieren: Beyond Journey's End (2023),,https://letterboxd.com/film/frieren-beyond-journeys-end/,2026-06-05T18:03:44+00:00
movie_d29ec601c4c3,Zom 100: Bucket List of the Dead (2023),,https://letterboxd.com/film/zom-100-bucket-list-of-the-dead/,2026-06-05T18:03:44+00:00
movie_4dc46db5419d,Attack on Titan The Final Chapters: Special 1 (2023),,https://letterboxd.com/film/attack-on-titan-the-final-chapters-special-1-2023/,2026-06-05T18:03:44+00:00
movie_9f4aef8b41c6,The Wailing of the Maghrib (2023),,https://letterboxd.com/film/the-wailing-of-the-maghrib/,2026-06-05T18:03:44+00:00
movie_d1bf84ba797e,The Big 4 (2022),,https://letterboxd.com/film/the-big-4/,2026-06-05T18:03:44+00:00
movie_3b3dd78d36c8,"O Brother, Where Art Thou?",,,2026-06-05T18:04:04+00:00
movie_f671e5f767cc,"O Brother, Where Art Thou? (2000)",,https://letterboxd.com/film/o-brother-where-art-thou/,2026-06-05T18:04:04+00:00
movie_03f495396e8a,The Fifth Element (1997),,https://letterboxd.com/film/the-fifth-element/,2026-06-05T18:04:04+00:00
movie_843a2148750c,The Bad Guys 2 (2025),,https://letterboxd.com/film/the-bad-guys-2/,2026-06-05T18:04:08+00:00
movie_13afeb88161d,Fight or Flight (2024),,https://letterboxd.com/film/fight-or-flight-2024/,2026-06-05T18:04:08+00:00
movie_2dbbe8463f4f,SPY x FAMILY CODE: White (2023),,https://letterboxd.com/film/spy-x-family-code-white/,2026-06-05T18:04:08+00:00
movie_c8490a079504,The Guardians of the Galaxy Holiday Special (2022),,https://letterboxd.com/film/the-guardians-of-the-galaxy-holiday-special/,2026-06-05T18:04:08+00:00
movie_3364d05aa013,Amsterdam (2022),,https://letterboxd.com/film/amsterdam-2022/,2026-06-05T18:04:08+00:00
movie_1b2ae9797b9d,Day Shift (2022),,https://letterboxd.com/film/day-shift-2022/,2026-06-05T18:04:08+00:00
movie_60622fb60ea5,The Sea Beast (2022),,https://letterboxd.com/film/the-sea-beast-2022/,2026-06-05T18:04:08+00:00
movie_19b6edc8b78c,Lightyear (2022),,https://letterboxd.com/film/lightyear-2022/,2026-06-05T18:04:08+00:00
movie_a77b55a88811,Chip 'n Dale: Rescue Rangers (2022),,https://letterboxd.com/film/chip-n-dale-rescue-rangers/,2026-06-05T18:04:08+00:00
movie_d4926c59a827,The Book of Boba Fett (2021),,https://letterboxd.com/film/the-book-of-boba-fett/,2026-06-05T18:04:08+00:00
movie_7ffebfc494ad,The Green Knight (2021),,https://letterboxd.com/film/the-green-knight/,2026-06-05T18:04:08+00:00
movie_46eb6388c2e1,The Naked Gun: From the Files of Police Squad!,,,2026-06-05T18:04:12+00:00
movie_bc3eba973b5f,The Emperor's New Groove,,,2026-06-05T18:04:14+00:00
movie_6d15ffdc45b8,Blade Runner,,,2026-06-05T18:04:32+00:00
movie_2879a311b8a1,Pirates of the Caribbean: The Curse of the Black Pearl,,,2026-06-05T18:04:32+00:00
movie_2b07203f9759,Passenger,,,2026-06-05T18:04:36+00:00
movie_1f1df105602a,Passenger (2026),,https://letterboxd.com/film/passenger-2026/,2026-06-05T18:04:36+00:00
movie_a28ef872c51e,I Swear (2025),,https://letterboxd.com/film/i-swear/,2026-06-05T18:04:36+00:00
movie_b1216e8fb675,Uprising (2024),,https://letterboxd.com/film/uprising-2024/,2026-06-05T18:04:36+00:00
movie_e8bef6ea6f2d,American Made (2017),,https://letterboxd.com/film/american-made/,2026-06-05T18:04:36+00:00
movie_35ac75b532af,Hell or High Water (2016),,https://letterboxd.com/film/hell-or-high-water/,2026-06-05T18:04:36+00:00
movie_9b823de21a95,The Visit (2015),,https://letterboxd.com/film/the-visit-2015/,2026-06-05T18:04:36+00:00
movie_952262c78760,Vacation (2015),,https://letterboxd.com/film/vacation-2015/,2026-06-05T18:04:36+00:00
movie_a30a502eb31b,Limitless (2011),,https://letterboxd.com/film/limitless/,2026-06-05T18:04:36+00:00
movie_d59da58cd7cf,Grown Ups (2010),,https://letterboxd.com/film/grown-ups/,2026-06-05T18:04:36+00:00
movie_cbd792ab87cf,Pineapple Express (2008),,https://letterboxd.com/film/pineapple-express/,2026-06-05T18:04:36+00:00
movie_160af1117acb,Spider-Man 3 (2007),,https://letterboxd.com/film/spider-man-3/,2026-06-05T18:04:36+00:00
movie_e92e0ce40087,Mr. Bean's Holiday (2007),,https://letterboxd.com/film/mr-beans-holiday/,2026-06-05T18:04:36+00:00
movie_e65422357d74,White Chicks,,,2026-06-05T18:04:38+00:00
movie_daed3486b2fd,Star Wars: Episode I – The Phantom Menace,,,2026-06-05T18:04:49+00:00
movie_c0c8e713969a,Her,,,2026-06-05T18:05:01+00:00
movie_1f5284cd7174,The Curse of La Llorona (2019),,https://letterboxd.com/film/the-curse-of-la-llorona/,2026-06-05T18:05:04+00:00
movie_2e9e79ba41bc,Paranormal Activity (2007),,https://letterboxd.com/film/paranormal-activity/,2026-06-05T18:05:04+00:00
movie_06139a8e3563,Grave of the Fireflies,,,2026-06-05T18:05:25+00:00
movie_979707c92d00,Grave of the Fireflies (1988),,https://letterboxd.com/film/grave-of-the-fireflies/,2026-06-05T18:05:25+00:00
movie_c52d92b4e26a,The Nightmare Before Christmas (1993),,https://letterboxd.com/film/the-nightmare-before-christmas/,2026-06-05T18:05:29+00:00
movie_45cdec1ce28c,The Boy in the Striped Pyjamas,,,2026-06-05T18:05:49+00:00
movie_cbacc7d31062,Insidious: Out of the Further,,,2026-06-05T18:05:53+00:00
movie_9869a8f057f5,Insidious: Out of the Further (2026),,https://letterboxd.com/film/insidious-out-of-the-further/,2026-06-05T18:05:53+00:00
movie_0cc7c86d8059,Bonolota Express (2026),,https://letterboxd.com/film/bonolota-express/,2026-06-05T18:05:53+00:00
movie_50ef4da6c8a7,Lust Stories 2 (2023),,https://letterboxd.com/film/lust-stories-2/,2026-06-05T18:05:53+00:00
movie_d3806c8640ad,The Babysitter: Killer Queen (2020),,https://letterboxd.com/film/the-babysitter-killer-queen/,2026-06-05T18:05:53+00:00
movie_e2ec79c2c118,Charlie's Angels (2019),,https://letterboxd.com/film/charlies-angels-2019/,2026-06-05T18:05:53+00:00
movie_110919105380,The Nun (2018),,https://letterboxd.com/film/the-nun-2018/,2026-06-05T18:05:53+00:00
movie_c01922ffade3,Insidious: The Last Key (2018),,https://letterboxd.com/film/insidious-the-last-key/,2026-06-05T18:05:53+00:00
movie_3d4d79b94b56,Veronica (2017),,https://letterboxd.com/film/veronica-2017-1/,2026-06-05T18:05:53+00:00
movie_21657593b788,Cult of Chucky (2017),,https://letterboxd.com/film/cult-of-chucky/,2026-06-05T18:05:53+00:00
movie_886a960490f1,Lipstick Under My Burkha (2017),,https://letterboxd.com/film/lipstick-under-my-burkha/,2026-06-05T18:05:53+00:00
movie_5432497c3366,Annabelle: Creation (2017),,https://letterboxd.com/film/annabelle-creation/,2026-06-05T18:05:53+00:00
movie_b0e41e3661e6,Miss Peregrine's Home for Peculiar Children (2016),,https://letterboxd.com/film/miss-peregrines-home-for-peculiar-children/,2026-06-05T18:05:53+00:00
movie_a8d5f17a7411,The Conjuring 2 (2016),,https://letterboxd.com/film/the-conjuring-2/,2026-06-05T18:05:53+00:00
movie_a81e1b518bc8,Ted 2 (2015),,https://letterboxd.com/film/ted-2/,2026-06-05T18:05:53+00:00
movie_6b9f177df5a1,Insidious: Chapter 3 (2015),,https://letterboxd.com/film/insidious-chapter-3/,2026-06-05T18:05:53+00:00
movie_23c05c9c5053,Annabelle (2014),,https://letterboxd.com/film/annabelle/,2026-06-05T18:05:53+00:00
movie_7b551ab9e614,CODA (2021),,https://letterboxd.com/film/coda-2021/,2026-06-05T18:06:18+00:00
movie_29b4eb8d097c,Minari (2020),,https://letterboxd.com/film/minari/,2026-06-05T18:06:18+00:00
movie_42636035853d,The Handmaiden (2016),,https://letterboxd.com/film/the-handmaiden/,2026-06-05T18:06:18+00:00
movie_85153b4856ac,Hunt for the Wilderpeople (2016),,https://letterboxd.com/film/hunt-for-the-wilderpeople/,2026-06-05T18:06:18+00:00
movie_5f68674f5b71,Spotlight (2015),,https://letterboxd.com/film/spotlight/,2026-06-05T18:06:18+00:00
movie_3cd0eae1e096,Chef (2014),,https://letterboxd.com/film/chef/,2026-06-05T18:06:18+00:00
movie_5da2c86c56a5,Ride Along (2014),,https://letterboxd.com/film/ride-along/,2026-06-05T18:06:18+00:00
movie_37b448164c81,Dallas Buyers Club (2013),,https://letterboxd.com/film/dallas-buyers-club/,2026-06-05T18:06:18+00:00
movie_0e3a13941595,The Hangover Part III (2013),,https://letterboxd.com/film/the-hangover-part-iii/,2026-06-05T18:06:18+00:00
movie_c6dcb3937ca5,We Bought a Zoo (2011),,https://letterboxd.com/film/we-bought-a-zoo/,2026-06-05T18:06:18+00:00
movie_e0c99dddae6d,Incendies (2010),,https://letterboxd.com/film/incendies/,2026-06-05T18:06:18+00:00
movie_6fde82b003ba,17 Again (2009),,https://letterboxd.com/film/17-again/,2026-06-05T18:06:18+00:00
movie_3741ec0757f7,Atonement (2007),,https://letterboxd.com/film/atonement/,2026-06-05T18:06:18+00:00
movie_1af9e12a9412,The Terminal (2004),,https://letterboxd.com/film/the-terminal/,2026-06-05T18:06:18+00:00
movie_a80c25b29d21,Memories of Murder (2003),,https://letterboxd.com/film/memories-of-murder/,2026-06-05T18:06:18+00:00
movie_537c690c27dd,The Witch,,,2026-06-05T18:06:36+00:00
movie_2055082bd3f1,When Harry Met Sally... (1989),,https://letterboxd.com/film/when-harry-met-sally/,2026-06-05T18:06:36+00:00
movie_ce46d3ef9380,Harry Potter and the Philosopher's Stone,,,2026-06-05T18:06:44+00:00
movie_a6c954125923,Brahmāstra Part One: Shiva (2022),,https://letterboxd.com/film/brahmastra-part-one-shiva/,2026-06-05T18:07:33+00:00
movie_c2749c116c63,Laal Singh Chaddha (2022),,https://letterboxd.com/film/laal-singh-chaddha/,2026-06-05T18:07:33+00:00
movie_0e03c8028a0c,83 (2021),,https://letterboxd.com/film/83-2021/,2026-06-05T18:07:33+00:00
movie_ef6dfcf51c43,Zero (2018),,https://letterboxd.com/film/zero-2018/,2026-06-05T18:07:33+00:00
movie_91a6d969c8b8,Sanju (2018),,https://letterboxd.com/film/sanju/,2026-06-05T18:07:33+00:00
movie_7d82b7d0cb38,Padmaavat (2018),,https://letterboxd.com/film/padmaavat/,2026-06-05T18:07:33+00:00
movie_24aeff41a9f5,Bāhubali 2: The Conclusion (2017),,https://letterboxd.com/film/bahubali-2-the-conclusion/,2026-06-05T18:07:33+00:00
movie_67aa2d9a6cab,Dear Zindagi (2016),,https://letterboxd.com/film/dear-zindagi/,2026-06-05T18:07:33+00:00
movie_d28de8f42c53,Ae Dil Hai Mushkil (2016),,https://letterboxd.com/film/ae-dil-hai-mushkil/,2026-06-05T18:07:33+00:00
movie_cbf73c7fcafb,Dilwale (2015),,https://letterboxd.com/film/dilwale-2015/,2026-06-05T18:07:33+00:00
movie_a53861f5f7e8,Bajirao Mastani (2015),,https://letterboxd.com/film/bajirao-mastani/,2026-06-05T18:07:33+00:00
movie_35235a28c109,Bāhubali: The Beginning (2015),,https://letterboxd.com/film/bahubali-the-beginning/,2026-06-05T18:07:33+00:00
movie_3635c31fbd8d,PK (2014),,https://letterboxd.com/film/pk/,2026-06-05T18:07:33+00:00
movie_ea2e89a04974,Happy New Year (2014),,https://letterboxd.com/film/happy-new-year-2014/,2026-06-05T18:07:33+00:00
movie_76d251fce082,How to Train Your Dragon 2 (2014),,https://letterboxd.com/film/how-to-train-your-dragon-2/,2026-06-05T18:07:33+00:00
movie_d66addc4d5db,Iron Man,,,2026-06-05T18:07:56+00:00
movie_87eac13cecac,Captain America: The First Avenger,,,2026-06-05T18:08:20+00:00
movie_448ccca252a3,Star Trek (2009),,https://letterboxd.com/film/star-trek/,2026-06-05T18:08:20+00:00
movie_91ad0768223f,Agatha All Along (2024),,https://letterboxd.com/film/agatha-all-along-2024/,2026-06-05T18:08:23+00:00
movie_680fa6c25aff,She-Hulk: Attorney at Law (2022),,https://letterboxd.com/film/she-hulk-attorney-at-law/,2026-06-05T18:08:23+00:00
movie_ef4358971d8a,The Lego Movie 2: The Second Part (2019),,https://letterboxd.com/film/the-lego-movie-2-the-second-part/,2026-06-05T18:08:23+00:00
movie_f7ee3d0aa7fa,The Lego Ninjago Movie (2017),,https://letterboxd.com/film/the-lego-ninjago-movie/,2026-06-05T18:08:23+00:00
movie_27912d14311f,Independence Day: Resurgence (2016),,https://letterboxd.com/film/independence-day-resurgence/,2026-06-05T18:08:23+00:00
movie_44d4595e5591,The Hunger Games,,,2026-06-05T18:08:28+00:00
movie_f6a47931478f,Murder on the Orient Express (2017),,https://letterboxd.com/film/murder-on-the-orient-express-2017/,2026-06-05T18:08:49+00:00
movie_e54e7a302152,All About My Mother (1999),,https://letterboxd.com/film/all-about-my-mother/,2026-06-05T18:08:49+00:00
movie_7d13b1ca9b56,Léon: The Professional (1994),,https://letterboxd.com/film/leon-the-professional/,2026-06-05T18:08:49+00:00
movie_d17fa103f691,Andor: A Disney+ Day Special Look (2022),,https://letterboxd.com/film/andor-a-disney-day-special-look/,2026-06-05T18:09:13+00:00
movie_e3e618e05c92,Darkest Hour (2017),,https://letterboxd.com/film/darkest-hour/,2026-06-05T18:09:13+00:00
movie_688728fc7b7c,The Cat in the Hat (2003),,https://letterboxd.com/film/the-cat-in-the-hat-2003/,2026-06-05T18:09:32+00:00
movie_80607869486d,Austin Powers: International Man of Mystery (1997),,https://letterboxd.com/film/austin-powers-international-man-of-mystery/,2026-06-05T18:09:32+00:00
movie_2e2f09c4e6cd,DodgeBall: A True Underdog Story (2004),,https://letterboxd.com/film/dodgeball-a-true-underdog-story/,2026-06-05T18:09:32+00:00
movie_953cfcbafb07,Thanksgiving (2023),,https://letterboxd.com/film/thanksgiving-2023/,2026-06-05T18:09:35+00:00
movie_ffc58842fd43,Murder Mystery (2019),,https://letterboxd.com/film/murder-mystery/,2026-06-05T18:09:35+00:00
movie_00fa495d5a0b,Despicable Me 3 (2017),,https://letterboxd.com/film/despicable-me-3/,2026-06-05T18:09:35+00:00
movie_adcabf75eb5e,The Lego Movie,,,2026-06-05T18:09:38+00:00
movie_e136447b3cc0,Hairspray,,,2026-06-05T18:09:56+00:00
movie_494688ac8595,The Kissing Booth (2018),,https://letterboxd.com/film/the-kissing-booth/,2026-06-05T18:10:00+00:00
movie_18cd4f2230f7,Bridget Jones's Baby (2016),,https://letterboxd.com/film/bridget-joness-baby/,2026-06-05T18:10:00+00:00
movie_8872048af4b1,The First Time (2012),,https://letterboxd.com/film/the-first-time-2012/,2026-06-05T18:10:00+00:00
movie_a6ba1ef1569e,Friends with Benefits (2011),,https://letterboxd.com/film/friends-with-benefits/,2026-06-05T18:10:00+00:00
movie_be265e6255f9,Bridesmaids (2011),,https://letterboxd.com/film/bridesmaids/,2026-06-05T18:10:00+00:00
movie_542403a7f2a0,Alice in Wonderland (2010),,https://letterboxd.com/film/alice-in-wonderland-2010/,2026-06-05T18:10:00+00:00
movie_4e74d1a677ed,Princess Protection Program (2009),,https://letterboxd.com/film/princess-protection-program/,2026-06-05T18:10:00+00:00
movie_6b12ce51ed35,Confessions of a Shopaholic (2009),,https://letterboxd.com/film/confessions-of-a-shopaholic/,2026-06-05T18:10:00+00:00
movie_a643e1287975,Bride Wars (2009),,https://letterboxd.com/film/bride-wars/,2026-06-05T18:10:00+00:00
movie_1c93923aef4b,Ponyo (2008),,https://letterboxd.com/film/ponyo/,2026-06-05T18:10:00+00:00
movie_a2c90f5330f7,Camp Rock (2008),,https://letterboxd.com/film/camp-rock/,2026-06-05T18:10:00+00:00
movie_18b858ac86fb,27 Dresses (2008),,https://letterboxd.com/film/27-dresses/,2026-06-05T18:10:00+00:00
movie_c0288abedc1a,Enchanted (2007),,https://letterboxd.com/film/enchanted/,2026-06-05T18:10:00+00:00
movie_debfbfcb655f,High School Musical 2 (2007),,https://letterboxd.com/film/high-school-musical-2/,2026-06-05T18:10:00+00:00
movie_20fcc800d99a,Hairspray (2007),,https://letterboxd.com/film/hairspray-2007/,2026-06-05T18:10:00+00:00
movie_851dc54662a2,No Country for Old Men,,,2026-06-05T18:10:02+00:00
movie_670c2b97871a,Despicable Me (2010),,https://letterboxd.com/film/despicable-me/,2026-06-05T18:10:26+00:00
movie_bdff929b69c6,I Am Legend (2007),,https://letterboxd.com/film/i-am-legend/,2026-06-05T18:10:26+00:00
movie_2231407ae8b7,Transformers (2007),,https://letterboxd.com/film/transformers/,2026-06-05T18:10:26+00:00
movie_157d255335ce,Bridge to Terabithia (2007),,https://letterboxd.com/film/bridge-to-terabithia/,2026-06-05T18:10:26+00:00
movie_caf0c6af2167,Night at the Museum (2006),,https://letterboxd.com/film/night-at-the-museum/,2026-06-05T18:10:26+00:00
movie_ee9448335834,The Fast and the Furious: Tokyo Drift (2006),,https://letterboxd.com/film/the-fast-and-the-furious-tokyo-drift/,2026-06-05T18:10:26+00:00
movie_c49366ba5a02,Elemental,,,2026-06-05T18:10:27+00:00
movie_00defecebbe9,American Beauty,,,2026-06-05T18:10:48+00:00
movie_92503088a4b7,We Live in Time,,,2026-06-05T18:10:51+00:00
movie_5c84cdc8afd2,"The Tunnel to Summer, the Exit of Goodbyes (2022)",,https://letterboxd.com/film/the-tunnel-to-summer-the-exit-of-goodbyes/,2026-06-05T18:10:51+00:00
movie_f6dae64042e7,Passengers (2016),,https://letterboxd.com/film/passengers-2016/,2026-06-05T18:10:51+00:00
movie_2130714bb96e,The Autopsy of Jane Doe (2016),,https://letterboxd.com/film/the-autopsy-of-jane-doe/,2026-06-05T18:10:51+00:00
movie_8569236b2307,Love (2015),,https://letterboxd.com/film/love-2015/,2026-06-05T18:10:51+00:00
movie_f6bdda8064aa,The Age of Adaline (2015),,https://letterboxd.com/film/the-age-of-adaline/,2026-06-05T18:10:51+00:00
movie_ac507a82a16a,The Lunchbox (2013),,https://letterboxd.com/film/the-lunchbox/,2026-06-05T18:10:51+00:00
movie_ac1cd1053557,The Twilight Saga: Breaking Dawn – Part 2 (2012),,https://letterboxd.com/film/the-twilight-saga-breaking-dawn-part-2/,2026-06-05T18:10:51+00:00
movie_b48121118091,Life of Pi (2012),,https://letterboxd.com/film/life-of-pi/,2026-06-05T18:10:51+00:00
movie_cf16a5052556,Anna Karenina (2012),,https://letterboxd.com/film/anna-karenina-2012/,2026-06-05T18:10:51+00:00
movie_17f5c49da366,Rise of the Planet of the Apes (2011),,https://letterboxd.com/film/rise-of-the-planet-of-the-apes/,2026-06-05T18:10:51+00:00
movie_6a1162b7f208,Love & Other Drugs (2010),,https://letterboxd.com/film/love-other-drugs/,2026-06-05T18:10:51+00:00
movie_4c88145d1451,Life As We Know It (2010),,https://letterboxd.com/film/life-as-we-know-it/,2026-06-05T18:10:51+00:00
movie_e463482841ae,Easy A (2010),,https://letterboxd.com/film/easy-a/,2026-06-05T18:10:51+00:00
movie_e18438aa342f,The Twilight Saga: Eclipse (2010),,https://letterboxd.com/film/the-twilight-saga-eclipse/,2026-06-05T18:10:51+00:00
movie_e197d0f01199,Never Let Me Go (2010),,https://letterboxd.com/film/never-let-me-go-2010/,2026-06-05T18:10:51+00:00
movie_32ef9ca1ea7f,Blue Valentine (2010),,https://letterboxd.com/film/blue-valentine/,2026-06-05T18:10:51+00:00
movie_afbf745bce0e,Knowing (2009),,https://letterboxd.com/film/knowing/,2026-06-05T18:10:51+00:00
movie_c821c607feaa,No Smoking (2007),,https://letterboxd.com/film/no-smoking-2007/,2026-06-05T18:10:51+00:00
movie_62e6e21f5c41,The Namesake (2006),,https://letterboxd.com/film/the-namesake/,2026-06-05T18:10:51+00:00
movie_56083685d5f8,Kingdom of Heaven (2005),,https://letterboxd.com/film/kingdom-of-heaven/,2026-06-05T18:10:51+00:00
movie_ab05e8ac7dbd,The Girl Next Door (2004),,https://letterboxd.com/film/the-girl-next-door-2004/,2026-06-05T18:10:51+00:00
movie_ea34b4f39d4a,The Dreamers (2003),,https://letterboxd.com/film/the-dreamers/,2026-06-05T18:10:51+00:00
movie_077478372eae,A Beautiful Mind (2001),,https://letterboxd.com/film/a-beautiful-mind/,2026-06-05T18:10:51+00:00
movie_f71940c430cc,Taste of Cherry,,,2026-06-05T18:10:53+00:00
movie_dc95f640e7eb,Wonder (2017),,https://letterboxd.com/film/wonder-2017/,2026-06-05T18:11:15+00:00
movie_2601250e9835,Scream 7,,,2026-06-05T18:11:36+00:00
movie_7e20b69e6f2f,"The Good, the Bad and the Ugly",,,2026-06-05T18:12:00+00:00
movie_2eed2e446542,"The Good, the Bad and the Ugly (1966)",,https://letterboxd.com/film/the-good-the-bad-and-the-ugly/,2026-06-05T18:12:00+00:00
movie_2cd7814680ae,Pretty Lethal (2026),,https://letterboxd.com/film/pretty-lethal/,2026-06-05T18:12:03+00:00
movie_4db231a59022,Midnight Mass (2021),,https://letterboxd.com/film/midnight-mass-2021/,2026-06-05T18:12:03+00:00
movie_9ad61e589310,Inside Llewyn Davis (2013),,https://letterboxd.com/film/inside-llewyn-davis/,2026-06-05T18:12:03+00:00
movie_3fe85baab8f1,Seven Psychopaths (2012),,https://letterboxd.com/film/seven-psychopaths/,2026-06-05T18:12:03+00:00
movie_2257dbc7cecf,Argo (2012),,https://letterboxd.com/film/argo/,2026-06-05T18:12:03+00:00
movie_ec17d885c14b,Warrior (2011),,https://letterboxd.com/film/warrior/,2026-06-05T18:12:03+00:00
movie_71338b114e82,The Raid (2011),,https://letterboxd.com/film/the-raid-2011/,2026-06-05T18:12:03+00:00
movie_9600fe7f8f93,The Lord of the Rings: The Fellowship of the Ring,,,2026-06-05T18:12:44+00:00
movie_c1d501fc1b4a,Piper (2016),,https://letterboxd.com/film/piper/,2026-06-05T18:12:47+00:00
movie_26b1592a0af9,The Jungle Book (2016),,https://letterboxd.com/film/the-jungle-book-2016/,2026-06-05T18:12:47+00:00
movie_2077ebd835b7,Bridge of Spies (2015),,https://letterboxd.com/film/bridge-of-spies/,2026-06-05T18:12:47+00:00
movie_3b28d7cf3c70,Puella Magi Madoka Magica the Movie Part III: Rebellion (2013),,https://letterboxd.com/film/puella-magi-madoka-magica-the-movie-part-iii-rebellion/,2026-06-05T18:12:47+00:00
movie_4bec670fd71d,12 Years a Slave (2013),,https://letterboxd.com/film/12-years-a-slave/,2026-06-05T18:12:47+00:00
movie_4f275430192c,Lincoln (2012),,https://letterboxd.com/film/lincoln/,2026-06-05T18:12:47+00:00
movie_2c422ee59738,It's Such a Beautiful Day (2012),,https://letterboxd.com/film/its-such-a-beautiful-day/,2026-06-05T18:12:47+00:00
movie_bc7845e0ff98,The Incredible Hulk (2008),,https://letterboxd.com/film/the-incredible-hulk/,2026-06-05T18:12:47+00:00
movie_5f0aebf3f327,V for Vendetta (2005),,https://letterboxd.com/film/v-for-vendetta/,2026-06-05T18:12:47+00:00
movie_796989aa8e7b,Chicken Little (2005),,https://letterboxd.com/film/chicken-little-2005/,2026-06-05T18:12:47+00:00
movie_cf23f3a48ab9,Fantastic Four (2005),,https://letterboxd.com/film/fantastic-four-2005/,2026-06-05T18:12:47+00:00
movie_fd9ba4426806,The SpongeBob SquarePants Movie (2004),,https://letterboxd.com/film/the-spongebob-squarepants-movie/,2026-06-05T18:12:47+00:00
movie_f1c04c350618,The Father (2020),,https://letterboxd.com/film/the-father-2020/,2026-06-05T18:13:07+00:00
movie_17cd89f08383,A Separation (2011),,https://letterboxd.com/film/a-separation/,2026-06-05T18:13:07+00:00
movie_f6742233a748,Fargo (1996),,https://letterboxd.com/film/fargo/,2026-06-05T18:13:07+00:00
movie_671d1f724029,Clueless (1995),,https://letterboxd.com/film/clueless/,2026-06-05T18:13:07+00:00
movie_b2324eb3fcc7,Chungking Express (1994),,https://letterboxd.com/film/chungking-express/,2026-06-05T18:13:07+00:00
movie_0ac30e66aece,Cinema Paradiso (1988),,https://letterboxd.com/film/cinema-paradiso/,2026-06-05T18:13:07+00:00
movie_6723d15431ae,Full Metal Jacket (1987),,https://letterboxd.com/film/full-metal-jacket/,2026-06-05T18:13:07+00:00
movie_71b10f710055,Amadeus (1984),,https://letterboxd.com/film/amadeus/,2026-06-05T18:13:07+00:00
movie_5511542647b2,"Paris, Texas (1984)",,https://letterboxd.com/film/paris-texas/,2026-06-05T18:13:07+00:00
movie_6ba974f88dc5,Das Boot (1981),,https://letterboxd.com/film/das-boot/,2026-06-05T18:13:07+00:00
movie_e788643564c3,Casablanca (1942),,https://letterboxd.com/film/casablanca/,2026-06-05T18:13:07+00:00
movie_8ad3c96ac332,Modern Times (1936),,https://letterboxd.com/film/modern-times/,2026-06-05T18:13:07+00:00
movie_c181d9f1d55f,Avatar: Fire and Ash,,,2026-06-05T18:13:25+00:00
movie_289084897d67,Edward Scissorhands (1990),,https://letterboxd.com/film/edward-scissorhands/,2026-06-05T18:13:25+00:00
movie_3f1646ad5c12,Perfect Blue (1997),,https://letterboxd.com/film/perfect-blue/,2026-06-05T18:13:30+00:00
movie_7c50a11e209c,A Clockwork Orange (1971),,https://letterboxd.com/film/a-clockwork-orange/,2026-06-05T18:13:30+00:00
movie_2b74de5fcc1c,Primal Fear (1996),,https://letterboxd.com/film/primal-fear/,2026-06-05T18:13:52+00:00
movie_4e6949551572,Heat (1995),,https://letterboxd.com/film/heat-1995/,2026-06-05T18:13:52+00:00
movie_bc167552d687,Before Sunrise (1995),,https://letterboxd.com/film/before-sunrise/,2026-06-05T18:13:52+00:00
movie_4ff73e060a6d,Wonka,,,2026-06-05T18:14:10+00:00
movie_2b44695a1e56,The Last Voyage of the Demeter (2023),,https://letterboxd.com/film/the-last-voyage-of-the-demeter/,2026-06-05T18:14:13+00:00
movie_2d702c44f515,Dolittle (2020),,https://letterboxd.com/film/dolittle/,2026-06-05T18:14:13+00:00
movie_45ba14c98951,The King (2019),,https://letterboxd.com/film/the-king-2019/,2026-06-05T18:14:13+00:00
movie_530e4a5369e5,Bright (2017),,https://letterboxd.com/film/bright/,2026-06-05T18:14:13+00:00
movie_ccd94fd8f22b,Warcraft (2016),,https://letterboxd.com/film/warcraft/,2026-06-05T18:14:13+00:00
movie_afac27548f8b,The BFG (2016),,https://letterboxd.com/film/the-bfg-2016/,2026-06-05T18:14:13+00:00
movie_ff750111b218,10 Cloverfield Lane (2016),,https://letterboxd.com/film/10-cloverfield-lane/,2026-06-05T18:14:13+00:00
movie_df26509f3fdb,Men in Black,,,2026-06-05T18:14:17+00:00
movie_c25c4bb1bb35,Hamnet,,,2026-06-05T18:14:40+00:00
movie_26cddf3528eb,Tarot (2024),,https://letterboxd.com/film/tarot-2024/,2026-06-05T18:14:40+00:00
movie_14e444dddec2,Incendies,,,2026-06-05T18:14:47+00:00
movie_16dc4ddcd415,"tick, tick... BOOM!",,,2026-06-05T18:15:03+00:00
movie_e8ceac00d6e8,Saw (2004),,https://letterboxd.com/film/saw/,2026-06-05T18:15:03+00:00
movie_e1a50526305b,The Devil All the Time (2020),,https://letterboxd.com/film/the-devil-all-the-time/,2026-06-05T18:15:07+00:00
movie_8a577866bdfd,Speak No Evil (2022),,https://letterboxd.com/film/speak-no-evil-2022/,2026-06-05T18:15:31+00:00
movie_f36c0d9ab6a7,The Hunt (2012),,https://letterboxd.com/film/the-hunt-2012/,2026-06-05T18:15:31+00:00
movie_97fbf2baa853,Drag Me to Hell (2009),,https://letterboxd.com/film/drag-me-to-hell/,2026-06-05T18:15:31+00:00
movie_3f843b5f5b42,Funny Games (2007),,https://letterboxd.com/film/funny-games-2007/,2026-06-05T18:15:31+00:00
movie_55946ad349d9,Pirates of the Caribbean: At World's End (2007),,https://letterboxd.com/film/pirates-of-the-caribbean-at-worlds-end/,2026-06-05T18:15:31+00:00
movie_74b8b7207814,Pirates of the Caribbean: Dead Man's Chest (2006),,https://letterboxd.com/film/pirates-of-the-caribbean-dead-mans-chest/,2026-06-05T18:15:31+00:00
movie_4959ed774d9c,Red Eye (2005),,https://letterboxd.com/film/red-eye/,2026-06-05T18:15:31+00:00
movie_160436198be0,The Grudge (2004),,https://letterboxd.com/film/the-grudge/,2026-06-05T18:15:31+00:00
movie_23d011a19a34,Ju-on: The Grudge (2002),,https://letterboxd.com/film/ju-on-the-grudge/,2026-06-05T18:15:31+00:00
movie_d483e7b8f6a0,The Ring (2002),,https://letterboxd.com/film/the-ring-2002/,2026-06-05T18:15:31+00:00
movie_970fc48f3ab5,Mother Mary (2026),,https://letterboxd.com/film/mother-mary-2026/,2026-06-05T18:15:55+00:00
movie_ab992d98cfde,Dracula (2025),,https://letterboxd.com/film/dracula-2025/,2026-06-05T18:15:55+00:00
movie_d6aad3ab3eb1,Fréwaka (2024),,https://letterboxd.com/film/frewaka/,2026-06-05T18:15:55+00:00
movie_7eaa177538a6,I Wanna Dance with Somebody (2022),,https://letterboxd.com/film/i-wanna-dance-with-somebody/,2026-06-05T18:15:55+00:00
movie_64adc8be942c,Candyman (2021),,https://letterboxd.com/film/candyman-2021/,2026-06-05T18:15:55+00:00
movie_8f11d334335e,Child's Play (2019),,https://letterboxd.com/film/childs-play-2019/,2026-06-05T18:15:55+00:00
movie_c9c973d7f26d,The Dirt (2019),,https://letterboxd.com/film/the-dirt/,2026-06-05T18:15:55+00:00
movie_b5467296cd1f,Leatherface (2017),,https://letterboxd.com/film/leatherface/,2026-06-05T18:15:55+00:00
movie_b4efe31d8fb5,The Devil Wears Prada,,,2026-06-05T18:15:58+00:00
movie_3614d991db30,Attack on Titan: THE LAST ATTACK,,,2026-06-05T18:16:18+00:00
movie_e0ffcdc53a45,Planet Earth II (2016),,https://letterboxd.com/film/planet-earth-ii/,2026-06-05T18:16:18+00:00
movie_92052d901fac,Planet Earth (2006),,https://letterboxd.com/film/planet-earth-2006/,2026-06-05T18:16:18+00:00
movie_024192a04f46,My 2 Cents,,,2026-06-05T18:17:03+00:00
movie_fd79567b7399,My 2 Cents (2026),,https://letterboxd.com/film/my-2-cents/,2026-06-05T18:17:03+00:00
movie_413465ad2c3a,Hayao Miyazaki and the Heron (2024),,https://letterboxd.com/film/hayao-miyazaki-and-the-heron/,2026-06-05T18:17:03+00:00
movie_4270cac6b3fb,Tear Along the Dotted Line (2021),,https://letterboxd.com/film/tear-along-the-dotted-line/,2026-06-05T18:17:03+00:00
movie_8d16ac259aa3,Cloudy with a Chance of Meatballs (2009),,https://letterboxd.com/film/cloudy-with-a-chance-of-meatballs/,2026-06-05T18:17:03+00:00
movie_39aaf7819139,Ice Age (2002),,https://letterboxd.com/film/ice-age/,2026-06-05T18:17:03+00:00
movie_71d5d59a2f1b,The Emperor's New Groove (2000),,https://letterboxd.com/film/the-emperors-new-groove/,2026-06-05T18:17:03+00:00
movie_38bedbe421e1,A Bug's Life (1998),,https://letterboxd.com/film/a-bugs-life/,2026-06-05T18:17:03+00:00
movie_09f87fdd7422,Neon Genesis Evangelion (1995),,https://letterboxd.com/film/neon-genesis-evangelion/,2026-06-05T18:17:03+00:00
movie_3477bd5e42c8,The Godfather Part III (1990),,https://letterboxd.com/film/the-godfather-part-iii/,2026-06-05T18:17:03+00:00
movie_a31c8ec8171a,Akira (1988),,https://letterboxd.com/film/akira/,2026-06-05T18:17:03+00:00
movie_a449bafe40d0,Once Upon a Time in America (1984),,https://letterboxd.com/film/once-upon-a-time-in-america/,2026-06-05T18:17:03+00:00
movie_edc432f03bce,The Sound of Music (1965),,https://letterboxd.com/film/the-sound-of-music/,2026-06-05T18:17:03+00:00
movie_1f8a05a917fb,Lawrence of Arabia (1962),,https://letterboxd.com/film/lawrence-of-arabia/,2026-06-05T18:17:03+00:00
movie_e03bb66d37e5,Metropolis (1927),,https://letterboxd.com/film/metropolis/,2026-06-05T18:17:03+00:00
movie_56f73ee046a4,Terminator 3: Rise of the Machines (2003),,https://letterboxd.com/film/terminator-3-rise-of-the-machines/,2026-06-05T18:17:25+00:00
movie_64adc278347d,The Matrix Reloaded (2003),,https://letterboxd.com/film/the-matrix-reloaded/,2026-06-05T18:17:25+00:00
movie_8b173cdf0012,8 Mile (2002),,https://letterboxd.com/film/8-mile/,2026-06-05T18:17:25+00:00
movie_f5633bb4708a,Men in Black II (2002),,https://letterboxd.com/film/men-in-black-ii/,2026-06-05T18:17:25+00:00
movie_4a2fbe1644f5,Jurassic Park III (2001),,https://letterboxd.com/film/jurassic-park-iii/,2026-06-05T18:17:25+00:00
movie_ed675e8004ed,The Piano Teacher (2001),,https://letterboxd.com/film/the-piano-teacher/,2026-06-05T18:17:25+00:00
movie_79404ed5168b,Brother 2 (2000),,https://letterboxd.com/film/brother-2/,2026-06-05T18:17:25+00:00
movie_83c3b721ced5,Precious: Based on the Novel 'Push' by Sapphire (2009),,https://letterboxd.com/film/precious-based-on-the-novel-push-by-sapphire/,2026-06-05T18:17:50+00:00
movie_5df6dea048b7,The Virgin Suicides (1999),,https://letterboxd.com/film/the-virgin-suicides/,2026-06-05T18:17:50+00:00
movie_70c92b6ee339,Napoleon,,,2026-06-05T18:18:14+00:00
movie_5c662b0c377f,The Last Duel (2021),,https://letterboxd.com/film/the-last-duel-2021/,2026-06-05T18:18:14+00:00
movie_492e9b5dc7d7,Inferno (2016),,https://letterboxd.com/film/inferno-2016/,2026-06-05T18:18:14+00:00
movie_937964cf887f,Pirates of the Caribbean: On Stranger Tides (2011),,https://letterboxd.com/film/pirates-of-the-caribbean-on-stranger-tides/,2026-06-05T18:18:14+00:00
movie_5bcca450a171,Hunting Season (2010),,https://letterboxd.com/film/hunting-season/,2026-06-05T18:18:14+00:00
movie_a0d739fbbf5f,Yahşi Batı (2009),,https://letterboxd.com/film/yahsi-bat/,2026-06-05T18:18:14+00:00
movie_0d0ee8621133,Agora (2009),,https://letterboxd.com/film/agora/,2026-06-05T18:18:14+00:00
movie_84fc57abaf5c,A.R.O.G (2008),,https://letterboxd.com/film/arog/,2026-06-05T18:18:14+00:00
movie_6c4e734d4b79,Star Wars: The Clone Wars (2008),,https://letterboxd.com/film/star-wars-the-clone-wars/,2026-06-05T18:18:14+00:00
movie_02d445a4d752,300 (2006),,https://letterboxd.com/film/300/,2026-06-05T18:18:14+00:00
movie_aba073aa976f,G.O.R.A. (2004),,https://letterboxd.com/film/gora/,2026-06-05T18:18:14+00:00
movie_0085c6603f28,The Matrix Revolutions (2003),,https://letterboxd.com/film/the-matrix-revolutions/,2026-06-05T18:18:14+00:00
movie_fdfc3a3b186d,Gangs of New York (2002),,https://letterboxd.com/film/gangs-of-new-york-2002/,2026-06-05T18:18:14+00:00
movie_709c561ae1c2,Braveheart (1995),,https://letterboxd.com/film/braveheart/,2026-06-05T18:18:14+00:00
movie_31b99d656198,The WONDERfools,,,2026-06-05T18:18:39+00:00
movie_c070de176bc4,The WONDERfools (2026),,https://letterboxd.com/film/the-wonderfools/,2026-06-05T18:18:39+00:00
movie_045b1dfc0413,True Beauty (2020),,https://letterboxd.com/film/true-beauty/,2026-06-05T18:18:39+00:00
movie_c28a09b07c92,Over the Garden Wall (2014),,https://letterboxd.com/film/over-the-garden-wall-2014/,2026-06-05T18:18:39+00:00
movie_eaf6ed863184,When Marnie Was There (2014),,https://letterboxd.com/film/when-marnie-was-there/,2026-06-05T18:18:39+00:00
movie_8f42c1bb47b9,The Punisher: One Last Kill,,,2026-06-05T18:19:01+00:00
movie_f7193721f53b,The Accountant² (2025),,https://letterboxd.com/film/the-accountant-2025/,2026-06-05T18:19:01+00:00
movie_447717c9d757,Werewolf by Night (2022),,https://letterboxd.com/film/werewolf-by-night/,2026-06-05T18:19:01+00:00
movie_636b53131042,Triple Frontier (2019),,https://letterboxd.com/film/triple-frontier/,2026-06-05T18:19:01+00:00
movie_75b0696bc96b,Tag (2018),,https://letterboxd.com/film/tag-2018/,2026-06-05T18:19:01+00:00
movie_c813d39341d9,The Mummy (2017),,https://letterboxd.com/film/the-mummy-2017/,2026-06-05T18:19:01+00:00
movie_fb88a66918ce,Loki,,,2026-06-05T18:19:03+00:00
movie_05c75ddb92ef,Milk & Serial (2024),,https://letterboxd.com/film/milk-serial/,2026-06-05T18:19:22+00:00
movie_3ccc97731ab0,It Follows (2014),,https://letterboxd.com/film/it-follows/,2026-06-05T18:19:26+00:00
movie_f72f4b376984,The Proposal (2009),,https://letterboxd.com/film/the-proposal-2009/,2026-06-05T18:19:26+00:00
movie_9a1354ad602d,The Holiday (2006),,https://letterboxd.com/film/the-holiday/,2026-06-05T18:19:26+00:00
movie_574c2b260748,Final Destination (2000),,https://letterboxd.com/film/final-destination/,2026-06-05T18:19:26+00:00
movie_958051eb1b4c,But I'm a Cheerleader (1999),,https://letterboxd.com/film/but-im-a-cheerleader/,2026-06-05T18:19:26+00:00
movie_79b48ea48dfe,Nuremberg (2025),,https://letterboxd.com/film/nuremberg-2025/,2026-06-05T18:19:54+00:00
movie_b588c650d002,Cold War (2018),,https://letterboxd.com/film/cold-war-2018/,2026-06-05T18:19:54+00:00
movie_7b6475850b03,Inland Empire (2006),,https://letterboxd.com/film/inland-empire/,2026-06-05T18:19:54+00:00
movie_ef5fe7666784,Million Dollar Baby (2004),,https://letterboxd.com/film/million-dollar-baby/,2026-06-05T18:19:54+00:00
movie_d5411a158810,The Village (2004),,https://letterboxd.com/film/the-village/,2026-06-05T18:19:54+00:00
movie_d42be5a78156,The Legend of 1900 (1998),,https://letterboxd.com/film/the-legend-of-1900/,2026-06-05T18:19:54+00:00
movie_bf94fa30b1f1,Lost Highway (1997),,https://letterboxd.com/film/lost-highway/,2026-06-05T18:19:54+00:00
movie_f13520d220e8,Raise the Red Lantern (1991),,https://letterboxd.com/film/raise-the-red-lantern/,2026-06-05T18:19:54+00:00
movie_e262eb3c16b2,Twin Peaks (1989),,https://letterboxd.com/film/twin-peaks/,2026-06-05T18:19:54+00:00
movie_aab9a1d9e1ff,Blue Velvet (1986),,https://letterboxd.com/film/blue-velvet/,2026-06-05T18:19:54+00:00
movie_657d39d1614b,The Elephant Man (1980),,https://letterboxd.com/film/the-elephant-man/,2026-06-05T18:19:54+00:00
movie_12a961f97128,Stalker (1979),,https://letterboxd.com/film/stalker/,2026-06-05T18:19:54+00:00
movie_34946e949154,Suspiria (1977),,https://letterboxd.com/film/suspiria/,2026-06-05T18:19:54+00:00
movie_15cb05192997,The Tenant (1976),,https://letterboxd.com/film/the-tenant/,2026-06-05T18:19:54+00:00
movie_8b273a1564bc,Mirror (1975),,https://letterboxd.com/film/mirror/,2026-06-05T18:19:54+00:00
movie_aeaa96b6d604,Solaris (1972),,https://letterboxd.com/film/solaris/,2026-06-05T18:19:54+00:00
movie_c6e0e662f96b,Rosemary's Baby (1968),,https://letterboxd.com/film/rosemarys-baby/,2026-06-05T18:19:54+00:00
movie_c2841b24225b,La Dolce Vita (1960),,https://letterboxd.com/film/la-dolce-vita/,2026-06-05T18:19:54+00:00
movie_7c46c314f30a,Vertigo (1958),,https://letterboxd.com/film/vertigo/,2026-06-05T18:19:54+00:00
movie_d72ddd32557e,The Silence of the Lambs,,,2026-06-05T18:19:55+00:00
movie_c9da5c2b513c,The Zone of Interest,,,2026-06-05T18:20:07+00:00
movie_a0985dab3380,How to Train Your Dragon 2,,,2026-06-05T18:20:19+00:00
movie_5d8ae8c2df8b,Purple Hearts (2022),,https://letterboxd.com/film/purple-hearts-2022/,2026-06-05T18:20:22+00:00
movie_55b029f71b88,"Boo, Bitch (2022)",,https://letterboxd.com/film/boo-bitch/,2026-06-05T18:20:22+00:00
movie_7ba96c9e1d15,All of Us Are Dead (2022),,https://letterboxd.com/film/all-of-us-are-dead/,2026-06-05T18:20:22+00:00
movie_6212b3b27919,He's All That (2021),,https://letterboxd.com/film/hes-all-that/,2026-06-05T18:20:22+00:00
movie_95fdc7074459,Belle (2021),,https://letterboxd.com/film/belle-2021/,2026-06-05T18:20:22+00:00
movie_fb4f93c09b40,Euphoria: Trouble Don't Last Always (2020),,https://letterboxd.com/film/euphoria-trouble-dont-last-always/,2026-06-05T18:20:22+00:00
movie_6d59e78e4cba,The Croods: A New Age (2020),,https://letterboxd.com/film/the-croods-a-new-age/,2026-06-05T18:20:22+00:00
movie_c17baca95d16,Eurovision Song Contest: The Story of Fire Saga (2020),,https://letterboxd.com/film/eurovision-song-contest-the-story-of-fire-saga/,2026-06-05T18:20:22+00:00
movie_a4ee9b0e3fed,Tall Girl (2019),,https://letterboxd.com/film/tall-girl/,2026-06-05T18:20:22+00:00
movie_d2f60cf7a0f8,Mary Poppins Returns (2018),,https://letterboxd.com/film/mary-poppins-returns/,2026-06-05T18:20:22+00:00
movie_ebd3f9e6dad6,Mowgli: Legend of the Jungle (2018),,https://letterboxd.com/film/mowgli-legend-of-the-jungle/,2026-06-05T18:20:22+00:00
movie_6159631d0fa1,Instant Family (2018),,https://letterboxd.com/film/instant-family/,2026-06-05T18:20:22+00:00
movie_ac897d30e50f,Other Side of the Box (2018),,https://letterboxd.com/film/other-side-of-the-box/,2026-06-05T18:20:22+00:00
movie_dd8ae3c8fdc2,The Hate U Give (2018),,https://letterboxd.com/film/the-hate-u-give/,2026-06-05T18:20:22+00:00
movie_b4d734ed0bc6,Hotel Transylvania 3: Summer Vacation (2018),,https://letterboxd.com/film/hotel-transylvania-3-summer-vacation/,2026-06-05T18:20:22+00:00
movie_c9f388fafd4c,Pitch Perfect 3 (2017),,https://letterboxd.com/film/pitch-perfect-3/,2026-06-05T18:20:22+00:00
movie_119f8a2fb948,The Emoji Movie (2017),,https://letterboxd.com/film/the-emoji-movie/,2026-06-05T18:20:22+00:00
movie_8dcb63dadabe,Descendants 2 (2017),,https://letterboxd.com/film/descendants-2/,2026-06-05T18:20:22+00:00
movie_f171b4c5ef0d,Gilmore Girls: A Year in the Life (2016),,https://letterboxd.com/film/gilmore-girls-a-year-in-the-life/,2026-06-05T18:20:22+00:00
movie_8fc92afaa2d4,Pearl Harbor (2001),,https://letterboxd.com/film/pearl-harbor/,2026-06-05T18:20:41+00:00
movie_2df7d3cb6577,Asteroid City,,,2026-06-05T18:21:05+00:00
movie_64e0f3562348,Friends: The Reunion (2021),,https://letterboxd.com/film/friends-the-reunion/,2026-06-05T18:21:09+00:00
movie_f4c5e2034b7c,Hacksaw Ridge,,,2026-06-05T18:21:30+00:00
movie_10f789b293d7,Until Dawn (2025),,https://letterboxd.com/film/until-dawn-2025/,2026-06-05T18:21:59+00:00
movie_186c1ac82e7e,The Girl Who Killed Her Parents: The Confession (2023),,https://letterboxd.com/film/the-girl-who-killed-her-parents-the-confession/,2026-06-05T18:21:59+00:00
movie_c971e3442838,Taylor Swift: The Eras Tour (2023),,https://letterboxd.com/film/taylor-swift-the-eras-tour/,2026-06-05T18:21:59+00:00
movie_7616562b6a14,Foe (2023),,https://letterboxd.com/film/foe-2023/,2026-06-05T18:21:59+00:00
movie_a1345c691d68,When Evil Lurks (2023),,https://letterboxd.com/film/when-evil-lurks/,2026-06-05T18:21:59+00:00
movie_a42c9921f44d,Selena Gomez: My Mind & Me (2022),,https://letterboxd.com/film/selena-gomez-my-mind-me/,2026-06-05T18:21:59+00:00
movie_2283c025d570,Watcher (2022),,https://letterboxd.com/film/watcher/,2026-06-05T18:21:59+00:00
movie_deb79a39f822,Fresh (2022),,https://letterboxd.com/film/fresh-2022/,2026-06-05T18:21:59+00:00
movie_f95c09eabc9d,All Too Well: The Short Film (2021),,https://letterboxd.com/film/all-too-well-the-short-film/,2026-06-05T18:21:59+00:00
movie_d884f5dd69d7,The Boy Who Killed My Parents (2021),,https://letterboxd.com/film/the-boy-who-killed-my-parents/,2026-06-05T18:21:59+00:00
movie_31536f496a00,The Girl Who Killed Her Parents (2021),,https://letterboxd.com/film/the-girl-who-killed-her-parents/,2026-06-05T18:21:59+00:00
movie_3a4ab8608ad9,The Fallout (2021),,https://letterboxd.com/film/the-fallout/,2026-06-05T18:21:59+00:00
movie_deea5c966fc4,Host (2020),,https://letterboxd.com/film/host-2020/,2026-06-05T18:21:59+00:00
movie_57e7cc402ee8,The Social Dilemma (2020),,https://letterboxd.com/film/the-social-dilemma/,2026-06-05T18:21:59+00:00
movie_3ac8b696ee18,The Night House (2020),,https://letterboxd.com/film/the-night-house/,2026-06-05T18:21:59+00:00
movie_c8783743b7d3,Airplane Mode (2020),,https://letterboxd.com/film/airplane-mode-2020/,2026-06-05T18:21:59+00:00
movie_9238fb04f1ef,Miss Americana (2020),,https://letterboxd.com/film/miss-americana/,2026-06-05T18:21:59+00:00
movie_020271c4c0a8,Let It Snow (2019),,https://letterboxd.com/film/let-it-snow-2019/,2026-06-05T18:21:59+00:00
movie_3144cf86916b,Miracle in Cell No. 7 (2019),,https://letterboxd.com/film/miracle-in-cell-no-7-2019-1/,2026-06-05T18:21:59+00:00
movie_ed5fd22f8e34,The Ice Age Adventures of Buck Wild (2022),,https://letterboxd.com/film/the-ice-age-adventures-of-buck-wild/,2026-06-05T18:22:24+00:00
movie_918e629af7c9,Fast & Furious Presents: Hobbs & Shaw (2019),,https://letterboxd.com/film/fast-furious-presents-hobbs-shaw/,2026-06-05T18:22:24+00:00
movie_68e9ee4b82ac,The Fate of the Furious (2017),,https://letterboxd.com/film/the-fate-of-the-furious/,2026-06-05T18:22:24+00:00
movie_34e89647c768,Home (2015),,https://letterboxd.com/film/home-2015/,2026-06-05T18:22:24+00:00
movie_5474b92fc818,Furious 7 (2015),,https://letterboxd.com/film/furious-7/,2026-06-05T18:22:24+00:00
movie_b20d13a91421,Need for Speed (2014),,https://letterboxd.com/film/need-for-speed/,2026-06-05T18:22:24+00:00
movie_78ae2614362c,Epic (2013),,https://letterboxd.com/film/epic/,2026-06-05T18:22:24+00:00
movie_865de52f7391,Fast & Furious 6 (2013),,https://letterboxd.com/film/fast-furious-6/,2026-06-05T18:22:24+00:00
movie_74f91245b044,The Croods (2013),,https://letterboxd.com/film/the-croods/,2026-06-05T18:22:24+00:00
movie_b11e9f082ca8,Wreck-It Ralph (2012),,https://letterboxd.com/film/wreck-it-ralph/,2026-06-05T18:22:24+00:00
movie_d43c79aa36d0,Ice Age: Continental Drift (2012),,https://letterboxd.com/film/ice-age-continental-drift/,2026-06-05T18:22:24+00:00
movie_a00603f5be9d,Puss in Boots (2011),,https://letterboxd.com/film/puss-in-boots/,2026-06-05T18:22:24+00:00
movie_b078fa3f3979,Cars 2 (2011),,https://letterboxd.com/film/cars-2/,2026-06-05T18:22:24+00:00
movie_ff906f4258a0,Fast Five (2011),,https://letterboxd.com/film/fast-five/,2026-06-05T18:22:24+00:00
movie_c45f7da656ac,Shrek Forever After (2010),,https://letterboxd.com/film/shrek-forever-after/,2026-06-05T18:22:24+00:00
movie_e87cb4278e9e,Iron Man 2 (2010),,https://letterboxd.com/film/iron-man-2/,2026-06-05T18:22:24+00:00
movie_62ebfe2a30a8,Ice Age: Dawn of the Dinosaurs (2009),,https://letterboxd.com/film/ice-age-dawn-of-the-dinosaurs/,2026-06-05T18:22:24+00:00
movie_ef6275e03788,Fast & Furious (2009),,https://letterboxd.com/film/fast-furious/,2026-06-05T18:22:24+00:00
movie_88de2a043992,Now You See Me,,,2026-06-05T18:22:43+00:00
movie_6abd23426933,Thor (2011),,https://letterboxd.com/film/thor/,2026-06-05T18:22:47+00:00
movie_00009b8d982c,Die Hard,,,2026-06-05T18:22:48+00:00
movie_f64cff97492e,Green Street Hooligans,,,2026-06-05T18:22:58+00:00
movie_662b66b79d0f,The Graduate (1967),,https://letterboxd.com/film/the-graduate/,2026-06-05T18:23:37+00:00
movie_d58df8ecc41d,Dr. Strangelove or: How I Learned to Stop Worrying and Love the Bomb (1964),,https://letterboxd.com/film/dr-strangelove-or-how-i-learned-to-stop-worrying-and-love-the-bomb/,2026-06-05T18:23:37+00:00
movie_5f23921cda29,The Green Mile,,,2026-06-05T18:23:59+00:00
movie_7cf68b27b556,Clouds (2020),,https://letterboxd.com/film/clouds-2020-1/,2026-06-05T18:24:03+00:00
movie_cbcf74dd8bb6,A Million Ways to Die in the West (2014),,https://letterboxd.com/film/a-million-ways-to-die-in-the-west/,2026-06-05T18:24:03+00:00
movie_5b376c9277a1,The Fast and the Furious (2001),,https://letterboxd.com/film/the-fast-and-the-furious-2001/,2026-06-05T18:24:03+00:00
movie_a351118873be,Snatch (2000),,https://letterboxd.com/film/snatch/,2026-06-05T18:24:03+00:00
movie_0e92a9adb03e,Casino (1995),,https://letterboxd.com/film/casino/,2026-06-05T18:24:03+00:00
movie_023fb817fe1e,Dumb and Dumber (1994),,https://letterboxd.com/film/dumb-and-dumber/,2026-06-05T18:24:03+00:00
movie_5ba097513b26,The Mask (1994),,https://letterboxd.com/film/the-mask-1994/,2026-06-05T18:24:03+00:00
movie_3c7ea004abd5,Dog Day Afternoon (1975),,https://letterboxd.com/film/dog-day-afternoon/,2026-06-05T18:24:03+00:00
movie_024c656d9c02,The Hunger Games: Catching Fire,,,2026-06-05T18:24:48+00:00
movie_e0211e2f4840,The Darjeeling Limited,,,2026-06-05T18:25:12+00:00
movie_a347c60d4dbd,The Darjeeling Limited (2007),,https://letterboxd.com/film/the-darjeeling-limited/,2026-06-05T18:25:12+00:00
movie_fd2efc33bec7,Lord of the Flies (2026),,https://letterboxd.com/film/lord-of-the-flies-2026/,2026-06-05T18:25:16+00:00
movie_52c3b87be63b,The Order (2024),,https://letterboxd.com/film/the-order-2024/,2026-06-05T18:25:16+00:00
movie_1494d47d807c,Forbidden Fruits (2026),,https://letterboxd.com/film/forbidden-fruits-2026/,2026-06-05T18:25:43+00:00
movie_86eca59fb6cc,Resident Evil Requiem: Evil Has Always Had a Name (2026),,https://letterboxd.com/film/resident-evil-requiem-evil-has-always-had/,2026-06-05T18:25:43+00:00
movie_7910fadae4fc,The Moment (2026),,https://letterboxd.com/film/the-moment-2026/,2026-06-05T18:25:43+00:00
movie_1f215a9bbe9b,Apple Music Live: Gracie Abrams (2025),,https://letterboxd.com/film/apple-music-live-gracie-abrams/,2026-06-05T18:25:43+00:00
movie_ed65860a633f,Regretting You (2025),,https://letterboxd.com/film/regretting-you/,2026-06-05T18:25:43+00:00
movie_08469373ad5f,Marvel Zombies (2025),,https://letterboxd.com/film/marvel-zombies/,2026-06-05T18:25:43+00:00
movie_28d76d6691d3,Snoopy Presents: A Summer Musical (2025),,https://letterboxd.com/film/snoopy-presents-a-summer-musical/,2026-06-05T18:25:43+00:00
movie_0283ee59a98b,Freakier Friday (2025),,https://letterboxd.com/film/freakier-friday/,2026-06-05T18:25:43+00:00
movie_b39d26b66e09,Fear Street: Prom Queen (2025),,https://letterboxd.com/film/fear-street-prom-queen/,2026-06-05T18:25:43+00:00
movie_b5c82eea64a5,The Phoenician Scheme (2025),,https://letterboxd.com/film/the-phoenician-scheme/,2026-06-05T18:25:43+00:00
movie_41cbbd59b841,The Seat (2025),,https://letterboxd.com/film/the-seat/,2026-06-05T18:25:43+00:00
movie_00645148ec0f,Nirvanna the Band the Show the Movie (2025),,https://letterboxd.com/film/nirvanna-the-band-the-show-the-movie/,2026-06-05T18:25:43+00:00
movie_f154f463574a,Slanted (2025),,https://letterboxd.com/film/slanted/,2026-06-05T18:25:43+00:00
movie_ef6ba9ac931b,Hallow Road (2025),,https://letterboxd.com/film/hallow-road/,2026-06-05T18:25:43+00:00
movie_5a003fcbbeb5,Heart Eyes (2025),,https://letterboxd.com/film/heart-eyes/,2026-06-05T18:25:43+00:00
movie_2e6079b9928f,Batman: Mask of the Phantasm,,,2026-06-05T18:25:56+00:00
movie_aec35bb807ce,Frankenhooker,,,2026-06-05T18:26:00+00:00
movie_ae091ed8e609,Mulan (1998),,https://letterboxd.com/film/mulan/,2026-06-05T18:26:13+00:00
movie_96e298ee3f0d,Ponyo,,,2026-06-05T18:26:56+00:00
movie_880f52e94291,Spider-Man: Across the Spider-Verse,,,2026-06-05T18:27:00+00:00
movie_7d4f1363248c,Last Christmas (2019),,https://letterboxd.com/film/last-christmas-2019/,2026-06-05T18:27:00+00:00
movie_772788eeea5c,Gemini Man (2019),,https://letterboxd.com/film/gemini-man-2019/,2026-06-05T18:27:00+00:00
movie_a095fb178e79,A Beautiful Day in the Neighborhood (2019),,https://letterboxd.com/film/a-beautiful-day-in-the-neighborhood/,2026-06-05T18:27:00+00:00
movie_00606adbd740,The Last Summer (2019),,https://letterboxd.com/film/the-last-summer-2019/,2026-06-05T18:27:00+00:00
movie_90be635a4f1f,After (2019),,https://letterboxd.com/film/after-2019/,2026-06-05T18:27:00+00:00
movie_f6ee40c8cfdd,The Silence (2019),,https://letterboxd.com/film/the-silence-2019/,2026-06-05T18:27:00+00:00
movie_335cfa801a57,Happy Death Day 2U (2019),,https://letterboxd.com/film/happy-death-day-2u/,2026-06-05T18:27:00+00:00
movie_31b1273d6d26,Escape Room (2019),,https://letterboxd.com/film/escape-room-2019/,2026-06-05T18:27:00+00:00
movie_e8679bc05580,The Predator (2018),,https://letterboxd.com/film/the-predator/,2026-06-05T18:27:00+00:00
movie_999c726822d7,Game Night (2018),,https://letterboxd.com/film/game-night/,2026-06-05T18:27:00+00:00
movie_9671305face7,Won't You Be My Neighbor? (2018),,https://letterboxd.com/film/wont-you-be-my-neighbor/,2026-06-05T18:27:00+00:00
movie_efc2f826bb5a,Searching (2018),,https://letterboxd.com/film/searching-2018/,2026-06-05T18:27:00+00:00
movie_a4445d897198,About Time,,,2026-06-05T18:27:02+00:00
movie_f6e3d3263476,Kiki's Delivery Service,,,2026-06-05T18:27:11+00:00
movie_fe78f18ef13a,Everything Everywhere All at Once,,,2026-06-05T18:27:22+00:00
movie_6bfab0bba05a,Skyfall (2012),,https://letterboxd.com/film/skyfall/,2026-06-05T18:27:25+00:00
movie_72edc20fe6ba,[REC] (2007),,https://letterboxd.com/film/rec/,2026-06-05T18:27:25+00:00
movie_0424dbe24931,Madagascar (2005),,https://letterboxd.com/film/madagascar/,2026-06-05T18:27:25+00:00
movie_9bc56b35ce46,Blue Beetle (2023),,https://letterboxd.com/film/blue-beetle/,2026-06-05T18:27:54+00:00
movie_d030818738ce,Judas and the Black Messiah (2021),,https://letterboxd.com/film/judas-and-the-black-messiah/,2026-06-05T18:27:54+00:00
movie_bfb09b7d3245,The Trial of the Chicago 7 (2020),,https://letterboxd.com/film/the-trial-of-the-chicago-7/,2026-06-05T18:27:54+00:00
movie_1de0998ba8ad,The Gentlemen (2019),,https://letterboxd.com/film/the-gentlemen/,2026-06-05T18:27:54+00:00
movie_bf5375df1adc,Rain Man (1988),,https://letterboxd.com/film/rain-man/,2026-06-05T18:28:39+00:00
movie_76e6df394916,The Money Maker (2025),,https://letterboxd.com/film/the-money-maker-2025/,2026-06-05T18:28:42+00:00
movie_aa7f5063e9c0,The Piano Accident (2025),,https://letterboxd.com/film/the-piano-accident/,2026-06-05T18:28:42+00:00
movie_8f6d44017d1d,Summer Beats (2025),,https://letterboxd.com/film/summer-beats-2025/,2026-06-05T18:28:42+00:00
movie_609976270167,Arco (2025),,https://letterboxd.com/film/arco/,2026-06-05T18:28:42+00:00
movie_eb6998f4fd18,F*ckin' Fred : Comme un Léopard (2025),,https://letterboxd.com/film/fckin-fred-comme-un-leopard/,2026-06-05T18:28:42+00:00
movie_d4ecde5aae5d,Yannick (2023),,https://letterboxd.com/film/yannick-2023/,2026-06-05T18:28:42+00:00
movie_cabada2e16f7,Incredible But True (2022),,https://letterboxd.com/film/incredible-but-true/,2026-06-05T18:28:42+00:00
movie_2ed32b85d4d4,OSS 117: From Africa with Love (2021),,https://letterboxd.com/film/oss-117-from-africa-with-love/,2026-06-05T18:28:42+00:00
movie_fdec359a8e7c,Mandibles (2020),,https://letterboxd.com/film/mandibles/,2026-06-05T18:28:42+00:00
movie_97919683c4e1,Ted (2012),,https://letterboxd.com/film/ted/,2026-06-05T18:28:42+00:00
movie_64f97f4afd0a,Moneyball (2011),,https://letterboxd.com/film/moneyball/,2026-06-05T18:28:42+00:00
movie_115861480073,The Karate Kid (2010),,https://letterboxd.com/film/the-karate-kid-2010/,2026-06-05T18:28:42+00:00
movie_9554254afbe8,OSS 117: Lost in Rio (2009),,https://letterboxd.com/film/oss-117-lost-in-rio/,2026-06-05T18:28:42+00:00
movie_9c952d427bb2,Venom,,,2026-06-05T18:29:00+00:00
movie_fc77a6aeee7c,Your Name.,,,2026-06-05T18:29:23+00:00
movie_0efb18aa506e,Star Wars: Clone Wars (2003),,https://letterboxd.com/film/star-wars-clone-wars-2003/,2026-06-05T18:29:27+00:00
movie_c25d0fbf7bab,Back to the Future Part III (1990),,https://letterboxd.com/film/back-to-the-future-part-iii/,2026-06-05T18:29:27+00:00
movie_96a7e0c9b228,Back to the Future Part II (1989),,https://letterboxd.com/film/back-to-the-future-part-ii/,2026-06-05T18:29:27+00:00
movie_a6befde5561d,The Prestige,,,2026-06-05T18:29:49+00:00
movie_5fa0fffd0a54,Prometheus (2012),,https://letterboxd.com/film/prometheus/,2026-06-05T18:29:49+00:00
movie_137e37b1c8ff,Dazed and Confused (1993),,https://letterboxd.com/film/dazed-and-confused/,2026-06-05T18:30:14+00:00
movie_8a0ff5b70054,The First Omen (2024),,https://letterboxd.com/film/the-first-omen/,2026-06-05T18:30:18+00:00
movie_1bd93903f62b,The Amazing Spider-Man 2,,,2026-06-05T18:30:38+00:00
movie_dd9fc4145e2e,Night Swim (2024),,https://letterboxd.com/film/night-swim-2024/,2026-06-05T18:30:42+00:00
movie_8780e92e5631,The Other Zoey (2023),,https://letterboxd.com/film/the-other-zoey/,2026-06-05T18:30:42+00:00
movie_0cc741826d61,Love at First Sight (2023),,https://letterboxd.com/film/love-at-first-sight-2023/,2026-06-05T18:30:42+00:00
movie_00de86ce2fff,Flamin' Hot (2023),,https://letterboxd.com/film/flamin-hot/,2026-06-05T18:30:42+00:00
movie_9b596beafaac,Your Place or Mine (2023),,https://letterboxd.com/film/your-place-or-mine-2023/,2026-06-05T18:30:42+00:00
movie_5c128b5772d3,Shotgun Wedding (2022),,https://letterboxd.com/film/shotgun-wedding-2022/,2026-06-05T18:30:42+00:00
movie_d0b58ff7fad2,Hocus Pocus 2 (2022),,https://letterboxd.com/film/hocus-pocus-2/,2026-06-05T18:30:42+00:00
movie_ecd41e1bf710,Father of the Bride (2022),,https://letterboxd.com/film/father-of-the-bride-2022/,2026-06-05T18:30:42+00:00
movie_75c0e51003a5,Senior Year (2022),,https://letterboxd.com/film/senior-year-2022/,2026-06-05T18:30:42+00:00
movie_c5898bed560f,The In Between (2022),,https://letterboxd.com/film/the-in-between-2022/,2026-06-05T18:30:42+00:00
movie_1f44ff968c24,Marry Me (2022),,https://letterboxd.com/film/marry-me-2022/,2026-06-05T18:30:42+00:00
movie_a4da2ddf9c06,The Royal Treatment (2022),,https://letterboxd.com/film/the-royal-treatment/,2026-06-05T18:30:42+00:00
movie_489ecf178ce6,Love Hard (2021),,https://letterboxd.com/film/love-hard/,2026-06-05T18:30:42+00:00
movie_7e329bc2e737,Perfect Blue,,,2026-06-05T18:31:04+00:00
movie_04c57b9ad363,Return to Silent Hill,,,2026-06-05T18:31:08+00:00
movie_1143c0c037d0,10DANCE (2025),,https://letterboxd.com/film/10dance/,2026-06-05T18:31:08+00:00
movie_32517358c0ae,The Captive (2025),,https://letterboxd.com/film/the-captive-2025/,2026-06-05T18:31:08+00:00
movie_dabebe96a0a0,The Platform 2 (2024),,https://letterboxd.com/film/the-platform-2/,2026-06-05T18:31:08+00:00
movie_5e369a8f2206,Escape Room: Tournament of Champions (2021),,https://letterboxd.com/film/escape-room-tournament-of-champions/,2026-06-05T18:31:08+00:00
movie_1850b23d738a,Spiral: From the Book of Saw (2021),,https://letterboxd.com/film/spiral-from-the-book-of-saw/,2026-06-05T18:31:08+00:00
movie_3f80c8edd69d,Flavors of Youth (2018),,https://letterboxd.com/film/flavors-of-youth/,2026-06-05T18:31:08+00:00
movie_5f3910bad610,Jigsaw (2017),,https://letterboxd.com/film/jigsaw-2017/,2026-06-05T18:31:08+00:00
movie_3749ce785acd,Sing (2016),,https://letterboxd.com/film/sing-2016/,2026-06-05T18:31:08+00:00
movie_99e5a2c4f8ee,The Secret Life of Pets (2016),,https://letterboxd.com/film/the-secret-life-of-pets/,2026-06-05T18:31:08+00:00
movie_b871cb4184ce,Finding Dory (2016),,https://letterboxd.com/film/finding-dory/,2026-06-05T18:31:08+00:00
movie_afa4f39d9d3d,Hush (2016),,https://letterboxd.com/film/hush-2016/,2026-06-05T18:31:08+00:00
movie_dfe287093c8b,Hotel Transylvania 2 (2015),,https://letterboxd.com/film/hotel-transylvania-2/,2026-06-05T18:31:08+00:00
movie_f2404061bf6f,Teen Beach 2 (2015),,https://letterboxd.com/film/teen-beach-2/,2026-06-05T18:31:08+00:00
movie_9f41e13e54ac,Maleficent (2014),,https://letterboxd.com/film/maleficent/,2026-06-05T18:31:08+00:00
movie_2dd6cb2d0c42,Karate Kid: Legends (2025),,https://letterboxd.com/film/karate-kid-legends/,2026-06-05T18:31:32+00:00
movie_bf01ee13a690,Clown in a Cornfield (2025),,https://letterboxd.com/film/clown-in-a-cornfield/,2026-06-05T18:31:32+00:00
movie_ff93e09bfaf6,Under Paris (2024),,https://letterboxd.com/film/under-paris/,2026-06-05T18:31:32+00:00
movie_8f6eed460540,Halloween Ends (2022),,https://letterboxd.com/film/halloween-ends/,2026-06-05T18:31:32+00:00
movie_796d6f82868a,Halloween Kills (2021),,https://letterboxd.com/film/halloween-kills/,2026-06-05T18:31:32+00:00
movie_1cbc8b41e0e2,The Voyeurs (2021),,https://letterboxd.com/film/the-voyeurs-2021/,2026-06-05T18:31:32+00:00
movie_46879298ba30,JUJUTSU KAISEN (2020),,https://letterboxd.com/film/jujutsu-kaisen/,2026-06-05T18:31:32+00:00
movie_eaf94fa8ca5e,365 Days (2020),,https://letterboxd.com/film/365-days-2020/,2026-06-05T18:31:32+00:00
movie_0607f8e5fe2a,Scarface,,,2026-06-05T18:31:51+00:00
movie_4c305d55c9a2,Once Upon a Time... in Hollywood,,,2026-06-05T18:31:51+00:00
movie_4e55862a405e,Number 24 (2024),,https://letterboxd.com/film/number-24/,2026-06-05T18:31:55+00:00
movie_43bdc96de368,The Beasts (2022),,https://letterboxd.com/film/the-beasts-2022/,2026-06-05T18:31:55+00:00
movie_9ef71686e38a,Space Jam: A New Legacy (2021),,https://letterboxd.com/film/space-jam-a-new-legacy/,2026-06-05T18:31:55+00:00
movie_b48cad7efcd7,32 Malasana Street (2020),,https://letterboxd.com/film/32-malasana-street/,2026-06-05T18:31:55+00:00
movie_d487b44f982f,Dumbo (2019),,https://letterboxd.com/film/dumbo-2019/,2026-06-05T18:31:55+00:00
movie_0a2237edc34b,The Good Dinosaur (2015),,https://letterboxd.com/film/the-good-dinosaur/,2026-06-05T18:31:55+00:00
movie_2acd17dc3836,Mr. Peabody & Sherman (2014),,https://letterboxd.com/film/mr-peabody-sherman/,2026-06-05T18:31:55+00:00
movie_20a319132f45,Despicable Me 2 (2013),,https://letterboxd.com/film/despicable-me-2/,2026-06-05T18:31:55+00:00
movie_dfcbe13763ab,Monsters University (2013),,https://letterboxd.com/film/monsters-university/,2026-06-05T18:31:55+00:00
movie_350a068206c9,Blood Diamond (2006),,https://letterboxd.com/film/blood-diamond/,2026-06-05T18:31:55+00:00
movie_65d8e62236fa,The Da Vinci Code (2006),,https://letterboxd.com/film/the-da-vinci-code/,2026-06-05T18:31:55+00:00
movie_d1ae43169294,Shark Tale (2004),,https://letterboxd.com/film/shark-tale/,2026-06-05T18:31:55+00:00
movie_2a724879fd69,Mystic River (2003),,https://letterboxd.com/film/mystic-river/,2026-06-05T18:31:55+00:00
movie_8da896b746a6,Spirited Away,,,2026-06-05T18:31:57+00:00
movie_2c636fa0b52d,Pulp Fiction,,,2026-06-05T18:32:03+00:00
movie_7d67a6349a12,Despicable Me 3,,,2026-06-05T18:32:09+00:00
movie_85e9382ee031,Glass Onion,,,2026-06-05T18:32:34+00:00
movie_768fff3b73c3,Kung Fu Panda 2 (2011),,https://letterboxd.com/film/kung-fu-panda-2/,2026-06-05T18:32:51+00:00
movie_3aeee948aec8,Diary of a Wimpy Kid: Rodrick Rules (2011),,https://letterboxd.com/film/diary-of-a-wimpy-kid-rodrick-rules/,2026-06-05T18:32:51+00:00
movie_a707933d26a2,Sausage Party (2016),,https://letterboxd.com/film/sausage-party/,2026-06-05T18:33:13+00:00
movie_12c27d5d690f,Pitch Perfect 2 (2015),,https://letterboxd.com/film/pitch-perfect-2/,2026-06-05T18:33:13+00:00
movie_76d9389418a6,Percy Jackson & the Olympians: The Lightning Thief (2010),,https://letterboxd.com/film/percy-jackson-the-olympians-the-lightning-thief/,2026-06-05T18:33:13+00:00
movie_927e46bd67ff,X-Men: The Last Stand (2006),,https://letterboxd.com/film/x-men-the-last-stand/,2026-06-05T18:33:13+00:00
movie_d6cd086d39a7,8 Mile,,,2026-06-05T18:33:15+00:00
movie_9664462c95c4,Cars,,,2026-06-05T18:33:25+00:00
movie_5ed621cd9951,The Thing (1982),,https://letterboxd.com/film/the-thing/,2026-06-05T18:33:40+00:00
movie_e19bd67f361a,Blade (1998),,https://letterboxd.com/film/blade/,2026-06-05T18:33:40+00:00
movie_d7b975d70372,Die Hard (1988),,https://letterboxd.com/film/die-hard/,2026-06-05T18:33:44+00:00
movie_2a0c034be11c,Ferris Bueller's Day Off (1986),,https://letterboxd.com/film/ferris-buellers-day-off/,2026-06-05T18:33:44+00:00
movie_450dc7071cf1,Indiana Jones and the Temple of Doom (1984),,https://letterboxd.com/film/indiana-jones-and-the-temple-of-doom/,2026-06-05T18:33:44+00:00
movie_4aa691b6a421,Terminator 2: Judgment Day,,,2026-06-05T18:33:46+00:00
movie_704e8b300a66,Memento,,,2026-06-05T18:34:06+00:00
movie_d0434bb2dd98,Dororo (2019),,https://letterboxd.com/film/dororo-2019/,2026-06-05T18:34:09+00:00
movie_54afa878a53e,Kubo and the Two Strings (2016),,https://letterboxd.com/film/kubo-and-the-two-strings/,2026-06-05T18:34:09+00:00
movie_3631e89d131e,Elevation (2024),,https://letterboxd.com/film/elevation/,2026-06-05T18:50:16+00:00
movie_14f3abe9a6a3,Fantastic Four (2015),,https://letterboxd.com/film/fantastic-four/,2026-06-05T18:50:38+00:00
movie_b833f9ce0898,Léon: The Professional,,,2026-06-05T18:51:19+00:00
movie_9d46e2563ffe,Children of Heaven (1997),,https://letterboxd.com/film/children-of-heaven/,2026-06-05T18:51:47+00:00
movie_7beef3bcafe7,Black Hawk Down (2001),,https://letterboxd.com/film/black-hawk-down/,2026-06-05T18:52:14+00:00
movie_bcfa29b48eb6,Heart of Stone (2023),,https://letterboxd.com/film/heart-of-stone-2023/,2026-06-05T18:52:41+00:00
movie_906b26a19f25,Love Again (2023),,https://letterboxd.com/film/love-again-2023/,2026-06-05T18:52:41+00:00
movie_639194297d18,Yes Man (2008),,https://letterboxd.com/film/yes-man/,2026-06-05T18:53:07+00:00
movie_75243942e100,The Gift (2015),,https://letterboxd.com/film/the-gift-2015-1/,2026-06-05T18:53:10+00:00
movie_5e61a69dbe24,Stardust (2007),,https://letterboxd.com/film/stardust-2007/,2026-06-05T18:53:39+00:00
movie_bf6e372b68b3,Dirty Dancing,,,2026-06-05T18:54:54+00:00
movie_0e63433e01e3,Attack on Titan: Crimson Bow and Arrow (2014),,https://letterboxd.com/film/attack-on-titan-crimson-bow-and-arrow/,2026-06-05T18:55:47+00:00
movie_9ade61f6cf69,Casino Royale,,,2026-06-05T18:56:07+00:00
movie_047852a28949,Pride and Prejudice (1995),,https://letterboxd.com/film/pride-and-prejudice-1995/,2026-06-05T18:57:45+00:00
movie_db123b5c3540,Erupcja (2025),,https://letterboxd.com/film/erupcja/,2026-06-05T18:58:13+00:00
movie_427fd3bb5e61,Project Y (2025),,https://letterboxd.com/film/project-y/,2026-06-05T18:58:40+00:00
movie_9ef61a29eb14,Mad Unicorn (2025),,https://letterboxd.com/film/mad-unicorn/,2026-06-05T18:58:40+00:00
movie_34e88ec4716b,Lovesick (2025),,https://letterboxd.com/film/lovesick-2025/,2026-06-05T18:58:40+00:00
movie_5d6d112e15e3,Doona! (2023),,https://letterboxd.com/film/doona/,2026-06-05T18:58:40+00:00
movie_9cf00d38ff6f,Baghead (2023),,https://letterboxd.com/film/baghead-2023/,2026-06-05T18:59:04+00:00
movie_afeeb07bd1e7,The Wonder (2022),,https://letterboxd.com/film/the-wonder/,2026-06-05T18:59:04+00:00
movie_0bf43b78ab79,GOAT,,,2026-06-05T18:59:49+00:00
movie_2dd591083911,Night Courier (2023),,https://letterboxd.com/film/night-courier/,2026-06-05T19:00:16+00:00
movie_8efa0ed34f01,In Bruges,,,2026-06-05T19:00:31+00:00
movie_4da4116c2d34,Fist Fight (2017),,https://letterboxd.com/film/fist-fight-2017/,2026-06-05T19:00:52+00:00
movie_fee1b9031bf2,The Wedding Ringer (2015),,https://letterboxd.com/film/the-wedding-ringer/,2026-06-05T19:00:52+00:00
movie_c0717cf217b7,Saving Face,,,2026-06-05T19:02:10+00:00
movie_f28855ad8a26,Dandelion (2025),,https://letterboxd.com/film/dandelion-2025/,2026-06-05T19:02:14+00:00
movie_a075ef885180,Suncoast (2024),,https://letterboxd.com/film/suncoast/,2026-06-05T19:02:14+00:00
movie_ba27b68639d1,No Way Up (2024),,https://letterboxd.com/film/no-way-up/,2026-06-05T19:02:52+00:00
movie_4fb23d125a1c,Cosmic Princess Kaguya!,,,2026-06-05T19:03:55+00:00
movie_d3561d1ad243,Drishyam (2013),,https://letterboxd.com/film/drishyam/,2026-06-05T19:05:00+00:00
movie_67532bcdde61,Primer (2004),,https://letterboxd.com/film/primer/,2026-06-05T19:05:00+00:00
movie_ac17a6f3ee28,Malena (2000),,https://letterboxd.com/film/malena/,2026-06-05T19:05:00+00:00
movie_7f5bcb9a89a0,Cloud Atlas (2012),,https://letterboxd.com/film/cloud-atlas/,2026-06-05T19:05:54+00:00
movie_1db1c21497f4,The Hangover Part II,,,2026-06-05T19:06:00+00:00
movie_9747097efdc8,A Walk to Remember,,,2026-06-05T19:06:10+00:00
movie_df6fb8c36409,Deadpool,,,2026-06-05T19:06:20+00:00
movie_cbc23772e3ee,"Lover, Stalker, Killer (2024)",,https://letterboxd.com/film/lover-stalker-killer/,2026-06-05T19:06:22+00:00
movie_e9683dacdd90,Don't F**k with Cats: Hunting an Internet Killer (2019),,https://letterboxd.com/film/dont-fk-with-cats-hunting-an-internet-killer/,2026-06-05T19:06:22+00:00
movie_4f20bb5ad7df,Fury,,,2026-06-05T19:06:23+00:00
movie_0b6dddb07256,Force of Nature: The Dry 2 (2024),,https://letterboxd.com/film/force-of-nature-the-dry-2/,2026-06-05T19:06:58+00:00
movie_ac367f633d5c,Sense and Sensibility (1995),,https://letterboxd.com/film/sense-and-sensibility/,2026-06-05T19:07:40+00:00
movie_f288e07b4eb2,Sister Death (2023),,https://letterboxd.com/film/sister-death/,2026-06-05T19:08:32+00:00
movie_5e536b19def4,Terrified (2017),,https://letterboxd.com/film/terrified-2017/,2026-06-05T19:08:32+00:00
movie_45e93b7d602b,Broken Rage (2024),,https://letterboxd.com/film/broken-rage/,2026-06-05T19:09:35+00:00
movie_9264102aa682,Reminiscence (2021),,https://letterboxd.com/film/reminiscence-2021/,2026-06-05T19:09:36+00:00
movie_e7032b501ac8,Thug Life (2025),,https://letterboxd.com/film/thug-life-2025/,2026-06-05T19:10:40+00:00
movie_55ae8898f4ba,The Greatest of All Time (2024),,https://letterboxd.com/film/the-greatest-of-all-time/,2026-06-05T19:10:40+00:00
movie_869dab1a6289,Maaveeran (2023),,https://letterboxd.com/film/maaveeran-2023/,2026-06-05T19:10:40+00:00
movie_47014cab8197,Vaathi (2023),,https://letterboxd.com/film/vaathi/,2026-06-05T19:10:40+00:00
movie_85f6344d8260,Thiruchitrambalam (2022),,https://letterboxd.com/film/thiruchitrambalam/,2026-06-05T19:10:40+00:00
movie_f8957e6a1398,Beast (2022),,https://letterboxd.com/film/beast-2022/,2026-06-05T19:10:40+00:00
movie_c75756a86693,Mahaan (2022),,https://letterboxd.com/film/mahaan-2022/,2026-06-05T19:10:40+00:00
movie_0ec6f6955b60,Soorarai Pottru (2020),,https://letterboxd.com/film/soorarai-pottru/,2026-06-05T19:10:40+00:00
movie_3e0f135bde4e,Velaiyilla Pattathari (2014),,https://letterboxd.com/film/velaiyilla-pattathari/,2026-06-05T19:10:40+00:00
movie_12b942052354,Michael Jackson: The Verdict,,,2026-06-05T19:10:52+00:00
movie_1410694d3cfe,Michael Jackson: The Verdict (2026),,https://letterboxd.com/film/michael-jackson-the-verdict/,2026-06-05T19:10:52+00:00
movie_7141fde0d571,Let's Go Karaoke! (2023),,https://letterboxd.com/film/lets-go-karaoke/,2026-06-05T19:12:14+00:00
movie_ef1b1536d268,Control (2007),,https://letterboxd.com/film/control-2007/,2026-06-05T19:12:14+00:00
movie_4bc698ece87a,The Endless (2017),,https://letterboxd.com/film/the-endless/,2026-06-05T19:13:26+00:00
movie_a1dc54231700,The Raid 2 (2014),,https://letterboxd.com/film/the-raid-2/,2026-06-05T19:13:26+00:00
movie_60fc6568481a,Cowboy Bebop: The Movie (2001),,https://letterboxd.com/film/cowboy-bebop-the-movie/,2026-06-05T19:13:26+00:00
movie_ebad91313ddd,Event Horizon (1997),,https://letterboxd.com/film/event-horizon/,2026-06-05T19:13:26+00:00
movie_dfcc67c0450c,Screw Mickiewicz 3 (2026),,https://letterboxd.com/film/screw-mickiewicz-3/,2026-06-05T19:13:52+00:00
movie_5186fee6ad5d,The Altar Boys (2025),,https://letterboxd.com/film/the-altar-boys-2025/,2026-06-05T19:13:52+00:00
movie_3d65aeb0cd42,Splitsville (2025),,https://letterboxd.com/film/splitsville/,2026-06-05T19:13:52+00:00
movie_ec18287f09df,Screw Mickiewicz 2 (2025),,https://letterboxd.com/film/screw-mickiewicz-2/,2026-06-05T19:13:52+00:00
movie_416a8caa47bf,Screw Mickiewicz (2024),,https://letterboxd.com/film/screw-mickiewicz/,2026-06-05T19:13:52+00:00
movie_d0877ea3a0b6,The Curious Case of Benjamin Button,,,2026-06-05T19:14:01+00:00
movie_9919e4d9dfa4,The Brand New Adventures of Aladdin (2018),,https://letterboxd.com/film/the-brand-new-adventures-of-aladdin/,2026-06-05T19:14:28+00:00
movie_5466fe94a8f5,Liar Liar (1997),,https://letterboxd.com/film/liar-liar/,2026-06-05T19:15:38+00:00
movie_c8f84d5b3939,Divergent,,,2026-06-05T19:16:15+00:00
movie_df00eda7006a,Dogville (2003),,https://letterboxd.com/film/dogville/,2026-06-05T19:16:29+00:00
movie_5935f7733552,Dancer in the Dark (2000),,https://letterboxd.com/film/dancer-in-the-dark/,2026-06-05T19:16:29+00:00
movie_e948595f3805,Miracle: The Boys of '80 (2026),,https://letterboxd.com/film/miracle-the-boys-of-80/,2026-06-05T19:16:55+00:00
movie_a6e162bd387e,Being Eddie (2025),,https://letterboxd.com/film/being-eddie/,2026-06-05T19:16:55+00:00
movie_801a61762c40,Death by Lightning (2025),,https://letterboxd.com/film/death-by-lightning/,2026-06-05T19:16:55+00:00
movie_c306d358f39a,aka Charlie Sheen (2025),,https://letterboxd.com/film/aka-charlie-sheen/,2026-06-05T19:16:55+00:00
movie_069f6a70485a,The Astronaut (2025),,https://letterboxd.com/film/the-astronaut-2025/,2026-06-05T19:16:55+00:00
movie_8da6bef8adec,Land of Bad (2024),,https://letterboxd.com/film/land-of-bad/,2026-06-05T19:16:55+00:00
movie_be3b69f05998,13 Hours: The Secret Soldiers of Benghazi (2016),,https://letterboxd.com/film/13-hours-the-secret-soldiers-of-benghazi/,2026-06-05T19:17:07+00:00
movie_4b2f0ae0cb77,2 Guns (2013),,https://letterboxd.com/film/2-guns/,2026-06-05T19:17:07+00:00
movie_6b2bb98ffe90,Shooter (2007),,https://letterboxd.com/film/shooter/,2026-06-05T19:17:07+00:00
movie_e2fe8ee773de,Soyut Dışavurumcu Bir Dostluğun Anatomisi Veyahut Yan Yana,,,2026-06-05T19:18:12+00:00
movie_e66a462790e1,Godzilla (2014),,https://letterboxd.com/film/godzilla-2014/,2026-06-05T19:18:23+00:00
movie_44973f49e353,Crank (2006),,https://letterboxd.com/film/crank/,2026-06-05T19:18:35+00:00
movie_2c2e32d8dcdf,Seed of Chucky (2004),,https://letterboxd.com/film/seed-of-chucky/,2026-06-05T19:18:35+00:00
movie_37146f4f7de9,Kuroko's Basketball the Movie: Last Game (2017),,https://letterboxd.com/film/kurokos-basketball-the-movie-last-game/,2026-06-05T19:19:01+00:00
movie_dd8a67160fa8,Conclave,,,2026-06-05T19:20:10+00:00
movie_2c9fe54924df,Ghostbusters,,,2026-06-05T19:20:33+00:00
movie_c8e0be20fa82,Shoplifters,,,2026-06-05T19:20:49+00:00
movie_e8558bb5f9de,Tuner,,,2026-06-05T19:20:50+00:00
movie_d59382e3a31f,Yi Yi (2000),,https://letterboxd.com/film/yi-yi/,2026-06-05T19:20:50+00:00
movie_33fb2919befd,Hunting Matthew Nichols (2024),,https://letterboxd.com/film/hunting-matthew-nichols/,2026-06-05T19:21:13+00:00
movie_8c52b7150f66,The Shrouds (2024),,https://letterboxd.com/film/the-shrouds/,2026-06-05T19:21:13+00:00
movie_7d2eb8f721a1,Satan's Slaves 2: Communion (2022),,https://letterboxd.com/film/satans-slaves-2-communion/,2026-06-05T19:21:13+00:00
movie_f6170346d799,Vinland Saga,,,2026-06-05T19:21:17+00:00
movie_e387455366b8,The Fourth Kind (2009),,https://letterboxd.com/film/the-fourth-kind/,2026-06-05T19:21:53+00:00
movie_0c5246e06f28,Contact (1997),,https://letterboxd.com/film/contact/,2026-06-05T19:21:53+00:00
movie_ecd9b4b773dc,Babylon,,,2026-06-05T19:22:04+00:00
movie_f6f414f62c96,She Rides Shotgun (2025),,https://letterboxd.com/film/she-rides-shotgun/,2026-06-05T19:22:05+00:00
movie_fb67a6767a1a,Speed,,,2026-06-05T19:22:18+00:00
movie_c889f7fb9ae3,Secret Mall Apartment (2024),,https://letterboxd.com/film/secret-mall-apartment-2024/,2026-06-05T19:22:20+00:00
movie_9a99d69b94b4,Hell's Paradise (2023),,https://letterboxd.com/film/hells-paradise/,2026-06-05T19:22:20+00:00
movie_792ba7b91858,Memoir of a Murderer (2017),,https://letterboxd.com/film/memoir-of-a-murderer/,2026-06-05T19:22:20+00:00
movie_75983cb5c241,The Royal Tenenbaums,,,2026-06-05T19:22:34+00:00
movie_4cc61f54be06,A Dog's Journey (2019),,https://letterboxd.com/film/a-dogs-journey/,2026-06-05T19:23:16+00:00
movie_f2c0dedc2995,Manhattan (1979),,https://letterboxd.com/film/manhattan/,2026-06-05T19:23:38+00:00
movie_2d0fa69e8d2a,Annie Hall (1977),,https://letterboxd.com/film/annie-hall/,2026-06-05T19:23:38+00:00
movie_7ccadfc8ca9d,The Greatest Beer Run Ever (2022),,https://letterboxd.com/film/the-greatest-beer-run-ever/,2026-06-05T19:23:51+00:00
movie_bd1a0cd328ff,Persian Lessons (2020),,https://letterboxd.com/film/persian-lessons/,2026-06-05T19:23:51+00:00
movie_e716983dacd7,Hercules,,,2026-06-05T19:24:31+00:00
movie_2357c42322ce,Masters of the Universe,,,2026-06-05T19:24:46+00:00
movie_273122e7af95,Masters of the Universe (2026),,https://letterboxd.com/film/masters-of-the-universe-2026/,2026-06-05T19:24:46+00:00
movie_3e8b77b0b584,The Muppet Show (2026),,https://letterboxd.com/film/the-muppet-show/,2026-06-05T19:24:46+00:00
movie_4702368e7f88,The Great Ambition (2024),,https://letterboxd.com/film/the-great-ambition/,2026-06-05T19:25:42+00:00
movie_ff4ca0796fae,Videodrome (1983),,https://letterboxd.com/film/videodrome/,2026-06-05T19:25:42+00:00
movie_12d8216e8df4,Cocorico (2024),,https://letterboxd.com/film/cocorico/,2026-06-05T19:25:56+00:00
movie_305eb20698f2,Open Season (2023),,https://letterboxd.com/film/open-season-2023/,2026-06-05T19:25:56+00:00
movie_743823fb1b44,3 Days Max (2023),,https://letterboxd.com/film/3-days-max/,2026-06-05T19:25:56+00:00
movie_3ff189fc1859,Les SEGPA (2022),,https://letterboxd.com/film/les-segpa/,2026-06-05T19:25:56+00:00
movie_66c2ef96fc19,Serial (Bad) Weddings 3 (2021),,https://letterboxd.com/film/serial-bad-weddings-3/,2026-06-05T19:25:56+00:00
movie_7aca46cf19c2,Fear Street: 1994,,,2026-06-05T19:26:13+00:00
movie_07b0aa212450,Hope (2013),,https://letterboxd.com/film/hope-2013/,2026-06-05T19:26:52+00:00
movie_bd9620713967,Enemy,,,2026-06-05T19:27:21+00:00
movie_9443f23b188a,Two Night Stand (2014),,https://letterboxd.com/film/two-night-stand/,2026-06-05T19:28:05+00:00
movie_43003e65fbcd,I Dream in Another Language (2017),,https://letterboxd.com/film/i-dream-in-another-language/,2026-06-05T19:28:18+00:00
movie_34599ce1b1bf,Notes on a Scandal (2006),,https://letterboxd.com/film/notes-on-a-scandal/,2026-06-05T19:28:18+00:00
movie_697033728ce6,Hellboy (2019),,https://letterboxd.com/film/hellboy-2019/,2026-06-05T19:29:12+00:00
movie_1d6b53ed8560,The Harder They Fall (2021),,https://letterboxd.com/film/the-harder-they-fall-2021/,2026-06-05T19:29:51+00:00
movie_e7f50dee7bff,War for the Planet of the Apes,,,2026-06-05T19:29:52+00:00
movie_5ac054c19c0e,Fast Five,,,2026-06-05T19:29:53+00:00
movie_edaed2d90762,Heretic,,,2026-06-05T19:30:22+00:00
movie_ea238aeae218,Perfect Crown (2026),,https://letterboxd.com/film/perfect-crown/,2026-06-05T19:32:06+00:00
movie_1b3a26f603fb,Love and Leashes (2022),,https://letterboxd.com/film/love-and-leashes/,2026-06-05T19:32:06+00:00
movie_8b7d5aab8a98,Kim Ji-young: Born 1982 (2019),,https://letterboxd.com/film/kim-ji-young-born-1982/,2026-06-05T19:32:06+00:00
movie_450906fd0228,Planes: Fire & Rescue (2014),,https://letterboxd.com/film/planes-fire-rescue/,2026-06-05T19:32:06+00:00
movie_b7eb1252ad05,Edge of Tomorrow,,,2026-06-05T19:32:30+00:00
movie_89295f4a1adc,Pirates of the Caribbean: Dead Men Tell No Tales,,,2026-06-05T19:32:32+00:00
movie_ce5f0c3e7604,Only the Brave (2017),,https://letterboxd.com/film/only-the-brave-2017/,2026-06-05T19:32:40+00:00
movie_856aac669628,American Gangster,,,2026-06-05T19:32:42+00:00
movie_ca5de1a5a60b,Mind Game (2004),,https://letterboxd.com/film/mind-game/,2026-06-05T19:33:09+00:00
movie_89b7e5295f8c,Steven Universe Future (2019),,https://letterboxd.com/film/steven-universe-future-2019/,2026-06-05T19:33:20+00:00
movie_3f351f10f997,Pressure,,,2026-06-05T19:33:41+00:00
movie_e03ec8035eae,Pressure (2026),,https://letterboxd.com/film/pressure-2026/,2026-06-05T19:33:41+00:00
movie_f14b9443b9cc,Chungking Express,,,2026-06-05T19:34:30+00:00
movie_1eab0407dba3,Babel (2006),,https://letterboxd.com/film/babel-2006/,2026-06-05T19:34:31+00:00
movie_f8f8041b7dbb,The Ba***ds of Bollywood (2025),,https://letterboxd.com/film/the-bads-of-bollywood-2025/,2026-06-05T19:35:34+00:00
movie_34b9e7c688b6,Kuberaa (2025),,https://letterboxd.com/film/kuberaa/,2026-06-05T19:35:34+00:00
movie_eb65e44bc25f,Mahavatar Narsimha (2024),,https://letterboxd.com/film/mahavatar-narsimha/,2026-06-05T19:35:34+00:00
movie_16892f325494,Mukundan Unni Associates™ (2022),,https://letterboxd.com/film/mukundan-unni-associates/,2026-06-05T19:35:34+00:00
movie_4f993522a445,Love Today (2022),,https://letterboxd.com/film/love-today-2022/,2026-06-05T19:35:34+00:00
movie_24f4c8d629ec,Kantara (2022),,https://letterboxd.com/film/kantara/,2026-06-05T19:35:34+00:00
movie_e4c363616776,Sita Ramam (2022),,https://letterboxd.com/film/sita-ramam/,2026-06-05T19:35:34+00:00
movie_463c025d113b,The Nice Guys,,,2026-06-05T19:35:46+00:00
movie_e70ba5f78cdd,Shrek 5,,,2026-06-05T19:36:16+00:00
movie_8cab1142a42c,Shrek 5 (2027),,https://letterboxd.com/film/shrek-5/,2026-06-05T19:36:16+00:00
movie_ebc2dfa6631b,Diary of a Wimpy Kid: Dog Days,,,2026-06-05T19:37:21+00:00
movie_3347d39658ef,Between Two Ferns: The Movie (2019),,https://letterboxd.com/film/between-two-ferns-the-movie/,2026-06-05T19:37:21+00:00
movie_c66942efedb5,Monster House,,,2026-06-05T19:37:25+00:00
movie_00b12d733d0c,Captain America: The Winter Soldier,,,2026-06-05T19:37:27+00:00
movie_374f27641d6d,Bride Wars,,,2026-06-05T19:37:38+00:00
movie_ad5b42f680a2,Cellar Door (2024),,https://letterboxd.com/film/cellar-door-2024/,2026-06-05T19:37:50+00:00
movie_b74fad3a310c,Say Anything... (1989),,https://letterboxd.com/film/say-anything/,2026-06-05T19:37:50+00:00
movie_381ffe63952a,"Bon Appétit, Your Majesty (2025)",,https://letterboxd.com/film/bon-appetit-your-majesty/,2026-06-05T19:38:03+00:00
movie_19b80ef26df9,Ferdinand (2017),,https://letterboxd.com/film/ferdinand/,2026-06-05T19:38:03+00:00
movie_736659e73e0e,Paddington in Peru,,,2026-06-05T19:38:14+00:00
movie_0a94ba7082bd,The Secret Agent,,,2026-06-05T19:38:25+00:00
movie_a835b6e1d072,Cuttputlli (2022),,https://letterboxd.com/film/cuttputlli/,2026-06-05T19:38:35+00:00
movie_26a77b43cf3f,Mission Mangal (2019),,https://letterboxd.com/film/mission-mangal/,2026-06-05T19:38:35+00:00
movie_50a9b7d7f2f3,Blue Spring Ride (2014),,https://letterboxd.com/film/blue-spring-ride-2014/,2026-06-05T19:38:35+00:00
movie_8e8f0e583465,Ghajini (2008),,https://letterboxd.com/film/ghajini-2008/,2026-06-05T19:38:35+00:00
movie_a7774020ea6c,Om Shanti Om (2007),,https://letterboxd.com/film/om-shanti-om/,2026-06-05T19:38:35+00:00
movie_c2091e0db529,Kuch Kuch Hota Hai (1998),,https://letterboxd.com/film/kuch-kuch-hota-hai/,2026-06-05T19:38:35+00:00
movie_4ea47c1046cc,Nimona,,,2026-06-05T19:38:45+00:00
movie_813d82140785,Slotherhouse (2023),,https://letterboxd.com/film/slotherhouse/,2026-06-05T19:38:47+00:00
movie_dfca30ab62a2,Pride and Prejudice and Zombies (2016),,https://letterboxd.com/film/pride-and-prejudice-and-zombies/,2026-06-05T19:38:47+00:00
movie_adb03894f2e3,Bershama (2026),,https://letterboxd.com/film/bershama/,2026-06-05T19:39:14+00:00
movie_a08a2c3ff1b1,Ein Sehreya (2026),,https://letterboxd.com/film/ein-sehreya/,2026-06-05T19:39:14+00:00
movie_12182767e097,What Women Want (2000),,https://letterboxd.com/film/what-women-want/,2026-06-05T19:39:27+00:00
movie_21d2802af3cd,Brothers,,,2026-06-05T19:39:32+00:00
movie_f45b0be7cdc4,A Bronx Tale,,,2026-06-05T19:40:20+00:00
movie_3f53d6e8403f,1883 (2021),,https://letterboxd.com/film/1883/,2026-06-05T19:40:21+00:00
movie_4d70cc6c4ed5,Jurassic World Rebirth,,,2026-06-05T19:40:33+00:00
movie_37a3ee534d24,Pusher II (2004),,https://letterboxd.com/film/pusher-ii/,2026-06-05T19:41:12+00:00
movie_839c66f32086,The Mountain II (2016),,https://letterboxd.com/film/the-mountain-ii/,2026-06-05T19:41:52+00:00
movie_b0fdaac90ded,The Body (2012),,https://letterboxd.com/film/the-body-2012/,2026-06-05T19:41:52+00:00
movie_88ead3f2b7cc,Grown Ups,,,2026-06-05T19:42:03+00:00
movie_84ad85c615c3,PAW Patrol: The Mighty Movie (2023),,https://letterboxd.com/film/paw-patrol-the-mighty-movie/,2026-06-05T19:42:05+00:00
movie_383641175f16,Hollow Man (2000),,https://letterboxd.com/film/hollow-man/,2026-06-05T19:42:38+00:00
movie_fcf92e68be34,Anyone But You,,,2026-06-05T19:42:55+00:00
movie_f9c2bde85d55,Ferris Bueller's Day Off,,,2026-06-05T19:43:05+00:00
movie_37277f02f252,The World of Love (2025),,https://letterboxd.com/film/the-world-of-love/,2026-06-05T19:43:31+00:00
movie_488099e7ffe9,"Two Seasons, Two Strangers (2025)",,https://letterboxd.com/film/two-seasons-two-strangers/,2026-06-05T19:43:31+00:00
movie_a6ebfbff0440,Another World (2025),,https://letterboxd.com/film/another-world-2025-2/,2026-06-05T19:43:31+00:00
movie_d2060eeecc4b,Kokuho (2025),,https://letterboxd.com/film/kokuho/,2026-06-05T19:43:31+00:00
movie_4d5f6c7f3db3,Love Letters (2025),,https://letterboxd.com/film/love-letters-2025/,2026-06-05T19:43:31+00:00
movie_23d6f74539a8,Flat Girls (2025),,https://letterboxd.com/film/flat-girls/,2026-06-05T19:43:31+00:00
movie_a11be0578648,Sally (2025),,https://letterboxd.com/film/sally-2025/,2026-06-05T19:43:31+00:00
movie_0e3e589c5592,Happyend (2024),,https://letterboxd.com/film/happyend/,2026-06-05T19:43:31+00:00
movie_c8b254bb5c49,All the Long Nights (2024),,https://letterboxd.com/film/all-the-long-nights/,2026-06-05T19:43:31+00:00
movie_c33b0d3660c0,In the Name of the Father (1993),,https://letterboxd.com/film/in-the-name-of-the-father-1993/,2026-06-05T19:43:57+00:00
movie_0ef3100ce4ea,Matthias & Maxime (2019),,https://letterboxd.com/film/matthias-maxime/,2026-06-05T19:45:23+00:00
movie_1114a3f48d9d,Come and See,,,2026-06-05T19:45:45+00:00
movie_7065e6b7fea8,BOCCHI THE ROCK! (2022),,https://letterboxd.com/film/bocchi-the-rock/,2026-06-05T19:45:46+00:00
movie_6703853e5dc6,Serial Experiments Lain (1998),,https://letterboxd.com/film/serial-experiments-lain/,2026-06-05T19:45:46+00:00
movie_d615c12ed04e,On the Silver Globe (1988),,https://letterboxd.com/film/on-the-silver-globe/,2026-06-05T19:45:46+00:00
movie_a59966f1d694,Diary of a Wimpy Kid: Rodrick Rules,,,2026-06-05T19:45:59+00:00
movie_4f5852ced7af,Young Hearts,,,2026-06-05T19:46:12+00:00
movie_b3e5f6b89f68,Being John Malkovich (1999),,https://letterboxd.com/film/being-john-malkovich/,2026-06-05T19:46:51+00:00
movie_f2b92f377334,Fear and Loathing in Las Vegas (1998),,https://letterboxd.com/film/fear-and-loathing-in-las-vegas/,2026-06-05T19:46:51+00:00
movie_417a2f27bee0,Griselda (2024),,https://letterboxd.com/film/griselda/,2026-06-05T19:49:09+00:00
movie_f4c1f3288e01,Finding Nemo,,,2026-06-05T19:49:13+00:00
movie_6516b32c5956,Boss Level (2021),,https://letterboxd.com/film/boss-level/,2026-06-05T19:49:33+00:00
movie_dfb655f449e4,Misericordia (2024),,https://letterboxd.com/film/misericordia-2024/,2026-06-05T19:52:00+00:00
movie_eb2e56dcabb9,Dahomey (2024),,https://letterboxd.com/film/dahomey/,2026-06-05T19:52:00+00:00
movie_d502a4f5f187,The Messiah (2023),,https://letterboxd.com/film/the-messiah-2023/,2026-06-05T19:52:00+00:00
movie_146208dbe1d0,Stand by Me Doraemon (2014),,https://letterboxd.com/film/stand-by-me-doraemon/,2026-06-05T19:52:31+00:00
movie_3e5f3ba1954d,Tourist Family (2025),,https://letterboxd.com/film/tourist-family/,2026-06-05T19:53:24+00:00
movie_03570de335b1,Don (2022),,https://letterboxd.com/film/don-2022/,2026-06-05T19:53:24+00:00
movie_00efd884af45,The Whole Truth (2021),,https://letterboxd.com/film/the-whole-truth-2021/,2026-06-05T19:53:37+00:00
movie_800d95eb51e6,Start-Up (2020),,https://letterboxd.com/film/start-up-2020/,2026-06-05T19:53:37+00:00
movie_8bec2895af8a,La Llorona (2019),,https://letterboxd.com/film/la-llorona-2019/,2026-06-05T19:53:37+00:00
movie_4e642edebf7c,Queen (2013),,https://letterboxd.com/film/queen-2013/,2026-06-05T19:53:37+00:00
movie_f30f593d527f,Annihilation,,,2026-06-05T19:54:04+00:00
movie_67f91b6edcfb,Wallace & Gromit: Vengeance Most Fowl,,,2026-06-05T19:54:45+00:00
movie_41965927237a,Kirikou and the Sorceress (1998),,https://letterboxd.com/film/kirikou-and-the-sorceress/,2026-06-05T19:54:45+00:00
movie_ec50c1762a2b,The Fox and the Hound (1981),,https://letterboxd.com/film/the-fox-and-the-hound/,2026-06-05T19:54:58+00:00
movie_303f13678912,Star Wars: Episode II – Attack of the Clones,,,2026-06-05T19:55:14+00:00
movie_5e57cb613b8e,Hellraiser (2022),,https://letterboxd.com/film/hellraiser-2022/,2026-06-05T19:55:25+00:00
movie_8b9dce4de83e,Nymphomaniac (2014),,https://letterboxd.com/film/nymphomaniac/,2026-06-05T19:55:25+00:00
movie_7a1827cdb9e4,Victoria (2015),,https://letterboxd.com/film/victoria-2015/,2026-06-05T19:56:03+00:00
movie_9f6853b016a2,Shaun of the Dead,,,2026-06-05T19:56:06+00:00
movie_0df177823ce6,Rango,,,2026-06-05T19:56:29+00:00
movie_991520a25836,Secretary,,,2026-06-05T19:57:10+00:00
movie_427c161f3019,Only God Forgives (2013),,https://letterboxd.com/film/only-god-forgives/,2026-06-05T19:57:10+00:00
movie_c5fa943ed938,Shame (2011),,https://letterboxd.com/film/shame-2011/,2026-06-05T19:57:12+00:00
movie_ab64bff8e304,Antichrist (2009),,https://letterboxd.com/film/antichrist/,2026-06-05T19:57:12+00:00
movie_6b971e6f17e2,The Wrestler (2008),,https://letterboxd.com/film/the-wrestler/,2026-06-05T19:57:12+00:00
movie_d3a6879b6957,Jeanne du Barry (2023),,https://letterboxd.com/film/jeanne-du-barry/,2026-06-05T19:57:24+00:00
movie_7d1b9ebf38d2,Regretting You,,,2026-06-05T19:57:52+00:00
movie_6318097b7b32,Prom Pact (2023),,https://letterboxd.com/film/prom-pact/,2026-06-05T19:58:56+00:00
movie_0e44c03f9d34,Eko (2025),,https://letterboxd.com/film/eko-2025/,2026-06-05T19:59:14+00:00
movie_b7b20f078472,Diés Iraé (2025),,https://letterboxd.com/film/dies-irae-2025-1/,2026-06-05T19:59:14+00:00
movie_b0663d6955ed,Dude (2025),,https://letterboxd.com/film/dude-2025/,2026-06-05T19:59:14+00:00
movie_3313e575bf64,Padakkalam (2025),,https://letterboxd.com/film/padakkalam/,2026-06-05T19:59:14+00:00
movie_9cb64c628d98,Dragon (2025),,https://letterboxd.com/film/dragon-2025/,2026-06-05T19:59:14+00:00
movie_7f2699d75acd,Ponman (2025),,https://letterboxd.com/film/ponman/,2026-06-05T19:59:14+00:00
movie_0c22353a3521,Sookshmadarshini (2024),,https://letterboxd.com/film/sookshmadarshini/,2026-06-05T19:59:14+00:00
movie_92787bd415a6,Kishkindha Kaandam (2024),,https://letterboxd.com/film/kishkindha-kaandam/,2026-06-05T19:59:14+00:00
movie_1663e0a47fa8,Kumbalangi Nights (2019),,https://letterboxd.com/film/kumbalangi-nights/,2026-06-05T19:59:14+00:00
movie_8f215e411ff7,Ghost (1990),,https://letterboxd.com/film/ghost/,2026-06-05T20:00:04+00:00
movie_b5ae0d7ae242,Werewolves (2024),,https://letterboxd.com/film/werewolves-2024/,2026-06-05T20:00:42+00:00
movie_9e0fbc9054f5,From the Ashes (2024),,https://letterboxd.com/film/from-the-ashes-2024-1/,2026-06-05T20:00:42+00:00
movie_5c8a2a9a791f,Naga (2023),,https://letterboxd.com/film/naga/,2026-06-05T20:00:42+00:00
movie_a459cbd12eea,Blue Jean (2022),,https://letterboxd.com/film/blue-jean/,2026-06-05T20:00:42+00:00
movie_8b1d3b63342b,My Best Friend Anne Frank (2021),,https://letterboxd.com/film/my-best-friend-anne-frank/,2026-06-05T20:00:42+00:00
movie_eb53fbb509f0,AlRawabi School for Girls (2021),,https://letterboxd.com/film/alrawabi-school-for-girls/,2026-06-05T20:00:42+00:00
movie_258df8ba95de,The Matrix Reloaded,,,2026-06-05T20:00:46+00:00
movie_1b660fbdc99a,Million Dollar Baby,,,2026-06-05T20:00:50+00:00
movie_50729bd79faf,The Suicide Squad,,,2026-06-05T20:01:44+00:00
movie_2bd9a7d9d8f8,The Forbidden City (2025),,https://letterboxd.com/film/the-forbidden-city-2025/,2026-06-05T20:01:46+00:00
movie_917e1e76de1c,You Hurt My Feelings (2023),,https://letterboxd.com/film/you-hurt-my-feelings-2023/,2026-06-05T20:01:46+00:00
movie_516143b7e4da,Elvira: Mistress of the Dark (1988),,https://letterboxd.com/film/elvira-mistress-of-the-dark/,2026-06-05T20:02:01+00:00
movie_9c53f62ad934,Strangers on a Train (1951),,https://letterboxd.com/film/strangers-on-a-train/,2026-06-05T20:02:01+00:00
movie_1c22830df7f5,Basic Instinct (1992),,https://letterboxd.com/film/basic-instinct/,2026-06-05T20:02:30+00:00
movie_280f3682e3f6,Cure,,,2026-06-05T20:02:31+00:00
movie_685555b8b18a,The Fabelmans,,,2026-06-05T20:02:42+00:00
movie_29369fc64451,Finding Emily,,,2026-06-05T20:02:59+00:00
movie_959a630ab067,Champions (2023),,https://letterboxd.com/film/champions-2023/,2026-06-05T20:02:59+00:00
movie_1c3c8e8f162a,Promising Young Woman,,,2026-06-05T20:03:00+00:00
movie_7b832c37220b,The Lord of the Rings: The Rings of Power Global Fan Screening (2022),,https://letterboxd.com/film/the-lord-of-the-rings-the-rings-of-power-global-fan-screening/,2026-06-05T20:03:49+00:00
movie_dd19057af776,Thrash,,,2026-06-05T20:04:02+00:00
movie_e1298e27b206,Soul Mate,,,2026-06-05T20:05:17+00:00
movie_ed2c26c2c649,Soul Mate (2026),,https://letterboxd.com/film/soul-mate-2026/,2026-06-05T20:05:17+00:00
movie_1b75c4190bc5,The Scarecrow (2026),,https://letterboxd.com/film/the-scarecrow-2026/,2026-06-05T20:05:17+00:00
movie_77863d335991,The King's Warden (2026),,https://letterboxd.com/film/the-kings-warden/,2026-06-05T20:05:17+00:00
movie_8f32ebb3ffe4,Can This Love Be Translated? (2026),,https://letterboxd.com/film/can-this-love-be-translated/,2026-06-05T20:05:17+00:00
movie_7272f29fa3da,The Manipulated (2025),,https://letterboxd.com/film/the-manipulated-2025/,2026-06-05T20:05:17+00:00
movie_34f6f37d59e3,Dopamine (2025),,https://letterboxd.com/film/dopamine-2025-1/,2026-06-05T20:05:17+00:00
movie_de4b56fe4ea0,The First Ride (2025),,https://letterboxd.com/film/the-first-ride/,2026-06-05T20:05:17+00:00
movie_a76d170163d0,Good Boy (2025),,https://letterboxd.com/film/good-boy-2025-2/,2026-06-05T20:05:18+00:00
movie_48fad9c8614c,ONE: High School Heroes (2025),,https://letterboxd.com/film/one-high-school-heroes/,2026-06-05T20:05:18+00:00
movie_79b5c1dd46d4,Way Back Love (2025),,https://letterboxd.com/film/way-back-love/,2026-06-05T20:05:18+00:00
movie_aaa96892772c,The Grinch,,,2026-06-05T20:05:25+00:00
movie_e87a2cb1a4e6,Om Shanti Om,,,2026-06-05T20:05:30+00:00
movie_afca137507c9,Bhool Chuk Maaf (2025),,https://letterboxd.com/film/bhool-chuk-maaf/,2026-06-05T20:05:32+00:00
movie_e83697331002,HIT: The Third Case (2025),,https://letterboxd.com/film/hit-the-third-case/,2026-06-05T20:05:32+00:00
movie_20ab282b26d6,The Best Thing (2025),,https://letterboxd.com/film/the-best-thing-2025/,2026-06-05T20:05:32+00:00
movie_9c803768e428,Bhool Bhulaiyaa 3 (2024),,https://letterboxd.com/film/bhool-bhulaiyaa-3/,2026-06-05T20:05:32+00:00
movie_f2e2c6f4a12f,My Lovely Liar (2023),,https://letterboxd.com/film/my-lovely-liar/,2026-06-05T20:05:32+00:00
movie_b687c9c955af,Hidden Love (2023),,https://letterboxd.com/film/hidden-love-2023/,2026-06-05T20:05:32+00:00
movie_8bdd17be7ef6,Bhool Bhulaiyaa 2 (2022),,https://letterboxd.com/film/bhool-bhulaiyaa-2/,2026-06-05T20:05:32+00:00
movie_0913b5f64618,Laxmii (2020),,https://letterboxd.com/film/laxmii/,2026-06-05T20:05:32+00:00
movie_e187851624d9,Kingsman: The Secret Service,,,2026-06-05T20:05:49+00:00
movie_f4155fb8a4ab,Days of Heaven (1978),,https://letterboxd.com/film/days-of-heaven/,2026-06-05T20:06:13+00:00
movie_e2ec75770a2c,Rough Night (2017),,https://letterboxd.com/film/rough-night/,2026-06-05T20:06:27+00:00
movie_14d165601b78,Kill (2023),,https://letterboxd.com/film/kill-2023-1/,2026-06-05T20:07:06+00:00
movie_45f945cfc08a,Batman and Superman: Battle of the Super Sons (2022),,https://letterboxd.com/film/batman-and-superman-battle-of-the-super-sons/,2026-06-05T20:07:06+00:00
movie_90ae1c910d31,Iron Lung,,,2026-06-05T20:07:11+00:00
movie_c8a4b031f6f6,The Favourite,,,2026-06-05T20:07:22+00:00
movie_29fc73fd562c,Sick (2022),,https://letterboxd.com/film/sick-2022/,2026-06-05T20:07:35+00:00
movie_7cadcc25f69f,Red Sparrow (2018),,https://letterboxd.com/film/red-sparrow/,2026-06-05T20:08:42+00:00
movie_6fd315e53754,Chainsaw Man - The Compilation Part 1 (2025),,https://letterboxd.com/film/chainsaw-man-the-compilation-part-1/,2026-06-05T20:09:22+00:00
movie_8d48c0745a2e,The Beautiful Person (2008),,https://letterboxd.com/film/the-beautiful-person/,2026-06-05T20:09:49+00:00
movie_ec758c5d820e,White Oleander (2002),,https://letterboxd.com/film/white-oleander/,2026-06-05T20:09:49+00:00
movie_ef7fdde862e9,May (2002),,https://letterboxd.com/film/may/,2026-06-05T20:09:49+00:00
movie_349b5282d78b,Blue Spring (2001),,https://letterboxd.com/film/blue-spring/,2026-06-05T20:09:49+00:00
movie_e714d3d97f47,Ginger Snaps (2000),,https://letterboxd.com/film/ginger-snaps/,2026-06-05T20:09:49+00:00
movie_b1e9bc0b6610,K.O. (2025),,https://letterboxd.com/film/ko-2025-1/,2026-06-05T20:10:00+00:00
movie_50d228f4ff05,Vini Jr. (2025),,https://letterboxd.com/film/vini-jr/,2026-06-05T20:10:00+00:00
movie_3a1773b66a67,Step Up 3D (2010),,https://letterboxd.com/film/step-up-3d/,2026-06-05T20:10:00+00:00
movie_d3fbc306f3f6,Starstruck (2010),,https://letterboxd.com/film/starstruck-2010/,2026-06-05T20:10:00+00:00
movie_82a6c575bf79,Paul Blart: Mall Cop (2009),,https://letterboxd.com/film/paul-blart-mall-cop/,2026-06-05T20:10:00+00:00
movie_2f27ad690415,Heathers,,,2026-06-05T20:10:54+00:00
movie_9076ece1caea,All About My Mother,,,2026-06-05T20:11:02+00:00
movie_4a8339f5e253,Power Rangers (2017),,https://letterboxd.com/film/power-rangers/,2026-06-05T20:11:27+00:00
movie_51df2e62e72e,The Ugly Truth (2009),,https://letterboxd.com/film/the-ugly-truth/,2026-06-05T20:11:38+00:00
movie_21ab807213c4,The Cell (2000),,https://letterboxd.com/film/the-cell/,2026-06-05T20:11:51+00:00
movie_93089097bb6d,Wings of Desire (1987),,https://letterboxd.com/film/wings-of-desire/,2026-06-05T20:12:02+00:00
movie_c120ad1c38c1,Queer,,,2026-06-05T20:12:05+00:00
movie_95ce5b6313e1,Paranoid Park (2007),,https://letterboxd.com/film/paranoid-park/,2026-06-05T20:12:05+00:00
movie_b6c914e2552f,Happy Together (1997),,https://letterboxd.com/film/happy-together-1997/,2026-06-05T20:12:05+00:00
movie_9be0eb7ac2d2,Pixote (1980),,https://letterboxd.com/film/pixote/,2026-06-05T20:12:05+00:00
movie_c41914476af2,The Last Goodbye (2025),,https://letterboxd.com/film/the-last-goodbye-2025-1/,2026-06-05T20:12:32+00:00
movie_d808a31a7d05,The Woman in Black (2012),,https://letterboxd.com/film/the-woman-in-black-2012/,2026-06-05T20:12:45+00:00
movie_521963e7329c,Su from So (2025),,https://letterboxd.com/film/su-from-so/,2026-06-05T20:13:09+00:00
movie_d14b1f64fe69,Despicable Me,,,2026-06-05T20:13:11+00:00
movie_e45f4c03930d,Turning Red,,,2026-06-05T20:13:28+00:00
movie_d37181edd43e,Thieves Highway (2025),,https://letterboxd.com/film/thieves-highway-2025/,2026-06-05T20:13:42+00:00
movie_d68a270e9c58,Nobody 2,,,2026-06-05T20:13:44+00:00
movie_bf97083fcc21,Faces of Death,,,2026-06-05T20:14:08+00:00
movie_8fa1d30c3ba7,The Holy Mountain (1973),,https://letterboxd.com/film/the-holy-mountain/,2026-06-05T20:14:08+00:00
movie_297b2aefa889,Daddy's Head (2024),,https://letterboxd.com/film/daddys-head/,2026-06-05T20:14:10+00:00
movie_9cd5eba409b6,Antebellum (2020),,https://letterboxd.com/film/antebellum/,2026-06-05T20:14:10+00:00
movie_f021bc0ff21d,Disclosure Day (2026),,https://letterboxd.com/film/disclosure-day/,2026-06-05T20:15:02+00:00
movie_2fbe58b54774,The Breadwinner (2026),,https://letterboxd.com/film/the-breadwinner-2026/,2026-06-05T20:15:02+00:00
movie_4aa68374d2fd,Sold Out on You (2026),,https://letterboxd.com/film/sold-out-on-you/,2026-06-05T20:15:02+00:00
movie_19951bdb718f,We Are All Trying Here (2026),,https://letterboxd.com/film/we-are-all-trying-here/,2026-06-05T20:15:02+00:00
movie_fe10a23be8d1,City Lights (1931),,https://letterboxd.com/film/city-lights/,2026-06-05T20:17:05+00:00
movie_6a7067d50713,I'm Chevy Chase and You're Not (2025),,https://letterboxd.com/film/im-chevy-chase-and-youre-not/,2026-06-05T20:17:17+00:00
movie_9b28a2323c19,Shifty (2025),,https://letterboxd.com/film/shifty-2025-1/,2026-06-05T20:17:17+00:00
movie_19a7a489f89e,Hard Truths (2024),,https://letterboxd.com/film/hard-truths-2024/,2026-06-05T20:17:17+00:00
movie_96a44a1d7f56,Nutcrackers (2024),,https://letterboxd.com/film/nutcrackers/,2026-06-05T20:17:17+00:00
movie_103c81968052,Pavements (2024),,https://letterboxd.com/film/pavements/,2026-06-05T20:17:17+00:00
movie_f2a60ff78d61,BRATS (2024),,https://letterboxd.com/film/brats-2024/,2026-06-05T20:17:17+00:00
movie_6184c412569d,Encanto,,,2026-06-05T20:17:32+00:00
movie_de2eac3375d9,Collateral,,,2026-06-05T20:18:11+00:00
movie_cbd76bb08a71,You Were Never Really Here (2017),,https://letterboxd.com/film/you-were-never-really-here/,2026-06-05T20:18:13+00:00
movie_90bb27bd1c74,Should I Marry a Murderer? (2026),,https://letterboxd.com/film/should-i-marry-a-murderer/,2026-06-05T20:18:40+00:00
movie_e4fc79eaf8b0,Voyagers (2021),,https://letterboxd.com/film/voyagers-2021/,2026-06-05T20:18:40+00:00
movie_54b649b03ab1,The Blues Brothers (1980),,https://letterboxd.com/film/the-blues-brothers/,2026-06-05T20:20:01+00:00
movie_f52946d757a4,M.S. Dhoni: The Untold Story (2016),,https://letterboxd.com/film/ms-dhoni-the-untold-story/,2026-06-05T20:20:52+00:00
movie_e33bb9713d52,Sultan (2016),,https://letterboxd.com/film/sultan-2016/,2026-06-05T20:20:52+00:00
movie_199ca4a2ec0c,A Haunted House (2013),,https://letterboxd.com/film/a-haunted-house/,2026-06-05T20:20:52+00:00
movie_226a97273de5,"Good Luck, Have Fun, Don't Die",,,2026-06-05T20:21:18+00:00
movie_cc9f9bc92146,The Disappearance of Haruhi Suzumiya (2010),,https://letterboxd.com/film/the-disappearance-of-haruhi-suzumiya/,2026-06-05T20:21:20+00:00
movie_50b71f6286b7,Alice in Borderland (2014),,https://letterboxd.com/film/alice-in-borderland/,2026-06-05T20:21:31+00:00
movie_e0f289456d91,The Pod Generation (2023),,https://letterboxd.com/film/the-pod-generation/,2026-06-05T20:23:01+00:00
movie_a097e8a3a6f7,Mainstream (2020),,https://letterboxd.com/film/mainstream-2020/,2026-06-05T20:23:40+00:00
movie_127891a360bd,Child's Play (1988),,https://letterboxd.com/film/childs-play/,2026-06-05T20:23:52+00:00
movie_58809b6c4d13,Marie Antoinette,,,2026-06-05T20:24:13+00:00
movie_055dfa6ad187,Love Me Love Me,,,2026-06-05T20:24:15+00:00
movie_fb28421e3155,When We First Met (2018),,https://letterboxd.com/film/when-we-first-met/,2026-06-05T20:24:15+00:00
movie_386ef612fa37,The Creator,,,2026-06-05T20:24:36+00:00
movie_aa205ff8b2ca,Kissing Is the Easy Part (2026),,https://letterboxd.com/film/kissing-is-the-easy-part/,2026-06-05T20:25:04+00:00
movie_599f67ca3991,Anomalisa (2015),,https://letterboxd.com/film/anomalisa/,2026-06-05T20:25:30+00:00
movie_2444457fc604,Demon City (2025),,https://letterboxd.com/film/demon-city/,2026-06-05T20:25:42+00:00
movie_9f8d7be24831,American Primeval (2025),,https://letterboxd.com/film/american-primeval-2025/,2026-06-05T20:25:42+00:00
movie_d580e564f1a4,Trigger Warning (2024),,https://letterboxd.com/film/trigger-warning/,2026-06-05T20:25:42+00:00
movie_2bf96757e54d,Deadstream (2022),,https://letterboxd.com/film/deadstream/,2026-06-05T20:25:42+00:00
movie_c055e9e8b3d7,Bring Her Back,,,2026-06-05T20:25:49+00:00
movie_ac999782fe9a,Untold: The Liver King (2025),,https://letterboxd.com/film/untold-the-liver-king/,2026-06-05T20:25:58+00:00
movie_d327c4626abb,Afternoons of Solitude (2024),,https://letterboxd.com/film/afternoons-of-solitude/,2026-06-05T20:25:58+00:00
movie_6daf99ec6de2,La Cocina (2024),,https://letterboxd.com/film/la-cocina-2024/,2026-06-05T20:25:58+00:00
movie_06bae7b38173,The Curse (2023),,https://letterboxd.com/film/the-curse-2023/,2026-06-05T20:25:58+00:00
movie_3a4901604b74,Blitz (2024),,https://letterboxd.com/film/blitz-2024/,2026-06-05T20:26:11+00:00
movie_5816548d3466,Janet Planet (2023),,https://letterboxd.com/film/janet-planet/,2026-06-05T20:26:23+00:00
movie_e9437254e746,Predators (2025),,https://letterboxd.com/film/predators-2025/,2026-06-05T20:26:38+00:00
movie_279e5dccd8a0,Charade (1963),,https://letterboxd.com/film/charade/,2026-06-05T20:26:38+00:00
movie_2efb0443c017,Corina (2024),,https://letterboxd.com/film/corina-2024/,2026-06-05T20:27:02+00:00
movie_ca52183434f4,It Follows,,,2026-06-05T20:27:05+00:00
movie_fab22f7eca20,Patema Inverted (2013),,https://letterboxd.com/film/patema-inverted/,2026-06-05T20:27:19+00:00
movie_a94f45b923c9,2000 Meters to Andriivka (2025),,https://letterboxd.com/film/2000-meters-to-andriivka/,2026-06-05T20:28:20+00:00
movie_f8cfb5eca861,Grease,,,2026-06-05T20:28:23+00:00
movie_19749ccfac47,Magnolia,,,2026-06-05T20:28:29+00:00
movie_c5a419c9df9c,Tokyo Revengers (2021),,https://letterboxd.com/film/tokyo-revengers-2021/,2026-06-05T20:28:36+00:00
movie_4048478d8371,Justice League Dark: Apokolips War (2020),,https://letterboxd.com/film/justice-league-dark-apokolips-war/,2026-06-05T20:30:16+00:00
movie_a8c8ca71ae92,Justice League Dark (2017),,https://letterboxd.com/film/justice-league-dark/,2026-06-05T20:30:16+00:00
movie_ea909d865128,Batman: The Killing Joke (2016),,https://letterboxd.com/film/batman-the-killing-joke-2016/,2026-06-05T20:30:16+00:00
movie_890588a78cdf,Batman: Bad Blood (2016),,https://letterboxd.com/film/batman-bad-blood/,2026-06-05T20:30:16+00:00
movie_c9595c344277,Batman vs. Robin (2015),,https://letterboxd.com/film/batman-vs-robin/,2026-06-05T20:30:16+00:00
movie_876d81d6939c,"Batman: The Dark Knight Returns, Part 1 (2012)",,https://letterboxd.com/film/batman-the-dark-knight-returns-part-1/,2026-06-05T20:30:16+00:00
movie_8fd77577fd9a,Challenger (2024),,https://letterboxd.com/film/challenger-2024/,2026-06-05T20:30:28+00:00
movie_87d6d728ea8f,The Magic Tuche (2018),,https://letterboxd.com/film/the-magic-tuche/,2026-06-05T20:30:28+00:00
movie_bfd6047dd6ef,The Crow,,,2026-06-05T20:33:19+00:00
movie_619e93d81320,Bram Stoker's Dracula,,,2026-06-05T20:33:26+00:00
movie_9d77891ee27a,[REC],,,2026-06-05T20:33:34+00:00
movie_b98a8496e6c3,Night Teeth (2021),,https://letterboxd.com/film/night-teeth/,2026-06-05T20:33:53+00:00
movie_23105437a7ab,Undercover (2024),,https://letterboxd.com/film/undercover-2024-1/,2026-06-05T20:34:08+00:00
movie_95f5785d0b0f,Out of My Mind (2024),,https://letterboxd.com/film/out-of-my-mind-2024/,2026-06-05T20:34:08+00:00
movie_a0482183d582,Paths of Glory (1957),,https://letterboxd.com/film/paths-of-glory/,2026-06-05T20:34:24+00:00
movie_c97540e8f603,Dream Scenario,,,2026-06-05T20:34:36+00:00
movie_60ad9837f9e5,Power Ballad (2026),,https://letterboxd.com/film/power-ballad/,2026-06-05T20:37:28+00:00
movie_b8adf7328d93,De Gaulle: Tilting Iron,,,2026-06-05T20:37:49+00:00
movie_c0db7472ffb4,De Gaulle: Tilting Iron (2026),,https://letterboxd.com/film/de-gaulle-tilting-iron/,2026-06-05T20:37:51+00:00
movie_796b7e0f1ea0,Undercover High School (2025),,https://letterboxd.com/film/undercover-high-school/,2026-06-05T20:38:45+00:00
movie_1efd66e41f04,Castaway Diva (2023),,https://letterboxd.com/film/castaway-diva/,2026-06-05T20:38:45+00:00
movie_ac5fc34066ef,Zom 100: Bucket List of the Dead (2023),,https://letterboxd.com/film/zom-100-bucket-list-of-the-dead-2023/,2026-06-05T20:38:45+00:00
movie_d080e32deaf2,Radical (2023),,https://letterboxd.com/film/radical-2023/,2026-06-05T20:40:16+00:00
movie_d06e9f6e683f,The Five Devils (2022),,https://letterboxd.com/film/the-five-devils/,2026-06-05T20:40:16+00:00
movie_24e9872ecba0,Bad Girl (2025),,https://letterboxd.com/film/bad-girl-2025/,2026-06-05T20:40:27+00:00
movie_c317a2522c42,Karuppu,,,2026-06-05T20:40:29+00:00
movie_6a7bacc40349,Karuppu (2026),,https://letterboxd.com/film/karuppu/,2026-06-05T20:40:29+00:00
movie_9f4610253ca5,Sirai (2025),,https://letterboxd.com/film/sirai-2025/,2026-06-05T20:40:29+00:00
movie_8fc0b86ca224,Aaromaley (2025),,https://letterboxd.com/film/aaromaley/,2026-06-05T20:40:29+00:00
movie_beac3207fcc9,Aan Paavam Pollathathu (2025),,https://letterboxd.com/film/aan-paavam-pollathathu/,2026-06-05T20:40:29+00:00
movie_3112589df202,Idli Kadai (2025),,https://letterboxd.com/film/idli-kadai/,2026-06-05T20:40:29+00:00
movie_685dcd3a32fc,Kiss (2025),,https://letterboxd.com/film/kiss-2025/,2026-06-05T20:40:29+00:00
movie_41bd5185dd33,Madharaasi (2025),,https://letterboxd.com/film/madharaasi/,2026-06-05T20:40:29+00:00
movie_32c478d32e93,House Mates (2025),,https://letterboxd.com/film/house-mates/,2026-06-05T20:40:29+00:00
movie_4ebc925ca780,Maareesan (2025),,https://letterboxd.com/film/maareesan/,2026-06-05T20:40:29+00:00
movie_228d9c1d0a9c,Thalaivan Thalaivii (2025),,https://letterboxd.com/film/thalaivan-thalaivii/,2026-06-05T20:40:29+00:00
movie_c1b7ebaf833f,Parandhu Po (2025),,https://letterboxd.com/film/parandhu-po/,2026-06-05T20:40:29+00:00
movie_e63b9486bd72,Good Bad Ugly (2025),,https://letterboxd.com/film/good-bad-ugly/,2026-06-05T20:40:29+00:00
movie_73d40ffd1590,Nilavuku En Mel Ennadi Kobam (2025),,https://letterboxd.com/film/nilavuku-en-mel-ennadi-kobam/,2026-06-05T20:40:29+00:00
movie_3c310229d6d4,Vidaamuyarchi (2025),,https://letterboxd.com/film/vidaamuyarchi/,2026-06-05T20:40:29+00:00
movie_9e73991f3e95,Bloody Beggar (2024),,https://letterboxd.com/film/bloody-beggar/,2026-06-05T20:40:29+00:00
movie_f3c26307bb1d,Lubber Pandhu (2024),,https://letterboxd.com/film/lubber-pandhu/,2026-06-05T20:40:29+00:00
movie_a1ca4c521914,Vaazhai (2024),,https://letterboxd.com/film/vaazhai/,2026-06-05T20:40:29+00:00
movie_bb44ef4a1666,Raayan (2024),,https://letterboxd.com/film/raayan/,2026-06-05T20:40:29+00:00
movie_6cfc71ae94f5,Indian 2: Zero Tolerance (2024),,https://letterboxd.com/film/indian-2-zero-tolerance/,2026-06-05T20:40:29+00:00
movie_f41666feb97e,Chithha (2023),,https://letterboxd.com/film/chithha/,2026-06-05T20:40:29+00:00
movie_5e5f398b94fb,Rose Island (2020),,https://letterboxd.com/film/rose-island/,2026-06-05T20:40:57+00:00
movie_01b8a59cf731,Escape from Pretoria (2020),,https://letterboxd.com/film/escape-from-pretoria/,2026-06-05T20:40:57+00:00
movie_76d83c13d787,The Legend of Hei (2019),,https://letterboxd.com/film/the-legend-of-hei/,2026-06-05T20:41:22+00:00
movie_3c7cdc31ca61,JoJo’s Bizarre Adventure: Battle Tendency (2012),,https://letterboxd.com/film/jojos-bizarre-adventure-battle-tendency/,2026-06-05T20:41:22+00:00
movie_b76be4360586,Treasure Planet (2002),,https://letterboxd.com/film/treasure-planet/,2026-06-05T20:41:22+00:00
movie_ed0728a33333,Alex Strangelove (2018),,https://letterboxd.com/film/alex-strangelove/,2026-06-05T20:42:15+00:00
movie_27abba2af8ab,Suck Me Shakespeer 3 (2017),,https://letterboxd.com/film/suck-me-shakespeer-3/,2026-06-05T20:42:15+00:00
movie_a6ca489c113d,Goodbye Berlin (2016),,https://letterboxd.com/film/goodbye-berlin/,2026-06-05T20:42:15+00:00
movie_1bc238c6f29a,Suck Me Shakespeer 2 (2015),,https://letterboxd.com/film/suck-me-shakespeer-2/,2026-06-05T20:42:15+00:00
movie_7cd810731b71,Apostle (2018),,https://letterboxd.com/film/apostle-2018/,2026-06-05T20:43:04+00:00
movie_4c3b8ff2c685,Manic (2001),,https://letterboxd.com/film/manic/,2026-06-05T20:43:14+00:00
movie_108ecb8ac94d,From Up on Poppy Hill,,,2026-06-05T20:43:39+00:00
movie_b0e03bc773a1,Black Hawk Down,,,2026-06-05T20:43:41+00:00
movie_4fa8883c6213,7 Dogs (2026),,https://letterboxd.com/film/7-dogs/,2026-06-05T20:43:51+00:00
movie_6367e5912d97,Lam Shamsiya (2025),,https://letterboxd.com/film/lam-shamsiya/,2026-06-05T20:43:51+00:00
movie_a3bc1c2b6cd4,Horimiya (2021),,https://letterboxd.com/film/horimiya/,2026-06-05T20:44:18+00:00
movie_ac7f79ad3efa,Lux Æterna (2019),,https://letterboxd.com/film/lux-aeterna-2019/,2026-06-05T20:44:54+00:00
movie_410fb814ec12,"McFarland, USA (2015)",,https://letterboxd.com/film/mcfarland-usa/,2026-06-05T20:44:54+00:00
movie_366366c9dd22,Paths of Glory,,,2026-06-05T20:45:02+00:00
movie_c3892bb7b354,The Martian,,,2026-06-05T20:46:17+00:00
movie_0888a42a439d,The Visit,,,2026-06-05T20:46:31+00:00
movie_9623a6dda312,The Week Of (2018),,https://letterboxd.com/film/the-week-of/,2026-06-05T20:46:33+00:00
movie_5377919f6458,The Do-Over (2016),,https://letterboxd.com/film/the-do-over/,2026-06-05T20:46:33+00:00
movie_84e125a64fe4,A Real Pain,,,2026-06-05T20:46:47+00:00
movie_c9aa4093522d,Escape from New York (1981),,https://letterboxd.com/film/escape-from-new-york/,2026-06-05T20:47:07+00:00
movie_8bb627442e3e,Carlito's Way (1993),,https://letterboxd.com/film/carlitos-way/,2026-06-05T20:47:09+00:00
movie_35b559ff0eee,Cape Fear (1991),,https://letterboxd.com/film/cape-fear-1991/,2026-06-05T20:47:09+00:00
movie_07351f4a944a,Killer Klowns from Outer Space (1988),,https://letterboxd.com/film/killer-klowns-from-outer-space/,2026-06-05T20:47:09+00:00
movie_2ace48bd9021,Mad Max 2 (1981),,https://letterboxd.com/film/mad-max-2/,2026-06-05T20:47:09+00:00
movie_52897896ce05,The Waterboy (1998),,https://letterboxd.com/film/the-waterboy/,2026-06-05T20:48:24+00:00
movie_7166d9d4e73c,Anna Karenina,,,2026-06-05T20:48:57+00:00
movie_83205a542413,Women on the Verge of a Nervous Breakdown (1988),,https://letterboxd.com/film/women-on-the-verge-of-a-nervous-breakdown/,2026-06-05T20:49:09+00:00
movie_f8ff9c577128,Soulmate,,,2026-06-05T20:49:23+00:00
movie_0b08ad701d65,Kamikaze Girls (2004),,https://letterboxd.com/film/kamikaze-girls/,2026-06-05T20:49:25+00:00
movie_a7f9117306f2,The Hunchback of Notre Dame (1996),,https://letterboxd.com/film/the-hunchback-of-notre-dame-1996/,2026-06-05T20:49:48+00:00
movie_57de115310db,Demolition,,,2026-06-05T20:49:59+00:00
movie_8ecf359dd3e6,"ariana grande: excuse me, i love you (2020)",,https://letterboxd.com/film/ariana-grande-excuse-me-i-love-you/,2026-06-05T20:50:37+00:00
movie_331b16c89457,Some Like It Hot (1959),,https://letterboxd.com/film/some-like-it-hot/,2026-06-05T20:51:18+00:00
movie_4d805f12725d,Madhuvidhu (2026),,https://letterboxd.com/film/madhuvidhu/,2026-06-05T20:51:59+00:00
movie_fa40098e44ac,Bha. Bha. Ba. (2025),,https://letterboxd.com/film/bha-bha-ba/,2026-06-05T20:51:59+00:00
movie_1a2823dff673,Kalamkaval (2025),,https://letterboxd.com/film/kalamkaval/,2026-06-05T20:51:59+00:00
movie_72e94172cd8f,Pennum Porattum (2025),,https://letterboxd.com/film/pennum-porattum/,2026-06-05T20:51:59+00:00
movie_70a760dbc893,Kaantha (2025),,https://letterboxd.com/film/kaantha/,2026-06-05T20:51:59+00:00
movie_4f2e00234fb8,Mirage (2025),,https://letterboxd.com/film/mirage-2025-2/,2026-06-05T20:51:59+00:00
movie_3f6c131b9783,Dope (2015),,https://letterboxd.com/film/dope-2015/,2026-06-05T20:52:17+00:00
movie_ec3313ccc193,After Earth (2013),,https://letterboxd.com/film/after-earth/,2026-06-05T20:52:17+00:00
movie_a4e824381446,Cruella,,,2026-06-05T20:52:46+00:00
movie_4fc5718936e2,Orb: On the Movements of the Earth (2024),,https://letterboxd.com/film/orb-on-the-movements-of-the-earth/,2026-06-05T20:52:56+00:00
movie_c679f76a1368,Rurouni Kenshin: The Beginning (2021),,https://letterboxd.com/film/rurouni-kenshin-the-beginning/,2026-06-05T20:52:56+00:00
movie_f1144d83ef1e,Rurouni Kenshin: The Final (2021),,https://letterboxd.com/film/rurouni-kenshin-the-final/,2026-06-05T20:52:56+00:00
movie_cd34e976c318,Our Youth (2024),,https://letterboxd.com/film/our-youth-2024/,2026-06-05T20:53:21+00:00
movie_2b9f833f3f61,I Cannot Reach You (2023),,https://letterboxd.com/film/i-cannot-reach-you/,2026-06-05T20:53:21+00:00
movie_9e3f2c4ded58,Semantic Error (2022),,https://letterboxd.com/film/semantic-error/,2026-06-05T20:53:21+00:00
movie_a35869d8156e,Blue Period (2021),,https://letterboxd.com/film/blue-period/,2026-06-05T20:53:21+00:00
movie_80fdaaa262a0,The Machinist,,,2026-06-05T20:55:16+00:00
movie_c778a2a04a5e,Hellraiser (1987),,https://letterboxd.com/film/hellraiser/,2026-06-05T20:55:28+00:00
movie_b48d82de021d,Little Shop of Horrors (1986),,https://letterboxd.com/film/little-shop-of-horrors/,2026-06-05T20:55:28+00:00
movie_bdaab6848a31,Kung Fu Hustle (2004),,https://letterboxd.com/film/kung-fu-hustle/,2026-06-05T20:55:53+00:00
movie_46c1ab48b84d,Point Break,,,2026-06-05T20:56:09+00:00
movie_d9ced7483b4c,Ping Pong the Animation (2014),,https://letterboxd.com/film/ping-pong-the-animation/,2026-06-05T20:56:43+00:00
movie_83f125ced3ff,Children Who Chase Lost Voices (2011),,https://letterboxd.com/film/children-who-chase-lost-voices/,2026-06-05T20:57:00+00:00
movie_957973e37ae1,The Archies (2023),,https://letterboxd.com/film/the-archies/,2026-06-05T20:57:21+00:00
movie_13a8cc0c35ba,Bridget Jones's Diary,,,2026-06-05T20:57:26+00:00
movie_cad2a0e55153,Inside Furioza (2025),,https://letterboxd.com/film/inside-furioza/,2026-06-05T20:57:46+00:00
movie_8450392576b5,"Chopin, a Sonata in Paris (2025)",,https://letterboxd.com/film/chopin-a-sonata-in-paris/,2026-06-05T20:57:46+00:00
movie_9171b7d7d688,Cherry Magic! Thirty Years of Virginity Can Make You a Wizard?! (2020),,https://letterboxd.com/film/cherry-magic-thirty-years-of-virginity-can-make-you-a-wizard/,2026-06-05T20:58:11+00:00
movie_56f2215bf1f2,given (2019),,https://letterboxd.com/film/given-2019/,2026-06-05T20:58:11+00:00
movie_d00edb950425,V for Vendetta,,,2026-06-05T20:58:25+00:00
movie_16a1ef5abac8,A Simple Favor,,,2026-06-05T20:59:43+00:00
movie_059d94774ce1,Escape from New York,,,2026-06-05T21:03:07+00:00
movie_c9fcb2f4a11b,The Eight Mountains (2022),,https://letterboxd.com/film/the-eight-mountains/,2026-06-05T21:03:43+00:00
movie_3697395705eb,The Book of Solutions (2023),,https://letterboxd.com/film/the-book-of-solutions/,2026-06-05T21:03:44+00:00
movie_80585a24cedd,Waiting for Bojangles (2021),,https://letterboxd.com/film/waiting-for-bojangles/,2026-06-05T21:03:44+00:00
movie_fb7ffbe03a6c,Gummo,,,2026-06-05T21:03:57+00:00
movie_b5a3a69a313c,El Sett (2025),,https://letterboxd.com/film/el-sett/,2026-06-05T21:04:11+00:00
movie_b577e4637299,The Road (2009),,https://letterboxd.com/film/the-road/,2026-06-05T21:04:24+00:00
movie_76db0e2b7961,Jeepers Creepers (2001),,https://letterboxd.com/film/jeepers-creepers/,2026-06-05T21:04:24+00:00
movie_ed1e3af50517,Fruitvale Station (2013),,https://letterboxd.com/film/fruitvale-station/,2026-06-05T21:04:50+00:00
movie_2afad5ee5029,Torrente for President (2026),,https://letterboxd.com/film/torrente-for-president/,2026-06-05T21:05:02+00:00
movie_91b9bec77511,The SpongeBob Movie: Sponge Out of Water (2015),,https://letterboxd.com/film/the-spongebob-movie-sponge-out-of-water/,2026-06-05T21:05:02+00:00
movie_66bcd4e1681a,Kung Fu Panda 2,,,2026-06-05T21:05:14+00:00
movie_d16f33d0b5f5,Is God Is,,,2026-06-05T21:05:41+00:00
movie_f7bab0d5ab4b,Is God Is (2026),,https://letterboxd.com/film/is-god-is/,2026-06-05T21:05:41+00:00
movie_2b6ca586062f,Sex Tape (2014),,https://letterboxd.com/film/sex-tape/,2026-06-05T21:05:41+00:00
movie_edf3d305af64,Locke (2013),,https://letterboxd.com/film/locke/,2026-06-05T21:05:41+00:00
movie_4ed810477037,My Hero Academia: Two Heroes (2018),,https://letterboxd.com/film/my-hero-academia-two-heroes/,2026-06-05T21:05:53+00:00
movie_64432fa5c8c0,The Autopsy of Jane Doe,,,2026-06-05T21:05:57+00:00
movie_742a0f140cf5,Pather Panchali,,,2026-06-05T21:06:06+00:00
movie_c63bbac66000,Evil Influencer: The Jodi Hildebrandt Story (2025),,https://letterboxd.com/film/evil-influencer-the-jodi-hildebrandt-story/,2026-06-05T21:06:08+00:00
movie_94b0e2d01336,Andhra King Taluka (2025),,https://letterboxd.com/film/andhra-king-taluka/,2026-06-05T21:06:08+00:00
movie_49e305014b60,Odum Kuthira Chadum Kuthira (2025),,https://letterboxd.com/film/odum-kuthira-chadum-kuthira/,2026-06-05T21:06:08+00:00
movie_3f46fe84b653,Kingdom (2025),,https://letterboxd.com/film/kingdom-2025/,2026-06-05T21:06:08+00:00
movie_d9cfd3567d76,(MAD)² (2025),,https://letterboxd.com/film/mad-2025-1/,2026-06-05T21:06:08+00:00
movie_63b3c0fe536a,Court: State vs. A Nobody (2025),,https://letterboxd.com/film/court-state-vs-a-nobody/,2026-06-05T21:06:08+00:00
movie_e7a9b2dc296c,Sankranthiki Vasthunam (2025),,https://letterboxd.com/film/sankranthiki-vasthunam/,2026-06-05T21:06:08+00:00
movie_a42c5696f60e,Game Changer (2025),,https://letterboxd.com/film/game-changer-2025/,2026-06-05T21:06:08+00:00
movie_305eeebdeb88,Vettaiyan (2024),,https://letterboxd.com/film/vettaiyan/,2026-06-05T21:06:08+00:00
movie_57bb55c372f7,Swag (2024),,https://letterboxd.com/film/swag-2024/,2026-06-05T21:06:08+00:00
movie_1a2eff02c275,A Poet,,,2026-06-05T21:06:27+00:00
movie_9bf6cea182f4,Green Snake (2021),,https://letterboxd.com/film/green-snake-2021/,2026-06-05T21:07:15+00:00
movie_97e699081afd,Pig Feast (2026),,https://letterboxd.com/film/pig-feast/,2026-06-05T21:07:30+00:00
movie_8f90ffdb10fc,Blue Giant (2023),,https://letterboxd.com/film/blue-giant/,2026-06-05T21:07:30+00:00
movie_779251ed1baa,The Deep House (2021),,https://letterboxd.com/film/the-deep-house/,2026-06-05T21:07:30+00:00
movie_2d136192bee6,The Divine Fury (2019),,https://letterboxd.com/film/the-divine-fury/,2026-06-05T21:07:30+00:00
movie_599a0751f0a3,Knights of the Zodiac (2023),,https://letterboxd.com/film/knights-of-the-zodiac/,2026-06-05T21:07:42+00:00
movie_89015494f3c7,Kill Your Darlings (2013),,https://letterboxd.com/film/kill-your-darlings-2013/,2026-06-05T21:07:55+00:00
movie_da7dc57fd6c7,All About Lily Chou-Chou,,,2026-06-05T21:08:31+00:00
movie_d356930ae6e6,The Wizard of Oz,,,2026-06-05T21:08:58+00:00
movie_19b6829f0086,7 Dogs,,,2026-06-05T21:09:47+00:00
movie_8ce9b4c013fd,Legends (2026),,https://letterboxd.com/film/legends-2026/,2026-06-05T21:10:59+00:00
movie_baa9e3e7f4ff,Gary (2026),,https://letterboxd.com/film/gary-2026/,2026-06-05T21:10:59+00:00
movie_7529acb74c7a,Kidnapped: Elizabeth Smart (2026),,https://letterboxd.com/film/kidnapped-elizabeth-smart/,2026-06-05T21:10:59+00:00
movie_243f9af96667,Man on the Run (2025),,https://letterboxd.com/film/man-on-the-run-2025/,2026-06-05T21:10:59+00:00
movie_8dfca9109316,Primate,,,2026-06-05T21:11:06+00:00
movie_8fa6f81cdf09,Dicks: The Musical (2023),,https://letterboxd.com/film/dicks-the-musical/,2026-06-05T21:11:41+00:00
movie_5543b2fab35e,Propeller One-Way Night Coach (2026),,https://letterboxd.com/film/propeller-one-way-night-coach/,2026-06-05T21:12:55+00:00
movie_c83c23216119,Parallel Tales (2026),,https://letterboxd.com/film/parallel-tales/,2026-06-05T21:12:55+00:00
movie_be300c1f2ec9,Ride On (2023),,https://letterboxd.com/film/ride-on/,2026-06-05T21:13:56+00:00
movie_14d33a404675,What If (2013),,https://letterboxd.com/film/what-if-2013/,2026-06-05T21:15:57+00:00
movie_0ec1d2da5868,Being John Malkovich,,,2026-06-05T21:16:18+00:00
movie_0c85ceb503c8,Winter in Sokcho (2024),,https://letterboxd.com/film/winter-in-sokcho/,2026-06-05T21:16:20+00:00
movie_fa25593de8f1,My Favourite Cake (2024),,https://letterboxd.com/film/my-favourite-cake/,2026-06-05T21:16:20+00:00
movie_bf6bbeb5222d,Memory (2023),,https://letterboxd.com/film/memory-2023/,2026-06-05T21:16:20+00:00
movie_0c88404b62de,Do Not Expect Too Much from the End of the World (2023),,https://letterboxd.com/film/do-not-expect-too-much-from-the-end-of-the-world/,2026-06-05T21:16:20+00:00
movie_7fa09aba52c2,"BARDO, False Chronicle of a Handful of Truths (2022)",,https://letterboxd.com/film/bardo-false-chronicle-of-a-handful-of-truths/,2026-06-05T21:16:20+00:00
movie_ad595cb87068,Petite Maman (2021),,https://letterboxd.com/film/petite-maman/,2026-06-05T21:16:20+00:00
movie_68f4a9e9ee48,The Salesman (2016),,https://letterboxd.com/film/the-salesman-2016/,2026-06-05T21:16:20+00:00
movie_e7a03a07eef6,Rounders (1998),,https://letterboxd.com/film/rounders/,2026-06-05T21:17:04+00:00
movie_797f84aa7861,Showgirls (1995),,https://letterboxd.com/film/showgirls/,2026-06-05T21:17:27+00:00
movie_4691603fbfea,The Love That Remains (2025),,https://letterboxd.com/film/the-love-that-remains/,2026-06-05T21:17:39+00:00
movie_c1cfdf736a6a,The New Year That Never Came (2024),,https://letterboxd.com/film/the-new-year-that-never-came/,2026-06-05T21:17:39+00:00
movie_5667a4e9847b,Peacock (2024),,https://letterboxd.com/film/peacock-2024/,2026-06-05T21:17:39+00:00
movie_40953bb77016,Humane (2024),,https://letterboxd.com/film/humane-2024/,2026-06-05T21:17:55+00:00
movie_ec2075a9968a,I Saw the Devil,,,2026-06-05T21:18:26+00:00
movie_e0bd09fec7b9,The Stone (2025),,https://letterboxd.com/film/the-stone-2025/,2026-06-05T21:18:48+00:00
movie_5c8992468edc,Twilight of the Warriors: Walled In (2024),,https://letterboxd.com/film/twilight-of-the-warriors-walled-in/,2026-06-05T21:18:48+00:00
movie_6232136c0ebc,The Believers (2024),,https://letterboxd.com/film/the-believers-2024/,2026-06-05T21:18:48+00:00
movie_49391a582da9,Ip Man (2008),,https://letterboxd.com/film/ip-man/,2026-06-05T21:18:48+00:00
movie_24374f9c614b,Sovereign (2025),,https://letterboxd.com/film/sovereign-2025/,2026-06-05T21:19:04+00:00
movie_c0b31d971769,Soundtrack to a Coup d'Etat (2024),,https://letterboxd.com/film/soundtrack-to-a-coup-detat/,2026-06-05T21:19:04+00:00
movie_712baf09f1d7,Cruel Intentions (1999),,https://letterboxd.com/film/cruel-intentions/,2026-06-05T21:19:30+00:00
movie_77af1f2b11c8,Raat Akeli Hai (2020),,https://letterboxd.com/film/raat-akeli-hai/,2026-06-05T21:20:03+00:00
movie_478ab9d3723e,Fracture (2007),,https://letterboxd.com/film/fracture/,2026-06-05T21:20:03+00:00
movie_585fa41e1bcc,Top Gun,,,2026-06-05T21:21:03+00:00
movie_e0b3d7634f8b,The Terminal,,,2026-06-05T21:21:21+00:00
movie_ec783a39ef35,My Royal Nemesis,,,2026-06-05T21:21:38+00:00
movie_c15e3e40a7d4,Porco Rosso,,,2026-06-05T21:22:34+00:00
movie_829297ef633d,Free Guy,,,2026-06-05T21:22:46+00:00
movie_dbbff35a18d5,All You Need Is Kill (2025),,https://letterboxd.com/film/all-you-need-is-kill-2025/,2026-06-05T21:23:13+00:00
movie_ba0b8707bf8d,Before the Devil Knows You're Dead (2007),,https://letterboxd.com/film/before-the-devil-knows-youre-dead/,2026-06-05T21:23:13+00:00
movie_39a602029543,Pulse (2001),,https://letterboxd.com/film/pulse-2001/,2026-06-05T21:23:13+00:00
movie_18d9fcc0ef17,The Parent Trap,,,2026-06-05T21:23:21+00:00
movie_e5573baec20b,Miracles from Heaven (2016),,https://letterboxd.com/film/miracles-from-heaven/,2026-06-05T21:23:23+00:00
movie_1195316a17ae,Casino,,,2026-06-05T21:23:56+00:00
movie_6aa60cb27f87,Saving Private Ryan,,,2026-06-05T21:23:57+00:00
movie_827db9977436,Swiss Army Man,,,2026-06-05T21:24:27+00:00
movie_d46d648f7287,Fukushima: A Nuclear Nightmare (2026),,https://letterboxd.com/film/fukushima-a-nuclear-nightmare/,2026-06-05T21:24:43+00:00
movie_609f30af7b45,Star Trek: Section 31 (2025),,https://letterboxd.com/film/star-trek-section-31/,2026-06-05T21:24:43+00:00
movie_24eeff098dad,Deepwater Horizon (2016),,https://letterboxd.com/film/deepwater-horizon/,2026-06-05T21:24:43+00:00
movie_9da764304131,Please Don't Destroy: The Treasure of Foggy Mountain (2023),,https://letterboxd.com/film/please-dont-destroy-the-treasure-of-foggy-mountain/,2026-06-05T21:25:56+00:00
movie_6ec87aa8d676,I Know What You Did Last Summer,,,2026-06-05T21:25:57+00:00
movie_95079e024e51,Hitch (2005),,https://letterboxd.com/film/hitch-2005/,2026-06-05T21:27:01+00:00
movie_05aa4187a34c,Evangelion: 2.0 You Can (Not) Advance (2009),,https://letterboxd.com/film/evangelion-20-you-can-not-advance/,2026-06-05T21:27:26+00:00
movie_3587e4540875,Evangelion: 1.0 You Are (Not) Alone (2007),,https://letterboxd.com/film/evangelion-10-you-are-not-alone/,2026-06-05T21:27:26+00:00
movie_5e615d6a1692,Venom: The Last Dance,,,2026-06-05T21:27:51+00:00
movie_8d30ce779fd4,The Phantom of the Opera,,,2026-06-05T21:28:14+00:00
movie_2f2a21d2d47d,Prime Minister (2025),,https://letterboxd.com/film/prime-minister-2025/,2026-06-05T21:29:19+00:00
movie_e3fd00b06ea7,The Roast of Tom Brady (2024),,https://letterboxd.com/film/the-roast-of-tom-brady/,2026-06-05T21:29:19+00:00
movie_089172bc0800,Holy Spider (2022),,https://letterboxd.com/film/holy-spider/,2026-06-05T21:29:42+00:00
movie_f354442a0510,Belfast (2021),,https://letterboxd.com/film/belfast/,2026-06-05T21:29:42+00:00
movie_c0972281cc7f,Saipan (2025),,https://letterboxd.com/film/saipan/,2026-06-05T21:30:09+00:00
movie_381d453b4fd2,The Fifth Element,,,2026-06-05T21:30:20+00:00
movie_045c6b883c94,Da 5 Bloods (2020),,https://letterboxd.com/film/da-5-bloods/,2026-06-05T21:30:22+00:00
movie_26965c920494,As You Are (2016),,https://letterboxd.com/film/as-you-are/,2026-06-05T21:31:01+00:00
movie_900543868392,Aquamarine,,,2026-06-05T21:31:17+00:00
movie_bd98433eee38,Scarlet Heart: Ryeo (2016),,https://letterboxd.com/film/scarlet-heart-ryeo/,2026-06-05T21:31:35+00:00
movie_c9300513cd65,Perfect Crown,,,2026-06-05T21:31:35+00:00
movie_dd9b3934bcb1,What Happens in Vegas (2008),,https://letterboxd.com/film/what-happens-in-vegas/,2026-06-05T21:31:46+00:00
movie_c061ad4cf673,Jalan Pulang (2025),,https://letterboxd.com/film/jalan-pulang/,2026-06-05T21:32:36+00:00
movie_20a59a538d74,F4 Thailand: Boys Over Flowers (2021),,https://letterboxd.com/film/f4-thailand-boys-over-flowers-2021/,2026-06-05T21:32:36+00:00
movie_a4def229765e,Too Handsome to Handle (2019),,https://letterboxd.com/film/too-handsome-to-handle/,2026-06-05T21:32:36+00:00
movie_e68fd5fc63b7,Hotel Transylvania,,,2026-06-05T21:32:37+00:00
movie_8046dede1f7f,Memoir of a Snail,,,2026-06-05T21:33:07+00:00
movie_79be676b260f,Maa Behen (2026),,https://letterboxd.com/film/maa-behen/,2026-06-05T21:33:19+00:00
movie_d67690df74f9,jeen-yuhs: A Kanye Trilogy (2022),,https://letterboxd.com/film/jeen-yuhs-a-kanye-trilogy/,2026-06-05T21:33:34+00:00
movie_ebec0bcf7d8d,Babes (2024),,https://letterboxd.com/film/babes/,2026-06-05T21:33:45+00:00
movie_6cc2c90d0e28,Carol & the End of the World (2023),,https://letterboxd.com/film/carol-the-end-of-the-world/,2026-06-05T21:33:45+00:00
movie_e76fa49e2c24,The Life and Movies of Erşan Kuneri (2022),,https://letterboxd.com/film/the-life-and-movies-of-ersan-kuneri/,2026-06-05T21:34:51+00:00
movie_91e04e5f467d,The Twilight Saga: Breaking Dawn – Part 1,,,2026-06-05T21:35:06+00:00
movie_a9cf7613ac80,Idol I (2025),,https://letterboxd.com/film/idol-i/,2026-06-05T21:36:08+00:00
movie_d5102594d913,Dynamite Kiss (2025),,https://letterboxd.com/film/dynamite-kiss/,2026-06-05T21:36:08+00:00
movie_772b2ecfb307,Once Upon a Small Town (2022),,https://letterboxd.com/film/once-upon-a-small-town/,2026-06-05T21:36:08+00:00
movie_d5d88261c60e,A Love So Beautiful (2020),,https://letterboxd.com/film/a-love-so-beautiful-2020/,2026-06-05T21:36:08+00:00
movie_3afb9574388f,Good Burger 2 (2023),,https://letterboxd.com/film/good-burger-2/,2026-06-05T21:36:25+00:00
movie_7f266df04a29,At Work (2025),,https://letterboxd.com/film/at-work-2025/,2026-06-05T21:37:15+00:00
movie_877a733c365d,300,,,2026-06-05T21:37:17+00:00
movie_11a09fca2703,Maquia: When the Promised Flower Blooms (2018),,https://letterboxd.com/film/maquia-when-the-promised-flower-blooms/,2026-06-05T21:38:19+00:00
movie_6bb3d5e75e15,Fragments for Venus (2025),,https://letterboxd.com/film/fragments-for-venus/,2026-06-05T21:39:00+00:00
movie_ccbce80d73a7,Lady Gaga: Mayhem on the Beach (2025),,https://letterboxd.com/film/lady-gaga-mayhem-on-the-beach/,2026-06-05T21:39:00+00:00
movie_51911eaf2729,Outside (2024),,https://letterboxd.com/film/outside-2024-1/,2026-06-05T21:39:18+00:00
movie_3dd5a8003508,Show Me Love (1998),,https://letterboxd.com/film/show-me-love/,2026-06-05T21:39:18+00:00
movie_5bf50e8ce58a,Smile 2,,,2026-06-05T21:39:31+00:00
movie_4ae3543d30e7,The Corpse Washer (2024),,https://letterboxd.com/film/the-corpse-washer/,2026-06-05T21:39:31+00:00
movie_0aac6cf5d8cc,P.S. I Love You (2007),,https://letterboxd.com/film/ps-i-love-you/,2026-06-05T21:39:46+00:00
movie_bc3390b116ce,Gods of Egypt (2016),,https://letterboxd.com/film/gods-of-egypt/,2026-06-05T21:40:14+00:00
movie_e9bddb401055,Fargo,,,2026-06-05T21:40:55+00:00
movie_cf2ffc39d081,The Guilty,,,2026-06-05T21:41:00+00:00
movie_0c6e19b28df3,Dhurandhar,,,2026-06-05T21:41:23+00:00
movie_604e0b1f9971,Amar Singh Chamkila (2024),,https://letterboxd.com/film/amar-singh-chamkila/,2026-06-05T21:41:34+00:00
movie_12d31d009277,Jai Bhim (2021),,https://letterboxd.com/film/jai-bhim/,2026-06-05T21:41:34+00:00
movie_ed12d706ce21,Housefull 4 (2019),,https://letterboxd.com/film/housefull-4/,2026-06-05T21:41:34+00:00
movie_db6f124d3f95,Luka Chuppi (2019),,https://letterboxd.com/film/luka-chuppi/,2026-06-05T21:41:34+00:00
movie_9a6eae7e0d84,Never Rarely Sometimes Always (2020),,https://letterboxd.com/film/never-rarely-sometimes-always/,2026-06-05T21:41:47+00:00
movie_cd42cecc9502,Hustle,,,2026-06-05T21:42:11+00:00
movie_74f8b3bd6ac0,Geek Charming (2011),,https://letterboxd.com/film/geek-charming/,2026-06-05T21:42:34+00:00
movie_8d11dfaf7489,Athiradi (2026),,https://letterboxd.com/film/athiradi/,2026-06-05T21:43:00+00:00
movie_44103302890b,Hridayapoorvam (2025),,https://letterboxd.com/film/hridayapoorvam/,2026-06-05T21:43:00+00:00
movie_bb1b983e4edc,Maranamass (2025),,https://letterboxd.com/film/maranamass/,2026-06-05T21:43:00+00:00
movie_23c7132cfd94,Dominic and the Ladies' Purse (2025),,https://letterboxd.com/film/dominic-and-the-ladies-purse/,2026-06-05T21:43:00+00:00
movie_a90b24d7550d,Pravinkoodu Shappu (2025),,https://letterboxd.com/film/pravinkoodu-shappu/,2026-06-05T21:43:00+00:00
movie_04cdcc6ebee3,A.R.M - Ajayante Randam Moshanam (2024),,https://letterboxd.com/film/arm-ajayante-randam-moshanam/,2026-06-05T21:43:00+00:00
movie_8c8c3084c199,Bharathanatyam (2024),,https://letterboxd.com/film/bharathanatyam-2024/,2026-06-05T21:43:00+00:00
movie_477d39cf0ed9,Guruvayoor Ambalanadayil (2024),,https://letterboxd.com/film/guruvayoor-ambalanadayil-2024/,2026-06-05T21:43:00+00:00
movie_283cea2a43fe,Varshangalkku Shesham (2024),,https://letterboxd.com/film/varshangalkku-shesham/,2026-06-05T21:43:00+00:00
movie_03e90c280cf6,Anweshippin Kandethum (2024),,https://letterboxd.com/film/anweshippin-kandethum/,2026-06-05T21:43:00+00:00
movie_27c885563739,Curry & Cyanide: The Jolly Joseph Case (2023),,https://letterboxd.com/film/curry-cyanide-the-jolly-joseph-case/,2026-06-05T21:43:00+00:00
movie_328337233440,Neru (2023),,https://letterboxd.com/film/neru/,2026-06-05T21:43:00+00:00
movie_4aa0823cb6cd,Falimy (2023),,https://letterboxd.com/film/falimy/,2026-06-05T21:43:00+00:00
movie_00a81932d6ed,I Am Groot: Are You My Groot? (2023),,https://letterboxd.com/film/i-am-groot-are-you-my-groot/,2026-06-05T21:43:00+00:00
movie_1cda1023ad3f,Twin Peaks,,,2026-06-05T21:43:12+00:00
movie_16f54413f370,The Wedding Banquet (2025),,https://letterboxd.com/film/the-wedding-banquet-2025/,2026-06-05T21:43:14+00:00
movie_3b6d8c56f1f4,Rap World (2024),,https://letterboxd.com/film/rap-world/,2026-06-05T21:43:14+00:00
movie_bfb496b8ffd3,Moneyball,,,2026-06-05T21:43:16+00:00
movie_a24a7963cea8,Dominion of Darkness (2024),,https://letterboxd.com/film/dominion-of-darkness/,2026-06-05T21:45:28+00:00
movie_6505afacebef,Lembayung (2024),,https://letterboxd.com/film/lembayung/,2026-06-05T21:45:28+00:00
movie_6529cf2b441d,Thirteen Lives (2022),,https://letterboxd.com/film/thirteen-lives/,2026-06-05T21:46:45+00:00
movie_e7f2b953a12e,A Hero (2021),,https://letterboxd.com/film/a-hero/,2026-06-05T21:46:45+00:00
movie_3b3a3b963542,"Quo Vadis, Aida? (2020)",,https://letterboxd.com/film/quo-vadis-aida/,2026-06-05T21:46:45+00:00
movie_6c729cc8c338,A Private Life (2025),,https://letterboxd.com/film/a-private-life-2025/,2026-06-05T21:47:23+00:00
movie_230c6c6d9f97,Mob Psycho 100: Reigen - The Miraculous Unknown Psychic (2018),,https://letterboxd.com/film/mob-psycho-100-reigen-the-miraculous-unknown/,2026-06-05T21:47:35+00:00
movie_9802d7f88b30,But Muzeyyen That's the Deepest Desire (2014),,https://letterboxd.com/film/but-muzeyyen-thats-the-deepest-desire/,2026-06-05T21:48:16+00:00
movie_560fab83429c,Motel Destino (2024),,https://letterboxd.com/film/motel-destino/,2026-06-05T21:49:14+00:00
movie_0612aaaddc3d,Bros (2022),,https://letterboxd.com/film/bros/,2026-06-05T21:49:14+00:00
movie_3d5263f1631d,Operation Hyacinth (2021),,https://letterboxd.com/film/operation-hyacinth/,2026-06-05T21:49:14+00:00
movie_a00bb55a5769,My Mom Is a Character 3 (2019),,https://letterboxd.com/film/my-mom-is-a-character-3/,2026-06-05T21:49:14+00:00
movie_629e77a497d8,Girl (2018),,https://letterboxd.com/film/girl-2018/,2026-06-05T21:49:14+00:00
movie_46e10b8eeafd,Come See Me in the Good Light (2025),,https://letterboxd.com/film/come-see-me-in-the-good-light/,2026-06-05T21:49:37+00:00
movie_91915fb862d2,Despicable Me 4,,,2026-06-05T21:49:49+00:00
movie_053b6394381c,She's Dating the Gangster (2014),,https://letterboxd.com/film/shes-dating-the-gangster/,2026-06-05T21:49:51+00:00
movie_a61a047146b6,My Love Will Make You Disappear (2025),,https://letterboxd.com/film/my-love-will-make-you-disappear/,2026-06-05T21:50:25+00:00
movie_7af1cd2ea2c6,Third World Romance (2023),,https://letterboxd.com/film/third-world-romance/,2026-06-05T21:50:25+00:00
movie_c46e55482ea2,Ryuichi Sakamoto | Opus (2023),,https://letterboxd.com/film/ryuichi-sakamoto-opus/,2026-06-05T21:51:19+00:00
movie_355d39e967a8,I'm No Longer Here (2019),,https://letterboxd.com/film/im-no-longer-here/,2026-06-05T21:51:45+00:00
movie_98bb1d568940,V/H/S/94 (2021),,https://letterboxd.com/film/v-h-s-94/,2026-06-05T21:52:39+00:00
movie_8fa99f42a489,The Intouchables,,,2026-06-05T21:53:01+00:00
movie_c7c8c7b4d734,Imperium (2016),,https://letterboxd.com/film/imperium/,2026-06-05T21:53:43+00:00
movie_e5e372bcea4e,Evil Dead,,,2026-06-05T21:54:22+00:00
movie_b62baf721c3e,Spider-Man 2: Making the Amazing (2004),,https://letterboxd.com/film/spider-man-2-making-the-amazing/,2026-06-05T21:55:56+00:00
movie_112348fbac50,Trainwreck: The Real Project X (2025),,https://letterboxd.com/film/trainwreck-the-real-project-x/,2026-06-05T21:56:07+00:00
movie_e74fad307da3,Trainwreck: The Cult of American Apparel (2025),,https://letterboxd.com/film/trainwreck-the-cult-of-american-apparel/,2026-06-05T21:56:07+00:00
movie_2aab68018c3d,Watchmen: Chapter I (2024),,https://letterboxd.com/film/watchmen-chapter-i/,2026-06-05T21:56:07+00:00
movie_b1ca55abf36c,Sly (2023),,https://letterboxd.com/film/sly-2023/,2026-06-05T21:56:07+00:00
movie_8e38cb0e8671,I Am Groot: Groot Noses Around (2023),,https://letterboxd.com/film/i-am-groot-groot-noses-around/,2026-06-05T21:56:08+00:00
movie_3e79aa29eb4f,Beetlejuice Beetlejuice,,,2026-06-05T21:56:16+00:00
movie_bf1bbccd9ac8,We Are All Trying Here,,,2026-06-05T21:56:32+00:00
movie_ed153bd6683f,Close Encounters of the Third Kind,,,2026-06-05T21:57:59+00:00
movie_5cef0265243d,Hit Man,,,2026-06-05T21:59:26+00:00
movie_de150b0425a4,EuroTrip (2004),,https://letterboxd.com/film/eurotrip/,2026-06-05T21:59:35+00:00
movie_676eddb52185,Sweet & Sour (2021),,https://letterboxd.com/film/sweet-sour-2021/,2026-06-05T21:59:48+00:00
movie_b0830b41f1aa,Noah Kahan: Out of Body,,,2026-06-05T22:00:45+00:00
movie_b0451cd62a6a,Noah Kahan: Out of Body (2026),,https://letterboxd.com/film/noah-kahan-out-of-body/,2026-06-05T22:00:47+00:00
movie_33ddb6cfc715,The Florida Project,,,2026-06-05T22:01:24+00:00
movie_95918fe2469b,mother!,,,2026-06-05T22:01:24+00:00
movie_68d430584862,The Magic Faraway Tree (2026),,https://letterboxd.com/film/the-magic-faraway-tree/,2026-06-05T22:01:26+00:00
movie_bdf95b4d9332,O'Dessa (2025),,https://letterboxd.com/film/odessa-2025/,2026-06-05T22:02:38+00:00
movie_31270272f7bf,Aliens,,,2026-06-05T22:03:11+00:00
movie_ba5f94caef90,Would You Marry Me? (2025),,https://letterboxd.com/film/would-you-marry-me-2025/,2026-06-05T22:04:24+00:00
movie_010742ce2e66,Have a Good Trip: Adventures in Psychedelics (2020),,https://letterboxd.com/film/have-a-good-trip-adventures-in-psychedelics/,2026-06-05T22:05:06+00:00
movie_fec8673d0f79,The Fly (1986),,https://letterboxd.com/film/the-fly-1986/,2026-06-05T22:06:30+00:00
movie_c05542f5ec5e,Primitive War (2025),,https://letterboxd.com/film/primitive-war/,2026-06-05T22:06:31+00:00
movie_4df8f143a70e,Project Silence (2023),,https://letterboxd.com/film/project-silence/,2026-06-05T22:06:31+00:00
movie_2595ac88aa96,I Am Not a Robot (2017),,https://letterboxd.com/film/i-am-not-a-robot/,2026-06-05T22:06:45+00:00
movie_d49ddecbe1bd,Victor Frankenstein (2015),,https://letterboxd.com/film/victor-frankenstein/,2026-06-05T22:06:45+00:00
movie_895f1603b46f,About My Father (2023),,https://letterboxd.com/film/about-my-father/,2026-06-05T22:07:48+00:00
movie_0cdbdc0a532f,Don't Say a Word (2001),,https://letterboxd.com/film/dont-say-a-word/,2026-06-05T22:08:04+00:00
movie_9081aee375a0,Pierrot le Fou (1965),,https://letterboxd.com/film/pierrot-le-fou/,2026-06-05T22:08:04+00:00
movie_a3afd28cf86b,The Passion of Joan of Arc (1928),,https://letterboxd.com/film/the-passion-of-joan-of-arc/,2026-06-05T22:08:05+00:00
movie_1f96d535a344,Planet B (2024),,https://letterboxd.com/film/planet-b/,2026-06-05T22:08:40+00:00
movie_3e9a8e92cadc,La Dolce Villa (2025),,https://letterboxd.com/film/la-dolce-villa/,2026-06-05T22:08:58+00:00
movie_61a4db924c78,Puppy Love (2023),,https://letterboxd.com/film/puppy-love-2023/,2026-06-05T22:08:58+00:00
movie_83fc89677ce7,Love in the Villa (2022),,https://letterboxd.com/film/love-in-the-villa/,2026-06-05T22:08:58+00:00
movie_3b7487a016fc,The SpongeBob Movie: Search for SquarePants,,,2026-06-05T22:09:18+00:00
movie_63ee139b6048,Paranormal Activity 4 (2012),,https://letterboxd.com/film/paranormal-activity-4/,2026-06-05T22:09:41+00:00
movie_1f1ea205d26d,[REC]³ Genesis (2012),,https://letterboxd.com/film/rec-genesis/,2026-06-05T22:09:41+00:00
movie_15d992731d73,Godzilla Minus One,,,2026-06-05T22:09:53+00:00
movie_1ae84dac2554,Taken,,,2026-06-05T22:10:09+00:00
movie_db41dc2419be,Labyrinth,,,2026-06-05T22:10:14+00:00
movie_09e6cbd74936,The Gorge,,,2026-06-05T22:10:24+00:00
movie_362ee06cd383,Creed,,,2026-06-05T22:10:46+00:00
movie_b3f75aad9a52,100 METERS,,,2026-06-05T22:10:49+00:00
movie_7f32caa93f5d,Willy Wonka & the Chocolate Factory,,,2026-06-05T22:10:52+00:00
movie_e2c09dae43d0,Bob Trevino Likes It (2024),,https://letterboxd.com/film/bob-trevino-likes-it/,2026-06-05T22:11:04+00:00
movie_2b1afb3121da,Salmokji: Whispering Water,,,2026-06-05T22:11:22+00:00
movie_7b16360067b0,The Invitation (2015),,https://letterboxd.com/film/the-invitation-2015/,2026-06-05T22:11:22+00:00
movie_f934a5e279b0,Lake Mungo (2008),,https://letterboxd.com/film/lake-mungo/,2026-06-05T22:11:22+00:00
movie_a21689dd1156,"Salò, or the 120 Days of Sodom (1975)",,https://letterboxd.com/film/salo-or-the-120-days-of-sodom/,2026-06-05T22:11:22+00:00
movie_639b17c43804,3391 Kilometers (2024),,https://letterboxd.com/film/3391-kilometers/,2026-06-05T22:11:46+00:00
movie_35fbaa9166d8,Carl's Date (2023),,https://letterboxd.com/film/carls-date/,2026-06-05T22:11:47+00:00
movie_7a3015754b65,Another Round,,,2026-06-05T22:11:53+00:00
movie_9fbdb601b722,This Is 40 (2012),,https://letterboxd.com/film/this-is-40/,2026-06-05T22:13:41+00:00
movie_2d5e66e4371e,GoldenEye (1995),,https://letterboxd.com/film/goldeneye/,2026-06-05T22:13:58+00:00
movie_8cd79c046ee0,Mirai (2018),,https://letterboxd.com/film/mirai/,2026-06-05T22:15:44+00:00
movie_53c86fe19638,"Sorry, Baby",,,2026-06-05T22:16:10+00:00
movie_db7e82f29dab,On the Rocks (2020),,https://letterboxd.com/film/on-the-rocks-2020/,2026-06-05T22:16:22+00:00
movie_65fbadba161f,Night King (2026),,https://letterboxd.com/film/night-king/,2026-06-05T22:16:35+00:00
movie_44386de68b0b,Prey for the Devil (2022),,https://letterboxd.com/film/prey-for-the-devil/,2026-06-05T22:20:39+00:00
movie_6cb815b8d48c,No Exit (2022),,https://letterboxd.com/film/no-exit-2022/,2026-06-05T22:20:39+00:00
movie_f0a9e5584be4,Ghost Doctor (2022),,https://letterboxd.com/film/ghost-doctor/,2026-06-05T22:20:39+00:00
movie_223603253443,Everybody Wants Some!! (2016),,https://letterboxd.com/film/everybody-wants-some/,2026-06-05T22:22:13+00:00
movie_080280ef58a7,Paradise (2023),,https://letterboxd.com/film/paradise-2023-1/,2026-06-05T22:22:50+00:00
movie_3022efa9f36d,Scooby-Doo on Zombie Island (1998),,https://letterboxd.com/film/scooby-doo-on-zombie-island/,2026-06-05T22:23:03+00:00
movie_969df42e9706,Death Proof,,,2026-06-05T22:23:27+00:00
movie_a7f06ecdda06,Havoc,,,2026-06-05T22:24:03+00:00
movie_15a0f2a323b0,X-Men: First Class,,,2026-06-05T22:24:37+00:00
movie_af5e40bfce70,F Marry Kill (2025),,https://letterboxd.com/film/f-marry-kill/,2026-06-05T22:24:52+00:00
movie_6091f89af24c,Tinā (2024),,https://letterboxd.com/film/tina-2024-1/,2026-06-05T22:24:52+00:00
movie_d64cbcb0df50,Scavengers Reign (2023),,https://letterboxd.com/film/scavengers-reign/,2026-06-05T22:25:17+00:00
movie_eb0e1b556b48,Swallow (2019),,https://letterboxd.com/film/swallow-2019/,2026-06-05T22:25:19+00:00
movie_a6a80bb47637,Bison Kaalamaadan (2025),,https://letterboxd.com/film/bison-kaalamaadan/,2026-06-05T22:25:49+00:00
movie_520250252c41,A Balloon's Landing (2024),,https://letterboxd.com/film/a-balloons-landing/,2026-06-05T22:26:12+00:00
movie_0ece9c40645a,The Wandering Earth (2019),,https://letterboxd.com/film/the-wandering-earth/,2026-06-05T22:26:12+00:00
movie_ae9bab9395a8,Made of Honor (2008),,https://letterboxd.com/film/made-of-honor/,2026-06-05T22:26:42+00:00
movie_7919f449d058,Haseen Dillruba (2021),,https://letterboxd.com/film/haseen-dillruba/,2026-06-05T22:26:55+00:00
movie_d25cabf126f4,Friend Request (2016),,https://letterboxd.com/film/friend-request/,2026-06-05T22:26:55+00:00
movie_30fc3d74b43a,Don Jon (2013),,https://letterboxd.com/film/don-jon/,2026-06-05T22:26:55+00:00
movie_af741aeae015,Dev.D (2009),,https://letterboxd.com/film/devd/,2026-06-05T22:26:55+00:00
movie_ea5f72077b2b,Midori (1992),,https://letterboxd.com/film/midori-1992/,2026-06-05T22:26:55+00:00
movie_67016e350071,A Perfect Pairing (2022),,https://letterboxd.com/film/a-perfect-pairing/,2026-06-05T22:27:58+00:00
movie_f7194c0aa763,Graduation Heist (2025),,https://letterboxd.com/film/graduation-heist/,2026-06-05T22:28:12+00:00
movie_4931bffadc9a,KinnPorsche: The Series (2022),,https://letterboxd.com/film/kinnporsche-the-series/,2026-06-05T22:28:12+00:00
movie_d454d31cf22e,Not Me (2021),,https://letterboxd.com/film/not-me-2021-2/,2026-06-05T22:28:12+00:00
movie_dd9476b5d359,Bad Buddy (2021),,https://letterboxd.com/film/bad-buddy/,2026-06-05T22:28:12+00:00
movie_1d07ca454a72,Thor,,,2026-06-05T22:28:25+00:00
movie_bedf469ac555,The Worst of Evil (2023),,https://letterboxd.com/film/the-worst-of-evil/,2026-06-05T22:28:35+00:00
movie_20d744553cac,The Ron Clark Story (2006),,https://letterboxd.com/film/the-ron-clark-story/,2026-06-05T22:28:35+00:00
movie_8fabac868727,Ouran High School Host Club (2006),,https://letterboxd.com/film/ouran-high-school-host-club-2006-1/,2026-06-05T22:28:35+00:00
movie_c2b33fedca2e,BTS: Yet to Come in Cinemas (2023),,https://letterboxd.com/film/bts-yet-to-come-in-cinemas/,2026-06-05T22:30:32+00:00
movie_6478d39d3b4e,BTS: Permission to Dance on Stage - LA (2022),,https://letterboxd.com/film/bts-permission-to-dance-on-stage-la/,2026-06-05T22:30:32+00:00
movie_e7c076cc080f,Unforgiven,,,2026-06-05T22:31:14+00:00
movie_c08247ef911d,Just Like Heaven,,,2026-06-05T22:31:27+00:00
movie_182467fca183,The Invention of Lying (2009),,https://letterboxd.com/film/the-invention-of-lying/,2026-06-05T22:32:21+00:00
movie_e559189a45ca,Absolutely Anything (2015),,https://letterboxd.com/film/absolutely-anything/,2026-06-05T22:32:32+00:00
movie_36471517a8c6,Anuja (2024),,https://letterboxd.com/film/anuja/,2026-06-05T22:32:55+00:00
movie_a067eca36fa4,Maurice,,,2026-06-05T22:33:21+00:00
movie_ffdf637bc7f4,Harbin (2024),,https://letterboxd.com/film/harbin/,2026-06-05T22:33:23+00:00
movie_2328d7cea743,Queen of the Damned (2002),,https://letterboxd.com/film/queen-of-the-damned/,2026-06-05T22:33:23+00:00
movie_04bd8e9ad606,Jurassic World Camp Cretaceous: Hidden Adventure (2022),,https://letterboxd.com/film/jurassic-world-camp-cretaceous-hidden-adventure/,2026-06-05T22:33:35+00:00
movie_091781d1ed35,Beast (2022),,https://letterboxd.com/film/beast-2022-1/,2026-06-05T22:34:15+00:00
movie_0336352b31d7,Spider-Man 2,,,2026-06-05T22:34:22+00:00
movie_309bf9238b95,Demon Slayer: Kimetsu no Yaiba Special Edition Hashira Training Arc Part 2 (2025),,https://letterboxd.com/film/demon-slayer-kimetsu-no-yaiba-special-edition-2025-1/,2026-06-05T22:35:08+00:00
movie_719d5f61db24,Demon Slayer: Kimetsu no Yaiba Special Edition Hashira Training Arc Part 1 (2025),,https://letterboxd.com/film/demon-slayer-kimetsu-no-yaiba-special-edition-2025/,2026-06-05T22:35:08+00:00
movie_22b5f3fe2c77,Demon Slayer: Kimetsu no Yaiba Special Edition Swordsmith Village Arc Part 2 (2024),,https://letterboxd.com/film/demon-slayer-kimetsu-no-yaiba-special-edition-2024/,2026-06-05T22:35:08+00:00
movie_0373ce0702ce,Demon Slayer: Kimetsu no Yaiba - Asakusa Arc (2021),,https://letterboxd.com/film/demon-slayer-kimetsu-no-yaiba-asakusa-arc/,2026-06-05T22:35:08+00:00
movie_e021ee91aa36,Firefly (2023),,https://letterboxd.com/film/firefly-1/,2026-06-05T22:35:47+00:00
movie_88a76d59a8f3,Kita Kita (2017),,https://letterboxd.com/film/kita-kita/,2026-06-05T22:35:47+00:00
movie_7d24e59df376,Shin Kamen Rider (2023),,https://letterboxd.com/film/shin-kamen-rider/,2026-06-05T22:36:13+00:00
movie_6d1a4c031dab,She Said (2022),,https://letterboxd.com/film/she-said-2022/,2026-06-05T22:36:13+00:00
movie_1c952bd4179f,Samaritan (2022),,https://letterboxd.com/film/samaritan-2022/,2026-06-05T22:36:13+00:00
movie_f76d7342cb1c,The 355 (2022),,https://letterboxd.com/film/the-355/,2026-06-05T22:36:13+00:00
movie_2b4f4d59922f,American Hustle (2013),,https://letterboxd.com/film/american-hustle/,2026-06-05T22:36:27+00:00
movie_596be5ebea68,Stutz (2022),,https://letterboxd.com/film/stutz/,2026-06-05T22:36:54+00:00
movie_a0983ce94fa8,She Walks in Darkness (2025),,https://letterboxd.com/film/she-walks-in-darkness/,2026-06-05T22:37:07+00:00
movie_df51370a1847,Mud (2012),,https://letterboxd.com/film/mud/,2026-06-05T22:37:07+00:00
movie_8f7dc43c73c8,Eric (2024),,https://letterboxd.com/film/eric-2024/,2026-06-05T22:37:21+00:00
movie_439b5d39ae13,Locked In (2023),,https://letterboxd.com/film/locked-in-2023-1/,2026-06-05T22:37:48+00:00
movie_054b116fd1bf,Sunny Sanskari Ki Tulsi Kumari (2025),,https://letterboxd.com/film/sunny-sanskari-ki-tulsi-kumari/,2026-06-05T22:38:12+00:00
movie_c187489489db,Phir Aayi Hasseen Dillruba (2024),,https://letterboxd.com/film/phir-aayi-hasseen-dillruba/,2026-06-05T22:38:12+00:00
movie_c0f60f09b628,Satyaprem Ki Katha (2023),,https://letterboxd.com/film/satyaprem-ki-katha/,2026-06-05T22:38:12+00:00
movie_bf8faa63d6ed,Sooryavanshi (2021),,https://letterboxd.com/film/sooryavanshi/,2026-06-05T22:38:12+00:00
movie_6ff9905de588,Shershaah (2021),,https://letterboxd.com/film/shershaah/,2026-06-05T22:38:12+00:00
movie_8920642cddbb,Good Newwz (2019),,https://letterboxd.com/film/good-newwz/,2026-06-05T22:38:12+00:00
movie_1f5b702027be,The Calendar Killer (2025),,https://letterboxd.com/film/the-calendar-killer/,2026-06-05T22:38:50+00:00
movie_dfbb4723016f,Walk the Line (2005),,https://letterboxd.com/film/walk-the-line/,2026-06-05T22:39:19+00:00
movie_d651bc1653d6,The Conjuring 2,,,2026-06-05T22:40:35+00:00
movie_a08e0e19276d,The Apartment,,,2026-06-05T22:40:48+00:00
movie_c29d98795771,Mind Game,,,2026-06-05T22:40:48+00:00
movie_a8bae3e5748b,Swing Girls (2004),,https://letterboxd.com/film/swing-girls/,2026-06-05T22:40:50+00:00
movie_4e80b83a6ab5,Passengers,,,2026-06-05T22:41:03+00:00
movie_fd60807be6a3,Bride Hard (2025),,https://letterboxd.com/film/bride-hard/,2026-06-05T22:41:05+00:00
movie_b4ce3f75dbb1,The Abyss (2023),,https://letterboxd.com/film/the-abyss-2023/,2026-06-05T22:41:40+00:00
movie_33bfb1daccfe,Choose Love (2023),,https://letterboxd.com/film/choose-love-2023/,2026-06-05T22:41:40+00:00
movie_044c356d3e73,Strange Magic (2015),,https://letterboxd.com/film/strange-magic/,2026-06-05T22:41:57+00:00
movie_f716ec3cbe06,Four Sisters and a Wedding (2013),,https://letterboxd.com/film/four-sisters-and-a-wedding/,2026-06-05T22:41:57+00:00
movie_7eb4a0bb0cb3,F Valentine's Day (2026),,https://letterboxd.com/film/f-valentines-day/,2026-06-05T22:42:23+00:00
movie_82e9d88f0763,Deep Sea (2023),,https://letterboxd.com/film/deep-sea/,2026-06-05T22:42:23+00:00
movie_10f266a5caaa,I Like Movies (2022),,https://letterboxd.com/film/i-like-movies/,2026-06-05T22:42:23+00:00
movie_83fd6292b3f7,When You Finish Saving the World (2022),,https://letterboxd.com/film/when-you-finish-saving-the-world/,2026-06-05T22:42:23+00:00
movie_895c399052af,Wild Strawberries (1957),,https://letterboxd.com/film/wild-strawberries/,2026-06-05T22:42:36+00:00
movie_d7f0652308fc,Steins;Gate (2011),,https://letterboxd.com/film/steins-gate/,2026-06-05T22:42:37+00:00
movie_dd33b3f704f4,Gurren Lagann (2007),,https://letterboxd.com/film/gurren-lagann/,2026-06-05T22:42:37+00:00
movie_2965398872fc,Sympathy for Mr. Vengeance (2002),,https://letterboxd.com/film/sympathy-for-mr-vengeance/,2026-06-05T22:42:37+00:00
movie_9e73dc501681,Photocopier (2021),,https://letterboxd.com/film/photocopier/,2026-06-05T22:42:48+00:00
movie_37883106ad2c,The Wrecking Crew,,,2026-06-05T22:43:39+00:00
movie_c9f186891687,Sympathy for the Devil (2023),,https://letterboxd.com/film/sympathy-for-the-devil-2023/,2026-06-05T22:43:39+00:00
movie_e6ee43e520c5,Paris Is Burning,,,2026-06-05T22:43:57+00:00
movie_8e06eaa149b8,The Diary of a Teenage Girl (2015),,https://letterboxd.com/film/the-diary-of-a-teenage-girl/,2026-06-05T22:44:29+00:00
movie_9d8d0b64e014,What's Your Number? (2011),,https://letterboxd.com/film/whats-your-number/,2026-06-05T22:44:29+00:00
movie_801f7232b875,The Spider Within: A Spider-Verse Story (2023),,https://letterboxd.com/film/the-spider-within-a-spider-verse-story/,2026-06-05T22:45:19+00:00
movie_b321b73f1218,A Trip to the Moon (1902),,https://letterboxd.com/film/a-trip-to-the-moon/,2026-06-05T22:45:54+00:00
movie_5ad18b38a143,Why Him? (2016),,https://letterboxd.com/film/why-him/,2026-06-05T22:46:06+00:00
movie_0997debd5d48,White House Down (2013),,https://letterboxd.com/film/white-house-down/,2026-06-05T22:46:06+00:00
movie_676e291f0203,Frances Ha,,,2026-06-05T22:46:19+00:00
movie_4f1442ebeaa9,Saw X,,,2026-06-05T22:48:01+00:00
movie_d9d1276a58e0,Would You Rather (2012),,https://letterboxd.com/film/would-you-rather/,2026-06-05T22:48:01+00:00
movie_0a5121ac8bb0,Your Monster (2024),,https://letterboxd.com/film/your-monster-2024/,2026-06-05T22:49:21+00:00
movie_bcf3796aeebb,Gravity Falls: Between the Pines (2016),,https://letterboxd.com/film/gravity-falls-between-the-pines/,2026-06-05T22:51:00+00:00
movie_dab7909f9f90,V/H/S (2012),,https://letterboxd.com/film/v-h-s/,2026-06-05T22:51:00+00:00
movie_00eba845cd84,Harold and Maude (1971),,https://letterboxd.com/film/harold-and-maude/,2026-06-05T22:51:10+00:00
movie_d28d0e3e01aa,Adventure Time: Distant Lands (2020),,https://letterboxd.com/film/adventure-time-distant-lands/,2026-06-05T22:51:11+00:00
movie_1678fe52c59f,Paul (2011),,https://letterboxd.com/film/paul-2011/,2026-06-05T22:51:50+00:00
movie_fa0104960cfb,Lord of War (2005),,https://letterboxd.com/film/lord-of-war/,2026-06-05T22:51:50+00:00
movie_7d256c692bf2,Portrait of God (2022),,https://letterboxd.com/film/portrait-of-god-2022/,2026-06-05T22:52:17+00:00
movie_4504342824ae,undertone,,,2026-06-05T22:53:26+00:00
movie_0b01b779bcda,Animal Farm (2025),,https://letterboxd.com/film/animal-farm-2025/,2026-06-05T22:54:15+00:00
movie_f0154cde82df,Drop Dead Gorgeous (1999),,https://letterboxd.com/film/drop-dead-gorgeous/,2026-06-05T22:54:16+00:00
movie_46978ed7636d,The Invisible Man,,,2026-06-05T22:54:41+00:00
movie_33bd1fdda656,Recalled (2021),,https://letterboxd.com/film/recalled-2021/,2026-06-05T22:54:56+00:00
movie_b1b91b549131,The Kid Detective (2020),,https://letterboxd.com/film/the-kid-detective/,2026-06-05T22:54:56+00:00
movie_024cc60c9063,Vengeance (2022),,https://letterboxd.com/film/vengeance-2022/,2026-06-05T22:55:06+00:00
movie_376b453805ef,Fantastic Four: Rise of the Silver Surfer (2007),,https://letterboxd.com/film/fantastic-four-rise-of-the-silver-surfer/,2026-06-05T22:55:22+00:00
movie_9361d0914a4b,Coreys (2024),,https://letterboxd.com/film/coreys-2024/,2026-06-05T22:56:01+00:00
movie_1d185ebabf87,Stand Up Solutions (2024),,https://letterboxd.com/film/stand-up-solutions/,2026-06-05T22:56:01+00:00
movie_e94bd919e2a4,The Mask (2023),,https://letterboxd.com/film/the-mask-2023/,2026-06-05T22:56:01+00:00
movie_1cd4066bb32a,Lilya 4-ever,,,2026-06-05T22:56:14+00:00
movie_d6fab477052b,Omniscient Reader: The Prophecy (2025),,https://letterboxd.com/film/omniscient-reader-the-prophecy/,2026-06-05T22:56:20+00:00
movie_6f90affd6da8,"I, the Executioner (2024)",,https://letterboxd.com/film/i-the-executioner-2024/,2026-06-05T22:56:20+00:00
movie_bc8acf7ad840,The Concierge (2023),,https://letterboxd.com/film/the-concierge/,2026-06-05T22:56:20+00:00
movie_5834eae9e2da,Awakenings,,,2026-06-05T22:56:21+00:00
movie_ce650c1b0e52,Flow,,,2026-06-05T22:56:30+00:00
movie_f293ce1fae34,Sound of Freedom,,,2026-06-05T22:56:58+00:00
movie_a9acbf5f7f9d,Love Actually,,,2026-06-05T22:57:00+00:00
movie_84ef7042408c,Pursuit of Jade (2026),,https://letterboxd.com/film/pursuit-of-jade/,2026-06-05T22:57:13+00:00
movie_e29115ac4d20,Don't Be a Menace to South Central While Drinking Your Juice in the Hood (1996),,https://letterboxd.com/film/dont-be-a-menace-to-south-central-while-drinking-your-juice-in-the-hood/,2026-06-05T22:57:27+00:00
movie_a787d3fe73f5,North Hollywood (2020),,https://letterboxd.com/film/north-hollywood/,2026-06-05T22:58:30+00:00
movie_2fc51b94f751,Family Matters (2024),,https://letterboxd.com/film/family-matters-2024/,2026-06-05T22:59:42+00:00
movie_351111aec606,Boyhood (2023),,https://letterboxd.com/film/boyhood-2023/,2026-06-05T22:59:42+00:00
movie_5c708eddcfd7,Strong Girl Nam-soon (2023),,https://letterboxd.com/film/strong-girl-nam-soon/,2026-06-05T22:59:42+00:00
movie_05f48142b82d,Revenant (2023),,https://letterboxd.com/film/revenant-2023/,2026-06-05T22:59:42+00:00
movie_3446c2981b4e,Detachment,,,2026-06-05T22:59:53+00:00
movie_c1d1c0e490eb,Two Weeks Notice (2002),,https://letterboxd.com/film/two-weeks-notice/,2026-06-05T22:59:55+00:00
movie_0997ba0ef3af,Confessions (2010),,https://letterboxd.com/film/confessions/,2026-06-05T23:00:08+00:00
movie_e2e9a13323f8,"The French Dispatch of the Liberty, Kansas Evening Sun",,,2026-06-05T23:02:13+00:00
movie_00c280744c86,The Game,,,2026-06-05T23:02:18+00:00
movie_2d7fab6ff8f5,Puss in Boots,,,2026-06-05T23:02:20+00:00
movie_7f39711bc239,Fyre (2019),,https://letterboxd.com/film/fyre-2019/,2026-06-05T23:02:44+00:00
movie_1049516b49e4,The Meyerowitz Stories (New and Selected) (2017),,https://letterboxd.com/film/the-meyerowitz-stories-new-and-selected/,2026-06-05T23:02:44+00:00
movie_3fd3299e790c,Toy Story 5,,,2026-06-05T23:03:20+00:00
movie_6ede3409d31d,"Hello, Love, Goodbye (2019)",,https://letterboxd.com/film/hello-love-goodbye/,2026-06-05T23:03:20+00:00
movie_12cc047c65f9,High Life (2018),,https://letterboxd.com/film/high-life-2018/,2026-06-05T23:04:36+00:00
movie_bd03048e2526,Love Jones (1997),,https://letterboxd.com/film/love-jones/,2026-06-05T23:04:53+00:00
movie_0f858aebdd43,Ad Vitam (2025),,https://letterboxd.com/film/ad-vitam-2025/,2026-06-05T23:05:04+00:00
movie_088377901213,Justice League: Crisis on Infinite Earths Part Three (2024),,https://letterboxd.com/film/justice-league-crisis-on-infinite-earths-2024/,2026-06-05T23:05:04+00:00
movie_a8fcfc58b5d3,Justice League: Crisis on Infinite Earths Part Two (2024),,https://letterboxd.com/film/justice-league-crisis-on-infinite-earths-2024-1/,2026-06-05T23:05:04+00:00
movie_f417ed0940a6,EXmas (2023),,https://letterboxd.com/film/exmas-2023/,2026-06-05T23:05:16+00:00
movie_2c10190ef596,About Fate (2022),,https://letterboxd.com/film/about-fate/,2026-06-05T23:05:16+00:00
movie_068bd28926a6,Love Tactics (2022),,https://letterboxd.com/film/love-tactics/,2026-06-05T23:05:16+00:00
movie_47b03a720f87,Anonymously Yours (2021),,https://letterboxd.com/film/anonymously-yours-2021/,2026-06-05T23:05:16+00:00
movie_d7134cdf0149,Best Wishes to All (2023),,https://letterboxd.com/film/best-wishes-to-all/,2026-06-05T23:05:29+00:00
movie_5d12a4204d81,Persepolis,,,2026-06-05T23:05:37+00:00
movie_e6db7fc74102,Guns Up (2025),,https://letterboxd.com/film/guns-up/,2026-06-05T23:10:46+00:00
movie_732d524ee5a4,Villains (2019),,https://letterboxd.com/film/villains-2019/,2026-06-05T23:11:30+00:00
movie_78f93e1100a6,King Kong,,,2026-06-05T23:13:38+00:00
movie_5b469dc307e7,First Blood,,,2026-06-05T23:14:02+00:00
movie_ba8a06a38b09,I Am: Celine Dion (2024),,https://letterboxd.com/film/i-am-celine-dion/,2026-06-05T23:15:00+00:00
movie_3b0f71ea595d,Gone Baby Gone (2007),,https://letterboxd.com/film/gone-baby-gone/,2026-06-05T23:15:00+00:00
movie_a21149e5c8db,Spotlight,,,2026-06-05T23:15:10+00:00
movie_ece75adb302d,The Vourdalak (2023),,https://letterboxd.com/film/the-vourdalak/,2026-06-05T23:15:52+00:00
movie_bf74bb341ef2,Redline,,,2026-06-05T23:15:53+00:00
movie_15158074bb2b,Hadestown: The Musical,,,2026-06-05T23:16:21+00:00
movie_d7d54501650c,Hadestown: The Musical (2026),,https://letterboxd.com/film/hadestown-the-musical/,2026-06-05T23:16:21+00:00
movie_e16ec08e35b5,Kajillionaire (2020),,https://letterboxd.com/film/kajillionaire/,2026-06-05T23:16:43+00:00
movie_d3b3fdf4a1cb,Children of Men,,,2026-06-05T23:17:07+00:00
movie_5311da49ac3f,Thamma (2025),,https://letterboxd.com/film/thamma/,2026-06-05T23:19:56+00:00
movie_0ade98b89aff,Sikandar (2025),,https://letterboxd.com/film/sikandar-2025-1/,2026-06-05T23:19:56+00:00
movie_82ebbf9913ce,Rise of the Planet of the Apes,,,2026-06-05T23:20:01+00:00
movie_39b2d3a77fa4,Cinderella,,,2026-06-05T23:20:32+00:00
movie_955cf9959e26,The Truth and Tragedy of Moriah Wilson (2026),,https://letterboxd.com/film/the-truth-and-tragedy-of-moriah-wilson/,2026-06-05T23:20:34+00:00
movie_b61e2757ad30,Shine on Me (2025),,https://letterboxd.com/film/shine-on-me/,2026-06-05T23:20:34+00:00
movie_5ac1c94c7ecb,The Carman Family Deaths (2025),,https://letterboxd.com/film/the-carman-family-deaths/,2026-06-05T23:20:34+00:00
movie_88121c14197b,Aileen: Queen of the Serial Killers (2025),,https://letterboxd.com/film/aileen-queen-of-the-serial-killers/,2026-06-05T23:20:34+00:00
movie_d5337124024e,Amy Bradley Is Missing (2025),,https://letterboxd.com/film/amy-bradley-is-missing/,2026-06-05T23:20:34+00:00
movie_aaf1715af07e,Our Generation (2025),,https://letterboxd.com/film/our-generation-2025/,2026-06-05T23:20:34+00:00
movie_8671c7d1c643,Fred and Rose West: A British Horror Story (2025),,https://letterboxd.com/film/fred-and-rose-west-a-british-horror-story/,2026-06-05T23:20:34+00:00
movie_85199b53f2cc,The Unholy 2 (2025),,https://letterboxd.com/film/the-unholy-2/,2026-06-05T23:20:34+00:00
movie_bb4fd22adc73,Sin City (2005),,https://letterboxd.com/film/sin-city/,2026-06-05T23:21:53+00:00
movie_beee6206f0a8,Frankenweenie,,,2026-06-05T23:22:00+00:00
movie_1a4521cb5265,Till Death (2021),,https://letterboxd.com/film/till-death-2021/,2026-06-05T23:23:23+00:00
movie_3a0d71eec71c,Forsaken (2026),,https://letterboxd.com/film/forsaken-2026/,2026-06-05T23:24:11+00:00
movie_d89a7052d820,V/H/S/2 (2013),,https://letterboxd.com/film/v-h-s-2/,2026-06-05T23:25:09+00:00
movie_adc230dff2b3,The Possession of Hannah Grace (2018),,https://letterboxd.com/film/the-possession-of-hannah-grace/,2026-06-05T23:27:32+00:00
movie_9558b5ccb406,Hellraiser,,,2026-06-05T23:28:23+00:00
movie_4e563d6b6e21,Minha Irmã e Eu (2023),,https://letterboxd.com/film/minha-irma-e-eu/,2026-06-05T23:28:52+00:00
movie_c24db51ee6f0,Club Zero (2023),,https://letterboxd.com/film/club-zero/,2026-06-05T23:28:52+00:00
movie_72566e927e23,Puparia (2020),,https://letterboxd.com/film/puparia/,2026-06-05T23:29:34+00:00
movie_c68fc084bdb4,A Trip to the Moon,,,2026-06-05T23:29:53+00:00
movie_36f64a0d702c,Ante... Sundaraniki! (2022),,https://letterboxd.com/film/ante-sundaraniki/,2026-06-05T23:30:17+00:00
movie_555a295f9c84,Ala Vaikunthapurramuloo (2020),,https://letterboxd.com/film/ala-vaikunthapurramuloo/,2026-06-05T23:30:17+00:00
movie_0c83bd8c7196,Dear Comrade (2019),,https://letterboxd.com/film/dear-comrade/,2026-06-05T23:30:17+00:00
movie_470f9d41cfa6,Southpaw,,,2026-06-05T23:31:31+00:00
movie_be7ccdf3e4b5,Knocked Up (2007),,https://letterboxd.com/film/knocked-up/,2026-06-05T23:31:32+00:00
movie_30ed1a212586,Our Dating Sim (2023),,https://letterboxd.com/film/our-dating-sim-2023/,2026-06-05T23:31:57+00:00
movie_e43e208a93fc,My Beautiful Man (2021),,https://letterboxd.com/film/my-beautiful-man/,2026-06-05T23:31:57+00:00
movie_f996574cf287,Jurassic World: Fallen Kingdom,,,2026-06-05T23:32:26+00:00
movie_31eb4286c315,Arthur and the Invisibles (2006),,https://letterboxd.com/film/arthur-and-the-invisibles/,2026-06-05T23:33:17+00:00
movie_2fb89ffa2748,Dead to Rights (2025),,https://letterboxd.com/film/dead-to-rights-2025/,2026-06-05T23:33:43+00:00
movie_3edece71d0ef,Begin Again,,,2026-06-05T23:35:36+00:00
movie_87411f025b25,The Wicker Man,,,2026-06-05T23:36:03+00:00
movie_9fb788f93fc7,The Innocent (2022),,https://letterboxd.com/film/the-innocent-2022/,2026-06-05T23:36:15+00:00
movie_2cfccd3ded66,The Dry (2020),,https://letterboxd.com/film/the-dry/,2026-06-05T23:36:15+00:00
movie_637c5e6ade59,Lupin III: The First (2019),,https://letterboxd.com/film/lupin-iii-the-first/,2026-06-05T23:37:26+00:00
movie_34faf8db445c,The Irishman,,,2026-06-05T23:37:56+00:00
movie_d9b6a40e4e10,The Unholy (2021),,https://letterboxd.com/film/the-unholy-2021/,2026-06-05T23:38:28+00:00
movie_ca2da3b2a704,Pleasure (2021),,https://letterboxd.com/film/pleasure-2021/,2026-06-05T23:38:28+00:00
movie_31af8797ddf1,Nobody Sleeps in the Woods Tonight (2020),,https://letterboxd.com/film/nobody-sleeps-in-the-woods-tonight/,2026-06-05T23:38:28+00:00
movie_5d7ad31fe611,Bareilly Ki Barfi (2017),,https://letterboxd.com/film/bareilly-ki-barfi/,2026-06-05T23:38:56+00:00
movie_084773c3dd26,2 States (2014),,https://letterboxd.com/film/2-states/,2026-06-05T23:38:56+00:00
movie_ad9e9dc7e4e0,My Cousin Vinny,,,2026-06-05T23:39:29+00:00
movie_38f46cd8ef12,20 Days in Mariupol (2023),,https://letterboxd.com/film/20-days-in-mariupol/,2026-06-05T23:41:53+00:00
movie_29ab22f90ef1,Brother (1997),,https://letterboxd.com/film/brother-1997/,2026-06-05T23:41:53+00:00
movie_faf4e1e7fcbf,Love Hurts (2002),,https://letterboxd.com/film/love-hurts-2002/,2026-06-05T23:42:05+00:00
movie_e152963b49a6,Pierrot le Fou,,,2026-06-05T23:42:30+00:00
movie_924041a321ab,Orwell: 2+2=5 (2025),,https://letterboxd.com/film/orwell-22-5/,2026-06-05T23:42:32+00:00
movie_c7ef1be26f8f,Climax,,,2026-06-05T23:42:39+00:00
movie_6ff3799584d9,LINK CLICK (2021),,https://letterboxd.com/film/link-click/,2026-06-05T23:43:16+00:00
movie_d9f912cb7238,The Smashing Machine,,,2026-06-05T23:46:09+00:00
movie_4659afb48faa,Sister Act (1992),,https://letterboxd.com/film/sister-act/,2026-06-05T23:46:21+00:00
movie_e4a6a9296b37,Arcane: Bridging the Rift (2022),,https://letterboxd.com/film/arcane-bridging-the-rift/,2026-06-05T23:46:44+00:00
movie_2ef1f0fe9937,The Christophers (2025),,https://letterboxd.com/film/the-christophers/,2026-06-05T23:46:59+00:00
movie_9e23c5dbbce3,Hellsing Ultimate (2006),,https://letterboxd.com/film/hellsing-ultimate-v/,2026-06-05T23:47:36+00:00
movie_f7ade7a5a5cb,Museum of Innocence,,,2026-06-05T23:47:40+00:00
movie_ba35a761f384,The Master,,,2026-06-05T23:48:05+00:00
movie_d5a6c17e887d,Lost Highway,,,2026-06-05T23:48:07+00:00
movie_dc4415c51a34,Kung Fu Hustle,,,2026-06-05T23:48:13+00:00
movie_ce7a44889493,The Godfather Part III,,,2026-06-05T23:48:32+00:00
movie_5fa2ff2b6405,Sapta Sagaradaache Ello – Side A (2023),,https://letterboxd.com/film/sapta-sagaradaache-ello-side-a/,2026-06-05T23:48:58+00:00
movie_6ce80aaa2acd,Murderer Report (2025),,https://letterboxd.com/film/murderer-report/,2026-06-05T23:48:59+00:00
movie_34b4f89a4371,James Acaster: Hecklers Welcome (2024),,https://letterboxd.com/film/james-acaster-hecklers-welcome/,2026-06-05T23:48:59+00:00
movie_4ba416203414,In the Land of Saints and Sinners (2023),,https://letterboxd.com/film/in-the-land-of-saints-and-sinners/,2026-06-05T23:48:59+00:00
movie_ad7cdcac29e3,Game of Thrones: The Story So Far (2017),,https://letterboxd.com/film/game-of-thrones-the-story-so-far/,2026-06-05T23:49:11+00:00
movie_7b1ebbdb7a61,100 Songs for Stella (2025),,https://letterboxd.com/film/100-songs-for-stella/,2026-06-05T23:49:40+00:00
movie_5133656edf5f,100 Poems for Stella (2017),,https://letterboxd.com/film/100-poems-for-stella/,2026-06-05T23:49:40+00:00
movie_b4e731272847,Demon Slayer -Kimetsu no Yaiba- The Movie: Mugen Train,,,2026-06-05T23:49:41+00:00
movie_084cbaa0587d,Lemony Snicket's A Series of Unfortunate Events,,,2026-06-05T23:49:42+00:00
movie_f2d385f8ebec,When Marnie Was There,,,2026-06-05T23:49:54+00:00
movie_71455de05119,The Girl from the Other Side (2022),,https://letterboxd.com/film/the-girl-from-the-other-side-2022/,2026-06-05T23:49:55+00:00
movie_3f29339ce45d,Flyboys (2006),,https://letterboxd.com/film/flyboys/,2026-06-05T23:50:07+00:00
movie_0e8c533ab6e0,Jawbreaker (1999),,https://letterboxd.com/film/jawbreaker/,2026-06-05T23:50:07+00:00
movie_036a2a344ed2,Leave the World Behind,,,2026-06-05T23:50:11+00:00
movie_9e8dfadca04d,Dawn of the Dead,,,2026-06-05T23:50:40+00:00
movie_910b766abb94,Tere Ishk Mein (2025),,https://letterboxd.com/film/tere-ishk-mein/,2026-06-05T23:51:05+00:00
movie_15263fd52993,The Kerala Story (2023),,https://letterboxd.com/film/the-kerala-story/,2026-06-05T23:51:30+00:00
movie_3ab9c7da9b90,I'm Your Venus (2024),,https://letterboxd.com/film/im-your-venus/,2026-06-05T23:51:45+00:00
movie_981ffe07024b,Jamie Vardy (2026),,https://letterboxd.com/film/jamie-vardy/,2026-06-05T23:52:06+00:00
movie_b59ebbf828d9,Stand by Me Doraemon 2 (2020),,https://letterboxd.com/film/stand-by-me-doraemon-2/,2026-06-05T23:52:06+00:00
movie_cc5a166562ab,Neon Genesis Evangelion,,,2026-06-05T23:52:18+00:00
movie_aa9388122da1,Catherine Called Birdy (2022),,https://letterboxd.com/film/catherine-called-birdy/,2026-06-05T23:52:59+00:00
movie_3902397d9eef,Ok Jaanu (2017),,https://letterboxd.com/film/ok-jaanu/,2026-06-05T23:53:15+00:00
movie_94fdc121cd11,Chinatown,,,2026-06-05T23:53:47+00:00
movie_7c9db4289789,Roofman,,,2026-06-05T23:55:21+00:00
movie_67cb8a363a95,Naples to New York (2024),,https://letterboxd.com/film/naples-to-new-york/,2026-06-05T23:55:42+00:00
movie_8162d25acdc5,Ophelia (2018),,https://letterboxd.com/film/ophelia-2018/,2026-06-05T23:55:42+00:00
movie_39cdccdca8a6,Retro (2025),,https://letterboxd.com/film/retro-2025/,2026-06-05T23:55:55+00:00
movie_c9959de07335,Jigarthanda DoubleX (2023),,https://letterboxd.com/film/jigarthanda-doublex/,2026-06-05T23:55:55+00:00
movie_931596afc2c3,Maamannan (2023),,https://letterboxd.com/film/maamannan/,2026-06-05T23:55:55+00:00
movie_712e202475e0,Sarpatta Parambarai (2021),,https://letterboxd.com/film/sarpatta-parambarai/,2026-06-05T23:55:55+00:00
movie_0fa5b4a84b94,Kaithi (2019),,https://letterboxd.com/film/kaithi/,2026-06-05T23:55:55+00:00
movie_909a94e24ee3,Premam (2015),,https://letterboxd.com/film/premam/,2026-06-05T23:55:55+00:00
movie_5f507dd968f1,Invader Zim: Enter the Florpus (2019),,https://letterboxd.com/film/invader-zim-enter-the-florpus/,2026-06-05T23:56:05+00:00
movie_74fbd1f09bce,Moonstruck,,,2026-06-05T23:56:30+00:00
movie_c5e5d848e9f9,The Last Letter from Your Lover (2021),,https://letterboxd.com/film/the-last-letter-from-your-lover/,2026-06-05T23:57:22+00:00
movie_26d49e84a1d0,Sunshine (2007),,https://letterboxd.com/film/sunshine-2007/,2026-06-05T23:57:32+00:00
movie_f94ca3470b55,Haider (2014),,https://letterboxd.com/film/haider/,2026-06-05T23:57:45+00:00
movie_eea942811bed,Tolo Tolo (2020),,https://letterboxd.com/film/tolo-tolo/,2026-06-05T23:59:36+00:00
movie_872b82cb3b98,Sun In Buckets (2013),,https://letterboxd.com/film/sun-in-buckets/,2026-06-05T23:59:36+00:00
movie_db68628f402b,I Am Legend,,,2026-06-06T00:00:42+00:00
movie_8cc332c897c2,Journey to Bethlehem (2023),,https://letterboxd.com/film/journey-to-bethlehem/,2026-06-06T00:00:44+00:00
movie_0393124f0805,In the Shadow of the Cypress (2023),,https://letterboxd.com/film/in-the-shadow-of-the-cypress/,2026-06-06T00:00:44+00:00
movie_5cf533343f9c,Shooting Stars (2022),,https://letterboxd.com/film/shooting-stars-2022/,2026-06-06T00:00:44+00:00
movie_c844f2dc14f6,I Still Believe (2020),,https://letterboxd.com/film/i-still-believe/,2026-06-06T00:00:44+00:00
movie_c076f9abf83f,Batman,,,2026-06-06T00:02:12+00:00
movie_781c04d26dd9,Hanu-Man (2024),,https://letterboxd.com/film/hanu-man/,2026-06-06T00:02:37+00:00
movie_8f1a54f1bb4b,Guntur Kaaram (2024),,https://letterboxd.com/film/guntur-kaaram/,2026-06-06T00:02:37+00:00
movie_8050241d3596,Rocketry: The Nambi Effect (2022),,https://letterboxd.com/film/rocketry-the-nambi-effect/,2026-06-06T00:02:37+00:00
movie_79ea93fddb08,Saaho (2019),,https://letterboxd.com/film/saaho/,2026-06-06T00:02:37+00:00
movie_fec781c4ed1e,Accepted (2006),,https://letterboxd.com/film/accepted/,2026-06-06T00:02:50+00:00
movie_f79b3b236aaf,McWalter (2025),,https://letterboxd.com/film/mcwalter/,2026-06-06T00:03:06+00:00
movie_e23e5efd7bc1,96 Minutes (2025),,https://letterboxd.com/film/96-minutes-2025/,2026-06-06T00:03:19+00:00
movie_3a14c478da0c,The Good Dinosaur,,,2026-06-06T00:03:27+00:00
movie_ff4cd65defaf,Pawn Sacrifice (2014),,https://letterboxd.com/film/pawn-sacrifice/,2026-06-06T00:05:09+00:00
movie_7655aebdc334,The Call (2013),,https://letterboxd.com/film/the-call-2013/,2026-06-06T00:05:51+00:00
movie_10a8eba1b6db,W: Two Worlds Apart (2016),,https://letterboxd.com/film/w-two-worlds-apart/,2026-06-06T00:06:16+00:00
movie_362b3d372302,Sore: A Wife from the Future,,,2026-06-06T00:06:20+00:00
movie_9b11b71b074e,Ted,,,2026-06-06T00:06:54+00:00
movie_af66171b8c27,Plainclothes (2025),,https://letterboxd.com/film/plainclothes/,2026-06-06T00:07:23+00:00
movie_1042f54d394b,Becky and Badette (2023),,https://letterboxd.com/film/becky-and-badette/,2026-06-06T00:07:23+00:00
movie_7a9f5a3753d0,Hellboy,,,2026-06-06T00:08:02+00:00
movie_9f1c5a0fcea6,The Roast of Kevin Hart,,,2026-06-06T00:09:10+00:00
movie_01d51bfdcf3f,The Roast of Kevin Hart (2026),,https://letterboxd.com/film/the-roast-of-kevin-hart/,2026-06-06T00:09:10+00:00
movie_b76c9fad098d,Satan's Slaves (2017),,https://letterboxd.com/film/satans-slaves/,2026-06-06T00:09:10+00:00
movie_4d87ba99204d,Naked (2017),,https://letterboxd.com/film/naked-2017/,2026-06-06T00:09:10+00:00
movie_b0b2eb172af1,Chainsaw Man - The Compilation Part 2 (2025),,https://letterboxd.com/film/chainsaw-man-the-compilation-part-2/,2026-06-06T00:09:34+00:00
movie_182d956c7b03,American Assassin (2017),,https://letterboxd.com/film/american-assassin/,2026-06-06T00:10:02+00:00
movie_2c7efbde8358,The Change-Up (2011),,https://letterboxd.com/film/the-change-up/,2026-06-06T00:10:02+00:00
movie_4e0f9486a73a,The Beach Boys (2024),,https://letterboxd.com/film/the-beach-boys/,2026-06-06T00:10:58+00:00
movie_8b405f84d637,Masters of the Air (2024),,https://letterboxd.com/film/masters-of-the-air/,2026-06-06T00:10:58+00:00
movie_ea0569eb46cc,Skip and Loafer (2023),,https://letterboxd.com/film/skip-and-loafer/,2026-06-06T00:10:58+00:00
movie_2499713d5bea,Purple Hearts,,,2026-06-06T00:13:50+00:00
movie_e5fcab35d2a8,Die Another Day (2002),,https://letterboxd.com/film/die-another-day/,2026-06-06T00:14:13+00:00
movie_eccc19faf2d5,Shaolin Soccer (2001),,https://letterboxd.com/film/shaolin-soccer/,2026-06-06T00:14:13+00:00
movie_d3a0adcf7694,Hundreds of Beavers,,,2026-06-06T00:14:25+00:00
movie_2fca6687f2f0,Dave Chappelle: The Unstoppable... (2025),,https://letterboxd.com/film/dave-chappelle-the-unstoppable/,2026-06-06T00:15:17+00:00
movie_5448324b0e29,The Deepest Breath (2023),,https://letterboxd.com/film/the-deepest-breath/,2026-06-06T00:16:30+00:00
movie_6f8e2f1f7cbd,Wild (2014),,https://letterboxd.com/film/wild/,2026-06-06T00:16:30+00:00
movie_dc2c0a9eebe7,Submarine,,,2026-06-06T00:17:21+00:00
movie_e7a7ddfce1cf,Fried Green Tomatoes (1991),,https://letterboxd.com/film/fried-green-tomatoes/,2026-06-06T00:17:37+00:00
movie_1f2a9cb9b3f2,High School Musical,,,2026-06-06T00:19:29+00:00
movie_776238b82fec,TRENTE,,,2026-06-06T00:19:43+00:00
movie_c73a313b66d3,TRENTE (2026),,https://letterboxd.com/film/trente/,2026-06-06T00:19:43+00:00
movie_516bbc885f1f,The Perfection (2018),,https://letterboxd.com/film/the-perfection/,2026-06-06T00:19:54+00:00
movie_3f0df8cec81f,Farewell My Concubine (1993),,https://letterboxd.com/film/farewell-my-concubine/,2026-06-06T00:19:54+00:00
movie_6eb70c95ff56,Dou kyu sei – Classmates,,,2026-06-06T00:19:55+00:00
movie_2b149a2fd70b,Toni (2023),,https://letterboxd.com/film/toni-2023/,2026-06-06T00:20:06+00:00
movie_37e20e127214,Bar Boys: After School (2025),,https://letterboxd.com/film/bar-boys-after-school/,2026-06-06T00:20:18+00:00
movie_9644afbb291b,Old Bandits (2026),,https://letterboxd.com/film/old-bandits/,2026-06-06T00:21:34+00:00
movie_d88051fffcd2,Uncharted,,,2026-06-06T00:21:43+00:00
movie_4ae6912ee36d,Apocalypse in the Tropics (2024),,https://letterboxd.com/film/apocalypse-in-the-tropics/,2026-06-06T00:21:56+00:00
movie_795d2983a2f1,Sharper (2023),,https://letterboxd.com/film/sharper/,2026-06-06T00:22:36+00:00
movie_5f2349e74f29,Killers of the Flower Moon,,,2026-06-06T00:22:38+00:00
movie_e138bb47e80a,Scooby-Doo 2: Monsters Unleashed (2004),,https://letterboxd.com/film/scooby-doo-2-monsters-unleashed/,2026-06-06T00:23:08+00:00
movie_bf69837f69fe,Disclaimer (2024),,https://letterboxd.com/film/disclaimer-2024/,2026-06-06T00:23:19+00:00
movie_eb2f72b106bb,Alvin and the Chipmunks,,,2026-06-06T00:23:21+00:00
movie_c6d13ccb763c,Half Man,,,2026-06-06T00:24:01+00:00
movie_07aa35e0268f,Eloá the Hostage: Live on TV (2025),,https://letterboxd.com/film/eloa-the-hostage-live-on-tv/,2026-06-06T00:24:01+00:00
movie_7e9996d62677,The Monster of Florence (2025),,https://letterboxd.com/film/the-monster-of-florence/,2026-06-06T00:24:01+00:00
movie_81c8198fb87a,No More Bets (2023),,https://letterboxd.com/film/no-more-bets/,2026-06-06T00:24:01+00:00
movie_2b6e5a4ce50a,My Dearest Nemesis (2025),,https://letterboxd.com/film/my-dearest-nemesis/,2026-06-06T00:25:00+00:00
movie_1b38bd9f6fdf,Serendipity's Embrace (2024),,https://letterboxd.com/film/serendipitys-embrace/,2026-06-06T00:25:00+00:00
movie_375c76f6c964,High School Return of a Gangster (2024),,https://letterboxd.com/film/high-school-return-of-a-gangster/,2026-06-06T00:25:00+00:00
movie_4b5d39213ed5,Marry My Husband (2024),,https://letterboxd.com/film/marry-my-husband/,2026-06-06T00:25:00+00:00
movie_686f3f852ff9,Ingrid Goes West (2017),,https://letterboxd.com/film/ingrid-goes-west/,2026-06-06T00:25:13+00:00
movie_64eb3a041c2d,Grounded II: Making The Last of Us Part II (2024),,https://letterboxd.com/film/grounded-ii-making-the-last-of-us-part-ii/,2026-06-06T00:25:46+00:00
movie_258bcdfaafd9,JoJo's Bizarre Adventure: Phantom Blood (2012),,https://letterboxd.com/film/jojos-bizarre-adventure-phantom-blood-2012/,2026-06-06T00:25:46+00:00
movie_6dec33172a63,The Night of the Hunter (1955),,https://letterboxd.com/film/the-night-of-the-hunter/,2026-06-06T00:26:09+00:00
movie_d840619467f8,The Red Shoes (1948),,https://letterboxd.com/film/the-red-shoes/,2026-06-06T00:26:09+00:00
movie_481ad5b785a5,The Ugly (2025),,https://letterboxd.com/film/the-ugly-2025/,2026-06-06T00:29:12+00:00
movie_ab06df042103,The Verdict (2025),,https://letterboxd.com/film/the-verdict-2025-1/,2026-06-06T00:29:12+00:00
movie_f4c0c04e3909,Romería (2025),,https://letterboxd.com/film/romeria/,2026-06-06T00:29:12+00:00
movie_5d777c006f90,American Animals (2018),,https://letterboxd.com/film/american-animals/,2026-06-06T00:29:53+00:00
movie_1ed004036d8a,Milk (2008),,https://letterboxd.com/film/milk-2008/,2026-06-06T00:30:31+00:00
movie_88c1cb62f712,The Lion King,,,2026-06-06T00:30:57+00:00
movie_717f7ab0d4db,Life (2023),,https://letterboxd.com/film/life-2023/,2026-06-06T00:31:24+00:00
movie_29e4653f5e74,The Marsh King's Daughter (2023),,https://letterboxd.com/film/the-marsh-kings-daughter/,2026-06-06T00:35:18+00:00
movie_851ccb69499e,Ghosts of Girlfriends Past (2009),,https://letterboxd.com/film/ghosts-of-girlfriends-past/,2026-06-06T00:36:40+00:00
movie_b35aeedb4d95,Secret Level - New World: The Once and Future King (2024),,https://letterboxd.com/film/secret-level-new-world-the-once-and-future/,2026-06-06T00:37:07+00:00
movie_e7bfe8df2219,Fireworks (2023),,https://letterboxd.com/film/fireworks-2023-1/,2026-06-06T00:37:07+00:00
movie_bd5ee6a11d77,The Quintessential Quintuplets Movie (2022),,https://letterboxd.com/film/the-quintessential-quintuplets-movie/,2026-06-06T00:37:07+00:00
movie_04d05b7018de,One Piece: Stampede (2019),,https://letterboxd.com/film/one-piece-stampede/,2026-06-06T00:37:07+00:00
movie_6f0eaf46fae1,DARLING in the FRANXX (2018),,https://letterboxd.com/film/darling-in-the-franxx/,2026-06-06T00:37:07+00:00
movie_ea6b8ef3d6f0,The Monkey King (2023),,https://letterboxd.com/film/the-monkey-king-2023/,2026-06-06T00:37:20+00:00
movie_4576b5abd4f1,Injustice (2021),,https://letterboxd.com/film/injustice-2021/,2026-06-06T00:37:20+00:00
movie_4516419d45fb,Ghost in the Cell,,,2026-06-06T00:37:56+00:00
movie_d0f812eac3e0,Crossing (2024),,https://letterboxd.com/film/crossing-2024/,2026-06-06T00:38:23+00:00
movie_26c03055f33b,Force Majeure (2014),,https://letterboxd.com/film/force-majeure-2014/,2026-06-06T00:38:23+00:00
movie_41d743a48caa,This Is England (2006),,https://letterboxd.com/film/this-is-england/,2026-06-06T00:38:32+00:00
movie_36a7fa34cc11,Barbie in A Mermaid Tale 2 (2012),,https://letterboxd.com/film/barbie-in-a-mermaid-tale-2/,2026-06-06T00:39:42+00:00
movie_7f196d5711c8,Holy Camp! (2017),,https://letterboxd.com/film/holy-camp/,2026-06-06T00:39:57+00:00
movie_538eb37654f9,Marco: The Invented Truth (2024),,https://letterboxd.com/film/marco-the-invented-truth/,2026-06-06T00:40:15+00:00
movie_b371abee0321,Escape from the 21st Century (2024),,https://letterboxd.com/film/escape-from-the-21st-century/,2026-06-06T00:40:15+00:00
movie_e63ef32ee61a,The Road to El Dorado (2000),,https://letterboxd.com/film/the-road-to-el-dorado/,2026-06-06T00:42:15+00:00
movie_811e59e52a21,Corpus Christi (2019),,https://letterboxd.com/film/corpus-christi-2019/,2026-06-06T00:42:41+00:00
movie_16ee7d3417b9,Surf's Up,,,2026-06-06T00:43:33+00:00
movie_800c49b9a62f,Emily (2022),,https://letterboxd.com/film/emily-2022/,2026-06-06T00:44:02+00:00
movie_4162b8cd5868,Mona Lisa Smile,,,2026-06-06T00:44:21+00:00
movie_20e53c56e35a,The Mehta Boys (2024),,https://letterboxd.com/film/the-mehta-boys/,2026-06-06T00:46:02+00:00
movie_d6e5602a0495,Shiddat (2021),,https://letterboxd.com/film/shiddat/,2026-06-06T00:46:02+00:00
movie_d98d5fbe0786,I Origins,,,2026-06-06T00:46:06+00:00
movie_bfa1aeb7f038,DNA (2025),,https://letterboxd.com/film/dna-2025/,2026-06-06T00:48:06+00:00
movie_4dba89c59bb6,Eleven (2025),,https://letterboxd.com/film/eleven-2025/,2026-06-06T00:48:06+00:00
movie_4580397bed5b,Veera Dheera Sooran: Part 2 (2025),,https://letterboxd.com/film/veera-dheera-sooran-part-2/,2026-06-06T00:48:06+00:00
movie_1ab03231ef61,Kudumbasthan (2025),,https://letterboxd.com/film/kudumbasthan/,2026-06-06T00:48:06+00:00
movie_08dd6a9214cc,Madha Gaja Raja (2025),,https://letterboxd.com/film/madha-gaja-raja/,2026-06-06T00:48:06+00:00
movie_bda31ccc74a2,Sorgavaasal (2024),,https://letterboxd.com/film/sorgavaasal/,2026-06-06T00:48:06+00:00
movie_555e4b7faba6,Kanguva (2024),,https://letterboxd.com/film/kanguva/,2026-06-06T00:48:06+00:00
movie_f96e79a2aaf4,Black (2024),,https://letterboxd.com/film/black-2024-1/,2026-06-06T00:48:06+00:00
movie_6c7386fa1df0,Mark Antony (2023),,https://letterboxd.com/film/mark-antony-2023/,2026-06-06T00:48:06+00:00
movie_f4721ef82eb6,Por Thozhil (2023),,https://letterboxd.com/film/por-thozhil/,2026-06-06T00:48:06+00:00
movie_e2043e32cfd5,Varisu (2023),,https://letterboxd.com/film/varisu/,2026-06-06T00:48:06+00:00
movie_79d76c8abd0a,Naane Varuvean (2022),,https://letterboxd.com/film/naane-varuvean/,2026-06-06T00:48:06+00:00
movie_56bebf5c35f1,Thesis (1996),,https://letterboxd.com/film/thesis/,2026-06-06T00:48:29+00:00
movie_824e59cc5ab0,Antiviral (2012),,https://letterboxd.com/film/antiviral/,2026-06-06T00:48:52+00:00
movie_993093d69da1,"Good Bye, Lenin! (2003)",,https://letterboxd.com/film/good-bye-lenin/,2026-06-06T00:49:07+00:00
movie_e08b1eacd9a9,Last Summer (2023),,https://letterboxd.com/film/last-summer-2023/,2026-06-06T00:49:18+00:00
movie_0fe2d11c23e8,The Secret World of Arrietty,,,2026-06-06T00:50:45+00:00
movie_055a8bb202fd,Joy (2024),,https://letterboxd.com/film/joy-2024/,2026-06-06T00:51:18+00:00
movie_3832431ae803,Big George Foreman (2023),,https://letterboxd.com/film/big-george-foreman/,2026-06-06T00:52:14+00:00
movie_2a71c1d2b811,Scooby-Doo,,,2026-06-06T00:53:11+00:00
movie_951f5362d4a7,Lisa Frankenstein,,,2026-06-06T00:53:13+00:00
movie_1a012727f8c7,Scary Movie 2,,,2026-06-06T00:53:42+00:00
movie_7f23ffcc49a1,Ip Man 3 (2015),,https://letterboxd.com/film/ip-man-3/,2026-06-06T00:53:44+00:00
movie_fb781833ebb9,Even If This Love Disappears from the World Tonight,,,2026-06-06T00:54:43+00:00
movie_794be831aeb0,Monster-in-Law (2005),,https://letterboxd.com/film/monster-in-law/,2026-06-06T00:55:09+00:00
movie_b26fcbdfe686,Marcel the Shell with Shoes On,,,2026-06-06T00:55:34+00:00
movie_2d8a880757ad,The Twilight Saga: Eclipse,,,2026-06-06T00:55:44+00:00
movie_e4c20501fae3,Invincible: Atom Eve (2023),,https://letterboxd.com/film/invincible-atom-eve/,2026-06-06T00:56:02+00:00
movie_9fdb5412dda6,Last Holiday (2006),,https://letterboxd.com/film/last-holiday/,2026-06-06T00:57:19+00:00
movie_45fa93000a5d,Lost in the Stars (2022),,https://letterboxd.com/film/lost-in-the-stars-2022/,2026-06-06T00:58:23+00:00
movie_a14c8c965ce0,Double Blind (2023),,https://letterboxd.com/film/double-blind-2023-1/,2026-06-06T00:59:51+00:00
movie_36a3312cf921,Pavane,,,2026-06-06T01:00:24+00:00
movie_fe46edc1a5e2,Trainwreck: Storm Area 51 (2025),,https://letterboxd.com/film/trainwreck-storm-area-51/,2026-06-06T01:00:44+00:00
movie_e4d3957b4b1d,Trainwreck: Balloon Boy (2025),,https://letterboxd.com/film/trainwreck-balloon-boy/,2026-06-06T01:00:44+00:00
movie_a712327365c3,Trainwreck: Mayor of Mayhem (2025),,https://letterboxd.com/film/trainwreck-mayor-of-mayhem/,2026-06-06T01:00:44+00:00
movie_0f723f334ca4,Lucky Number Slevin (2006),,https://letterboxd.com/film/lucky-number-slevin/,2026-06-06T01:01:28+00:00
movie_198a1a4f5d23,The Warriors (1979),,https://letterboxd.com/film/the-warriors/,2026-06-06T01:03:05+00:00
movie_ab6a39ea9fd3,The Lake House (2006),,https://letterboxd.com/film/the-lake-house/,2026-06-06T01:03:52+00:00
movie_68b0da6af4a2,Pacific Rim,,,2026-06-06T01:04:08+00:00
movie_efd9932f2dd8,Trust Me: The False Prophet (2026),,https://letterboxd.com/film/trust-me-the-false-prophet-2026/,2026-06-06T01:04:09+00:00
movie_b7828d31ca39,Devil in the Family: The Fall of Ruby Franke (2025),,https://letterboxd.com/film/devil-in-the-family-the-fall-of-ruby-franke/,2026-06-06T01:04:09+00:00
movie_1aa99e35bd87,The Book of Clarence (2023),,https://letterboxd.com/film/the-book-of-clarence-2023/,2026-06-06T01:04:23+00:00
movie_e362c9af316e,Viva La Vida (2024),,https://letterboxd.com/film/viva-la-vida-2024/,2026-06-06T01:04:50+00:00
movie_099b6caebe29,North by Northwest (1959),,https://letterboxd.com/film/north-by-northwest/,2026-06-06T01:05:02+00:00
movie_5b1e7d12feea,The Bling Ring,,,2026-06-06T01:06:18+00:00
movie_a49696c2cc0f,Happiness,,,2026-06-06T01:08:07+00:00
movie_5fea3cd23b66,Caught by the Tides (2024),,https://letterboxd.com/film/caught-by-the-tides/,2026-06-06T01:08:27+00:00
movie_af971ae3bd7d,Better Off Dead,,,2026-06-06T01:09:30+00:00
movie_a733737d1fc4,Linda Linda Linda (2005),,https://letterboxd.com/film/linda-linda-linda/,2026-06-06T01:10:56+00:00
movie_7d85c61a3727,Phone Booth (2002),,https://letterboxd.com/film/phone-booth/,2026-06-06T01:12:29+00:00
movie_fc9c025da51e,Saw (2003),,https://letterboxd.com/film/saw-2003/,2026-06-06T01:15:09+00:00
movie_11aa64726c54,This Place Rules (2022),,https://letterboxd.com/film/this-place-rules/,2026-06-06T01:15:24+00:00
movie_8c97ce3427f9,Serendipity,,,2026-06-06T01:17:43+00:00
movie_e8a47cfd7cb5,Last Night in Soho,,,2026-06-06T01:18:39+00:00
movie_56aea981c8f4,National Treasure: Book of Secrets (2007),,https://letterboxd.com/film/national-treasure-book-of-secrets/,2026-06-06T01:20:53+00:00
movie_4c3ab7ba08e7,War Dogs,,,2026-06-06T01:21:06+00:00
movie_ff8285b7fbf6,The Illusionist (2006),,https://letterboxd.com/film/the-illusionist/,2026-06-06T01:23:52+00:00
movie_488cc005872b,The Three Investigators and the Carpathian Dog (2025),,https://letterboxd.com/film/the-three-investigators-and-the-carpathian/,2026-06-06T01:24:07+00:00
movie_40f5cdb7fb57,Borderless Fog (2024),,https://letterboxd.com/film/borderless-fog/,2026-06-06T01:24:19+00:00
movie_fb79dcaa51bd,Terrifier 2,,,2026-06-06T01:26:31+00:00
movie_3da39d116985,Vacation Friends 2 (2023),,https://letterboxd.com/film/vacation-friends-2/,2026-06-06T01:27:02+00:00
movie_49b805521521,The Thing (2011),,https://letterboxd.com/film/the-thing-2011/,2026-06-06T01:27:11+00:00
movie_7824c8a8077a,Bound (1996),,https://letterboxd.com/film/bound/,2026-06-06T01:28:00+00:00
movie_9677fde9ac92,Wild Diamond (2024),,https://letterboxd.com/film/wild-diamond/,2026-06-06T01:29:06+00:00
movie_e01f2cb1d66a,Too Old for Fairy Tales 2 (2024),,https://letterboxd.com/film/too-old-for-fairy-tales-2/,2026-06-06T01:30:10+00:00
movie_88c79390a208,10DANCE,,,2026-06-06T01:31:10+00:00
movie_c71d9b8c1319,My Hero Academia: World Heroes' Mission (2021),,https://letterboxd.com/film/my-hero-academia-world-heroes-mission/,2026-06-06T01:31:10+00:00
movie_70530996a021,Missing You (2025),,https://letterboxd.com/film/missing-you-2025/,2026-06-06T01:32:31+00:00
movie_e1c428f2b12f,The Walking Dead: Origins (2021),,https://letterboxd.com/film/the-walking-dead-origins/,2026-06-06T01:32:45+00:00
movie_a6753398c66b,825 Forest Road (2025),,https://letterboxd.com/film/825-forest-road/,2026-06-06T01:35:09+00:00
movie_619ad7f81fe9,Joko Anwar's Nightmares and Daydreams (2024),,https://letterboxd.com/film/joko-anwars-nightmares-and-daydreams-2024/,2026-06-06T01:35:09+00:00
movie_631d9d98f006,The Second Mother (2015),,https://letterboxd.com/film/the-second-mother/,2026-06-06T01:36:08+00:00
movie_9c2690d25d67,Apocalypto,,,2026-06-06T01:36:13+00:00
movie_3ef75ab91615,Work It (2020),,https://letterboxd.com/film/work-it/,2026-06-06T01:38:08+00:00
movie_d0b615a20532,Dracula,,,2026-06-06T01:38:45+00:00
movie_9b20d46215f2,The Conjuring: The Devil Made Me Do It,,,2026-06-06T01:40:16+00:00
movie_ca4d9bcd5924,Love Untangled,,,2026-06-06T01:41:26+00:00
movie_d172671f8416,A Sign of Affection (2024),,https://letterboxd.com/film/a-sign-of-affection/,2026-06-06T01:43:09+00:00
movie_1f30011144ac,Stranger Things: Tales from '85 Theatrical Preview (2026),,https://letterboxd.com/film/stranger-things-tales-from-85-theatrical/,2026-06-06T01:44:04+00:00
movie_8dd3dc1c8730,Smurfs: The Lost Village (2017),,https://letterboxd.com/film/smurfs-the-lost-village/,2026-06-06T01:44:04+00:00
movie_3e0a5445504f,Marguerite's Theorem (2023),,https://letterboxd.com/film/marguerites-theorem/,2026-06-06T01:44:16+00:00
movie_2b4cc69ce1f4,Money Heist: Korea - Joint Economic Area (2022),,https://letterboxd.com/film/money-heist-korea-joint-economic-area/,2026-06-06T01:45:38+00:00
movie_bfc5a762250d,Money Heist: The Phenomenon (2020),,https://letterboxd.com/film/money-heist-the-phenomenon/,2026-06-06T01:45:38+00:00
movie_857800af90e5,Super Dark Times (2017),,https://letterboxd.com/film/super-dark-times/,2026-06-06T01:45:52+00:00
movie_a2f79dc5c5f5,Tomorrow Never Dies (1997),,https://letterboxd.com/film/tomorrow-never-dies/,2026-06-06T01:48:00+00:00
movie_84d7a26283e8,Autumn Sonata (1978),,https://letterboxd.com/film/autumn-sonata/,2026-06-06T01:48:00+00:00
movie_cba19d148c1c,Star Wars: Tales of the Empire (2024),,https://letterboxd.com/film/star-wars-tales-of-the-empire-2024/,2026-06-06T01:50:53+00:00
movie_9ed54941f2d6,I Am Groot: Groot's Sweet Treat (2023),,https://letterboxd.com/film/i-am-groot-groots-sweet-treat/,2026-06-06T01:50:53+00:00
movie_5ad8fedd1a49,Star Wars: Tales of the Jedi (2022),,https://letterboxd.com/film/star-wars-tales-of-the-jedi/,2026-06-06T01:50:53+00:00
movie_a94f3d80a474,Fate/stay night: Heaven's Feel III. Spring Song (2020),,https://letterboxd.com/film/fate-stay-night-heavens-feel-iii-spring-song/,2026-06-06T01:51:28+00:00
movie_c3904a4caa2c,Dogs Don't Wear Pants (2019),,https://letterboxd.com/film/dogs-dont-wear-pants/,2026-06-06T01:51:54+00:00
movie_6274bcce6fb0,Pi (1998),,https://letterboxd.com/film/pi/,2026-06-06T01:53:50+00:00
movie_019a97955df9,It's a Wonderful Knife (2023),,https://letterboxd.com/film/its-a-wonderful-knife-2023/,2026-06-06T01:54:11+00:00
movie_52b7ab0972dd,The Bad Guys 2,,,2026-06-06T01:54:18+00:00
movie_e5035701c267,2nd Miracle in Cell No. 7 (2024),,https://letterboxd.com/film/2nd-miracle-in-cell-no-7/,2026-06-06T01:54:26+00:00
movie_6378053704f4,Deep (2021),,https://letterboxd.com/film/deep-2021/,2026-06-06T01:54:26+00:00
movie_d3d7381b61ed,Forget Me Not (2015),,https://letterboxd.com/film/forget-me-not-2015/,2026-06-06T01:55:25+00:00
movie_34c3fdf97031,Monster Hunter (2020),,https://letterboxd.com/film/monster-hunter-2020/,2026-06-06T01:55:53+00:00
movie_a56ab15906c0,Carry-On,,,2026-06-06T01:56:17+00:00
movie_24774f708aa7,Tokyo Taxi (2025),,https://letterboxd.com/film/tokyo-taxi-2025/,2026-06-06T01:58:24+00:00
movie_b34598cc8587,River (2023),,https://letterboxd.com/film/river-2023-1/,2026-06-06T01:58:24+00:00
movie_60bec6104c82,First Reformed (2017),,https://letterboxd.com/film/first-reformed/,2026-06-06T01:59:00+00:00
movie_d1ebdafe61a0,Witness for the Prosecution (1957),,https://letterboxd.com/film/witness-for-the-prosecution-1957/,2026-06-06T01:59:55+00:00
movie_6ffd5f0038ea,Murder Mubarak (2024),,https://letterboxd.com/film/murder-mubarak/,2026-06-06T02:00:36+00:00
movie_88499d2bc0d2,Chef,,,2026-06-06T02:01:05+00:00
movie_d810249d7a87,Vacation Friends (2021),,https://letterboxd.com/film/vacation-friends/,2026-06-06T02:06:21+00:00
movie_d10af3f96b5e,Run Hide Fight (2020),,https://letterboxd.com/film/run-hide-fight-2020/,2026-06-06T02:06:21+00:00
movie_bcfbe6faa7bb,"Boy, I'm Scared (2025)",,https://letterboxd.com/film/boy-im-scared/,2026-06-06T02:07:42+00:00
movie_bfe1141a4f1b,A Bird Hit My Window and Now I'm a Lesbian (2024),,https://letterboxd.com/film/a-bird-hit-my-window-and-now-im-a-lesbian/,2026-06-06T02:07:42+00:00
movie_140475c9d74a,The Iron Giant,,,2026-06-06T02:09:27+00:00
movie_ecc25a339342,Palm Springs,,,2026-06-06T02:12:03+00:00
movie_88812ca17f1a,The Dinosaurs (2026),,https://letterboxd.com/film/the-dinosaurs-2026/,2026-06-06T02:13:27+00:00
movie_7f5275449f29,That's AI (2026),,https://letterboxd.com/film/thats-ai/,2026-06-06T02:13:27+00:00
movie_97cf6fc6403b,The Littles (2025),,https://letterboxd.com/film/the-littles/,2026-06-06T02:13:27+00:00
movie_a5b69110ee13,Romantic Killer (2022),,https://letterboxd.com/film/romantic-killer/,2026-06-06T02:13:27+00:00
movie_6321e0235280,I Believe in Unicorns,,,2026-06-06T02:14:29+00:00
movie_456aedafd8a4,Jeepers Creepers: Reborn (2022),,https://letterboxd.com/film/jeepers-creepers-reborn/,2026-06-06T02:14:57+00:00
movie_631e9e5dacba,Clerks III (2022),,https://letterboxd.com/film/clerks-iii/,2026-06-06T02:14:57+00:00
movie_e160db13a6e1,Jurassic World,,,2026-06-06T02:15:02+00:00
movie_55a2188c1dbb,Witches (2024),,https://letterboxd.com/film/witches-2024/,2026-06-06T02:16:25+00:00
movie_f77ed495e4a3,Bergen (2022),,https://letterboxd.com/film/bergen-2022/,2026-06-06T02:16:37+00:00
movie_db01c9c42419,Genie (2023),,https://letterboxd.com/film/genie-2023-1/,2026-06-06T02:16:50+00:00
movie_a43898010897,Best. Christmas. Ever! (2023),,https://letterboxd.com/film/best-christmas-ever-2023/,2026-06-06T02:16:50+00:00
movie_874fd31d7f64,The Knight Before Christmas (2019),,https://letterboxd.com/film/the-knight-before-christmas/,2026-06-06T02:16:50+00:00
movie_55544b1abb0f,X2,,,2026-06-06T02:16:53+00:00
movie_24c84fc933c5,Andragogy (2023),,https://letterboxd.com/film/andragogy/,2026-06-06T02:17:33+00:00
movie_08929c7cd346,50/50,,,2026-06-06T02:17:55+00:00
movie_19510999ba34,Dìdi (弟弟),,,2026-06-06T02:17:57+00:00
movie_6073e092186f,Pirates of the Caribbean: At World's End,,,2026-06-06T02:18:46+00:00
movie_e55123609958,Secret Level - Dungeons & Dragons: The Queen's Cradle (2024),,https://letterboxd.com/film/secret-level-dungeons-dragons-the-queens/,2026-06-06T02:19:25+00:00
movie_d43e66d5d0df,Secret Level - Sifu: It Takes a Life (2024),,https://letterboxd.com/film/secret-level-sifu-it-takes-a-life/,2026-06-06T02:19:25+00:00
movie_265a1cb40326,Justice League: Crisis on Infinite Earths Part One (2024),,https://letterboxd.com/film/justice-league-crisis-on-infinite-earths/,2026-06-06T02:19:25+00:00
movie_ba6c4e84c6bf,Only You (1994),,https://letterboxd.com/film/only-you-1994/,2026-06-06T02:19:41+00:00
movie_ab7b2575da04,Limitless,,,2026-06-06T02:19:53+00:00
movie_6269a5ab25fb,Vamps (2012),,https://letterboxd.com/film/vamps/,2026-06-06T02:20:05+00:00
movie_5488ed231730,Reply 1988,,,2026-06-06T02:21:55+00:00
movie_709b1cd069f7,Role Models (2008),,https://letterboxd.com/film/role-models/,2026-06-06T02:22:10+00:00
movie_4eb8de41784c,Madagascar,,,2026-06-06T02:22:25+00:00
movie_b5c59416df05,On the Line (2022),,https://letterboxd.com/film/on-the-line-2022/,2026-06-06T02:22:26+00:00
movie_d6d6bf6f824b,Kara,,,2026-06-06T02:25:41+00:00
movie_435d62f327a3,Dead Silence (2007),,https://letterboxd.com/film/dead-silence/,2026-06-06T02:26:05+00:00
movie_801fae36df30,Sky High,,,2026-06-06T02:26:10+00:00
movie_28014b34b940,Animal House (1978),,https://letterboxd.com/film/animal-house/,2026-06-06T02:26:40+00:00
movie_534489073e94,All the President's Men (1976),,https://letterboxd.com/film/all-the-presidents-men/,2026-06-06T02:26:40+00:00
movie_6d498ceee02a,Black Widow,,,2026-06-06T02:26:53+00:00
movie_345c7c29396c,Love & Pop (1998),,https://letterboxd.com/film/love-pop/,2026-06-06T02:27:09+00:00
movie_8449485ad6e9,Rashomon,,,2026-06-06T02:27:58+00:00
movie_661ce2fcbd41,Teen Wolf: The Movie (2023),,https://letterboxd.com/film/teen-wolf-the-movie/,2026-06-06T02:29:00+00:00
movie_9e7dac4716a5,The Hateful Eight,,,2026-06-06T02:29:09+00:00
movie_72ac7e5ddc00,Goodrich (2024),,https://letterboxd.com/film/goodrich/,2026-06-06T02:29:49+00:00
movie_1a8959f0e0db,Barbie as The Princess & the Pauper (2004),,https://letterboxd.com/film/barbie-as-the-princess-and-the-pauper/,2026-06-06T02:30:57+00:00
movie_07822f34a7ac,7th Time Loop: The Villainess Enjoys a Carefree Life Married to Her Worst Enemy! (2024),,https://letterboxd.com/film/7th-time-loop-the-villainess-enjoys-a-carefree-life-married-to-her-worst-enemy/,2026-06-06T02:33:30+00:00
movie_ab94ec89c831,Komi Can't Communicate (2021),,https://letterboxd.com/film/komi-cant-communicate-2021/,2026-06-06T02:33:30+00:00
movie_0fd46e35ce38,Four Sisters and a Wedding,,,2026-06-06T02:33:41+00:00
movie_09272c9fb7a4,Fear Street: Prom Queen,,,2026-06-06T02:35:18+00:00
movie_9063ddba47b7,3 from Hell (2019),,https://letterboxd.com/film/3-from-hell/,2026-06-06T02:35:18+00:00
movie_dd0f16027ffc,Gummo (1997),,https://letterboxd.com/film/gummo/,2026-06-06T02:37:24+00:00
movie_467934e0a529,Little Fish,,,2026-06-06T02:37:35+00:00
movie_c07b783b5ddf,Mirror,,,2026-06-06T02:38:19+00:00
movie_7693b2de1329,A Thousand Days (2023),,https://letterboxd.com/film/a-thousand-days/,2026-06-06T02:38:21+00:00
movie_3bb2ccffea9f,KKN: Curse of the Dancing Village (2022),,https://letterboxd.com/film/kkn-curse-of-the-dancing-village/,2026-06-06T02:38:21+00:00
movie_1313541dfa19,Greedy People (2024),,https://letterboxd.com/film/greedy-people/,2026-06-06T02:39:43+00:00
movie_9ba200b6d3fc,Alien Stage (2022),,https://letterboxd.com/film/alien-stage/,2026-06-06T02:40:09+00:00
movie_e3c79d3ce73b,The Nun,,,2026-06-06T02:40:47+00:00
movie_fd7fff0e8f49,X-Men,,,2026-06-06T02:43:28+00:00
movie_609374ee131b,Catch Me... If You Can (1989),,https://letterboxd.com/film/catch-me-if-you-can/,2026-06-06T02:44:31+00:00
movie_e2e107738c9f,Radioactive Emergency (2026),,https://letterboxd.com/film/radioactive-emergency/,2026-06-06T02:45:19+00:00
movie_5c71ab2217c4,Who Framed Roger Rabbit,,,2026-06-06T02:45:47+00:00
movie_7e891cfdb518,Perayaan Mati Rasa (2025),,https://letterboxd.com/film/perayaan-mati-rasa/,2026-06-06T02:46:40+00:00
movie_38c1bc739420,given The Movie: Hiiragi Mix (2024),,https://letterboxd.com/film/given-the-movie-hiiragi-mix/,2026-06-06T02:46:40+00:00
movie_089c73232f6f,Saw,,,2026-06-06T02:46:51+00:00
movie_309623d044b3,Whisper If I Forget (2014),,https://letterboxd.com/film/whisper-if-i-forget/,2026-06-06T02:46:53+00:00
movie_3443cc9c2ab1,Vivarium,,,2026-06-06T02:47:24+00:00
movie_285467f6c181,American Underdog (2021),,https://letterboxd.com/film/american-underdog/,2026-06-06T02:47:30+00:00
movie_f85e6f4bb6c7,"Girl, Boy, Bakla, Tomboy (2013)",,https://letterboxd.com/film/girl-boy-bakla-tomboy/,2026-06-06T02:48:13+00:00
movie_07c5d2c3d5fd,Raising Voices (2024),,https://letterboxd.com/film/raising-voices/,2026-06-06T02:48:32+00:00
movie_79d60eec22ea,Red Eye,,,2026-06-06T02:50:22+00:00
movie_cb933a5ea179,Super/Man: The Christopher Reeve Story (2024),,https://letterboxd.com/film/super-man-the-christopher-reeve-story/,2026-06-06T02:50:37+00:00
movie_c58618e2fff7,Beyoncé Bowl (2024),,https://letterboxd.com/film/beyonce-bowl/,2026-06-06T02:50:51+00:00
movie_0963a427244a,Goodnight Mommy (2022),,https://letterboxd.com/film/goodnight-mommy-2022/,2026-06-06T02:50:51+00:00
movie_21045096b332,A Deadly American Marriage (2025),,https://letterboxd.com/film/a-deadly-american-marriage/,2026-06-06T02:51:07+00:00
movie_16658f8f2ffc,Hwjn (2023),,https://letterboxd.com/film/hwjn/,2026-06-06T02:51:25+00:00
movie_b56b4245254a,Justice (2024),,https://letterboxd.com/film/justice-2024-1/,2026-06-06T02:52:31+00:00
movie_8e5d63655d40,Friz & Wersow. Love in the Online Age (2025),,https://letterboxd.com/film/friz-wersow-love-in-the-online-age/,2026-06-06T02:53:28+00:00
movie_67eaf0ad656d,Romeo + Juliet,,,2026-06-06T02:53:36+00:00
movie_c3b461a56028,Sandiwara (2026),,https://letterboxd.com/film/sandiwara/,2026-06-06T02:54:05+00:00
movie_59570ececcf3,Final Destination 3,,,2026-06-06T02:55:36+00:00
movie_e2d37a14985b,A Hero's Journey: The Making of Percy Jackson and the Olympians (2024),,https://letterboxd.com/film/a-heros-journey-the-making-of-percy-jackson-and-the-olympians/,2026-06-06T02:56:38+00:00
movie_60fc2933e01e,Rescued by Ruby (2022),,https://letterboxd.com/film/rescued-by-ruby/,2026-06-06T02:56:38+00:00
movie_14ef5238e8d2,Miley Cyrus: Something Beautiful (2025),,https://letterboxd.com/film/miley-cyrus-something-beautiful/,2026-06-06T02:57:57+00:00
movie_29a586cbad34,Bring Them Down (2024),,https://letterboxd.com/film/bring-them-down/,2026-06-06T02:57:57+00:00
movie_cb1095299553,Our Universe (2026),,https://letterboxd.com/film/our-universe-2026/,2026-06-06T02:59:54+00:00
movie_d915e279a7ef,No Tail to Tell (2026),,https://letterboxd.com/film/no-tail-to-tell/,2026-06-06T02:59:54+00:00
movie_add49cdb5ec7,Bigil (2019),,https://letterboxd.com/film/bigil/,2026-06-06T03:00:36+00:00
movie_2db8bc749f8d,Decision to Leave,,,2026-06-06T03:00:45+00:00
movie_e736935c1b14,The Cure (2026),,https://letterboxd.com/film/the-cure-2026/,2026-06-06T03:01:50+00:00
movie_58efb97b661e,Worldbreaker (2025),,https://letterboxd.com/film/worldbreaker/,2026-06-06T03:01:50+00:00
movie_971488ba05bb,The God Man (2025),,https://letterboxd.com/film/the-god-man-2025/,2026-06-06T03:01:50+00:00
movie_68dc2fc5dde0,Niccolò (2025),,https://letterboxd.com/film/niccolo/,2026-06-06T03:02:05+00:00
movie_aada103e2208,Kesari Chapter 2: The Untold Story of Jallianwala Bagh (2025),,https://letterboxd.com/film/kesari-chapter-2-the-untold-story-of-jallianwala/,2026-06-06T03:04:36+00:00
movie_9f6edbc0b038,Mathu Vadalara 2 (2024),,https://letterboxd.com/film/mathu-vadalara-2/,2026-06-06T03:04:36+00:00
movie_1a26dc104645,Dasara (2023),,https://letterboxd.com/film/dasara/,2026-06-06T03:04:36+00:00
movie_7ddc451fb660,The Three Investigators: Isle of Death (2026),,https://letterboxd.com/film/the-three-investigators-isle-of-death/,2026-06-06T03:06:20+00:00
movie_d6297689c15b,Don't Die: The Man Who Wants to Live Forever (2025),,https://letterboxd.com/film/dont-die-the-man-who-wants-to-live-forever/,2026-06-06T03:07:06+00:00
movie_29e443b264cb,Tombstone (1993),,https://letterboxd.com/film/tombstone/,2026-06-06T03:08:46+00:00
movie_223a3827b352,Thief (1981),,https://letterboxd.com/film/thief/,2026-06-06T03:09:16+00:00
movie_30bdeed9c94b,Annie Hall,,,2026-06-06T03:09:28+00:00
movie_f86596916fc1,Lorne (2026),,https://letterboxd.com/film/lorne-2026/,2026-06-06T03:09:30+00:00
movie_4357f4020882,Anemone (2025),,https://letterboxd.com/film/anemone-2025/,2026-06-06T03:09:30+00:00
movie_537d5a9fc676,Magellan (2025),,https://letterboxd.com/film/magellan-2025/,2026-06-06T03:09:30+00:00
movie_c2ab3d8416ad,Warfare,,,2026-06-06T03:09:39+00:00
movie_11dace3ee9ea,Marc Maron: Panicked (2025),,https://letterboxd.com/film/marc-maron-panicked/,2026-06-06T03:09:48+00:00
movie_a16b1c3cb1c5,The Polar Express,,,2026-06-06T03:10:34+00:00
movie_0186b5b526f7,The Invitation (2022),,https://letterboxd.com/film/the-invitation-2022-1/,2026-06-06T03:10:41+00:00
movie_547fb517f0d8,Network (1976),,https://letterboxd.com/film/network/,2026-06-06T03:10:56+00:00
movie_326e3ff541f9,Back to the Future Part II,,,2026-06-06T03:12:39+00:00
movie_95b7078f5e27,BlacKkKlansman,,,2026-06-06T03:12:49+00:00
movie_2d10d862a941,404 Run Run (2024),,https://letterboxd.com/film/404-run-run/,2026-06-06T03:13:45+00:00
movie_c0607c41b7c9,Sweet Bobby: My Catfish Nightmare (2024),,https://letterboxd.com/film/sweet-bobby-my-catfish-nightmare/,2026-06-06T03:13:45+00:00
movie_05909b1479b1,Joe's College Road Trip (2026),,https://letterboxd.com/film/joes-college-road-trip/,2026-06-06T03:14:35+00:00
movie_850a1a0486fd,Hobal (2024),,https://letterboxd.com/film/hobal/,2026-06-06T03:15:02+00:00
movie_7c6b6b1c9f76,Avihitham (2025),,https://letterboxd.com/film/avihitham/,2026-06-06T03:15:20+00:00
movie_b0d36a074cc1,Thalavara (2025),,https://letterboxd.com/film/thalavara/,2026-06-06T03:15:20+00:00
movie_b730ce3ced3d,Sumathi Valavu (2025),,https://letterboxd.com/film/sumathi-valavu/,2026-06-06T03:15:20+00:00
movie_31e8aebd0157,3BHK (2025),,https://letterboxd.com/film/3bhk/,2026-06-06T03:15:20+00:00
movie_fb309a2daf2c,Vyasanasametham Bandhumithradhikal (2025),,https://letterboxd.com/film/vyasanasametham-bandhumithradhikal/,2026-06-06T03:15:20+00:00
movie_3ac34800ab66,Detective Ujjwalan (2025),,https://letterboxd.com/film/detective-ujjwalan/,2026-06-06T03:15:20+00:00
movie_86fc6d81bd9d,Prince and Family (2025),,https://letterboxd.com/film/prince-and-family/,2026-06-06T03:15:20+00:00
movie_ba174ac75091,Sarkeet (2025),,https://letterboxd.com/film/sarkeet/,2026-06-06T03:15:20+00:00
movie_37223e2bf831,Painkili (2025),,https://letterboxd.com/film/painkili/,2026-06-06T03:15:21+00:00
movie_0664ae7b43e0,Rekhachithram (2025),,https://letterboxd.com/film/rekhachithram/,2026-06-06T03:15:21+00:00
movie_3db226927364,Identity (2025),,https://letterboxd.com/film/identity-2025/,2026-06-06T03:15:21+00:00
movie_1e9a72a8eb06,I Am Groot: Groot's Snow Day (2023),,https://letterboxd.com/film/i-am-groot-groots-snow-day/,2026-06-06T03:15:36+00:00
movie_4abc30b86620,I Am Groot: Groot and the Great Prophecy (2023),,https://letterboxd.com/film/i-am-groot-groot-and-the-great-prophecy/,2026-06-06T03:15:36+00:00
movie_6fd85ce7f28c,Ronth (2025),,https://letterboxd.com/film/ronth/,2026-06-06T03:15:49+00:00
movie_2aa4ff873dc8,Narivetta (2025),,https://letterboxd.com/film/narivetta/,2026-06-06T03:15:49+00:00
movie_d46f1ef902c0,Mirai (2025),,https://letterboxd.com/film/mirai-2025/,2026-06-06T03:16:04+00:00
movie_24d3bc758f4d,"Gorillaz Present: The Mountain, The Moon Cave and The Sad God (2026)",,https://letterboxd.com/film/gorillaz-present-the-mountain-the-moon-cave/,2026-06-06T03:16:16+00:00
movie_3407ad1997b7,Summer Time Rendering (2022),,https://letterboxd.com/film/summer-time-rendering/,2026-06-06T03:16:16+00:00
movie_cab7b1ba5613,Dumplin' (2018),,https://letterboxd.com/film/dumplin/,2026-06-06T03:16:37+00:00
movie_9496ae4a75a6,Man of Steel,,,2026-06-06T03:17:31+00:00
movie_c2dcfc8c85e8,Wake Up Sid (2009),,https://letterboxd.com/film/wake-up-sid/,2026-06-06T03:17:33+00:00
movie_a5ce6962f86c,Big Hero 6,,,2026-06-06T03:18:19+00:00
movie_53e13d22955f,The Backrooms (Found Footage),,,2026-06-06T03:21:52+00:00
movie_8301d14ab416,Hive (2026),,https://letterboxd.com/film/hive-2026/,2026-06-06T03:24:10+00:00
movie_3871f6b016c5,David (2025),,https://letterboxd.com/film/david-2025/,2026-06-06T03:24:10+00:00
movie_b2c6e8984bb8,Stone Cold Fox (2025),,https://letterboxd.com/film/stone-cold-fox/,2026-06-06T03:24:10+00:00
movie_5ff1a93bdc39,This Is Not a Test (2025),,https://letterboxd.com/film/this-is-not-a-test-2025/,2026-06-06T03:24:10+00:00
movie_5be436427fc1,Truth & Treason (2025),,https://letterboxd.com/film/truth-treason/,2026-06-06T03:24:10+00:00
movie_cb01a397b44e,Taylor Tomlinson: Prodigal Daughter (2026),,https://letterboxd.com/film/taylor-tomlinson-prodigal-daughter/,2026-06-06T03:25:18+00:00
movie_27915f888ed5,John Mulaney: Baby J (2023),,https://letterboxd.com/film/john-mulaney-baby-j/,2026-06-06T03:25:18+00:00
movie_1b79a11dffa7,The New Years (2024),,https://letterboxd.com/film/the-new-years/,2026-06-06T03:25:37+00:00
movie_22f629142d4d,The Fly,,,2026-06-06T03:25:39+00:00
movie_6dd571922a37,Black Rabbit (2025),,https://letterboxd.com/film/black-rabbit-2025/,2026-06-06T03:25:54+00:00
movie_937eb5f3ed86,Task (2025),,https://letterboxd.com/film/task-2025/,2026-06-06T03:25:54+00:00
movie_7820a89d7b4e,Office Romance,,,2026-06-06T03:27:17+00:00
movie_3dc156e82672,Office Romance (2026),,https://letterboxd.com/film/office-romance-2026/,2026-06-06T03:27:18+00:00
movie_9a5cd5a79389,iHostage (2025),,https://letterboxd.com/film/ihostage/,2026-06-06T03:27:18+00:00
movie_005cfa2b5049,The Pet Detective (2025),,https://letterboxd.com/film/the-pet-detective/,2026-06-06T03:27:51+00:00
movie_7f0f65ca44bd,Blast (2026),,https://letterboxd.com/film/blast-2026/,2026-06-06T03:28:08+00:00
movie_9ed633700911,Sinister,,,2026-06-06T03:28:33+00:00
movie_856795582a3f,Bad Newz (2024),,https://letterboxd.com/film/bad-newz-2024/,2026-06-06T03:28:43+00:00
movie_2966bb5d9c30,The Railway Men - The Untold Story of Bhopal 1984 (2023),,https://letterboxd.com/film/the-railway-men-the-untold-story-of-bhopal-1984/,2026-06-06T03:28:43+00:00
movie_bb86edca660d,Kaguya-sama: Love Is War -The First Kiss That Never Ends- (2022),,https://letterboxd.com/film/kaguya-sama-love-is-war-the-first-kiss-that-never-ends/,2026-06-06T03:31:20+00:00
movie_e40ea117e1f5,Love Me Tender (2025),,https://letterboxd.com/film/love-me-tender-2025/,2026-06-06T03:32:55+00:00
movie_3da83594339f,In Your Radiant Season (2026),,https://letterboxd.com/film/in-your-radiant-season/,2026-06-06T03:33:29+00:00
movie_5dbb2162b893,Speed and Love (2025),,https://letterboxd.com/film/speed-and-love/,2026-06-06T03:33:29+00:00
movie_c36bb0f7e065,Meatball (2025),,https://letterboxd.com/film/meatball-2025-1/,2026-06-06T03:33:56+00:00
movie_6b334eb82c6c,Thalavan (2024),,https://letterboxd.com/film/thalavan/,2026-06-06T03:35:18+00:00
movie_fcec9716fcac,Honey Bunch (2025),,https://letterboxd.com/film/honey-bunch/,2026-06-06T03:36:01+00:00
movie_a8e04803eae1,Untold UK: Vinnie Jones (2026),,https://letterboxd.com/film/untold-uk-vinnie-jones/,2026-06-06T03:36:21+00:00
movie_325b22da275c,Hulk Hogan: Real American (2026),,https://letterboxd.com/film/hulk-hogan-real-american-2026/,2026-06-06T03:36:21+00:00
movie_a58d3d0f9ce6,Mark Normand: None Too Pleased (2026),,https://letterboxd.com/film/mark-normand-none-too-pleased/,2026-06-06T03:36:21+00:00
movie_c0f91d3a6880,Operation Taco Gary's (2026),,https://letterboxd.com/film/operation-taco-garys/,2026-06-06T03:36:21+00:00
movie_570dbfadd0f8,Mel Brooks: The 99 Year Old Man! (2026),,https://letterboxd.com/film/mel-brooks-the-99-year-old-man/,2026-06-06T03:36:21+00:00
movie_1337ece8f253,Breakdown: 1975 (2025),,https://letterboxd.com/film/breakdown-1975/,2026-06-06T03:36:21+00:00
movie_234bd6037be3,Downey Wrote That (2025),,https://letterboxd.com/film/downey-wrote-that/,2026-06-06T03:36:21+00:00
movie_2bb6aa4e329a,Icefall (2025),,https://letterboxd.com/film/icefall/,2026-06-06T03:36:21+00:00
movie_1e1a967140eb,Ozzy: No Escape from Now (2025),,https://letterboxd.com/film/ozzy-no-escape-from-now/,2026-06-06T03:36:21+00:00
movie_07dec3b1972c,Adam's Sake (2025),,https://letterboxd.com/film/adams-sake/,2026-06-06T03:37:19+00:00
movie_87db290d1383,And Their Children After Them (2024),,https://letterboxd.com/film/and-their-children-after-them/,2026-06-06T03:37:19+00:00
movie_9a7cebd1b897,Spaceballs,,,2026-06-06T03:38:31+00:00
movie_60eca451e8f1,Death to 2020 (2020),,https://letterboxd.com/film/death-to-2020/,2026-06-06T03:38:33+00:00
movie_0b36c8e3eaa7,Berlin and the Lady with an Ermine (2026),,https://letterboxd.com/film/berlin-and-the-lady-with-an-ermine/,2026-06-06T03:39:07+00:00
movie_c0ee34499b72,My Dearest Assassin (2026),,https://letterboxd.com/film/my-dearest-assassin/,2026-06-06T03:39:07+00:00
movie_fa4c8424a39a,Je m'appelle Agneta (2026),,https://letterboxd.com/film/je-mappelle-agneta/,2026-06-06T03:39:07+00:00
movie_fae1dfc2bc8b,Secret Level - Unreal Tournament: Xan (2024),,https://letterboxd.com/film/secret-level-unreal-tournament-xan/,2026-06-06T03:41:28+00:00
movie_9b56b02b2f42,Bromance (2025),,https://letterboxd.com/film/bromance-2025/,2026-06-06T03:44:23+00:00
movie_cb0cc6092199,I Am Kathalan (2024),,https://letterboxd.com/film/i-am-kathalan/,2026-06-06T03:44:23+00:00
movie_07f0e49a2f2f,Nerdy Prudes Must Die (2023),,https://letterboxd.com/film/nerdy-prudes-must-die/,2026-06-06T03:44:50+00:00
movie_f7c871d1da1f,Taylor Swift: The Eras Tour,,,2026-06-06T03:45:38+00:00
movie_92f204299fc6,The Guilty (2018),,https://letterboxd.com/film/the-guilty-2018/,2026-06-06T03:48:09+00:00
movie_143ac18b88f5,A Nightmare on Elm Street,,,2026-06-06T03:48:39+00:00
movie_7b376ab3e817,Sing Sing,,,2026-06-06T03:49:12+00:00
movie_7fb0a69e78db,Keep Sweet: Pray and Obey (2022),,https://letterboxd.com/film/keep-sweet-pray-and-obey-2022/,2026-06-06T03:49:14+00:00
movie_7b331e613b95,Muslum (2018),,https://letterboxd.com/film/muslum/,2026-06-06T03:49:29+00:00
movie_41484ba8af5a,Leader (2026),,https://letterboxd.com/film/leader-2026/,2026-06-06T03:50:07+00:00
movie_e194f0f62938,Neelira (2026),,https://letterboxd.com/film/neelira/,2026-06-06T03:50:07+00:00
movie_b6571160fa33,Mask (2025),,https://letterboxd.com/film/mask-2025-1/,2026-06-06T03:50:07+00:00
movie_38cd3f69a47e,The Girlfriend (2025),,https://letterboxd.com/film/the-girlfriend-2025-1/,2026-06-06T03:50:07+00:00
movie_7d4d53acfc81,Hidden Figures,,,2026-06-06T03:51:16+00:00
movie_38984ff2ffaf,The Dreamers,,,2026-06-06T03:52:00+00:00
movie_961c9ea032c0,Call Me Mother (2025),,https://letterboxd.com/film/call-me-mother/,2026-06-06T03:52:03+00:00
movie_50af16eca421,Horizon: An American Saga – Chapter 1 (2024),,https://letterboxd.com/film/horizon-an-american-saga-chapter-1/,2026-06-06T03:53:31+00:00
movie_1080bd83f460,Terrifier 3,,,2026-06-06T03:57:11+00:00
movie_565d66f03d6a,Romy and Michele's High School Reunion,,,2026-06-06T03:59:59+00:00
movie_84132bc7f42b,Ducobu Goes Green! (2024),,https://letterboxd.com/film/ducobu-goes-green/,2026-06-06T04:00:08+00:00
movie_28065e1aa6f7,Ducobu 4 President (2022),,https://letterboxd.com/film/ducobu-4-president/,2026-06-06T04:00:08+00:00
movie_7a7b1f24ceed,Gary,,,2026-06-06T04:01:40+00:00
movie_8f8922232d27,Sijjin 8 (2025),,https://letterboxd.com/film/sijjin-8/,2026-06-06T04:03:33+00:00
movie_c83a5e948ad2,Four Lions (2010),,https://letterboxd.com/film/four-lions/,2026-06-06T04:04:35+00:00
movie_eda03b9beeac,Three Colours: White (1994),,https://letterboxd.com/film/three-colours-white/,2026-06-06T04:08:03+00:00
movie_2e82eb2c59c7,The Smiling Friends Go to Brazil! (2022),,https://letterboxd.com/film/the-smiling-friends-go-to-brazil/,2026-06-06T04:08:39+00:00
movie_308067c84111,Wild Wild Punjab (2024),,https://letterboxd.com/film/wild-wild-punjab/,2026-06-06T04:09:22+00:00
movie_c831f27d0975,White Bird (2023),,https://letterboxd.com/film/white-bird-2023/,2026-06-06T04:10:08+00:00
movie_4407368daa18,A Sacrifice (2024),,https://letterboxd.com/film/a-sacrifice-2024/,2026-06-06T04:11:02+00:00
movie_42f1070daeba,Sugarcane (2024),,https://letterboxd.com/film/sugarcane/,2026-06-06T04:11:02+00:00
movie_a35586dd0b53,Indiana Jones and the Temple of Doom,,,2026-06-06T04:11:04+00:00
movie_ea69d6714aa6,The Ritual,,,2026-06-06T04:11:44+00:00
movie_4088f0e10d39,The King of Kings (2025),,https://letterboxd.com/film/the-king-of-kings-2025/,2026-06-06T04:12:55+00:00
movie_02a6c746add9,Fire (2020),,https://letterboxd.com/film/film:513043/,2026-06-06T04:14:11+00:00
movie_1dbfc4367e2d,Anything for Jackson (2020),,https://letterboxd.com/film/anything-for-jackson/,2026-06-06T04:15:21+00:00
movie_7d347c7d0cea,Mia and the White Lion (2018),,https://letterboxd.com/film/mia-and-the-white-lion/,2026-06-06T04:15:21+00:00
movie_8af37bcdf084,Jersey (2019),,https://letterboxd.com/film/jersey/,2026-06-06T04:15:37+00:00
movie_54219ab20c5b,The Family Stone (2005),,https://letterboxd.com/film/the-family-stone/,2026-06-06T04:16:05+00:00
movie_6df5f1cc1176,Searching,,,2026-06-06T04:16:53+00:00
movie_f12579333025,Society of the Snow: Who Were We on the Mountain? (2024),,https://letterboxd.com/film/society-of-the-snow-who-were-we-on-the-mountain/,2026-06-06T04:17:20+00:00
movie_f79a5a16a82c,Cloverfield,,,2026-06-06T04:17:27+00:00
movie_b827a8656c08,COLORFUL STAGE! The Movie: A Miku Who Can't Sing (2025),,https://letterboxd.com/film/colorful-stage-the-movie-a-miku-who-cant/,2026-06-06T04:17:59+00:00
movie_21c1b58bc84c,The Count of Monte Cristo,,,2026-06-06T04:18:37+00:00
movie_bf57778db4c8,The Last Black Man in San Francisco (2019),,https://letterboxd.com/film/the-last-black-man-in-san-francisco/,2026-06-06T04:19:32+00:00
movie_be3a454abc83,Parachute,,,2026-06-06T04:21:18+00:00
movie_af3deacaaca7,Forsaken,,,2026-06-06T04:21:49+00:00
movie_9ddbc59371e9,Caught Stealing,,,2026-06-06T04:24:31+00:00
movie_acc597a92b96,I'm Not a Robot (2023),,https://letterboxd.com/film/im-not-a-robot-2023/,2026-06-06T04:24:39+00:00
movie_7d61f7abfcee,Ghostlight (2024),,https://letterboxd.com/film/ghostlight-2024/,2026-06-06T04:25:04+00:00
movie_5cdd3707775b,They/Them (2022),,https://letterboxd.com/film/they-them-2022-1/,2026-06-06T04:25:25+00:00
movie_5fdd63cf75c0,The Craft: Legacy (2020),,https://letterboxd.com/film/the-craft-legacy/,2026-06-06T04:25:25+00:00
movie_5006f67a55e8,My Own Private Idaho,,,2026-06-06T04:26:54+00:00
movie_771cc7fd0e78,Eagles of the Republic (2025),,https://letterboxd.com/film/eagles-of-the-republic/,2026-06-06T04:27:55+00:00
movie_f4f0bdee34d9,Bitter Christmas,,,2026-06-06T04:27:56+00:00
movie_b717e19b79d2,The Blue Trail (2025),,https://letterboxd.com/film/the-blue-trail/,2026-06-06T04:28:37+00:00
movie_c247b936101e,Humans in the Loop (2024),,https://letterboxd.com/film/humans-in-the-loop/,2026-06-06T04:28:37+00:00
movie_dd52c2c74d4b,In Vogue: The 90s (2024),,https://letterboxd.com/film/in-vogue-the-90s/,2026-06-06T04:28:55+00:00
movie_5b04a68c50d9,Wildhood (2021),,https://letterboxd.com/film/wildhood/,2026-06-06T04:28:55+00:00
movie_6b81970669c1,The Red Line (2026),,https://letterboxd.com/film/the-red-line-2026/,2026-06-06T04:29:32+00:00
movie_3e856301e47f,Pet Sematary: Bloodlines (2023),,https://letterboxd.com/film/pet-sematary-bloodlines/,2026-06-06T04:29:32+00:00
movie_130c8f601e0c,The Family Stone,,,2026-06-06T04:32:07+00:00
movie_aa60f997f45b,Doctor Who: The Church on Ruby Road (2023),,https://letterboxd.com/film/doctor-who-the-church-on-ruby-road/,2026-06-06T04:32:34+00:00
movie_d604c2af3375,Like or Die (2023),,https://letterboxd.com/film/like-or-die/,2026-06-06T04:33:37+00:00
movie_c20c80266c20,TRON: Ares,,,2026-06-06T04:34:55+00:00
movie_9cdd7ec8c7fa,This Is Me…Now (2024),,https://letterboxd.com/film/this-is-menow/,2026-06-06T04:35:46+00:00
movie_937dac97a846,Wicked: One Wonderful Night (2025),,https://letterboxd.com/film/wicked-one-wonderful-night/,2026-06-06T04:36:51+00:00
movie_757d31f852af,The Evil Dead,,,2026-06-06T04:37:04+00:00
movie_f263bd513d5e,Juror #2,,,2026-06-06T04:37:22+00:00
movie_288bed50ee9e,Kevin Hart: Acting My Age (2025),,https://letterboxd.com/film/kevin-hart-acting-my-age-2025/,2026-06-06T04:37:37+00:00
movie_a695db402ae3,Dog on Trial (2024),,https://letterboxd.com/film/dog-on-trial/,2026-06-06T04:37:37+00:00
movie_8901afb0e9da,Charade,,,2026-06-06T04:37:40+00:00
movie_37621312a846,M3GAN,,,2026-06-06T04:38:01+00:00
movie_a4a8513ba5d5,Son of a Rich (2024),,https://letterboxd.com/film/son-of-a-rich-2024/,2026-06-06T04:38:25+00:00
movie_17c0dbf4f028,The Playroom (2024),,https://letterboxd.com/film/the-playroom-2024/,2026-06-06T04:38:25+00:00
movie_1b4b1e002c45,Find Me Falling (2024),,https://letterboxd.com/film/find-me-falling/,2026-06-06T04:38:42+00:00
movie_fe46dbc9a1bb,Spoiled Brats (2021),,https://letterboxd.com/film/spoiled-brats/,2026-06-06T04:38:42+00:00
movie_b5f86a4bd817,Incantation,,,2026-06-06T04:38:50+00:00
movie_6d9fb9529c3f,Warnings (2023),,https://letterboxd.com/film/warnings-2023/,2026-06-06T04:39:17+00:00
movie_cd10ed0b2d84,Unicorn Wars (2022),,https://letterboxd.com/film/unicorn-wars/,2026-06-06T04:39:33+00:00
movie_56203cd02014,The Poet (2025),,https://letterboxd.com/film/the-poet-2025/,2026-06-06T04:40:00+00:00
movie_42779b28fe8a,Major Grom: The Game (2024),,https://letterboxd.com/film/major-grom-the-game/,2026-06-06T04:40:00+00:00
movie_dbd14ad4de51,Major Grom: Plague Doctor (2021),,https://letterboxd.com/film/major-grom-plague-doctor/,2026-06-06T04:40:00+00:00
movie_5a1b3473893a,Cléo from 5 to 7,,,2026-06-06T04:40:31+00:00
movie_5968affef827,Reign of the Supermen (2019),,https://letterboxd.com/film/reign-of-the-supermen/,2026-06-06T04:41:35+00:00
movie_c317e1d3ed1c,One Hundred and One Dalmatians (1961),,https://letterboxd.com/film/one-hundred-and-one-dalmatians/,2026-06-06T04:42:46+00:00
movie_e344a8f3284c,Depeche Mode: M (2025),,https://letterboxd.com/film/depeche-mode-m/,2026-06-06T04:42:48+00:00
movie_fb1a3e6eb20d,Secret Level - Crossfire: Good Conflict (2024),,https://letterboxd.com/film/secret-level-crossfire-good-conflict/,2026-06-06T04:44:48+00:00
movie_8c6005783540,Secret Level - Armored Core: Asset Management (2024),,https://letterboxd.com/film/secret-level-armored-core-asset-management/,2026-06-06T04:44:48+00:00
movie_9b8abdc8cd55,"Secret Level - Warhammer 40,000: And They Shall Know No Fear (2024)",,https://letterboxd.com/film/secret-level-warhammer-40000-and-they-shall/,2026-06-06T04:44:48+00:00
movie_74e715b8e99c,Secret Level - PAC-MAN: Circle (2024),,https://letterboxd.com/film/secret-level-pac-man-circle/,2026-06-06T04:44:48+00:00
movie_f7835d84573b,Catch Me... If You Can,,,2026-06-06T04:47:28+00:00
movie_f6f06317093b,We Are Who We Are (2020),,https://letterboxd.com/film/we-are-who-we-are/,2026-06-06T04:48:12+00:00
movie_149f4ecba46c,The Umbrellas of Cherbourg (1964),,https://letterboxd.com/film/the-umbrellas-of-cherbourg/,2026-06-06T04:50:06+00:00
movie_f1a8b7c3710f,Daaku Maharaaj (2025),,https://letterboxd.com/film/daaku-maharaaj/,2026-06-06T04:52:56+00:00
movie_1080ea7fb5a7,The Love Witch,,,2026-06-06T04:56:28+00:00
movie_b6534cb78044,Muse (2025),,https://letterboxd.com/film/muse-2025-1/,2026-06-06T04:58:32+00:00
movie_5de4a1556578,The Rogue's Trial (2024),,https://letterboxd.com/film/the-rogues-trial/,2026-06-06T04:58:32+00:00
movie_39f7f021abcb,Maharaj (2024),,https://letterboxd.com/film/maharaj/,2026-06-06T04:59:54+00:00
movie_1a0f2fef7633,Heeramandi (2024),,https://letterboxd.com/film/heeramandi/,2026-06-06T04:59:54+00:00
movie_da0a0e644324,Prehistoric Planet (2022),,https://letterboxd.com/film/prehistoric-planet/,2026-06-06T05:03:38+00:00
movie_2bdf88d32667,The Little Hours (2017),,https://letterboxd.com/film/the-little-hours/,2026-06-06T05:04:42+00:00
movie_8c29070db335,"Synecdoche, New York",,,2026-06-06T05:05:43+00:00
movie_31e554efb692,Game Night,,,2026-06-06T05:05:53+00:00
movie_65f3116656f1,Impetigore (2019),,https://letterboxd.com/film/impetigore/,2026-06-06T05:06:13+00:00
movie_fa91432d4235,Maspalomas (2025),,https://letterboxd.com/film/maspalomas/,2026-06-06T05:08:29+00:00
movie_d6f50cb6b16c,Killer Heat (2024),,https://letterboxd.com/film/killer-heat/,2026-06-06T05:10:17+00:00
movie_3b31d2d2bb9f,Planet Earth III (2023),,https://letterboxd.com/film/planet-earth-iii/,2026-06-06T05:10:17+00:00
movie_c208d3f7a522,EO (2022),,https://letterboxd.com/film/eo/,2026-06-06T05:10:29+00:00
movie_79515e1cbf6b,Madras Matinee (2025),,https://letterboxd.com/film/madras-matinee/,2026-06-06T05:14:18+00:00
movie_5aa3cce4b445,"Woodstock 99: Peace, Love, and Rage (2021)",,https://letterboxd.com/film/woodstock-99-peace-love-and-rage/,2026-06-06T05:14:36+00:00
movie_d67d180f704a,A Thursday (2022),,https://letterboxd.com/film/a-thursday/,2026-06-06T05:16:13+00:00
movie_a6d7b0cb12ba,Infinity Pool,,,2026-06-06T05:16:40+00:00
movie_7b517219863f,I Want to Talk (2024),,https://letterboxd.com/film/i-want-to-talk/,2026-06-06T05:17:20+00:00
movie_6487dd72326b,Diary of a Wimpy Kid,,,2026-06-06T05:21:31+00:00
movie_75937538f2ae,Elway (2025),,https://letterboxd.com/film/elway/,2026-06-06T05:22:37+00:00
movie_34aceb2db5db,Hunting Season (2025),,https://letterboxd.com/film/hunting-season-2025/,2026-06-06T05:22:37+00:00
movie_3cfc793479a3,Osiris (2025),,https://letterboxd.com/film/osiris-2025/,2026-06-06T05:22:37+00:00
movie_123ab49b0a27,Ice Road: Vengeance (2025),,https://letterboxd.com/film/ice-road-vengeance/,2026-06-06T05:22:37+00:00
movie_17d8a6e10fcc,EPiC: Elvis Presley in Concert (2025),,https://letterboxd.com/film/epic-elvis-presley-in-concert/,2026-06-06T05:25:32+00:00
movie_d4daa56b7470,Cars 3,,,2026-06-06T05:25:41+00:00
movie_2c6f49de1840,The Crime Is Mine (2023),,https://letterboxd.com/film/the-crime-is-mine/,2026-06-06T05:30:16+00:00
movie_29cf5f1aede1,The Swedish Connection (2026),,https://letterboxd.com/film/the-swedish-connection/,2026-06-06T05:31:06+00:00
movie_814d736955da,Undine (2020),,https://letterboxd.com/film/undine-2020/,2026-06-06T05:31:20+00:00
movie_e67be4e85547,The Hobbit: The Battle of the Five Armies,,,2026-06-06T05:31:50+00:00
movie_738057aadeae,Detective Conan: Black Iron Submarine (2023),,https://letterboxd.com/film/detective-conan-black-iron-submarine/,2026-06-06T05:32:49+00:00
movie_64b16b8bb686,Wotakoi: Love Is Hard for Otaku (2018),,https://letterboxd.com/film/wotakoi-love-is-hard-for-otaku-2018/,2026-06-06T05:33:25+00:00
movie_2684014c3f81,The Redeem Team (2022),,https://letterboxd.com/film/the-redeem-team/,2026-06-06T05:37:21+00:00
movie_4a8a07d4d534,Uncle Drew (2018),,https://letterboxd.com/film/uncle-drew/,2026-06-06T05:37:21+00:00
movie_595bf152e19a,Guns & Gulaabs (2023),,https://letterboxd.com/film/guns-gulaabs/,2026-06-06T05:37:34+00:00
movie_59ea03dfa4b0,Sister Midnight (2024),,https://letterboxd.com/film/sister-midnight/,2026-06-06T05:38:46+00:00
movie_e2da88fb6132,The Richest Woman in the World (2025),,https://letterboxd.com/film/the-richest-woman-in-the-world/,2026-06-06T05:39:41+00:00
movie_6012236bdc3a,Midnight Cowboy,,,2026-06-06T05:40:15+00:00
movie_75cd723351a2,Untold: Johnny Football (2023),,https://letterboxd.com/film/untold-johnny-football/,2026-06-06T05:40:45+00:00
movie_c0b6289d18b7,Final Destination 5,,,2026-06-06T05:40:53+00:00
movie_bd36965d2eed,Oxygen (2021),,https://letterboxd.com/film/oxygen-2021/,2026-06-06T05:43:34+00:00
movie_8e5545216fbd,Sitting in Bars with Cake (2023),,https://letterboxd.com/film/sitting-in-bars-with-cake/,2026-06-06T05:43:47+00:00
movie_8350da370159,Fantastic Planet,,,2026-06-06T05:43:53+00:00
movie_b9cadd712f26,Before I Fall,,,2026-06-06T05:44:01+00:00
movie_3ee47ec3fb70,Watching the Detectives,,,2026-06-06T05:44:39+00:00
movie_ac447ecf73f8,Paranoia Agent (2004),,https://letterboxd.com/film/paranoia-agent/,2026-06-06T05:45:15+00:00
movie_6547629504d4,Doctor Who: Joy to the World (2024),,https://letterboxd.com/film/doctor-who-joy-to-the-world/,2026-06-06T05:47:42+00:00
movie_3e2ff034f85d,Doctor Who: The Legend of Ruby Sunday & Empire of Death (2024),,https://letterboxd.com/film/doctor-who-the-legend-of-ruby-sunday-empire-of-death/,2026-06-06T05:47:42+00:00
movie_3a3b7b845cbe,Bershama,,,2026-06-06T05:48:22+00:00
movie_f51eeb76979b,Jules (2023),,https://letterboxd.com/film/jules-2023/,2026-06-06T05:49:23+00:00
movie_4c77bedfa1c7,Bad Man (2025),,https://letterboxd.com/film/bad-man/,2026-06-06T05:51:10+00:00
movie_dda9999d4ae5,Summerland (2020),,https://letterboxd.com/film/summerland-2020/,2026-06-06T05:52:47+00:00
movie_b6b57a03f315,Survive (2024),,https://letterboxd.com/film/survive-2024/,2026-06-06T05:54:00+00:00
movie_3c4d8c06193a,Die My Love,,,2026-06-06T05:54:04+00:00
movie_041fe69614a8,Singin' in the Rain,,,2026-06-06T05:54:41+00:00
movie_c7e28ae37b3d,Smile,,,2026-06-06T05:56:06+00:00
movie_84430d59dd7a,Dark Harvest (2023),,https://letterboxd.com/film/dark-harvest-2023/,2026-06-06T05:58:03+00:00
movie_c5305cc6c484,The Adventures of Tintin,,,2026-06-06T06:01:30+00:00
movie_b3f32c13cc3c,The End We Start From (2023),,https://letterboxd.com/film/the-end-we-start-from/,2026-06-06T06:03:25+00:00
movie_037e77331f64,Untold: The Death & Life of Lamar Odom (2026),,https://letterboxd.com/film/untold-the-death-life-of-lamar-odom/,2026-06-06T06:06:49+00:00
movie_71f98362c4de,Stiller & Meara: Nothing Is Lost (2025),,https://letterboxd.com/film/stiller-meara-nothing-is-lost/,2026-06-06T06:06:49+00:00
movie_68511aed69be,Disneyland Handcrafted (2026),,https://letterboxd.com/film/disneyland-handcrafted/,2026-06-06T06:07:47+00:00
movie_ae3d1901e7ca,Je m'appelle Agneta,,,2026-06-06T06:08:15+00:00
movie_fd3323abc1d3,Coyotes (2025),,https://letterboxd.com/film/coyotes-2025/,2026-06-06T06:08:37+00:00
movie_e645e890fef1,The Phoenician Scheme,,,2026-06-06T06:08:59+00:00
movie_9a2f90ddfdba,Don't Leave the Kids Alone (2025),,https://letterboxd.com/film/dont-leave-the-kids-alone/,2026-06-06T06:09:40+00:00
movie_ab34253f052d,Two Blue Stripes (2019),,https://letterboxd.com/film/two-blue-stripes/,2026-06-06T06:10:46+00:00
movie_b8ce119c94e9,My Annoying Brother (2024),,https://letterboxd.com/film/my-annoying-brother-2024/,2026-06-06T06:12:58+00:00
movie_4440c2e1300b,Megadoc (2025),,https://letterboxd.com/film/megadoc/,2026-06-06T06:18:00+00:00
movie_e2c46fd22038,Rosemary's Baby,,,2026-06-06T06:23:08+00:00
movie_104e3809fac5,Same Old West (2024),,https://letterboxd.com/film/same-old-west/,2026-06-06T06:24:02+00:00
movie_3c5d6e9f10e6,Punch-Drunk Love,,,2026-06-06T06:25:26+00:00
movie_5d0f40448c25,Drawing Closer,,,2026-06-06T06:26:02+00:00
movie_7df48d3fd9a1,Father of the Bride,,,2026-06-06T06:26:23+00:00
movie_259a53d372c1,A Different Man,,,2026-06-06T06:29:34+00:00
movie_e6ba2cd8d243,Chuck Billy and The Marvelous Guava Tree (2024),,https://letterboxd.com/film/chuck-billy-and-the-marvelous-guava-tree/,2026-06-06T06:30:46+00:00
movie_f043bdde9b3e,What We Hide (2025),,https://letterboxd.com/film/what-we-hide/,2026-06-06T06:31:04+00:00
movie_af5e4f0bf2fa,The Curse of the Necklace (2024),,https://letterboxd.com/film/the-curse-of-the-necklace/,2026-06-06T06:31:04+00:00
movie_1950b53ffc9e,Meninas Não Choram (2024),,https://letterboxd.com/film/meninas-nao-choram/,2026-06-06T06:31:23+00:00
movie_0407905990f2,Point Break (1991),,https://letterboxd.com/film/point-break/,2026-06-06T06:34:03+00:00
movie_4e52d87ea6ee,Murder in Monaco (2025),,https://letterboxd.com/film/murder-in-monaco/,2026-06-06T06:36:28+00:00
movie_8eb5328f7e97,The Green Knight,,,2026-06-06T06:36:37+00:00
movie_8312a83b7911,In Whose Name? (2025),,https://letterboxd.com/film/in-whose-name/,2026-06-06T06:37:13+00:00
movie_3b33f0fc5cad,Kinds of Kindness,,,2026-06-06T06:39:21+00:00
movie_2163e8c1c665,Hancock (2008),,https://letterboxd.com/film/hancock/,2026-06-06T06:39:43+00:00
movie_9a6a523cf12e,Vertigo,,,2026-06-06T06:42:24+00:00
movie_b6a8289e3e15,A Magnificent Life (2025),,https://letterboxd.com/film/a-magnificent-life/,2026-06-06T06:42:59+00:00
movie_e4f47f89b88f,Over the Garden Wall 10th Anniversary Tribute (2024),,https://letterboxd.com/film/over-the-garden-wall-10th-anniversary-tribute/,2026-06-06T06:42:59+00:00
movie_63ec6ceb3ef2,A Million Miles Away (2023),,https://letterboxd.com/film/a-million-miles-away-2023/,2026-06-06T06:45:02+00:00
movie_8e7ea69ccffc,The Karate Kid,,,2026-06-06T06:45:20+00:00
movie_2f2a4f24e6c0,Doubt (2024),,https://letterboxd.com/film/doubt-2024/,2026-06-06T06:46:31+00:00
movie_336166552c83,Not Friends (2023),,https://letterboxd.com/film/not-friends/,2026-06-06T06:48:07+00:00
movie_b246841e52bc,Corey Feldman vs. the World (2025),,https://letterboxd.com/film/corey-feldman-vs-the-world/,2026-06-06T06:50:06+00:00
movie_47c72e96933a,John Q (2002),,https://letterboxd.com/film/john-q/,2026-06-06T06:50:49+00:00
movie_9d43db6bd531,Zero Day (2002),,https://letterboxd.com/film/zero-day/,2026-06-06T06:52:27+00:00
movie_98be4aeabb06,Noise (2024),,https://letterboxd.com/film/noise-2024/,2026-06-06T06:52:41+00:00
movie_6dbaf3716092,Persona,,,2026-06-06T06:53:54+00:00
movie_fe18540e25fb,The Salt Path (2024),,https://letterboxd.com/film/the-salt-path/,2026-06-06T06:55:12+00:00
movie_78fba070fad2,Goebbels and the Führer (2024),,https://letterboxd.com/film/goebbels-and-the-fuhrer/,2026-06-06T06:55:12+00:00
movie_216bae4ab813,Sharing the Secret (2000),,https://letterboxd.com/film/sharing-the-secret/,2026-06-06T06:56:07+00:00
movie_a6480a400b7c,5 Centimeters per Second,,,2026-06-06T06:57:09+00:00
movie_19fd59c1c11d,Funny Games,,,2026-06-06T07:00:51+00:00
movie_f21ee8fcd937,Elite Squad (2007),,https://letterboxd.com/film/elite-squad/,2026-06-06T07:02:06+00:00
movie_9f3735c0ac59,O.C.D. (Obsessor Coercio Deus) (2024),,https://letterboxd.com/film/ocd-obsessor-coercio-deus/,2026-06-06T07:04:27+00:00
movie_99e8e4411786,Honor Society (2022),,https://letterboxd.com/film/honor-society/,2026-06-06T07:09:32+00:00
movie_b364cd90c427,Meg 2: The Trench,,,2026-06-06T07:10:08+00:00
movie_3f3d904133fe,The Young Pope (2016),,https://letterboxd.com/film/the-young-pope/,2026-06-06T07:12:10+00:00
movie_08b86547da3e,Vengeance in the Dreary Night (2025),,https://letterboxd.com/film/vengeance-in-the-dreary-night/,2026-06-06T07:12:41+00:00
movie_2bb66636544a,Fuze,,,2026-06-06T07:12:57+00:00
movie_7e8e20326e32,Predator: Badlands,,,2026-06-06T07:18:26+00:00
movie_72eec1ace34c,D.I.S.C.O. (2026),,https://letterboxd.com/film/disco-2026/,2026-06-06T07:20:32+00:00
movie_f1729c2ece2f,Special Delivery (2022),,https://letterboxd.com/film/special-delivery-2022/,2026-06-06T07:21:50+00:00
movie_ea0a35c66c3c,Spy Kids: Armageddon (2023),,https://letterboxd.com/film/spy-kids-armageddon/,2026-06-06T07:24:47+00:00
movie_e2e4ae4e3f71,Manspread (2024),,https://letterboxd.com/film/manspread/,2026-06-06T07:27:09+00:00
movie_187d64789b24,Alien³,,,2026-06-06T07:29:59+00:00
movie_61d1a0448e6c,Charlie's Angels,,,2026-06-06T07:31:58+00:00
movie_d3a16af3efd6,The Starling Girl (2023),,https://letterboxd.com/film/the-starling-girl/,2026-06-06T07:32:58+00:00
movie_86d60671823b,Full Metal Jacket,,,2026-06-06T07:37:36+00:00
movie_87b19e9c95a5,Peddi (2026),,https://letterboxd.com/film/peddi/,2026-06-06T07:37:59+00:00
movie_b2de040cb4bd,Sons of Rizk 3: Knockout (2024),,https://letterboxd.com/film/sons-of-rizk-3-knockout/,2026-06-06T07:38:46+00:00
movie_ce0e9805654c,Kira & El Gen (2022),,https://letterboxd.com/film/kira-el-gen/,2026-06-06T07:38:46+00:00
movie_bf2268d1df2b,Hazbin Hotel (2019),,https://letterboxd.com/film/hazbin-hotel/,2026-06-06T07:42:11+00:00
movie_1c9e92519134,"It's Never Over, Jeff Buckley",,,2026-06-06T07:42:49+00:00
movie_8ba6e2d793f1,Treasure Planet,,,2026-06-06T07:46:21+00:00
movie_fb70113484ae,In the Blink of an Eye (2026),,https://letterboxd.com/film/in-the-blink-of-an-eye-2026/,2026-06-06T07:47:36+00:00
movie_71aaff61f404,Don't Listen (2020),,https://letterboxd.com/film/dont-listen/,2026-06-06T07:51:43+00:00
movie_f4658c6c1755,Horimiya: The Missing Pieces (2023),,https://letterboxd.com/film/horimiya-the-missing-pieces/,2026-06-06T07:51:57+00:00
movie_733105175f67,Param Sundari (2025),,https://letterboxd.com/film/param-sundari/,2026-06-06T07:52:10+00:00
movie_a97e44012260,Honey Don't!,,,2026-06-06T07:54:26+00:00
movie_aef357775295,My Mom Jayne (2025),,https://letterboxd.com/film/my-mom-jayne/,2026-06-06T07:55:57+00:00
movie_56449aa49d86,Blue Moon,,,2026-06-06T07:56:07+00:00
movie_b3a55b82a3c3,Hell Torture (2023),,https://letterboxd.com/film/hell-torture/,2026-06-06T07:58:04+00:00
movie_e3054c52ec74,Barbie & Chelsea: The Lost Birthday (2021),,https://letterboxd.com/film/barbie-chelsea-the-lost-birthday/,2026-06-06T07:59:54+00:00
movie_1694bf398424,Barbie: Princess Adventure (2020),,https://letterboxd.com/film/barbie-princess-adventure/,2026-06-06T07:59:54+00:00
movie_702c5134d664,Yaksha: Ruthless Operations (2022),,https://letterboxd.com/film/yaksha-ruthless-operations/,2026-06-06T08:02:13+00:00
movie_d28c5fdfcf09,The Red Envelope (2025),,https://letterboxd.com/film/the-red-envelope/,2026-06-06T08:02:26+00:00
movie_8a610c2f528d,The Insider (1999),,https://letterboxd.com/film/the-insider/,2026-06-06T08:05:20+00:00
movie_8815b23927bf,Poison,,,2026-06-06T08:05:34+00:00
movie_e4ff7f57832b,The Viewing (2022),,https://letterboxd.com/film/the-viewing/,2026-06-06T08:10:36+00:00
movie_debac3d83266,Life of Pi,,,2026-06-06T08:12:15+00:00
movie_6228198f7439,Gohan (2026),,https://letterboxd.com/film/gohan-2026/,2026-06-06T08:12:50+00:00
movie_ba387be73b5a,Éiru (2025),,https://letterboxd.com/film/eiru/,2026-06-06T08:13:17+00:00
movie_7f0b28623410,The Fault in Our Stars,,,2026-06-06T08:15:31+00:00
movie_24b63ad228e7,Under the Riccione Sun (2020),,https://letterboxd.com/film/under-the-riccione-sun/,2026-06-06T08:16:56+00:00
movie_a3115f30b800,I Am the End of the World (2025),,https://letterboxd.com/film/i-am-the-end-of-the-world/,2026-06-06T08:17:10+00:00
movie_c615a77e6f72,Ngayon Kaya (2022),,https://letterboxd.com/film/ngayon-kaya/,2026-06-06T08:18:10+00:00
movie_1f24c95dc69b,I Want You Back (2022),,https://letterboxd.com/film/i-want-you-back/,2026-06-06T08:20:26+00:00
movie_60fb5e97f5bf,South Park the Streaming Wars (2022),,https://letterboxd.com/film/south-park-the-streaming-wars/,2026-06-06T08:22:28+00:00
movie_557be6e59ab9,R.L. Stine's Pumpkinhead (2025),,https://letterboxd.com/film/rl-stines-pumpkinhead/,2026-06-06T08:27:37+00:00
movie_eab0ddde33a1,The Simpsons: O C'mon All Ye Faithful (2024),,https://letterboxd.com/film/the-simpsons-o-cmon-all-ye-faithful/,2026-06-06T08:27:37+00:00
movie_d7f32260f703,Endless Summer Syndrome (2023),,https://letterboxd.com/film/endless-summer-syndrome/,2026-06-06T08:27:57+00:00
movie_0900a62697b3,Carlito's Way,,,2026-06-06T08:29:57+00:00
movie_73e9330b6f74,The Man in My Basement (2025),,https://letterboxd.com/film/the-man-in-my-basement/,2026-06-06T08:31:34+00:00
movie_90e41ba75deb,The Unholy (2022),,https://letterboxd.com/film/the-unholy-2022/,2026-06-06T08:32:22+00:00
movie_2b881f454223,Dosen Ghaib: It's Nighttime or You Already Know (2024),,https://letterboxd.com/film/dosen-ghaib-its-nighttime-or-you-already/,2026-06-06T08:33:12+00:00
movie_1321957fcc02,Stalker,,,2026-06-06T08:34:24+00:00
movie_319aad308eec,Midas Man (2024),,https://letterboxd.com/film/midas-man/,2026-06-06T08:34:42+00:00
movie_d248e51629c4,My Tennis Maestro (2025),,https://letterboxd.com/film/my-tennis-maestro/,2026-06-06T08:42:19+00:00
movie_1fcfe0aa2234,The Holy Boy (2025),,https://letterboxd.com/film/the-holy-boy/,2026-06-06T08:42:19+00:00
movie_67843a9893e4,Tinsel Town (2025),,https://letterboxd.com/film/tinsel-town-2025/,2026-06-06T08:45:03+00:00
movie_2e29279878f5,Baby Assassins: Nice Days (2024),,https://letterboxd.com/film/baby-assassins-nice-days/,2026-06-06T08:45:03+00:00
movie_9547eff041c1,"Pamela, A Love Story (2023)",,https://letterboxd.com/film/pamela-a-love-story/,2026-06-06T08:48:28+00:00
movie_885ca8750b26,The Breadwinner,,,2026-06-06T08:50:55+00:00
movie_04d2d7d30643,Beast (2026),,https://letterboxd.com/film/beast-2026-1/,2026-06-06T08:50:58+00:00
movie_480741feff13,Steve,,,2026-06-06T08:51:14+00:00
movie_0af9459538d0,The Rose of Versailles (2025),,https://letterboxd.com/film/the-rose-of-versailles-2025/,2026-06-06T08:51:38+00:00
movie_cfbf9961190c,Stranger's Pawn (2025),,https://letterboxd.com/film/strangers-pawn/,2026-06-06T09:00:53+00:00
movie_19099c2f6589,Beatles '64 (2024),,https://letterboxd.com/film/beatles-64/,2026-06-06T09:02:07+00:00
movie_70b582233d26,Lowlifes (2024),,https://letterboxd.com/film/lowlifes/,2026-06-06T09:03:17+00:00
movie_ace1f78eee4c,¡Que viva México! (2023),,https://letterboxd.com/film/que-viva-mexico-2023/,2026-06-06T09:03:45+00:00
movie_37deed8b8913,The Patriot (2000),,https://letterboxd.com/film/the-patriot-2000/,2026-06-06T09:07:44+00:00
movie_57d4e3010bb3,Great White (2021),,https://letterboxd.com/film/great-white-2021/,2026-06-06T09:10:58+00:00
movie_7e4bde238efb,"The Mall, The Merrier (2019)",,https://letterboxd.com/film/the-mall-the-merrier/,2026-06-06T09:12:27+00:00
movie_e1d429355cfb,The Chalk Line (2022),,https://letterboxd.com/film/the-chalk-line/,2026-06-06T09:14:17+00:00
movie_df1dd40481af,Good One (2024),,https://letterboxd.com/film/good-one/,2026-06-06T09:15:08+00:00
movie_e073cec94af4,Mission: Cross (2024),,https://letterboxd.com/film/mission-cross/,2026-06-06T09:24:39+00:00
movie_2c928da18967,Sarah Squirm: Live + in the Flesh (2025),,https://letterboxd.com/film/sarah-squirm-live-in-the-flesh/,2026-06-06T09:25:18+00:00
movie_3978bddc9715,Takeout (2025),,https://letterboxd.com/film/takeout-2025/,2026-06-06T09:25:18+00:00
movie_58e1512e1f1e,The Devil's Advocate,,,2026-06-06T09:30:37+00:00
movie_fc01596ae034,The Legend of Hei 2 (2025),,https://letterboxd.com/film/the-legend-of-hei-2/,2026-06-06T09:40:01+00:00
movie_0a81ba7716e2,Who Would Believe It? (2024),,https://letterboxd.com/film/who-would-believe-it/,2026-06-06T09:48:13+00:00
movie_227d894c1f69,Spin Me Round (2022),,https://letterboxd.com/film/spin-me-round/,2026-06-06T09:55:55+00:00
movie_1bac5b96a11b,Percy Jackson & the Olympians: The Lightning Thief,,,2026-06-06T09:56:01+00:00
movie_2e11996d65a6,Dollhouse (2025),,https://letterboxd.com/film/dollhouse-2025-1/,2026-06-06T09:56:52+00:00
movie_93556741d359,Sword Art Online the Movie - Progressive - Aria of a Starless Night (2021),,https://letterboxd.com/film/sword-art-online-the-movie-progressive-aria/,2026-06-06T09:57:55+00:00
movie_a8f398373216,KONOSUBA – God's blessing on this wonderful world! Legend of Crimson (2019),,https://letterboxd.com/film/konosuba-gods-blessing-on-this-wonderful-world-legend-of-crimson/,2026-06-06T09:57:55+00:00
movie_7a89d005266a,Kylie,,,2026-06-06T10:00:59+00:00
movie_125af9986266,Unknown Number: The High School Catfish,,,2026-06-06T10:01:47+00:00
movie_4d2068cc9a57,Feels Like Home (2025),,https://letterboxd.com/film/feels-like-home-2025/,2026-06-06T10:11:37+00:00
movie_419732463bf0,The Ghost Game (2025),,https://letterboxd.com/film/the-ghost-game/,2026-06-06T10:15:02+00:00
movie_be96021fa566,Skincare (2024),,https://letterboxd.com/film/skincare-2024/,2026-06-06T10:18:32+00:00
movie_62c11d84e3e0,Frozen: The Hit Broadway Musical (2025),,https://letterboxd.com/film/frozen-the-hit-broadway-musical/,2026-06-06T10:19:45+00:00
movie_5abf38f9ebec,The Incredible Hulk,,,2026-06-06T10:23:59+00:00
movie_4ec9e7165814,Ennio (2021),,https://letterboxd.com/film/ennio/,2026-06-06T10:32:35+00:00
movie_da992d0b0a5e,Nathan for You: Finding Frances (2017),,https://letterboxd.com/film/nathan-for-you-finding-frances/,2026-06-06T10:33:00+00:00
movie_36a2699f7db4,Sunshine,,,2026-06-06T10:34:19+00:00
movie_a9e26302e91d,Shooting Stars (2023),,https://letterboxd.com/film/shooting-stars-2023/,2026-06-06T10:36:00+00:00
movie_b2117cd753b5,Chronicle,,,2026-06-06T10:37:12+00:00
movie_935d45526a6f,Superman: Red Son (2020),,https://letterboxd.com/film/superman-red-son-2020/,2026-06-06T10:37:33+00:00
movie_2496b07affa6,Yacht Rock: A DOCKumentary (2024),,https://letterboxd.com/film/yacht-rock-a-dockumentary/,2026-06-06T10:42:09+00:00
movie_afedf6b1d817,The Royal Hotel (2023),,https://letterboxd.com/film/the-royal-hotel/,2026-06-06T10:44:17+00:00
movie_a0b41ed73c3a,Tell It to the Bees (2018),,https://letterboxd.com/film/tell-it-to-the-bees/,2026-06-06T10:48:24+00:00
movie_fd1ca3e963b6,"Love, Simon",,,2026-06-06T10:50:30+00:00
movie_d04b15b74ae4,American Sweatshop (2025),,https://letterboxd.com/film/american-sweatshop/,2026-06-06T10:56:21+00:00
movie_3707602d292a,Donnie Brasco,,,2026-06-06T11:01:38+00:00
movie_eb881b14af03,28 Weeks Later,,,2026-06-06T11:12:38+00:00
movie_cb35aecee6bc,Signs,,,2026-06-06T11:14:24+00:00
movie_ac8775485508,The Extortion (2023),,https://letterboxd.com/film/the-extortion/,2026-06-06T11:17:48+00:00
movie_e1a8f84a6a88,Johnny (2022),,https://letterboxd.com/film/johnny-2022/,2026-06-06T11:19:05+00:00
movie_c552f8b92db3,Dungeons & Dragons: Honor Among Thieves,,,2026-06-06T11:28:02+00:00
movie_f40c867bdde9,Gran Torino,,,2026-06-06T11:30:22+00:00
movie_a4cffc870488,"Batman: The Long Halloween, Part One (2021)",,https://letterboxd.com/film/batman-the-long-halloween-part-one/,2026-06-06T11:33:15+00:00
movie_7a0e5b043d80,The Chair (2022),,https://letterboxd.com/film/the-chair-2022-1/,2026-06-06T11:36:52+00:00
movie_8c472a918e5b,Untold: Shooting Guards (2025),,https://letterboxd.com/film/untold-shooting-guards/,2026-06-06T11:44:03+00:00
movie_453c23b94aca,Horrible Bosses 2 (2014),,https://letterboxd.com/film/horrible-bosses-2/,2026-06-06T11:46:48+00:00
movie_eeb41792db4d,Bodies (2023),,https://letterboxd.com/film/bodies-2023/,2026-06-06T11:51:39+00:00
movie_d9e4176868da,Close Encounters of the Third Kind (1977),,https://letterboxd.com/film/close-encounters-of-the-third-kind/,2026-06-06T11:53:03+00:00
movie_a3b72e17c5ee,Gavin & Stacey: The Finale (2024),,https://letterboxd.com/film/gavin-stacey-the-finale/,2026-06-06T11:56:21+00:00
movie_df64f6b0b99e,Head to Head (2023),,https://letterboxd.com/film/head-to-head-2023-1/,2026-06-06T11:56:38+00:00
movie_a8b76f2a4732,Sattar (2022),,https://letterboxd.com/film/sattar/,2026-06-06T11:56:38+00:00
movie_9120ca389eae,Big Mouth (2022),,https://letterboxd.com/film/big-mouth-2022/,2026-06-06T12:03:44+00:00
movie_41c534df6f89,How to Survive a Marriage? (2024),,https://letterboxd.com/film/how-to-survive-a-marriage/,2026-06-06T12:07:04+00:00
movie_2845cf3d0302,The Jester 2 (2025),,https://letterboxd.com/film/the-jester-2/,2026-06-06T12:09:04+00:00
movie_8946cc9c7a18,Robin Hood,,,2026-06-06T12:10:47+00:00
movie_52e050c82af9,Saving Bikini Bottom: The Sandy Cheeks Movie (2024),,https://letterboxd.com/film/saving-bikini-bottom-the-sandy-cheeks-movie/,2026-06-06T12:16:12+00:00
movie_e28a5495f9ef,A Christmas Story Christmas (2022),,https://letterboxd.com/film/a-christmas-story-christmas/,2026-06-06T12:17:02+00:00
movie_d4afd38a69f1,Doctor Who: Wish World & The Reality War (2025),,https://letterboxd.com/film/doctor-who-wish-world-the-reality-war/,2026-06-06T12:24:35+00:00
movie_def1e3c66c1b,The Fire Inside (2024),,https://letterboxd.com/film/the-fire-inside/,2026-06-06T12:28:06+00:00
movie_6c136624a926,Lost in the Spotlight (2025),,https://letterboxd.com/film/lost-in-the-spotlight/,2026-06-06T12:31:46+00:00
movie_7c28e04ab0db,A Star Is Born,,,2026-06-06T12:33:41+00:00
movie_fcdd3740cd5a,Ronin (1998),,https://letterboxd.com/film/ronin/,2026-06-06T12:34:13+00:00
movie_c7081ff37ee8,SLY LIVES! (aka The Burden of Black Genius) (2025),,https://letterboxd.com/film/sly-lives-aka-the-burden-of-black-genius/,2026-06-06T12:35:41+00:00
movie_3cf4d89d51e7,Hidden Face (2024),,https://letterboxd.com/film/hidden-face/,2026-06-06T12:43:15+00:00
movie_43c33ce405f2,Inu-Oh (2021),,https://letterboxd.com/film/inu-oh/,2026-06-06T12:45:49+00:00
movie_83d30c87b35e,Sapta Sagaradaache Ello - Side B (2023),,https://letterboxd.com/film/sapta-sagaradaache-ello-side-b/,2026-06-06T12:51:49+00:00
movie_70182709a66c,Minari,,,2026-06-06T12:58:32+00:00
movie_8d3a4f47465b,The Three Investigators and the Dragon's Legacy (2023),,https://letterboxd.com/film/the-three-investigators-and-the-dragons-legacy/,2026-06-06T13:00:38+00:00
movie_2711ed3219c9,We Need to Talk About Kevin,,,2026-06-06T13:13:11+00:00
movie_3776067c65f4,All of You (2024),,https://letterboxd.com/film/all-of-you-2024/,2026-06-06T13:16:49+00:00
movie_d6e2212fadab,Burning Betrayal (2023),,https://letterboxd.com/film/burning-betrayal/,2026-06-06T13:16:49+00:00
movie_5b2e73c1767b,Now and Then - The Last Beatles Song (2023),,https://letterboxd.com/film/now-and-then-the-last-beatles-song/,2026-06-06T13:20:34+00:00
movie_67ce54ede4d3,Peddi,,,2026-06-06T13:26:21+00:00
movie_cbc0dab5b5a9,Keeper,,,2026-06-06T13:32:12+00:00
movie_6feec0fa95f2,Elshater (2025),,https://letterboxd.com/film/elshater/,2026-06-06T13:33:50+00:00
movie_ad362bb78074,Flight 404 (2024),,https://letterboxd.com/film/flight-404/,2026-06-06T13:33:50+00:00
movie_a650f0f15b2a,Ahmed & Ahmed (2025),,https://letterboxd.com/film/ahmed-ahmed/,2026-06-06T13:34:46+00:00
movie_3af7ef20c9a7,Trainwreck: Woodstock '99 (2022),,https://letterboxd.com/film/trainwreck-woodstock-99/,2026-06-06T13:53:26+00:00
movie_a33ad1385663,Millennium Actress,,,2026-06-06T14:33:27+00:00
movie_5afa4a449314,See You on Venus (2023),,https://letterboxd.com/film/see-you-on-venus/,2026-06-06T14:43:51+00:00
movie_9c053655fcb1,Raakaasa (2026),,https://letterboxd.com/film/raakaasa/,2026-06-06T14:52:08+00:00
movie_2021a0c5951e,Unfaithful (2002),,https://letterboxd.com/film/unfaithful/,2026-06-06T14:54:38+00:00
movie_112a3d37a188,Karnan (2021),,https://letterboxd.com/film/karnan-2021/,2026-06-06T15:03:30+00:00
movie_00733a7dd7e5,The Wailing (2024),,https://letterboxd.com/film/the-wailing-2024/,2026-06-06T15:06:46+00:00
movie_134d171c37fc,Discipline (2026),,https://letterboxd.com/film/discipline-2026/,2026-06-06T15:14:00+00:00
movie_a38eb33b1391,The Sleepover (2020),,https://letterboxd.com/film/the-sleepover-2020/,2026-06-06T15:38:10+00:00
movie_7b85b77b9489,Kaka Boss (2024),,https://letterboxd.com/film/kaka-boss/,2026-06-06T15:39:27+00:00
movie_4716bfba2098,Skyfall,,,2026-06-06T15:48:23+00:00
movie_386f9cc51f8d,1000 Women in Horror (2025),,https://letterboxd.com/film/1000-women-in-horror/,2026-06-06T15:51:37+00:00
movie_240eec50f918,Think Like a Man (2012),,https://letterboxd.com/film/think-like-a-man/,2026-06-06T15:56:21+00:00
movie_f15e7fd49d99,Ava (2020),,https://letterboxd.com/film/ava-2020/,2026-06-06T15:57:35+00:00
movie_f52825a97872,Bodies Bodies Bodies,,,2026-06-06T16:07:07+00:00
movie_37e6f4086388,The Twister: Caught in the Storm (2025),,https://letterboxd.com/film/the-twister-caught-in-the-storm/,2026-06-06T16:29:33+00:00
movie_11eab37340d7,Bo Burnham: The Inside Outtakes (2022),,https://letterboxd.com/film/bo-burnham-the-inside-outtakes/,2026-06-06T17:04:58+00:00
movie_d41cf8a87137,Indiana Jones and the Last Crusade,,,2026-06-06T17:05:18+00:00
movie_567ade9fa68e,The Curse of Bridge Hollow (2022),,https://letterboxd.com/film/the-curse-of-bridge-hollow/,2026-06-06T17:09:17+00:00
movie_eacd5cc4e486,Old Bandits,,,2026-06-06T17:11:38+00:00
movie_fa09cb2fbc98,Drugstore June (2024),,https://letterboxd.com/film/drugstore-june/,2026-06-06T17:20:44+00:00
movie_1cb50176d7e7,Abandoned Man (2025),,https://letterboxd.com/film/abandoned-man/,2026-06-06T17:22:55+00:00
movie_4a5207f57076,Like Minds (2006),,https://letterboxd.com/film/like-minds/,2026-06-06T18:11:04+00:00
movie_f8e928ffc533,Busboys (2026),,https://letterboxd.com/film/busboys/,2026-06-06T18:48:53+00:00
movie_86413875eebc,Strange Darling,,,2026-06-06T19:00:48+00:00
movie_c14b3bee6052,Feeha Eh Yaani (2025),,https://letterboxd.com/film/feeha-eh-yaani/,2026-06-06T19:38:08+00:00
movie_f54cec4ff6c6,Invictus (2009),,https://letterboxd.com/film/invictus/,2026-06-06T19:41:58+00:00
movie_81fc86ac8519,The Gentlemen (2025),,https://letterboxd.com/film/the-gentlemen-2025/,2026-06-06T19:46:49+00:00
movie_952d482c0bcb,Mission: Impossible,,,2026-06-06T19:46:57+00:00
movie_e766915c2633,The VelociPastor (2017),,https://letterboxd.com/film/the-velocipastor/,2026-06-06T19:55:46+00:00
movie_d00ca0b7ec48,Float (2023),,https://letterboxd.com/film/float-2023/,2026-06-06T20:31:45+00:00
movie_3f2df7337dcd,Giant (2025),,https://letterboxd.com/film/giant-2025/,2026-06-06T20:36:14+00:00
movie_23d3542d679e,The Perfect Neighbor,,,2026-06-06T20:42:07+00:00
movie_8cb7b3a6c979,The Other Boleyn Girl,,,2026-06-06T20:44:25+00:00
movie_38798fa47704,The Eighth Sense (2023),,https://letterboxd.com/film/the-eighth-sense/,2026-06-06T23:44:58+00:00
movie_0b5271cd0b0d,A Beautiful Mind,,,2026-06-07T00:21:56+00:00
movie_34310e1a5c89,Música (2024),,https://letterboxd.com/film/musica/,2026-06-07T01:53:45+00:00
