username,overlap_count,created_at
mcsaggypants,67,2026-06-05T10:31:28+00:00
samuelchappell,63,2026-06-05T10:31:28+00:00
mkhclvr127,62,2026-06-05T10:31:28+00:00
babah_tundeh,55,2026-06-05T10:31:28+00:00
eleachr,54,2026-06-05T10:31:28+00:00
iiga24,53,2026-06-05T10:31:28+00:00
highfire,53,2026-06-05T10:31:28+00:00
newjr,52,2026-06-05T10:31:28+00:00
guiperes,52,2026-06-05T10:31:28+00:00
5hunn0,51,2026-06-05T10:31:28+00:00
hrishabh03,51,2026-06-05T10:31:28+00:00
a222a,51,2026-06-05T10:31:28+00:00
flagelbagel,50,2026-06-05T10:31:28+00:00
andaaelena,50,2026-06-05T10:31:28+00:00
deng123x,50,2026-06-05T10:31:28+00:00
isnosalt,47,2026-06-05T10:31:28+00:00
cultured_pear,45,2026-06-05T10:31:28+00:00
shokoofeh96,45,2026-06-05T10:31:28+00:00
leedaegn,45,2026-06-05T10:31:28+00:00
emzyxc,44,2026-06-05T10:31:28+00:00
mainegabre,43,2026-06-05T10:31:28+00:00
roromainmain,42,2026-06-05T10:31:28+00:00
zanderrm01,42,2026-06-05T10:31:28+00:00
plavsa01,42,2026-06-05T10:31:28+00:00
emilym1993,42,2026-06-05T10:31:28+00:00
puzzelaere,42,2026-06-05T10:31:28+00:00
comeeeeeeeee,41,2026-06-05T10:31:28+00:00
ben1906,41,2026-06-05T10:31:28+00:00
hot_shabolda,41,2026-06-05T10:31:28+00:00
mabel_syrup96,41,2026-06-05T10:31:28+00:00
milkje,40,2026-06-05T10:31:28+00:00
mikailasada,40,2026-06-05T10:31:28+00:00
omaribtesam,39,2026-06-05T10:31:28+00:00
sausyy,39,2026-06-05T10:31:28+00:00
carrollreid,38,2026-06-05T10:31:28+00:00
canyarrak,37,2026-06-05T10:31:28+00:00
beakah,36,2026-06-05T10:31:28+00:00
petitegoyave,36,2026-06-05T10:31:28+00:00
e137_l,35,2026-06-05T10:31:28+00:00
sisypheharbour,35,2026-06-05T10:31:28+00:00
turzotojo,34,2026-06-05T10:31:28+00:00
efflam0,33,2026-06-05T10:31:28+00:00
ricardosampaio,33,2026-06-05T10:31:28+00:00
oslo_you,33,2026-06-05T10:31:28+00:00
bhavnapalli,33,2026-06-05T10:31:28+00:00
tizzertu,33,2026-06-05T10:31:28+00:00
m4n0n_08,33,2026-06-05T10:31:28+00:00
tuzzy123,33,2026-06-05T10:31:28+00:00
puesdiego,33,2026-06-05T10:31:28+00:00
massone13,32,2026-06-05T10:31:28+00:00
pavss11,32,2026-06-05T10:31:28+00:00
tnt31,32,2026-06-05T10:31:28+00:00
runarlikerfilm,31,2026-06-05T10:31:28+00:00
ethanchas3,31,2026-06-05T10:31:28+00:00
grynkorv,31,2026-06-05T10:31:28+00:00
dadoorknob,31,2026-06-05T10:31:28+00:00
ihoffman26,31,2026-06-05T10:31:28+00:00
subysarchive,30,2026-06-05T10:31:28+00:00
muradvell,30,2026-06-05T10:31:28+00:00
hster,30,2026-06-05T10:31:28+00:00
lisalisa2000g,30,2026-06-05T10:31:28+00:00
jacywilliamson,29,2026-06-05T10:31:28+00:00
hariom369,29,2026-06-05T10:31:28+00:00
1ai,29,2026-06-05T10:31:28+00:00
katarozsa,29,2026-06-05T10:31:28+00:00
mandalorian1234,29,2026-06-05T10:31:28+00:00
ivyw09,29,2026-06-05T10:31:28+00:00
cinephile799,28,2026-06-05T10:31:28+00:00
snortingmedia,28,2026-06-05T10:31:28+00:00
iah_25,28,2026-06-05T10:31:28+00:00
vaishnav1160,28,2026-06-05T10:31:28+00:00
schateau,28,2026-06-05T10:31:28+00:00
clarence0903,28,2026-06-05T10:31:28+00:00
lukas187,28,2026-06-05T10:31:28+00:00
ifleckles,28,2026-06-05T10:31:28+00:00
wusac,28,2026-06-05T10:31:28+00:00
landarapisore,27,2026-06-05T10:31:28+00:00
camille_chffr,27,2026-06-05T10:31:28+00:00
egldd12,27,2026-06-05T10:31:28+00:00
pernillec,27,2026-06-05T10:31:28+00:00
creawen,27,2026-06-05T10:31:28+00:00
moure1991,27,2026-06-05T10:31:28+00:00
chiara2006z,26,2026-06-05T10:31:28+00:00
chiefluke,26,2026-06-05T10:31:28+00:00
naser_issa,26,2026-06-05T10:31:28+00:00
popcorntourist,26,2026-06-05T10:31:28+00:00
palehpi,26,2026-06-05T10:31:28+00:00
vdhamija92,25,2026-06-05T10:31:28+00:00
santoshstalin,25,2026-06-05T10:31:28+00:00
yashnaik426,25,2026-06-05T10:31:28+00:00
nocturnedollx,25,2026-06-05T10:31:28+00:00
ayeimwalkinere,25,2026-06-05T10:31:28+00:00
farzan3,25,2026-06-05T10:31:28+00:00
tommyahumada,25,2026-06-05T10:31:28+00:00
minoltium,25,2026-06-05T10:31:28+00:00
zainalio,24,2026-06-05T10:31:28+00:00
gal12345,24,2026-06-05T10:31:28+00:00
andgilz,24,2026-06-05T10:31:28+00:00
coolacoolguy,24,2026-06-05T10:31:28+00:00
karatejuice,24,2026-06-05T10:31:28+00:00
ohioooooo123,24,2026-06-05T10:31:28+00:00
marcorenz,24,2026-06-05T10:31:28+00:00
lounotyourlou,24,2026-06-05T10:31:28+00:00
valadrius,24,2026-06-05T10:31:28+00:00
hoebbit,24,2026-06-05T10:31:28+00:00
lschilt,23,2026-06-05T10:31:28+00:00
kynuji,23,2026-06-05T10:31:28+00:00
mekmcmissile,23,2026-06-05T10:31:28+00:00
canadianblt,23,2026-06-05T10:31:28+00:00
patya13,23,2026-06-05T10:31:28+00:00
bgplmta,23,2026-06-05T10:31:28+00:00
va1ent1na,23,2026-06-05T10:31:28+00:00
n_mahmoudkkk,23,2026-06-05T10:31:28+00:00
sayif123,23,2026-06-05T10:31:28+00:00
julianmeyer,23,2026-06-05T10:31:28+00:00
belereon,23,2026-06-05T10:31:28+00:00
kasmaskas,22,2026-06-05T10:31:28+00:00
flower45g,22,2026-06-05T10:31:28+00:00
bernalandre,22,2026-06-05T10:31:28+00:00
miurolo,22,2026-06-05T10:31:28+00:00
wazzu777,22,2026-06-05T10:31:28+00:00
fcai89,22,2026-06-05T10:31:28+00:00
iukeholloway,22,2026-06-05T10:31:28+00:00
aydeniz34,22,2026-06-05T10:31:28+00:00
thodsmith,21,2026-06-05T10:31:28+00:00
darkestchapters,21,2026-06-05T10:31:28+00:00
leahxb,21,2026-06-05T10:31:28+00:00
krovstein,21,2026-06-05T10:31:28+00:00
sithwatchess,21,2026-06-05T10:31:28+00:00
palme10,21,2026-06-05T10:31:28+00:00
eleonoragaio,21,2026-06-05T10:31:28+00:00
misinwonderland,21,2026-06-05T10:31:28+00:00
niels_durden,21,2026-06-05T10:31:28+00:00
kiravalerija,21,2026-06-05T10:31:28+00:00
malo_1996,21,2026-06-05T10:31:28+00:00
_y13o,20,2026-06-05T10:31:28+00:00
icedcoffei,20,2026-06-05T10:31:28+00:00
sirburnsalot85,20,2026-06-05T10:31:28+00:00
butterpop99,20,2026-06-05T10:31:28+00:00
menhirerudit,20,2026-06-05T10:31:28+00:00
paapaamerado,20,2026-06-05T10:31:28+00:00
kikiccait,20,2026-06-05T10:31:28+00:00
antoniogonzz,20,2026-06-05T10:31:28+00:00
damnnn77,20,2026-06-05T10:31:28+00:00
hannibl,20,2026-06-05T10:31:28+00:00
lopyo,20,2026-06-05T10:31:28+00:00
bryan_withawhy,19,2026-06-05T10:31:28+00:00
adamkbt,19,2026-06-05T10:31:28+00:00
jhanna2006,19,2026-06-05T10:31:28+00:00
isma37,19,2026-06-05T10:31:28+00:00
jackysaurus,19,2026-06-05T10:31:28+00:00
delrasso,19,2026-06-05T10:31:28+00:00
neptune1s5,19,2026-06-05T10:31:28+00:00
schnuzbart,19,2026-06-05T10:31:28+00:00
osvaldosx5,19,2026-06-05T10:31:28+00:00
lachlanholston,19,2026-06-05T10:31:28+00:00
arigatolive,19,2026-06-05T10:31:28+00:00
gijadz,19,2026-06-05T10:31:28+00:00
mihaelsebastien,19,2026-06-05T10:31:28+00:00
vanessouu,19,2026-06-05T10:31:28+00:00
annaffe,19,2026-06-05T10:31:28+00:00
vickyvnnn,19,2026-06-05T10:31:28+00:00
bumahhh,19,2026-06-05T10:31:28+00:00
elena017,19,2026-06-05T10:31:28+00:00
jlugarcia,19,2026-06-05T10:31:28+00:00
7y1,18,2026-06-05T10:31:28+00:00
becreece,18,2026-06-05T10:31:28+00:00
lydda,18,2026-06-05T10:31:28+00:00
aarraayyii,18,2026-06-05T10:31:28+00:00
bgec_,18,2026-06-05T10:31:28+00:00
cebrailka,18,2026-06-05T10:31:28+00:00
notbebra,18,2026-06-05T10:31:28+00:00
diyayayay0710,18,2026-06-05T10:31:28+00:00
urtytceik,18,2026-06-05T10:31:28+00:00
czarna_,18,2026-06-05T10:31:28+00:00
jojo_grace,18,2026-06-05T10:31:28+00:00
alizspw97,18,2026-06-05T10:31:28+00:00
herwjne,18,2026-06-05T10:31:28+00:00
sessveri,18,2026-06-05T10:31:28+00:00
gerge0fthejungl,18,2026-06-05T10:31:28+00:00
maevemmn,18,2026-06-05T10:31:28+00:00
islacalexa,18,2026-06-05T10:31:28+00:00
gahcmereki,18,2026-06-05T10:31:28+00:00
maciekzombie17,18,2026-06-05T10:31:28+00:00
libaaaaan,17,2026-06-05T10:31:28+00:00
shivamk1,17,2026-06-05T10:31:28+00:00
xoxoluvvv,17,2026-06-05T10:31:28+00:00
_hussy,17,2026-06-05T10:31:28+00:00
mortuaryg1rl,17,2026-06-05T10:31:28+00:00
iurey0_,17,2026-06-05T10:31:28+00:00
portokas,17,2026-06-05T10:31:28+00:00
gbel_223_,17,2026-06-05T10:31:28+00:00
emooompaloompa,17,2026-06-05T10:31:28+00:00
galacticshark94,17,2026-06-05T10:31:28+00:00
byzzar7,17,2026-06-05T10:31:28+00:00
mjoln1r,17,2026-06-05T10:31:28+00:00
7rio,17,2026-06-05T10:31:28+00:00
rawlog,17,2026-06-05T10:31:28+00:00
7776,17,2026-06-05T10:31:28+00:00
luisreyeros,17,2026-06-05T10:31:28+00:00
myricaei,17,2026-06-05T10:31:28+00:00
krankjunkyard,17,2026-06-05T10:31:28+00:00
henryphan789,17,2026-06-05T10:31:28+00:00
watchedbygcmo,17,2026-06-05T10:31:28+00:00
waldonjohn,17,2026-06-05T10:31:28+00:00
ranatawfik777,16,2026-06-05T10:31:28+00:00
sonrico,16,2026-06-05T10:31:28+00:00
celene_mene,16,2026-06-05T10:31:28+00:00
junywuny,16,2026-06-05T10:31:28+00:00
rooosterrr,16,2026-06-05T10:31:28+00:00
luap_01t,16,2026-06-05T10:31:28+00:00
castleguards,16,2026-06-05T10:31:28+00:00
heidipeidi09,16,2026-06-05T10:31:28+00:00
settsu,16,2026-06-05T10:31:28+00:00
poojx_10,16,2026-06-05T10:31:28+00:00
rrwnzs,16,2026-06-05T10:31:28+00:00
hattieyoungg,16,2026-06-05T10:31:28+00:00
lazilyvibed,16,2026-06-05T10:31:28+00:00
avtrocity88,16,2026-06-05T10:31:28+00:00
paulaaxoxo,16,2026-06-05T10:31:28+00:00
brie_apollo,16,2026-06-05T10:31:28+00:00
emersonnnd14,16,2026-06-05T10:31:28+00:00
kazuma_hysteria,16,2026-06-05T10:31:28+00:00
leonhoppe,16,2026-06-05T10:31:28+00:00
jenn555,15,2026-06-05T10:31:28+00:00
marysoss,15,2026-06-05T10:31:28+00:00
elegan,15,2026-06-05T10:31:28+00:00
sandpenguin,15,2026-06-05T10:31:28+00:00
dzzekob,15,2026-06-05T10:31:28+00:00
grimandgrime,15,2026-06-05T10:31:28+00:00
berramos,15,2026-06-05T10:31:28+00:00
nemethisz,15,2026-06-05T10:31:28+00:00
ruplo13,15,2026-06-05T10:31:28+00:00
cabbitt,15,2026-06-05T10:31:28+00:00
juststop7,15,2026-06-05T10:31:28+00:00
fy4rc,15,2026-06-05T10:31:28+00:00
ketanbothra,15,2026-06-05T10:31:28+00:00
kkarambaa,15,2026-06-05T10:31:28+00:00
sirhisyam,15,2026-06-05T10:31:28+00:00
robbe123456,15,2026-06-05T10:31:28+00:00
ghost1995,15,2026-06-05T10:31:28+00:00
rickyfromzimbab,15,2026-06-05T10:31:28+00:00
bigsillygoose,15,2026-06-05T10:31:28+00:00
av5ker,15,2026-06-05T10:31:28+00:00
mikyterzi,15,2026-06-05T10:31:28+00:00
rziemba17,15,2026-06-05T10:31:28+00:00
serdar75,15,2026-06-05T10:31:28+00:00
fayeisgone,15,2026-06-05T10:31:28+00:00
andre0_9__,15,2026-06-05T10:31:28+00:00
alpiskii,15,2026-06-05T10:31:28+00:00
ramennuudls,15,2026-06-05T10:31:28+00:00
eugenialoves,15,2026-06-05T10:31:28+00:00
roeagan,15,2026-06-05T10:31:28+00:00
wprk,14,2026-06-05T10:31:28+00:00
0s77w,14,2026-06-05T10:31:28+00:00
willstone019,14,2026-06-05T10:31:28+00:00
izle008,14,2026-06-05T10:31:28+00:00
musli_,14,2026-06-05T10:31:28+00:00
alegutz,14,2026-06-05T10:31:28+00:00
overlordinc,14,2026-06-05T10:31:28+00:00
avaha,14,2026-06-05T10:31:28+00:00
laurafantasia,14,2026-06-05T10:31:28+00:00
amira49,14,2026-06-05T10:31:28+00:00
comboz_8,14,2026-06-05T10:31:28+00:00
morganntheps,14,2026-06-05T10:31:28+00:00
merypies,14,2026-06-05T10:31:28+00:00
evannjzz,14,2026-06-05T10:31:28+00:00
jmb153,14,2026-06-05T10:31:28+00:00
celiagabrr,14,2026-06-05T10:31:28+00:00
liampiee,14,2026-06-05T10:31:28+00:00
whocaresyoudo,14,2026-06-05T10:31:28+00:00
joywmar,14,2026-06-05T10:31:28+00:00
k3ll33,14,2026-06-05T10:31:28+00:00
alice7oo,14,2026-06-05T10:31:28+00:00
_ohhellnahh_,14,2026-06-05T10:31:28+00:00
peruanizada,14,2026-06-05T10:31:28+00:00
lik_kq,14,2026-06-05T10:31:28+00:00
catefari,14,2026-06-05T10:31:28+00:00
gabimolina,14,2026-06-05T10:31:28+00:00
oliviator2000,14,2026-06-05T10:31:28+00:00
webshootr,14,2026-06-05T10:31:28+00:00
frrreak,14,2026-06-05T10:31:28+00:00
bettyyzurzi,14,2026-06-05T10:31:28+00:00
soulelric,14,2026-06-05T10:31:28+00:00
abbyuckk,14,2026-06-05T10:31:28+00:00
nevidomyi,14,2026-06-05T10:31:28+00:00
adritorre,14,2026-06-05T10:31:28+00:00
femboylvr67,14,2026-06-05T10:31:28+00:00
pinwin0,13,2026-06-05T10:31:28+00:00
julyxzs,13,2026-06-05T10:31:28+00:00
nicolas_37,13,2026-06-05T10:31:28+00:00
anais_llps,13,2026-06-05T10:31:28+00:00
nud3lz,13,2026-06-05T10:31:28+00:00
lamamuang,13,2026-06-05T10:31:28+00:00
bryan_lnht,13,2026-06-05T10:31:28+00:00
mougwyn,13,2026-06-05T10:31:28+00:00
kalikitsune,13,2026-06-05T10:31:28+00:00
olivialiv21,13,2026-06-05T10:31:28+00:00
pigjimbles,13,2026-06-05T10:31:28+00:00
kandibangz,13,2026-06-05T10:31:28+00:00
olaamigos315,13,2026-06-05T10:31:28+00:00
jaidy007,13,2026-06-05T10:31:28+00:00
ldss21,13,2026-06-05T10:31:28+00:00
maltefelix,13,2026-06-05T10:31:28+00:00
godzillak10k,13,2026-06-05T10:31:28+00:00
gewel,13,2026-06-05T10:31:28+00:00
matejk,13,2026-06-05T10:31:28+00:00
joudy_rv,13,2026-06-05T10:31:28+00:00
wktor,13,2026-06-05T10:31:28+00:00
camiilena,13,2026-06-05T10:31:28+00:00
ojodalcon16,13,2026-06-05T10:31:28+00:00
huugaaliitoo,13,2026-06-05T10:31:28+00:00
harshiv1606,13,2026-06-05T10:31:28+00:00
moviedovio,13,2026-06-05T10:31:28+00:00
movi3slut,13,2026-06-05T10:31:28+00:00
josmfred,13,2026-06-05T10:31:28+00:00
kurpluhnk,13,2026-06-05T10:31:28+00:00
skysterr,13,2026-06-05T10:31:28+00:00
simply_daisy,13,2026-06-05T10:31:28+00:00
nole1,13,2026-06-05T10:31:28+00:00
susigarciaaa,13,2026-06-05T10:31:28+00:00
obonobbi,13,2026-06-05T10:31:28+00:00
ashleighbull,13,2026-06-05T10:31:28+00:00
nishal3,13,2026-06-05T10:31:28+00:00
lakhshi,13,2026-06-05T10:31:28+00:00
haysbow,13,2026-06-05T10:31:28+00:00
scarlifol,12,2026-06-05T10:31:28+00:00
frosty37,12,2026-06-05T10:31:28+00:00
mellem9,12,2026-06-05T10:31:28+00:00
mustafak11an,12,2026-06-05T10:31:28+00:00
emolywdt,12,2026-06-05T10:31:28+00:00
rubenskii,12,2026-06-05T10:31:28+00:00
jettdmc,12,2026-06-05T10:31:28+00:00
m14ps,12,2026-06-05T10:31:28+00:00
ks_bby,12,2026-06-05T10:31:28+00:00
ibralovescinema,12,2026-06-05T10:31:28+00:00
dipankar2007,12,2026-06-05T10:31:28+00:00
chitwan04,12,2026-06-05T10:31:28+00:00
savisavi,12,2026-06-05T10:31:28+00:00
cmrn05,12,2026-06-05T10:31:28+00:00
pepperonipzza,12,2026-06-05T10:31:28+00:00
naw_af,12,2026-06-05T10:31:28+00:00
bltuxontheflux,12,2026-06-05T10:31:28+00:00
bryanleman,12,2026-06-05T10:31:28+00:00
miques8,12,2026-06-05T10:31:28+00:00
grsshjjgdshhh,12,2026-06-05T10:31:28+00:00
atze_schroeder,12,2026-06-05T10:31:28+00:00
nadawahba__,12,2026-06-05T10:31:28+00:00
harlowrosee,12,2026-06-05T10:31:28+00:00
_jazzzy_,12,2026-06-05T10:31:28+00:00
p3nny_l4,12,2026-06-05T10:31:28+00:00
fragris8,12,2026-06-05T10:31:28+00:00
o_moi,12,2026-06-05T10:31:28+00:00
nub_ia,12,2026-06-05T10:31:28+00:00
jadessspace,12,2026-06-05T10:31:28+00:00
oblako_8,12,2026-06-05T10:31:28+00:00
uhhlexus,12,2026-06-05T10:31:28+00:00
elisachristoph,12,2026-06-05T10:31:28+00:00
hec152,12,2026-06-05T10:31:28+00:00
love_daniela,11,2026-06-05T10:31:28+00:00
loganfilmkijker,11,2026-06-05T10:31:28+00:00
barissahinnn,11,2026-06-05T10:31:28+00:00
_samil_,11,2026-06-05T10:31:28+00:00
ashwani_jojo,11,2026-06-05T10:31:28+00:00
brianac7,11,2026-06-05T10:31:28+00:00
totallyhollis,11,2026-06-05T10:31:28+00:00
jiwonis,11,2026-06-05T10:31:28+00:00
hagaw,11,2026-06-05T10:31:28+00:00
universaholic,11,2026-06-05T10:31:28+00:00
samarthya04,11,2026-06-05T10:31:28+00:00
willhelm123,11,2026-06-05T10:31:28+00:00
shivadhanya,11,2026-06-05T10:31:28+00:00
bautistagreco,11,2026-06-05T10:31:28+00:00
ko0ky,11,2026-06-05T10:31:28+00:00
michealtheshed,11,2026-06-05T10:31:28+00:00
puk602,11,2026-06-05T10:31:28+00:00
lefteris101,11,2026-06-05T10:31:28+00:00
stonerigney,11,2026-06-05T10:31:28+00:00
sunnerwalker,11,2026-06-05T10:31:28+00:00
obsession_fan,11,2026-06-05T10:31:28+00:00
sophsmiimis,11,2026-06-05T10:31:28+00:00
damedo11a,11,2026-06-05T10:31:28+00:00
synthpunkslvt,11,2026-06-05T10:31:28+00:00
chris_sharade,11,2026-06-05T10:31:28+00:00
swiftyemi,11,2026-06-05T10:31:28+00:00
3li94h,11,2026-06-05T10:31:28+00:00
pauu777,11,2026-06-05T10:31:28+00:00
v4lntyne,11,2026-06-05T10:31:28+00:00
anittt1,11,2026-06-05T10:31:28+00:00
snooopsicle,11,2026-06-05T10:31:28+00:00
moe_san,11,2026-06-05T10:31:28+00:00
wheat_5,11,2026-06-05T10:31:28+00:00
msbombastic,11,2026-06-05T10:31:28+00:00
iolxip,11,2026-06-05T10:31:28+00:00
samfromthewest,11,2026-06-05T10:31:28+00:00
miaqquan,11,2026-06-05T10:31:28+00:00
matintoaravena,11,2026-06-05T10:31:28+00:00
inchdent,11,2026-06-05T10:31:28+00:00
warmenudelsuppe,11,2026-06-05T10:31:28+00:00
jslaureano,11,2026-06-05T10:31:28+00:00
skytor121,10,2026-06-05T10:31:28+00:00
alsaedwy,10,2026-06-05T10:31:28+00:00
mjcassa,10,2026-06-05T10:31:28+00:00
yosiw71,10,2026-06-05T10:31:28+00:00
ggpragyaa,10,2026-06-05T10:31:28+00:00
paugbrt,10,2026-06-05T10:31:28+00:00
adrianpx,10,2026-06-05T10:31:28+00:00
vesper323,10,2026-06-05T10:31:28+00:00
snailsta,10,2026-06-05T10:31:28+00:00
ybgdavy,10,2026-06-05T10:31:28+00:00
sugarhillchick,10,2026-06-05T10:31:28+00:00
hamoviemaster,10,2026-06-05T10:31:28+00:00
alecchka,10,2026-06-05T10:31:28+00:00
arcthy,10,2026-06-05T10:31:28+00:00
mattywiddafatty,10,2026-06-05T10:31:28+00:00
sabreenjean,10,2026-06-05T10:31:28+00:00
watchdog_44,10,2026-06-05T10:31:28+00:00
abdulsalam9,10,2026-06-05T10:31:28+00:00
tildabuilder,10,2026-06-05T10:31:28+00:00
kindregardselle,10,2026-06-05T10:31:28+00:00
stefke_film23,10,2026-06-05T10:31:28+00:00
jacksackphd,10,2026-06-05T10:31:28+00:00
epsteinscully20,10,2026-06-05T10:31:28+00:00
gatoride,10,2026-06-05T10:31:28+00:00
ryguyondemand,10,2026-06-05T10:31:28+00:00
levinpablo,10,2026-06-05T10:31:28+00:00
victor_nv,10,2026-06-05T10:31:28+00:00
camille_lerouge,10,2026-06-05T10:31:28+00:00
justalittlejinx,10,2026-06-05T10:31:28+00:00
saynobmore,10,2026-06-05T10:31:28+00:00
julie_stvs,10,2026-06-05T10:31:28+00:00
mohs_en_scene,10,2026-06-05T10:31:28+00:00
mayatenzer,10,2026-06-05T10:31:28+00:00
jeanne3009,10,2026-06-05T10:31:28+00:00
joana707,10,2026-06-05T10:31:28+00:00
chayennomitai,10,2026-06-05T10:31:28+00:00
ellisman,10,2026-06-05T10:31:28+00:00
bambak322,10,2026-06-05T10:31:28+00:00
ellyinashelly,10,2026-06-05T10:31:28+00:00
thefanum,10,2026-06-05T10:31:28+00:00
lkshmn,10,2026-06-05T10:31:28+00:00
kaylaanne206,10,2026-06-05T10:31:28+00:00
anezu12,10,2026-06-05T10:31:28+00:00
stella_0,10,2026-06-05T10:31:28+00:00
jaedmojica,10,2026-06-05T10:31:28+00:00
anniebee23,10,2026-06-05T10:31:28+00:00
chayadc,10,2026-06-05T10:31:28+00:00
jacksonkingg,10,2026-06-05T10:31:28+00:00
arctic07,10,2026-06-05T10:31:28+00:00
mladenisgeek_,9,2026-06-05T10:31:28+00:00
trains456,9,2026-06-05T10:31:28+00:00
mahashwetha,9,2026-06-05T10:31:28+00:00
tartolzam,9,2026-06-05T10:31:28+00:00
iuliuscaesar,9,2026-06-05T10:31:28+00:00
aidenkim59,9,2026-06-05T10:31:28+00:00
nosideeffect,9,2026-06-05T10:31:28+00:00
emja14,9,2026-06-05T10:31:28+00:00
vistulae,9,2026-06-05T10:31:28+00:00
loic_fsg,9,2026-06-05T10:31:28+00:00
beckettgtolley,9,2026-06-05T10:31:28+00:00
andreazapata,9,2026-06-05T10:31:28+00:00
andrii_galynin,9,2026-06-05T10:31:28+00:00
conquest__,9,2026-06-05T10:31:28+00:00
tevans2555vpjb,9,2026-06-05T10:31:28+00:00
pnararas,9,2026-06-05T10:31:28+00:00
adamm1sz,9,2026-06-05T10:31:28+00:00
mariestellar,9,2026-06-05T10:31:28+00:00
novemberrain1,9,2026-06-05T10:31:28+00:00
smartieanouk,9,2026-06-05T10:31:28+00:00
kali_wimal,9,2026-06-05T10:31:28+00:00
connordiamandis,9,2026-06-05T10:31:28+00:00
sofi_4lyfe,9,2026-06-05T10:31:28+00:00
alikordv,9,2026-06-05T10:31:28+00:00
ryuukken,9,2026-06-05T10:31:28+00:00
ilyadmitrenko13,9,2026-06-05T10:31:28+00:00
em09mi,9,2026-06-05T10:31:28+00:00
dragzelionzy,9,2026-06-05T10:31:28+00:00
l4lou,9,2026-06-05T10:31:28+00:00
stajeutreptaj,9,2026-06-05T10:31:28+00:00
anna972,9,2026-06-05T10:31:28+00:00
agnes3670,9,2026-06-05T10:31:28+00:00
katalinacasu,9,2026-06-05T10:31:28+00:00
hopeshivani,9,2026-06-05T10:31:28+00:00
htulix,9,2026-06-05T10:31:28+00:00
k0r3ly55,9,2026-06-05T10:31:28+00:00
justrenn_,9,2026-06-05T10:31:28+00:00
lukafshn,9,2026-06-05T10:31:28+00:00
rafeli18,9,2026-06-05T10:31:28+00:00
americaa07,9,2026-06-05T10:31:28+00:00
hollandt94,9,2026-06-05T10:31:28+00:00
charliele2008,9,2026-06-05T10:31:28+00:00
jazthemadness,9,2026-06-05T10:31:28+00:00
sleeping_sadist,9,2026-06-05T10:31:28+00:00
karlf,9,2026-06-05T10:31:28+00:00
nikit0n1,9,2026-06-05T10:31:28+00:00
sashalilien,9,2026-06-05T10:31:28+00:00
mallygiinaa,9,2026-06-05T10:31:28+00:00
rias12,9,2026-06-05T10:31:28+00:00
dugganjer,9,2026-06-05T10:31:28+00:00
syhog,9,2026-06-05T10:31:28+00:00
hongkyungs,9,2026-06-05T10:31:28+00:00
waelm7nk,9,2026-06-05T10:31:28+00:00
varchas23,9,2026-06-05T10:31:28+00:00
fra_cavotts,9,2026-06-05T10:31:28+00:00
megu93,9,2026-06-05T10:31:28+00:00
abbbby9,9,2026-06-05T10:31:28+00:00
suunniess,8,2026-06-05T10:31:28+00:00
kass1ani,8,2026-06-05T10:31:28+00:00
killiangn,8,2026-06-05T10:31:28+00:00
marcorahlsex,8,2026-06-05T10:31:28+00:00
jobskhakischkz,8,2026-06-05T10:31:28+00:00
ruzelitis,8,2026-06-05T10:31:28+00:00
jithu_suresh,8,2026-06-05T10:31:28+00:00
gabvcl,8,2026-06-05T10:31:28+00:00
big_park,8,2026-06-05T10:31:28+00:00
karr_ll,8,2026-06-05T10:31:28+00:00
harrypunia,8,2026-06-05T10:31:28+00:00
marlene1312,8,2026-06-05T10:31:28+00:00
ctwm,8,2026-06-05T10:31:28+00:00
va4bhav,8,2026-06-05T10:31:28+00:00
mibombo1608,8,2026-06-05T10:31:28+00:00
jeffdg,8,2026-06-05T10:31:28+00:00
marla_effy,8,2026-06-05T10:31:28+00:00
sor_an,8,2026-06-05T10:31:28+00:00
rust12,8,2026-06-05T10:31:28+00:00
movie_01,8,2026-06-05T10:31:28+00:00
heatedfloors,8,2026-06-05T10:31:28+00:00
bubs1122,8,2026-06-05T10:31:28+00:00
jules_pgn23,8,2026-06-05T10:31:28+00:00
bigdata_,8,2026-06-05T10:31:28+00:00
zachzachm,8,2026-06-05T10:31:28+00:00
claudyot,8,2026-06-05T10:31:28+00:00
sofisfilms,8,2026-06-05T10:31:28+00:00
beyzanurtts,8,2026-06-05T10:31:28+00:00
barna25,8,2026-06-05T10:31:28+00:00
jonathanbeyer,8,2026-06-05T10:31:28+00:00
rhi77,8,2026-06-05T10:31:28+00:00
loggedoffseason,8,2026-06-05T10:31:28+00:00
_lo_ol_,8,2026-06-05T10:31:28+00:00
prettyrbbin,8,2026-06-05T10:31:28+00:00
qyhnnn,8,2026-06-05T10:31:28+00:00
doublewalker,8,2026-06-05T10:31:28+00:00
samniegos,8,2026-06-05T10:31:28+00:00
fatimaamazing,8,2026-06-05T10:31:28+00:00
calorfing,8,2026-06-05T10:31:28+00:00
ruben_nicolas,8,2026-06-05T10:31:28+00:00
kjhdkjhskj,8,2026-06-05T10:31:28+00:00
franksmnz,8,2026-06-05T10:31:28+00:00
tamjazad,8,2026-06-05T10:31:28+00:00
bubs17,8,2026-06-05T10:31:28+00:00
buttnugz13,8,2026-06-05T10:31:28+00:00
makenziemorris,8,2026-06-05T10:31:28+00:00
cookiesyn,8,2026-06-05T10:31:28+00:00
adri20100,8,2026-06-05T10:31:28+00:00
linsssa,8,2026-06-05T10:31:28+00:00
_n4k0,8,2026-06-05T10:31:28+00:00
chavezjenifer,8,2026-06-05T10:31:28+00:00
angelaetal,8,2026-06-05T10:31:28+00:00
gabrielr0s,8,2026-06-05T10:31:28+00:00
alicellegal,8,2026-06-05T10:31:28+00:00
sailormoon42069,8,2026-06-05T10:31:28+00:00
ivannnnag,8,2026-06-05T10:31:28+00:00
clivina,8,2026-06-05T10:31:28+00:00
alierjr,8,2026-06-05T10:31:28+00:00
vivi223,8,2026-06-05T10:31:28+00:00
eric0221,8,2026-06-05T10:31:28+00:00
emivazquez,8,2026-06-05T10:31:28+00:00
gintoki80,8,2026-06-05T10:31:28+00:00
hd2hv,8,2026-06-05T10:31:28+00:00
elizaaa18,8,2026-06-05T10:31:28+00:00
rsmith40,8,2026-06-05T10:31:28+00:00
owldad,8,2026-06-05T10:31:28+00:00
dei_sos,8,2026-06-05T10:31:28+00:00
elissue,8,2026-06-05T10:31:28+00:00
insses77,7,2026-06-05T10:31:28+00:00
trumpetlessons,7,2026-06-05T10:31:28+00:00
ilove2kissgirls,7,2026-06-05T10:31:28+00:00
idrinkmisosoup,7,2026-06-05T10:31:28+00:00
okeywes,7,2026-06-05T10:31:28+00:00
ahb06,7,2026-06-05T10:31:28+00:00
karosaman,7,2026-06-05T10:31:28+00:00
jeremyf1,7,2026-06-05T10:31:28+00:00
lncls67,7,2026-06-05T10:31:28+00:00
chasewest,7,2026-06-05T10:31:28+00:00
elonmuskular,7,2026-06-05T10:31:28+00:00
oshhhima,7,2026-06-05T10:31:28+00:00
agnes0125,7,2026-06-05T10:31:28+00:00
jameslaseau,7,2026-06-05T10:31:28+00:00
bugsfps,7,2026-06-05T10:31:28+00:00
manon20061,7,2026-06-05T10:31:28+00:00
avocad0hoon,7,2026-06-05T10:31:28+00:00
bigstew44,7,2026-06-05T10:31:28+00:00
unseencraving,7,2026-06-05T10:31:28+00:00
saipl,7,2026-06-05T10:31:28+00:00
yarmalenko,7,2026-06-05T10:31:28+00:00
c4sual0ve,7,2026-06-05T10:31:28+00:00
ahanaf11,7,2026-06-05T10:31:28+00:00
amin2009,7,2026-06-05T10:31:28+00:00
alvareza,7,2026-06-05T10:31:28+00:00
bronnygoat,7,2026-06-05T10:31:28+00:00
kryshtal01,7,2026-06-05T10:31:28+00:00
plusban,7,2026-06-05T10:31:28+00:00
narmiiino,7,2026-06-05T10:31:28+00:00
georgepotter,7,2026-06-05T10:31:28+00:00
pakibeer,7,2026-06-05T10:31:28+00:00
pargavi_ashok,7,2026-06-05T10:31:28+00:00
kaizoukuwarudo,7,2026-06-05T10:31:28+00:00
kittyadv,7,2026-06-05T10:31:28+00:00
dzanie,7,2026-06-05T10:31:28+00:00
osrs_enjoyer,7,2026-06-05T10:31:28+00:00
laralange,7,2026-06-05T10:31:28+00:00
ibrahimulucan,7,2026-06-05T10:31:28+00:00
cosmographics,7,2026-06-05T10:31:28+00:00
roony_35,7,2026-06-05T10:31:28+00:00
akselipakseli,7,2026-06-05T10:31:28+00:00
thisisisya0,7,2026-06-05T10:31:28+00:00
arnoarnoa,7,2026-06-05T10:31:28+00:00
akum4ruu,7,2026-06-05T10:31:28+00:00
oivermelendrez,7,2026-06-05T10:31:28+00:00
sosogalante,7,2026-06-05T10:31:28+00:00
carlocoraggio,7,2026-06-05T10:31:28+00:00
carababucha,7,2026-06-05T10:31:28+00:00
manjeet_beniwal,7,2026-06-05T10:31:28+00:00
lenkyyy,7,2026-06-05T10:31:28+00:00
truehistory,7,2026-06-05T10:31:28+00:00
eloivalls22,7,2026-06-05T10:31:28+00:00
azeem087,7,2026-06-05T10:31:28+00:00
thekaa,7,2026-06-05T10:31:28+00:00
auroraa_may,7,2026-06-05T10:31:28+00:00
sophi_espi,7,2026-06-05T10:31:28+00:00
yazvydominic,7,2026-06-05T10:31:28+00:00
the_blackreaper,7,2026-06-05T10:31:28+00:00
wizuxttlll,7,2026-06-05T10:31:28+00:00
ora_1,7,2026-06-05T10:31:28+00:00
anything2005,7,2026-06-05T10:31:28+00:00
gamestar0,7,2026-06-05T10:31:28+00:00
djfrenchy1980,7,2026-06-05T10:31:28+00:00
boulouboutch,7,2026-06-05T10:31:28+00:00
anukeparanthe,7,2026-06-05T10:31:28+00:00
basil1s,7,2026-06-05T10:31:28+00:00
medetalihan,7,2026-06-05T10:31:28+00:00
duxjwr,7,2026-06-05T10:31:28+00:00
peatrichor,7,2026-06-05T10:31:28+00:00
leeshaneer,7,2026-06-05T10:31:28+00:00
toastej,6,2026-06-05T10:31:28+00:00
ivselle,6,2026-06-05T10:31:28+00:00
malemonstrum,6,2026-06-05T10:31:28+00:00
jpsaltman,6,2026-06-05T10:31:28+00:00
abishuaa,6,2026-06-05T10:31:28+00:00
sona90,6,2026-06-05T10:31:28+00:00
bismina,6,2026-06-05T10:31:28+00:00
blackmirrorfan2,6,2026-06-05T10:31:28+00:00
aliaasoudy,6,2026-06-05T10:31:28+00:00
coriane,6,2026-06-05T10:31:28+00:00
lale1991,6,2026-06-05T10:31:28+00:00
basiagoat,6,2026-06-05T10:31:28+00:00
aahaddagoat,6,2026-06-05T10:31:28+00:00
lubiecmy,6,2026-06-05T10:31:28+00:00
miguelmcn,6,2026-06-05T10:31:28+00:00
chy2k26,6,2026-06-05T10:31:28+00:00
diiiinaa,6,2026-06-05T10:31:28+00:00
bigboi259,6,2026-06-05T10:31:28+00:00
diesonnescheint,6,2026-06-05T10:31:28+00:00
arsonnaire,6,2026-06-05T10:31:28+00:00
kaykaybadoobee,6,2026-06-05T10:31:28+00:00
evelin_11,6,2026-06-05T10:31:28+00:00
_aethryx6,6,2026-06-05T10:31:28+00:00
xyzainah,6,2026-06-05T10:31:28+00:00
antonwilhelm,6,2026-06-05T10:31:28+00:00
leomontellini,6,2026-06-05T10:31:28+00:00
modernbacch,6,2026-06-05T10:31:28+00:00
juliensgdo,6,2026-06-05T10:31:28+00:00
gonzalesex,6,2026-06-05T10:31:28+00:00
elvisdozed,6,2026-06-05T10:31:28+00:00
alyagrimes,6,2026-06-05T10:31:28+00:00
charlieoftroy,6,2026-06-05T10:31:28+00:00
mainlyoulia,6,2026-06-05T10:31:28+00:00
kornel_nocon,6,2026-06-05T10:31:28+00:00
mohanedelsaead,6,2026-06-05T10:31:28+00:00
anne_with_an_e7,6,2026-06-05T10:31:28+00:00
avakop,6,2026-06-05T10:31:28+00:00
sameer_joshi,6,2026-06-05T10:31:28+00:00
dyltaylor67,6,2026-06-05T10:31:28+00:00
isswo,6,2026-06-05T10:31:28+00:00
yorkshire_tea,6,2026-06-05T10:31:28+00:00
indiralmao,6,2026-06-05T10:31:28+00:00
rikaace12,6,2026-06-05T10:31:28+00:00
whoistorr,6,2026-06-05T10:31:28+00:00
soupapa1,6,2026-06-05T10:31:28+00:00
joonbug22,6,2026-06-05T10:31:28+00:00
hazelopossum,6,2026-06-05T10:31:28+00:00
nan4moreno,6,2026-06-05T10:31:28+00:00
marissaau,6,2026-06-05T10:31:28+00:00
ksofybunny49,6,2026-06-05T10:31:28+00:00
hartydabom,6,2026-06-05T10:31:28+00:00
vibby_,6,2026-06-05T10:31:28+00:00
gianfederico_,6,2026-06-05T10:31:28+00:00
sophiafiducia,6,2026-06-05T10:31:28+00:00
domidj,6,2026-06-05T10:31:28+00:00
flarbinn,6,2026-06-05T10:31:28+00:00
lani_kujawski,6,2026-06-05T10:31:28+00:00
justjavohir,6,2026-06-05T10:31:28+00:00
salo77777777,6,2026-06-05T10:31:28+00:00
sophiadieerste,6,2026-06-05T10:31:28+00:00
zaynahss,6,2026-06-05T10:31:28+00:00
thibgere,6,2026-06-05T10:31:28+00:00
speedsports,6,2026-06-05T10:31:28+00:00
jay_scott97,6,2026-06-05T10:31:28+00:00
mohammedjamil15,6,2026-06-05T10:31:28+00:00
vscorba,6,2026-06-05T10:31:28+00:00
swungg,6,2026-06-05T10:31:28+00:00
7kiiimm,6,2026-06-05T10:31:28+00:00
ketinarin,6,2026-06-05T10:31:28+00:00
clairezhu0,6,2026-06-05T10:31:28+00:00
clarita_gd,6,2026-06-05T10:31:28+00:00
marinade_3000,6,2026-06-05T10:31:28+00:00
ellielikesfilm,6,2026-06-05T10:31:28+00:00
brandt702,6,2026-06-05T10:31:28+00:00
mahdisaria,6,2026-06-05T10:31:28+00:00
fazmuhammed,6,2026-06-05T10:31:28+00:00
z4ja0,6,2026-06-05T10:31:28+00:00
dawsonludwig,6,2026-06-05T10:31:28+00:00
abdullahx140,6,2026-06-05T10:31:28+00:00
mdeshpande,6,2026-06-05T10:31:28+00:00
yousef7071,6,2026-06-05T10:31:28+00:00
roadtripmovies,6,2026-06-05T10:31:28+00:00
whimsyjen,6,2026-06-05T10:31:28+00:00
allydih,6,2026-06-05T10:31:28+00:00
lykkethegoat,6,2026-06-05T10:31:28+00:00
michael_meiring,6,2026-06-05T10:31:28+00:00
graciedunlop,6,2026-06-05T10:31:28+00:00
ericstanciu03,6,2026-06-05T10:31:28+00:00
yassen_10,6,2026-06-05T10:31:28+00:00
gregalleman,6,2026-06-05T10:31:28+00:00
aeonecstatica,6,2026-06-05T10:31:28+00:00
mmaryeespo,6,2026-06-05T10:31:28+00:00
rieliel,6,2026-06-05T10:31:28+00:00
penepollaman,6,2026-06-05T10:31:28+00:00
lycx_griseus,6,2026-06-05T10:31:28+00:00
gebremariam,6,2026-06-05T10:31:28+00:00
kevvmoji,6,2026-06-05T10:31:28+00:00
sebass_01,6,2026-06-05T10:31:28+00:00
hex23,6,2026-06-05T10:31:28+00:00
ilovecatsndogs,6,2026-06-05T10:31:28+00:00
bgut22,6,2026-06-05T10:31:28+00:00
iyashfi,6,2026-06-05T10:31:28+00:00
julianviacava,6,2026-06-05T10:31:28+00:00
findog76,6,2026-06-05T10:31:28+00:00
beereater77,6,2026-06-05T10:31:28+00:00
mothasparkle,6,2026-06-05T10:31:28+00:00
kianbik,6,2026-06-05T10:31:28+00:00
zoliqx,6,2026-06-05T10:31:28+00:00
noiirstar,6,2026-06-05T10:31:28+00:00
wakeupgoergiaa,6,2026-06-05T10:31:28+00:00
taaraaw,6,2026-06-05T10:31:28+00:00
elmo11311,6,2026-06-05T10:31:28+00:00
aeruulu,6,2026-06-05T10:31:28+00:00
bombinus,6,2026-06-05T10:31:28+00:00
khush_shush,6,2026-06-05T10:31:28+00:00
emimorza,6,2026-06-05T10:31:28+00:00
lbanc21,6,2026-06-05T10:31:28+00:00
mignanos,6,2026-06-05T10:31:28+00:00
aviispew,5,2026-06-05T10:31:28+00:00
yowipot014,5,2026-06-05T10:31:28+00:00
clownishtwat,5,2026-06-05T10:31:28+00:00
othersideofwa,5,2026-06-05T10:31:28+00:00
0722,5,2026-06-05T10:31:28+00:00
stepanpro,5,2026-06-05T10:31:28+00:00
p1xiedvst,5,2026-06-05T10:31:28+00:00
lichylu,5,2026-06-05T10:31:28+00:00
juaneriko,5,2026-06-05T10:31:28+00:00
middlnamejames,5,2026-06-05T10:31:28+00:00
ponypunch,5,2026-06-05T10:31:28+00:00
mysunisblue,5,2026-06-05T10:31:28+00:00
smokinurbacon,5,2026-06-05T10:31:28+00:00
uyennhi049,5,2026-06-05T10:31:28+00:00
certified_npc,5,2026-06-05T10:31:28+00:00
whenraincomes,5,2026-06-05T10:31:28+00:00
charliekimwor,5,2026-06-05T10:31:28+00:00
brotloz,5,2026-06-05T10:31:28+00:00
gassyvasance,5,2026-06-05T10:31:28+00:00
thiam1ne,5,2026-06-05T10:31:28+00:00
asonson,5,2026-06-05T10:31:28+00:00
malteg2,5,2026-06-05T10:31:28+00:00
apricotblossome,5,2026-06-05T10:31:28+00:00
filozof36,5,2026-06-05T10:31:28+00:00
thecutestmeme,5,2026-06-05T10:31:28+00:00
jackdawson0,5,2026-06-05T10:31:28+00:00
pibbleexploded,5,2026-06-05T10:31:28+00:00
asser1234,5,2026-06-05T10:31:28+00:00
pajamamma,5,2026-06-05T10:31:28+00:00
agathesgn16,5,2026-06-05T10:31:28+00:00
shaggy_553,5,2026-06-05T10:31:28+00:00
lauradella,5,2026-06-05T10:31:28+00:00
jamezroberto,5,2026-06-05T10:31:28+00:00
cadekimbell1,5,2026-06-05T10:31:28+00:00
zak_yd,5,2026-06-05T10:31:28+00:00
allwinsolomon,5,2026-06-05T10:31:28+00:00
peter_griffin,5,2026-06-05T10:31:28+00:00
vleur9,5,2026-06-05T10:31:28+00:00
joaquin1896,5,2026-06-05T10:31:28+00:00
djjoeinc,5,2026-06-05T10:31:28+00:00
frankinmovies,5,2026-06-05T10:31:28+00:00
stephanos_pats,5,2026-06-05T10:31:28+00:00
vamps,5,2026-06-05T10:31:28+00:00
markl08,5,2026-06-05T10:31:28+00:00
00tommo,5,2026-06-05T10:31:28+00:00
djgalanga,5,2026-06-05T10:31:28+00:00
eldian_,5,2026-06-05T10:31:28+00:00
abdullah1119,5,2026-06-05T10:31:28+00:00
poopfartman,5,2026-06-05T10:31:28+00:00
konime,5,2026-06-05T10:31:28+00:00
rotebailer,5,2026-06-05T10:31:28+00:00
cinematicl,5,2026-06-05T10:31:28+00:00
annie_waffle,5,2026-06-05T10:31:28+00:00
yaivf,5,2026-06-05T10:31:28+00:00
hahyunny,5,2026-06-05T10:31:28+00:00
filipkost,5,2026-06-05T10:31:28+00:00
amanda_yea,5,2026-06-05T10:31:28+00:00
emilyp088,5,2026-06-05T10:31:28+00:00
cynthia6798,5,2026-06-05T10:31:28+00:00
banebrekker,5,2026-06-05T10:31:28+00:00
nmtrznadel,5,2026-06-05T10:31:28+00:00
lisonbs,5,2026-06-05T10:31:28+00:00
lydia_rachel,5,2026-06-05T10:31:28+00:00
lem0nade_1,5,2026-06-05T10:31:28+00:00
imhz,5,2026-06-05T10:31:28+00:00
jmfs21097,5,2026-06-05T10:31:28+00:00
jayraaaa,5,2026-06-05T10:31:28+00:00
golliwad,5,2026-06-05T10:31:28+00:00
delmaev,5,2026-06-05T10:31:28+00:00
prongsel,5,2026-06-05T10:31:28+00:00
lwcontrast,5,2026-06-05T10:31:28+00:00
jsauce_,5,2026-06-05T10:31:28+00:00
sophiehqt,5,2026-06-05T10:31:28+00:00
aliciaaaaaa09,5,2026-06-05T10:31:28+00:00
fran_3ow,5,2026-06-05T10:31:28+00:00
speedyakaleah,5,2026-06-05T10:31:28+00:00
marcelladss,5,2026-06-05T10:31:28+00:00
blueberay,5,2026-06-05T10:31:28+00:00
cosmavoiddddd,5,2026-06-05T10:31:28+00:00
karvak,5,2026-06-05T10:31:28+00:00
shriyansh_,5,2026-06-05T10:31:28+00:00
inkrtsy,5,2026-06-05T10:31:28+00:00
sulek6,5,2026-06-05T10:31:28+00:00
lionefs,5,2026-06-05T10:31:28+00:00
finnbet,5,2026-06-05T10:31:28+00:00
naisganav,5,2026-06-05T10:31:28+00:00
ul3,5,2026-06-05T10:31:28+00:00
elsepultor,5,2026-06-05T10:31:28+00:00
maakad,5,2026-06-05T10:31:28+00:00
tmcristal,5,2026-06-05T10:31:28+00:00
aligeri,5,2026-06-05T10:31:28+00:00
commodus_,5,2026-06-05T10:31:28+00:00
lecky_y,5,2026-06-05T10:31:28+00:00
anissaz,5,2026-06-05T10:31:28+00:00
basitrovert,5,2026-06-05T10:31:28+00:00
adthorne,5,2026-06-05T10:31:28+00:00
naakvut,5,2026-06-05T10:31:28+00:00
dianasaurus69,5,2026-06-05T10:31:28+00:00
i3zez,5,2026-06-05T10:31:28+00:00
giovanni_valo,5,2026-06-05T10:31:28+00:00
czesterito,5,2026-06-05T10:31:28+00:00
jaco_r,5,2026-06-05T10:31:28+00:00
dropthecat30,5,2026-06-05T10:31:28+00:00
phoobydoobydoo,5,2026-06-05T10:31:28+00:00
kimfarza123,5,2026-06-05T10:31:28+00:00
owen29,5,2026-06-05T10:31:28+00:00
genericsleepeur,5,2026-06-05T10:31:28+00:00
ddreyy,5,2026-06-05T10:31:28+00:00
eudavialvesf,5,2026-06-05T10:31:28+00:00
dunjasmiljkic,5,2026-06-05T10:31:28+00:00
thought3535456,5,2026-06-05T10:31:28+00:00
dorine_2905,5,2026-06-05T10:31:28+00:00
eevee_01,5,2026-06-05T10:31:28+00:00
kalyanipramod,5,2026-06-05T10:31:28+00:00
ver0r_xa,5,2026-06-05T10:31:28+00:00
alaqmar,5,2026-06-05T10:31:28+00:00
michaelgwtan,5,2026-06-05T10:31:28+00:00
am0ri,5,2026-06-05T10:31:28+00:00
taufiqatiff,5,2026-06-05T10:31:28+00:00
nueszz,5,2026-06-05T10:31:28+00:00
ocean_wave1,5,2026-06-05T10:31:28+00:00
zomqie_lina,5,2026-06-05T10:31:28+00:00
gauravkommie,5,2026-06-05T10:31:28+00:00
marniesss,5,2026-06-05T10:31:28+00:00
niconico224,5,2026-06-05T10:31:28+00:00
qqtsts,5,2026-06-05T10:31:28+00:00
t_migliorati98,5,2026-06-05T10:31:28+00:00
melicos,5,2026-06-05T10:31:28+00:00
dexter63,5,2026-06-05T10:31:28+00:00
bellamethasone,5,2026-06-05T10:31:28+00:00
joeltommy,5,2026-06-05T10:31:28+00:00
kxxmmii,5,2026-06-05T10:31:28+00:00
bluej4y,5,2026-06-05T10:31:28+00:00
jeremylin7,5,2026-06-05T10:31:28+00:00
invictacore,5,2026-06-05T10:31:28+00:00
kimmo11,5,2026-06-05T10:31:28+00:00
flw3rent,5,2026-06-05T10:31:28+00:00
pikomain,5,2026-06-05T10:31:28+00:00
lukinc,4,2026-06-05T10:31:28+00:00
demid92,4,2026-06-05T10:31:28+00:00
ptitboudplastik,4,2026-06-05T10:31:28+00:00
ronie_darko,4,2026-06-05T10:31:28+00:00
totiusmundiciv,4,2026-06-05T10:31:28+00:00
yscox23,4,2026-06-05T10:31:28+00:00
ayeiwho,4,2026-06-05T10:31:28+00:00
brilvs11,4,2026-06-05T10:31:28+00:00
nahomilg,4,2026-06-05T10:31:28+00:00
zaagoo,4,2026-06-05T10:31:28+00:00
juaaaaaaa0_0,4,2026-06-05T10:31:28+00:00
ghanim_algifari,4,2026-06-05T10:31:28+00:00
kqqn,4,2026-06-05T10:31:28+00:00
marianhdzm,4,2026-06-05T10:31:28+00:00
delfinator99,4,2026-06-05T10:31:28+00:00
oliverid326,4,2026-06-05T10:31:28+00:00
orla_c5,4,2026-06-05T10:31:28+00:00
khoga48,4,2026-06-05T10:31:28+00:00
leaonfilm,4,2026-06-05T10:31:28+00:00
peytonisdagoat,4,2026-06-05T10:31:28+00:00
m1ntysm,4,2026-06-05T10:31:28+00:00
oysterinastew,4,2026-06-05T10:31:28+00:00
faisalhrs_,4,2026-06-05T10:31:28+00:00
seanwcole,4,2026-06-05T10:31:28+00:00
fakebeard28,4,2026-06-05T10:31:28+00:00
samswang,4,2026-06-05T10:31:28+00:00
seiichiv,4,2026-06-05T10:31:28+00:00
tuijnvanzee,4,2026-06-05T10:31:28+00:00
tarnishedflower,4,2026-06-05T10:31:28+00:00
dhrsh,4,2026-06-05T10:31:28+00:00
urumacity,4,2026-06-05T10:31:28+00:00
toloispero,4,2026-06-05T10:31:28+00:00
bxnj1,4,2026-06-05T10:31:28+00:00
schizoi,4,2026-06-05T10:31:28+00:00
doublepedalhate,4,2026-06-05T10:31:28+00:00
magi19,4,2026-06-05T10:31:28+00:00
feralcuadrado,4,2026-06-05T10:31:28+00:00
kerim12345,4,2026-06-05T10:31:28+00:00
nocas222,4,2026-06-05T10:31:28+00:00
mattiavalfre,4,2026-06-05T10:31:28+00:00
batmaneminem,4,2026-06-05T10:31:28+00:00
malachitomas,4,2026-06-05T10:31:28+00:00
tacoobelz,4,2026-06-05T10:31:28+00:00
gooreis,4,2026-06-05T10:31:28+00:00
zekor,4,2026-06-05T10:31:28+00:00
ishikajoshi,4,2026-06-05T10:31:28+00:00
rogue13,4,2026-06-05T10:31:28+00:00
spiderjd_08,4,2026-06-05T10:31:28+00:00
unemployedme9,4,2026-06-05T10:31:28+00:00
clima_te,4,2026-06-05T10:31:28+00:00
arsenelp,4,2026-06-05T10:31:28+00:00
alzbetahartmann,4,2026-06-05T10:31:28+00:00
5idd_,4,2026-06-05T10:31:28+00:00
imann_o,4,2026-06-05T10:31:28+00:00
diztress,4,2026-06-05T10:31:28+00:00
guineapiq,4,2026-06-05T10:31:28+00:00
mohey23,4,2026-06-05T10:31:28+00:00
ohtwoseven,4,2026-06-05T10:31:28+00:00
fernandamonge,4,2026-06-05T10:31:28+00:00
zackyboy,4,2026-06-05T10:31:28+00:00
auroraletter,4,2026-06-05T10:31:28+00:00
d1413r,4,2026-06-05T10:31:28+00:00
izzydarge,4,2026-06-05T10:31:28+00:00
arlanezequiel,4,2026-06-05T10:31:28+00:00
pax0aurora,4,2026-06-05T10:31:28+00:00
coccinellaaaa,4,2026-06-05T10:31:28+00:00
noahhscn,4,2026-06-05T10:31:28+00:00
cherry422,4,2026-06-05T10:31:28+00:00
libreriarachele,4,2026-06-05T10:31:28+00:00
itz_aqil,4,2026-06-05T10:31:28+00:00
binniiee,4,2026-06-05T10:31:28+00:00
melo_coton,4,2026-06-05T10:31:28+00:00
dalipis,4,2026-06-05T10:31:28+00:00
starmargearine,4,2026-06-05T10:31:28+00:00
nayazt,4,2026-06-05T10:31:28+00:00
iblameayan,4,2026-06-05T10:31:28+00:00
starch1ld,4,2026-06-05T10:31:28+00:00
sa1233,4,2026-06-05T10:31:28+00:00
mziyasz,4,2026-06-05T10:31:28+00:00
rudraksh84,4,2026-06-05T10:31:28+00:00
arielhuu,4,2026-06-05T10:31:28+00:00
lauriemcm,4,2026-06-05T10:31:28+00:00
petitamber,4,2026-06-05T10:31:28+00:00
rosiriaa,4,2026-06-05T10:31:28+00:00
yaqubb21,4,2026-06-05T10:31:28+00:00
roguerunner65,4,2026-06-05T10:31:28+00:00
hxjenny,4,2026-06-05T10:31:28+00:00
unluckyphoenix,4,2026-06-05T10:31:28+00:00
simha78,4,2026-06-05T10:31:28+00:00
danicito2411,4,2026-06-05T10:31:28+00:00
nifleuse,4,2026-06-05T10:31:28+00:00
1berkesen,4,2026-06-05T10:31:28+00:00
robslucci,4,2026-06-05T10:31:28+00:00
geogains,4,2026-06-05T10:31:28+00:00
carlibriher,4,2026-06-05T10:31:28+00:00
4bi_lg55,4,2026-06-05T10:31:28+00:00
loreyma,4,2026-06-05T10:31:28+00:00
isacaloons,4,2026-06-05T10:31:28+00:00
abbieboutkabout,4,2026-06-05T10:31:28+00:00
janehopper1777,4,2026-06-05T10:31:28+00:00
lly_jht,4,2026-06-05T10:31:28+00:00
manman2,4,2026-06-05T10:31:28+00:00
katermurr,4,2026-06-05T10:31:28+00:00
aotox2,4,2026-06-05T10:31:28+00:00
leagiavarini,4,2026-06-05T10:31:28+00:00
dashhhh_,4,2026-06-05T10:31:28+00:00
claired96,4,2026-06-05T10:31:28+00:00
balrogsnake,4,2026-06-05T10:31:28+00:00
busraarsiv,4,2026-06-05T10:31:28+00:00
neokidbam,4,2026-06-05T10:31:28+00:00
behurasambit,4,2026-06-05T10:31:28+00:00
emill97,4,2026-06-05T10:31:28+00:00
bishbishbish,4,2026-06-05T10:31:28+00:00
fzw,4,2026-06-05T10:31:28+00:00
effyrh,4,2026-06-05T10:31:28+00:00
evmemelord,4,2026-06-05T10:31:28+00:00
saeranny,4,2026-06-05T10:31:28+00:00
dxkick,4,2026-06-05T10:31:28+00:00
ellientonelli,4,2026-06-05T10:31:28+00:00
agus1326,4,2026-06-05T10:31:28+00:00
nahobanano,4,2026-06-05T10:31:28+00:00
axl_natanael,4,2026-06-05T10:31:28+00:00
ardabutbb,4,2026-06-05T10:31:28+00:00
mov1e_nerd00,4,2026-06-05T10:31:28+00:00
jchaij,4,2026-06-05T10:31:28+00:00
hannahtschetter,4,2026-06-05T10:31:28+00:00
messi1001,4,2026-06-05T10:31:28+00:00
david222343,4,2026-06-05T10:31:28+00:00
saransjayan,4,2026-06-05T10:31:28+00:00
gmz13,4,2026-06-05T10:31:28+00:00
debbie_chan,4,2026-06-05T10:31:28+00:00
g4bruz,4,2026-06-05T10:31:28+00:00
sabww,4,2026-06-05T10:31:28+00:00
jivian_critic,4,2026-06-05T10:31:28+00:00
batangrobot,4,2026-06-05T10:31:28+00:00
mirivxnus,4,2026-06-05T10:31:28+00:00
chrisandhiskind,4,2026-06-05T10:31:28+00:00
marazali44,4,2026-06-05T10:31:28+00:00
sonder08,4,2026-06-05T10:31:28+00:00
leo01100,4,2026-06-05T10:31:28+00:00
jujucv19,4,2026-06-05T10:31:28+00:00
withlovelaura,4,2026-06-05T10:31:28+00:00
luciartalero,4,2026-06-05T10:31:28+00:00
leons67,4,2026-06-05T10:31:28+00:00
beauwatches,4,2026-06-05T10:31:28+00:00
widad18,4,2026-06-05T10:31:28+00:00
k3nl4,4,2026-06-05T10:31:28+00:00
zachmiltz,4,2026-06-05T10:31:28+00:00
nicolasbouchard,4,2026-06-05T10:31:28+00:00
xxlauree,4,2026-06-05T10:31:28+00:00
oceanblvddd,4,2026-06-05T10:31:28+00:00
rayanalw,4,2026-06-05T10:31:28+00:00
billybog,4,2026-06-05T10:31:28+00:00
kitcatemmy,4,2026-06-05T10:31:28+00:00
ziggybert,4,2026-06-05T10:31:28+00:00
cristinaacgu,4,2026-06-05T10:31:28+00:00
fitzmartinez07,4,2026-06-05T10:31:28+00:00
sarabg1011,4,2026-06-05T10:31:28+00:00
fairfield2027,4,2026-06-05T10:31:28+00:00
curtainposter,4,2026-06-05T10:31:28+00:00
ssarifurkan,4,2026-06-05T10:31:28+00:00
lvxxxx,4,2026-06-05T10:31:28+00:00
snixx7,4,2026-06-05T10:31:28+00:00
scroingle,4,2026-06-05T10:31:28+00:00
maattiillddaa,4,2026-06-05T10:31:28+00:00
louane_vrgg,4,2026-06-05T10:31:28+00:00
adamprzy,4,2026-06-05T10:31:28+00:00
directlove,4,2026-06-05T10:31:28+00:00
burakxep,4,2026-06-05T10:31:28+00:00
abbasaly6,4,2026-06-05T10:31:28+00:00
l_ingman08,4,2026-06-05T10:31:28+00:00
jetandrei,4,2026-06-05T10:31:28+00:00
clarringor,4,2026-06-05T10:31:28+00:00
drunknddazed,4,2026-06-05T10:31:28+00:00
shashine33,4,2026-06-05T10:31:28+00:00
frannynanny,4,2026-06-05T10:31:28+00:00
ananjan_717,4,2026-06-05T10:31:28+00:00
aesheii,4,2026-06-05T10:31:28+00:00
luisitoo_,4,2026-06-05T10:31:28+00:00
hanseeeeeeel,4,2026-06-05T10:31:28+00:00
eleclercq,4,2026-06-05T10:31:28+00:00
mmirz4n,4,2026-06-05T10:31:28+00:00
leatherface87,4,2026-06-05T10:31:28+00:00
lisieeee,4,2026-06-05T10:31:28+00:00
bonn_kk,4,2026-06-05T10:31:28+00:00
eldirtydan,4,2026-06-05T10:31:28+00:00
lemanqasimova,4,2026-06-05T10:31:28+00:00
olivias_diary,4,2026-06-05T10:31:28+00:00
georgeallan1,4,2026-06-05T10:31:28+00:00
sophieydophiey,4,2026-06-05T10:31:28+00:00
huntross,4,2026-06-05T10:31:28+00:00
pheeb3be,4,2026-06-05T10:31:28+00:00
shawnwtf,4,2026-06-05T10:31:28+00:00
annabelstinson,4,2026-06-05T10:31:28+00:00
manish9090,4,2026-06-05T10:31:28+00:00
dubios_,4,2026-06-05T10:31:28+00:00
classify,4,2026-06-05T10:31:28+00:00
daro2126,4,2026-06-05T10:31:28+00:00
jennbird77,4,2026-06-05T10:31:28+00:00
littlejohn16,4,2026-06-05T10:31:28+00:00
maksklo019,4,2026-06-05T10:31:28+00:00
jedalruparel,4,2026-06-05T10:31:28+00:00
flossfromspace,4,2026-06-05T10:31:28+00:00
lleoll__19,4,2026-06-05T10:31:28+00:00
nursosch,4,2026-06-05T10:31:28+00:00
arcaneaqt,4,2026-06-05T10:31:28+00:00
ziad112,4,2026-06-05T10:31:28+00:00
maliksai,4,2026-06-05T10:31:28+00:00
idk44,4,2026-06-05T10:31:28+00:00
thwayyiba,4,2026-06-05T10:31:28+00:00
melboz,4,2026-06-05T10:31:28+00:00
tamarind1001,4,2026-06-05T10:31:28+00:00
chungusreel,4,2026-06-05T10:31:28+00:00
semihcilizz,4,2026-06-05T10:31:28+00:00
rewat0410,4,2026-06-05T10:31:28+00:00
wave2gem,4,2026-06-05T10:31:28+00:00
flattpat,4,2026-06-05T10:31:28+00:00
ninalfnr,4,2026-06-05T10:31:28+00:00
epanelitis,4,2026-06-05T10:31:28+00:00
alessiashh,4,2026-06-05T10:31:28+00:00
tustonjakarlo,4,2026-06-05T10:31:28+00:00
rosstopher96,3,2026-06-05T10:31:28+00:00
taya2002,3,2026-06-05T10:31:28+00:00
justt_a_girl,3,2026-06-05T10:31:28+00:00
zorrie,3,2026-06-05T10:31:28+00:00
keremgcr34,3,2026-06-05T10:31:28+00:00
jajasukanonton,3,2026-06-05T10:31:28+00:00
water_hungry,3,2026-06-05T10:31:28+00:00
yogi_raiser,3,2026-06-05T10:31:28+00:00
filmluvr346,3,2026-06-05T10:31:28+00:00
aboryou,3,2026-06-05T10:31:28+00:00
prettyprithvi,3,2026-06-05T10:31:28+00:00
vinstedd,3,2026-06-05T10:31:28+00:00
dalinator,3,2026-06-05T10:31:28+00:00
iloveanimation,3,2026-06-05T10:31:28+00:00
melkerkube,3,2026-06-05T10:31:28+00:00
christaaa1,3,2026-06-05T10:31:28+00:00
robotscum,3,2026-06-05T10:31:28+00:00
777ia,3,2026-06-05T10:31:28+00:00
zncrogers,3,2026-06-05T10:31:28+00:00
alexsurelee,3,2026-06-05T10:31:28+00:00
hollaatniko,3,2026-06-05T10:31:28+00:00
esan998,3,2026-06-05T10:31:28+00:00
cristimeow,3,2026-06-05T10:31:28+00:00
apollodivine,3,2026-06-05T10:31:28+00:00
drowzybubble,3,2026-06-05T10:31:28+00:00
e2xjfan,3,2026-06-05T10:31:28+00:00
zzima_d,3,2026-06-05T10:31:28+00:00
charan162003,3,2026-06-05T10:31:28+00:00
ryangosling0909,3,2026-06-05T10:31:28+00:00
sirarbuzer,3,2026-06-05T10:31:28+00:00
matt_jurenovich,3,2026-06-05T10:31:28+00:00
lou_prgne,3,2026-06-05T10:31:28+00:00
7lorenzo,3,2026-06-05T10:31:28+00:00
najifadhel,3,2026-06-05T10:31:28+00:00
emilipavlekovic,3,2026-06-05T10:31:28+00:00
neoxd3,3,2026-06-05T10:31:28+00:00
drcrips,3,2026-06-05T10:31:28+00:00
seree19,3,2026-06-05T10:31:28+00:00
desdlystruggle,3,2026-06-05T10:31:28+00:00
anuk_desilva223,3,2026-06-05T10:31:28+00:00
yoannmlt,3,2026-06-05T10:31:28+00:00
gamer101,3,2026-06-05T10:31:28+00:00
bertagalindo,3,2026-06-05T10:31:28+00:00
absurd_lowblock,3,2026-06-05T10:31:28+00:00
valeur88,3,2026-06-05T10:31:28+00:00
emmabsx,3,2026-06-05T10:31:28+00:00
cityboy11,3,2026-06-05T10:31:28+00:00
rorygiimore,3,2026-06-05T10:31:28+00:00
koseinn,3,2026-06-05T10:31:28+00:00
mordab1977,3,2026-06-05T10:31:28+00:00
pitjenka,3,2026-06-05T10:31:28+00:00
gil_j,3,2026-06-05T10:31:28+00:00
agent311,3,2026-06-05T10:31:28+00:00
cherrybiscvit,3,2026-06-05T10:31:28+00:00
avxsn,3,2026-06-05T10:31:28+00:00
greengobbler231,3,2026-06-05T10:31:28+00:00
shinigami53,3,2026-06-05T10:31:28+00:00
canata8,3,2026-06-05T10:31:28+00:00
islares,3,2026-06-05T10:31:28+00:00
sarahnii,3,2026-06-05T10:31:28+00:00
kddddr,3,2026-06-05T10:31:28+00:00
jacobdarnai,3,2026-06-05T10:31:28+00:00
_tsnvb,3,2026-06-05T10:31:28+00:00
pengump,3,2026-06-05T10:31:28+00:00
rihaannyiu,3,2026-06-05T10:31:28+00:00
baitfish,3,2026-06-05T10:31:28+00:00
kthind14,3,2026-06-05T10:31:28+00:00
isdk,3,2026-06-05T10:31:28+00:00
kl_op2,3,2026-06-05T10:31:28+00:00
not3atman,3,2026-06-05T10:31:28+00:00
arhan024,3,2026-06-05T10:31:28+00:00
gahh44ac,3,2026-06-05T10:31:28+00:00
jordynsterle,3,2026-06-05T10:31:28+00:00
kanani04,3,2026-06-05T10:31:28+00:00
divinepastry,3,2026-06-05T10:31:28+00:00
thomasemberg,3,2026-06-05T10:31:28+00:00
bohoharsh,3,2026-06-05T10:31:28+00:00
idadanielsen,3,2026-06-05T10:31:28+00:00
shae_5hae,3,2026-06-05T10:31:28+00:00
rot04tet0,3,2026-06-05T10:31:28+00:00
carrotf,3,2026-06-05T10:31:28+00:00
jeardi,3,2026-06-05T10:31:28+00:00
anuziah,3,2026-06-05T10:31:28+00:00
shippii,3,2026-06-05T10:31:28+00:00
shigg0,3,2026-06-05T10:31:28+00:00
theordinaryboy,3,2026-06-05T10:31:28+00:00
hannahdaisa,3,2026-06-05T10:31:28+00:00
girlinred1106,3,2026-06-05T10:31:28+00:00
pinkacaimaz,3,2026-06-05T10:31:28+00:00
carameliasya,3,2026-06-05T10:31:28+00:00
meowsys,3,2026-06-05T10:31:28+00:00
nordek,3,2026-06-05T10:31:28+00:00
abdumaappila,3,2026-06-05T10:31:28+00:00
ilovefilms74578,3,2026-06-05T10:31:28+00:00
maliblunights,3,2026-06-05T10:31:28+00:00
huberhuber,3,2026-06-05T10:31:28+00:00
parthop69,3,2026-06-05T10:31:28+00:00
twiggypaste,3,2026-06-05T10:31:28+00:00
normanji,3,2026-06-05T10:31:28+00:00
kosteeekekek,3,2026-06-05T10:31:28+00:00
nickopp2,3,2026-06-05T10:31:28+00:00
totoro00,3,2026-06-05T10:31:28+00:00
theiakl,3,2026-06-05T10:31:28+00:00
peteyfromtblock,3,2026-06-05T10:31:28+00:00
samueleflaiban,3,2026-06-05T10:31:28+00:00
dary_pupu,3,2026-06-05T10:31:28+00:00
jalyn01,3,2026-06-05T10:31:28+00:00
bl_p01,3,2026-06-05T10:31:28+00:00
lilyvrodriguez,3,2026-06-05T10:31:28+00:00
mgscotto,3,2026-06-05T10:31:28+00:00
tvien16,3,2026-06-05T10:31:28+00:00
boult,3,2026-06-05T10:31:28+00:00
mkennam,3,2026-06-05T10:31:28+00:00
manyu5,3,2026-06-05T10:31:28+00:00
z8l9,3,2026-06-05T10:31:28+00:00
millieriddie,3,2026-06-05T10:31:28+00:00
djfarid21,3,2026-06-05T10:31:28+00:00
romcomlover0525,3,2026-06-05T10:31:28+00:00
cbraddrz,3,2026-06-05T10:31:28+00:00
orva,3,2026-06-05T10:31:28+00:00
rodde_lick,3,2026-06-05T10:31:28+00:00
josephtekoche,3,2026-06-05T10:31:28+00:00
matuxoxo,3,2026-06-05T10:31:28+00:00
rgxreverse,3,2026-06-05T10:31:28+00:00
koedix,3,2026-06-05T10:31:28+00:00
numerodeplata,3,2026-06-05T10:31:28+00:00
thatsepic99,3,2026-06-05T10:31:28+00:00
tiagogst08,3,2026-06-05T10:31:28+00:00
saanxvi,3,2026-06-05T10:31:28+00:00
inveighty,3,2026-06-05T10:31:28+00:00
kastor0077,3,2026-06-05T10:31:28+00:00
lbronzey,3,2026-06-05T10:31:28+00:00
masneomlock,3,2026-06-05T10:31:28+00:00
maxijamescarter,3,2026-06-05T10:31:28+00:00
camrea,3,2026-06-05T10:31:28+00:00
maritim0,3,2026-06-05T10:31:28+00:00
danielaella,3,2026-06-05T10:31:28+00:00
soojin27,3,2026-06-05T10:31:28+00:00
camillesftgth,3,2026-06-05T10:31:28+00:00
mielic,3,2026-06-05T10:31:28+00:00
mfhines,3,2026-06-05T10:31:28+00:00
alesuki311,3,2026-06-05T10:31:28+00:00
zzeeze,3,2026-06-05T10:31:28+00:00
bandurabatman,3,2026-06-05T10:31:28+00:00
jlewinski,3,2026-06-05T10:31:28+00:00
lemongrassii,3,2026-06-05T10:31:28+00:00
aniazahin,3,2026-06-05T10:31:28+00:00
atrinvkl,3,2026-06-05T10:31:28+00:00
insombynight,3,2026-06-05T10:31:28+00:00
dididowap,3,2026-06-05T10:31:28+00:00
nasikerabu4life,3,2026-06-05T10:31:28+00:00
chewyarchives,3,2026-06-05T10:31:28+00:00
ooonuuus,3,2026-06-05T10:31:28+00:00
sej_c210,3,2026-06-05T10:31:28+00:00
justiceshadow,3,2026-06-05T10:31:28+00:00
mattdvid,3,2026-06-05T10:31:28+00:00
norah2024,3,2026-06-05T10:31:28+00:00
katepotato,3,2026-06-05T10:31:28+00:00
zacsmovied,3,2026-06-05T10:31:28+00:00
minah333,3,2026-06-05T10:31:28+00:00
brennastark24,3,2026-06-05T10:31:28+00:00
heyitscyrus,3,2026-06-05T10:31:28+00:00
reedfaulkner,3,2026-06-05T10:31:28+00:00
mulletman7,3,2026-06-05T10:31:28+00:00
tyler_ebra,3,2026-06-05T10:31:28+00:00
ru8ies,3,2026-06-05T10:31:28+00:00
imjustken_0,3,2026-06-05T10:31:28+00:00
izyaaaa,3,2026-06-05T10:31:28+00:00
simoquaqua,3,2026-06-05T10:31:28+00:00
emilkaxvjw,3,2026-06-05T10:31:28+00:00
swarup097,3,2026-06-05T10:31:28+00:00
jakespencer1,3,2026-06-05T10:31:28+00:00
thenoee,3,2026-06-05T10:31:28+00:00
stankmobley,3,2026-06-05T10:31:28+00:00
disillusionst,3,2026-06-05T10:31:28+00:00
sinpell350,3,2026-06-05T10:31:28+00:00
belkabip,3,2026-06-05T10:31:28+00:00
lokied,3,2026-06-05T10:31:28+00:00
ihateyou_all,3,2026-06-05T10:31:28+00:00
zoeaftercredits,3,2026-06-05T10:31:28+00:00
moonligth_,3,2026-06-05T10:31:28+00:00
lizeththegoattt,3,2026-06-05T10:31:28+00:00
saraarne,3,2026-06-05T10:31:28+00:00
vlluzi,3,2026-06-05T10:31:28+00:00
katherinecoelho,3,2026-06-05T10:31:28+00:00
msjizler,3,2026-06-05T10:31:28+00:00
mattressman89,3,2026-06-05T10:31:28+00:00
marcalixtoo,3,2026-06-05T10:31:28+00:00
ramona_mae10,3,2026-06-05T10:31:28+00:00
carryxoxo,3,2026-06-05T10:31:28+00:00
seobie,3,2026-06-05T10:31:28+00:00
cocain01,3,2026-06-05T10:31:28+00:00
anna9812,3,2026-06-05T10:31:28+00:00
demha19,3,2026-06-05T10:31:28+00:00
yvanilla_1,3,2026-06-05T10:31:28+00:00
lu6lait,3,2026-06-05T10:31:28+00:00
natbat7119,3,2026-06-05T10:31:28+00:00
sinanmert12,3,2026-06-05T10:31:28+00:00
rodrigopepe,3,2026-06-05T10:31:28+00:00
gowthamjangiti,3,2026-06-05T10:31:28+00:00
maximinimal,3,2026-06-05T10:31:28+00:00
1dkj,3,2026-06-05T10:31:28+00:00
iiahm7_,3,2026-06-05T10:31:28+00:00
r_6cb,3,2026-06-05T10:31:28+00:00
felixnaudin,3,2026-06-05T10:31:28+00:00
carolinecava,3,2026-06-05T10:31:28+00:00
lspiegel1102,3,2026-06-05T10:31:28+00:00
eesqvel,3,2026-06-05T10:31:28+00:00
mc10amt,3,2026-06-05T10:31:28+00:00
jvllmr,3,2026-06-05T10:31:28+00:00
dangertoad,3,2026-06-05T10:31:28+00:00
hasmeet,3,2026-06-05T10:31:28+00:00
tlcheery,3,2026-06-05T10:31:28+00:00
skoupidotenekes,3,2026-06-05T10:31:28+00:00
catrivera,3,2026-06-05T10:31:28+00:00
bigboyreviews44,3,2026-06-05T10:31:28+00:00
jjenspi,3,2026-06-05T10:31:28+00:00
holyasian247,3,2026-06-05T10:31:28+00:00
brandon_jd,3,2026-06-05T10:31:28+00:00
gaga444,3,2026-06-05T10:31:28+00:00
dinithii_w,3,2026-06-05T10:31:28+00:00
antoine_fdr,3,2026-06-05T10:31:28+00:00
haultaine,3,2026-06-05T10:31:28+00:00
aurele_jms,3,2026-06-05T10:31:28+00:00
bilalqureshica,3,2026-06-05T10:31:28+00:00
brittaperrysgf,3,2026-06-05T10:31:28+00:00
bergos0,3,2026-06-05T10:31:28+00:00
cuatreno,3,2026-06-05T10:31:28+00:00
ljfarlie,3,2026-06-05T10:31:28+00:00
osummerchild,3,2026-06-05T10:31:28+00:00
oscarsdr,3,2026-06-05T10:31:28+00:00
preritpayla,3,2026-06-05T10:31:28+00:00
haljordan13,3,2026-06-05T10:31:28+00:00
alfieald,3,2026-06-05T10:31:28+00:00
fleshmilk,3,2026-06-05T10:31:28+00:00
oliverrmorris,3,2026-06-05T10:31:28+00:00
czentara,3,2026-06-05T10:31:28+00:00
hesterhsu,3,2026-06-05T10:31:28+00:00
kazunin,3,2026-06-05T10:31:28+00:00
sawyer007,3,2026-06-05T10:31:28+00:00
glindathegooddd,3,2026-06-05T10:31:28+00:00
zam_urai,3,2026-06-05T10:31:28+00:00
marktopus8,3,2026-06-05T10:31:28+00:00
naty_35,3,2026-06-05T10:31:28+00:00
itiscinema,3,2026-06-05T10:31:28+00:00
nc4le,3,2026-06-05T10:31:28+00:00
xarisfilmlist,3,2026-06-05T10:31:28+00:00
petexparker,3,2026-06-05T10:31:28+00:00
isjul,3,2026-06-05T10:31:28+00:00
sermig,3,2026-06-05T10:31:28+00:00
sindar_elf,3,2026-06-05T10:31:28+00:00
miguelarellano,3,2026-06-05T10:31:28+00:00
neevrose12,3,2026-06-05T10:31:28+00:00
nisasamada,3,2026-06-05T10:31:28+00:00
slimypickle007,3,2026-06-05T10:31:28+00:00
diiif,3,2026-06-05T10:31:28+00:00
dbriggs9,3,2026-06-05T10:31:28+00:00
awe_in_her_eyes,3,2026-06-05T10:31:28+00:00
beatricxm,3,2026-06-05T10:31:28+00:00
zoe_quick,3,2026-06-05T10:31:28+00:00
gambexr,3,2026-06-05T10:31:28+00:00
ashplantter,3,2026-06-05T10:31:28+00:00
tarpeyo,3,2026-06-05T10:31:28+00:00
sidcult666,3,2026-06-05T10:31:28+00:00
vladimiryevski,3,2026-06-05T10:31:28+00:00
ebr4rr_,3,2026-06-05T10:31:28+00:00
eweknowit,3,2026-06-05T10:31:28+00:00
dustyclamato26,3,2026-06-05T10:31:28+00:00
nispadin,3,2026-06-05T10:31:28+00:00
spookytrash,3,2026-06-05T10:31:28+00:00
lavxry,3,2026-06-05T10:31:28+00:00
gigi0923,3,2026-06-05T10:31:28+00:00
lowjrdn,3,2026-06-05T10:31:28+00:00
evitaperonn,3,2026-06-05T10:31:28+00:00
yunlily,3,2026-06-05T10:31:28+00:00
vinze_vicious,3,2026-06-05T10:31:28+00:00
ao4u,3,2026-06-05T10:31:28+00:00
catincius,3,2026-06-05T10:31:28+00:00
t3aga,3,2026-06-05T10:31:28+00:00
speedalee,3,2026-06-05T10:31:28+00:00
yalife,3,2026-06-05T10:31:28+00:00
ilovek,3,2026-06-05T10:31:28+00:00
ayaapham,3,2026-06-05T10:31:28+00:00
eyabhr,3,2026-06-05T10:31:28+00:00
ednamillion,3,2026-06-05T10:31:28+00:00
ghostofjimjam,3,2026-06-05T10:31:28+00:00
noseybonk7,3,2026-06-05T10:31:28+00:00
jojocinemon,3,2026-06-05T10:31:28+00:00
honey_stey,3,2026-06-05T10:31:28+00:00
gooncoon69,3,2026-06-05T10:31:28+00:00
django_djangi,3,2026-06-05T10:31:28+00:00
toidziegilotyna,3,2026-06-05T10:31:28+00:00
sheepfield,3,2026-06-05T10:31:28+00:00
strangiato2112,3,2026-06-05T10:31:28+00:00
triman18,3,2026-06-05T10:31:28+00:00
maluazvdo,3,2026-06-05T10:31:28+00:00
lovemypickle,3,2026-06-05T10:31:28+00:00
ibero20,3,2026-06-05T10:31:28+00:00
antaeni,3,2026-06-05T10:31:28+00:00
evokat,3,2026-06-05T10:31:28+00:00
mau_ta,3,2026-06-05T10:31:28+00:00
namiami,3,2026-06-05T10:31:28+00:00
thalesar,3,2026-06-05T10:31:28+00:00
mdlkxzmcp,3,2026-06-05T10:31:28+00:00
amd9,3,2026-06-05T10:31:28+00:00
uinter,3,2026-06-05T10:31:28+00:00
jacerosen,3,2026-06-05T10:31:28+00:00
pippopips,3,2026-06-05T10:31:28+00:00
t4tren,3,2026-06-05T10:31:28+00:00
dustysilence,3,2026-06-05T10:31:28+00:00
chupichups,3,2026-06-05T10:31:28+00:00
kimdokjasfuture,3,2026-06-05T10:31:28+00:00
0m0l,3,2026-06-05T10:31:28+00:00
jorinengel,3,2026-06-05T10:31:28+00:00
kathrynecm,3,2026-06-05T10:31:28+00:00
thisisjustbecca,3,2026-06-05T10:31:28+00:00
parsarezaie,3,2026-06-05T10:31:28+00:00
z_belle38,3,2026-06-05T10:31:28+00:00
csacu,3,2026-06-05T10:31:28+00:00
rayisinsane,3,2026-06-05T10:31:28+00:00
email222,3,2026-06-05T10:31:28+00:00
moogikarp,3,2026-06-05T10:31:28+00:00
felixcottray,3,2026-06-05T10:31:28+00:00
woodeng1rl96,3,2026-06-05T10:31:28+00:00
kekkeee,3,2026-06-05T10:31:28+00:00
isaiahsobased,3,2026-06-05T10:31:28+00:00
valfrikitona,3,2026-06-05T10:31:28+00:00
lisvxnis,3,2026-06-05T10:31:28+00:00
sammdoc,3,2026-06-05T10:31:28+00:00
mcbelle,3,2026-06-05T10:31:28+00:00
nekolope,3,2026-06-05T10:31:28+00:00
ikaira,3,2026-06-05T10:31:28+00:00
isaacmcnabb,3,2026-06-05T10:31:28+00:00
kareemalshawa,3,2026-06-05T10:31:28+00:00
dcevans7,3,2026-06-05T10:31:28+00:00
wh4tsmyname,3,2026-06-05T10:31:28+00:00
nadkamuo,3,2026-06-05T10:31:28+00:00
love4e,3,2026-06-05T10:31:28+00:00
insanewomen,3,2026-06-05T10:31:28+00:00
thooh,3,2026-06-05T10:31:28+00:00
dominomb,3,2026-06-05T10:31:28+00:00
dima987,3,2026-06-05T10:31:28+00:00
goblinmuncher_,3,2026-06-05T10:31:28+00:00
seanox,3,2026-06-05T10:31:28+00:00
nessen_,3,2026-06-05T10:31:28+00:00
cacac,2,2026-06-05T10:31:28+00:00
tvshowsrbetter,2,2026-06-05T10:31:28+00:00
visshy,2,2026-06-05T10:31:28+00:00
moouwra,2,2026-06-05T10:31:28+00:00
cotaportier,2,2026-06-05T10:31:28+00:00
kkkyyyxxm,2,2026-06-05T10:31:28+00:00
madolive53,2,2026-06-05T10:31:28+00:00
karolinaciepla,2,2026-06-05T10:31:28+00:00
rociocastano_,2,2026-06-05T10:31:28+00:00
harry108,2,2026-06-05T10:31:28+00:00
radita33,2,2026-06-05T10:31:28+00:00
marisoljulie,2,2026-06-05T10:31:28+00:00
arloarcenal,2,2026-06-05T10:31:28+00:00
sunmarysun,2,2026-06-05T10:31:28+00:00
anaritaarr,2,2026-06-05T10:31:28+00:00
eepcoli,2,2026-06-05T10:31:28+00:00
momolianne,2,2026-06-05T10:31:28+00:00
otterlooo,2,2026-06-05T10:31:28+00:00
eceaydr,2,2026-06-05T10:31:28+00:00
mirai_3,2,2026-06-05T10:31:28+00:00
acobjay13,2,2026-06-05T10:31:28+00:00
returnxforce,2,2026-06-05T10:31:28+00:00
richiest26,2,2026-06-05T10:31:28+00:00
anipocin,2,2026-06-05T10:31:28+00:00
panyang03,2,2026-06-05T10:31:28+00:00
onsrailyic,2,2026-06-05T10:31:28+00:00
zenletterb,2,2026-06-05T10:31:28+00:00
cainines,2,2026-06-05T10:31:28+00:00
mvieira15,2,2026-06-05T10:31:28+00:00
bazatron04,2,2026-06-05T10:31:28+00:00
cassandr17,2,2026-06-05T10:31:28+00:00
melek_artdept,2,2026-06-05T10:31:28+00:00
branco_magico,2,2026-06-05T10:31:28+00:00
mryepes,2,2026-06-05T10:31:28+00:00
khushhal_3010,2,2026-06-05T10:31:28+00:00
mirapuz,2,2026-06-05T10:31:28+00:00
aloshan,2,2026-06-05T10:31:28+00:00
thesoftestsound,2,2026-06-05T10:31:28+00:00
fisher2323,2,2026-06-05T10:31:28+00:00
fadlanis,2,2026-06-05T10:31:28+00:00
_bruhhaa,2,2026-06-05T10:31:28+00:00
gabrick_501,2,2026-06-05T10:31:28+00:00
noabrggmn,2,2026-06-05T10:31:28+00:00
xap12,2,2026-06-05T10:31:28+00:00
dex73,2,2026-06-05T10:31:28+00:00
spaceblueboy190,2,2026-06-05T10:31:28+00:00
batsy27,2,2026-06-05T10:31:28+00:00
sofianelamenace,2,2026-06-05T10:31:28+00:00
ilaria_24,2,2026-06-05T10:31:28+00:00
yuviraze,2,2026-06-05T10:31:28+00:00
why_tho161,2,2026-06-05T10:31:28+00:00
zakail10,2,2026-06-05T10:31:28+00:00
younesayayay,2,2026-06-05T10:31:28+00:00
wnba,2,2026-06-05T10:31:28+00:00
lizzieking0707,2,2026-06-05T10:31:28+00:00
kc_kurzzzz,2,2026-06-05T10:31:28+00:00
misiasikora,2,2026-06-05T10:31:28+00:00
titou_dfg,2,2026-06-05T10:31:28+00:00
mfolco,2,2026-06-05T10:31:28+00:00
daksoon,2,2026-06-05T10:31:28+00:00
aabarryskillz,2,2026-06-05T10:31:28+00:00
hapizzs,2,2026-06-05T10:31:28+00:00
fahryjoestarz,2,2026-06-05T10:31:28+00:00
baronlescopains,2,2026-06-05T10:31:28+00:00
goronakamoto,2,2026-06-05T10:31:28+00:00
pardeeps,2,2026-06-05T10:31:28+00:00
soulnee,2,2026-06-05T10:31:28+00:00
yoyottesse78,2,2026-06-05T10:31:28+00:00
adiithii,2,2026-06-05T10:31:28+00:00
lady9o9,2,2026-06-05T10:31:28+00:00
staressence,2,2026-06-05T10:31:28+00:00
estyben1862,2,2026-06-05T10:31:28+00:00
ethandonovan24,2,2026-06-05T10:31:28+00:00
crackhead06,2,2026-06-05T10:31:28+00:00
aryansatdivee,2,2026-06-05T10:31:28+00:00
annagkrr,2,2026-06-05T10:31:28+00:00
nic73,2,2026-06-05T10:31:28+00:00
rnallen1,2,2026-06-05T10:31:28+00:00
quentastic,2,2026-06-05T10:31:28+00:00
balskavich,2,2026-06-05T10:31:28+00:00
maurits_vdg,2,2026-06-05T10:31:28+00:00
laliq,2,2026-06-05T10:31:28+00:00
aidanpatterson,2,2026-06-05T10:31:28+00:00
marlbr,2,2026-06-05T10:31:28+00:00
dragonite1020,2,2026-06-05T10:31:28+00:00
heisenberg6666,2,2026-06-05T10:31:28+00:00
shmagss,2,2026-06-05T10:31:28+00:00
fraangb_,2,2026-06-05T10:31:28+00:00
g0staz,2,2026-06-05T10:31:28+00:00
peterjquill06,2,2026-06-05T10:31:28+00:00
ana_lunaaa,2,2026-06-05T10:31:28+00:00
vu1gargenius,2,2026-06-05T10:31:28+00:00
596mi0,2,2026-06-05T10:31:28+00:00
karmakamilienne,2,2026-06-05T10:31:28+00:00
jbacks12,2,2026-06-05T10:31:28+00:00
baibhavbhatt,2,2026-06-05T10:31:28+00:00
water112,2,2026-06-05T10:31:28+00:00
arsorenn,2,2026-06-05T10:31:28+00:00
bwyrsch7,2,2026-06-05T10:31:28+00:00
8rnij,2,2026-06-05T10:31:28+00:00
lilrew,2,2026-06-05T10:31:28+00:00
ybeney,2,2026-06-05T10:31:28+00:00
maru_sa,2,2026-06-05T10:31:28+00:00
abo9yl7,2,2026-06-05T10:31:28+00:00
ariel_clmb,2,2026-06-05T10:31:28+00:00
louienatasha,2,2026-06-05T10:31:28+00:00
ortizzzzzz,2,2026-06-05T10:31:28+00:00
fateema__,2,2026-06-05T10:31:28+00:00
vansseaddd,2,2026-06-05T10:31:28+00:00
niluf3rr,2,2026-06-05T10:31:28+00:00
clemzer21,2,2026-06-05T10:31:28+00:00
sadlesbianeyes,2,2026-06-05T10:31:28+00:00
iamsohaibilyas,2,2026-06-05T10:31:28+00:00
jjoy899,2,2026-06-05T10:31:28+00:00
roqia_sherif,2,2026-06-05T10:31:28+00:00
6ftunderground,2,2026-06-05T10:31:28+00:00
kurtisknowles,2,2026-06-05T10:31:28+00:00
bere_thnlt,2,2026-06-05T10:31:28+00:00
linheo,2,2026-06-05T10:31:28+00:00
milenqa_,2,2026-06-05T10:31:28+00:00
mirnurr,2,2026-06-05T10:31:28+00:00
freudiangown,2,2026-06-05T10:31:28+00:00
ginnybux,2,2026-06-05T10:31:28+00:00
viollencce,2,2026-06-05T10:31:28+00:00
binaroollss,2,2026-06-05T10:31:28+00:00
happylife18,2,2026-06-05T10:31:28+00:00
mequisu,2,2026-06-05T10:31:28+00:00
nande4k,2,2026-06-05T10:31:28+00:00
mojorojo,2,2026-06-05T10:31:28+00:00
sassymilka,2,2026-06-05T10:31:28+00:00
bambanbum,2,2026-06-05T10:31:28+00:00
sammy_knows,2,2026-06-05T10:31:28+00:00
aasthabaa,2,2026-06-05T10:31:28+00:00
k1fkaesque,2,2026-06-05T10:31:28+00:00
verbucky,2,2026-06-05T10:31:28+00:00
ssmarti,2,2026-06-05T10:31:28+00:00
michaelaholtz,2,2026-06-05T10:31:28+00:00
aliyyers,2,2026-06-05T10:31:28+00:00
dg_27,2,2026-06-05T10:31:28+00:00
markshaa,2,2026-06-05T10:31:28+00:00
sseom,2,2026-06-05T10:31:28+00:00
chayee,2,2026-06-05T10:31:28+00:00
c0ffeewh0re,2,2026-06-05T10:31:28+00:00
nichelet,2,2026-06-05T10:31:28+00:00
carlota76,2,2026-06-05T10:31:28+00:00
ooogaboogabahh,2,2026-06-05T10:31:28+00:00
bradymcl,2,2026-06-05T10:31:28+00:00
braincandy__,2,2026-06-05T10:31:28+00:00
exeterminator,2,2026-06-05T10:31:28+00:00
khitheguy,2,2026-06-05T10:31:28+00:00
re1kv,2,2026-06-05T10:31:28+00:00
imthesenate,2,2026-06-05T10:31:28+00:00
nugispeace,2,2026-06-05T10:31:28+00:00
perc30mar,2,2026-06-05T10:31:28+00:00
turnergabriel,2,2026-06-05T10:31:28+00:00
anu_92,2,2026-06-05T10:31:28+00:00
tillypierson,2,2026-06-05T10:31:28+00:00
coolio4668,2,2026-06-05T10:31:28+00:00
beeski123,2,2026-06-05T10:31:28+00:00
psyberstyle,2,2026-06-05T10:31:28+00:00
slater_crandall,2,2026-06-05T10:31:28+00:00
zhianzj,2,2026-06-05T10:31:28+00:00
sossxboy,2,2026-06-05T10:31:28+00:00
defalt3,2,2026-06-05T10:31:28+00:00
rubyzyl,2,2026-06-05T10:31:28+00:00
passedoutbby,2,2026-06-05T10:31:28+00:00
rebekko7,2,2026-06-05T10:31:28+00:00
_pepita_,2,2026-06-05T10:31:28+00:00
taw1031,2,2026-06-05T10:31:28+00:00
zataratasha,2,2026-06-05T10:31:28+00:00
giadnap,2,2026-06-05T10:31:28+00:00
sockeye13,2,2026-06-05T10:31:28+00:00
ksturg771,2,2026-06-05T10:31:28+00:00
ziror,2,2026-06-05T10:31:28+00:00
charlotteguibr,2,2026-06-05T10:31:28+00:00
alylawler,2,2026-06-05T10:31:28+00:00
mugunthh,2,2026-06-05T10:31:28+00:00
liability24,2,2026-06-05T10:31:28+00:00
egesozen,2,2026-06-05T10:31:28+00:00
aryasukafilm,2,2026-06-05T10:31:28+00:00
delnazz,2,2026-06-05T10:31:28+00:00
meridabroch,2,2026-06-05T10:31:28+00:00
ninithenini,2,2026-06-05T10:31:28+00:00
uxiasmemory,2,2026-06-05T10:31:28+00:00
kookuette,2,2026-06-05T10:31:28+00:00
joeysarchive,2,2026-06-05T10:31:28+00:00
gl1tterstank,2,2026-06-05T10:31:28+00:00
ismorales,2,2026-06-05T10:31:28+00:00
ivonavulic,2,2026-06-05T10:31:28+00:00
abnertrovao,2,2026-06-05T10:31:28+00:00
otdotto,2,2026-06-05T10:31:28+00:00
yyleis,2,2026-06-05T10:31:28+00:00
wanabeyo,2,2026-06-05T10:31:28+00:00
spambutter,2,2026-06-05T10:31:28+00:00
kayleem04,2,2026-06-05T10:31:28+00:00
jln777,2,2026-06-05T10:31:28+00:00
sm00thy,2,2026-06-05T10:31:28+00:00
11damkina11,2,2026-06-05T10:31:28+00:00
doritoz68,2,2026-06-05T10:31:28+00:00
malfurhud,2,2026-06-05T10:31:28+00:00
tantwd,2,2026-06-05T10:31:28+00:00
trashhhentity,2,2026-06-05T10:31:28+00:00
00abel,2,2026-06-05T10:31:28+00:00
teosssb4,2,2026-06-05T10:31:28+00:00
rimann,2,2026-06-05T10:31:28+00:00
tommck12,2,2026-06-05T10:31:28+00:00
atesontop,2,2026-06-05T10:31:28+00:00
henrydrax,2,2026-06-05T10:31:28+00:00
nez97,2,2026-06-05T10:31:28+00:00
kokoizad,2,2026-06-05T10:31:28+00:00
shennnayang,2,2026-06-05T10:31:28+00:00
byonic0,2,2026-06-05T10:31:28+00:00
eatmaggi,2,2026-06-05T10:31:28+00:00
bewars,2,2026-06-05T10:31:28+00:00
madhuragr,2,2026-06-05T10:31:28+00:00
tzuyumania,2,2026-06-05T10:31:28+00:00
samcrispy,2,2026-06-05T10:31:28+00:00
ariaragx,2,2026-06-05T10:31:28+00:00
pietroluciani,2,2026-06-05T10:31:28+00:00
hiamy,2,2026-06-05T10:31:28+00:00
dldl221,2,2026-06-05T10:31:28+00:00
coolendcold,2,2026-06-05T10:31:28+00:00
evaor,2,2026-06-05T10:31:28+00:00
helene1234,2,2026-06-05T10:31:28+00:00
caressedbyswans,2,2026-06-05T10:31:28+00:00
vavabu,2,2026-06-05T10:31:28+00:00
neyik,2,2026-06-05T10:31:28+00:00
dfint64,2,2026-06-05T10:31:28+00:00
anthony_floress,2,2026-06-05T10:31:28+00:00
kimberlygiatan,2,2026-06-05T10:31:28+00:00
beluga_whale,2,2026-06-05T10:31:28+00:00
jasperarchie,2,2026-06-05T10:31:28+00:00
hic34,2,2026-06-05T10:31:28+00:00
tvguru,2,2026-06-05T10:31:28+00:00
kkkkkwan,2,2026-06-05T10:31:28+00:00
caitysol,2,2026-06-05T10:31:28+00:00
cryogf,2,2026-06-05T10:31:28+00:00
helgegon,2,2026-06-05T10:31:28+00:00
kitkatnoya,2,2026-06-05T10:31:28+00:00
chocwiepo,2,2026-06-05T10:31:28+00:00
tuktukkkk,2,2026-06-05T10:31:28+00:00
teenageblu33,2,2026-06-05T10:31:28+00:00
lovelylilacz,2,2026-06-05T10:31:28+00:00
yellaa,2,2026-06-05T10:31:28+00:00
jrod_choclo,2,2026-06-05T10:31:28+00:00
tbyrd15,2,2026-06-05T10:31:28+00:00
700equatro,2,2026-06-05T10:31:28+00:00
martiblue13,2,2026-06-05T10:31:28+00:00
steve_brule,2,2026-06-05T10:31:28+00:00
mayaplaya2014,2,2026-06-05T10:31:28+00:00
maruagain,2,2026-06-05T10:31:28+00:00
luzzhv,2,2026-06-05T10:31:28+00:00
midnighthot,2,2026-06-05T10:31:28+00:00
angelafufeng,2,2026-06-05T10:31:28+00:00
isleymf,2,2026-06-05T10:31:28+00:00
ahoernchen,2,2026-06-05T10:31:28+00:00
miro2874,2,2026-06-05T10:31:28+00:00
sowensij,2,2026-06-05T10:31:28+00:00
neetuwatchnext,2,2026-06-05T10:31:28+00:00
claratslt,2,2026-06-05T10:31:28+00:00
boystone,2,2026-06-05T10:31:28+00:00
dietd3th,2,2026-06-05T10:31:28+00:00
eigenvalued,2,2026-06-05T10:31:28+00:00
sunny_luk,2,2026-06-05T10:31:28+00:00
fionaelainev,2,2026-06-05T10:31:28+00:00
rezkyselvyra,2,2026-06-05T10:31:28+00:00
animel23,2,2026-06-05T10:31:28+00:00
mohaneg,2,2026-06-05T10:31:28+00:00
emrs00,2,2026-06-05T10:31:28+00:00
kneeiana,2,2026-06-05T10:31:28+00:00
donpepas69,2,2026-06-05T10:31:28+00:00
schrofingerbiv,2,2026-06-05T10:31:28+00:00
unicornfarsts,2,2026-06-05T10:31:28+00:00
jjkaizokuou,2,2026-06-05T10:31:28+00:00
pnined,2,2026-06-05T10:31:28+00:00
lilou_dpt3112,2,2026-06-05T10:31:28+00:00
shyda_shahin,2,2026-06-05T10:31:28+00:00
johannamazr,2,2026-06-05T10:31:28+00:00
imuce_,2,2026-06-05T10:31:28+00:00
4bid,2,2026-06-05T10:31:28+00:00
gh7221,2,2026-06-05T10:31:28+00:00
spitz322,2,2026-06-05T10:31:28+00:00
pj207,2,2026-06-05T10:31:28+00:00
kimminyeong,2,2026-06-05T10:31:28+00:00
takmaad,2,2026-06-05T10:31:28+00:00
arthurlorth,2,2026-06-05T10:31:28+00:00
nastycinephile,2,2026-06-05T10:31:28+00:00
yeammfieldd,2,2026-06-05T10:31:28+00:00
alenstyris,2,2026-06-05T10:31:28+00:00
haanniiaa,2,2026-06-05T10:31:28+00:00
rodd_go,2,2026-06-05T10:31:28+00:00
bxnished,2,2026-06-05T10:31:28+00:00
v3p,2,2026-06-05T10:31:28+00:00
gamgiulia,2,2026-06-05T10:31:28+00:00
hristovmh67,2,2026-06-05T10:31:28+00:00
kxlil_,2,2026-06-05T10:31:28+00:00
franqitopi,2,2026-06-05T10:31:28+00:00
jmdawg,2,2026-06-05T10:31:28+00:00
beckeryo,2,2026-06-05T10:31:28+00:00
c4r8,2,2026-06-05T10:31:28+00:00
kyokusanagi,2,2026-06-05T10:31:28+00:00
joeyhe01,2,2026-06-05T10:31:28+00:00
sabugoo,2,2026-06-05T10:31:28+00:00
gandanoia,2,2026-06-05T10:31:28+00:00
marieboulicaut,2,2026-06-05T10:31:28+00:00
indiab31,2,2026-06-05T10:31:28+00:00
annabasmanova,2,2026-06-05T10:31:28+00:00
janerikpatrick,2,2026-06-05T10:31:28+00:00
giuuuuz,2,2026-06-05T10:31:28+00:00
moras6,2,2026-06-05T10:31:28+00:00
biglou52,2,2026-06-05T10:31:28+00:00
mgz327,2,2026-06-05T10:31:28+00:00
khaledmuhamed,2,2026-06-05T10:31:28+00:00
gzeynepp,2,2026-06-05T10:31:28+00:00
delon_chilll,2,2026-06-05T10:31:28+00:00
liamash05,2,2026-06-05T10:31:28+00:00
barbara228,2,2026-06-05T10:31:28+00:00
shubh231,2,2026-06-05T10:31:28+00:00
norao0,2,2026-06-05T10:31:28+00:00
wopieo,2,2026-06-05T10:31:28+00:00
shangsha,2,2026-06-05T10:31:28+00:00
keiwaiyem,2,2026-06-05T10:31:28+00:00
tallblondchick1,2,2026-06-05T10:31:28+00:00
adhd_is_nice,2,2026-06-05T10:31:28+00:00
mavima_vi,2,2026-06-05T10:31:28+00:00
fanyln_,2,2026-06-05T10:31:28+00:00
naddkq,2,2026-06-05T10:31:28+00:00
taarene,2,2026-06-05T10:31:28+00:00
benediktasamarz,2,2026-06-05T10:31:28+00:00
meow1257,2,2026-06-05T10:31:28+00:00
sydney555,2,2026-06-05T10:31:28+00:00
mjlk_milo,2,2026-06-05T10:31:28+00:00
soulilac,2,2026-06-05T10:31:28+00:00
daydrmn,2,2026-06-05T10:31:28+00:00
jav0c,2,2026-06-05T10:31:28+00:00
cheesepuff1265,2,2026-06-05T10:31:28+00:00
rafanoronha,2,2026-06-05T10:31:28+00:00
ercopey,2,2026-06-05T10:31:28+00:00
davidpalmtree,2,2026-06-05T10:31:28+00:00
liliesvenom,2,2026-06-05T10:31:28+00:00
deadheadjunior,2,2026-06-05T10:31:28+00:00
shaffyyy,2,2026-06-05T10:31:28+00:00
hamster0x0,2,2026-06-05T10:31:28+00:00
ilovefilmsmiki,2,2026-06-05T10:31:28+00:00
wensoneee,2,2026-06-05T10:31:28+00:00
algaebloomed,2,2026-06-05T10:31:28+00:00
nicolesucks124,2,2026-06-05T10:31:28+00:00
loz_zzy,2,2026-06-05T10:31:28+00:00
oddethh,2,2026-06-05T10:31:28+00:00
alstream,2,2026-06-05T10:31:28+00:00
rawr_rawr_woof,2,2026-06-05T10:31:28+00:00
midepa,2,2026-06-05T10:31:28+00:00
klopsik,2,2026-06-05T10:31:28+00:00
greyc18,2,2026-06-05T10:31:28+00:00
shelliee,2,2026-06-05T10:31:28+00:00
monomoo,2,2026-06-05T10:31:28+00:00
canfeel,2,2026-06-05T10:31:28+00:00
ratatouillefan5,2,2026-06-05T10:31:28+00:00
vsangela,2,2026-06-05T10:31:28+00:00
john101804,2,2026-06-05T10:31:28+00:00
lioulou,2,2026-06-05T10:31:28+00:00
aesim,2,2026-06-05T10:31:28+00:00
skerofwayt,2,2026-06-05T10:31:28+00:00
f_20257,2,2026-06-05T10:31:28+00:00
kalisto46,2,2026-06-05T10:31:28+00:00
spanksinatra,2,2026-06-05T10:31:28+00:00
myoumi,2,2026-06-05T10:31:28+00:00
sop_hie010,2,2026-06-05T10:31:28+00:00
joanna67,2,2026-06-05T10:31:28+00:00
alexdazca,2,2026-06-05T10:31:28+00:00
elliotreed5,2,2026-06-05T10:31:28+00:00
kaamicrazy,2,2026-06-05T10:31:28+00:00
rapiidgf,2,2026-06-05T10:31:28+00:00
mooncathedral,2,2026-06-05T10:31:28+00:00
whiteqwx,2,2026-06-05T10:31:28+00:00
raaorqtpbpdy,2,2026-06-05T10:31:28+00:00
rics11,2,2026-06-05T10:31:28+00:00
meatforpit,2,2026-06-05T10:31:28+00:00
roachmonk,2,2026-06-05T10:31:28+00:00
isaiaharmour,2,2026-06-05T10:31:28+00:00
operry4,2,2026-06-05T10:31:28+00:00
promovieseer,2,2026-06-05T10:31:28+00:00
simonmegalox,2,2026-06-05T10:31:28+00:00
lavashaklord,2,2026-06-05T10:31:28+00:00
phoenixstanton,2,2026-06-05T10:31:28+00:00
fuegofm,2,2026-06-05T10:31:28+00:00
beezeeee,2,2026-06-05T10:31:28+00:00
cesia_1443,2,2026-06-05T10:31:28+00:00
joeefanmason,2,2026-06-05T10:31:28+00:00
ciyaus,2,2026-06-05T10:31:28+00:00
abhi2772,2,2026-06-05T10:31:28+00:00
my_username08,2,2026-06-05T10:31:28+00:00
shades10110,2,2026-06-05T10:31:28+00:00
eleeleet,2,2026-06-05T10:31:28+00:00
big__bird,2,2026-06-05T10:31:28+00:00
mahrus,2,2026-06-05T10:31:28+00:00
adamkatona7,2,2026-06-05T10:31:28+00:00
abdulisnotok,2,2026-06-05T10:31:28+00:00
renfyrr,2,2026-06-05T10:31:28+00:00
neeldagoat,2,2026-06-05T10:31:28+00:00
emimiiii_,2,2026-06-05T10:31:28+00:00
morimadar,2,2026-06-05T10:31:28+00:00
lucyfairfax,2,2026-06-05T10:31:28+00:00
cha_llvr,2,2026-06-05T10:31:28+00:00
nacker77,2,2026-06-05T10:31:28+00:00
nanayss,2,2026-06-05T10:31:28+00:00
trx_02,2,2026-06-05T10:31:28+00:00
nofe08,2,2026-06-05T10:31:28+00:00
ishmaell,2,2026-06-05T10:31:28+00:00
apb2811,2,2026-06-05T10:31:28+00:00
izzy_nas,2,2026-06-05T10:31:28+00:00
marssyy,2,2026-06-05T10:31:28+00:00
justinmm357,2,2026-06-05T10:31:28+00:00
williamkain,2,2026-06-05T10:31:28+00:00
alibrie,2,2026-06-05T10:31:28+00:00
pattises,2,2026-06-05T10:31:28+00:00
freezix,2,2026-06-05T10:31:28+00:00
fallen_luci,2,2026-06-05T10:31:28+00:00
arti10,2,2026-06-05T10:31:28+00:00
erhanbulucu,2,2026-06-05T10:31:28+00:00
luluicia,2,2026-06-05T10:31:28+00:00
sardr,2,2026-06-05T10:31:28+00:00
haniaeloelo,2,2026-06-05T10:31:28+00:00
leadpoisonings,2,2026-06-05T10:31:28+00:00
berserkzone,2,2026-06-05T10:31:28+00:00
nko09,2,2026-06-05T10:31:28+00:00
joeyiz,2,2026-06-05T10:31:28+00:00
sicchesi,2,2026-06-05T10:31:28+00:00
enzymezo,2,2026-06-05T10:31:28+00:00
amonl,2,2026-06-05T10:31:28+00:00
ann_as,2,2026-06-05T10:31:28+00:00
mastiraja,2,2026-06-05T10:31:28+00:00
starkesburyie,2,2026-06-05T10:31:28+00:00
henrydw_,2,2026-06-05T10:31:28+00:00
samu_7_,2,2026-06-05T10:31:28+00:00
moonstarcandy,2,2026-06-05T10:31:28+00:00
bingobengo9,2,2026-06-05T10:31:28+00:00
leonoorrm,2,2026-06-05T10:31:28+00:00
gemorion,2,2026-06-05T10:31:28+00:00
milky_666,2,2026-06-05T10:31:28+00:00
clari__p,2,2026-06-05T10:31:28+00:00
samie99,2,2026-06-05T10:31:28+00:00
moonimeow,2,2026-06-05T10:31:28+00:00
item17a,2,2026-06-05T10:31:28+00:00
wizardofplay,2,2026-06-05T10:31:28+00:00
blakeyow,2,2026-06-05T10:31:28+00:00
abuddy50,2,2026-06-05T10:31:28+00:00
paripawar,2,2026-06-05T10:31:28+00:00
bcrispy,2,2026-06-05T10:31:28+00:00
kaiser_sause,2,2026-06-05T10:31:28+00:00
r0ldc,2,2026-06-05T10:31:28+00:00
stevensumner01,2,2026-06-05T10:31:28+00:00
matsoprinceps,2,2026-06-05T10:31:28+00:00
moscadebar__,2,2026-06-05T10:31:28+00:00
filmcandia,2,2026-06-05T10:31:28+00:00
corzati,2,2026-06-05T10:31:28+00:00
weathereport30,2,2026-06-05T10:31:28+00:00
gautam008,2,2026-06-05T10:31:28+00:00
70bf_,2,2026-06-05T10:31:28+00:00
zzsh11,2,2026-06-05T10:31:28+00:00
lonefield,2,2026-06-05T10:31:28+00:00
browncam183,2,2026-06-05T10:31:28+00:00
sofiaaxl013,2,2026-06-05T10:31:28+00:00
drjackabbot,2,2026-06-05T10:31:28+00:00
cherryfroot,2,2026-06-05T10:31:28+00:00
cameronethan,2,2026-06-05T10:31:28+00:00
filepenyez,2,2026-06-05T10:31:28+00:00
mar1oukos,2,2026-06-05T10:31:28+00:00
isabellesa,2,2026-06-05T10:31:28+00:00
aspw,2,2026-06-05T10:31:28+00:00
iceicewater,2,2026-06-05T10:31:28+00:00
joelhernanndez,2,2026-06-05T10:31:28+00:00
chillpaw,2,2026-06-05T10:31:28+00:00
qasdervaq,2,2026-06-05T10:31:28+00:00
lucielayne,2,2026-06-05T10:31:28+00:00
cctrlm,2,2026-06-05T10:31:28+00:00
moriokava,2,2026-06-05T10:31:28+00:00
dophill93,2,2026-06-05T10:31:28+00:00
prairieshrew,2,2026-06-05T10:31:28+00:00
diegoofalderaan,2,2026-06-05T10:31:28+00:00
lillykezza,2,2026-06-05T10:31:28+00:00
lilianax71,2,2026-06-05T10:31:28+00:00
a44_aardvark,2,2026-06-05T10:31:28+00:00
carlucci_remi,2,2026-06-05T10:31:28+00:00
iskaloui,2,2026-06-05T10:31:28+00:00
frameal,2,2026-06-05T10:31:28+00:00
willpainter,2,2026-06-05T10:31:28+00:00
carliniha,2,2026-06-05T10:31:28+00:00
girlnextdoor_1,2,2026-06-05T10:31:28+00:00
avogadrosez,2,2026-06-05T10:31:28+00:00
slothlover63,2,2026-06-05T10:31:28+00:00
liam_neg07,2,2026-06-05T10:31:28+00:00
spaghettibeast,2,2026-06-05T10:31:28+00:00
sirkisneige,2,2026-06-05T10:31:28+00:00
fadeintoyu,2,2026-06-05T10:31:28+00:00
viyen,2,2026-06-05T10:31:28+00:00
om3rstudios,2,2026-06-05T10:31:28+00:00
jette07,2,2026-06-05T10:31:28+00:00
leathefaced,2,2026-06-05T10:31:28+00:00
kevo24,2,2026-06-05T10:31:28+00:00
arshkk,2,2026-06-05T10:31:28+00:00
savdagupion,2,2026-06-05T10:31:28+00:00
ameenfn,2,2026-06-05T10:31:28+00:00
smllima,2,2026-06-05T10:31:28+00:00
mimu04,2,2026-06-05T10:31:28+00:00
kartikeysaxena,2,2026-06-05T10:31:28+00:00
amadeues,2,2026-06-05T10:31:28+00:00
k4sew,2,2026-06-05T10:31:28+00:00
lizaliz4,2,2026-06-05T10:31:28+00:00
mateo575,2,2026-06-05T10:31:28+00:00
andrebonni,2,2026-06-05T10:31:28+00:00
andysw2,2,2026-06-05T10:31:28+00:00
deniseb26,2,2026-06-05T10:31:28+00:00
nell_mrs,2,2026-06-05T10:31:28+00:00
ranvix,2,2026-06-05T10:31:28+00:00
mckaycal,2,2026-06-05T10:31:28+00:00
iluvcranberi,2,2026-06-05T10:31:28+00:00
rei1504,2,2026-06-05T10:31:28+00:00
sashart,2,2026-06-05T10:31:28+00:00
majduddeen,2,2026-06-05T10:31:28+00:00
agentdos7,2,2026-06-05T10:31:28+00:00
nori_niro,2,2026-06-05T10:31:28+00:00
claraflix,2,2026-06-05T10:31:28+00:00
laccromyrmex,2,2026-06-05T10:31:28+00:00
lio_pdm,2,2026-06-05T10:31:28+00:00
la_nanda,2,2026-06-05T10:31:28+00:00
souxfol,2,2026-06-05T10:31:28+00:00
stxsoul,2,2026-06-05T10:31:28+00:00
thp_,2,2026-06-05T10:31:28+00:00
thabetsaeed,2,2026-06-05T10:31:28+00:00
piscizmagazine,2,2026-06-05T10:31:28+00:00
itsyaboidano,2,2026-06-05T10:31:28+00:00
javloniy,2,2026-06-05T10:31:28+00:00
eagles818,2,2026-06-05T10:31:28+00:00
yqhi,2,2026-06-05T10:31:28+00:00
gaoprisco10,2,2026-06-05T10:31:28+00:00
zzz_ia,2,2026-06-05T10:31:28+00:00
jendazen,2,2026-06-05T10:31:28+00:00
okei_edgy,2,2026-06-05T10:31:28+00:00
cresiah,2,2026-06-05T10:31:28+00:00
nextmoviee,2,2026-06-05T10:31:28+00:00
meroxi3,2,2026-06-05T10:31:28+00:00
lazzarush,2,2026-06-05T10:31:28+00:00
slippinjimmy111,2,2026-06-05T10:31:28+00:00
magicfloater,2,2026-06-05T10:31:28+00:00
arya1105,2,2026-06-05T10:31:28+00:00
alicelalsatir,2,2026-06-05T10:31:28+00:00
martynka8,2,2026-06-05T10:31:28+00:00
metagr0ss,2,2026-06-05T10:31:28+00:00
arun_ashok,2,2026-06-05T10:31:28+00:00
fadds2812,2,2026-06-05T10:31:28+00:00
gjaontjg,2,2026-06-05T10:31:28+00:00
savedmyeggs,2,2026-06-05T10:31:28+00:00
solenewillemart,2,2026-06-05T10:31:28+00:00
aidananas,2,2026-06-05T10:31:28+00:00
lulu54films,2,2026-06-05T10:31:28+00:00
chalacoste33,2,2026-06-05T10:31:28+00:00
drackson1,2,2026-06-05T10:31:28+00:00
zromist8,2,2026-06-05T10:31:28+00:00
anubisjudge,2,2026-06-05T10:31:28+00:00
ava19m,2,2026-06-05T10:31:28+00:00
secretreel,2,2026-06-05T10:31:28+00:00
ttozja,2,2026-06-05T10:31:28+00:00
alreadybinged,2,2026-06-05T10:31:28+00:00
boylewill,2,2026-06-05T10:31:28+00:00
maris04_,2,2026-06-05T10:31:28+00:00
johnconnelly85,2,2026-06-05T10:31:28+00:00
makemewatch,2,2026-06-05T10:31:28+00:00
markusberg,2,2026-06-05T10:31:28+00:00
afro_samirai,2,2026-06-05T10:31:28+00:00
floppyflops,2,2026-06-05T10:31:28+00:00
mrf_watches,2,2026-06-05T10:31:28+00:00
monish_0817,2,2026-06-05T10:31:28+00:00
naghamsalah,2,2026-06-05T10:31:28+00:00
eligaddis,2,2026-06-05T10:31:28+00:00
marcus211,2,2026-06-05T10:31:28+00:00
lexrycroft,2,2026-06-05T10:31:28+00:00
aguillejolie,2,2026-06-05T10:31:28+00:00
fadwabander,2,2026-06-05T10:31:28+00:00
winerose,2,2026-06-05T10:31:28+00:00
clelie_prt06,2,2026-06-05T10:31:28+00:00
emcsquaredd,2,2026-06-05T10:31:28+00:00
bragelbro,2,2026-06-05T10:31:28+00:00
colbythegrape,2,2026-06-05T10:31:28+00:00
isbog,2,2026-06-05T10:31:28+00:00
emma_mnt,2,2026-06-05T10:31:28+00:00
selmandoruk,2,2026-06-05T10:31:28+00:00
bumsta99,2,2026-06-05T10:31:28+00:00
badgercommander,2,2026-06-05T10:31:28+00:00
imsolen,2,2026-06-05T10:31:28+00:00
masonpattoo,2,2026-06-05T10:31:28+00:00
aleeking,2,2026-06-05T10:31:28+00:00
finbar_tilley,2,2026-06-05T10:31:28+00:00
gsolano100,2,2026-06-05T10:31:28+00:00
harinarayan07,2,2026-06-05T10:31:28+00:00
john_creasy,2,2026-06-05T10:31:28+00:00
gab1717,2,2026-06-05T10:31:28+00:00
blabal019,2,2026-06-05T10:31:28+00:00
jubings,2,2026-06-05T10:31:28+00:00
tommyreviews,2,2026-06-05T10:31:28+00:00
lukestewr,2,2026-06-05T10:31:28+00:00
henneberg,2,2026-06-05T10:31:28+00:00
bustalamo,2,2026-06-05T10:31:28+00:00
deafblindduck,2,2026-06-05T10:31:28+00:00
agustinn615,2,2026-06-05T10:31:28+00:00
cameron1551,2,2026-06-05T10:31:28+00:00
lzzysxmin,2,2026-06-05T10:31:28+00:00
theauroradiarie,2,2026-06-05T10:31:28+00:00
revieweeview,2,2026-06-05T10:31:28+00:00
nadwin,2,2026-06-05T10:31:28+00:00
guna_05,2,2026-06-05T10:31:28+00:00
diegogs812,2,2026-06-05T10:31:28+00:00
carrotcake33,2,2026-06-05T10:31:28+00:00
alesomcr,2,2026-06-05T10:31:28+00:00
jckynjill,2,2026-06-05T10:31:28+00:00
kylej00,2,2026-06-05T10:31:28+00:00
owenlucy010,2,2026-06-05T10:31:28+00:00
25_mannan,2,2026-06-05T10:31:28+00:00
williamcerdelli,2,2026-06-05T10:31:28+00:00
kat_van_spook,2,2026-06-05T10:31:28+00:00
tdogg42069,2,2026-06-05T10:31:28+00:00
skitrip1,2,2026-06-05T10:31:28+00:00
shalalilulelo,2,2026-06-05T10:31:28+00:00
lylarosekerr11,2,2026-06-05T10:31:28+00:00
the_rosebride,2,2026-06-05T10:31:28+00:00
alicethomas97,2,2026-06-05T10:31:28+00:00
areysam,2,2026-06-05T10:31:28+00:00
inziziwetrust,2,2026-06-05T10:31:28+00:00
annyo_,2,2026-06-05T10:31:28+00:00
valdemar89,2,2026-06-05T10:31:28+00:00
noavoo,2,2026-06-05T10:31:28+00:00
mollp,2,2026-06-05T10:31:28+00:00
jrsarah,2,2026-06-05T10:31:28+00:00
hellimac,2,2026-06-05T10:31:28+00:00
majisarap,2,2026-06-05T10:31:28+00:00
katskiii_,2,2026-06-05T10:31:28+00:00
manellii,2,2026-06-05T10:31:28+00:00
snorrr,2,2026-06-05T10:31:28+00:00
nangnanguy,2,2026-06-05T10:31:28+00:00
maganick,2,2026-06-05T10:31:28+00:00
evilbitchinprek,2,2026-06-05T10:31:28+00:00
nxcxllx,2,2026-06-05T10:31:28+00:00
mimissyyy,2,2026-06-05T10:31:28+00:00
megumisloml,2,2026-06-05T10:31:28+00:00
knhza,2,2026-06-05T10:31:28+00:00
pelerkuda,2,2026-06-05T10:31:28+00:00
luwrixy,2,2026-06-05T10:31:28+00:00
renorenoo,2,2026-06-05T10:31:28+00:00
nannapariss,2,2026-06-05T10:31:28+00:00
nivinivi,2,2026-06-05T10:31:28+00:00
diama2,2,2026-06-05T10:31:28+00:00
slayeriebat,2,2026-06-05T10:31:28+00:00
clicktobesaved,2,2026-06-05T10:31:28+00:00
k_atwood,2,2026-06-05T10:31:28+00:00
joli05,2,2026-06-05T10:31:28+00:00
fobniga,2,2026-06-05T10:31:28+00:00
natkaaa19,2,2026-06-05T10:31:28+00:00
daisylewis24,2,2026-06-05T10:31:28+00:00
chameleeon_mp4,2,2026-06-05T10:31:28+00:00
qrounitorium,2,2026-06-05T10:31:28+00:00
justforj,2,2026-06-05T10:31:28+00:00
madisonclaire09,2,2026-06-05T10:31:28+00:00
ealmyra,2,2026-06-05T10:31:28+00:00
pierre_lf44,2,2026-06-05T10:31:28+00:00
airinisnotdead,2,2026-06-05T10:31:28+00:00
hangeszs,2,2026-06-05T10:31:28+00:00
yeamy,2,2026-06-05T10:31:28+00:00
panosavg,2,2026-06-05T10:31:28+00:00
dannysaan,2,2026-06-05T10:31:28+00:00
pembuyah,2,2026-06-05T10:31:28+00:00
vingt_un,2,2026-06-05T10:31:28+00:00
abunl,2,2026-06-05T10:31:28+00:00
daily01,2,2026-06-05T10:31:28+00:00
1fortune,2,2026-06-05T10:31:28+00:00
syeinvain,2,2026-06-05T10:31:28+00:00
the_doorknob456,2,2026-06-05T10:31:28+00:00
gab2345,2,2026-06-05T10:31:28+00:00
heyypkpl,2,2026-06-05T10:31:28+00:00
iinggum,2,2026-06-05T10:31:28+00:00
marenjosdal,2,2026-06-05T10:31:28+00:00
lelel4fripouil,2,2026-06-05T10:31:28+00:00
nielyo_o,2,2026-06-05T10:31:28+00:00
pierreclimacus,2,2026-06-05T10:31:28+00:00
walaa_565,2,2026-06-05T10:31:28+00:00
______jools,2,2026-06-05T10:31:28+00:00
sasuuyy,2,2026-06-05T10:31:28+00:00
theflamly,2,2026-06-05T10:31:28+00:00
millmck,2,2026-06-05T10:31:28+00:00
candelaroma,2,2026-06-05T10:31:28+00:00
just1person,2,2026-06-05T10:31:28+00:00
nz6z,2,2026-06-05T10:31:28+00:00
atloilydba,2,2026-06-05T10:31:28+00:00
varyaxb,2,2026-06-05T10:31:28+00:00
saltedpopcorn3,2,2026-06-05T10:31:28+00:00
maliksarell,2,2026-06-05T10:31:28+00:00
guulay,2,2026-06-05T10:31:28+00:00
flashooow,2,2026-06-05T10:31:28+00:00
reling,2,2026-06-05T10:31:28+00:00
rahhmamuhhamed,2,2026-06-05T10:31:28+00:00
maddiehanley,2,2026-06-05T10:31:28+00:00
basmaheartpaul,2,2026-06-05T10:31:28+00:00
juliamaalv,2,2026-06-05T10:31:28+00:00
mehakchadha,2,2026-06-05T10:31:28+00:00
sharanyaaa,2,2026-06-05T10:31:28+00:00
edenskii,2,2026-06-05T10:31:28+00:00
briannaswan,2,2026-06-05T10:31:28+00:00
itsjana_moviess,2,2026-06-05T10:31:28+00:00
saumyyaojha,2,2026-06-05T10:31:28+00:00
yoohyul,2,2026-06-05T10:31:28+00:00
jd4100,2,2026-06-05T10:31:28+00:00
leotaylorpizza,2,2026-06-05T10:31:28+00:00
g_for_grace,2,2026-06-05T10:31:28+00:00
sentimentalbet,2,2026-06-05T10:31:28+00:00
mollycoldham,2,2026-06-05T10:31:28+00:00
_n1daa,2,2026-06-05T10:31:28+00:00
vanillas0ur,2,2026-06-05T10:31:28+00:00
sharkzzs,2,2026-06-05T10:31:28+00:00
st0j,2,2026-06-05T10:31:28+00:00
orintalukder,2,2026-06-05T10:31:28+00:00
eves09,2,2026-06-05T10:31:28+00:00
oscaru21,2,2026-06-05T10:31:28+00:00
vsalazar831,2,2026-06-05T10:31:28+00:00
jireall,2,2026-06-05T10:31:28+00:00
cotin31_k,1,2026-06-05T10:31:28+00:00
sly04,1,2026-06-05T10:31:28+00:00
4ngelcen,1,2026-06-05T10:31:28+00:00
blisszz,1,2026-06-05T10:31:28+00:00
s_tarmsc,1,2026-06-05T10:31:28+00:00
malakasaad2021,1,2026-06-05T10:31:28+00:00
zarnesh,1,2026-06-05T10:31:28+00:00
jl_ln,1,2026-06-05T10:31:28+00:00
sophiedbrot,1,2026-06-05T10:31:28+00:00
angiegcor,1,2026-06-05T10:31:28+00:00
gigaclok,1,2026-06-05T10:31:28+00:00
supriyayaa,1,2026-06-05T10:31:28+00:00
louuuna,1,2026-06-05T10:31:28+00:00
kimikym,1,2026-06-05T10:31:28+00:00
iiiivannn,1,2026-06-05T10:31:28+00:00
parquez,1,2026-06-05T10:31:28+00:00
thotsdump,1,2026-06-05T10:31:28+00:00
tuttitras,1,2026-06-05T10:31:28+00:00
julialny,1,2026-06-05T10:31:28+00:00
kaiyamariie,1,2026-06-05T10:31:28+00:00
xphil,1,2026-06-05T10:31:28+00:00
ottosm_,1,2026-06-05T10:31:28+00:00
lautisou,1,2026-06-05T10:31:28+00:00
dinmaa,1,2026-06-05T10:31:28+00:00
anulciaaa,1,2026-06-05T10:31:28+00:00
ostralito,1,2026-06-05T10:31:28+00:00
hyuzhr1,1,2026-06-05T10:31:28+00:00
mriezzxxb,1,2026-06-05T10:31:28+00:00
gurriesgo,1,2026-06-05T10:31:28+00:00
fredaze,1,2026-06-05T10:31:28+00:00
rablagouzdale,1,2026-06-05T10:31:28+00:00
skeemu,1,2026-06-05T10:31:28+00:00
lena_stan,1,2026-06-05T10:31:28+00:00
destha,1,2026-06-05T10:31:28+00:00
salshawi,1,2026-06-05T10:31:28+00:00
arcticpoetry,1,2026-06-05T10:31:28+00:00
sendogthedog,1,2026-06-05T10:31:28+00:00
dreamsofme,1,2026-06-05T10:31:28+00:00
diggia06,1,2026-06-05T10:31:28+00:00
coolestkid2187,1,2026-06-05T10:31:28+00:00
marijacher,1,2026-06-05T10:31:28+00:00
caidezzzclaire,1,2026-06-05T10:31:28+00:00
marieahcurry888,1,2026-06-05T10:31:28+00:00
insanefox,1,2026-06-05T10:31:28+00:00
selimebaka,1,2026-06-05T10:31:28+00:00
nazzasall,1,2026-06-05T10:31:28+00:00
ninavldj,1,2026-06-05T10:31:28+00:00
stanley_kubrick,1,2026-06-05T10:31:28+00:00
fekthis100times,1,2026-06-05T10:31:28+00:00
saritamoviestar,1,2026-06-05T10:31:28+00:00
tamsiyel,1,2026-06-05T10:31:28+00:00
bernardodiar,1,2026-06-05T10:31:28+00:00
trapgouz,1,2026-06-05T10:31:28+00:00
jinme,1,2026-06-05T10:31:28+00:00
sidya_d,1,2026-06-05T10:31:28+00:00
aanttonin,1,2026-06-05T10:31:28+00:00
tiagz952,1,2026-06-05T10:31:28+00:00
henriiik,1,2026-06-05T10:31:28+00:00
ilomiiilo,1,2026-06-05T10:31:28+00:00
krazypandas,1,2026-06-05T10:31:28+00:00
colinrowe,1,2026-06-05T10:31:28+00:00
llamerrr,1,2026-06-05T10:31:28+00:00
kaiseii,1,2026-06-05T10:31:28+00:00
nakulo,1,2026-06-05T10:31:28+00:00
natraps,1,2026-06-05T10:31:28+00:00
kyotho,1,2026-06-05T10:31:28+00:00
emregulcan,1,2026-06-05T10:31:28+00:00
etherealnexus,1,2026-06-05T10:31:28+00:00
lucambiance,1,2026-06-05T10:31:28+00:00
selenag2996,1,2026-06-05T10:31:28+00:00
tenppo,1,2026-06-05T10:31:28+00:00
bluerthan_blue,1,2026-06-05T10:31:28+00:00
haley0822,1,2026-06-05T10:31:28+00:00
henry_14g,1,2026-06-05T10:31:28+00:00
tearsces,1,2026-06-05T10:31:28+00:00
saudzl7,1,2026-06-05T10:31:28+00:00
zcvx,1,2026-06-05T10:31:28+00:00
falnau,1,2026-06-05T10:31:28+00:00
ozai07,1,2026-06-05T10:31:28+00:00
t3lly_wuw,1,2026-06-05T10:31:28+00:00
jayzzez,1,2026-06-05T10:31:28+00:00
jonbag,1,2026-06-05T10:31:28+00:00
scryptt,1,2026-06-05T10:31:28+00:00
ritaal,1,2026-06-05T10:31:28+00:00
galeszn,1,2026-06-05T10:31:28+00:00
nikgarciaa,1,2026-06-05T10:31:28+00:00
gxmadx,1,2026-06-05T10:31:28+00:00
aden24,1,2026-06-05T10:31:28+00:00
ishinjvlia,1,2026-06-05T10:31:28+00:00
ijotaese1,1,2026-06-05T10:31:28+00:00
change1,1,2026-06-05T10:31:28+00:00
ruineleint,1,2026-06-05T10:31:28+00:00
daniloarg,1,2026-06-05T10:31:28+00:00
iraneto,1,2026-06-05T10:31:28+00:00
ericericudo,1,2026-06-05T10:31:28+00:00
c_oasis,1,2026-06-05T10:31:28+00:00
katakcsks,1,2026-06-05T10:31:28+00:00
lana_lana9,1,2026-06-05T10:31:28+00:00
egarzo99,1,2026-06-05T10:31:28+00:00
sxyz,1,2026-06-05T10:31:28+00:00
siopaowao,1,2026-06-05T10:31:28+00:00
therllyfatcat,1,2026-06-05T10:31:28+00:00
arjungyllenhaal,1,2026-06-05T10:31:28+00:00
fishihd,1,2026-06-05T10:31:28+00:00
dxanloll,1,2026-06-05T10:31:28+00:00
jimmygobegreat,1,2026-06-05T10:31:28+00:00
emsterlemster,1,2026-06-05T10:31:28+00:00
andreaahz,1,2026-06-05T10:31:28+00:00
masonbenjamin13,1,2026-06-05T10:31:28+00:00
remitempest,1,2026-06-05T10:31:28+00:00
jackwant,1,2026-06-05T10:31:28+00:00
itskeekzz,1,2026-06-05T10:31:28+00:00
ollieogden,1,2026-06-05T10:31:28+00:00
katth4,1,2026-06-05T10:31:28+00:00
carolinehaislip,1,2026-06-05T10:31:28+00:00
bayesmc,1,2026-06-05T10:31:28+00:00
criesforscreams,1,2026-06-05T10:31:28+00:00
ryangray,1,2026-06-05T10:31:28+00:00
hanal911,1,2026-06-05T10:31:28+00:00
some1frompluto,1,2026-06-05T10:31:28+00:00
tuyay,1,2026-06-05T10:31:28+00:00
bastian20,1,2026-06-05T10:31:28+00:00
zwarsama,1,2026-06-05T10:31:28+00:00
l3m0nc4ndy,1,2026-06-05T10:31:28+00:00
_crybaby94_,1,2026-06-05T10:31:28+00:00
danielcardon,1,2026-06-05T10:31:28+00:00
jlz7,1,2026-06-05T10:31:28+00:00
shell_webm0,1,2026-06-05T10:31:28+00:00
bagofnarwhals,1,2026-06-05T10:31:28+00:00
ilrisel,1,2026-06-05T10:31:28+00:00
claudiamrozik,1,2026-06-05T10:31:28+00:00
vio_o,1,2026-06-05T10:31:28+00:00
wordy00,1,2026-06-05T10:31:28+00:00
arthurhamamoto,1,2026-06-05T10:31:28+00:00
aliataa,1,2026-06-05T10:31:28+00:00
madieyam,1,2026-06-05T10:31:28+00:00
sai696,1,2026-06-05T10:31:28+00:00
vpxste,1,2026-06-05T10:31:28+00:00
cadeanalia,1,2026-06-05T10:31:28+00:00
pinkpaperflowed,1,2026-06-05T10:31:28+00:00
h_26ha0,1,2026-06-05T10:31:28+00:00
gabgab26,1,2026-06-05T10:31:28+00:00
fateme_e,1,2026-06-05T10:31:28+00:00
aftabrazakhan,1,2026-06-05T10:31:28+00:00
elya3,1,2026-06-05T10:31:28+00:00
ryoo_oh,1,2026-06-05T10:31:28+00:00
bluetoninet,1,2026-06-05T10:31:28+00:00
carolinabutes,1,2026-06-05T10:31:28+00:00
jamescpotter,1,2026-06-05T10:31:28+00:00
asofiact,1,2026-06-05T10:31:28+00:00
mrderousninja,1,2026-06-05T10:31:28+00:00
elai20,1,2026-06-05T10:31:28+00:00
basilmrt,1,2026-06-05T10:31:28+00:00
sahxb,1,2026-06-05T10:31:28+00:00
ev1nia,1,2026-06-05T10:31:28+00:00
i_got_this_egg,1,2026-06-05T10:31:28+00:00
shreygoat,1,2026-06-05T10:31:28+00:00
chiarachiang,1,2026-06-05T10:31:28+00:00
mcjlovesfilms,1,2026-06-05T10:31:28+00:00
iamdhiraj69,1,2026-06-05T10:31:28+00:00
k1ttyliquor,1,2026-06-05T10:31:28+00:00
crowjunk,1,2026-06-05T10:31:28+00:00
lucioleel,1,2026-06-05T10:31:28+00:00
iadgiulia,1,2026-06-05T10:31:28+00:00
olako_,1,2026-06-05T10:31:28+00:00
lidenko,1,2026-06-05T10:31:28+00:00
m_azami,1,2026-06-05T10:31:28+00:00
maddison56500,1,2026-06-05T10:31:28+00:00
atattnin4re,1,2026-06-05T10:31:28+00:00
dny2u,1,2026-06-05T10:31:28+00:00
mrdiskzhokejs,1,2026-06-05T10:31:28+00:00
slodkakrewetka,1,2026-06-05T10:31:28+00:00
naar8,1,2026-06-05T10:31:28+00:00
nekarc,1,2026-06-05T10:31:28+00:00
enzyscar,1,2026-06-05T10:31:28+00:00
kurzehose,1,2026-06-05T10:31:28+00:00
melker10,1,2026-06-05T10:31:28+00:00
snowydelta,1,2026-06-05T10:31:28+00:00
sostavmetha,1,2026-06-05T10:31:28+00:00
muggpillow27,1,2026-06-05T10:31:28+00:00
alostweed,1,2026-06-05T10:31:28+00:00
khaibula,1,2026-06-05T10:31:28+00:00
wlimited,1,2026-06-05T10:31:28+00:00
tr4cslz,1,2026-06-05T10:31:28+00:00
planetsaturnn,1,2026-06-05T10:31:28+00:00
marynaraaa,1,2026-06-05T10:31:28+00:00
henleyfrnd,1,2026-06-05T10:31:28+00:00
kajusxo_,1,2026-06-05T10:31:28+00:00
nielshendrx,1,2026-06-05T10:31:28+00:00
voldek,1,2026-06-05T10:31:28+00:00
szyba64,1,2026-06-05T10:31:28+00:00
mchichi,1,2026-06-05T10:31:28+00:00
giwta11,1,2026-06-05T10:31:28+00:00
likeh,1,2026-06-05T10:31:28+00:00
vassudagama,1,2026-06-05T10:31:28+00:00
emmmaortiz,1,2026-06-05T10:31:28+00:00
envywave,1,2026-06-05T10:31:28+00:00
jonas_bette,1,2026-06-05T10:31:28+00:00
thefortdanum,1,2026-06-05T10:31:28+00:00
veevii,1,2026-06-05T10:31:28+00:00
rissaveronica,1,2026-06-05T10:31:28+00:00
lime0,1,2026-06-05T10:31:28+00:00
_kishhh22,1,2026-06-05T10:31:28+00:00
vitllinnss,1,2026-06-05T10:31:28+00:00
spidey_m,1,2026-06-05T10:31:28+00:00
ezzabezza19,1,2026-06-05T10:31:28+00:00
adityaowo,1,2026-06-05T10:31:28+00:00
gulayybaybala,1,2026-06-05T10:31:28+00:00
4yenmi,1,2026-06-05T10:31:28+00:00
virajballs,1,2026-06-05T10:31:28+00:00
rehaenn,1,2026-06-05T10:31:28+00:00
imafilmcriticx,1,2026-06-05T10:31:28+00:00
banzkysinefil,1,2026-06-05T10:31:28+00:00
kartik1208,1,2026-06-05T10:31:28+00:00
aksinvid,1,2026-06-05T10:31:28+00:00
knox122,1,2026-06-05T10:31:28+00:00
113ll0,1,2026-06-05T10:31:28+00:00
beyzza5,1,2026-06-05T10:31:28+00:00
fuffaposter,1,2026-06-05T10:31:28+00:00
kiyo511514,1,2026-06-05T10:31:28+00:00
ceewillsea,1,2026-06-05T10:31:28+00:00
f7vrfi,1,2026-06-05T10:31:28+00:00
rukawing,1,2026-06-05T10:31:28+00:00
joaduarte_24,1,2026-06-05T10:31:28+00:00
shiryuh,1,2026-06-05T10:31:28+00:00
juli_lilie,1,2026-06-05T10:31:28+00:00
lilykem,1,2026-06-05T10:31:28+00:00
erdeisonne,1,2026-06-05T10:31:28+00:00
olivia_mae7,1,2026-06-05T10:31:28+00:00
somaybatagor,1,2026-06-05T10:31:28+00:00
seatyforty,1,2026-06-05T10:31:28+00:00
ttritone,1,2026-06-05T10:31:28+00:00
alex4ndraaa,1,2026-06-05T10:31:28+00:00
indescription,1,2026-06-05T10:31:28+00:00
anikkkaaa,1,2026-06-05T10:31:28+00:00
trainstain,1,2026-06-05T10:31:28+00:00
ataljhajhra,1,2026-06-05T10:31:28+00:00
anni_kka,1,2026-06-05T10:31:28+00:00
theostml,1,2026-06-05T10:31:28+00:00
seryeen,1,2026-06-05T10:31:28+00:00
zaidingle,1,2026-06-05T10:31:28+00:00
dharnitachan,1,2026-06-05T10:31:28+00:00
4lwh,1,2026-06-05T10:31:28+00:00
misa030511,1,2026-06-05T10:31:28+00:00
biggiejay,1,2026-06-05T10:31:28+00:00
wulffie_,1,2026-06-05T10:31:28+00:00
sinaschilling,1,2026-06-05T10:31:28+00:00
livvymatsas,1,2026-06-05T10:31:28+00:00
mcull7,1,2026-06-05T10:31:28+00:00
apsuadelia,1,2026-06-05T10:31:28+00:00
heartofdryad,1,2026-06-05T10:31:28+00:00
coksuz1,1,2026-06-05T10:31:28+00:00
wallfloweruser,1,2026-06-05T10:31:28+00:00
cescqu,1,2026-06-05T10:31:28+00:00
sainarb,1,2026-06-05T10:31:28+00:00
kleoniki34,1,2026-06-05T10:31:28+00:00
laksh1,1,2026-06-05T10:31:28+00:00
schmeer,1,2026-06-05T10:31:28+00:00
pfczac,1,2026-06-05T10:31:28+00:00
holelyse,1,2026-06-05T10:31:28+00:00
a6u3,1,2026-06-05T10:31:28+00:00
michaelrenz,1,2026-06-05T10:31:28+00:00
flosshart,1,2026-06-05T10:31:28+00:00
abbietamsin,1,2026-06-05T10:31:28+00:00
jebbeis,1,2026-06-05T10:31:28+00:00
kennycine,1,2026-06-05T10:31:28+00:00
s_19,1,2026-06-05T10:31:28+00:00
timbrvt,1,2026-06-05T10:31:28+00:00
ayuezh,1,2026-06-05T10:31:28+00:00
burgerjesus,1,2026-06-05T10:31:28+00:00
rudzixx_tmr,1,2026-06-05T10:31:28+00:00
elpibedeoro13,1,2026-06-05T10:31:28+00:00
ethandillon,1,2026-06-05T10:31:28+00:00
aidenactivation,1,2026-06-05T10:31:28+00:00
dbcqt,1,2026-06-05T10:31:28+00:00
osik8,1,2026-06-05T10:31:28+00:00
maria12344,1,2026-06-05T10:31:28+00:00
emiliodr,1,2026-06-05T10:31:28+00:00
matthias_mont1,1,2026-06-05T10:31:28+00:00
matthias_l,1,2026-06-05T10:31:28+00:00
aysenurabia,1,2026-06-05T10:31:28+00:00
emiliatrotts,1,2026-06-05T10:31:28+00:00
pahleevii,1,2026-06-05T10:31:28+00:00
katelyn_0,1,2026-06-05T10:31:28+00:00
corbobobinns,1,2026-06-05T10:31:28+00:00
oucharenkoo,1,2026-06-05T10:31:28+00:00
wibtoft,1,2026-06-05T10:31:28+00:00
sag_camie,1,2026-06-05T10:31:28+00:00
agreebledoor123,1,2026-06-05T10:31:28+00:00
ddriiann,1,2026-06-05T10:31:28+00:00
a7medkhalifa,1,2026-06-05T10:31:28+00:00
mysterymaestro,1,2026-06-05T10:31:28+00:00
lol199,1,2026-06-05T10:31:28+00:00
darshannd,1,2026-06-05T10:31:28+00:00
lucicaj,1,2026-06-05T10:31:28+00:00
trinstarr,1,2026-06-05T10:31:28+00:00
xyn0,1,2026-06-05T10:31:28+00:00
gigiiilia,1,2026-06-05T10:31:28+00:00
aydngg,1,2026-06-05T10:31:28+00:00
kellyhenny,1,2026-06-05T10:31:28+00:00
thinkstink,1,2026-06-05T10:31:28+00:00
joapril8,1,2026-06-05T10:31:28+00:00
hughleonardo,1,2026-06-05T10:31:28+00:00
linmky,1,2026-06-05T10:31:28+00:00
prateeks99,1,2026-06-05T10:31:28+00:00
yakslumppdawgg,1,2026-06-05T10:31:28+00:00
steliii,1,2026-06-05T10:31:28+00:00
neilkendrick,1,2026-06-05T10:31:28+00:00
fenco,1,2026-06-05T10:31:28+00:00
mappicat,1,2026-06-05T10:31:28+00:00
idriss78,1,2026-06-05T10:31:28+00:00
marco0119,1,2026-06-05T10:31:28+00:00
erencttni,1,2026-06-05T10:31:28+00:00
allineedisbanna,1,2026-06-05T10:31:28+00:00
sansonq,1,2026-06-05T10:31:28+00:00
hotninja,1,2026-06-05T10:31:28+00:00
gennf,1,2026-06-05T10:31:28+00:00
mc_capibaradu92,1,2026-06-05T10:31:28+00:00
kd44848,1,2026-06-05T10:31:28+00:00
naiagomezz,1,2026-06-05T10:31:28+00:00
samasimm_,1,2026-06-05T10:31:28+00:00
big_possum,1,2026-06-05T10:31:28+00:00
marcuscfc,1,2026-06-05T10:31:28+00:00
harppan,1,2026-06-05T10:31:28+00:00
edyys,1,2026-06-05T10:31:28+00:00
vva_lll,1,2026-06-05T10:31:28+00:00
silvi2111,1,2026-06-05T10:31:28+00:00
ajay_jindal,1,2026-06-05T10:31:28+00:00
lazyfish881,1,2026-06-05T10:31:28+00:00
jumpigrass,1,2026-06-05T10:31:28+00:00
nuriis_04,1,2026-06-05T10:31:28+00:00
agatazkwiatka,1,2026-06-05T10:31:28+00:00
pedrosisi,1,2026-06-05T10:31:28+00:00
m5efk,1,2026-06-05T10:31:28+00:00
sousouu_e,1,2026-06-05T10:31:28+00:00
anaflmiranda,1,2026-06-05T10:31:28+00:00
benturner007,1,2026-06-05T10:31:28+00:00
notkeefe,1,2026-06-05T10:31:28+00:00
bushraar,1,2026-06-05T10:31:28+00:00
vibingtomovies,1,2026-06-05T10:31:28+00:00
seeyousoon_,1,2026-06-05T10:31:28+00:00
soupnotsalad1,1,2026-06-05T10:31:28+00:00
ryvuck,1,2026-06-05T10:31:28+00:00
undeadmlv,1,2026-06-05T10:31:28+00:00
giaaa2892,1,2026-06-05T10:31:28+00:00
aenodt,1,2026-06-05T10:31:28+00:00
jayden2loose,1,2026-06-05T10:31:28+00:00
simply_oskar,1,2026-06-05T10:31:28+00:00
gabichmich,1,2026-06-05T10:31:28+00:00
arne_shx,1,2026-06-05T10:31:28+00:00
lito_supremo,1,2026-06-05T10:31:28+00:00
dopedlyn,1,2026-06-05T10:31:28+00:00
cinemagirl11,1,2026-06-05T10:31:28+00:00
loulapsqt,1,2026-06-05T10:31:28+00:00
matbalsi,1,2026-06-05T10:31:28+00:00
eurasianbluetit,1,2026-06-05T10:31:28+00:00
flowy_e,1,2026-06-05T10:31:28+00:00
bventb,1,2026-06-05T10:31:28+00:00
maijajaask,1,2026-06-05T10:31:28+00:00
ayoub45,1,2026-06-05T10:31:28+00:00
rittika_paul,1,2026-06-05T10:31:28+00:00
vict0riaav,1,2026-06-05T10:31:28+00:00
ilovejuliar014,1,2026-06-05T10:31:28+00:00
cr1s_calcagn1,1,2026-06-05T10:31:28+00:00
pinksjefjs,1,2026-06-05T10:31:28+00:00
maddn,1,2026-06-05T10:31:28+00:00
yokusushi,1,2026-06-05T10:31:28+00:00
jaireox,1,2026-06-05T10:31:28+00:00
aninbiru,1,2026-06-05T10:31:28+00:00
ncsang,1,2026-06-05T10:31:28+00:00
anisie786,1,2026-06-05T10:31:28+00:00
erh07,1,2026-06-05T10:31:28+00:00
carolina_v,1,2026-06-05T10:31:28+00:00
kenzotenma2,1,2026-06-05T10:31:28+00:00
mooyahs,1,2026-06-05T10:31:28+00:00
abby_tait,1,2026-06-05T10:31:28+00:00
dz9kanth,1,2026-06-05T10:31:28+00:00
cl_avicembalo,1,2026-06-05T10:31:28+00:00
ahiggins31,1,2026-06-05T10:31:28+00:00
cherryaddict07,1,2026-06-05T10:31:28+00:00
musabf,1,2026-06-05T10:31:28+00:00
oliplo,1,2026-06-05T10:31:28+00:00
pauulpaz,1,2026-06-05T10:31:28+00:00
in3sbnc,1,2026-06-05T10:31:28+00:00
marion_2119,1,2026-06-05T10:31:28+00:00
what_urt,1,2026-06-05T10:31:28+00:00
matu7,1,2026-06-05T10:31:28+00:00
deaam14,1,2026-06-05T10:31:28+00:00
al1cee_1,1,2026-06-05T10:31:28+00:00
adam_eladeeb,1,2026-06-05T10:31:28+00:00
harsha_018,1,2026-06-05T10:31:28+00:00
gabiuz,1,2026-06-05T10:31:28+00:00
stinkyy68,1,2026-06-05T10:31:28+00:00
mfdez30,1,2026-06-05T10:31:28+00:00
torzidorzi,1,2026-06-05T10:31:28+00:00
bettercallsaw,1,2026-06-05T10:31:28+00:00
luisrszr,1,2026-06-05T10:31:28+00:00
rez1et,1,2026-06-05T10:31:28+00:00
spicypinklady,1,2026-06-05T10:31:28+00:00
ellerknate,1,2026-06-05T10:31:28+00:00
melodie_80,1,2026-06-05T10:31:28+00:00
guiomeabr,1,2026-06-05T10:31:28+00:00
juliafuracaao,1,2026-06-05T10:31:28+00:00
tarisainsani,1,2026-06-05T10:31:28+00:00
donnuttt,1,2026-06-05T10:31:28+00:00
illidge,1,2026-06-05T10:31:28+00:00
indyyshaa,1,2026-06-05T10:31:28+00:00
gbaeza,1,2026-06-05T10:31:28+00:00
xcmshow,1,2026-06-05T10:31:28+00:00
caffeinatedhare,1,2026-06-05T10:31:28+00:00
arishokkk,1,2026-06-05T10:31:28+00:00
simyoong,1,2026-06-05T10:31:28+00:00
yovanzzz,1,2026-06-05T10:31:28+00:00
veershah1109,1,2026-06-05T10:31:28+00:00
wbarlow1,1,2026-06-05T10:31:28+00:00
eb888,1,2026-06-05T10:31:28+00:00
blainemcd,1,2026-06-05T10:31:28+00:00
anoophareendran,1,2026-06-05T10:31:28+00:00
_rhn_jn_18_,1,2026-06-05T10:31:28+00:00
professor_oq,1,2026-06-05T10:31:28+00:00
eina007,1,2026-06-05T10:31:28+00:00
midnighttaha,1,2026-06-05T10:31:28+00:00
shawtyhawty,1,2026-06-05T10:31:28+00:00
raducutuzu,1,2026-06-05T10:31:28+00:00
trigi87,1,2026-06-05T10:31:28+00:00
crg1980,1,2026-06-05T10:31:28+00:00
bradpitt72,1,2026-06-05T10:31:28+00:00
chiarabere,1,2026-06-05T10:31:28+00:00
eldiablo8,1,2026-06-05T10:31:28+00:00
renisans,1,2026-06-05T10:31:28+00:00
alissonha,1,2026-06-05T10:31:28+00:00
raz515,1,2026-06-05T10:31:28+00:00
athullkk,1,2026-06-05T10:31:28+00:00
lunaes,1,2026-06-05T10:31:28+00:00
acorne,1,2026-06-05T10:31:28+00:00
cracksnorterrrr,1,2026-06-05T10:31:28+00:00
weeeooo,1,2026-06-05T10:31:28+00:00
mmmmyummy,1,2026-06-05T10:31:28+00:00
spiralking420,1,2026-06-05T10:31:28+00:00
coltthebolt39,1,2026-06-05T10:31:28+00:00
kolynsolo,1,2026-06-05T10:31:28+00:00
b0dy,1,2026-06-05T10:31:28+00:00
rsenyg91,1,2026-06-05T10:31:28+00:00
philipp18,1,2026-06-05T10:31:28+00:00
vili_h,1,2026-06-05T10:31:28+00:00
iunl,1,2026-06-05T10:31:28+00:00
blackhammerlaz,1,2026-06-05T10:31:28+00:00
margaryn4,1,2026-06-05T10:31:28+00:00
tizizzm,1,2026-06-05T10:31:28+00:00
alonaj7029,1,2026-06-05T10:31:28+00:00
borregoo,1,2026-06-05T10:31:28+00:00
raph_d_ace,1,2026-06-05T10:31:28+00:00
zozo_z,1,2026-06-05T10:31:28+00:00
timo_72,1,2026-06-05T10:31:28+00:00
rozkil,1,2026-06-05T10:31:28+00:00
viggobrinch,1,2026-06-05T10:31:28+00:00
ivyli_10,1,2026-06-05T10:31:28+00:00
adrieauxa,1,2026-06-05T10:31:28+00:00
meatbird,1,2026-06-05T10:31:28+00:00
alma_aslan,1,2026-06-05T10:31:28+00:00
paulasmc5,1,2026-06-05T10:31:28+00:00
anuevame,1,2026-06-05T10:31:28+00:00
ruben_verdoodt,1,2026-06-05T10:31:28+00:00
haldaner,1,2026-06-05T10:31:28+00:00
at_903,1,2026-06-05T10:31:28+00:00
martaa02,1,2026-06-05T10:31:28+00:00
shelluisa,1,2026-06-05T10:31:28+00:00
jajalones,1,2026-06-05T10:31:28+00:00
jasperjadeite,1,2026-06-05T10:31:28+00:00
melisthebest,1,2026-06-05T10:31:28+00:00
nrlyna,1,2026-06-05T10:31:28+00:00
ichbins_a,1,2026-06-05T10:31:28+00:00
robosreviews,1,2026-06-05T10:31:28+00:00
archithn,1,2026-06-05T10:31:28+00:00
sorayamaulida,1,2026-06-05T10:31:28+00:00
baj4,1,2026-06-05T10:31:28+00:00
emi_bd,1,2026-06-05T10:31:28+00:00
evolien,1,2026-06-05T10:31:28+00:00
sgot1228,1,2026-06-05T10:31:28+00:00
oxydevii,1,2026-06-05T10:31:28+00:00
nicknyte,1,2026-06-05T10:31:28+00:00
cernookybaca,1,2026-06-05T10:31:28+00:00
slay101,1,2026-06-05T10:31:28+00:00
areires,1,2026-06-05T10:31:28+00:00
dolliesmoons,1,2026-06-05T10:31:28+00:00
dontyoudaretoo,1,2026-06-05T10:31:28+00:00
wikawiktoria,1,2026-06-05T10:31:28+00:00
shruthigokul,1,2026-06-05T10:31:28+00:00
cryin144p,1,2026-06-05T10:31:28+00:00
rubes3013,1,2026-06-05T10:31:28+00:00
treshaiim,1,2026-06-05T10:31:28+00:00
achow1024,1,2026-06-05T10:31:28+00:00
najuu51,1,2026-06-05T10:31:28+00:00
azari_fire,1,2026-06-05T10:31:28+00:00
lilli3s,1,2026-06-05T10:31:28+00:00
katkat1234,1,2026-06-05T10:31:28+00:00
yilmaaz,1,2026-06-05T10:31:28+00:00
plan_sequences,1,2026-06-05T10:31:28+00:00
elcucay,1,2026-06-05T10:31:28+00:00
skycun,1,2026-06-05T10:31:28+00:00
cheetossflo,1,2026-06-05T10:31:28+00:00
ylbx1,1,2026-06-05T10:31:28+00:00
paigemitchellx,1,2026-06-05T10:31:28+00:00
nthaazr,1,2026-06-05T10:31:28+00:00
cheriexx22,1,2026-06-05T10:31:28+00:00
26cyberworms,1,2026-06-05T10:31:28+00:00
lucianamp,1,2026-06-05T10:31:28+00:00
xiayizhoue,1,2026-06-05T10:31:28+00:00
strwberrylix,1,2026-06-05T10:31:28+00:00
astrakx,1,2026-06-05T10:31:28+00:00
girlxoxo,1,2026-06-05T10:31:28+00:00
yenyen_042309,1,2026-06-05T10:31:28+00:00
6burkani,1,2026-06-05T10:31:28+00:00
sugurusbaby,1,2026-06-05T10:31:28+00:00
int_salotto,1,2026-06-05T10:31:28+00:00
joanna1115,1,2026-06-05T10:31:28+00:00
emmamusu,1,2026-06-05T10:31:28+00:00
kaaiirudo,1,2026-06-05T10:31:28+00:00
suicideletter,1,2026-06-05T10:31:28+00:00
ethanou1608,1,2026-06-05T10:31:28+00:00
cutebarsi,1,2026-06-05T10:31:28+00:00
shasmamia,1,2026-06-05T10:31:28+00:00
canemowie,1,2026-06-05T10:31:28+00:00
sha_hd,1,2026-06-05T10:31:28+00:00
zuzi28,1,2026-06-05T10:31:28+00:00
mrspock28,1,2026-06-05T10:31:28+00:00
wnita,1,2026-06-05T10:31:28+00:00
omarspaq,1,2026-06-05T10:31:28+00:00
bakarbojack,1,2026-06-05T10:31:28+00:00
valesita_lix,1,2026-06-05T10:31:28+00:00
mmlthm,1,2026-06-05T10:31:28+00:00
joshnotreally,1,2026-06-05T10:31:28+00:00
sun_sun,1,2026-06-05T10:31:28+00:00
tufyy,1,2026-06-05T10:31:28+00:00
_justmyluck_,1,2026-06-05T10:31:28+00:00
starczar,1,2026-06-05T10:31:28+00:00
xrms,1,2026-06-05T10:31:28+00:00
newo36,1,2026-06-05T10:31:28+00:00
francossjgod46,1,2026-06-05T10:31:28+00:00
23skendrick,1,2026-06-05T10:31:28+00:00
raiatea12,1,2026-06-05T10:31:28+00:00
rxndomind,1,2026-06-05T10:31:28+00:00
jaquecine,1,2026-06-05T10:31:28+00:00
sybellaaa,1,2026-06-05T10:31:28+00:00
heisenbonesreal,1,2026-06-05T10:31:28+00:00
jupitrn9,1,2026-06-05T10:31:28+00:00
santru,1,2026-06-05T10:31:28+00:00
cyberfqngs,1,2026-06-05T10:31:28+00:00
taffetagrain,1,2026-06-05T10:31:28+00:00
4d5,1,2026-06-05T10:31:28+00:00
luciuss9,1,2026-06-05T10:31:28+00:00
albalopz,1,2026-06-05T10:31:28+00:00
shehanratug,1,2026-06-05T10:31:28+00:00
countfartsula,1,2026-06-05T10:31:28+00:00
prajwal2415,1,2026-06-05T10:31:28+00:00
halookawan,1,2026-06-05T10:31:28+00:00
linabelhadj0,1,2026-06-05T10:31:28+00:00
rotting_critter,1,2026-06-05T10:31:28+00:00
raquis,1,2026-06-05T10:31:28+00:00
swmayaa,1,2026-06-05T10:31:28+00:00
uiuubvggy1233,1,2026-06-05T10:31:28+00:00
leoshin_,1,2026-06-05T10:31:28+00:00
ferike,1,2026-06-05T10:31:28+00:00
steliossss,1,2026-06-05T10:31:28+00:00
cseiz,1,2026-06-05T10:31:28+00:00
paulonthemoon,1,2026-06-05T10:31:28+00:00
xodelli,1,2026-06-05T10:31:28+00:00
irenetrap,1,2026-06-05T10:31:28+00:00
gracejholmes,1,2026-06-05T10:31:28+00:00
algiz86,1,2026-06-05T10:31:28+00:00
dumply,1,2026-06-05T10:31:28+00:00
abcs2227,1,2026-06-05T10:31:28+00:00
romaizo,1,2026-06-05T10:31:28+00:00
zekican96,1,2026-06-05T10:31:28+00:00
yandasham,1,2026-06-05T10:31:28+00:00
nicakovaschke,1,2026-06-05T10:31:28+00:00
hugoogemoi,1,2026-06-05T10:31:28+00:00
heyyadriie,1,2026-06-05T10:31:28+00:00
bbna09,1,2026-06-05T10:31:28+00:00
asiettaxoxo,1,2026-06-05T10:31:28+00:00
eddegredde,1,2026-06-05T10:31:28+00:00
mooiiuue,1,2026-06-05T10:31:28+00:00
princegt,1,2026-06-05T10:31:28+00:00
abada7m,1,2026-06-05T10:31:28+00:00
theworshiper,1,2026-06-05T10:31:28+00:00
thuuthuu,1,2026-06-05T10:31:28+00:00
mirkocislaghi,1,2026-06-05T10:31:28+00:00
sadieharwood,1,2026-06-05T10:31:28+00:00
mazenmamdoh,1,2026-06-05T10:31:28+00:00
nurdqq,1,2026-06-05T10:31:28+00:00
kolkahrafns,1,2026-06-05T10:31:28+00:00
ecrinsole,1,2026-06-05T10:31:28+00:00
timvlkh,1,2026-06-05T10:31:28+00:00
skogiis,1,2026-06-05T10:31:28+00:00
l0ulo,1,2026-06-05T10:31:28+00:00
fueledbyspite,1,2026-06-05T10:31:28+00:00
fartymorty,1,2026-06-05T10:31:28+00:00
ax16,1,2026-06-05T10:31:28+00:00
pinkypiescake67,1,2026-06-05T10:31:28+00:00
masonsjar,1,2026-06-05T10:31:28+00:00
purplevsun,1,2026-06-05T10:31:28+00:00
lolray,1,2026-06-05T10:31:28+00:00
sav1xe,1,2026-06-05T10:31:28+00:00
shogan22,1,2026-06-05T10:31:28+00:00
movblud,1,2026-06-05T10:31:28+00:00
j90s,1,2026-06-05T10:31:28+00:00
jorginhovz,1,2026-06-05T10:31:28+00:00
dez1lain,1,2026-06-05T10:31:28+00:00
camcca,1,2026-06-05T10:31:28+00:00
broomtimolblou,1,2026-06-05T10:31:28+00:00
l025l230,1,2026-06-05T10:31:28+00:00
schurros,1,2026-06-05T10:31:28+00:00
blackbirdfly,1,2026-06-05T10:31:28+00:00
zktv,1,2026-06-05T10:31:28+00:00
gudrat,1,2026-06-05T10:31:28+00:00
kc_ousen,1,2026-06-05T10:31:28+00:00
jamesoconnor,1,2026-06-05T10:31:28+00:00
vickilee90,1,2026-06-05T10:31:28+00:00
rb11zt,1,2026-06-05T10:31:28+00:00
faye_wrld,1,2026-06-05T10:31:28+00:00
pawloski,1,2026-06-05T10:31:28+00:00
koenvdz,1,2026-06-05T10:31:28+00:00
erizenzen,1,2026-06-05T10:31:28+00:00
titus8,1,2026-06-05T10:31:28+00:00
mrtnwlkr,1,2026-06-05T10:31:28+00:00
aparnnahere,1,2026-06-05T10:31:28+00:00
ybgemma,1,2026-06-05T10:31:28+00:00
bigd_2528363,1,2026-06-05T10:31:28+00:00
nolytelu,1,2026-06-05T10:31:28+00:00
brosquini,1,2026-06-05T10:31:28+00:00
jan1712,1,2026-06-05T10:31:28+00:00
1922forrestgump,1,2026-06-05T10:31:28+00:00
clamorosa68,1,2026-06-05T10:31:28+00:00
rakshansai,1,2026-06-05T10:31:28+00:00
ckirk1298,1,2026-06-05T10:31:28+00:00
fridaas_06,1,2026-06-05T10:31:28+00:00
blobs_of_colors,1,2026-06-05T10:31:28+00:00
innesk,1,2026-06-05T10:31:28+00:00
iamjustadude,1,2026-06-05T10:31:28+00:00
airctrl,1,2026-06-05T10:31:28+00:00
krianne,1,2026-06-05T10:31:28+00:00
lobelia,1,2026-06-05T10:31:28+00:00
ghazankhan,1,2026-06-05T10:31:28+00:00
domal,1,2026-06-05T10:31:28+00:00
heathledger55,1,2026-06-05T10:31:28+00:00
muzzimarz,1,2026-06-05T10:31:28+00:00
dolonia,1,2026-06-05T10:31:28+00:00
andrew_sleight,1,2026-06-05T10:31:28+00:00
lewilewdawg,1,2026-06-05T10:31:28+00:00
lilad812,1,2026-06-05T10:31:28+00:00
thugany,1,2026-06-05T10:31:28+00:00
kickmeintheface,1,2026-06-05T10:31:28+00:00
chocman_cl,1,2026-06-05T10:31:28+00:00
tmuh14,1,2026-06-05T10:31:28+00:00
andreaahv,1,2026-06-05T10:31:28+00:00
schwamibami,1,2026-06-05T10:31:28+00:00
khan_a,1,2026-06-05T10:31:28+00:00
omgitsgoo,1,2026-06-05T10:31:28+00:00
aguiargosling,1,2026-06-05T10:31:28+00:00
luke_burns,1,2026-06-05T10:31:28+00:00
miriamivanenko_,1,2026-06-05T10:31:28+00:00
kiraaa17,1,2026-06-05T10:31:28+00:00
absklag,1,2026-06-05T10:31:28+00:00
noahmichel,1,2026-06-05T10:31:28+00:00
bernardoarts,1,2026-06-05T10:31:28+00:00
vkorean,1,2026-06-05T10:31:28+00:00
gustavorb5,1,2026-06-05T10:31:28+00:00
brock4sale,1,2026-06-05T10:31:28+00:00
dydadyda,1,2026-06-05T10:31:28+00:00
lucascgibson,1,2026-06-05T10:31:28+00:00
keepsske,1,2026-06-05T10:31:28+00:00
hashbrowngk,1,2026-06-05T10:31:28+00:00
v8iisaac,1,2026-06-05T10:31:28+00:00
savlet07,1,2026-06-05T10:31:28+00:00
mohammadhamza,1,2026-06-05T10:31:28+00:00
camcam4993,1,2026-06-05T10:31:28+00:00
destrooo,1,2026-06-05T10:31:28+00:00
gracenmae,1,2026-06-05T10:31:28+00:00
gracenwankwo,1,2026-06-05T10:31:28+00:00
thomashayess,1,2026-06-05T10:31:28+00:00
reagabella,1,2026-06-05T10:31:28+00:00
clos00,1,2026-06-05T10:31:28+00:00
punch_moonlight,1,2026-06-05T10:31:28+00:00
vicky_isuny,1,2026-06-05T10:31:28+00:00
drewcifer,1,2026-06-05T10:31:28+00:00
heinellken,1,2026-06-05T10:31:28+00:00
shani_mils,1,2026-06-05T10:31:28+00:00
alexortic,1,2026-06-05T10:31:28+00:00
calebfilmz,1,2026-06-05T10:31:28+00:00
bbbea4,1,2026-06-05T10:31:28+00:00
evecat_,1,2026-06-05T10:31:28+00:00
sonsycow,1,2026-06-05T10:31:28+00:00
grandetulipano,1,2026-06-05T10:31:28+00:00
hypnosys,1,2026-06-05T10:31:28+00:00
faiads,1,2026-06-05T10:31:28+00:00
highonpepper,1,2026-06-05T10:31:28+00:00
intelligentlife,1,2026-06-05T10:31:28+00:00
paullaxxc,1,2026-06-05T10:31:28+00:00
tsofa,1,2026-06-05T10:31:28+00:00
puuppy,1,2026-06-05T10:31:28+00:00
betziii,1,2026-06-05T10:31:28+00:00
seafoodlove,1,2026-06-05T10:31:28+00:00
catloave,1,2026-06-05T10:31:28+00:00
yosheroo,1,2026-06-05T10:31:28+00:00
s3_rgio,1,2026-06-05T10:31:28+00:00
maher_so,1,2026-06-05T10:31:28+00:00
shaiiyy,1,2026-06-05T10:31:28+00:00
rugonnahurtme,1,2026-06-05T10:31:28+00:00
babou_,1,2026-06-05T10:31:28+00:00
votric,1,2026-06-05T10:31:28+00:00
austinsingy,1,2026-06-05T10:31:28+00:00
felicitiest,1,2026-06-05T10:31:28+00:00
heshang,1,2026-06-05T10:31:28+00:00
clayi,1,2026-06-05T10:31:28+00:00
aizena,1,2026-06-05T10:31:28+00:00
miraamore19,1,2026-06-05T10:31:28+00:00
chia_shumi,1,2026-06-05T10:31:28+00:00
earthlings_,1,2026-06-05T10:31:28+00:00
screamery,1,2026-06-05T10:31:28+00:00
gaspmle,1,2026-06-05T10:31:28+00:00
nutellamitessig,1,2026-06-05T10:31:28+00:00
zad19,1,2026-06-05T10:31:28+00:00
mahailiyah,1,2026-06-05T10:31:28+00:00
defscottpilgrim,1,2026-06-05T10:31:28+00:00
lilykkenney,1,2026-06-05T10:31:28+00:00
rocambolesc,1,2026-06-05T10:31:28+00:00
luisbuis,1,2026-06-05T10:31:28+00:00
x0ivan,1,2026-06-05T10:31:28+00:00
ananya_3,1,2026-06-05T10:31:28+00:00
vanfauzii,1,2026-06-05T10:31:28+00:00
avachapman,1,2026-06-05T10:31:28+00:00
roko_mart,1,2026-06-05T10:31:28+00:00
haedi12,1,2026-06-05T10:31:28+00:00
al7lo,1,2026-06-05T10:31:28+00:00
kaanye00,1,2026-06-05T10:31:28+00:00
mrrobot06,1,2026-06-05T10:31:28+00:00
adityajkr,1,2026-06-05T10:31:28+00:00
___willn,1,2026-06-05T10:31:28+00:00
ron_aadhi,1,2026-06-05T10:31:28+00:00
doomslayer123,1,2026-06-05T10:31:28+00:00
leoltyasd12,1,2026-06-05T10:31:28+00:00
jessiesantos,1,2026-06-05T10:31:28+00:00
antonale2003,1,2026-06-05T10:31:28+00:00
rexvo__,1,2026-06-05T10:31:28+00:00
roseebloood,1,2026-06-05T10:31:28+00:00
iacopoxd,1,2026-06-05T10:31:28+00:00
bomgoboy,1,2026-06-05T10:31:28+00:00
juanjv27,1,2026-06-05T10:31:28+00:00
doku_arata,1,2026-06-05T10:31:28+00:00
joshua_rbn,1,2026-06-05T10:31:28+00:00
afraanm21,1,2026-06-05T10:31:28+00:00
dvchi,1,2026-06-05T10:31:28+00:00
pierrelc76,1,2026-06-05T10:31:28+00:00
nicmartinez,1,2026-06-05T10:31:28+00:00
shortestmaster,1,2026-06-05T10:31:28+00:00
lilyafarrell,1,2026-06-05T10:31:28+00:00
eowyn_as,1,2026-06-05T10:31:28+00:00
javidhus,1,2026-06-05T10:31:28+00:00
claaudias,1,2026-06-05T10:31:28+00:00
titibooooooooy,1,2026-06-05T10:31:28+00:00
mathenaha,1,2026-06-05T10:31:28+00:00
sofiababydoll,1,2026-06-05T10:31:28+00:00
amematariq,1,2026-06-05T10:31:28+00:00
forlina,1,2026-06-05T10:31:28+00:00
yurifagg,1,2026-06-05T10:31:28+00:00
sofiaagc27,1,2026-06-05T10:31:28+00:00
g3mma66,1,2026-06-05T10:31:28+00:00
shinnypie,1,2026-06-05T10:31:28+00:00
leamc126,1,2026-06-05T10:31:28+00:00
because_yn0t,1,2026-06-05T10:31:28+00:00
riasarchive,1,2026-06-05T10:31:28+00:00
wh_alessia,1,2026-06-05T10:31:28+00:00
nelaa_14,1,2026-06-05T10:31:28+00:00
swagkatia,1,2026-06-05T10:31:28+00:00
lilylils1,1,2026-06-05T10:31:28+00:00
remisoevvls,1,2026-06-05T10:31:28+00:00
luuk1987,1,2026-06-05T10:31:28+00:00
emilyguillen,1,2026-06-05T10:31:28+00:00
ayanak_misra,1,2026-06-05T10:31:28+00:00
leticiasratings,1,2026-06-05T10:31:28+00:00
kittyoss,1,2026-06-05T10:31:28+00:00
hpredeep,1,2026-06-05T10:31:28+00:00
3ushicat,1,2026-06-05T10:31:28+00:00
bugownik,1,2026-06-05T10:31:28+00:00
suitehearts_,1,2026-06-05T10:31:28+00:00
kyleschillar,1,2026-06-05T10:31:28+00:00
elea_09,1,2026-06-05T10:31:28+00:00
zo_vivi,1,2026-06-05T10:31:28+00:00
sexyalexie,1,2026-06-05T10:31:28+00:00
i6en,1,2026-06-05T10:31:28+00:00
timmy_time23,1,2026-06-05T10:31:28+00:00
whotfismartina,1,2026-06-05T10:31:28+00:00
hugfroggieman,1,2026-06-05T10:31:28+00:00
f1nnski,1,2026-06-05T10:31:28+00:00
jay_wink,1,2026-06-05T10:31:28+00:00
dlcnjz,1,2026-06-05T10:31:28+00:00
nohadnour,1,2026-06-05T10:31:28+00:00
jnsbt,1,2026-06-05T10:31:28+00:00
riellerocks,1,2026-06-05T10:31:28+00:00
takumoon,1,2026-06-05T10:31:28+00:00
akshaya015,1,2026-06-05T10:31:28+00:00
punchvrhyme,1,2026-06-05T10:31:28+00:00
lehprudente,1,2026-06-05T10:31:28+00:00
liam108,1,2026-06-05T10:31:28+00:00
pratiyushh,1,2026-06-05T10:31:28+00:00
halfanoreo,1,2026-06-05T10:31:28+00:00
ashikr,1,2026-06-05T10:31:28+00:00
zaliuzeee,1,2026-06-05T10:31:28+00:00
elisinterlude,1,2026-06-05T10:31:28+00:00
jongavin,1,2026-06-05T10:31:28+00:00
daroxira,1,2026-06-05T10:31:28+00:00
gabzoppo,1,2026-06-05T10:31:28+00:00
nik9250,1,2026-06-05T10:31:28+00:00
thedonofclt,1,2026-06-05T10:31:28+00:00
prlane,1,2026-06-05T10:31:28+00:00
swaghissimo,1,2026-06-05T10:31:28+00:00
nydal,1,2026-06-05T10:31:28+00:00
omddddd,1,2026-06-05T10:31:28+00:00
xen0m0rphine,1,2026-06-05T10:31:28+00:00
daniagner,1,2026-06-05T10:31:28+00:00
nici_danialves,1,2026-06-05T10:31:28+00:00
nravel,1,2026-06-05T10:31:28+00:00
nolanekberg,1,2026-06-05T10:31:28+00:00
shofties,1,2026-06-05T10:31:28+00:00
dearestdina,1,2026-06-05T10:31:28+00:00
mrtz_396,1,2026-06-05T10:31:28+00:00
aftaz,1,2026-06-05T10:31:28+00:00
ewduu,1,2026-06-05T10:31:28+00:00
spinosoarus,1,2026-06-05T10:31:28+00:00
onunseytanlari,1,2026-06-05T10:31:28+00:00
heetjain,1,2026-06-05T10:31:28+00:00
danielartsiom,1,2026-06-05T10:31:28+00:00
darkwolf7,1,2026-06-05T10:31:28+00:00
francoseid,1,2026-06-05T10:31:28+00:00
papasgold,1,2026-06-05T10:31:28+00:00
c4ts4lif3,1,2026-06-05T10:31:28+00:00
alexistexxxas,1,2026-06-05T10:31:28+00:00
friso03,1,2026-06-05T10:31:28+00:00
daniela_floyd,1,2026-06-05T10:31:28+00:00
humanbowlingpin,1,2026-06-05T10:31:28+00:00
sobhanghare,1,2026-06-05T10:31:28+00:00
macyhatesu,1,2026-06-05T10:31:28+00:00
wuxifingers,1,2026-06-05T10:31:28+00:00
caiegusquiza,1,2026-06-05T10:31:28+00:00
kakariinaa,1,2026-06-05T10:31:28+00:00
keilanlee,1,2026-06-05T10:31:28+00:00
ddddkim0525,1,2026-06-05T10:31:28+00:00
madoc_hiller,1,2026-06-05T10:31:28+00:00
luckegamnacke,1,2026-06-05T10:31:28+00:00
akizael,1,2026-06-05T10:31:28+00:00
walkietalkiee_,1,2026-06-05T10:31:28+00:00
ricardo132,1,2026-06-05T10:31:28+00:00
toottuba,1,2026-06-05T10:31:28+00:00
pranavpradeepk,1,2026-06-05T10:31:28+00:00
courtney1014,1,2026-06-05T10:31:28+00:00
antivenoms1,1,2026-06-05T10:31:28+00:00
misspandemonica,1,2026-06-05T10:31:28+00:00
queso2206,1,2026-06-05T10:31:28+00:00
dbrd5,1,2026-06-05T10:31:28+00:00
edimetra,1,2026-06-05T10:31:28+00:00
neha_is_me,1,2026-06-05T10:31:28+00:00
zuzxyz,1,2026-06-05T10:31:28+00:00
yohanes00_,1,2026-06-05T10:31:28+00:00
vctoriaia,1,2026-06-05T10:31:28+00:00
dindindun,1,2026-06-05T10:31:28+00:00
henry4004,1,2026-06-05T10:31:28+00:00
moviesmang,1,2026-06-05T10:31:28+00:00
aybeesh,1,2026-06-05T10:31:28+00:00
fairydustwater,1,2026-06-05T10:31:28+00:00
slimjongil,1,2026-06-05T10:31:28+00:00
zpiotr,1,2026-06-05T10:31:28+00:00
rockstarrnan,1,2026-06-05T10:31:28+00:00
aemschka,1,2026-06-05T10:31:28+00:00
alex99995,1,2026-06-05T10:31:28+00:00
resad2007,1,2026-06-05T10:31:28+00:00
anthonem_auporc,1,2026-06-05T10:31:28+00:00
jaxthekid,1,2026-06-05T10:31:28+00:00
_22yul,1,2026-06-05T10:31:28+00:00
greatgorilla,1,2026-06-05T10:31:28+00:00
cherub8_xx,1,2026-06-05T10:31:28+00:00
shivam13041993,1,2026-06-05T10:31:28+00:00
smitherenes,1,2026-06-05T10:31:28+00:00
melqz,1,2026-06-05T10:31:28+00:00
wildcardmagoo,1,2026-06-05T10:31:28+00:00
parin_2274,1,2026-06-05T10:31:28+00:00
vwdka,1,2026-06-05T10:31:28+00:00
franconio94,1,2026-06-05T10:31:28+00:00
gremlini,1,2026-06-05T10:31:28+00:00
criskros19,1,2026-06-05T10:31:28+00:00
dixonleafe,1,2026-06-05T10:31:28+00:00
loraforelsket,1,2026-06-05T10:31:28+00:00
xoxo345,1,2026-06-05T10:31:28+00:00
seraphimm_,1,2026-06-05T10:31:28+00:00
turtoggle,1,2026-06-05T10:31:28+00:00
flaans,1,2026-06-05T10:31:28+00:00
davevillarreal,1,2026-06-05T10:31:28+00:00
yasrial,1,2026-06-05T10:31:28+00:00
brennamra,1,2026-06-05T10:31:28+00:00
h8fulape,1,2026-06-05T10:31:28+00:00
bibipadoz,1,2026-06-05T10:31:28+00:00
enzo_blv74,1,2026-06-05T10:31:28+00:00
amayahunter,1,2026-06-05T10:31:28+00:00
titanicbee,1,2026-06-05T10:31:28+00:00
just_stag,1,2026-06-05T10:31:28+00:00
miltonscant,1,2026-06-05T10:31:28+00:00
ma7moud31,1,2026-06-05T10:31:28+00:00
andromeda37,1,2026-06-05T10:31:28+00:00
lunarfase,1,2026-06-05T10:31:28+00:00
darko_666,1,2026-06-05T10:31:28+00:00
evilvvitch,1,2026-06-05T10:31:28+00:00
calledwwho,1,2026-06-05T10:31:28+00:00
smitti9,1,2026-06-05T10:31:28+00:00
dianamora,1,2026-06-05T10:31:28+00:00
ninipaninit,1,2026-06-05T10:31:28+00:00
desimrivera,1,2026-06-05T10:31:28+00:00
2hrsinterlude,1,2026-06-05T10:31:28+00:00
cudibuho,1,2026-06-05T10:31:28+00:00
thewoman65,1,2026-06-05T10:31:28+00:00
wiiiill,1,2026-06-05T10:31:28+00:00
vioou,1,2026-06-05T10:31:28+00:00
carsoncraig,1,2026-06-05T10:31:28+00:00
bobinskite,1,2026-06-05T10:31:28+00:00
annalc718,1,2026-06-05T10:31:28+00:00
lolamariee,1,2026-06-05T10:31:28+00:00
saba_k,1,2026-06-05T10:31:28+00:00
salsabilllla,1,2026-06-05T10:31:28+00:00
biazissima,1,2026-06-05T10:31:28+00:00
chuckcourtney,1,2026-06-05T10:31:28+00:00
janjo2112,1,2026-06-05T10:31:28+00:00
hans_hernandez,1,2026-06-05T10:31:28+00:00
2tuff2cool,1,2026-06-05T10:31:28+00:00
receeba,1,2026-06-05T10:31:28+00:00
benisageologist,1,2026-06-05T10:31:28+00:00
micheelbarreiro,1,2026-06-05T10:31:28+00:00
dolceh,1,2026-06-05T10:31:28+00:00
uuhlexiuuh,1,2026-06-05T10:31:28+00:00
bjolene,1,2026-06-05T10:31:28+00:00
emihstkl,1,2026-06-05T10:31:28+00:00
m0onella,1,2026-06-05T10:31:28+00:00
nickhume13,1,2026-06-05T10:31:28+00:00
menezesni,1,2026-06-05T10:31:28+00:00
justinkato,1,2026-06-05T10:31:28+00:00
sinaa97,1,2026-06-05T10:31:28+00:00
mahmood_ahmed,1,2026-06-05T10:31:28+00:00
tristanmichael,1,2026-06-05T10:31:28+00:00
azaam11,1,2026-06-05T10:31:28+00:00
rvuthless,1,2026-06-05T10:31:28+00:00
serch_murillo,1,2026-06-05T10:31:28+00:00
dancesmurf,1,2026-06-05T10:31:28+00:00
gnoso,1,2026-06-05T10:31:28+00:00
maddyhollymarie,1,2026-06-05T10:31:28+00:00
ughitslin,1,2026-06-05T10:31:28+00:00
hannibalstv,1,2026-06-05T10:31:28+00:00
patricialhaes,1,2026-06-05T10:31:28+00:00
carlosaugustto,1,2026-06-05T10:31:28+00:00
parmesanan,1,2026-06-05T10:31:28+00:00
eatlotionfatty,1,2026-06-05T10:31:28+00:00
mariaclaracs12,1,2026-06-05T10:31:28+00:00
lexfromq,1,2026-06-05T10:31:28+00:00
mjpenedo,1,2026-06-05T10:31:28+00:00
_sheenbean,1,2026-06-05T10:31:28+00:00
psychoticblues,1,2026-06-05T10:31:28+00:00
gguffey,1,2026-06-05T10:31:28+00:00
njoules,1,2026-06-05T10:31:28+00:00
pazbo,1,2026-06-05T10:31:28+00:00
tylerchimarusti,1,2026-06-05T10:31:28+00:00
rudahhhh,1,2026-06-05T10:31:28+00:00
beaballabio,1,2026-06-05T10:31:28+00:00
ginjasocks,1,2026-06-05T10:31:28+00:00
sofiagomez11,1,2026-06-05T10:31:28+00:00
rochinhagames,1,2026-06-05T10:31:28+00:00
cowgirl_viper,1,2026-06-05T10:31:28+00:00
biatrizl,1,2026-06-05T10:31:28+00:00
leighkm,1,2026-06-05T10:31:28+00:00
beuhbebu,1,2026-06-05T10:31:28+00:00
microkat,1,2026-06-05T10:31:28+00:00
jelly_jilliw,1,2026-06-05T10:31:28+00:00
its_zika,1,2026-06-05T10:31:28+00:00
flixiss,1,2026-06-05T10:31:28+00:00
bbgtyson,1,2026-06-05T10:31:28+00:00
jiyun_heo,1,2026-06-05T10:31:28+00:00
dylanchagala,1,2026-06-05T10:31:28+00:00
quesitomanchego,1,2026-06-05T10:31:28+00:00
amariahciante,1,2026-06-05T10:31:28+00:00
william_mob100,1,2026-06-05T10:31:28+00:00
swrh1,1,2026-06-05T10:31:28+00:00
adrisimone,1,2026-06-05T10:31:28+00:00
mfernandez01,1,2026-06-05T10:31:28+00:00
michemora,1,2026-06-05T10:31:28+00:00
alex_waxberg,1,2026-06-05T10:31:28+00:00
emmaccbowine,1,2026-06-05T10:31:28+00:00
humanatmovies,1,2026-06-05T10:31:28+00:00
amisgillani,1,2026-06-05T10:31:28+00:00
molnorman,1,2026-06-05T10:31:28+00:00
thannatos,1,2026-06-05T10:31:28+00:00
cla_infa,1,2026-06-05T10:31:28+00:00
amiejackson,1,2026-06-05T10:31:28+00:00
carpe_diemdps,1,2026-06-05T10:31:28+00:00
babyy_giraffe,1,2026-06-05T10:31:28+00:00
damnedcities,1,2026-06-05T10:31:28+00:00
aviann,1,2026-06-05T10:31:28+00:00
ella_folklore14,1,2026-06-05T10:31:28+00:00
dk_8691,1,2026-06-05T10:31:28+00:00
queenelsa13,1,2026-06-05T10:31:28+00:00
gabibiiiii,1,2026-06-05T10:31:28+00:00
leticie,1,2026-06-05T10:31:28+00:00
xmicii,1,2026-06-05T10:31:28+00:00
sabari_krishnan,1,2026-06-05T10:31:28+00:00
maligoy,1,2026-06-05T10:31:28+00:00
paulpaule,1,2026-06-05T10:31:28+00:00
poutane7,1,2026-06-05T10:31:28+00:00
mntar4y,1,2026-06-05T10:31:28+00:00
driftingmontage,1,2026-06-05T10:31:28+00:00
andinyaw_,1,2026-06-05T10:31:28+00:00
moomtoria,1,2026-06-05T10:31:28+00:00
yayvina,1,2026-06-05T10:31:28+00:00
catamy05,1,2026-06-05T10:31:28+00:00
emmavolturi,1,2026-06-05T10:31:28+00:00
emyewu,1,2026-06-05T10:31:28+00:00
kendaloganroy,1,2026-06-05T10:31:28+00:00
nvy_,1,2026-06-05T10:31:28+00:00
aicragm92,1,2026-06-05T10:31:28+00:00
ksgmbjm,1,2026-06-05T10:31:28+00:00
lionmars,1,2026-06-05T10:31:28+00:00
rohanbakhru,1,2026-06-05T10:31:28+00:00
gummyworm1123,1,2026-06-05T10:31:28+00:00
sessemant,1,2026-06-05T10:31:28+00:00
tashadinicol,1,2026-06-05T10:31:28+00:00
ungovict,1,2026-06-05T10:31:28+00:00
film_arni,1,2026-06-05T10:31:28+00:00
cigsandfilms,1,2026-06-05T10:31:28+00:00
weird_dany,1,2026-06-05T10:31:28+00:00
ddotaniya,1,2026-06-05T10:31:28+00:00
jully_eta,1,2026-06-05T10:31:28+00:00
janire07,1,2026-06-05T10:31:28+00:00
amoghgiri01,1,2026-06-05T10:31:28+00:00
natthlie,1,2026-06-05T10:31:28+00:00
finncloudy,1,2026-06-05T10:31:28+00:00
jermzp,1,2026-06-05T10:31:28+00:00
yojanvv,1,2026-06-05T10:31:28+00:00
jessyleasteiner,1,2026-06-05T10:31:28+00:00
jhseablue,1,2026-06-05T10:31:28+00:00
grimesbuddy,1,2026-06-05T10:31:28+00:00
bernardesk_,1,2026-06-05T10:31:28+00:00
thom_dumonceau,1,2026-06-05T10:31:28+00:00
mnm1111,1,2026-06-05T10:31:28+00:00
omarsigma,1,2026-06-05T10:31:28+00:00
abbashk,1,2026-06-05T10:31:28+00:00
tyasher,1,2026-06-05T10:31:28+00:00
islareid,1,2026-06-05T10:31:28+00:00
pedrosantana_,1,2026-06-05T10:31:28+00:00
cha123,1,2026-06-05T10:31:28+00:00
isantoff,1,2026-06-05T10:31:28+00:00
ginkgobilobaa,1,2026-06-05T10:31:28+00:00
princesinhado1d,1,2026-06-05T10:31:28+00:00
dreeeski,1,2026-06-05T10:31:28+00:00
sheccidhobbes,1,2026-06-05T10:31:28+00:00
xaner803,1,2026-06-05T10:31:28+00:00
jaidajo,1,2026-06-05T10:31:28+00:00
bumbeeez,1,2026-06-05T10:31:28+00:00
candycrux,1,2026-06-05T10:31:28+00:00
rommel_sm,1,2026-06-05T10:31:28+00:00
valarieeeee,1,2026-06-05T10:31:28+00:00
pichurris,1,2026-06-05T10:31:28+00:00
wahyoeptr,1,2026-06-05T10:31:28+00:00
sev6y,1,2026-06-05T10:31:28+00:00
dcg1,1,2026-06-05T10:31:28+00:00
guilherme_05,1,2026-06-05T10:31:28+00:00
kingpaimon1,1,2026-06-05T10:31:28+00:00
momodb,1,2026-06-05T10:31:28+00:00
morenap,1,2026-06-05T10:31:28+00:00
blobby_caecae,1,2026-06-05T10:31:28+00:00
greenlion7,1,2026-06-05T10:31:28+00:00
aylinlvr,1,2026-06-05T10:31:28+00:00
scareme_,1,2026-06-05T10:31:28+00:00
mocieyay,1,2026-06-05T10:31:28+00:00
jfsh729,1,2026-06-05T10:31:28+00:00
ittzyl,1,2026-06-05T10:31:28+00:00
clock189,1,2026-06-05T10:31:28+00:00
lmzs,1,2026-06-05T10:31:28+00:00
6degree,1,2026-06-05T10:31:28+00:00
jossrcg,1,2026-06-05T10:31:28+00:00
alecks_ded,1,2026-06-05T10:31:28+00:00
michiiil,1,2026-06-05T10:31:28+00:00
chicken_bake,1,2026-06-05T10:31:28+00:00
zerksu,1,2026-06-05T10:31:28+00:00
victoriamp4,1,2026-06-05T10:31:28+00:00
eliesgf,1,2026-06-05T10:31:28+00:00
pedrotasso,1,2026-06-05T10:31:28+00:00
lianwasabi,1,2026-06-05T10:31:28+00:00
trapizomba,1,2026-06-05T10:31:28+00:00
kevin_mb,1,2026-06-05T10:31:28+00:00
ab_rondon,1,2026-06-05T10:31:28+00:00
hollyruss,1,2026-06-05T10:31:28+00:00
anacarol2008051,1,2026-06-05T10:31:28+00:00
d85vm,1,2026-06-05T10:31:28+00:00
yiyiyiyiyiyeyo,1,2026-06-05T10:31:28+00:00
alamanj,1,2026-06-05T10:31:28+00:00
vvitorino,1,2026-06-05T10:31:28+00:00
alexrmzc,1,2026-06-05T10:31:28+00:00
analuciagl,1,2026-06-05T10:31:28+00:00
camilaph12,1,2026-06-05T10:31:28+00:00
annamanzella,1,2026-06-05T10:31:28+00:00
lazycat1,1,2026-06-05T10:31:28+00:00
jessjugde,1,2026-06-05T10:31:28+00:00
aylita,1,2026-06-05T10:31:28+00:00
purecinema20,1,2026-06-05T10:31:28+00:00
dysonspheres,1,2026-06-05T10:31:28+00:00
__jacob__,1,2026-06-05T10:31:28+00:00
beetleblue,1,2026-06-05T10:31:28+00:00
anasandeis,1,2026-06-05T10:31:28+00:00
wyxaa,1,2026-06-05T10:31:28+00:00
vikki_0,1,2026-06-05T10:31:28+00:00
autumn_metcalf,1,2026-06-05T10:31:28+00:00
anthonynq23,1,2026-06-05T10:31:28+00:00
ingridcristy,1,2026-06-05T10:31:28+00:00
jsia,1,2026-06-05T10:31:28+00:00
korelai,1,2026-06-05T10:31:28+00:00
franbss,1,2026-06-05T10:31:28+00:00
red_canary,1,2026-06-05T10:31:28+00:00
jennacurtis,1,2026-06-05T10:31:28+00:00
hollow_max,1,2026-06-05T10:31:28+00:00
lisaryval3ntina,1,2026-06-05T10:31:28+00:00
magicbeanie365,1,2026-06-05T10:31:28+00:00
litiovzt,1,2026-06-05T10:31:28+00:00
zefers,1,2026-06-05T10:31:28+00:00
g4by___,1,2026-06-05T10:31:28+00:00
halo2boom,1,2026-06-05T10:31:28+00:00
mdoherty2,1,2026-06-05T10:31:28+00:00
yolannx,1,2026-06-05T10:31:28+00:00
misha18,1,2026-06-05T10:31:28+00:00
_blue_cat,1,2026-06-05T10:31:28+00:00
zulana__,1,2026-06-05T10:31:28+00:00
xmili19,1,2026-06-05T10:31:28+00:00
nanazy0,1,2026-06-05T10:31:28+00:00
vexitri,1,2026-06-05T10:31:28+00:00
gmccabemovies,1,2026-06-05T10:31:28+00:00
santcr,1,2026-06-05T10:31:28+00:00
kayleeben,1,2026-06-05T10:31:28+00:00
atriahvctr,1,2026-06-05T10:31:28+00:00
cinnam_gio,1,2026-06-05T10:31:28+00:00
baggizz,1,2026-06-05T10:31:28+00:00
sophia_31,1,2026-06-05T10:31:28+00:00
bingbing97,1,2026-06-05T10:31:28+00:00
fxckboylloron,1,2026-06-05T10:31:28+00:00
sarah_barros,1,2026-06-05T10:31:28+00:00
narjecs,1,2026-06-05T10:31:28+00:00
nickiemo,1,2026-06-05T10:31:28+00:00
vlmnt_zaza,1,2026-06-05T10:31:28+00:00
bak8why,1,2026-06-05T10:31:28+00:00
isaamm,1,2026-06-05T10:31:28+00:00
cyberpoutine,1,2026-06-05T10:31:28+00:00
twojstary2137,1,2026-06-05T10:31:28+00:00
kratikaushik19,1,2026-06-05T10:31:28+00:00
quarkspynn,1,2026-06-05T10:31:28+00:00
alnitak_a,1,2026-06-05T10:31:28+00:00
m44rcos,1,2026-06-05T10:31:28+00:00
myrto_f,1,2026-06-05T10:31:28+00:00
malmato,1,2026-06-05T10:31:28+00:00
nilsu,1,2026-06-05T10:31:28+00:00
dheeraj_1,1,2026-06-05T10:31:28+00:00
classicanne,1,2026-06-05T10:31:28+00:00
silviwinki,1,2026-06-05T10:31:28+00:00
sophiee2456,1,2026-06-05T10:31:28+00:00
ssd_,1,2026-06-05T10:31:28+00:00
anouk_m,1,2026-06-05T10:31:28+00:00
irinaa4,1,2026-06-05T10:31:28+00:00
xros,1,2026-06-05T10:31:28+00:00
seventhebard,1,2026-06-05T10:31:28+00:00
alv1nk,1,2026-06-05T10:31:28+00:00
bolonzo,1,2026-06-05T10:31:28+00:00
debeliou,1,2026-06-05T10:31:28+00:00
camilatre,1,2026-06-05T10:31:28+00:00
juandipro3000,1,2026-06-05T10:31:28+00:00
luucydd,1,2026-06-05T10:31:28+00:00
ashervokoun,1,2026-06-05T10:31:28+00:00
adelitainparis,1,2026-06-05T10:31:28+00:00
maratqyzzya,1,2026-06-05T10:31:28+00:00
scriptwritel2,1,2026-06-05T10:31:28+00:00
eugenesallerton,1,2026-06-05T10:31:28+00:00
ju_cinema,1,2026-06-05T10:31:28+00:00
jjdiv17,1,2026-06-05T10:31:28+00:00
brenoborges1,1,2026-06-05T10:31:28+00:00
keeerthana,1,2026-06-05T10:31:28+00:00
aytan7,1,2026-06-05T10:31:28+00:00
samuelesparza,1,2026-06-05T10:31:28+00:00
jelizondo24,1,2026-06-05T10:31:28+00:00
heyyanzee,1,2026-06-05T10:31:28+00:00
i_al_ss,1,2026-06-05T10:31:28+00:00
marco_formisano,1,2026-06-05T10:31:28+00:00
chris_7750,1,2026-06-05T10:31:28+00:00
isa_zertuche,1,2026-06-05T10:31:28+00:00
lunar__iris,1,2026-06-05T10:31:28+00:00
janvi05,1,2026-06-05T10:31:28+00:00
steven4,1,2026-06-05T10:31:28+00:00
aswift5393,1,2026-06-05T10:31:28+00:00
barroa,1,2026-06-05T10:31:28+00:00
domilejan,1,2026-06-05T10:31:28+00:00
flixnerd77,1,2026-06-05T10:31:28+00:00
sirdec24,1,2026-06-05T10:31:28+00:00
donutsdashing,1,2026-06-05T10:31:28+00:00
lunaxof,1,2026-06-05T10:31:28+00:00
nickyslick,1,2026-06-05T10:31:28+00:00
allshallparish,1,2026-06-05T10:31:28+00:00
str4ycat,1,2026-06-05T10:31:28+00:00
parkwilk,1,2026-06-05T10:31:28+00:00
goooooob,1,2026-06-05T10:31:28+00:00
nmarone,1,2026-06-05T10:31:28+00:00
kateheine,1,2026-06-05T10:31:28+00:00
biryanibabe123,1,2026-06-05T10:31:28+00:00
cantaloupething,1,2026-06-05T10:31:28+00:00
zoehammer,1,2026-06-05T10:31:28+00:00
camila_rdgz,1,2026-06-05T10:31:28+00:00
fluzzag,1,2026-06-05T10:31:28+00:00
jarwil96,1,2026-06-05T10:31:28+00:00
zushimayroll,1,2026-06-05T10:31:28+00:00
helionx21,1,2026-06-05T10:31:28+00:00
bag_of_bones,1,2026-06-05T10:31:28+00:00
brunomarsbaby,1,2026-06-05T10:31:28+00:00
mhariasza,1,2026-06-05T10:31:28+00:00
benja_0110,1,2026-06-05T10:31:28+00:00
srv1138,1,2026-06-05T10:31:28+00:00
brownmamba1717,1,2026-06-05T10:31:28+00:00
aaronysaiki,1,2026-06-05T10:31:28+00:00
slimy_shane,1,2026-06-05T10:31:28+00:00
hyuk11ko,1,2026-06-05T10:31:28+00:00
ryanjamesakeley,1,2026-06-05T10:31:28+00:00
joon__,1,2026-06-05T10:31:28+00:00
lorenalima13,1,2026-06-05T10:31:28+00:00
golden1324,1,2026-06-05T10:31:28+00:00
andreygabriel,1,2026-06-05T10:31:28+00:00
izzymf6,1,2026-06-05T10:31:28+00:00
epistocidio,1,2026-06-05T10:31:28+00:00
ianxul,1,2026-06-05T10:31:28+00:00
s1llymilly,1,2026-06-05T10:31:28+00:00
nagull,1,2026-06-05T10:31:28+00:00
noe_dpsq,1,2026-06-05T10:31:28+00:00
polari_os,1,2026-06-05T10:31:28+00:00
brunonishimura,1,2026-06-05T10:31:28+00:00
theorderofdeath,1,2026-06-05T10:31:28+00:00
catpaws,1,2026-06-05T10:31:28+00:00
sebatista18,1,2026-06-05T10:31:28+00:00
kestutias,1,2026-06-05T10:31:28+00:00
oumuamuamua,1,2026-06-05T10:31:28+00:00
mnkevin,1,2026-06-05T10:31:28+00:00
vviniciushhenri,1,2026-06-05T10:31:28+00:00
geancarlo_,1,2026-06-05T10:31:28+00:00
kxshang,1,2026-06-05T10:31:28+00:00
piixiepunk,1,2026-06-05T10:31:28+00:00
kepyatt,1,2026-06-05T10:31:28+00:00
danny_zn,1,2026-06-05T10:31:28+00:00
miles_review,1,2026-06-05T10:31:28+00:00
laluly11,1,2026-06-05T10:31:28+00:00
silverlock,1,2026-06-05T10:31:28+00:00
millerjun1o,1,2026-06-05T10:31:28+00:00
kisatz,1,2026-06-05T10:31:28+00:00
demim8313,1,2026-06-05T10:31:28+00:00
thesastrerafael,1,2026-06-05T10:31:28+00:00
aksn_red,1,2026-06-05T10:31:28+00:00
m3lonns,1,2026-06-05T10:31:28+00:00
elleyoyo,1,2026-06-05T10:31:28+00:00
julioveronez,1,2026-06-05T10:31:28+00:00
beatrizvolpe,1,2026-06-05T10:31:28+00:00
sharkers_,1,2026-06-05T10:31:28+00:00
jfnlee,1,2026-06-05T10:31:28+00:00
anatole_dm,1,2026-06-05T10:31:28+00:00
avelyn___,1,2026-06-05T10:31:28+00:00
annamscott,1,2026-06-05T10:31:28+00:00
isavm19,1,2026-06-05T10:31:28+00:00
ludludmilaa,1,2026-06-05T10:31:28+00:00
augustso0914,1,2026-06-05T10:31:28+00:00
joemcg12,1,2026-06-05T10:31:28+00:00
jgriffith33,1,2026-06-05T10:31:28+00:00
isisperez,1,2026-06-05T10:31:28+00:00
yao53,1,2026-06-05T10:31:28+00:00
issiczz,1,2026-06-05T10:31:28+00:00
ald3barann,1,2026-06-05T10:31:28+00:00
mgm8,1,2026-06-05T10:31:28+00:00
amjjjaad,1,2026-06-05T10:31:28+00:00
mazizam,1,2026-06-05T10:31:28+00:00
rfl26,1,2026-06-05T10:31:28+00:00
lovelyzmoon,1,2026-06-05T10:31:28+00:00
b_s_movies,1,2026-06-05T10:31:28+00:00
sawtturnn,1,2026-06-05T10:31:28+00:00
avatardang,1,2026-06-05T10:31:28+00:00
blp2306,1,2026-06-05T10:31:28+00:00
brendaotz,1,2026-06-05T10:31:28+00:00
morenavillareal,1,2026-06-05T10:31:28+00:00
joaogabriel__dm,1,2026-06-05T10:31:28+00:00
wildestock,1,2026-06-05T10:31:28+00:00
olliive,1,2026-06-05T10:31:28+00:00
yarra,1,2026-06-05T10:31:28+00:00
ademarjrr,1,2026-06-05T10:31:28+00:00
durexy,1,2026-06-05T10:31:28+00:00
boejoden,1,2026-06-05T10:31:28+00:00
elletownz,1,2026-06-05T10:31:28+00:00
rocioguzmanvera,1,2026-06-05T10:31:28+00:00
floritaflorao,1,2026-06-05T10:31:28+00:00
loumaia,1,2026-06-05T10:31:28+00:00
xguumi,1,2026-06-05T10:31:28+00:00
gorosakechi,1,2026-06-05T10:31:28+00:00
firestorm1096,1,2026-06-05T10:31:28+00:00
fricknyall,1,2026-06-05T10:31:28+00:00
zeifilms,1,2026-06-05T10:31:28+00:00
dinomeg,1,2026-06-05T10:31:28+00:00
euhugolima,1,2026-06-05T10:31:28+00:00
mhmdabh,1,2026-06-05T10:31:28+00:00
emmietv,1,2026-06-05T10:31:28+00:00
many_floors,1,2026-06-05T10:31:28+00:00
joanbeneyto,1,2026-06-05T10:31:28+00:00
lir12,1,2026-06-05T10:31:28+00:00
antman25,1,2026-06-05T10:31:28+00:00
kadueduu,1,2026-06-05T10:31:28+00:00
mayexp,1,2026-06-05T10:31:28+00:00
lowellmarcum,1,2026-06-05T10:31:28+00:00
serpentandsaint,1,2026-06-05T10:31:28+00:00
afoliard,1,2026-06-05T10:31:28+00:00
anacarolinafrz,1,2026-06-05T10:31:28+00:00
craytonray,1,2026-06-05T10:31:28+00:00
afnan8,1,2026-06-05T10:31:28+00:00
nerysjonathann,1,2026-06-05T10:31:28+00:00
grosbiglaid,1,2026-06-05T10:31:28+00:00
salliihh,1,2026-06-05T10:31:28+00:00
dopland1,1,2026-06-05T10:31:28+00:00
d_lirious,1,2026-06-05T10:31:28+00:00
tporto,1,2026-06-05T10:31:28+00:00
valenborges,1,2026-06-05T10:31:28+00:00
freudnocine,1,2026-06-05T10:31:28+00:00
mayraolmedo,1,2026-06-05T10:31:28+00:00
capt_purna,1,2026-06-05T10:31:28+00:00
shmuppy,1,2026-06-05T10:31:28+00:00
jzurc,1,2026-06-05T10:31:28+00:00
aarohead,1,2026-06-05T10:31:28+00:00
thegreatswar,1,2026-06-05T10:31:28+00:00
pablogjordison,1,2026-06-05T10:31:28+00:00
onionpie09,1,2026-06-05T10:31:28+00:00
elmakurdu,1,2026-06-05T10:31:28+00:00
shayleeannalise,1,2026-06-05T10:31:28+00:00
tomlitt,1,2026-06-05T10:31:28+00:00
nanapch,1,2026-06-05T10:31:28+00:00
maxiimramos,1,2026-06-05T10:31:28+00:00
udomsay,1,2026-06-05T10:31:28+00:00
mashabut,1,2026-06-05T10:31:28+00:00
mabadg,1,2026-06-05T10:31:28+00:00
florianmalg,1,2026-06-05T10:31:28+00:00
laurenbirk,1,2026-06-05T10:31:28+00:00
camussetsail,1,2026-06-05T10:31:28+00:00
povedaasecas,1,2026-06-05T10:31:28+00:00
sandra_06,1,2026-06-05T10:31:28+00:00
iagofrsp,1,2026-06-05T10:31:28+00:00
apriell,1,2026-06-05T10:31:28+00:00
saktas,1,2026-06-05T10:31:28+00:00
devarachh,1,2026-06-05T10:31:28+00:00
smar1e,1,2026-06-05T10:31:28+00:00
isadalawatatlo_,1,2026-06-05T10:31:28+00:00
jennniifferrr,1,2026-06-05T10:31:28+00:00
veronicachgo,1,2026-06-05T10:31:28+00:00
thesoloist47,1,2026-06-05T10:31:28+00:00
bradfordeo,1,2026-06-05T10:31:28+00:00
traviasty,1,2026-06-05T10:31:28+00:00
j_lentz,1,2026-06-05T10:31:28+00:00
jhill_,1,2026-06-05T10:31:28+00:00
whiwrmx,1,2026-06-05T10:31:28+00:00
thebrieffect,1,2026-06-05T10:31:28+00:00
binga0,1,2026-06-05T10:31:28+00:00
uurkypk,1,2026-06-05T10:31:28+00:00
aryamandlik,1,2026-06-05T10:31:28+00:00
sugarplumxx,1,2026-06-05T10:31:28+00:00
rakesh76,1,2026-06-05T10:31:28+00:00
gigi2002,1,2026-06-05T10:31:28+00:00
demdoo,1,2026-06-05T10:31:28+00:00
tofu_4_u,1,2026-06-05T10:31:28+00:00
romaneqnm,1,2026-06-05T10:31:28+00:00
razzie1105,1,2026-06-05T10:31:28+00:00
jachi99,1,2026-06-05T10:31:28+00:00
finway2003,1,2026-06-05T10:31:28+00:00
amirheidarian,1,2026-06-05T10:31:28+00:00
julianaapedronj,1,2026-06-05T10:31:28+00:00
victo_pscl,1,2026-06-05T10:31:28+00:00
horrorenjoyer02,1,2026-06-05T10:31:28+00:00
delicate_13,1,2026-06-05T10:31:28+00:00
planetdroolgirl,1,2026-06-05T10:31:28+00:00
chamaguii,1,2026-06-05T10:31:28+00:00
catmvp3,1,2026-06-05T10:31:28+00:00
itsjanesz,1,2026-06-05T10:31:28+00:00
linamariaw,1,2026-06-05T10:31:28+00:00
josephk16,1,2026-06-05T10:31:28+00:00
zero975,1,2026-06-05T10:31:28+00:00
armand2,1,2026-06-05T10:31:28+00:00
manusiaaaaa,1,2026-06-05T10:31:28+00:00
crisito232,1,2026-06-05T10:31:28+00:00
sylzia,1,2026-06-05T10:31:28+00:00
akaldjian,1,2026-06-05T10:31:28+00:00
elospeaks,1,2026-06-05T10:31:28+00:00
maellerbnt,1,2026-06-05T10:31:28+00:00
skulldude21,1,2026-06-05T10:31:28+00:00
soapapoap,1,2026-06-05T10:31:28+00:00
julia1401,1,2026-06-05T10:31:28+00:00
charlsey13,1,2026-06-05T10:31:28+00:00
fartcars6,1,2026-06-05T10:31:28+00:00
eileenp_,1,2026-06-05T10:31:28+00:00
seventhfields,1,2026-06-05T10:31:28+00:00
vyzz_,1,2026-06-05T10:31:28+00:00
elliottff,1,2026-06-05T10:31:28+00:00
cloralex,1,2026-06-05T10:31:28+00:00
kylegallners,1,2026-06-05T10:31:28+00:00
sunburntsnail,1,2026-06-05T10:31:28+00:00
stevensuptic,1,2026-06-05T10:31:28+00:00
taynnafb,1,2026-06-05T10:31:28+00:00
varo666,1,2026-06-05T10:31:28+00:00
carlos808,1,2026-06-05T10:31:28+00:00
vyshikaren,1,2026-06-05T10:31:28+00:00
svetlanacozette,1,2026-06-05T10:31:28+00:00
dxadora,1,2026-06-05T10:31:28+00:00
perplex10,1,2026-06-05T10:31:28+00:00
paocornejoo,1,2026-06-05T10:31:28+00:00
alexanderlaffa,1,2026-06-05T10:31:28+00:00
millyrockk,1,2026-06-05T10:31:28+00:00
pflocki,1,2026-06-05T10:31:28+00:00
amirtopuria,1,2026-06-05T10:31:28+00:00
sahelnzd,1,2026-06-05T10:31:28+00:00
doskicaaa,1,2026-06-05T10:31:28+00:00
seyafilms,1,2026-06-05T10:31:28+00:00
igorch,1,2026-06-05T10:31:28+00:00
khalidamamieva,1,2026-06-05T10:31:28+00:00
ch4shu,1,2026-06-05T10:31:28+00:00
jjknmsm,1,2026-06-05T10:31:28+00:00
hazbreer,1,2026-06-05T10:31:28+00:00
arglonema,1,2026-06-05T10:31:28+00:00
someoneme,1,2026-06-05T10:31:28+00:00
the80swerecool,1,2026-06-05T10:31:28+00:00
mattfortunato,1,2026-06-05T10:31:28+00:00
ssnjgz,1,2026-06-05T10:31:28+00:00
natalie_goodman,1,2026-06-05T10:31:28+00:00
imnotlilyxx0,1,2026-06-05T10:31:28+00:00
licci_x,1,2026-06-05T10:31:28+00:00
mikaoderso,1,2026-06-05T10:31:28+00:00
jamestrotter,1,2026-06-05T10:31:28+00:00
radiodreads,1,2026-06-05T10:31:28+00:00
blueberry911,1,2026-06-05T10:31:28+00:00
imaayush18,1,2026-06-05T10:31:28+00:00
boobeekiwi,1,2026-06-05T10:31:28+00:00
superpooh54,1,2026-06-05T10:31:28+00:00
hammadddkhan,1,2026-06-05T10:31:28+00:00
pap4dopou1os,1,2026-06-05T10:31:28+00:00
majkacool,1,2026-06-05T10:31:28+00:00
maaneden_ansatt,1,2026-06-05T10:31:28+00:00
lilolooo,1,2026-06-05T10:31:28+00:00
taraaa_a,1,2026-06-05T10:31:28+00:00
pulkeman,1,2026-06-05T10:31:28+00:00
pudsey,1,2026-06-05T10:31:28+00:00
grilipino,1,2026-06-05T10:31:28+00:00
maja1222,1,2026-06-05T10:31:28+00:00
likhith_reddy21,1,2026-06-05T10:31:28+00:00
w1nslow,1,2026-06-05T10:31:28+00:00
aeuroi,1,2026-06-05T10:31:28+00:00
jules8497,1,2026-06-05T10:31:28+00:00
maniacal_,1,2026-06-05T10:31:28+00:00
sungutlele,1,2026-06-05T10:31:28+00:00
i7meto,1,2026-06-05T10:31:28+00:00
bhuva2k11,1,2026-06-05T10:31:28+00:00
g0rmsy,1,2026-06-05T10:31:28+00:00
goathed,1,2026-06-05T10:31:28+00:00
patricklee0,1,2026-06-05T10:31:28+00:00
daisyteensy,1,2026-06-05T10:31:28+00:00
ferossi,1,2026-06-05T10:31:28+00:00
barbiebubbigirl,1,2026-06-05T10:31:28+00:00
ajeffe,1,2026-06-05T10:31:28+00:00
portakallisut,1,2026-06-05T10:31:28+00:00
jeremylorin,1,2026-06-05T10:31:28+00:00
orsonwelleswife,1,2026-06-05T10:31:28+00:00
promit_90,1,2026-06-05T10:31:28+00:00
davizord,1,2026-06-05T10:31:28+00:00
guanixim,1,2026-06-05T10:31:28+00:00
t4319,1,2026-06-05T10:31:28+00:00
em_ithoy,1,2026-06-05T10:31:28+00:00
alexissaavedra,1,2026-06-05T10:31:28+00:00
ajb_08,1,2026-06-05T10:31:28+00:00
d_raff_c,1,2026-06-05T10:31:28+00:00
anirudh330,1,2026-06-05T10:31:28+00:00
minrv,1,2026-06-05T10:31:28+00:00
abylay_,1,2026-06-05T10:31:28+00:00
goncalvesgg,1,2026-06-05T10:31:28+00:00
dwdaakash,1,2026-06-05T10:31:28+00:00
jimmylm,1,2026-06-05T10:31:28+00:00
golden_blade,1,2026-06-05T10:31:28+00:00
brandon5carlyle,1,2026-06-05T10:31:28+00:00
enzoo31,1,2026-06-05T10:31:28+00:00
canadianbabe36,1,2026-06-05T10:31:28+00:00
gochorobin,1,2026-06-05T10:31:28+00:00
patrycjatypiak,1,2026-06-05T10:31:28+00:00
lynnflint,1,2026-06-05T10:31:28+00:00
aarushg,1,2026-06-05T10:31:28+00:00
efekaraca1,1,2026-06-05T10:31:28+00:00
kofaa,1,2026-06-05T10:31:28+00:00
knuxus,1,2026-06-05T10:31:28+00:00
pucci0,1,2026-06-05T10:31:28+00:00
theoffice072,1,2026-06-05T10:31:28+00:00
_j0hn_,1,2026-06-05T10:31:28+00:00
jnfrsbody,1,2026-06-05T10:31:28+00:00
cflickz,1,2026-06-05T10:31:28+00:00
emmetflanagan,1,2026-06-05T10:31:28+00:00
barenca,1,2026-06-05T10:31:28+00:00
vegack,1,2026-06-05T10:31:28+00:00
juliana_sfth,1,2026-06-05T10:31:28+00:00
mathis_bsc13,1,2026-06-05T10:31:28+00:00
andrey_yu,1,2026-06-05T10:31:28+00:00
cronagod,1,2026-06-05T10:31:28+00:00
acadia_ellis,1,2026-06-05T10:31:28+00:00
asikul_223,1,2026-06-05T10:31:28+00:00
nzeldah22,1,2026-06-05T10:31:28+00:00
koryun17,1,2026-06-05T10:31:28+00:00
coca_bear,1,2026-06-05T10:31:28+00:00
doom_1,1,2026-06-05T10:31:28+00:00
simonassefa,1,2026-06-05T10:31:28+00:00
dzobleis,1,2026-06-05T10:31:28+00:00
brusteve,1,2026-06-05T10:31:28+00:00
ratoutouioui,1,2026-06-05T10:31:28+00:00
1zu,1,2026-06-05T10:31:28+00:00
vajane,1,2026-06-05T10:31:28+00:00
el4rrzz,1,2026-06-05T10:31:28+00:00
arislash42,1,2026-06-05T10:31:28+00:00
niqhtfallen,1,2026-06-05T10:31:28+00:00
jstewart797,1,2026-06-05T10:31:28+00:00
chloeltty,1,2026-06-05T10:31:28+00:00
lamar13,1,2026-06-05T10:31:28+00:00
muminekbambo,1,2026-06-05T10:31:28+00:00
gracefilmbro,1,2026-06-05T10:31:28+00:00
a77ex,1,2026-06-05T10:31:28+00:00
kc_rykaczewski,1,2026-06-05T10:31:28+00:00
aroyund,1,2026-06-05T10:31:28+00:00
sharoncabin,1,2026-06-05T10:31:28+00:00
mexicano0,1,2026-06-05T10:31:28+00:00
schimpf1,1,2026-06-05T10:31:28+00:00
manm05tegg5,1,2026-06-05T10:31:28+00:00
thelostpickle,1,2026-06-05T10:31:28+00:00
sergiobravo,1,2026-06-05T10:31:28+00:00
opri5346,1,2026-06-05T10:31:28+00:00
badnewsbears800,1,2026-06-05T10:31:28+00:00
mitoy,1,2026-06-05T10:31:28+00:00
miguel006,1,2026-06-05T10:31:28+00:00
aryangera,1,2026-06-05T10:31:28+00:00
gracegloverr,1,2026-06-05T10:31:28+00:00
husameddin,1,2026-06-05T10:31:28+00:00
solarsy,1,2026-06-05T10:31:28+00:00
domtuah,1,2026-06-05T10:31:28+00:00
apfilmzz,1,2026-06-05T10:31:28+00:00
jolalpa,1,2026-06-05T10:31:28+00:00
ivzeq,1,2026-06-05T10:31:28+00:00
aidenstreet,1,2026-06-05T10:31:28+00:00
gee_gee13,1,2026-06-05T10:31:28+00:00
adamlan562,1,2026-06-05T10:31:28+00:00
silaslveslemons,1,2026-06-05T10:31:28+00:00
weede,1,2026-06-05T10:31:28+00:00
solo_camilo,1,2026-06-05T10:31:28+00:00
jacksonfm,1,2026-06-05T10:31:28+00:00
adith3,1,2026-06-05T10:31:28+00:00
robindab4nk,1,2026-06-05T10:31:28+00:00
aubbob,1,2026-06-05T10:31:28+00:00
adriano_010101,1,2026-06-05T10:31:28+00:00
lukejames333,1,2026-06-05T10:31:28+00:00
konnachrome,1,2026-06-05T10:31:28+00:00
1fey,1,2026-06-05T10:31:28+00:00
j0sh_300,1,2026-06-05T10:31:28+00:00
bodibus,1,2026-06-05T10:31:28+00:00
andrewfoshee,1,2026-06-05T10:31:28+00:00
walterwhiteb,1,2026-06-05T10:31:28+00:00
ammijj,1,2026-06-05T10:31:28+00:00
krypticnick,1,2026-06-05T10:31:28+00:00
brooom23,1,2026-06-05T10:31:28+00:00
conorb09,1,2026-06-05T10:31:28+00:00
spookus_,1,2026-06-05T10:31:28+00:00
luke_beaver,1,2026-06-05T10:31:28+00:00
lizziehq,1,2026-06-05T10:31:28+00:00
polohere,1,2026-06-05T10:31:28+00:00
tjmurr,1,2026-06-05T10:31:28+00:00
adam_kesselman,1,2026-06-05T10:31:28+00:00
elizabeth_00,1,2026-06-05T10:31:28+00:00
joonaukkola,1,2026-06-05T10:31:28+00:00
smarty_pantz,1,2026-06-05T10:31:28+00:00
annakravchuk,1,2026-06-05T10:31:28+00:00
bberenicedum,1,2026-06-05T10:31:28+00:00
bolo05,1,2026-06-05T10:31:28+00:00
amanbalani,1,2026-06-05T10:31:28+00:00
elvira_22,1,2026-06-05T10:31:28+00:00
teresa1414,1,2026-06-05T10:31:28+00:00
mist7041,1,2026-06-05T10:31:28+00:00
haasdaboss,1,2026-06-05T10:31:28+00:00
fathiima,1,2026-06-05T10:31:28+00:00
anisdmt,1,2026-06-05T10:31:28+00:00
notasingleword,1,2026-06-05T10:31:28+00:00
elyyyc,1,2026-06-05T10:31:28+00:00
g4siaa,1,2026-06-05T10:31:28+00:00
ssb1969,1,2026-06-05T10:31:28+00:00
cowboysaint,1,2026-06-05T10:31:28+00:00
maurice_jones,1,2026-06-05T10:31:28+00:00
beacosta4,1,2026-06-05T10:31:28+00:00
nwolfix,1,2026-06-05T10:31:28+00:00
andreachavez01,1,2026-06-05T10:31:28+00:00
jordichaw,1,2026-06-05T10:31:28+00:00
geon_p_10,1,2026-06-05T10:31:28+00:00
kefirochek,1,2026-06-05T10:31:28+00:00
ju_cy,1,2026-06-05T10:31:28+00:00
gusebunny,1,2026-06-05T10:31:28+00:00
recep2121,1,2026-06-05T10:31:28+00:00
mrskully24,1,2026-06-05T10:31:28+00:00
addinyae,1,2026-06-05T10:31:28+00:00
ol1wk_a,1,2026-06-05T10:31:28+00:00
geekycustard,1,2026-06-05T10:31:28+00:00
luvlymaria,1,2026-06-05T10:31:28+00:00
antinika,1,2026-06-05T10:31:28+00:00
3hr,1,2026-06-05T10:31:28+00:00
maxkurzydlo,1,2026-06-05T10:31:28+00:00
daniela27c,1,2026-06-05T10:31:28+00:00
uhjacky,1,2026-06-05T10:31:28+00:00
rudenbekovna,1,2026-06-05T10:31:28+00:00
rr4m0s,1,2026-06-05T10:31:28+00:00
marksamenpast,1,2026-06-05T10:31:28+00:00
thxbtw_,1,2026-06-05T10:31:28+00:00
emilie154,1,2026-06-05T10:31:28+00:00
bookermando,1,2026-06-05T10:31:28+00:00
alolicious,1,2026-06-05T10:31:28+00:00
minemenman15,1,2026-06-05T10:31:28+00:00
nskliz,1,2026-06-05T10:31:28+00:00
andywz,1,2026-06-05T10:31:28+00:00
matyldda_pp,1,2026-06-05T10:31:28+00:00
martinete23,1,2026-06-05T10:31:28+00:00
michiiiq,1,2026-06-05T10:31:28+00:00
max0b,1,2026-06-05T10:31:28+00:00
loukas_zormpas,1,2026-06-05T10:31:28+00:00
angelitatoki,1,2026-06-05T10:31:28+00:00
kylierh,1,2026-06-05T10:31:28+00:00
gloemyy,1,2026-06-05T10:31:28+00:00
bluntmaster2002,1,2026-06-05T10:31:28+00:00
1cytea,1,2026-06-05T10:31:28+00:00
teddleslll,1,2026-06-05T10:31:28+00:00
tinyelepthant,1,2026-06-05T10:31:28+00:00
toastbot,1,2026-06-05T10:31:28+00:00
warrg1rl,1,2026-06-05T10:31:28+00:00
bobus16161,1,2026-06-05T10:31:28+00:00
adnn94,1,2026-06-05T10:31:28+00:00
kevinufa,1,2026-06-05T10:31:28+00:00
tsawk,1,2026-06-05T10:31:28+00:00
viduuusdjxnmd,1,2026-06-05T10:31:28+00:00
chonlada,1,2026-06-05T10:31:28+00:00
majaxskw,1,2026-06-05T10:31:28+00:00
milos2910,1,2026-06-05T10:31:28+00:00
clemhttp,1,2026-06-05T10:31:28+00:00
kirbgames,1,2026-06-05T10:31:28+00:00
ethan_hunt_07,1,2026-06-05T10:31:28+00:00
jvaragao,1,2026-06-05T10:31:28+00:00
jhernandezr,1,2026-06-05T10:31:28+00:00
benjt1,1,2026-06-05T10:31:28+00:00
hmyaae,1,2026-06-05T10:31:28+00:00
edwardz10,1,2026-06-05T10:31:28+00:00
drysom,1,2026-06-05T10:31:28+00:00
yoitsads,1,2026-06-05T10:31:28+00:00
felxz,1,2026-06-05T10:31:28+00:00
urielheraas,1,2026-06-05T10:31:28+00:00
marim_,1,2026-06-05T10:31:28+00:00
oliverwalter05,1,2026-06-05T10:31:28+00:00
thomaejflfbs,1,2026-06-05T10:31:28+00:00
mararvictor,1,2026-06-05T10:31:28+00:00
goldenratio0,1,2026-06-05T10:31:28+00:00
debunkxd,1,2026-06-05T10:31:28+00:00
amycullen,1,2026-06-05T10:31:28+00:00
bettyspopcorn,1,2026-06-05T10:31:28+00:00
cdaniiel,1,2026-06-05T10:31:28+00:00
karadeana,1,2026-06-05T10:31:28+00:00
papashvili18,1,2026-06-05T10:31:28+00:00
tasoo1313,1,2026-06-05T10:31:28+00:00
johnnyisadepp,1,2026-06-05T10:31:28+00:00
franciiss,1,2026-06-05T10:31:28+00:00
luckiiy,1,2026-06-05T10:31:28+00:00
minnyyah,1,2026-06-05T10:31:28+00:00
hiddenpearl,1,2026-06-05T10:31:28+00:00
piyaa4k,1,2026-06-05T10:31:28+00:00
vemilo208,1,2026-06-05T10:31:28+00:00
aaron_flat,1,2026-06-05T10:31:28+00:00
yussrahahaha,1,2026-06-05T10:31:28+00:00
huckbeets,1,2026-06-05T10:31:28+00:00
ricecracker71,1,2026-06-05T10:31:28+00:00
adrienco,1,2026-06-05T10:31:28+00:00
rifqii,1,2026-06-05T10:31:28+00:00
danironan,1,2026-06-05T10:31:28+00:00
aiden_45,1,2026-06-05T10:31:28+00:00
ray1128,1,2026-06-05T10:31:28+00:00
poopiepants69,1,2026-06-05T10:31:28+00:00
schiavone09,1,2026-06-05T10:31:28+00:00
kieffer,1,2026-06-05T10:31:28+00:00
dikyamp4,1,2026-06-05T10:31:28+00:00
karolicurna,1,2026-06-05T10:31:28+00:00
makenzey,1,2026-06-05T10:31:28+00:00
lovewerms,1,2026-06-05T10:31:28+00:00
jgarcia77,1,2026-06-05T10:31:28+00:00
fgg_1,1,2026-06-05T10:31:28+00:00
muglokan,1,2026-06-05T10:31:28+00:00
steph_222,1,2026-06-05T10:31:28+00:00
moha_bzlm,1,2026-06-05T10:31:28+00:00
erisamson,1,2026-06-05T10:31:28+00:00
pablofp_,1,2026-06-05T10:31:28+00:00
gabmac_123,1,2026-06-05T10:31:28+00:00
ty_berries,1,2026-06-05T10:31:28+00:00
lebronfalange,1,2026-06-05T10:31:28+00:00
tiredbreadd,1,2026-06-05T10:31:28+00:00
idanova,1,2026-06-05T10:31:28+00:00
iamhlr,1,2026-06-05T10:31:28+00:00
totiealmond321,1,2026-06-05T10:31:28+00:00
laliyamaoka,1,2026-06-05T10:31:28+00:00
brakeastwood,1,2026-06-05T10:31:28+00:00
adri_maes,1,2026-06-05T10:31:28+00:00
staticcentral,1,2026-06-05T10:31:28+00:00
tusanny,1,2026-06-05T10:31:28+00:00
abnormal_julia,1,2026-06-05T10:31:28+00:00
stephenf1991,1,2026-06-05T10:31:28+00:00
coraline_888,1,2026-06-05T10:31:28+00:00
robcuck,1,2026-06-05T10:31:28+00:00
ticatacitoe,1,2026-06-05T10:31:28+00:00
tleye,1,2026-06-05T10:31:28+00:00
elannag,1,2026-06-05T10:31:28+00:00
hayesk5,1,2026-06-05T10:31:28+00:00
crhaleott,1,2026-06-05T10:31:28+00:00
digitalfilms,1,2026-06-05T10:31:28+00:00
pummily91,1,2026-06-05T10:31:28+00:00
mativalente,1,2026-06-05T10:31:28+00:00
sikenko,1,2026-06-05T10:31:28+00:00
erdanii,1,2026-06-05T10:31:28+00:00
cordonblwu,1,2026-06-05T10:31:28+00:00
len6i,1,2026-06-05T10:31:28+00:00
gintokino,1,2026-06-05T10:31:28+00:00
amelie1004,1,2026-06-05T10:31:28+00:00
cesaramei,1,2026-06-05T10:31:28+00:00
spo0okz,1,2026-06-05T10:31:28+00:00
6eigfried,1,2026-06-05T10:31:28+00:00
2sej,1,2026-06-05T10:31:28+00:00
aaking64,1,2026-06-05T10:31:28+00:00
katherinezen,1,2026-06-05T10:31:28+00:00
nataliehuff,1,2026-06-05T10:31:28+00:00
mcydyc,1,2026-06-05T10:31:28+00:00
valeeee02,1,2026-06-05T10:31:28+00:00
cranberies,1,2026-06-05T10:31:28+00:00
colinee_rsr,1,2026-06-05T10:31:28+00:00
carlaherrera_,1,2026-06-05T10:31:28+00:00
superk1w1,1,2026-06-05T10:31:28+00:00
murilobbgs,1,2026-06-05T10:31:28+00:00
beombrry,1,2026-06-05T10:31:28+00:00
user126,1,2026-06-05T10:31:28+00:00
hidekofuji,1,2026-06-05T10:31:28+00:00
machinearkangel,1,2026-06-05T10:31:28+00:00
marcelinemp3,1,2026-06-05T10:31:28+00:00
cemeteryseven,1,2026-06-05T10:31:28+00:00
aamirken,1,2026-06-05T10:31:28+00:00
moggie_meh,1,2026-06-05T10:31:28+00:00
lalafilms_,1,2026-06-05T10:31:28+00:00
narusaemin,1,2026-06-05T10:31:28+00:00
bar2by,1,2026-06-05T10:31:28+00:00
magimaekr,1,2026-06-05T10:31:28+00:00
leodv73,1,2026-06-05T10:31:28+00:00
robinb4nks,1,2026-06-05T10:31:28+00:00
pischeis,1,2026-06-05T10:31:28+00:00
szndaquarium,1,2026-06-05T10:31:28+00:00
lafukii,1,2026-06-05T10:31:28+00:00
ribsofdusk,1,2026-06-05T10:31:28+00:00
tina_sanctus,1,2026-06-05T10:31:28+00:00
udhaya_ud,1,2026-06-05T10:31:28+00:00
sarraqin,1,2026-06-05T10:31:28+00:00
adithyanadh_m,1,2026-06-05T10:31:28+00:00
ses_,1,2026-06-05T10:31:28+00:00
hollyjolly17,1,2026-06-05T10:31:28+00:00
lithopedian_ana,1,2026-06-05T10:31:28+00:00
sunflower101,1,2026-06-05T10:31:28+00:00
yannalg,1,2026-06-05T10:31:28+00:00
sibelacikgoz,1,2026-06-05T10:31:28+00:00
sanswatch,1,2026-06-05T10:31:28+00:00
brina_dg,1,2026-06-05T10:31:28+00:00
peridot571,1,2026-06-05T10:31:28+00:00
mylifebelike,1,2026-06-05T10:31:28+00:00
honeyhamnah,1,2026-06-05T10:31:28+00:00
eliviawallace,1,2026-06-05T10:31:28+00:00
pommepao,1,2026-06-05T10:31:28+00:00
oceanycw,1,2026-06-05T10:31:28+00:00
breezybre,1,2026-06-05T10:31:28+00:00
wakeupe1han,1,2026-06-05T10:31:28+00:00
lavendersem,1,2026-06-05T10:31:28+00:00
sychicho,1,2026-06-05T10:31:28+00:00
cyanzish,1,2026-06-05T10:31:28+00:00
ratofritooooo,1,2026-06-05T10:31:28+00:00
lararj,1,2026-06-05T10:31:28+00:00
ashuhlilee,1,2026-06-05T10:31:28+00:00
hotgirl23,1,2026-06-05T10:31:28+00:00
moovieluvr412,1,2026-06-05T10:31:28+00:00
wowshipz,1,2026-06-05T10:31:28+00:00
vrao12,1,2026-06-05T10:31:28+00:00
mk_0o,1,2026-06-05T10:31:28+00:00
izabellestrada,1,2026-06-05T10:31:28+00:00
onelovelydecker,1,2026-06-05T10:31:28+00:00
andrenguyen,1,2026-06-05T10:31:28+00:00
maggie_mc99,1,2026-06-05T10:31:28+00:00
hanshand,1,2026-06-05T10:31:28+00:00
nique23,1,2026-06-05T10:31:28+00:00
cubster,1,2026-06-05T10:31:28+00:00
fluttershy444,1,2026-06-05T10:31:28+00:00
induugo,1,2026-06-05T10:31:28+00:00
emamarae,1,2026-06-05T10:31:28+00:00
ms12345678,1,2026-06-05T10:31:28+00:00
bydev,1,2026-06-05T10:31:28+00:00
sisihuh,1,2026-06-05T10:31:28+00:00
magicthunder,1,2026-06-05T10:31:28+00:00
raihidalgo,1,2026-06-05T10:31:28+00:00
lolipop8,1,2026-06-05T10:31:28+00:00
forsythia_,1,2026-06-05T10:31:28+00:00
adesdemanzana41,1,2026-06-05T10:31:28+00:00
miquel_fr,1,2026-06-05T10:31:28+00:00
gabriela_xd,1,2026-06-05T10:31:28+00:00
popopoposita,1,2026-06-05T10:31:28+00:00
alicepessoaa,1,2026-06-05T10:31:28+00:00
launascimento,1,2026-06-05T10:31:28+00:00
hdudaa,1,2026-06-05T10:31:28+00:00
claireskz,1,2026-06-05T10:31:28+00:00
marshmmallow,1,2026-06-05T10:31:28+00:00
gabes77,1,2026-06-05T10:31:28+00:00
yeorna,1,2026-06-05T10:31:28+00:00
heavyteaspoon4,1,2026-06-05T10:31:28+00:00
stillso_blue,1,2026-06-05T10:31:28+00:00
janoprasens,1,2026-06-05T10:31:28+00:00
larissa175,1,2026-06-05T10:31:28+00:00
jillsfillms17,1,2026-06-05T10:31:28+00:00
xinyu11,1,2026-06-05T10:31:28+00:00
meguca,1,2026-06-05T10:31:28+00:00
monicaralda,1,2026-06-05T10:31:28+00:00
sirenjusticar,1,2026-06-05T10:31:28+00:00
martinram,1,2026-06-05T10:31:28+00:00
grashier,1,2026-06-05T10:31:28+00:00
n00la,1,2026-06-05T10:31:28+00:00
sillybillyalli,1,2026-06-05T10:31:28+00:00
loverzrun,1,2026-06-05T10:31:28+00:00
cooperf2,1,2026-06-05T10:31:28+00:00
emiballs,1,2026-06-05T10:31:28+00:00
jude_38,1,2026-06-05T10:31:28+00:00
laaraen,1,2026-06-05T10:31:28+00:00
lydiastend,1,2026-06-05T10:31:28+00:00
amarinlla,1,2026-06-05T10:31:28+00:00
shelovesflicks,1,2026-06-05T10:31:28+00:00
lukewarnock,1,2026-06-05T10:31:28+00:00
sunh2o_,1,2026-06-05T10:31:28+00:00
superlark,1,2026-06-05T10:31:28+00:00
antoniob14,1,2026-06-05T10:31:28+00:00
jackf3,1,2026-06-05T10:31:28+00:00
haleighshae,1,2026-06-05T10:31:28+00:00
siemep,1,2026-06-05T10:31:28+00:00
ninetailedjosh,1,2026-06-05T10:31:28+00:00
sirannabanana,1,2026-06-05T10:31:28+00:00
thvthrain,1,2026-06-05T10:31:28+00:00
feliperms,1,2026-06-05T10:31:28+00:00
straubrey_jam,1,2026-06-05T10:31:28+00:00
starsxmoon,1,2026-06-05T10:31:28+00:00
eevee1901,1,2026-06-05T10:31:28+00:00
selesteh,1,2026-06-05T10:31:28+00:00
herioti,1,2026-06-05T10:31:28+00:00
urielradz,1,2026-06-05T10:31:28+00:00
isastrikesback,1,2026-06-05T10:31:28+00:00
jackielovesglee,1,2026-06-05T10:31:28+00:00
lilypetrick,1,2026-06-05T10:31:28+00:00
fwang27,1,2026-06-05T10:31:28+00:00
anarodelli,1,2026-06-05T10:31:28+00:00
gubidubi,1,2026-06-05T10:31:28+00:00
manoela1812,1,2026-06-05T10:31:28+00:00
guerrasarah,1,2026-06-05T10:31:28+00:00
stylestaylor,1,2026-06-05T10:31:28+00:00
mailymovies,1,2026-06-05T10:31:28+00:00
nalutheaxe,1,2026-06-05T10:31:28+00:00
gabbiezz,1,2026-06-05T10:31:28+00:00
cadenob47,1,2026-06-05T10:31:28+00:00
cimixa,1,2026-06-05T10:31:28+00:00
mar10s,1,2026-06-05T10:31:28+00:00
cxlxstb,1,2026-06-05T10:31:28+00:00
pearlzzreview,1,2026-06-05T10:31:28+00:00
lvingddeadgirl,1,2026-06-05T10:31:28+00:00
hanasutherland,1,2026-06-05T10:31:28+00:00
juliettaviv,1,2026-06-05T10:31:28+00:00
jjgeraets,1,2026-06-05T10:31:28+00:00
arckanoid,1,2026-06-05T10:31:28+00:00
paigeaardema,1,2026-06-05T10:31:28+00:00
bellelele,1,2026-06-05T10:31:28+00:00
simonbis,1,2026-06-05T10:31:28+00:00
gabo_999,1,2026-06-05T10:31:28+00:00
abby_j,1,2026-06-05T10:31:28+00:00
fredericofranz,1,2026-06-05T10:31:28+00:00
amudlg,1,2026-06-05T10:31:28+00:00
kmie05,1,2026-06-05T10:31:28+00:00
rorourke05,1,2026-06-05T10:31:28+00:00
rimmekonnen,1,2026-06-05T10:31:28+00:00
adaj21,1,2026-06-05T10:31:28+00:00
laurapepe,1,2026-06-05T10:31:28+00:00
damwayne,1,2026-06-05T10:31:28+00:00
liaporcecilia,1,2026-06-05T10:31:28+00:00
saltboxx,1,2026-06-05T10:31:28+00:00
yrose,1,2026-06-05T10:31:28+00:00
lelamoraes,1,2026-06-05T10:31:28+00:00
valerievalesska,1,2026-06-05T10:31:28+00:00
hausofchelsea,1,2026-06-05T10:31:28+00:00
ratodowillwood,1,2026-06-05T10:31:28+00:00
incaseidntseeya,1,2026-06-05T10:31:28+00:00
jerommegraham,1,2026-06-05T10:31:28+00:00
ines0vieira22,1,2026-06-05T10:31:28+00:00
hannahwhitlam,1,2026-06-05T10:31:28+00:00
brooklynn_x__,1,2026-06-05T10:31:28+00:00
gabrysiannnn,1,2026-06-05T10:31:28+00:00
lilacyzah,1,2026-06-05T10:31:28+00:00
majadacyk,1,2026-06-05T10:31:28+00:00
matildealfaiate,1,2026-06-05T10:31:28+00:00
adele123456,1,2026-06-05T10:31:28+00:00
hjmn,1,2026-06-05T10:31:28+00:00
m00nligh,1,2026-06-05T10:31:28+00:00
emmymovi3s,1,2026-06-05T10:31:28+00:00
geoschnoor,1,2026-06-05T10:31:28+00:00
jeanhaven,1,2026-06-05T10:31:28+00:00
syhmj,1,2026-06-05T10:31:28+00:00
rykuoi,1,2026-06-05T10:31:28+00:00
pehmopaula,1,2026-06-05T10:31:28+00:00
cluelessver,1,2026-06-05T10:31:28+00:00
aus_tin73,1,2026-06-05T10:31:28+00:00
isaaceatsdirt,1,2026-06-05T10:31:28+00:00
justxbee06,1,2026-06-05T10:31:28+00:00
iitnona,1,2026-06-05T10:31:28+00:00
keycitta,1,2026-06-05T10:31:28+00:00
ameenadih,1,2026-06-05T10:31:28+00:00
sivanbdil1,1,2026-06-05T10:31:28+00:00
tarekemir,1,2026-06-05T10:31:28+00:00
cktristan_,1,2026-06-05T10:31:28+00:00
limajama,1,2026-06-05T10:31:28+00:00
freddy2026,1,2026-06-05T10:31:28+00:00
clo_55,1,2026-06-05T10:31:28+00:00
lala_12,1,2026-06-05T10:31:28+00:00
cathtayer,1,2026-06-05T10:31:28+00:00
yappasaurosrex,1,2026-06-05T10:31:28+00:00
desio2001,1,2026-06-05T10:31:28+00:00
tr4shcanlover,1,2026-06-05T10:31:28+00:00
05lewie10,1,2026-06-05T10:31:28+00:00
pimuhu,1,2026-06-05T10:31:28+00:00
alfredo61,1,2026-06-05T10:31:28+00:00
zeulgi,1,2026-06-05T10:31:28+00:00
testolinemma,1,2026-06-05T10:31:28+00:00
thoughtsofjulia,1,2026-06-05T10:31:28+00:00
sh4de0,1,2026-06-05T10:31:28+00:00
anusonu,1,2026-06-05T10:31:28+00:00
minahateclub,1,2026-06-05T10:31:28+00:00
charolette26,1,2026-06-05T10:31:28+00:00
madeleinealexx,1,2026-06-05T10:31:28+00:00
cicamaci,1,2026-06-05T10:31:28+00:00
ksenyaksenya,1,2026-06-05T10:31:28+00:00
ilovecartoon,1,2026-06-05T10:31:28+00:00
naihqrqr,1,2026-06-05T10:31:28+00:00
ianlebruce,1,2026-06-05T10:31:28+00:00
ilovesatan,1,2026-06-05T10:31:28+00:00
hushh1320,1,2026-06-05T10:31:28+00:00
crumbssilence,1,2026-06-05T10:31:28+00:00
toniforero,1,2026-06-05T10:31:28+00:00
hasyasyasya,1,2026-06-05T10:31:28+00:00
geaanslk,1,2026-06-05T10:31:28+00:00
squidmeats,1,2026-06-05T10:31:28+00:00
quezadalinda,1,2026-06-05T10:31:28+00:00
nicolas0802,1,2026-06-05T10:31:28+00:00
fransisma,1,2026-06-05T10:31:28+00:00
jojo_2,1,2026-06-05T10:31:28+00:00
capableofloove,1,2026-06-05T10:31:28+00:00
shananaque,1,2026-06-05T10:31:28+00:00
nburgess,1,2026-06-05T10:31:28+00:00
starw11zz,1,2026-06-05T10:31:28+00:00
retrokourt,1,2026-06-05T10:31:28+00:00
ysaa234,1,2026-06-05T10:31:28+00:00
fatii_maa,1,2026-06-05T10:31:28+00:00
kateleys108,1,2026-06-05T10:31:28+00:00
sydkne17,1,2026-06-05T10:31:28+00:00
blu3_flow3rs,1,2026-06-05T10:31:28+00:00
j4xgetsc4red,1,2026-06-05T10:31:28+00:00
atsabi,1,2026-06-05T10:31:28+00:00
drewcrime,1,2026-06-05T10:31:28+00:00
ibustedinmypnts,1,2026-06-05T10:31:28+00:00
cmtzsd,1,2026-06-05T10:31:28+00:00
pittsburgh5987,1,2026-06-05T10:31:28+00:00
wowzawack,1,2026-06-05T10:31:28+00:00
annamat2002,1,2026-06-05T10:31:28+00:00
dookeifart,1,2026-06-05T10:31:28+00:00
juandim,1,2026-06-05T10:31:28+00:00
finn_0,1,2026-06-05T10:31:28+00:00
kleisevilla,1,2026-06-05T10:31:28+00:00
aramatado,1,2026-06-05T10:31:28+00:00
rxniane,1,2026-06-05T10:31:28+00:00
chickenoodled,1,2026-06-05T10:31:28+00:00
roblox24,1,2026-06-05T10:31:28+00:00
petriglam,1,2026-06-05T10:31:28+00:00
tracywk,1,2026-06-05T10:31:28+00:00
xnceleste,1,2026-06-05T10:31:28+00:00
rosiethecat,1,2026-06-05T10:31:28+00:00
pudimdepao,1,2026-06-05T10:31:28+00:00
kadxnce,1,2026-06-05T10:31:28+00:00
kyutabs,1,2026-06-05T10:31:28+00:00
vikt0303,1,2026-06-05T10:31:28+00:00
benitaaa_ss,1,2026-06-05T10:31:28+00:00
sumayyaph,1,2026-06-05T10:31:28+00:00
larasquaranth,1,2026-06-05T10:31:28+00:00
emajabuka,1,2026-06-05T10:31:28+00:00
nastyona78,1,2026-06-05T10:31:28+00:00
melodyyromero,1,2026-06-05T10:31:28+00:00
haravenue,1,2026-06-05T10:31:28+00:00
clemguig,1,2026-06-05T10:31:28+00:00
juckin,1,2026-06-05T10:31:28+00:00
cookiecrumbling,1,2026-06-05T10:31:28+00:00
justjad3,1,2026-06-05T10:31:28+00:00
josiahcarreira,1,2026-06-05T10:31:28+00:00
bruno_tappan,1,2026-06-05T10:31:28+00:00
wd4126,1,2026-06-05T10:31:28+00:00
urm_caca5,1,2026-06-05T10:31:28+00:00
stephman01,1,2026-06-05T10:31:28+00:00
kaynor19,1,2026-06-05T10:31:28+00:00
wonjongnim,1,2026-06-05T10:31:28+00:00
yuvrajj4211,1,2026-06-05T10:31:28+00:00
__harleen__,1,2026-06-05T10:31:28+00:00
velbard,1,2026-06-05T10:31:28+00:00
sharty19,1,2026-06-05T10:31:28+00:00
iic1,1,2026-06-05T10:31:28+00:00
gendisariani,1,2026-06-05T10:31:28+00:00
dearqalesya,1,2026-06-05T10:31:28+00:00
idon,1,2026-06-05T10:31:28+00:00
tz_ara,1,2026-06-05T10:31:28+00:00
alpim,1,2026-06-05T10:31:28+00:00
ctra,1,2026-06-05T10:31:28+00:00
claireost,1,2026-06-05T10:31:28+00:00
bridiex,1,2026-06-05T10:31:28+00:00
gaeii,1,2026-06-05T10:31:28+00:00
kladia,1,2026-06-05T10:31:28+00:00
marcyleans,1,2026-06-05T10:31:28+00:00
rannnnnnn,1,2026-06-05T10:31:28+00:00
juicyjolena,1,2026-06-05T10:31:28+00:00
shibaeba,1,2026-06-05T10:31:28+00:00
julinha_aaq,1,2026-06-05T10:31:28+00:00
mdeiya,1,2026-06-05T10:31:28+00:00
lacedlilly,1,2026-06-05T10:31:28+00:00
cynam0nka,1,2026-06-05T10:31:28+00:00
ohyozaki,1,2026-06-05T10:31:28+00:00
infi7nt,1,2026-06-05T10:31:28+00:00
frootloopshater,1,2026-06-05T10:31:28+00:00
carmuh,1,2026-06-05T10:31:28+00:00
wh0semmmmy,1,2026-06-05T10:31:28+00:00
rangasaurus,1,2026-06-05T10:31:28+00:00
activegastropod,1,2026-06-05T10:31:28+00:00
louiisee8,1,2026-06-05T10:31:28+00:00
autsjn,1,2026-06-05T10:31:28+00:00
ad5rs,1,2026-06-05T10:31:28+00:00
samuelmawson,1,2026-06-05T10:31:28+00:00
coffeejaley,1,2026-06-05T10:31:28+00:00
womeninmalefilm,1,2026-06-05T10:31:28+00:00
alicec4,1,2026-06-05T10:31:28+00:00
lamismohamed,1,2026-06-05T10:31:28+00:00
feyyymm,1,2026-06-05T10:31:28+00:00
fxckmecas,1,2026-06-05T10:31:28+00:00
provii,1,2026-06-05T10:31:28+00:00
angie_k06,1,2026-06-05T10:31:28+00:00
miffy2481,1,2026-06-05T10:31:28+00:00
deadbeatblues_,1,2026-06-05T10:31:28+00:00
lhaate,1,2026-06-05T10:31:28+00:00
stevenrreyes,1,2026-06-05T10:31:28+00:00
kitflx,1,2026-06-05T10:31:28+00:00
lemonado,1,2026-06-05T10:31:28+00:00
briliany,1,2026-06-05T10:31:28+00:00
iakovinasamou,1,2026-06-05T10:31:28+00:00
keirawest,1,2026-06-05T10:31:28+00:00
majapapajaa,1,2026-06-05T10:31:28+00:00
kobitucker,1,2026-06-05T10:31:28+00:00
salomee9,1,2026-06-05T10:31:28+00:00
hachi12086,1,2026-06-05T10:31:28+00:00
faberry4life,1,2026-06-05T10:31:28+00:00
_andreeww,1,2026-06-05T10:31:28+00:00
alexxaandrrra,1,2026-06-05T10:31:28+00:00
ferminguela,1,2026-06-05T10:31:28+00:00
keonuu,1,2026-06-05T10:31:28+00:00
owenssm,1,2026-06-05T10:31:28+00:00
sparkles_222,1,2026-06-05T10:31:28+00:00
kacisx,1,2026-06-05T10:31:28+00:00
rinette222,1,2026-06-05T10:31:28+00:00
gannaamer,1,2026-06-05T10:31:28+00:00
jninlace,1,2026-06-05T10:31:28+00:00
cougiieee,1,2026-06-05T10:31:28+00:00
7eliq,1,2026-06-05T10:31:28+00:00
kellyglavinic,1,2026-06-05T10:31:28+00:00
ireneerommero,1,2026-06-05T10:31:28+00:00
harshi_5821,1,2026-06-05T10:31:28+00:00
nikolazxvkovic,1,2026-06-05T10:31:28+00:00
kepseykeyline,1,2026-06-05T10:31:28+00:00
butcher6,1,2026-06-05T10:31:28+00:00
huurhunmuzi,1,2026-06-05T10:31:28+00:00
cluvsmoviesss,1,2026-06-05T10:31:28+00:00
fcknhatethisite,1,2026-06-05T10:31:28+00:00
lapalombe,1,2026-06-05T10:31:28+00:00
petrigrofs,1,2026-06-05T10:31:28+00:00
dhandt,1,2026-06-05T10:31:28+00:00
someoneistyping,1,2026-06-05T10:31:28+00:00
jooniseyo,1,2026-06-05T10:31:28+00:00
das_ist,1,2026-06-05T10:31:28+00:00
krycchetto,1,2026-06-05T10:31:28+00:00
whatiwatchnow,1,2026-06-05T10:31:28+00:00
candeapa,1,2026-06-05T10:31:28+00:00
lilaric,1,2026-06-05T10:31:28+00:00
willzzz_,1,2026-06-05T10:31:28+00:00
giurly,1,2026-06-05T10:31:28+00:00
yuchiansu,1,2026-06-05T10:31:28+00:00
kirthacdc,1,2026-06-05T10:31:28+00:00
smyther,1,2026-06-05T10:31:28+00:00
louise_13,1,2026-06-05T10:31:28+00:00
manonbtbl,1,2026-06-05T10:31:28+00:00
lezi22,1,2026-06-05T10:31:28+00:00
yodahf,1,2026-06-05T10:31:28+00:00
mohsenibravhim,1,2026-06-05T10:31:28+00:00
crxstqrr,1,2026-06-05T10:31:28+00:00
lilysimps0n,1,2026-06-05T10:31:28+00:00
mariamzz,1,2026-06-05T10:31:28+00:00
zora_oei,1,2026-06-05T10:31:28+00:00
maximaxouille,1,2026-06-05T10:31:28+00:00
bianca_anya,1,2026-06-05T10:31:28+00:00
_junn_,1,2026-06-05T10:31:28+00:00
alicelcst,1,2026-06-05T10:31:28+00:00
berbinaraya,1,2026-06-05T10:31:28+00:00
meiirioca,1,2026-06-05T10:31:28+00:00
oreshek,1,2026-06-05T10:31:28+00:00
amber_____,1,2026-06-05T10:31:28+00:00
peytonzn,1,2026-06-05T10:31:28+00:00
sonjathelover,1,2026-06-05T10:31:28+00:00
anoukustom,1,2026-06-05T10:31:28+00:00
kreley,1,2026-06-05T10:31:28+00:00
piyushk_,1,2026-06-05T10:31:28+00:00
stellabricot,1,2026-06-05T10:31:28+00:00
gandufenn,1,2026-06-05T10:31:28+00:00
4ron1,1,2026-06-05T10:31:28+00:00
lindsoybean,1,2026-06-05T10:31:28+00:00
sasawss,1,2026-06-05T10:31:28+00:00
zara0711,1,2026-06-05T10:31:28+00:00
jadenmahomed,1,2026-06-05T10:31:28+00:00
nyndd,1,2026-06-05T10:31:28+00:00
popofeigel,1,2026-06-05T10:31:28+00:00
flo_str,1,2026-06-05T10:31:28+00:00
jeankirschstein,1,2026-06-05T10:31:28+00:00
panfriednoodles,1,2026-06-05T10:31:28+00:00
ainmaribell17,1,2026-06-05T10:31:28+00:00
waseem79,1,2026-06-05T10:31:28+00:00
5dollarfootlong,1,2026-06-05T10:31:28+00:00
arundhxti,1,2026-06-05T10:31:28+00:00
juhn3ll,1,2026-06-05T10:31:28+00:00
graceclovesfilm,1,2026-06-05T10:31:28+00:00
edithsoleil,1,2026-06-05T10:31:28+00:00
queerefly,1,2026-06-05T10:31:28+00:00
khusheeshah24,1,2026-06-05T10:31:28+00:00
chritdit,1,2026-06-05T10:31:28+00:00
pisici,1,2026-06-05T10:31:28+00:00
vltino7,1,2026-06-05T10:31:28+00:00
febrianalm,1,2026-06-05T10:31:28+00:00
geogreee,1,2026-06-05T10:31:28+00:00
abarr13,1,2026-06-05T10:31:28+00:00
wsirius,1,2026-06-05T10:31:28+00:00
jamesweatherman,1,2026-06-05T10:31:28+00:00
rashijskskjs,1,2026-06-05T10:31:28+00:00
aregeyoo,1,2026-06-05T10:31:28+00:00
yayayaaaa,1,2026-06-05T10:31:28+00:00
aparna1803,1,2026-06-05T10:31:28+00:00
wbosley,1,2026-06-05T10:31:28+00:00
icelestica,1,2026-06-05T10:31:28+00:00
spicylemons121,1,2026-06-05T10:31:28+00:00
yanbartin,1,2026-06-05T10:31:28+00:00
yigittaskn00,1,2026-06-05T10:31:28+00:00
fakedoom23,1,2026-06-05T10:31:28+00:00
saachi1,1,2026-06-05T10:31:28+00:00
wallfl0werrr,1,2026-06-05T10:31:28+00:00
noraca,1,2026-06-05T10:31:28+00:00
lachiestr,1,2026-06-05T10:31:28+00:00
annagorn,1,2026-06-05T10:31:28+00:00
bibirhode13,1,2026-06-05T10:31:28+00:00
mmdor3000,1,2026-06-05T10:31:28+00:00
sam943,1,2026-06-05T10:31:28+00:00
raexx,1,2026-06-05T10:31:28+00:00
israaa9,1,2026-06-05T10:31:28+00:00
zweilithium,1,2026-06-05T10:31:28+00:00
ineedamo,1,2026-06-05T10:31:28+00:00
raulugo,1,2026-06-05T10:31:28+00:00
pvenkadeshan,1,2026-06-05T10:31:28+00:00
m4rg0ttr0tt3n,1,2026-06-05T10:31:28+00:00
sassychicc,1,2026-06-05T10:31:28+00:00
lucidludo,1,2026-06-05T10:31:28+00:00
alitahseen,1,2026-06-05T10:31:28+00:00
litmicheve,1,2026-06-05T10:31:28+00:00
yannsph,1,2026-06-05T10:31:28+00:00
lycnthropy,1,2026-06-05T10:31:28+00:00
madsbailie,1,2026-06-05T10:31:28+00:00
tan69,1,2026-06-05T10:31:28+00:00
boliy0cinefilo,1,2026-06-05T10:31:28+00:00
coolguytrucks,1,2026-06-05T10:31:28+00:00
masonadams0123,1,2026-06-05T10:31:28+00:00
film_jude,1,2026-06-05T10:31:28+00:00
lunical,1,2026-06-05T10:31:28+00:00
andreaglezn,1,2026-06-05T10:31:28+00:00
facn0m,1,2026-06-05T10:31:28+00:00
mattsmales,1,2026-06-05T10:31:28+00:00
biadib,1,2026-06-05T10:31:28+00:00
nessybartlett,1,2026-06-05T10:31:28+00:00
clairedrummond,1,2026-06-05T10:31:28+00:00
rickgrimes5x1,1,2026-06-05T10:31:28+00:00
rafeinberg,1,2026-06-05T10:31:28+00:00
ellenvuee,1,2026-06-05T10:31:28+00:00
annelise4,1,2026-06-05T10:31:28+00:00
hugomwong,1,2026-06-05T10:31:28+00:00
chrispoulos,1,2026-06-05T10:31:28+00:00
bilouz,1,2026-06-05T10:31:28+00:00
imanerafik,1,2026-06-05T10:31:28+00:00
nymphazel,1,2026-06-05T10:31:28+00:00
lastnamecortez,1,2026-06-05T10:31:28+00:00
julhaleao,1,2026-06-05T10:31:28+00:00
dhillsjr,1,2026-06-05T10:31:28+00:00
tennies,1,2026-06-05T10:31:28+00:00
stephadams,1,2026-06-05T10:31:28+00:00
gagousmt,1,2026-06-05T10:31:28+00:00
fish_watches03,1,2026-06-05T10:31:28+00:00
miaorin,1,2026-06-05T10:31:28+00:00
oreagano69,1,2026-06-05T10:31:28+00:00
strawbiae,1,2026-06-05T10:31:28+00:00
clipper47,1,2026-06-05T10:31:28+00:00
maxcock,1,2026-06-05T10:31:28+00:00
astroqualquer,1,2026-06-05T10:31:28+00:00
flmseve,1,2026-06-05T10:31:28+00:00
ahbower,1,2026-06-05T10:31:28+00:00
chaliporche,1,2026-06-05T10:31:28+00:00
acieunit,1,2026-06-05T10:31:28+00:00
vivianesanm,1,2026-06-05T10:31:28+00:00
thepetermc,1,2026-06-05T10:31:28+00:00
maitendea,1,2026-06-05T10:31:28+00:00
stucco_777,1,2026-06-05T10:31:28+00:00
lopmon_11,1,2026-06-05T10:31:28+00:00
matteo738,1,2026-06-05T10:31:28+00:00
i_eat_leeches,1,2026-06-05T10:31:28+00:00
naturlich2,1,2026-06-05T10:31:28+00:00
cdn_mark,1,2026-06-05T10:31:28+00:00
cindypopp,1,2026-06-05T10:31:28+00:00
miopiyem,1,2026-06-05T10:31:28+00:00
pronetothis,1,2026-06-05T10:31:28+00:00
shinichiro,1,2026-06-05T10:31:28+00:00
joycebibombe,1,2026-06-05T10:31:28+00:00
mayla_monty,1,2026-06-05T10:31:28+00:00
mandzz,1,2026-06-05T10:31:28+00:00
nixco1e,1,2026-06-05T10:31:28+00:00
jsimpkin,1,2026-06-05T10:31:28+00:00
claireocal,1,2026-06-05T10:31:28+00:00
55x,1,2026-06-05T10:31:28+00:00
amoureusette,1,2026-06-05T10:31:28+00:00
stevenwaaang,1,2026-06-05T10:31:28+00:00
gigacoomer,1,2026-06-05T10:31:28+00:00
mothvmp,1,2026-06-05T10:31:28+00:00
dweanad,1,2026-06-05T10:31:28+00:00
robeegc,1,2026-06-05T10:31:28+00:00
arjoo0nn,1,2026-06-05T10:31:28+00:00
amouraraa,1,2026-06-05T10:31:28+00:00
sebastiangerr,1,2026-06-05T10:31:28+00:00
popsiggy,1,2026-06-05T10:31:28+00:00
bonr,1,2026-06-05T10:31:28+00:00
eairabechy,1,2026-06-05T10:31:28+00:00
patrickelo,1,2026-06-05T10:31:28+00:00
slaggylindsey,1,2026-06-05T10:31:28+00:00
kfakhoury001,1,2026-06-05T10:31:28+00:00
hongsiy,1,2026-06-05T10:31:28+00:00
yeren01,1,2026-06-05T10:31:28+00:00
torie88,1,2026-06-05T10:31:28+00:00
anushka12_,1,2026-06-05T10:31:28+00:00
gianz,1,2026-06-05T10:31:28+00:00
savfilip,1,2026-06-05T10:31:28+00:00
gracehanberg,1,2026-06-05T10:31:28+00:00
pascalongas,1,2026-06-05T10:31:28+00:00
omgalexx,1,2026-06-05T10:31:28+00:00
sophiasearle,1,2026-06-05T10:31:28+00:00
fincherme67,1,2026-06-05T10:31:28+00:00
mafezitinha,1,2026-06-05T10:31:28+00:00
qmckee,1,2026-06-05T10:31:28+00:00
loisparry_,1,2026-06-05T10:31:28+00:00
nafins,1,2026-06-05T10:31:28+00:00
single_serving,1,2026-06-05T10:31:28+00:00
rayzah,1,2026-06-05T10:31:28+00:00
doctaluv,1,2026-06-05T10:31:28+00:00
xdrix21,1,2026-06-05T10:31:28+00:00
sanchipro666,1,2026-06-05T10:31:28+00:00
owchinie,1,2026-06-05T10:31:28+00:00
hamzahhai,1,2026-06-05T10:31:28+00:00
pathetickey,1,2026-06-05T10:31:28+00:00
sweeetlikecandy,1,2026-06-05T10:31:28+00:00
wordsofholly,1,2026-06-05T10:31:28+00:00
natherock,1,2026-06-05T10:31:28+00:00
dk7t,1,2026-06-05T10:31:28+00:00
agathe_adbt,1,2026-06-05T10:31:28+00:00
brightside71,1,2026-06-05T10:31:28+00:00
mariusstzl,1,2026-06-05T10:31:28+00:00
aizzzk,1,2026-06-05T10:31:28+00:00
tenessi,1,2026-06-05T10:31:28+00:00
miladjordjevic,1,2026-06-05T10:31:28+00:00
scoobsluvmatcha,1,2026-06-05T10:31:28+00:00
mfreisela,1,2026-06-05T10:31:28+00:00
griso14,1,2026-06-05T10:31:28+00:00
luxx_lucie,1,2026-06-05T10:31:28+00:00
jameslongburley,1,2026-06-05T10:31:28+00:00
acraig_,1,2026-06-05T10:31:28+00:00
christavei,1,2026-06-05T10:31:28+00:00
k3nnawyd,1,2026-06-05T10:31:28+00:00
samur123,1,2026-06-05T10:31:28+00:00
jimmythegentt,1,2026-06-05T10:31:28+00:00
melanie1303,1,2026-06-05T10:31:28+00:00
jr_c,1,2026-06-05T10:31:28+00:00
leniiilover,1,2026-06-05T10:31:28+00:00
swts,1,2026-06-05T10:31:28+00:00
ings1,1,2026-06-05T10:31:28+00:00
ishara09,1,2026-06-05T10:31:28+00:00
fayazeei,1,2026-06-05T10:31:28+00:00
katewalsh,1,2026-06-05T10:31:28+00:00
3_xtcii,1,2026-06-05T10:31:28+00:00
kwiatuuu,1,2026-06-05T10:31:28+00:00
cyriinee,1,2026-06-05T10:31:28+00:00
felpb,1,2026-06-05T10:31:28+00:00
elikucukomer,1,2026-06-05T10:31:28+00:00
refalsal,1,2026-06-05T10:31:28+00:00
monkekeke,1,2026-06-05T10:31:28+00:00
rmdnkrta,1,2026-06-05T10:31:28+00:00
brunoh04,1,2026-06-05T10:31:28+00:00
robertwojtas,1,2026-06-05T10:31:28+00:00
siimiiiii,1,2026-06-05T10:31:28+00:00
trishvik,1,2026-06-05T10:31:28+00:00
ziewye,1,2026-06-05T10:31:28+00:00
xlumeey,1,2026-06-05T10:31:28+00:00
andcrc,1,2026-06-05T10:31:28+00:00
andres2292,1,2026-06-05T10:31:28+00:00
donari,1,2026-06-05T10:31:28+00:00
sxmxxll,1,2026-06-05T10:31:28+00:00
leondemuys,1,2026-06-05T10:31:28+00:00
xx_goku_xx,1,2026-06-05T10:31:28+00:00
bearidann,1,2026-06-05T10:31:28+00:00
giulsdoesmovies,1,2026-06-05T10:31:28+00:00
non7merci,1,2026-06-05T10:31:28+00:00
jamesds11,1,2026-06-05T10:31:28+00:00
nikoikoiko,1,2026-06-05T10:31:28+00:00
dy5ondan1e1s,1,2026-06-05T10:31:28+00:00
45tliro,1,2026-06-05T10:31:28+00:00
moscardondon,1,2026-06-05T10:31:28+00:00
rain_upon_glass,1,2026-06-05T10:31:28+00:00
yzzd,1,2026-06-05T10:31:28+00:00
dorakc,1,2026-06-05T10:31:28+00:00
zatannaswhore,1,2026-06-05T10:31:28+00:00
mitaksh932,1,2026-06-05T10:31:28+00:00
auryxxx,1,2026-06-05T10:31:28+00:00
siravon,1,2026-06-05T10:31:28+00:00
belovedst4ar,1,2026-06-05T10:31:28+00:00
paol0_93,1,2026-06-05T10:31:28+00:00
ethan29256,1,2026-06-05T10:31:28+00:00
maximeeeee,1,2026-06-05T10:31:28+00:00
olivia_dup,1,2026-06-05T10:31:28+00:00
natefermo,1,2026-06-05T10:31:28+00:00
ritinhask8,1,2026-06-05T10:31:28+00:00
grewall,1,2026-06-05T10:31:28+00:00
zelielampin,1,2026-06-05T10:31:28+00:00
susriios,1,2026-06-05T10:31:28+00:00
petterelmalo,1,2026-06-05T10:31:28+00:00
louvinddd,1,2026-06-05T10:31:28+00:00
sculderfox,1,2026-06-05T10:31:28+00:00
tammywatchfilm,1,2026-06-05T10:31:28+00:00
soniaalic,1,2026-06-05T10:31:28+00:00
zeus_op,1,2026-06-05T10:31:28+00:00
bungusbaron,1,2026-06-05T10:31:28+00:00
ginavin14,1,2026-06-05T10:31:28+00:00
uveges,1,2026-06-05T10:31:28+00:00
lillyan123,1,2026-06-05T10:31:28+00:00
lisea92,1,2026-06-05T10:31:28+00:00
iconsumewater,1,2026-06-05T10:31:28+00:00
nt_n3on,1,2026-06-05T10:31:28+00:00
emlycx,1,2026-06-05T10:31:28+00:00
muzo2803,1,2026-06-05T10:31:28+00:00
alellealelle,1,2026-06-05T10:31:28+00:00
razhumikhinbf,1,2026-06-05T10:31:28+00:00
teaix,1,2026-06-05T10:31:28+00:00
emalooo,1,2026-06-05T10:31:28+00:00
yasintasova,1,2026-06-05T10:31:28+00:00
reginascopy,1,2026-06-05T10:31:28+00:00
ginotrz,1,2026-06-05T10:31:28+00:00
sasahungry,1,2026-06-05T10:31:28+00:00
bringbacktyler,1,2026-06-05T10:31:28+00:00
rlsia,1,2026-06-05T10:31:28+00:00
aryana_albakri,1,2026-06-05T10:31:28+00:00
orlando______,1,2026-06-05T10:31:28+00:00
qaopoon,1,2026-06-05T10:31:28+00:00
m_a_t_t_m_a_n,1,2026-06-05T10:31:28+00:00
gaghx,1,2026-06-05T10:31:28+00:00
sparfuu,1,2026-06-05T10:31:28+00:00
vampkot,1,2026-06-05T10:31:28+00:00
oharm,1,2026-06-05T10:31:28+00:00
theodwarf,1,2026-06-05T10:31:28+00:00
djnuggsfilms,1,2026-06-05T10:31:28+00:00
jyaice_,1,2026-06-05T10:31:28+00:00
dandi42,1,2026-06-05T10:31:28+00:00
issym1,1,2026-06-05T10:31:28+00:00
pyota,1,2026-06-05T10:31:28+00:00
julien_mnt,1,2026-06-05T10:31:28+00:00
romain03,1,2026-06-05T10:31:28+00:00
sebasva_,1,2026-06-05T10:31:28+00:00
cinyfile,1,2026-06-05T10:31:28+00:00
aidan2004,1,2026-06-05T10:31:28+00:00
abcdominiqueee,1,2026-06-05T10:31:28+00:00
hollyee,1,2026-06-05T10:31:28+00:00
probablylou,1,2026-06-05T10:31:28+00:00
matthewgolds,1,2026-06-05T10:31:28+00:00
aureliaaristah,1,2026-06-05T10:31:28+00:00
maxx_tzd,1,2026-06-05T10:31:28+00:00
bigjoe05,1,2026-06-05T10:31:28+00:00
mickmovies1,1,2026-06-05T10:31:28+00:00
dhanuoos,1,2026-06-05T10:31:28+00:00
lukewoods42,1,2026-06-05T10:31:28+00:00
ssoccorsy,1,2026-06-05T10:31:28+00:00
goge_,1,2026-06-05T10:31:28+00:00
annaglm,1,2026-06-05T10:31:28+00:00
sanjanavaikund,1,2026-06-05T10:31:28+00:00
uvares,1,2026-06-05T10:31:28+00:00
insideoutvelvet,1,2026-06-05T10:31:28+00:00
inyastat,1,2026-06-05T10:31:28+00:00
axrixs0,1,2026-06-05T10:31:28+00:00
torleifdm,1,2026-06-05T10:31:28+00:00
jfuentes3,1,2026-06-05T10:31:28+00:00
chili_dog_inc,1,2026-06-05T10:31:28+00:00
andreas_ncy54,1,2026-06-05T10:31:28+00:00
blindsaga,1,2026-06-05T10:31:28+00:00
realabdulaziz,1,2026-06-05T10:31:28+00:00
yuki71,1,2026-06-05T10:31:28+00:00
luisvvargas,1,2026-06-05T10:31:28+00:00
amrxes,1,2026-06-05T10:31:28+00:00
meitalpo,1,2026-06-05T10:31:28+00:00
jeff875,1,2026-06-05T10:31:28+00:00
tanookimario,1,2026-06-05T10:31:28+00:00
wafflesupreme,1,2026-06-05T10:31:28+00:00
morris_hb,1,2026-06-05T10:31:28+00:00
gtocco12,1,2026-06-05T10:31:28+00:00
falzonko,1,2026-06-05T10:31:28+00:00
tahaaahmed,1,2026-06-05T10:31:28+00:00
caseyrieruu,1,2026-06-05T10:31:28+00:00
dylandoughertyy,1,2026-06-05T10:31:28+00:00
manozimmer,1,2026-06-05T10:31:28+00:00
maxpaul2002,1,2026-06-05T10:31:28+00:00
emmamackenziie,1,2026-06-05T10:31:28+00:00
ayrenm,1,2026-06-05T10:31:28+00:00
sirikari,1,2026-06-05T10:31:28+00:00
dsagger,1,2026-06-05T10:31:28+00:00
felipeu16,1,2026-06-05T10:31:28+00:00
emperorwilson,1,2026-06-05T10:31:28+00:00
emlynndaniel,1,2026-06-05T10:31:28+00:00
norbates_man,1,2026-06-05T10:31:28+00:00
notwill__,1,2026-06-05T10:31:28+00:00
ahmeettttt,1,2026-06-05T10:31:28+00:00
sidssmedia,1,2026-06-05T10:31:28+00:00
nikmikhall,1,2026-06-05T10:31:28+00:00
rahneegultiano,1,2026-06-05T10:31:28+00:00
chrissyhgn,1,2026-06-05T10:31:28+00:00
chelunee,1,2026-06-05T10:31:28+00:00
haysamhassan,1,2026-06-05T10:31:28+00:00
hiimthefluff,1,2026-06-05T10:31:28+00:00
blahblah0234,1,2026-06-05T10:31:28+00:00
stressedpain,1,2026-06-05T10:31:28+00:00
dayanarap02,1,2026-06-05T10:31:28+00:00
annabee23,1,2026-06-05T10:31:28+00:00
cltrimble25,1,2026-06-05T10:31:28+00:00
lipids,1,2026-06-05T10:31:28+00:00
dylanthefilm,1,2026-06-05T10:31:28+00:00
y8shikage,1,2026-06-05T10:31:28+00:00
birdman17,1,2026-06-05T10:31:28+00:00
howcanbejane,1,2026-06-05T10:31:28+00:00
elliemwilson,1,2026-06-05T10:31:28+00:00
batekku_,1,2026-06-05T10:31:28+00:00
rafitoc,1,2026-06-05T10:31:28+00:00
xarrowx,1,2026-06-05T10:31:28+00:00
cineani,1,2026-06-05T10:31:28+00:00
m2ije,1,2026-06-05T10:31:28+00:00
uzair_ahmed,1,2026-06-05T10:31:28+00:00
byaliyewals,1,2026-06-05T10:31:28+00:00
bojackkk1989,1,2026-06-05T10:31:28+00:00
xeolna,1,2026-06-05T10:31:28+00:00
justefoxy8151,1,2026-06-05T10:31:28+00:00
stfuesyz,1,2026-06-05T10:31:28+00:00
tysonmoriarty,1,2026-06-05T10:31:28+00:00
adithyan2003,1,2026-06-05T10:31:28+00:00
jessiealvaaa,1,2026-06-05T10:31:28+00:00
mariett3,1,2026-06-05T10:31:28+00:00
sychee,1,2026-06-05T10:31:28+00:00
fankie99,1,2026-06-05T10:31:28+00:00
aastar,1,2026-06-05T10:31:28+00:00
mnitbones,1,2026-06-05T10:31:28+00:00
julsjulsie,1,2026-06-05T10:31:28+00:00
kkpismeo,1,2026-06-05T10:31:28+00:00
cami_gdj,1,2026-06-05T10:31:28+00:00
xaab_,1,2026-06-05T10:31:28+00:00
whosniel,1,2026-06-05T10:31:28+00:00
balbinqa,1,2026-06-05T10:31:28+00:00
qdlch,1,2026-06-05T10:31:28+00:00
hanulka13,1,2026-06-05T10:31:28+00:00
gorex_xfiend,1,2026-06-05T10:31:28+00:00
not_manel_leiva,1,2026-06-05T10:31:28+00:00
manugl18,1,2026-06-05T10:31:28+00:00
ornitorrincazo,1,2026-06-05T10:31:28+00:00
gatolozano,1,2026-06-05T10:31:28+00:00
thanos5408,1,2026-06-05T10:31:28+00:00
ronaydinho,1,2026-06-05T10:31:28+00:00
raffo2,1,2026-06-05T10:31:28+00:00
samgyuyu,1,2026-06-05T10:31:28+00:00
fwtemuu,1,2026-06-05T10:31:28+00:00
izekclarke,1,2026-06-05T10:31:28+00:00
pinkflake,1,2026-06-05T10:31:28+00:00
bluesea2004,1,2026-06-05T10:31:28+00:00
mawaddah__,1,2026-06-05T10:31:28+00:00
solzf4vfilmz,1,2026-06-05T10:31:28+00:00
ansleydior,1,2026-06-05T10:31:28+00:00
bigpoppahoyle,1,2026-06-05T10:31:28+00:00
corey_james124,1,2026-06-05T10:31:28+00:00
r03ane,1,2026-06-05T10:31:28+00:00
dam444,1,2026-06-05T10:31:28+00:00
marylovescats,1,2026-06-05T10:31:28+00:00
mira1011,1,2026-06-05T10:31:28+00:00
irenegaeta,1,2026-06-05T10:31:28+00:00
ptrangel,1,2026-06-05T10:31:28+00:00
lexiskywalker19,1,2026-06-05T10:31:28+00:00
bernatagusti,1,2026-06-05T10:31:28+00:00
dkfelffk,1,2026-06-05T10:31:28+00:00
jkay_latterbox,1,2026-06-05T10:31:28+00:00
gchora,1,2026-06-05T10:31:28+00:00
paulmescalover,1,2026-06-05T10:31:28+00:00
mochisana,1,2026-06-05T10:31:28+00:00
sonofjack2,1,2026-06-05T10:31:28+00:00
trujo007,1,2026-06-05T10:31:28+00:00
arkivez,1,2026-06-05T10:31:28+00:00
xeluw,1,2026-06-05T10:31:28+00:00
supersthur,1,2026-06-05T10:31:28+00:00
seansoundsoff,1,2026-06-05T10:31:28+00:00
maisyeti,1,2026-06-05T10:31:28+00:00
goryzinn,1,2026-06-05T10:31:28+00:00
allawi_haider,1,2026-06-05T10:31:28+00:00
tayty94,1,2026-06-05T10:31:28+00:00
alishovali,1,2026-06-05T10:31:28+00:00
whatsizywatchin,1,2026-06-05T10:31:28+00:00
kasyaznna,1,2026-06-05T10:31:28+00:00
domm5,1,2026-06-05T10:31:28+00:00
ppmindd,1,2026-06-05T10:31:28+00:00
emmawakey39,1,2026-06-05T10:31:28+00:00
4yniemo,1,2026-06-05T10:31:28+00:00
diell_pinkman,1,2026-06-05T10:31:28+00:00
lampukuning,1,2026-06-05T10:31:28+00:00
camilleee_,1,2026-06-05T10:31:28+00:00
fares24zzz,1,2026-06-05T10:31:28+00:00
llucib,1,2026-06-05T10:31:28+00:00
lolsxz,1,2026-06-05T10:31:28+00:00
nhdsbl,1,2026-06-05T10:31:28+00:00
cherryl6000,1,2026-06-05T10:31:28+00:00
manuelpool,1,2026-06-05T10:31:28+00:00
skyiner,1,2026-06-05T10:31:28+00:00
scabsgunspb,1,2026-06-05T10:31:28+00:00
kamalama7,1,2026-06-05T10:31:28+00:00
mamiya_takuji,1,2026-06-05T10:31:28+00:00
izjizz,1,2026-06-05T10:31:28+00:00
ezviao,1,2026-06-05T10:31:28+00:00
vaishuu9,1,2026-06-05T10:31:28+00:00
edek_,1,2026-06-05T10:31:28+00:00
hopeleaves,1,2026-06-05T10:31:28+00:00
kentixgg,1,2026-06-05T10:31:28+00:00
matixz,1,2026-06-05T10:31:28+00:00
plaguedoktr,1,2026-06-05T10:31:28+00:00
cheekystreetwiz,1,2026-06-05T10:31:28+00:00
ahiruwu,1,2026-06-05T10:31:28+00:00
chocoflancillo,1,2026-06-05T10:31:28+00:00
loganmiller2000,1,2026-06-05T10:31:28+00:00
maddienase,1,2026-06-05T10:31:28+00:00
souperswag,1,2026-06-05T10:31:28+00:00
beeble2,1,2026-06-05T10:31:28+00:00
dodo_chan,1,2026-06-05T10:31:28+00:00
plantaestrella,1,2026-06-05T10:31:28+00:00
fauxfalcon,1,2026-06-05T10:31:28+00:00
mehran1234,1,2026-06-05T10:31:28+00:00
emkiaoekl,1,2026-06-05T10:31:28+00:00
llxlpiu,1,2026-06-05T10:31:28+00:00
vlover,1,2026-06-05T10:31:28+00:00
beatriz2211,1,2026-06-05T10:31:28+00:00
ineskap,1,2026-06-05T10:31:28+00:00
scubadan,1,2026-06-05T10:31:28+00:00
shikaros,1,2026-06-05T10:31:28+00:00
marmeladakhs,1,2026-06-05T10:31:28+00:00
izziemarie,1,2026-06-05T10:31:28+00:00
lukebeckett2,1,2026-06-05T10:31:28+00:00
slong2281,1,2026-06-05T10:31:28+00:00
kasper713,1,2026-06-05T10:31:28+00:00
zarasilipo,1,2026-06-05T10:31:28+00:00
balintt,1,2026-06-05T10:31:28+00:00
laitaupoelle,1,2026-06-05T10:31:28+00:00
slushiel,1,2026-06-05T10:31:28+00:00
kh2222,1,2026-06-05T10:31:28+00:00
m4lmur,1,2026-06-05T10:31:28+00:00
nishantkarki,1,2026-06-05T10:31:28+00:00
layoutloud,1,2026-06-05T10:31:28+00:00
ankissms,1,2026-06-05T10:31:28+00:00
smy4,1,2026-06-05T10:31:28+00:00
poulileh,1,2026-06-05T10:31:28+00:00
eren_senal,1,2026-06-05T10:31:28+00:00
kitten154,1,2026-06-05T10:31:28+00:00
vampire_lvvr,1,2026-06-05T10:31:28+00:00
pe_cine,1,2026-06-05T10:31:28+00:00
appolonix63,1,2026-06-05T10:31:28+00:00
klocts16pt,1,2026-06-05T10:31:28+00:00
yura_okk,1,2026-06-05T10:31:28+00:00
sage3ee,1,2026-06-05T10:31:28+00:00
suhanigp,1,2026-06-05T10:31:28+00:00
julien_hfr,1,2026-06-05T10:31:28+00:00
gopeeeka,1,2026-06-05T10:31:28+00:00
tinooi,1,2026-06-05T10:31:28+00:00
javillorens,1,2026-06-05T10:31:28+00:00
mewithyourmom,1,2026-06-05T10:31:28+00:00
sanju7488,1,2026-06-05T10:31:28+00:00
helparadise,1,2026-06-05T10:31:28+00:00
krysta_jane,1,2026-06-05T10:31:28+00:00
hsospdjdjsosncb,1,2026-06-05T10:31:28+00:00
chipkali,1,2026-06-05T10:31:28+00:00
darrencheng,1,2026-06-05T10:31:28+00:00
loryy5,1,2026-06-05T10:31:28+00:00
tellerren,1,2026-06-05T10:31:28+00:00
1154rafa,1,2026-06-05T10:31:28+00:00
andrwse,1,2026-06-05T10:31:28+00:00
jlcrxx,1,2026-06-05T10:31:28+00:00
serenenenenity,1,2026-06-05T10:31:28+00:00
prettycrier,1,2026-06-05T10:31:28+00:00
angle62,1,2026-06-05T10:31:28+00:00
saksfilth,1,2026-06-05T10:31:28+00:00
aeno_,1,2026-06-05T10:31:28+00:00
derpcat,1,2026-06-05T10:31:28+00:00
trnnxm,1,2026-06-05T10:31:28+00:00
pj7u_,1,2026-06-05T10:31:28+00:00
ntlkq,1,2026-06-05T10:31:28+00:00
emmywemmy69,1,2026-06-05T10:31:28+00:00
votedomo23,1,2026-06-05T10:31:28+00:00
mlud12,1,2026-06-05T10:31:28+00:00
daria_sh_v,1,2026-06-05T10:31:28+00:00
xeeniiad,1,2026-06-05T10:31:28+00:00
chinchas,1,2026-06-05T10:31:28+00:00
aleeeek_thegoat,1,2026-06-05T10:31:28+00:00
davelebg,1,2026-06-05T10:31:28+00:00
akanchhaya,1,2026-06-05T10:31:28+00:00
ingapinga123,1,2026-06-05T10:31:28+00:00
koweeni,1,2026-06-05T10:31:28+00:00
lyusya_makedon,1,2026-06-05T10:31:28+00:00
sumitsarkar,1,2026-06-05T10:31:28+00:00
klaruuu,1,2026-06-05T10:31:28+00:00
ellaviv,1,2026-06-05T10:31:28+00:00
emmihannah,1,2026-06-05T10:31:28+00:00
larcynb,1,2026-06-05T10:31:28+00:00
grivyzzz,1,2026-06-05T10:31:28+00:00
midlemist_,1,2026-06-05T10:31:28+00:00
skyma08,1,2026-06-05T10:31:28+00:00
psycho_candy_83,1,2026-06-05T10:31:28+00:00
kevfinone,1,2026-06-05T10:31:28+00:00
yourisoto,1,2026-06-05T10:31:28+00:00
pfpduod,1,2026-06-05T10:31:28+00:00
semmprasektum,1,2026-06-05T10:31:28+00:00
jubiscreudi,1,2026-06-05T10:31:28+00:00
annieediaries,1,2026-06-05T10:31:28+00:00
hmincer59,1,2026-06-05T10:31:28+00:00
saraemilienille,1,2026-06-05T10:31:28+00:00
robinmacey,1,2026-06-05T10:31:28+00:00
chris_meezy,1,2026-06-05T10:31:28+00:00
soinvain,1,2026-06-05T10:31:28+00:00
saracdy,1,2026-06-05T10:31:28+00:00
vasi99,1,2026-06-05T10:31:28+00:00
ayeetaylor,1,2026-06-05T10:31:28+00:00
glowwfish,1,2026-06-05T10:31:28+00:00
k3yswan,1,2026-06-05T10:31:28+00:00
shri222,1,2026-06-05T10:31:28+00:00
shanghaii_kidd,1,2026-06-05T10:31:28+00:00
jujubels,1,2026-06-05T10:31:28+00:00
denchold2004,1,2026-06-05T10:31:28+00:00
lulist91,1,2026-06-05T10:31:28+00:00
narraa1010,1,2026-06-05T10:31:28+00:00
dead_d33r,1,2026-06-05T10:31:28+00:00
levit7,1,2026-06-05T10:31:28+00:00
memmapork,1,2026-06-05T10:31:28+00:00
doctorpizza,1,2026-06-05T10:31:28+00:00
zzzgigigigi,1,2026-06-05T10:31:28+00:00
life01,1,2026-06-05T10:31:28+00:00
scottosthenerd,1,2026-06-05T10:31:28+00:00
rafachino,1,2026-06-05T10:31:28+00:00
el_charmlessman,1,2026-06-05T10:31:28+00:00
4rvin,1,2026-06-05T10:31:28+00:00
_beanbread,1,2026-06-05T10:31:28+00:00
watanawanabe,1,2026-06-05T10:31:28+00:00
cowboycoke,1,2026-06-05T10:31:28+00:00
firavunlar,1,2026-06-05T10:31:28+00:00
rayyanramzan,1,2026-06-05T10:31:28+00:00
frabone,1,2026-06-05T10:31:28+00:00
emirsaidina,1,2026-06-05T10:31:28+00:00
wbilla,1,2026-06-05T10:31:28+00:00
watchmn,1,2026-06-05T10:31:28+00:00
anechoix,1,2026-06-05T10:31:28+00:00
shadowpanda1306,1,2026-06-05T10:31:28+00:00
fresch9,1,2026-06-05T10:31:28+00:00
hoorety,1,2026-06-05T10:31:28+00:00
cocodinho,1,2026-06-05T10:31:28+00:00
neshv,1,2026-06-05T10:31:28+00:00
adriii_g09,1,2026-06-05T10:31:28+00:00
jjabuaita,1,2026-06-05T10:31:28+00:00
cozyhoodie,1,2026-06-05T10:31:28+00:00
sanches_x7,1,2026-06-05T10:31:28+00:00
t4nku,1,2026-06-05T10:31:28+00:00
xtinasoundworld,1,2026-06-05T10:31:28+00:00
d7ime,1,2026-06-05T10:31:28+00:00
daking22,1,2026-06-05T10:31:28+00:00
ishatha,1,2026-06-05T10:31:28+00:00
caiodasilva,1,2026-06-05T10:31:28+00:00
chaimeetstoast,1,2026-06-05T10:31:28+00:00
blakeedwards31,1,2026-06-05T10:31:28+00:00
g4chi,1,2026-06-05T10:31:28+00:00
lalalalalisa152,1,2026-06-05T10:31:28+00:00
__savannah__,1,2026-06-05T10:31:28+00:00
ben_moz,1,2026-06-05T10:31:28+00:00
amane8575,1,2026-06-05T10:31:28+00:00
ebayaj,1,2026-06-05T10:31:28+00:00
orizzco,1,2026-06-05T10:31:28+00:00
rytommi1,1,2026-06-05T10:31:28+00:00
basu_kalimath,1,2026-06-05T10:31:28+00:00
upthera1,1,2026-06-05T10:31:28+00:00
bommvastic,1,2026-06-05T10:31:28+00:00
isaqer,1,2026-06-05T10:31:28+00:00
hammerspace,1,2026-06-05T10:31:28+00:00
tmq10,1,2026-06-05T10:31:28+00:00
vyxx_,1,2026-06-05T10:31:28+00:00
emmakhertog,1,2026-06-05T10:31:28+00:00
rmaturo50,1,2026-06-05T10:31:28+00:00
eleanors_movies,1,2026-06-05T10:31:28+00:00
piyushishigh,1,2026-06-05T10:31:28+00:00
nulligan,1,2026-06-05T10:31:28+00:00
jaedee93,1,2026-06-05T10:31:28+00:00
nihad09,1,2026-06-05T10:31:28+00:00
antoniomiano,1,2026-06-05T10:31:28+00:00
zachlatessa,1,2026-06-05T10:31:28+00:00
alacarte210,1,2026-06-05T10:31:28+00:00
doflamingo123,1,2026-06-05T10:31:28+00:00
naitikxcine,1,2026-06-05T10:31:28+00:00
abacodalphaeus,1,2026-06-05T10:31:28+00:00
stfunatii,1,2026-06-05T10:31:28+00:00
perrinkiza,1,2026-06-05T10:31:28+00:00
kvaratskhelia17,1,2026-06-05T10:31:28+00:00
elizabethhanson,1,2026-06-05T10:31:28+00:00
jarobtex,1,2026-06-05T10:31:28+00:00
abigailsleeps,1,2026-06-05T10:31:28+00:00
butuhdisko777,1,2026-06-05T10:31:28+00:00
connor0987,1,2026-06-05T10:31:28+00:00
alankreimer,1,2026-06-05T10:31:28+00:00
shauryapalusa,1,2026-06-05T10:31:28+00:00
notchrisr,1,2026-06-05T10:31:28+00:00
koshal,1,2026-06-05T10:31:28+00:00
bonipitt,1,2026-06-05T10:31:28+00:00
mrdoudoudou,1,2026-06-05T10:31:28+00:00
wooziewoozie,1,2026-06-05T10:31:28+00:00
nnmehta,1,2026-06-05T10:31:28+00:00
broozi,1,2026-06-05T10:31:28+00:00
jfranconildo,1,2026-06-05T10:31:28+00:00
zhiorx,1,2026-06-05T10:31:28+00:00
shannongill,1,2026-06-05T10:31:28+00:00
julyuhna,1,2026-06-05T10:31:28+00:00
lujuge,1,2026-06-05T10:31:28+00:00
elomaarja,1,2026-06-05T10:31:28+00:00
lil_mickey,1,2026-06-05T10:31:28+00:00
obscurliel,1,2026-06-05T10:31:28+00:00
kovdor,1,2026-06-05T10:31:28+00:00
nathoulatatou,1,2026-06-05T10:31:28+00:00
tiffiecambe,1,2026-06-05T10:31:28+00:00
sankalpika,1,2026-06-05T10:31:28+00:00
ianleisinger,1,2026-06-05T10:31:28+00:00
necru,1,2026-06-05T10:31:28+00:00
battyboyy,1,2026-06-05T10:31:28+00:00
yakiko,1,2026-06-05T10:31:28+00:00
kuroihana,1,2026-06-05T10:31:28+00:00
jetbobo,1,2026-06-05T10:31:28+00:00
kevin_tembo,1,2026-06-05T10:31:28+00:00
demonmarkedsoul,1,2026-06-05T10:31:28+00:00
xiomami,1,2026-06-05T10:31:28+00:00
bensky0,1,2026-06-05T10:31:28+00:00
paula_emm,1,2026-06-05T10:31:28+00:00
jemima_l,1,2026-06-05T10:31:28+00:00
bangy,1,2026-06-05T10:31:28+00:00
musslamoustache,1,2026-06-05T10:31:28+00:00
sofiaaapre,1,2026-06-05T10:31:28+00:00
leonarfo,1,2026-06-05T10:31:28+00:00
oldmew,1,2026-06-05T10:31:28+00:00
belutliztrik,1,2026-06-05T10:31:28+00:00
isabellemovie,1,2026-06-05T10:31:28+00:00
lukasolitude,1,2026-06-05T10:31:28+00:00
astryxq,1,2026-06-05T10:31:28+00:00
sophiermiller,1,2026-06-05T10:31:28+00:00
dnevnik,1,2026-06-05T10:31:28+00:00
pipikissme,1,2026-06-05T10:31:28+00:00
unwhippedkarim,1,2026-06-05T10:31:28+00:00
mesh1al,1,2026-06-05T10:31:28+00:00
aexyu,1,2026-06-05T10:31:28+00:00
sheepyshup,1,2026-06-05T10:31:28+00:00
arka_nsas,1,2026-06-05T10:31:28+00:00
in2myheart,1,2026-06-05T10:31:28+00:00
sebzebegum,1,2026-06-05T10:31:28+00:00
justmels,1,2026-06-05T10:31:28+00:00
z7wi,1,2026-06-05T10:31:28+00:00
vapordiscs,1,2026-06-05T10:31:28+00:00
belitahp,1,2026-06-05T10:31:28+00:00
_ash_1,1,2026-06-05T10:31:28+00:00
teyoz,1,2026-06-05T10:31:28+00:00
aswinraj358,1,2026-06-05T10:31:28+00:00
carliiiiiiin_,1,2026-06-05T10:31:28+00:00
thomasrohrich,1,2026-06-05T10:31:28+00:00
nenevibesss,1,2026-06-05T10:31:28+00:00
chhhaarrr07,1,2026-06-05T10:31:28+00:00
twenkitty,1,2026-06-05T10:31:28+00:00
chammycham,1,2026-06-05T10:31:28+00:00
vendokarina,1,2026-06-05T10:31:28+00:00
griffgramm,1,2026-06-05T10:31:28+00:00
mistercinephile,1,2026-06-05T10:31:28+00:00
nasrat,1,2026-06-05T10:31:28+00:00
rixpct,1,2026-06-05T10:31:28+00:00
fraunce,1,2026-06-05T10:31:28+00:00
sabinaragim,1,2026-06-05T10:31:28+00:00
snowfennec,1,2026-06-05T10:31:28+00:00
edgargomez1008,1,2026-06-05T10:31:28+00:00
ijess_,1,2026-06-05T10:31:28+00:00
vanillaisheree,1,2026-06-05T10:31:28+00:00
reedaxx,1,2026-06-05T10:31:28+00:00
cherriesh,1,2026-06-05T10:31:28+00:00
fleurnynn,1,2026-06-05T10:31:28+00:00
nikhil410,1,2026-06-05T10:31:28+00:00
gwus,1,2026-06-05T10:31:28+00:00
danaah,1,2026-06-05T10:31:28+00:00
cheekynikki,1,2026-06-05T10:31:28+00:00
_strawbangie,1,2026-06-05T10:31:28+00:00
eroclin4321,1,2026-06-05T10:31:28+00:00
ayainthevalley,1,2026-06-05T10:31:28+00:00
sara131313,1,2026-06-05T10:31:28+00:00
maxthegoat33,1,2026-06-05T10:31:28+00:00
resjanaaa_,1,2026-06-05T10:31:28+00:00
jenjean,1,2026-06-05T10:31:28+00:00
squillthonius,1,2026-06-05T10:31:28+00:00
itsreemas,1,2026-06-05T10:31:28+00:00
wiredgrrl,1,2026-06-05T10:31:28+00:00
blacksoulsland,1,2026-06-05T10:31:28+00:00
juannnntwomore,1,2026-06-05T10:31:28+00:00
tessacarrabba,1,2026-06-05T10:31:28+00:00
lauramorillo,1,2026-06-05T10:31:28+00:00
esthsud,1,2026-06-05T10:31:28+00:00
fbou,1,2026-06-05T10:31:28+00:00
kil__aa,1,2026-06-05T10:31:28+00:00
jake_white21,1,2026-06-05T10:31:28+00:00
spicytexadilla,1,2026-06-05T10:31:28+00:00
marboix,1,2026-06-05T10:31:28+00:00
bademaalik,1,2026-06-05T10:31:28+00:00
devvthree,1,2026-06-05T10:31:28+00:00
sunnysidepiper,1,2026-06-05T10:31:28+00:00
monavanta,1,2026-06-05T10:31:28+00:00
liliysm,1,2026-06-05T10:31:28+00:00
eenzolarosa,1,2026-06-05T10:31:28+00:00
s_t_a_n_,1,2026-06-05T10:31:28+00:00
antonijaaa,1,2026-06-05T10:31:28+00:00
wexn,1,2026-06-05T10:31:28+00:00
chalours,1,2026-06-05T10:31:28+00:00
itsrioo,1,2026-06-05T10:31:28+00:00
vilain_chacal,1,2026-06-05T10:31:28+00:00
xkreek,1,2026-06-05T10:31:28+00:00
veralun,1,2026-06-05T10:31:28+00:00
goatyamaris,1,2026-06-05T10:31:28+00:00
jeed4n,1,2026-06-05T10:31:28+00:00
isorlly,1,2026-06-05T10:31:28+00:00
ddeorami,1,2026-06-05T10:31:28+00:00
quinteroluk,1,2026-06-05T10:31:28+00:00
tep7z,1,2026-06-05T10:31:28+00:00
belle__okkay,1,2026-06-05T10:31:28+00:00
frankoceau,1,2026-06-05T10:31:28+00:00
zheal,1,2026-06-05T10:31:28+00:00
usernamexx,1,2026-06-05T10:31:28+00:00
keataluck,1,2026-06-05T10:31:28+00:00
flaviomeriggi,1,2026-06-05T10:31:28+00:00
daizynix,1,2026-06-05T10:31:28+00:00
tjonthewall,1,2026-06-05T10:31:28+00:00
mqq7,1,2026-06-05T10:31:28+00:00
marteen4,1,2026-06-05T10:31:28+00:00
sickytoffeepudd,1,2026-06-05T10:31:28+00:00
gervz8876,1,2026-06-05T10:31:28+00:00
perooo,1,2026-06-05T10:31:28+00:00
zidanemovies,1,2026-06-05T10:31:28+00:00
vintageviv,1,2026-06-05T10:31:28+00:00
noji000,1,2026-06-05T10:31:28+00:00
inasah24,1,2026-06-05T10:31:28+00:00
minimorgul,1,2026-06-05T10:31:28+00:00
wateronly,1,2026-06-05T10:31:28+00:00
ekambora,1,2026-06-05T10:31:28+00:00
xtinnie,1,2026-06-05T10:31:28+00:00
milafa3105,1,2026-06-05T10:31:28+00:00
sophiware,1,2026-06-05T10:31:28+00:00
alxniq,1,2026-06-05T10:31:28+00:00
itsmesturm,1,2026-06-05T10:31:28+00:00
mukiro,1,2026-06-05T10:31:28+00:00
lililinh,1,2026-06-05T10:31:28+00:00
muhammed2m48,1,2026-06-05T10:31:28+00:00
aquaticcommet,1,2026-06-05T10:31:28+00:00
avishkarpise,1,2026-06-05T10:31:28+00:00
shrekemjoyer67,1,2026-06-05T10:31:28+00:00
tuxeado,1,2026-06-05T10:31:28+00:00
dr1fi,1,2026-06-05T10:31:28+00:00
steakherz14,1,2026-06-05T10:31:28+00:00
trungbatto,1,2026-06-05T10:31:28+00:00
nelectron,1,2026-06-05T10:31:28+00:00
owozeke,1,2026-06-05T10:31:28+00:00
atahan0,1,2026-06-05T10:31:28+00:00
ferndoeswatch,1,2026-06-05T10:31:28+00:00
oliviasbrooke,1,2026-06-05T10:31:28+00:00
lachlanspookle,1,2026-06-05T10:31:28+00:00
brushellsprouts,1,2026-06-05T10:31:28+00:00
maxquinn211,1,2026-06-05T10:31:28+00:00
pippastarshine,1,2026-06-05T10:31:28+00:00
sherlified,1,2026-06-05T10:31:28+00:00
strangenesss,1,2026-06-05T10:31:28+00:00
este07,1,2026-06-05T10:31:28+00:00
atemel,1,2026-06-05T10:31:28+00:00
bigsteppacuhhh,1,2026-06-05T10:31:28+00:00
stevenmk,1,2026-06-05T10:31:28+00:00
jetthrow,1,2026-06-05T10:31:28+00:00
s0resu,1,2026-06-05T10:31:28+00:00
malick0413,1,2026-06-05T10:31:28+00:00
emirpascal,1,2026-06-05T10:31:28+00:00
justinborrey,1,2026-06-05T10:31:28+00:00
jcichocka,1,2026-06-05T10:31:28+00:00
imlizok,1,2026-06-05T10:31:28+00:00
keslo,1,2026-06-05T10:31:28+00:00
calistooo,1,2026-06-05T10:31:28+00:00
jordank2001,1,2026-06-05T10:31:28+00:00
tenkaghoul,1,2026-06-05T10:31:28+00:00
sandwichlover69,1,2026-06-05T10:31:28+00:00
alhal0,1,2026-06-05T10:31:28+00:00
nanahmr,1,2026-06-05T10:31:28+00:00
amirakaah,1,2026-06-05T10:31:28+00:00
lap26,1,2026-06-05T10:31:28+00:00
sondontwantfish,1,2026-06-05T10:31:28+00:00
ankyr,1,2026-06-05T10:31:28+00:00
tonkpunk,1,2026-06-05T10:31:28+00:00
scoutlevi08,1,2026-06-05T10:31:28+00:00
elbi00,1,2026-06-05T10:31:28+00:00
nath_900,1,2026-06-05T10:31:28+00:00
jakethemoose,1,2026-06-05T10:31:28+00:00
joa11192,1,2026-06-05T10:31:28+00:00
yaz__av,1,2026-06-05T10:31:28+00:00
rajwolski,1,2026-06-05T10:31:28+00:00
kivi2nerdy,1,2026-06-05T10:31:28+00:00
orbitfilm,1,2026-06-05T10:31:28+00:00
mateosk,1,2026-06-05T10:31:28+00:00
zwiesvie,1,2026-06-05T10:31:28+00:00
maethefawn,1,2026-06-05T10:31:28+00:00
mohalovescinema,1,2026-06-05T10:31:28+00:00
novabomb62,1,2026-06-05T10:31:28+00:00
ayodavv,1,2026-06-05T10:31:28+00:00
cylesmaa,1,2026-06-05T10:31:28+00:00
p3rs,1,2026-06-05T10:31:28+00:00
swimmer690,1,2026-06-05T10:31:28+00:00
puneetks_07,1,2026-06-05T10:31:28+00:00
frank_agkhant07,1,2026-06-05T10:31:28+00:00
averyuniqueuser,1,2026-06-05T10:31:28+00:00
abdulkhaleddd,1,2026-06-05T10:31:28+00:00
prefix41,1,2026-06-05T10:31:28+00:00
mittysucky,1,2026-06-05T10:31:28+00:00
kayogurt,1,2026-06-05T10:31:28+00:00
jortluver,1,2026-06-05T10:31:28+00:00
kerropi62,1,2026-06-05T10:31:28+00:00
madifeely,1,2026-06-05T10:31:28+00:00
danilynn2000,1,2026-06-05T10:31:28+00:00
choelsq09,1,2026-06-05T10:31:28+00:00
betterthanepoch,1,2026-06-05T10:31:28+00:00
pigeon_s,1,2026-06-05T10:31:28+00:00
_jxuann,1,2026-06-05T10:31:28+00:00
yourbelovedissy,1,2026-06-05T10:31:28+00:00
thaevnaath,1,2026-06-05T10:31:28+00:00
fallensoulis,1,2026-06-05T10:31:28+00:00
noah_bmw,1,2026-06-05T10:31:28+00:00
nico_raffa8,1,2026-06-05T10:31:28+00:00
natmjc,1,2026-06-05T10:31:28+00:00
cyclopsdevil,1,2026-06-05T10:31:28+00:00
hugetigop,1,2026-06-05T10:31:28+00:00
sahocita,1,2026-06-05T10:31:28+00:00
pasquale2008,1,2026-06-05T10:31:28+00:00
caydeb,1,2026-06-05T10:31:28+00:00
rico_di_meco,1,2026-06-05T10:31:28+00:00
ivan_bolson,1,2026-06-05T10:31:28+00:00
joao2004,1,2026-06-05T10:31:28+00:00
cconve,1,2026-06-05T10:31:28+00:00
semacn,1,2026-06-05T10:31:28+00:00
saulrickman,1,2026-06-05T10:31:28+00:00
varelina,1,2026-06-05T10:31:28+00:00
valentincsng,1,2026-06-05T10:31:28+00:00
rockpick,1,2026-06-05T10:31:28+00:00
lisettexo,1,2026-06-05T10:31:28+00:00
dylanlow,1,2026-06-05T10:31:28+00:00
estanisgv,1,2026-06-05T10:31:28+00:00
edittyshoot24,1,2026-06-05T10:31:28+00:00
edwrd09,1,2026-06-05T10:31:28+00:00
madswrld1,1,2026-06-05T10:31:28+00:00
katemdonnelly,1,2026-06-05T10:31:28+00:00
yex_frog,1,2026-06-05T10:31:28+00:00
kiera_aitken,1,2026-06-05T10:31:28+00:00
arazh99,1,2026-06-05T10:31:28+00:00
paavo12345,1,2026-06-05T10:31:28+00:00
ele_mp,1,2026-06-05T10:31:28+00:00
wondering247,1,2026-06-05T10:31:28+00:00
rhino04,1,2026-06-05T10:31:28+00:00
gabbybabby1,1,2026-06-05T10:31:28+00:00
danielhook7,1,2026-06-05T10:31:28+00:00
febelelie,1,2026-06-05T10:31:28+00:00
tylerbest12,1,2026-06-05T10:31:28+00:00
euphoriasvie,1,2026-06-05T10:31:28+00:00
luciaaa2812,1,2026-06-05T10:31:28+00:00
ccathrynn67,1,2026-06-05T10:31:28+00:00
marianodc,1,2026-06-05T10:31:28+00:00
allysswatches,1,2026-06-05T10:31:28+00:00
gurmannat_kd,1,2026-06-05T10:31:28+00:00
hbradlyrussell,1,2026-06-05T10:31:28+00:00
big_nogus,1,2026-06-05T10:31:28+00:00
hoe_malone,1,2026-06-05T10:31:28+00:00
kailen2k,1,2026-06-05T10:31:28+00:00
pleikka1234,1,2026-06-05T10:31:28+00:00
blah6,1,2026-06-05T10:31:28+00:00
ellathelost,1,2026-06-05T10:31:28+00:00
krustylobster,1,2026-06-05T10:31:28+00:00
madewalnuts,1,2026-06-05T10:31:28+00:00
phantomstars,1,2026-06-05T10:31:28+00:00
maskamonaska,1,2026-06-05T10:31:28+00:00
ikerortega,1,2026-06-05T10:31:28+00:00
martin_cud,1,2026-06-05T10:31:28+00:00
caoimhe06,1,2026-06-05T10:31:28+00:00
carlos526,1,2026-06-05T10:31:28+00:00
ren_vader,1,2026-06-05T10:31:28+00:00
clay_oo,1,2026-06-05T10:31:28+00:00
ctheleanor,1,2026-06-05T10:31:28+00:00
jayden015,1,2026-06-05T10:31:28+00:00
pachkaa,1,2026-06-05T10:31:28+00:00
alyssa_rld,1,2026-06-05T10:31:28+00:00
realiszm,1,2026-06-05T10:31:28+00:00
kirbysneeze,1,2026-06-05T10:31:28+00:00
ciara_mele,1,2026-06-05T10:31:28+00:00
8485,1,2026-06-05T10:31:28+00:00
vidal12,1,2026-06-05T10:31:28+00:00
melodycxz,1,2026-06-05T10:31:28+00:00
lu1z18,1,2026-06-05T10:31:28+00:00
anitch9,1,2026-06-05T10:31:28+00:00
jackbsteele,1,2026-06-05T10:31:28+00:00
loonymary,1,2026-06-05T10:31:28+00:00
needmoney,1,2026-06-05T10:31:28+00:00
_1maarrjsh_,1,2026-06-05T10:31:28+00:00
ercn_hubsi,1,2026-06-05T10:31:28+00:00
leomannn,1,2026-06-05T10:31:28+00:00
jackdominates,1,2026-06-05T10:31:28+00:00
lupita0_o,1,2026-06-05T10:31:28+00:00
patrick_pdiddy,1,2026-06-05T10:31:28+00:00
kissedbyreverie,1,2026-06-05T10:31:28+00:00
tearifictuness,1,2026-06-05T10:31:28+00:00
tiagoo03,1,2026-06-05T10:31:28+00:00
salomo21,1,2026-06-05T10:31:28+00:00
___samanth___,1,2026-06-05T10:31:28+00:00
dalyo,1,2026-06-05T10:31:28+00:00
toshinome,1,2026-06-05T10:31:28+00:00
caelstout,1,2026-06-05T10:31:28+00:00
bbbeeelllaaasss,1,2026-06-05T10:31:28+00:00
damlasv,1,2026-06-05T10:31:28+00:00
ivisxvi,1,2026-06-05T10:31:28+00:00
rastamice,1,2026-06-05T10:31:28+00:00
jenzii21,1,2026-06-05T10:31:28+00:00
spreehasingh,1,2026-06-05T10:31:28+00:00
drrw,1,2026-06-05T10:31:28+00:00
benkeesh,1,2026-06-05T10:31:28+00:00
alexiahunnie,1,2026-06-05T10:31:28+00:00
zakizachary,1,2026-06-05T10:31:28+00:00
anandksuni03,1,2026-06-05T10:31:28+00:00
chainmai1,1,2026-06-05T10:31:28+00:00
ddhatdd,1,2026-06-05T10:31:28+00:00
hierath,1,2026-06-05T10:31:28+00:00
vvsyon,1,2026-06-05T10:31:28+00:00
pirdosgantenk,1,2026-06-05T10:31:28+00:00
solasterer,1,2026-06-05T10:31:28+00:00
caball_,1,2026-06-05T10:31:28+00:00
joac0_w,1,2026-06-05T10:31:28+00:00
siriuslie,1,2026-06-05T10:31:28+00:00
amethysteria,1,2026-06-05T10:31:28+00:00
brendonnorris,1,2026-06-05T10:31:28+00:00
renamarine,1,2026-06-05T10:31:28+00:00
castleart22,1,2026-06-05T10:31:28+00:00
jektehlaper,1,2026-06-05T10:31:28+00:00
prerna_n,1,2026-06-05T10:31:28+00:00
maddynm51,1,2026-06-05T10:31:28+00:00
vzcr,1,2026-06-05T10:31:28+00:00
denkypenky69,1,2026-06-05T10:31:28+00:00
lucasd5,1,2026-06-05T10:31:28+00:00
nowedontfeelyou,1,2026-06-05T10:31:28+00:00
willbobo17,1,2026-06-05T10:31:28+00:00
reneerogue,1,2026-06-05T10:31:28+00:00
vedanshipatel,1,2026-06-05T10:31:28+00:00
tomfrommyspace,1,2026-06-05T10:31:28+00:00
biso05_,1,2026-06-05T10:31:28+00:00
hmrhubby,1,2026-06-05T10:31:28+00:00
jordyncyr4,1,2026-06-05T10:31:28+00:00
g4ldan,1,2026-06-05T10:31:28+00:00
xvslen_,1,2026-06-05T10:31:28+00:00
ogatodebosta,1,2026-06-05T10:31:28+00:00
jasonimbery,1,2026-06-05T10:31:28+00:00
pronoyghosh,1,2026-06-05T10:31:28+00:00
nosexwithkops,1,2026-06-05T10:31:28+00:00
lordhunder,1,2026-06-05T10:31:28+00:00
mymshaw,1,2026-06-05T10:31:28+00:00
wallners,1,2026-06-05T10:31:28+00:00
donaldbrestonpa,1,2026-06-05T10:31:28+00:00
lymphrustik,1,2026-06-05T10:31:28+00:00
shahd_13,1,2026-06-05T10:31:28+00:00
luka339,1,2026-06-05T10:31:28+00:00
pimjane,1,2026-06-05T10:31:28+00:00
abyss88,1,2026-06-05T10:31:28+00:00
neviel,1,2026-06-05T10:31:28+00:00
justiris4us,1,2026-06-05T10:31:28+00:00
hnovqy,1,2026-06-05T10:31:28+00:00
pavaniyer1,1,2026-06-05T10:31:28+00:00
revelove4eva,1,2026-06-05T10:31:28+00:00
wunderwaffen,1,2026-06-05T10:31:28+00:00
enesars1,1,2026-06-05T10:31:28+00:00
tmancaz,1,2026-06-05T10:31:28+00:00
mmangoy,1,2026-06-05T10:31:28+00:00
johanna1246,1,2026-06-05T10:31:28+00:00
giancarlostile,1,2026-06-05T10:31:28+00:00
evsthy,1,2026-06-05T10:31:28+00:00
atallfabnvd,1,2026-06-05T10:31:28+00:00
ivanj77,1,2026-06-05T10:31:28+00:00
bgissell,1,2026-06-05T10:31:28+00:00
_drumm3r,1,2026-06-05T10:31:28+00:00
sushiissexy,1,2026-06-05T10:31:28+00:00
celluloidstory,1,2026-06-05T10:31:28+00:00
yagizmustaine,1,2026-06-05T10:31:28+00:00
lenybogzz,1,2026-06-05T10:31:28+00:00
hermesashtray,1,2026-06-05T10:31:28+00:00
thesteinsgate,1,2026-06-05T10:31:28+00:00
fk4pr,1,2026-06-05T10:31:28+00:00
aizenxs,1,2026-06-05T10:31:28+00:00
westsiderguy,1,2026-06-05T10:31:28+00:00
sherrie_holmes,1,2026-06-05T10:31:28+00:00
seenbyvaish,1,2026-06-05T10:31:28+00:00
charlierape,1,2026-06-05T10:31:28+00:00
mfzoon,1,2026-06-05T10:31:28+00:00
hardikgottacook,1,2026-06-05T10:31:28+00:00
m_mariamm,1,2026-06-05T10:31:28+00:00
guyitrust,1,2026-06-05T10:31:28+00:00
nellmatheuu,1,2026-06-05T10:31:28+00:00
jlillys,1,2026-06-05T10:31:28+00:00
vladislavpeshin,1,2026-06-05T10:31:28+00:00
diego524,1,2026-06-05T10:31:28+00:00
rybolv,1,2026-06-05T10:31:28+00:00
riyslt,1,2026-06-05T10:31:28+00:00
s00ph1a,1,2026-06-05T10:31:28+00:00
mohanedmju7,1,2026-06-05T10:31:28+00:00
bau_xite,1,2026-06-05T10:31:28+00:00
dmened,1,2026-06-05T10:31:28+00:00
zackbarrette,1,2026-06-05T10:31:28+00:00
habeb69k,1,2026-06-05T10:31:28+00:00
qcolello,1,2026-06-05T10:31:28+00:00
sparrow74,1,2026-06-05T10:31:28+00:00
nolanfilm1,1,2026-06-05T10:31:28+00:00
aicsity,1,2026-06-05T10:31:28+00:00
roberalaran,1,2026-06-05T10:31:28+00:00
nkin,1,2026-06-05T10:31:28+00:00
corentingrv,1,2026-06-05T10:31:28+00:00
decayediron,1,2026-06-05T10:31:28+00:00
legoloco45,1,2026-06-05T10:31:28+00:00
sidnolan,1,2026-06-05T10:31:28+00:00
bl0odraven,1,2026-06-05T10:31:28+00:00
rafaelscp1906,1,2026-06-05T10:31:28+00:00
notevenlucky_,1,2026-06-05T10:31:28+00:00
agigagi09,1,2026-06-05T10:31:28+00:00
cobainl0ver,1,2026-06-05T10:31:28+00:00
canto90,1,2026-06-05T10:31:28+00:00
wolfi_soup,1,2026-06-05T10:31:28+00:00
arianeeeed,1,2026-06-05T10:31:28+00:00
parizad_apr,1,2026-06-05T10:31:28+00:00
joeakryani,1,2026-06-05T10:31:28+00:00
maridoesntexist,1,2026-06-05T10:31:28+00:00
kirby121,1,2026-06-05T10:31:28+00:00
y5nn,1,2026-06-05T10:31:28+00:00
infinitereprise,1,2026-06-05T10:31:28+00:00
ssinii,1,2026-06-05T10:31:28+00:00
chickennjoyy_,1,2026-06-05T10:31:28+00:00
chevyiimpala67,1,2026-06-05T10:31:28+00:00
gilkrein,1,2026-06-05T10:31:28+00:00
ereggs,1,2026-06-05T10:31:28+00:00
emmanuel1324,1,2026-06-05T10:31:28+00:00
ga4tham,1,2026-06-05T10:31:28+00:00
flimsy_film,1,2026-06-05T10:31:28+00:00
zart1,1,2026-06-05T10:31:28+00:00
james_dp11,1,2026-06-05T10:31:28+00:00
violetslec,1,2026-06-05T10:31:28+00:00
hstha,1,2026-06-05T10:31:28+00:00
abdullah31_5,1,2026-06-05T10:31:28+00:00
farinedenez,1,2026-06-05T10:31:28+00:00
kalas36,1,2026-06-05T10:31:28+00:00
eldukay13,1,2026-06-05T10:31:28+00:00
mxlxk29,1,2026-06-05T10:31:28+00:00
tommyrb,1,2026-06-05T10:31:28+00:00
fooooozishere,1,2026-06-05T10:31:28+00:00
captainmole,1,2026-06-05T10:31:28+00:00
ramooosss,1,2026-06-05T10:31:28+00:00
sonusood,1,2026-06-05T10:31:28+00:00
tomchristopher,1,2026-06-05T10:31:28+00:00
somelala,1,2026-06-05T10:31:28+00:00
rebecxca,1,2026-06-05T10:31:28+00:00
murtamala,1,2026-06-05T10:31:28+00:00
lananinelcisi,1,2026-06-05T10:31:28+00:00
imlilylilyy,1,2026-06-05T10:31:28+00:00
alimuxxl,1,2026-06-05T10:31:28+00:00
kyyshallgoonu,1,2026-06-05T10:31:28+00:00
eljumbo,1,2026-06-05T10:31:28+00:00
movz_mohvmed,1,2026-06-05T10:31:28+00:00
louisnguyen,1,2026-06-05T10:31:28+00:00
eva_lm333,1,2026-06-05T10:31:28+00:00
vdoffy,1,2026-06-05T10:31:28+00:00
justagirl02,1,2026-06-05T10:31:28+00:00
wyatt_64,1,2026-06-05T10:31:28+00:00
jasperaldred,1,2026-06-05T10:31:28+00:00
selonmusk,1,2026-06-05T10:31:28+00:00
smsillimites,1,2026-06-05T10:31:28+00:00
dilbert_,1,2026-06-05T10:31:28+00:00
naaaif,1,2026-06-05T10:31:28+00:00
romain_brlt,1,2026-06-05T10:31:28+00:00
mariopr,1,2026-06-05T10:31:28+00:00
markkitoss,1,2026-06-05T10:31:28+00:00
baart12,1,2026-06-05T10:31:28+00:00
isonie,1,2026-06-05T10:31:28+00:00
afifviscabarca,1,2026-06-05T10:31:28+00:00
mediumsteppa,1,2026-06-05T10:31:28+00:00
toscaanee,1,2026-06-05T10:31:28+00:00
jessie_floied,1,2026-06-05T10:31:28+00:00
moondn4,1,2026-06-05T10:31:28+00:00
tunahanenoz,1,2026-06-05T10:31:28+00:00
lottamariee,1,2026-06-05T10:31:28+00:00
giuliaa855,1,2026-06-05T10:31:28+00:00
malcow3st,1,2026-06-05T10:31:28+00:00
surphy__7,1,2026-06-05T10:31:28+00:00
yk_123_,1,2026-06-05T10:31:28+00:00
landondafunny1,1,2026-06-05T10:31:28+00:00
jorcasta,1,2026-06-05T10:31:28+00:00
yettibeats,1,2026-06-05T10:31:28+00:00
captainrenga,1,2026-06-05T10:31:28+00:00
ninaihy,1,2026-06-05T10:31:28+00:00
chlochlo81,1,2026-06-05T10:31:28+00:00
wrongaudience,1,2026-06-05T10:31:28+00:00
moid_h_062,1,2026-06-05T10:31:28+00:00
_zeni,1,2026-06-05T10:31:28+00:00
nafum,1,2026-06-05T10:31:28+00:00
milliierd,1,2026-06-05T10:31:28+00:00
rayshot,1,2026-06-05T10:31:28+00:00
wikipidiyah,1,2026-06-05T10:31:28+00:00
zamsenkyo,1,2026-06-05T10:31:28+00:00
lan5,1,2026-06-05T10:31:28+00:00
ig4vx,1,2026-06-05T10:31:28+00:00
poor_louie,1,2026-06-05T10:31:28+00:00
sorialk2000,1,2026-06-05T10:31:28+00:00
cwittyy,1,2026-06-05T10:31:28+00:00
alexandraflea,1,2026-06-05T10:31:28+00:00
neanyrv,1,2026-06-05T10:31:28+00:00
brydiehanns,1,2026-06-05T10:31:28+00:00
nozzlec,1,2026-06-05T10:31:28+00:00
tuningwitch,1,2026-06-05T10:31:28+00:00
vynzq,1,2026-06-05T10:31:28+00:00
thoooom34,1,2026-06-05T10:31:28+00:00
komakinojoe,1,2026-06-05T10:31:28+00:00
axelfior,1,2026-06-05T10:31:28+00:00
joahnonny,1,2026-06-05T10:31:28+00:00
taliaofnash,1,2026-06-05T10:31:28+00:00
abhyudawg11,1,2026-06-05T10:31:28+00:00
warrey,1,2026-06-05T10:31:28+00:00
sksksisie,1,2026-06-05T10:31:28+00:00
lolajames,1,2026-06-05T10:31:28+00:00
haileykervick,1,2026-06-05T10:31:28+00:00
jacobkenyon,1,2026-06-05T10:31:28+00:00
brissoud,1,2026-06-05T10:31:28+00:00
agar2222,1,2026-06-05T10:31:28+00:00
baldbiy,1,2026-06-05T10:31:28+00:00
thebeekeeper37,1,2026-06-05T10:31:28+00:00
silvalier,1,2026-06-05T10:31:28+00:00
buddyy134,1,2026-06-05T10:31:28+00:00
silveystep,1,2026-06-05T10:31:28+00:00
rudy001,1,2026-06-05T10:31:28+00:00
danhchi19,1,2026-06-05T10:31:28+00:00
luxuryarabic,1,2026-06-05T10:31:28+00:00
crderta,1,2026-06-05T10:31:28+00:00
deegsmith,1,2026-06-05T10:31:28+00:00
wiktetin,1,2026-06-05T10:31:28+00:00
manuelvalverr,1,2026-06-05T10:31:28+00:00
braxtenz,1,2026-06-05T10:31:28+00:00
gavindosch,1,2026-06-05T10:31:28+00:00
nvthasia,1,2026-06-05T10:31:28+00:00
land_,1,2026-06-05T10:31:28+00:00
allisonkring,1,2026-06-05T10:31:28+00:00
333sage,1,2026-06-05T10:31:28+00:00
ghosteen_,1,2026-06-05T10:31:28+00:00
guystev,1,2026-06-05T10:31:28+00:00
ayla_nova,1,2026-06-05T10:31:28+00:00
inesperee7,1,2026-06-05T10:31:28+00:00
ray6_,1,2026-06-05T10:31:28+00:00
chetosdequese,1,2026-06-05T10:31:28+00:00
rosspolen,1,2026-06-05T10:31:28+00:00
smishaske,1,2026-06-05T10:31:28+00:00
narcissitt,1,2026-06-05T10:31:28+00:00
coreycox4768,1,2026-06-05T10:31:28+00:00
bloodthirst209,1,2026-06-05T10:31:28+00:00
ariahtlk,1,2026-06-05T10:31:28+00:00
cineloverx,1,2026-06-05T10:31:28+00:00
asmits,1,2026-06-05T10:31:28+00:00
doggieeu,1,2026-06-05T10:31:28+00:00
authet,1,2026-06-05T10:31:28+00:00
mareinbrouwer,1,2026-06-05T10:31:28+00:00
notzux,1,2026-06-05T10:31:28+00:00
wyattr117,1,2026-06-05T10:31:28+00:00
hanavu,1,2026-06-05T10:31:28+00:00
us0ppu,1,2026-06-05T10:31:28+00:00
lucasgrioli,1,2026-06-05T10:31:28+00:00
imonadream,1,2026-06-05T10:31:28+00:00
pedrosilva938,1,2026-06-05T10:31:28+00:00
naankhatayi,1,2026-06-05T10:31:28+00:00
ijames14,1,2026-06-05T10:31:28+00:00
gadflypetrel,1,2026-06-05T10:31:28+00:00
efikriansyhah,1,2026-06-05T10:31:28+00:00
reedchar,1,2026-06-05T10:31:28+00:00
vinjiii,1,2026-06-05T10:31:28+00:00
liluashvili2,1,2026-06-05T10:31:28+00:00
emkyx,1,2026-06-05T10:31:28+00:00
luridamadonna,1,2026-06-05T10:31:28+00:00
chr15l33,1,2026-06-05T10:31:28+00:00
loh222,1,2026-06-05T10:31:28+00:00
c_boi,1,2026-06-05T10:31:28+00:00
avatarrboy,1,2026-06-05T10:31:28+00:00
cameron_mahmood,1,2026-06-05T10:31:28+00:00
lukejustice,1,2026-06-05T10:31:28+00:00
snickersbar74,1,2026-06-05T10:31:28+00:00
kaydencatz,1,2026-06-05T10:31:28+00:00
shinletai,1,2026-06-05T10:31:28+00:00
remicsa66,1,2026-06-05T10:31:28+00:00
edgarivanph,1,2026-06-05T10:31:28+00:00
salivekk,1,2026-06-05T10:31:28+00:00
jeffselinski,1,2026-06-05T10:31:28+00:00
halaah,1,2026-06-05T10:31:28+00:00
iknowitsoveer,1,2026-06-05T10:31:28+00:00
benwex,1,2026-06-05T10:31:28+00:00
nahui34,1,2026-06-05T10:31:28+00:00
hi2cami,1,2026-06-05T10:31:28+00:00
galdytron,1,2026-06-05T10:31:28+00:00
prokritiiii,1,2026-06-05T10:31:28+00:00
ivy_ocean,1,2026-06-05T10:31:28+00:00
lollywood_,1,2026-06-05T10:31:28+00:00
micolangottt,1,2026-06-05T10:31:28+00:00
joshaythornwait,1,2026-06-05T10:31:28+00:00
organ35140,1,2026-06-05T10:31:28+00:00
nhrozandi,1,2026-06-05T10:31:28+00:00
roccia_010,1,2026-06-05T10:31:28+00:00
manu_log,1,2026-06-05T10:31:28+00:00
alphino_god,1,2026-06-05T10:31:28+00:00
mutantninjagoon,1,2026-06-05T10:31:28+00:00
wshchacaal,1,2026-06-05T10:31:28+00:00
yocorey,1,2026-06-05T10:31:28+00:00
nnoes,1,2026-06-05T10:31:28+00:00
misspatches,1,2026-06-05T10:31:28+00:00
maxiitooo,1,2026-06-05T10:31:28+00:00
mcpeektom,1,2026-06-05T10:31:28+00:00
karto1,1,2026-06-05T10:31:28+00:00
aidenlikesfilms,1,2026-06-05T10:31:28+00:00
ry_007,1,2026-06-05T10:31:28+00:00
x15tian,1,2026-06-05T10:31:28+00:00
jboirose,1,2026-06-05T10:31:28+00:00
moxed3,1,2026-06-05T10:31:28+00:00
fraaa0,1,2026-06-05T10:31:28+00:00
arthur285,1,2026-06-05T10:31:28+00:00
nathaaaaaaaael,1,2026-06-05T10:31:28+00:00
mattyicer,1,2026-06-05T10:31:28+00:00
m3nmh,1,2026-06-05T10:31:28+00:00
diyaslays247,1,2026-06-05T10:31:28+00:00
jayrey2005,1,2026-06-05T10:31:28+00:00
nadsatth,1,2026-06-05T10:31:28+00:00
harbib,1,2026-06-05T10:31:28+00:00
ollie_2008,1,2026-06-05T10:31:28+00:00
ajlego,1,2026-06-05T10:31:28+00:00
colinkempfert64,1,2026-06-05T10:31:28+00:00
3ptslow,1,2026-06-05T10:31:28+00:00
big_____l,1,2026-06-05T10:31:28+00:00
axdy,1,2026-06-05T10:31:28+00:00
moi3an,1,2026-06-05T10:31:28+00:00
yyaso,1,2026-06-05T10:31:28+00:00
brantparker,1,2026-06-05T10:31:28+00:00
karmqq,1,2026-06-05T10:31:28+00:00
cash_mp,1,2026-06-05T10:31:28+00:00
saxyham,1,2026-06-05T10:31:28+00:00
mouricout,1,2026-06-05T10:31:28+00:00
abutshall,1,2026-06-05T10:31:28+00:00
rutes,1,2026-06-05T10:31:28+00:00
baba419,1,2026-06-05T10:31:28+00:00
oumzmz,1,2026-06-05T10:31:28+00:00
antonjmt,1,2026-06-05T10:31:28+00:00
hector022,1,2026-06-05T10:31:28+00:00
wasid,1,2026-06-05T10:31:28+00:00
oulcnultpe,1,2026-06-05T10:31:28+00:00
iamtonystark7,1,2026-06-05T10:31:28+00:00
miimsll,1,2026-06-05T10:31:28+00:00
bloody1,1,2026-06-05T10:31:28+00:00
gggwheheid,1,2026-06-05T10:31:28+00:00
isadecarv,1,2026-06-05T10:31:28+00:00
munnusara,1,2026-06-05T10:31:28+00:00
phgnha,1,2026-06-05T10:31:28+00:00
daaycatto_,1,2026-06-05T10:31:28+00:00
rohanhughes,1,2026-06-05T10:31:28+00:00
muu1,1,2026-06-05T10:31:28+00:00
chounesofia,1,2026-06-05T10:31:28+00:00
sllenay,1,2026-06-05T10:31:28+00:00
matthewbond04,1,2026-06-05T10:31:28+00:00
murgg6,1,2026-06-05T10:31:28+00:00
narendrasyyy,1,2026-06-05T10:31:28+00:00
shishamotwins,1,2026-06-05T10:31:28+00:00
termomacarron,1,2026-06-05T10:31:28+00:00
jabloxp,1,2026-06-05T10:31:28+00:00
ahaangore,1,2026-06-05T10:31:28+00:00
anaelshi,1,2026-06-05T10:31:28+00:00
n4diyuh,1,2026-06-05T10:31:28+00:00
bixer03,1,2026-06-05T10:31:28+00:00
moha4468,1,2026-06-05T10:31:28+00:00
salskeed,1,2026-06-05T10:31:28+00:00
aleyaleyy,1,2026-06-05T10:31:28+00:00
haqiqi,1,2026-06-05T10:31:28+00:00
matzdibba,1,2026-06-05T10:31:28+00:00
blist96,1,2026-06-05T10:31:28+00:00
judges52427,1,2026-06-05T10:31:28+00:00
shireencatto,1,2026-06-05T10:31:28+00:00
jovadyaa,1,2026-06-05T10:31:28+00:00
govndnair,1,2026-06-05T10:31:28+00:00
imaalvarez,1,2026-06-05T10:31:28+00:00
gianiraizoz,1,2026-06-05T10:31:28+00:00
leeleesinlanes,1,2026-06-05T10:31:28+00:00
davitqotola,1,2026-06-05T10:31:28+00:00
purkle63,1,2026-06-05T10:31:28+00:00
aetherisaway,1,2026-06-05T10:31:28+00:00
fatimahfkhan,1,2026-06-05T10:31:28+00:00
jjbach,1,2026-06-05T10:31:28+00:00
ellienew98,1,2026-06-05T10:31:28+00:00
tiuccido,1,2026-06-05T10:31:28+00:00
tomgoire,1,2026-06-05T10:31:28+00:00
aliii120,1,2026-06-05T10:31:28+00:00
gabrielyarzabal,1,2026-06-05T10:31:28+00:00
bgabss,1,2026-06-05T10:31:28+00:00
izmepao,1,2026-06-05T10:31:28+00:00
pearchunn,1,2026-06-05T10:31:28+00:00
rushuii,1,2026-06-05T10:31:28+00:00
computerangel1,1,2026-06-05T10:31:28+00:00
bruntness,1,2026-06-05T10:31:28+00:00
hazelmauser,1,2026-06-05T10:31:28+00:00
abductedbyalien,1,2026-06-05T10:31:28+00:00
bendapyo_o,1,2026-06-05T10:31:28+00:00
asif_ahsan_siam,1,2026-06-05T10:31:28+00:00
keana_roxy,1,2026-06-05T10:31:28+00:00
joshieparker,1,2026-06-05T10:31:28+00:00
kittykollision,1,2026-06-05T10:31:28+00:00
nillash,1,2026-06-05T10:31:28+00:00
akarssh08,1,2026-06-05T10:31:28+00:00
alfienairn,1,2026-06-05T10:31:28+00:00
lilax101,1,2026-06-05T10:31:28+00:00
reenactmentclub,1,2026-06-05T10:31:28+00:00
kaaru5,1,2026-06-05T10:31:28+00:00
h_sobvsiak,1,2026-06-05T10:31:28+00:00
homelander46,1,2026-06-05T10:31:28+00:00
danyret,1,2026-06-05T10:31:28+00:00
amarymlis,1,2026-06-05T10:31:28+00:00
darkfirem9,1,2026-06-05T10:31:28+00:00
lunapgn,1,2026-06-05T10:31:28+00:00
rafaeldmatias,1,2026-06-05T10:31:28+00:00
dove2k,1,2026-06-05T10:31:28+00:00
belladonna0,1,2026-06-05T10:31:28+00:00
traiuzel,1,2026-06-05T10:31:28+00:00
mathiswv,1,2026-06-05T10:31:28+00:00
nicolololo,1,2026-06-05T10:31:28+00:00
beneales,1,2026-06-05T10:31:28+00:00
dariajoakabine,1,2026-06-05T10:31:28+00:00
catlovercathy,1,2026-06-05T10:31:28+00:00
sharifffsami,1,2026-06-05T10:31:28+00:00
unfoldedbouquet,1,2026-06-05T10:31:28+00:00
ambrosed,1,2026-06-05T10:31:28+00:00
panwitch,1,2026-06-05T10:31:28+00:00
t_majewskaa,1,2026-06-05T10:31:28+00:00
jana_j154,1,2026-06-05T10:31:28+00:00
malscalls,1,2026-06-05T10:31:28+00:00
midnightvamp,1,2026-06-05T10:31:28+00:00
martu1644,1,2026-06-05T10:31:28+00:00
aliciaa_08,1,2026-06-05T10:31:28+00:00
elisamancusoo,1,2026-06-05T10:31:28+00:00
socksmeller,1,2026-06-05T10:31:28+00:00
_luluvisa,1,2026-06-05T10:31:28+00:00
lillychi,1,2026-06-05T10:31:28+00:00
ambrejsp,1,2026-06-05T10:31:28+00:00
chaosinmybones,1,2026-06-05T10:31:28+00:00
cinacker,1,2026-06-05T10:31:28+00:00
carolferreiira,1,2026-06-05T10:31:28+00:00
fanny_prvz,1,2026-06-05T10:31:28+00:00
ham1d,1,2026-06-05T10:31:28+00:00
matilda_pe,1,2026-06-05T10:31:28+00:00
levpetrunkin,1,2026-06-05T10:31:28+00:00
serivvine,1,2026-06-05T10:31:28+00:00
karategirl,1,2026-06-05T10:31:28+00:00
spolow,1,2026-06-05T10:31:28+00:00
e111w,1,2026-06-05T10:31:28+00:00
youtubepremiumm,1,2026-06-05T10:31:28+00:00
heyohayi,1,2026-06-05T10:31:28+00:00
kaiquii,1,2026-06-05T10:31:28+00:00
mxy4111,1,2026-06-05T10:31:28+00:00
awfulline,1,2026-06-05T10:31:28+00:00
winter4rcher,1,2026-06-05T10:31:28+00:00
bondade,1,2026-06-05T10:31:28+00:00
miuuk4att,1,2026-06-05T10:31:28+00:00
lovemei,1,2026-06-05T10:31:28+00:00
aidenwatchesshi,1,2026-06-05T10:31:28+00:00
glord10,1,2026-06-05T10:31:28+00:00
honeuu,1,2026-06-05T10:31:28+00:00
roverswag,1,2026-06-05T10:31:28+00:00
reichive,1,2026-06-05T10:31:28+00:00
ibrahim_rg,1,2026-06-05T10:31:28+00:00
chiraagggg,1,2026-06-05T10:31:28+00:00
booklover1213,1,2026-06-05T10:31:28+00:00
allegra_palo,1,2026-06-05T10:31:28+00:00
tatian08,1,2026-06-05T10:31:28+00:00
beryllfahrez,1,2026-06-05T10:31:28+00:00
biimaadtya,1,2026-06-05T10:31:28+00:00
caraalouisee,1,2026-06-05T10:31:28+00:00
peterredwood,1,2026-06-05T10:31:28+00:00
sinfulehs,1,2026-06-05T10:31:28+00:00
jamescarlo,1,2026-06-05T10:31:28+00:00
yaipeanuts,1,2026-06-05T10:31:28+00:00
celj,1,2026-06-05T10:31:28+00:00
beyza129,1,2026-06-05T10:31:28+00:00
pamelanicoleee,1,2026-06-05T10:31:28+00:00
doublevictoria,1,2026-06-05T10:31:28+00:00
saveo_j,1,2026-06-05T10:31:28+00:00
iamericanpsycho,1,2026-06-05T10:31:28+00:00
sreyashw,1,2026-06-05T10:31:28+00:00
alireza96,1,2026-06-05T10:31:28+00:00
feijegovaert,1,2026-06-05T10:31:28+00:00
lykkamaria,1,2026-06-05T10:31:28+00:00
claudiagordon,1,2026-06-05T10:31:28+00:00
blueberry_88,1,2026-06-05T10:31:28+00:00
narimanash,1,2026-06-05T10:31:28+00:00
bananaom,1,2026-06-05T10:31:28+00:00
sundhar_daniel,1,2026-06-05T10:31:28+00:00
manaiag,1,2026-06-05T10:31:28+00:00
achillionaire,1,2026-06-05T10:31:28+00:00
arsik,1,2026-06-05T10:31:28+00:00
mrepsteinn,1,2026-06-05T10:31:28+00:00
ojaann,1,2026-06-05T10:31:28+00:00
mithunkanth,1,2026-06-05T10:31:28+00:00
parasjakhar,1,2026-06-05T10:31:28+00:00
alxiiss,1,2026-06-05T10:31:28+00:00
jeffrxy,1,2026-06-05T10:31:28+00:00
enriquemoore,1,2026-06-05T10:31:28+00:00
lycheeglock,1,2026-06-05T10:31:28+00:00
rakesh30,1,2026-06-05T10:31:28+00:00
veermehta,1,2026-06-05T10:31:28+00:00
sanjai7575,1,2026-06-05T10:31:28+00:00
madcormoran,1,2026-06-05T10:31:28+00:00
tcantelo,1,2026-06-05T10:31:28+00:00
keanur33v3s,1,2026-06-05T10:31:28+00:00
aakshathsingh,1,2026-06-05T10:31:28+00:00
kkanye_black,1,2026-06-05T10:31:28+00:00
defusebe,1,2026-06-05T10:31:28+00:00
3bii,1,2026-06-05T10:31:28+00:00
luilui28,1,2026-06-05T10:31:28+00:00
peterwarden40,1,2026-06-05T10:31:28+00:00
alor77,1,2026-06-05T10:31:28+00:00
xrusan,1,2026-06-05T10:31:28+00:00
ravenqueen0,1,2026-06-05T10:31:28+00:00
valarajaei,1,2026-06-05T10:31:28+00:00
mthss0310,1,2026-06-05T10:31:28+00:00
mapi62846,1,2026-06-05T10:31:28+00:00
jb_023,1,2026-06-05T10:31:28+00:00
jkoogz,1,2026-06-05T10:31:28+00:00
stweebert,1,2026-06-05T10:31:28+00:00
jstjav,1,2026-06-05T10:31:28+00:00
kaami29,1,2026-06-05T10:31:28+00:00
cactus_jones,1,2026-06-05T10:31:28+00:00
aryanbhave,1,2026-06-05T10:31:28+00:00
mefius244,1,2026-06-05T10:31:28+00:00
rafkja,1,2026-06-05T10:31:28+00:00
alesc9,1,2026-06-05T10:31:28+00:00
wells_borden,1,2026-06-05T10:31:28+00:00
emmangelinho,1,2026-06-05T10:31:28+00:00
rettino,1,2026-06-05T10:31:28+00:00
rnrolljo,1,2026-06-05T10:31:28+00:00
1jl6_,1,2026-06-05T10:31:28+00:00
anthony16j,1,2026-06-05T10:31:28+00:00
fauzn66,1,2026-06-05T10:31:28+00:00
goldcake,1,2026-06-05T10:31:28+00:00
hectorramirez,1,2026-06-05T10:31:28+00:00
sara___11,1,2026-06-05T10:31:28+00:00
kanamafu,1,2026-06-05T10:31:28+00:00
lovec4l,1,2026-06-05T10:31:28+00:00
watinha,1,2026-06-05T10:31:28+00:00
talyntdartist,1,2026-06-05T10:31:28+00:00
enricorm,1,2026-06-05T10:31:28+00:00
emmacarason,1,2026-06-05T10:31:28+00:00
ericig,1,2026-06-05T10:31:28+00:00
bennyc_10,1,2026-06-05T10:31:28+00:00
mrjuliansen,1,2026-06-05T10:31:28+00:00
lejaad,1,2026-06-05T10:31:28+00:00
moreninha157,1,2026-06-05T10:31:28+00:00
gbrl_sz,1,2026-06-05T10:31:28+00:00
thenobodys,1,2026-06-05T10:31:28+00:00
jthoma123,1,2026-06-05T10:31:28+00:00
latzerros,1,2026-06-05T10:31:28+00:00
pepsigjq,1,2026-06-05T10:31:28+00:00
kartik9729,1,2026-06-05T10:31:28+00:00
wmryl,1,2026-06-05T10:31:28+00:00
sam_d4003,1,2026-06-05T10:31:28+00:00
jason14parker,1,2026-06-05T10:31:28+00:00
bananas_and_tv,1,2026-06-05T10:31:28+00:00
draga27an4s,1,2026-06-05T10:31:28+00:00
ctrain2k,1,2026-06-05T10:31:28+00:00
m0hae1,1,2026-06-05T10:31:28+00:00
sanglap21d,1,2026-06-05T10:31:28+00:00
lhendrix,1,2026-06-05T10:31:28+00:00
alexsarafinchan,1,2026-06-05T10:31:28+00:00
icedcoffeepixie,1,2026-06-05T10:31:28+00:00
srmeov,1,2026-06-05T10:31:28+00:00
arthur1403,1,2026-06-05T10:31:28+00:00
palma_m_david,1,2026-06-05T10:31:28+00:00
ewanseri,1,2026-06-05T10:31:28+00:00
luiz_azzini,1,2026-06-05T10:31:28+00:00
ruetwo,1,2026-06-05T10:31:28+00:00
shoobopper,1,2026-06-05T10:31:28+00:00
pao_pao18,1,2026-06-05T10:31:28+00:00
belleh,1,2026-06-05T10:31:28+00:00
shaileshg,1,2026-06-05T10:31:28+00:00
sean55889,1,2026-06-05T10:31:28+00:00
cbuckles,1,2026-06-05T10:31:28+00:00
lucmorete,1,2026-06-05T10:31:28+00:00
slothcatswing,1,2026-06-05T10:31:28+00:00
joaquinmarcelo,1,2026-06-05T10:31:28+00:00
carybuckley,1,2026-06-05T10:31:28+00:00
inouesoul,1,2026-06-05T10:31:28+00:00
mrx77,1,2026-06-05T10:31:28+00:00
wjgavin,1,2026-06-05T10:31:28+00:00
ansiolitik0,1,2026-06-05T10:31:28+00:00
lmiddonno,1,2026-06-05T10:31:28+00:00
josh92828,1,2026-06-05T10:31:28+00:00
basharyk,1,2026-06-05T10:31:28+00:00
hornid,1,2026-06-05T10:31:28+00:00
jryd16,1,2026-06-05T10:31:28+00:00
sampomerant,1,2026-06-05T10:31:28+00:00
mr_n00dl3s,1,2026-06-05T10:31:28+00:00
astraxd,1,2026-06-05T10:31:28+00:00
hellokittyhenny,1,2026-06-05T10:31:28+00:00
omaraf,1,2026-06-05T10:31:28+00:00
abrat08,1,2026-06-05T10:31:28+00:00
chekhovsglock,1,2026-06-05T10:31:28+00:00
parlmalate,1,2026-06-05T10:31:28+00:00
emskgi,1,2026-06-05T10:31:28+00:00
joelescuredo,1,2026-06-05T10:31:28+00:00
sage_bx,1,2026-06-05T10:31:28+00:00
rulojia,1,2026-06-05T10:31:28+00:00
nitostifoup,1,2026-06-05T10:31:28+00:00
soskova,1,2026-06-05T10:31:28+00:00
fox_eye,1,2026-06-05T10:31:28+00:00
haikalinoo,1,2026-06-05T10:31:28+00:00
fxdhil,1,2026-06-05T10:31:28+00:00
aislingfulton,1,2026-06-05T10:31:28+00:00
pdpopcorn,1,2026-06-05T10:31:28+00:00
cinematraveler,1,2026-06-05T10:31:28+00:00
nobody19,1,2026-06-05T10:31:28+00:00
usowww66,1,2026-06-05T10:31:28+00:00
ir_togo,1,2026-06-05T10:31:28+00:00
braydeng129,1,2026-06-05T10:31:28+00:00
illy71,1,2026-06-05T10:31:28+00:00
carmelacj,1,2026-06-05T10:31:28+00:00
sottenli,1,2026-06-05T10:31:28+00:00
philiacc,1,2026-06-05T10:31:28+00:00
not_irati,1,2026-06-05T10:31:28+00:00
s6hlaris,1,2026-06-05T10:31:28+00:00
tofiupoke,1,2026-06-05T10:31:28+00:00
barebones,1,2026-06-05T10:31:28+00:00
lara0zt,1,2026-06-05T10:31:28+00:00
elcxx,1,2026-06-05T10:31:28+00:00
isaac_80,1,2026-06-05T10:31:28+00:00
brxnnx,1,2026-06-05T10:31:28+00:00
tur_18,1,2026-06-05T10:31:28+00:00
kl_gln,1,2026-06-05T10:31:28+00:00
klenzendorf,1,2026-06-05T10:31:28+00:00
tharwatzakaria,1,2026-06-05T10:31:28+00:00
jozujoestar,1,2026-06-05T10:31:28+00:00
sebilil,1,2026-06-05T10:31:28+00:00
andredd1,1,2026-06-05T10:31:28+00:00
chiperti,1,2026-06-05T10:31:28+00:00
albertmoviebox,1,2026-06-05T10:31:28+00:00
benimated,1,2026-06-05T10:31:28+00:00
jimmyplumleigh,1,2026-06-05T10:31:28+00:00
flankerh,1,2026-06-05T10:31:28+00:00
xel45,1,2026-06-05T10:31:28+00:00
eysanacr,1,2026-06-05T10:31:28+00:00
tiraimilia,1,2026-06-05T10:31:28+00:00
plo7,1,2026-06-05T10:31:28+00:00
haazel_05,1,2026-06-05T10:31:28+00:00
gitaa_,1,2026-06-05T10:31:28+00:00
childofnazarath,1,2026-06-05T10:31:28+00:00
saulcs12,1,2026-06-05T10:31:28+00:00
yr_jjh,1,2026-06-05T10:31:28+00:00
moviearcanum,1,2026-06-05T10:31:28+00:00
lipmovies,1,2026-06-05T10:31:28+00:00
mcu7,1,2026-06-05T10:31:28+00:00
jiyahrak,1,2026-06-05T10:31:28+00:00
linkadas,1,2026-06-05T10:31:28+00:00
st3ffan,1,2026-06-05T10:31:28+00:00
oliivia777,1,2026-06-05T10:31:28+00:00
clogalvan,1,2026-06-05T10:31:28+00:00
ashton094,1,2026-06-05T10:31:28+00:00
edra88,1,2026-06-05T10:31:28+00:00
tim_hoeher,1,2026-06-05T10:31:28+00:00
jake_fk,1,2026-06-05T10:31:28+00:00
unaaverse,1,2026-06-05T10:31:28+00:00
lanewould,1,2026-06-05T10:31:28+00:00
davizeraa7,1,2026-06-05T10:31:28+00:00
yue00,1,2026-06-05T10:31:28+00:00
redtomatoe,1,2026-06-05T10:31:28+00:00
nieves1117,1,2026-06-05T10:31:28+00:00
aygnn,1,2026-06-05T10:31:28+00:00
aleromanof,1,2026-06-05T10:31:28+00:00
tubt000,1,2026-06-05T10:31:28+00:00
joopycoomer,1,2026-06-05T10:31:28+00:00
gangstaboozer,1,2026-06-05T10:31:28+00:00
augbo,1,2026-06-05T10:31:28+00:00
elisawmh,1,2026-06-05T10:31:28+00:00
kiraright,1,2026-06-05T10:31:28+00:00
karan139,1,2026-06-05T10:31:28+00:00
ellovu,1,2026-06-05T10:31:28+00:00
karus,1,2026-06-05T10:31:28+00:00
batdolph,1,2026-06-05T10:31:28+00:00
atilaa_,1,2026-06-05T10:31:28+00:00
directedbyanish,1,2026-06-05T10:31:28+00:00
moviemanaura,1,2026-06-05T10:31:28+00:00
dommy_issuez,1,2026-06-05T10:31:28+00:00
xlibeell,1,2026-06-05T10:31:28+00:00
ripnova,1,2026-06-05T10:31:28+00:00
mesxlar,1,2026-06-05T10:31:28+00:00
sabrepp,1,2026-06-05T10:31:28+00:00
nihadop,1,2026-06-05T10:31:28+00:00
sagesyndrome,1,2026-06-05T10:31:28+00:00
showen11,1,2026-06-05T10:31:28+00:00
frasgng,1,2026-06-05T10:31:28+00:00
adiejonas,1,2026-06-05T10:31:28+00:00
abhiram77,1,2026-06-05T10:31:28+00:00
alextruchris,1,2026-06-05T10:31:28+00:00
jennieohio,1,2026-06-05T10:31:28+00:00
seb_ii,1,2026-06-05T10:31:28+00:00
lx9090,1,2026-06-05T10:31:28+00:00
john2019,1,2026-06-05T10:31:28+00:00
zlatann,1,2026-06-05T10:31:28+00:00
yumpxi,1,2026-06-05T10:31:28+00:00
mo_r15,1,2026-06-05T10:31:28+00:00
neitho,1,2026-06-05T10:31:28+00:00
nat_ox_,1,2026-06-05T10:31:28+00:00
dawgteef,1,2026-06-05T10:31:28+00:00
lielunara,1,2026-06-05T10:31:28+00:00
athenemesis,1,2026-06-05T10:31:28+00:00
fen_anilo,1,2026-06-05T10:31:28+00:00
heith_,1,2026-06-05T10:31:28+00:00
eleonoricina,1,2026-06-05T10:31:28+00:00
oakley13,1,2026-06-05T10:31:28+00:00
arodd2007,1,2026-06-05T10:31:28+00:00
tamar_rat,1,2026-06-05T10:31:28+00:00
yotamginn,1,2026-06-05T10:31:28+00:00
dawood_ahmed,1,2026-06-05T10:31:28+00:00
aidancooke,1,2026-06-05T10:31:28+00:00
triplequatro_,1,2026-06-05T10:31:28+00:00
michaelwaller95,1,2026-06-05T10:31:28+00:00
jojospopcorn,1,2026-06-05T10:31:28+00:00
huntv3r,1,2026-06-05T10:31:28+00:00
apriill2,1,2026-06-05T10:31:28+00:00
malik_thekid,1,2026-06-05T10:31:28+00:00
cocretaas,1,2026-06-05T10:31:28+00:00
michellefel,1,2026-06-05T10:31:28+00:00
cantcomprehend,1,2026-06-05T10:31:28+00:00
jarvin,1,2026-06-05T10:31:28+00:00
charlotte48m,1,2026-06-05T10:31:28+00:00
ioukhmilu,1,2026-06-05T10:31:28+00:00
aarusab,1,2026-06-05T10:31:28+00:00
yaridoki,1,2026-06-05T10:31:28+00:00
__izzy,1,2026-06-05T10:31:28+00:00
dunereaper,1,2026-06-05T10:31:28+00:00
xavierstoldt,1,2026-06-05T10:31:28+00:00
doomfugger,1,2026-06-05T10:31:28+00:00
makoto_niijima,1,2026-06-05T10:31:28+00:00
ramiza04,1,2026-06-05T10:31:28+00:00
yeuxcheshire,1,2026-06-05T10:31:28+00:00
noemhys,1,2026-06-05T10:31:28+00:00
alexi301,1,2026-06-05T10:31:28+00:00
bigmanzaddy,1,2026-06-05T10:31:28+00:00
sarahc15,1,2026-06-05T10:31:28+00:00
laisggarciia,1,2026-06-05T10:31:28+00:00
twardnotaway,1,2026-06-05T10:31:28+00:00
kathy1238,1,2026-06-05T10:31:28+00:00
hugop4,1,2026-06-05T10:31:28+00:00
simmersthepims,1,2026-06-05T10:31:28+00:00
jonnyscurrah,1,2026-06-05T10:31:28+00:00
reamiu,1,2026-06-05T10:31:28+00:00
cristovin,1,2026-06-05T10:31:28+00:00
eduardomaddd,1,2026-06-05T10:31:28+00:00
dcsinefil,1,2026-06-05T10:31:28+00:00
fiafajita,1,2026-06-05T10:31:28+00:00
3mm_ma,1,2026-06-05T10:31:28+00:00
lousiph,1,2026-06-05T10:31:28+00:00
willmaybe,1,2026-06-05T10:31:28+00:00
mfsandovalm,1,2026-06-05T10:31:28+00:00
lentejitaas,1,2026-06-05T10:31:28+00:00
camtheman2929,1,2026-06-05T10:31:28+00:00
pradipbhusal,1,2026-06-05T10:31:28+00:00
patricklp98,1,2026-06-05T10:31:28+00:00
linnkuu,1,2026-06-05T10:31:28+00:00
tom6655,1,2026-06-05T10:31:28+00:00
shinggibanggi,1,2026-06-05T10:31:28+00:00
aphikite,1,2026-06-05T10:31:28+00:00
landogonn,1,2026-06-05T10:31:28+00:00
joestank2,1,2026-06-05T10:31:28+00:00
bg1212,1,2026-06-05T10:31:28+00:00
hunter_rb123,1,2026-06-05T10:31:28+00:00
vesgetz,1,2026-06-05T10:31:28+00:00
missbeann,1,2026-06-05T10:31:28+00:00
moremaati,1,2026-06-05T10:31:28+00:00
mazobucks,1,2026-06-05T10:31:28+00:00
chromazz416,1,2026-06-05T10:31:28+00:00
sigrag,1,2026-06-05T10:31:28+00:00
gerardo457,1,2026-06-05T10:31:28+00:00
lostntransl8ion,1,2026-06-05T10:31:28+00:00
lidcobbler,1,2026-06-05T10:31:28+00:00
mathieucaill,1,2026-06-05T10:31:28+00:00
lori16,1,2026-06-05T10:31:28+00:00
hgalhofas,1,2026-06-05T10:31:28+00:00
kardanasya,1,2026-06-05T10:31:28+00:00
iitsmxr,1,2026-06-05T10:31:28+00:00
wheredowegonoww,1,2026-06-05T10:31:28+00:00
titanrussell,1,2026-06-05T10:31:28+00:00
cafpan,1,2026-06-05T10:31:28+00:00
hugemoviedude,1,2026-06-05T10:31:28+00:00
agrihii,1,2026-06-05T10:31:28+00:00
jaiarjun,1,2026-06-05T10:31:28+00:00
brisasaa,1,2026-06-05T10:31:28+00:00
weaverwatched,1,2026-06-05T10:31:28+00:00
srishapiraba,1,2026-06-05T10:31:28+00:00
luchili,1,2026-06-05T10:31:28+00:00
kaydebruin23,1,2026-06-05T10:31:28+00:00
fusmeshrulez47,1,2026-06-05T10:31:28+00:00
khaiale,1,2026-06-05T10:31:28+00:00
zoec_edwards,1,2026-06-05T10:31:28+00:00
sylvieflorence,1,2026-06-05T10:31:28+00:00
smokenugget,1,2026-06-05T10:31:28+00:00
oskar_andersen,1,2026-06-05T10:31:28+00:00
pisshycaca,1,2026-06-05T10:31:28+00:00
sheenasomah,1,2026-06-05T10:31:28+00:00
nithin_rajan,1,2026-06-05T10:31:28+00:00
h3rnymph,1,2026-06-05T10:31:28+00:00
playcyberpunk,1,2026-06-05T10:31:28+00:00
rafaantivil,1,2026-06-05T10:31:28+00:00
abyssvsthewrld,1,2026-06-05T10:31:28+00:00
megumiuu,1,2026-06-05T10:31:28+00:00
schrutefarmbeet,1,2026-06-05T10:31:28+00:00
sophiemillie,1,2026-06-05T10:31:28+00:00
mahathirxv,1,2026-06-05T10:31:28+00:00
444orin,1,2026-06-05T10:31:28+00:00
popcorn_latte,1,2026-06-05T10:31:28+00:00
samsodyne,1,2026-06-05T10:31:28+00:00
glaizemoviedays,1,2026-06-05T10:31:28+00:00
aliyhamin,1,2026-06-05T10:31:28+00:00
mohamedelatar,1,2026-06-05T10:31:28+00:00
grvgiel,1,2026-06-05T10:31:28+00:00
judeost35,1,2026-06-05T10:31:28+00:00
babatilifon,1,2026-06-05T10:31:28+00:00
gattz,1,2026-06-05T10:31:28+00:00
caroterrazasm,1,2026-06-05T10:31:28+00:00
capi69,1,2026-06-05T10:31:28+00:00
gaviny_404,1,2026-06-05T10:31:28+00:00
gbrxnx,1,2026-06-05T10:31:28+00:00
jsp123477,1,2026-06-05T10:31:28+00:00
mishiiadri,1,2026-06-05T10:31:28+00:00
naz_097,1,2026-06-05T10:31:28+00:00
idiyappam,1,2026-06-05T10:31:28+00:00
owensr,1,2026-06-05T10:31:28+00:00
ezecatorceee,1,2026-06-05T10:31:28+00:00
maya_mendelson,1,2026-06-05T10:31:28+00:00
skiiiks,1,2026-06-05T10:31:28+00:00
pinkypluto,1,2026-06-05T10:31:28+00:00
anniemaloney,1,2026-06-05T10:31:28+00:00
tortuga88,1,2026-06-05T10:31:28+00:00
beccaaa444,1,2026-06-05T10:31:28+00:00
lilac_4909,1,2026-06-05T10:31:28+00:00
adeleinek,1,2026-06-05T10:31:28+00:00
diegouli,1,2026-06-05T10:31:28+00:00
watchedandzeen,1,2026-06-05T10:31:28+00:00
juanchoo0,1,2026-06-05T10:31:28+00:00
redlionfish,1,2026-06-05T10:31:28+00:00
manuserrato,1,2026-06-05T10:31:28+00:00
art_andani,1,2026-06-05T10:31:28+00:00
fckngwolfstar,1,2026-06-05T10:31:28+00:00
danielsfilms0,1,2026-06-05T10:31:28+00:00
dnzbulls,1,2026-06-05T10:31:28+00:00
tiramizyou,1,2026-06-05T10:31:28+00:00
menc3,1,2026-06-05T10:31:28+00:00
sarasarahi,1,2026-06-05T10:31:28+00:00
locarr,1,2026-06-05T10:31:28+00:00
ciucu,1,2026-06-05T10:31:28+00:00
aj1597,1,2026-06-05T10:31:28+00:00
emi_marchisio_,1,2026-06-05T10:31:28+00:00
lit_likeamatcha,1,2026-06-05T10:31:28+00:00
freezerbride004,1,2026-06-05T10:31:28+00:00
leoleonleo,1,2026-06-05T10:31:28+00:00
guage_holland,1,2026-06-05T10:31:28+00:00
zekodus,1,2026-06-05T10:31:28+00:00
shilohp,1,2026-06-05T10:31:28+00:00
iammeg,1,2026-06-05T10:31:28+00:00
sarahlaawrence,1,2026-06-05T10:31:28+00:00
glizzyglob,1,2026-06-05T10:31:28+00:00
marguerite_lbgc,1,2026-06-05T10:31:28+00:00
lollerax,1,2026-06-05T10:31:28+00:00
houssam_px,1,2026-06-05T10:31:28+00:00
re_vo5,1,2026-06-05T10:31:28+00:00
nlani,1,2026-06-05T10:31:28+00:00
7youk,1,2026-06-05T10:31:28+00:00
jfh2112,1,2026-06-05T10:31:28+00:00
yusif2,1,2026-06-05T10:31:28+00:00
legeetee,1,2026-06-05T10:31:28+00:00
salihofficial,1,2026-06-05T10:31:28+00:00
zerox42,1,2026-06-05T10:31:28+00:00
govergox,1,2026-06-05T10:31:28+00:00
alexwong21,1,2026-06-05T10:31:28+00:00
imsjn,1,2026-06-05T10:31:28+00:00
izerak,1,2026-06-05T10:31:28+00:00
loreexj,1,2026-06-05T10:31:28+00:00
areyakidding,1,2026-06-05T10:31:28+00:00
adityash_,1,2026-06-05T10:31:28+00:00
lucas440_,1,2026-06-05T10:31:28+00:00
diegoruedaarzoz,1,2026-06-05T10:31:28+00:00
nicodeclercq,1,2026-06-05T10:31:28+00:00
piepearl,1,2026-06-05T10:31:28+00:00
naomiflores11,1,2026-06-05T10:31:28+00:00
lookaenhate,1,2026-06-05T10:31:28+00:00
fatimafarab,1,2026-06-05T10:31:28+00:00
eo__i0,1,2026-06-05T10:31:28+00:00
jarumja083z,1,2026-06-05T10:31:28+00:00
kivifilm,1,2026-06-05T10:31:28+00:00
klein225,1,2026-06-05T10:31:28+00:00
zzznapper,1,2026-06-05T10:31:28+00:00
jjshah,1,2026-06-05T10:31:28+00:00
acankd,1,2026-06-05T10:31:28+00:00
hereismyname,1,2026-06-05T10:31:28+00:00
pich56,1,2026-06-05T10:31:28+00:00
ilsevepelis,1,2026-06-05T10:31:28+00:00
_pinto,1,2026-06-05T10:31:28+00:00
anasalmutairi,1,2026-06-05T10:31:28+00:00
movfie,1,2026-06-05T10:31:28+00:00
ruba73,1,2026-06-05T10:31:28+00:00
veggieshriah,1,2026-06-05T10:31:28+00:00
by_kubrickk,1,2026-06-05T10:31:28+00:00
shana_guzman,1,2026-06-05T10:31:28+00:00
papagiovanni,1,2026-06-05T10:31:28+00:00
ericksouzaf,1,2026-06-05T10:31:28+00:00
gobiethompson,1,2026-06-05T10:31:28+00:00
gihi,1,2026-06-05T10:31:28+00:00
carlaborbs,1,2026-06-05T10:31:28+00:00
dretlaw,1,2026-06-05T10:31:28+00:00
filmmajor69,1,2026-06-05T10:31:28+00:00
elisa29_,1,2026-06-05T10:31:28+00:00
prettier,1,2026-06-05T10:31:28+00:00
iamsofunny,1,2026-06-05T10:31:28+00:00
ryanmc98,1,2026-06-05T10:31:28+00:00
cleooupi,1,2026-06-05T10:31:28+00:00
tinqywinqy,1,2026-06-05T10:31:28+00:00
allanmar,1,2026-06-05T10:31:28+00:00
user48392973,1,2026-06-05T10:31:28+00:00
asherfeucht,1,2026-06-05T10:31:28+00:00
cdinap,1,2026-06-05T10:31:28+00:00
kbjenkins,1,2026-06-05T10:31:28+00:00
nickcagno,1,2026-06-05T10:31:28+00:00
zz_14,1,2026-06-05T10:31:28+00:00
seungminnie,1,2026-06-05T10:31:28+00:00
z_7oda,1,2026-06-05T10:31:28+00:00
lolaastacey,1,2026-06-05T10:31:28+00:00
juanolivares,1,2026-06-05T10:31:28+00:00
cupidelocke,1,2026-06-05T10:31:28+00:00
goathi,1,2026-06-05T10:31:28+00:00
abillyt,1,2026-06-05T10:31:28+00:00
aeasywayoutk,1,2026-06-05T10:31:28+00:00
tomrodrigues__,1,2026-06-05T10:31:28+00:00
alifereus,1,2026-06-05T10:31:28+00:00
ryleedeb,1,2026-06-05T10:31:28+00:00
newdeule,1,2026-06-05T10:31:28+00:00
nisha_nevrr,1,2026-06-05T10:31:28+00:00
y0z64,1,2026-06-05T10:31:28+00:00
ahansen2003,1,2026-06-05T10:31:28+00:00
netogaxiola99,1,2026-06-05T10:31:28+00:00
danieluranga13,1,2026-06-05T10:31:28+00:00
curanga,1,2026-06-05T10:31:28+00:00
nappiees,1,2026-06-05T10:31:28+00:00
mousah,1,2026-06-05T10:31:28+00:00
terraqueouspp,1,2026-06-05T10:31:28+00:00
bellaswan3333,1,2026-06-05T10:31:28+00:00
spyndelle,1,2026-06-05T10:31:28+00:00
r0dr1g04756,1,2026-06-05T10:31:28+00:00
mauvern,1,2026-06-05T10:31:28+00:00
ravanadeath,1,2026-06-05T10:31:28+00:00
krebbikrebkreb,1,2026-06-05T10:31:28+00:00
lavidedorusso,1,2026-06-05T10:31:28+00:00
mustafa1123,1,2026-06-05T10:31:28+00:00
smmxv,1,2026-06-05T10:31:28+00:00
m1nci,1,2026-06-05T10:31:28+00:00
jamsjpeg,1,2026-06-05T10:31:28+00:00
zvkzouk,1,2026-06-05T10:31:28+00:00
jvsurr,1,2026-06-05T10:31:28+00:00
mossalgebraic,1,2026-06-05T10:31:28+00:00
9haos,1,2026-06-05T10:31:28+00:00
sgamberang,1,2026-06-05T10:31:28+00:00
ramanae,1,2026-06-05T10:31:28+00:00
asdemir34,1,2026-06-05T10:31:28+00:00
metthkitt,1,2026-06-05T10:31:28+00:00
prexx0,1,2026-06-05T10:31:28+00:00
theperksoflife,1,2026-06-05T10:31:28+00:00
66x,1,2026-06-05T10:31:28+00:00
sabbircinephile,1,2026-06-05T10:31:28+00:00
aniepascual,1,2026-06-05T10:31:28+00:00
revo85,1,2026-06-05T10:31:28+00:00
alisaeed10,1,2026-06-05T10:31:28+00:00
radarcycle,1,2026-06-05T10:31:28+00:00
hqueco,1,2026-06-05T10:31:28+00:00
euneiro,1,2026-06-05T10:31:28+00:00
elenaelena_234,1,2026-06-05T10:31:28+00:00
luka_dbrn,1,2026-06-05T10:31:28+00:00
zephyrhibek,1,2026-06-05T10:31:28+00:00
ethan_pham,1,2026-06-05T10:31:28+00:00
emi4115,1,2026-06-05T10:31:28+00:00
dizazter,1,2026-06-05T10:31:28+00:00
itchy888,1,2026-06-05T10:31:28+00:00
truecappking713,1,2026-06-05T10:31:28+00:00
akaapram,1,2026-06-05T10:31:28+00:00
chanipaul,1,2026-06-05T10:31:28+00:00
merky2000,1,2026-06-05T10:31:28+00:00
cbent04,1,2026-06-05T10:31:28+00:00
virad_sinanan,1,2026-06-05T10:31:28+00:00
kash107,1,2026-06-05T10:31:28+00:00
lichvix,1,2026-06-05T10:31:28+00:00
zaidattar_,1,2026-06-05T10:31:28+00:00
sadeer_,1,2026-06-05T10:31:28+00:00
izuperson,1,2026-06-05T10:31:28+00:00
aminelbb,1,2026-06-05T10:31:28+00:00
akhilm8,1,2026-06-05T10:31:28+00:00
edgar2211,1,2026-06-05T10:31:28+00:00
angelblooming,1,2026-06-05T10:31:28+00:00
nicky666,1,2026-06-05T10:31:28+00:00
solarisanima,1,2026-06-05T10:31:28+00:00
loganbwill,1,2026-06-05T10:31:28+00:00
brody_stu,1,2026-06-05T10:31:28+00:00
weave11,1,2026-06-05T10:31:28+00:00
isabd,1,2026-06-05T10:31:28+00:00
okaye_,1,2026-06-05T10:31:28+00:00
justleoxz,1,2026-06-05T10:31:28+00:00
alz0o,1,2026-06-05T10:31:28+00:00
samanthajdeboer,1,2026-06-05T10:31:28+00:00
ellenisgenerous,1,2026-06-05T10:31:28+00:00
eroe34,1,2026-06-05T10:31:28+00:00
jaelew,1,2026-06-05T10:31:28+00:00
carterhiii,1,2026-06-05T10:31:28+00:00
sirtawhid,1,2026-06-05T10:31:28+00:00
jesse_pinkthem,1,2026-06-05T10:31:28+00:00
amarux,1,2026-06-05T10:31:28+00:00
whoisaery,1,2026-06-05T10:31:28+00:00
rafaelasitta,1,2026-06-05T10:31:28+00:00
chris_ga,1,2026-06-05T10:31:28+00:00
londondonah,1,2026-06-05T10:31:28+00:00
aako0,1,2026-06-05T10:31:28+00:00
recklox,1,2026-06-05T10:31:28+00:00
spderjm,1,2026-06-05T10:31:28+00:00
isack0203,1,2026-06-05T10:31:28+00:00
i_d_k6,1,2026-06-05T10:31:28+00:00
wumgm,1,2026-06-05T10:31:28+00:00
btrzgrm,1,2026-06-05T10:31:28+00:00
bombocladik,1,2026-06-05T10:31:28+00:00
kywonders,1,2026-06-05T10:31:28+00:00
mjd024,1,2026-06-05T10:31:28+00:00
miquitass,1,2026-06-05T10:31:28+00:00
jb333,1,2026-06-05T10:31:28+00:00
artsybaby,1,2026-06-05T10:31:28+00:00
freakwachai73,1,2026-06-05T10:31:28+00:00
b34rcat,1,2026-06-05T10:31:28+00:00
pirtakc,1,2026-06-05T10:31:28+00:00
iceicekaite,1,2026-06-05T10:31:28+00:00
kaydy2,1,2026-06-05T10:31:28+00:00
lostsoul___l,1,2026-06-05T10:31:28+00:00
gavinasher,1,2026-06-05T10:31:28+00:00
anearaily,1,2026-06-05T10:31:28+00:00
jane05,1,2026-06-05T10:31:28+00:00
denisdbja,1,2026-06-05T10:31:28+00:00
nicathaciyev,1,2026-06-05T10:31:28+00:00
kateriinaa99,1,2026-06-05T10:31:28+00:00
taintsizzler,1,2026-06-05T10:31:28+00:00
campoll223,1,2026-06-05T10:31:28+00:00
itsnovax,1,2026-06-05T10:31:28+00:00
stellinabaxter,1,2026-06-05T10:31:28+00:00
doctordanav,1,2026-06-05T10:31:28+00:00
parisaay,1,2026-06-05T10:31:28+00:00
bleury,1,2026-06-05T10:31:28+00:00
estebeannn,1,2026-06-05T10:31:28+00:00
distantlvr,1,2026-06-05T10:31:28+00:00
meely_well,1,2026-06-05T10:31:28+00:00
kloyd,1,2026-06-05T10:31:28+00:00
hbsilva09,1,2026-06-05T10:31:28+00:00
seeninthewoods,1,2026-06-05T10:31:28+00:00
hannahizd,1,2026-06-05T10:31:28+00:00
lylamarie44,1,2026-06-05T10:31:28+00:00
beyondleblond,1,2026-06-05T10:31:28+00:00
garaziji,1,2026-06-05T10:31:28+00:00
rishabthapa,1,2026-06-05T10:31:28+00:00
yanoles,1,2026-06-05T10:31:28+00:00
beaneatr,1,2026-06-05T10:31:28+00:00
ilovemarkonnen,1,2026-06-05T10:31:28+00:00
alaa_13131,1,2026-06-05T10:31:28+00:00
qunzy,1,2026-06-05T10:31:28+00:00
yousefmsaadm,1,2026-06-05T10:31:28+00:00
rebeccarebu,1,2026-06-05T10:31:28+00:00
adridff,1,2026-06-05T10:31:28+00:00
jenn_fff0301,1,2026-06-05T10:31:28+00:00
slodkakicia69,1,2026-06-05T10:31:28+00:00
cf09,1,2026-06-05T10:31:28+00:00
sannevdk,1,2026-06-05T10:31:28+00:00
mariagp_16,1,2026-06-05T10:31:28+00:00
mtwaim,1,2026-06-05T10:31:28+00:00
pparadise_k7,1,2026-06-05T10:31:28+00:00
yoon586,1,2026-06-05T10:31:28+00:00
jayt456,1,2026-06-05T10:31:28+00:00
chr0ll_,1,2026-06-05T10:31:28+00:00
mcdiablo,1,2026-06-05T10:31:28+00:00
zoeynicole,1,2026-06-05T10:31:28+00:00
kede923,1,2026-06-05T10:31:28+00:00
vivanvatsa,1,2026-06-05T10:31:28+00:00
ogouap,1,2026-06-05T10:31:28+00:00
dentiffffforcio,1,2026-06-05T10:31:28+00:00
yoyooo__,1,2026-06-05T10:31:28+00:00
brodyk1,1,2026-06-05T10:31:28+00:00
britanicas,1,2026-06-05T10:31:28+00:00
ghosstars,1,2026-06-05T10:31:28+00:00
brycew77,1,2026-06-05T10:31:28+00:00
commonjdn,1,2026-06-05T10:31:28+00:00
kingxxa,1,2026-06-05T10:31:28+00:00
elise29,1,2026-06-05T10:31:28+00:00
carracar2008,1,2026-06-05T10:31:28+00:00
dumbbbitch,1,2026-06-05T10:31:28+00:00
hmanlax11,1,2026-06-05T10:31:28+00:00
thacheff,1,2026-06-05T10:31:28+00:00
marianoelordi,1,2026-06-05T10:31:28+00:00
jakeo3,1,2026-06-05T10:31:28+00:00
finbob2000,1,2026-06-05T10:31:28+00:00
cbay22,1,2026-06-05T10:31:28+00:00
tylerd49,1,2026-06-05T10:31:28+00:00
asad22,1,2026-06-05T10:31:28+00:00
ideologay,1,2026-06-05T10:31:28+00:00
soft_tali,1,2026-06-05T10:31:28+00:00
eduardohfv,1,2026-06-05T10:31:28+00:00
rasputo,1,2026-06-05T10:31:28+00:00
pv7lll,1,2026-06-05T10:31:28+00:00
lasag4_,1,2026-06-05T10:31:28+00:00
swannys,1,2026-06-05T10:31:28+00:00
sabrinalm,1,2026-06-05T10:31:28+00:00
unpeuflou,1,2026-06-05T10:31:28+00:00
doubledowntoon,1,2026-06-05T10:31:28+00:00
compatiblefox,1,2026-06-05T10:31:28+00:00
melongod108,1,2026-06-05T10:31:28+00:00
mbagli21,1,2026-06-05T10:31:28+00:00
ash_hughes,1,2026-06-05T10:31:28+00:00
kadink,1,2026-06-05T10:31:28+00:00
prestondeff,1,2026-06-05T10:31:28+00:00
lala81104,1,2026-06-05T10:31:28+00:00
pallmallrojo,1,2026-06-05T10:31:28+00:00
naigleb,1,2026-06-05T10:31:28+00:00
margtswift,1,2026-06-05T10:31:28+00:00
gtronqu,1,2026-06-05T10:31:28+00:00
florg_b,1,2026-06-05T10:31:28+00:00
joeknows24,1,2026-06-05T10:31:28+00:00
harrysmells,1,2026-06-05T10:31:28+00:00
heelexnat20,1,2026-06-05T10:31:28+00:00
tsieve,1,2026-06-05T10:31:28+00:00
lobo7680,1,2026-06-05T10:31:28+00:00
gaia_brb,1,2026-06-05T10:31:28+00:00
billiamjakal,1,2026-06-05T10:31:28+00:00
finnjackson77,1,2026-06-05T10:31:28+00:00
rockms,1,2026-06-05T10:31:28+00:00
badtakes_only,1,2026-06-05T10:31:28+00:00
omarrratm,1,2026-06-05T10:31:28+00:00
elfiethecattie,1,2026-06-05T10:31:28+00:00
thejosephhh,1,2026-06-05T10:31:28+00:00
hydrawoke,1,2026-06-05T10:31:28+00:00
izzozzi,1,2026-06-05T10:31:28+00:00
willymo_,1,2026-06-05T10:31:28+00:00
mtangerine,1,2026-06-05T10:31:28+00:00
luisachaves10,1,2026-06-05T10:31:28+00:00
kenmm,1,2026-06-05T10:31:28+00:00
kolyechka,1,2026-06-05T10:31:28+00:00
1saw,1,2026-06-05T10:31:28+00:00
litchey,1,2026-06-05T10:31:28+00:00
skaii1,1,2026-06-05T10:31:28+00:00
jazzy11b,1,2026-06-05T10:31:28+00:00
nader2,1,2026-06-05T10:31:28+00:00
lynksu,1,2026-06-05T10:31:28+00:00
6amichan,1,2026-06-05T10:31:28+00:00
anrxvn,1,2026-06-05T10:31:28+00:00
_mahii,1,2026-06-05T10:31:28+00:00
patriciamve,1,2026-06-05T10:31:28+00:00
yokesh_ap,1,2026-06-05T10:31:28+00:00
etibert,1,2026-06-05T10:31:28+00:00
cheesteur,1,2026-06-05T10:31:28+00:00
ranit025,1,2026-06-05T10:31:28+00:00
user29922,1,2026-06-05T10:31:28+00:00
elsagrgt,1,2026-06-05T10:31:28+00:00
mccartn3ys,1,2026-06-05T10:31:28+00:00
carlaaxx,1,2026-06-05T10:31:28+00:00
shinange,1,2026-06-05T10:31:28+00:00
elizabethec,1,2026-06-05T10:31:28+00:00
ca5h__,1,2026-06-05T10:31:28+00:00
setanalas,1,2026-06-05T10:31:28+00:00
superflashyaj,1,2026-06-05T10:31:28+00:00
andreasofia_cir,1,2026-06-05T10:31:28+00:00
makisuis,1,2026-06-05T10:31:28+00:00
logangatewood,1,2026-06-05T10:31:28+00:00
aggelos2038,1,2026-06-05T10:31:28+00:00
shadowwow,1,2026-06-05T10:31:28+00:00
shanevt,1,2026-06-05T10:31:28+00:00
agathemz,1,2026-06-05T10:31:28+00:00
ashlooeigh,1,2026-06-05T10:31:28+00:00
melkor00,1,2026-06-05T10:31:28+00:00
yazivonnn,1,2026-06-05T10:31:28+00:00
shampy7527,1,2026-06-05T10:31:28+00:00
stovetopmosaic,1,2026-06-05T10:31:28+00:00
yusikayy,1,2026-06-05T10:31:28+00:00
cd10sm,1,2026-06-05T10:31:28+00:00
devinka,1,2026-06-05T10:31:28+00:00
adenslatt,1,2026-06-05T10:31:28+00:00
dulainb,1,2026-06-05T10:31:28+00:00
erinlouisiana,1,2026-06-05T10:31:28+00:00
petco21,1,2026-06-05T10:31:28+00:00
cazdark,1,2026-06-05T10:31:28+00:00
yekives,1,2026-06-05T10:31:28+00:00
laura_070707,1,2026-06-05T10:31:28+00:00
th3lostsanity,1,2026-06-05T10:31:28+00:00
bintang_a,1,2026-06-05T10:31:28+00:00
cigarettss,1,2026-06-05T10:31:28+00:00
sallimkn,1,2026-06-05T10:31:28+00:00
davidhd72,1,2026-06-05T10:31:28+00:00
ninja2007,1,2026-06-05T10:31:28+00:00
elemeau,1,2026-06-05T10:31:28+00:00
poisonblackkk,1,2026-06-05T10:31:28+00:00
meagleb9524,1,2026-06-05T10:31:28+00:00
rataporratos,1,2026-06-05T10:31:28+00:00
manuelxrd_,1,2026-06-05T10:31:28+00:00
paulagiorgi,1,2026-06-05T10:31:28+00:00
himnish13,1,2026-06-05T10:31:28+00:00
aqibjaved,1,2026-06-05T10:31:28+00:00
satwattt,1,2026-06-05T10:31:28+00:00
alcyonegokcen,1,2026-06-05T10:31:28+00:00
arparp03,1,2026-06-05T10:31:28+00:00
zaw5d,1,2026-06-05T10:31:28+00:00
huseywl,1,2026-06-05T10:31:28+00:00
nomadjit007,1,2026-06-05T10:31:28+00:00
cormacmphelan,1,2026-06-05T10:31:28+00:00
benkyllingstad,1,2026-06-05T10:31:28+00:00
windiiip,1,2026-06-05T10:31:28+00:00
ili4cinema,1,2026-06-05T10:31:28+00:00
joaquineche5,1,2026-06-05T10:31:28+00:00
yickerd,1,2026-06-05T10:31:28+00:00
daisydresden,1,2026-06-05T10:31:28+00:00
gyaaru,1,2026-06-05T10:31:28+00:00
heyjuuud,1,2026-06-05T10:31:28+00:00
adithya80,1,2026-06-05T10:31:28+00:00
izloading,1,2026-06-05T10:31:28+00:00
thracks,1,2026-06-05T10:31:28+00:00
breadmc,1,2026-06-05T10:31:28+00:00
ejllaird,1,2026-06-05T10:31:28+00:00
issacc,1,2026-06-05T10:31:28+00:00
pojdnapanaka,1,2026-06-05T10:31:28+00:00
bubba0915,1,2026-06-05T10:31:28+00:00
ivamchomm,1,2026-06-05T10:31:28+00:00
zaghiii,1,2026-06-05T10:31:28+00:00
sofiabosi,1,2026-06-05T10:31:28+00:00
edadique,1,2026-06-05T10:31:28+00:00
dan_497,1,2026-06-05T10:31:28+00:00
eddyc123,1,2026-06-05T10:31:28+00:00
jonathanxwyatt,1,2026-06-05T10:31:28+00:00
fabioxky,1,2026-06-05T10:31:28+00:00
aryabumi,1,2026-06-05T10:31:28+00:00
dgaspar,1,2026-06-05T10:31:28+00:00
benderson27,1,2026-06-05T10:31:28+00:00
elias_silver,1,2026-06-05T10:31:28+00:00
lucero0405,1,2026-06-05T10:31:28+00:00
raunxk,1,2026-06-05T10:31:28+00:00
kaysclosed,1,2026-06-05T10:31:28+00:00
selenamkellogg,1,2026-06-05T10:31:28+00:00
elemelew,1,2026-06-05T10:31:28+00:00
maddy_rums,1,2026-06-05T10:31:28+00:00
notmyrealname5,1,2026-06-05T10:31:28+00:00
lxstfuleyes,1,2026-06-05T10:31:28+00:00
taraberger3,1,2026-06-05T10:31:28+00:00
naditamanzanit,1,2026-06-05T10:31:28+00:00
godsaveaziz,1,2026-06-05T10:31:28+00:00
ilovenct127,1,2026-06-05T10:31:28+00:00
diabolace,1,2026-06-05T10:31:28+00:00
realskittleman,1,2026-06-05T10:31:28+00:00
sunainaxu,1,2026-06-05T10:31:28+00:00
sefremova,1,2026-06-05T10:31:28+00:00
brenda_lee,1,2026-06-05T10:31:28+00:00
wafflejuiced,1,2026-06-05T10:31:28+00:00
b0lty,1,2026-06-05T10:31:28+00:00
tomhooley,1,2026-06-05T10:31:28+00:00
lorcanlauth,1,2026-06-05T10:31:28+00:00
engmoee,1,2026-06-05T10:31:28+00:00
misho67,1,2026-06-05T10:31:28+00:00
baptistejj,1,2026-06-05T10:31:28+00:00
ogaxl,1,2026-06-05T10:31:28+00:00
ny151,1,2026-06-05T10:31:28+00:00
e2d2,1,2026-06-05T10:31:28+00:00
mrkaktii,1,2026-06-05T10:31:28+00:00
ben10pro,1,2026-06-05T10:31:28+00:00
marijalina,1,2026-06-05T10:31:28+00:00
joeekimm,1,2026-06-05T10:31:28+00:00
yeabsra32,1,2026-06-05T10:31:28+00:00
happywhitebeige,1,2026-06-05T10:31:28+00:00
tuistrong,1,2026-06-05T10:31:28+00:00
silhoutte,1,2026-06-05T10:31:28+00:00
valentin_llr,1,2026-06-05T10:31:28+00:00
kotonikos,1,2026-06-05T10:31:28+00:00
annaharkin,1,2026-06-05T10:31:28+00:00
imperfecttense,1,2026-06-05T10:31:28+00:00
svgeorgiev_,1,2026-06-05T10:31:28+00:00
aeb99,1,2026-06-05T10:31:28+00:00
factorycharlie,1,2026-06-05T10:31:28+00:00
ethan_ywl,1,2026-06-05T10:31:28+00:00
bcr91785,1,2026-06-05T10:31:28+00:00
espirael,1,2026-06-05T10:31:28+00:00
nannaliese,1,2026-06-05T10:31:28+00:00
zzzoee_1031,1,2026-06-05T10:31:28+00:00
goonerjamie,1,2026-06-05T10:31:28+00:00
miazoe,1,2026-06-05T10:31:28+00:00
menco__,1,2026-06-05T10:31:28+00:00
bryn_davies,1,2026-06-05T10:31:28+00:00
fassbindersplug,1,2026-06-05T10:31:28+00:00
leinsterfan101,1,2026-06-05T10:31:28+00:00
shintri,1,2026-06-05T10:31:28+00:00
ambrion11,1,2026-06-05T10:31:28+00:00
marrkieee,1,2026-06-05T10:31:28+00:00
dominberna,1,2026-06-05T10:31:28+00:00
starpirahna,1,2026-06-05T10:31:28+00:00
kennure,1,2026-06-05T10:31:28+00:00
ninamarci,1,2026-06-05T10:31:28+00:00
joeldc_08,1,2026-06-05T10:31:28+00:00
marlowe3k,1,2026-06-05T10:31:28+00:00
capduck,1,2026-06-05T10:31:28+00:00
kduce23,1,2026-06-05T10:31:28+00:00
niscula,1,2026-06-05T10:31:28+00:00
matemateo7,1,2026-06-05T10:31:28+00:00
marcosmclovin,1,2026-06-05T10:31:28+00:00
kushimen,1,2026-06-05T10:31:28+00:00
yoboidrew,1,2026-06-05T10:31:28+00:00
geersxnn,1,2026-06-05T10:31:28+00:00
skrr33,1,2026-06-05T10:31:28+00:00
eighthpassenger,1,2026-06-05T10:31:28+00:00
lilomaria,1,2026-06-05T10:31:28+00:00
cattwisty95,1,2026-06-05T10:31:28+00:00
1_800_st0p,1,2026-06-05T10:31:28+00:00
berkeefee,1,2026-06-05T10:31:28+00:00
benjones34,1,2026-06-05T10:31:28+00:00
ponciosroom,1,2026-06-05T10:31:28+00:00
bethw12,1,2026-06-05T10:31:28+00:00
w1llw,1,2026-06-05T10:31:28+00:00
loqum,1,2026-06-05T10:31:28+00:00
neftis,1,2026-06-05T10:31:28+00:00
porobot,1,2026-06-05T10:31:28+00:00
loeblues,1,2026-06-05T10:31:28+00:00
rnay_god,1,2026-06-05T10:31:28+00:00
heyerch007,1,2026-06-05T10:31:28+00:00
willemdafr1end,1,2026-06-05T10:31:28+00:00
avgwillhunting,1,2026-06-05T10:31:28+00:00
franance,1,2026-06-05T10:31:28+00:00
p0l4r1s,1,2026-06-05T10:31:28+00:00
kylebpb,1,2026-06-05T10:31:28+00:00
audeo2,1,2026-06-05T10:31:28+00:00
dgmoviereview,1,2026-06-05T10:31:28+00:00
ajaxt77,1,2026-06-05T10:31:28+00:00
e1izabe7h,1,2026-06-05T10:31:28+00:00
charsagne,1,2026-06-05T10:31:28+00:00
skuligan,1,2026-06-05T10:31:28+00:00
vnciosdias,1,2026-06-05T10:31:28+00:00
88alma88,1,2026-06-05T10:31:28+00:00
sillyheisenberg,1,2026-06-05T10:31:28+00:00
davidsfer,1,2026-06-05T10:31:28+00:00
olipluples,1,2026-06-05T10:31:28+00:00
77biamoura,1,2026-06-05T10:31:28+00:00
axelwahlin,1,2026-06-05T10:31:28+00:00
gvnxxxg,1,2026-06-05T10:31:28+00:00
melemontwin,1,2026-06-05T10:31:28+00:00
nategr14,1,2026-06-05T10:31:28+00:00
clevomovie,1,2026-06-05T10:31:28+00:00
_masterknight_,1,2026-06-05T10:31:28+00:00
cmguilherme,1,2026-06-05T10:31:28+00:00
garrettbrown25,1,2026-06-05T10:31:28+00:00
thaliajay,1,2026-06-05T10:31:28+00:00
thehollyland,1,2026-06-05T10:31:28+00:00
nmango610,1,2026-06-05T10:31:28+00:00
katienortonn,1,2026-06-05T10:31:28+00:00
joseeuceda,1,2026-06-05T10:31:28+00:00
trancenstuff,1,2026-06-05T10:31:28+00:00
kpitzen,1,2026-06-05T10:31:28+00:00
saulkester,1,2026-06-05T10:31:28+00:00
qrg456,1,2026-06-05T10:31:28+00:00
geroco,1,2026-06-05T10:31:28+00:00
lisapb,1,2026-06-05T10:31:28+00:00
spencerleibold,1,2026-06-05T10:31:28+00:00
zmason55,1,2026-06-05T10:31:28+00:00
logbeans9,1,2026-06-05T10:31:28+00:00
tgiard,1,2026-06-05T10:31:28+00:00
barkatron,1,2026-06-05T10:31:28+00:00
boubamolfy,1,2026-06-05T10:31:28+00:00
igoraguedes,1,2026-06-05T10:31:28+00:00
ty_walton,1,2026-06-05T10:31:28+00:00
lexigermain,1,2026-06-05T10:31:28+00:00
tylerbrown42,1,2026-06-05T10:31:28+00:00
tatavan,1,2026-06-05T10:31:28+00:00
arvo_tooni,1,2026-06-05T10:31:28+00:00
goodfella008,1,2026-06-05T10:31:28+00:00
joboketto,1,2026-06-05T10:31:28+00:00
joschachi,1,2026-06-05T10:31:28+00:00
vampiricleft,1,2026-06-05T10:31:28+00:00
r6b0,1,2026-06-05T10:31:28+00:00
firdyo,1,2026-06-05T10:31:28+00:00
ardadery,1,2026-06-05T10:31:28+00:00
caszztro,1,2026-06-05T10:31:28+00:00
marcopolo2010,1,2026-06-05T10:31:28+00:00
rvharris,1,2026-06-05T10:31:28+00:00
jamesgereige,1,2026-06-05T10:31:28+00:00
meryempinarci,1,2026-06-05T10:31:28+00:00
fasanax,1,2026-06-05T10:31:28+00:00
masnyfiut,1,2026-06-05T10:31:28+00:00
gxxxvr,1,2026-06-05T10:31:28+00:00
n1kitkat,1,2026-06-05T10:31:28+00:00
raayzu,1,2026-06-05T10:31:28+00:00
hayatsizmaymun,1,2026-06-05T10:31:28+00:00
robbierobot734,1,2026-06-05T10:31:28+00:00
mahmutcann_,1,2026-06-05T10:31:28+00:00
_rosiequartz,1,2026-06-05T10:31:28+00:00
akash_171819,1,2026-06-05T10:31:28+00:00
simetrail,1,2026-06-05T10:31:28+00:00
marvellover17,1,2026-06-05T10:31:28+00:00
thaleleiner,1,2026-06-05T10:31:28+00:00
ilyabdul,1,2026-06-05T10:31:28+00:00
samgeisler,1,2026-06-05T10:31:28+00:00
ash_ollie,1,2026-06-05T10:31:28+00:00
mooigth,1,2026-06-05T10:31:28+00:00
aquariium,1,2026-06-05T10:31:28+00:00
mellowoow,1,2026-06-05T10:31:28+00:00
noel02,1,2026-06-05T10:31:28+00:00
randamr,1,2026-06-05T10:31:28+00:00
bells_h,1,2026-06-05T10:31:28+00:00
ghfvrii,1,2026-06-05T10:31:28+00:00
salvamb10,1,2026-06-05T10:31:28+00:00
donnna_,1,2026-06-05T10:31:28+00:00
pertedevues,1,2026-06-05T10:31:28+00:00
vsoux,1,2026-06-05T10:31:28+00:00
tams_take,1,2026-06-05T10:31:28+00:00
ploobprotester,1,2026-06-05T10:31:28+00:00
taksha_,1,2026-06-05T10:31:28+00:00
lluviesitalover,1,2026-06-05T10:31:28+00:00
nandaalsaa,1,2026-06-05T10:31:28+00:00
maiathegoat67,1,2026-06-05T10:31:28+00:00
lightningboyg,1,2026-06-05T10:31:28+00:00
jessikak,1,2026-06-05T10:31:28+00:00
_anusree_,1,2026-06-05T10:31:28+00:00
1avrillavigne,1,2026-06-05T10:31:28+00:00
vivaryaaa,1,2026-06-05T10:31:28+00:00
caali_a,1,2026-06-05T10:31:28+00:00
benedettoccino,1,2026-06-05T10:31:28+00:00
neol,1,2026-06-05T10:31:28+00:00
khnsaerv,1,2026-06-05T10:31:28+00:00
shinboo,1,2026-06-05T10:31:28+00:00
theundyingcoat,1,2026-06-05T10:31:28+00:00
sashxyz,1,2026-06-05T10:31:28+00:00
acideggrolls,1,2026-06-05T10:31:28+00:00
cast1,1,2026-06-05T10:31:28+00:00
rhicheese,1,2026-06-05T10:31:28+00:00
mirandaa_278,1,2026-06-05T10:31:28+00:00
mjloveslove,1,2026-06-05T10:31:28+00:00
jadead101,1,2026-06-05T10:31:28+00:00
coconuts_jm,1,2026-06-05T10:31:28+00:00
jwjwnsjjsjs,1,2026-06-05T10:31:28+00:00
rqchdel,1,2026-06-05T10:31:28+00:00
3_xunne,1,2026-06-05T10:31:28+00:00
emmaliz2,1,2026-06-05T10:31:28+00:00
ebtehaz,1,2026-06-05T10:31:28+00:00
mertkong,1,2026-06-05T10:31:28+00:00
rajoshik,1,2026-06-05T10:31:28+00:00
liam_smithmov,1,2026-06-05T10:31:28+00:00
drewkmon,1,2026-06-05T10:31:28+00:00
brendanc23,1,2026-06-05T10:31:28+00:00
hanna1302,1,2026-06-05T10:31:28+00:00
meet005,1,2026-06-05T10:31:28+00:00
jasuuuu,1,2026-06-05T10:31:28+00:00
peachnoir,1,2026-06-05T10:31:28+00:00
parker981,1,2026-06-05T10:31:28+00:00
raibern,1,2026-06-05T10:31:28+00:00
levent33,1,2026-06-05T10:31:28+00:00
ravisk2009,1,2026-06-05T10:31:28+00:00
sam130,1,2026-06-05T10:31:28+00:00
jai_costello,1,2026-06-05T10:31:28+00:00
lucasmnog,1,2026-06-05T10:31:28+00:00
mermaidmike,1,2026-06-05T10:31:28+00:00
darlapim,1,2026-06-05T10:31:28+00:00
grethel_gh,1,2026-06-05T10:31:28+00:00
kaliigrace,1,2026-06-05T10:31:28+00:00
shyshymeekmeek,1,2026-06-05T10:31:28+00:00
lilygeeorgia,1,2026-06-05T10:31:28+00:00
adrianvilar,1,2026-06-05T10:31:28+00:00
dumb_corvid,1,2026-06-05T10:31:28+00:00
bernyelpro,1,2026-06-05T10:31:28+00:00
mercury215,1,2026-06-05T10:31:28+00:00
aly_gnzalez,1,2026-06-05T10:31:28+00:00
thaggiee,1,2026-06-05T10:31:28+00:00
normablue,1,2026-06-05T10:31:28+00:00
wiseguyelmo,1,2026-06-05T10:31:28+00:00
fwsss,1,2026-06-05T10:31:28+00:00
km0516,1,2026-06-05T10:31:28+00:00
napnapmap,1,2026-06-05T10:31:28+00:00
gamermaster9807,1,2026-06-05T10:31:28+00:00
bubblepaws,1,2026-06-05T10:31:28+00:00
brownfionaapple,1,2026-06-05T10:31:28+00:00
bucket_o_beant,1,2026-06-05T10:31:28+00:00
inesthemuskrat,1,2026-06-05T10:31:28+00:00
emmacarena49,1,2026-06-05T10:31:28+00:00
hananisik,1,2026-06-05T10:31:28+00:00
callaars,1,2026-06-05T10:31:28+00:00
vaidehijav,1,2026-06-05T10:31:28+00:00
isajt,1,2026-06-05T10:31:28+00:00
jakeperez8,1,2026-06-05T10:31:28+00:00
beefcutlet,1,2026-06-05T10:31:28+00:00
kirbypetals,1,2026-06-05T10:31:28+00:00
prosima_,1,2026-06-05T10:31:28+00:00
zachary_rubin,1,2026-06-05T10:31:28+00:00
rafika_96,1,2026-06-05T10:31:28+00:00
kail3y,1,2026-06-05T10:31:28+00:00
nathaniels_,1,2026-06-05T10:31:28+00:00
soviaalg,1,2026-06-05T10:31:28+00:00
falso_cinefiloo,1,2026-06-05T10:31:28+00:00
chasr07,1,2026-06-05T10:31:28+00:00
sazzzzzz,1,2026-06-05T10:31:28+00:00
kitsunekunnu,1,2026-06-05T10:31:28+00:00
jhkirch,1,2026-06-05T10:31:28+00:00
donaldo20,1,2026-06-05T10:31:28+00:00
rebeccawoo,1,2026-06-05T10:31:28+00:00
bruisesoup,1,2026-06-05T10:31:28+00:00
ghostmelily,1,2026-06-05T10:31:28+00:00
thrfs,1,2026-06-05T10:31:28+00:00
yxxa_,1,2026-06-05T10:31:28+00:00
tgrubbs803,1,2026-06-05T10:31:28+00:00
remcvt,1,2026-06-05T10:31:28+00:00
chakuadrat,1,2026-06-05T10:31:28+00:00
a_miggy21,1,2026-06-05T10:31:28+00:00
anivalencia,1,2026-06-05T10:31:28+00:00
orenzinhooo,1,2026-06-05T10:31:28+00:00
michellbm1999,1,2026-06-05T10:31:28+00:00
sammcinturff,1,2026-06-05T10:31:28+00:00
brucewayneig,1,2026-06-05T10:31:28+00:00
damereynoso,1,2026-06-05T10:31:28+00:00
leontopyrgos,1,2026-06-05T10:31:28+00:00
rosebucket,1,2026-06-05T10:31:28+00:00
jesse_tedy,1,2026-06-05T10:31:28+00:00
kaicondo,1,2026-06-05T10:31:28+00:00
jaytee20,1,2026-06-05T10:31:28+00:00
j_shizzlee,1,2026-06-05T10:31:28+00:00
hiro_tomatani,1,2026-06-05T10:31:28+00:00
debsterthegreat,1,2026-06-05T10:31:28+00:00
jigglemonmon,1,2026-06-05T10:31:28+00:00
niceburg,1,2026-06-05T10:31:28+00:00
diecastguy,1,2026-06-05T10:31:28+00:00
horroflection,1,2026-06-05T10:31:28+00:00
typozz,1,2026-06-05T10:31:28+00:00
sowhimsicalphie,1,2026-06-05T10:31:28+00:00
bullldog,1,2026-06-05T10:31:28+00:00
skynecro,1,2026-06-05T10:31:28+00:00
stutipatel_01,1,2026-06-05T10:31:28+00:00
cal_hartjes4,1,2026-06-05T10:31:28+00:00
jo3ling,1,2026-06-05T10:31:28+00:00
wolftm,1,2026-06-05T10:31:28+00:00
isidorar,1,2026-06-05T10:31:28+00:00
monotonic,1,2026-06-05T10:31:28+00:00
behindthekwak,1,2026-06-05T10:31:28+00:00
ashnakalari,1,2026-06-05T10:31:28+00:00
kakanunu,1,2026-06-05T10:31:28+00:00
tojazos,1,2026-06-05T10:31:28+00:00
abhi_shk4,1,2026-06-05T10:31:28+00:00
dan_ah146,1,2026-06-05T10:31:28+00:00
tictactucker,1,2026-06-05T10:31:28+00:00
natharnat_,1,2026-06-05T10:31:28+00:00
wzpriri,1,2026-06-05T10:31:28+00:00
ashamelo,1,2026-06-05T10:31:28+00:00
gigisreelz,1,2026-06-05T10:31:28+00:00
m_was_hereeee,1,2026-06-05T10:31:28+00:00
qv1n,1,2026-06-05T10:31:28+00:00
ponnappann,1,2026-06-05T10:31:28+00:00
s0_lennn,1,2026-06-05T10:31:28+00:00
ra7ned,1,2026-06-05T10:31:28+00:00
fuuqujull,1,2026-06-05T10:31:28+00:00
yaazzzzzz,1,2026-06-05T10:31:28+00:00
tcniia,1,2026-06-05T10:31:28+00:00
yurilover86,1,2026-06-05T10:31:28+00:00
tengneng,1,2026-06-05T10:31:28+00:00
banour,1,2026-06-05T10:31:28+00:00
hheyitsely,1,2026-06-05T10:31:28+00:00
platinumsmoked,1,2026-06-05T10:31:28+00:00
final_frame,1,2026-06-05T10:31:28+00:00
7mooo7,1,2026-06-05T10:31:28+00:00
ocebutler,1,2026-06-05T10:31:28+00:00
missamericana1,1,2026-06-05T10:31:28+00:00
alicamiii,1,2026-06-05T10:31:28+00:00
mazzystarlover5,1,2026-06-05T10:31:28+00:00
unwellspiral,1,2026-06-05T10:31:28+00:00
jkaneee,1,2026-06-05T10:31:28+00:00
taylorest,1,2026-06-05T10:31:28+00:00
_luckii_,1,2026-06-05T10:31:28+00:00
borklynn,1,2026-06-05T10:31:28+00:00
tiprat,1,2026-06-05T10:31:28+00:00
cake_____,1,2026-06-05T10:31:28+00:00
juddy92,1,2026-06-05T10:31:28+00:00
ashwinkal,1,2026-06-05T10:31:28+00:00
demoler,1,2026-06-05T10:31:28+00:00
rigoyajaira,1,2026-06-05T10:31:28+00:00
capybaaron,1,2026-06-05T10:31:28+00:00
roxydavis,1,2026-06-05T10:31:28+00:00
b4rryluvr,1,2026-06-05T10:31:28+00:00
loulouu_u,1,2026-06-05T10:31:28+00:00
keahnu,1,2026-06-05T10:31:28+00:00
yenra,1,2026-06-05T10:31:28+00:00
kal3ena,1,2026-06-05T10:31:28+00:00
jwdtate,1,2026-06-05T10:31:28+00:00
louannecl,1,2026-06-05T10:31:28+00:00
jferguson06,1,2026-06-05T10:31:28+00:00
autumnletters,1,2026-06-05T10:31:28+00:00
jaxhol,1,2026-06-05T10:31:28+00:00
eatmyashley,1,2026-06-05T10:31:28+00:00
kaylagrady,1,2026-06-05T10:31:28+00:00
sorayajo,1,2026-06-05T10:31:28+00:00
ifairuzzz,1,2026-06-05T10:31:28+00:00
natattooo,1,2026-06-05T10:31:28+00:00
mehzu,1,2026-06-05T10:31:28+00:00
ilikefilms_20,1,2026-06-05T10:31:28+00:00
pumarose72,1,2026-06-05T10:31:28+00:00
jcash5911,1,2026-06-05T10:31:28+00:00
natebennett15,1,2026-06-05T10:31:28+00:00
mitzifanpage9,1,2026-06-05T10:31:28+00:00
pruv,1,2026-06-05T10:31:28+00:00
the27man,1,2026-06-05T10:31:28+00:00
hillarymartnz,1,2026-06-05T10:31:28+00:00
teengall,1,2026-06-05T10:31:28+00:00
ferntfm,1,2026-06-05T10:31:28+00:00
solletico,1,2026-06-05T10:31:28+00:00
rakanb8,1,2026-06-05T10:31:28+00:00
mrsoutis27,1,2026-06-05T10:31:28+00:00
wian_wilson,1,2026-06-05T10:31:28+00:00
kazitasfia,1,2026-06-05T10:31:28+00:00
lubis09,1,2026-06-05T10:31:28+00:00
gusain,1,2026-06-05T10:31:28+00:00
stizell,1,2026-06-05T10:31:28+00:00
y_nsword,1,2026-06-05T10:31:28+00:00
sayesade,1,2026-06-05T10:31:28+00:00
louisebdr,1,2026-06-05T10:31:28+00:00
boopmysnoot1,1,2026-06-05T10:31:28+00:00
m0rt_ua_v1ta,1,2026-06-05T10:31:28+00:00
bchainzz,1,2026-06-05T10:31:28+00:00
lucaaas981,1,2026-06-05T10:31:28+00:00
kissedbylila,1,2026-06-05T10:31:28+00:00
binghwaifah,1,2026-06-05T10:31:28+00:00
djml58,1,2026-06-05T10:31:28+00:00
nohhham,1,2026-06-05T10:31:28+00:00
jujuolej,1,2026-06-05T10:31:28+00:00
forestfairyyy,1,2026-06-05T10:31:28+00:00
maddy_2001,1,2026-06-05T10:31:28+00:00
lortschki,1,2026-06-05T10:31:28+00:00
its_lex7,1,2026-06-05T10:31:28+00:00
miross777,1,2026-06-05T10:31:28+00:00
mysrek,1,2026-06-05T10:31:28+00:00
ashashsyf,1,2026-06-05T10:31:28+00:00
letmaxx,1,2026-06-05T10:31:28+00:00
simrib,1,2026-06-05T10:31:28+00:00
pisskink260,1,2026-06-05T10:31:28+00:00
dewxo0,1,2026-06-05T10:31:28+00:00
eduardo_rv,1,2026-06-05T10:31:28+00:00
koycheivanovich,1,2026-06-05T10:31:28+00:00
alekh_filmology,1,2026-06-05T10:31:28+00:00
nothamad,1,2026-06-05T10:31:28+00:00
romanattor,1,2026-06-05T10:31:28+00:00
emirhns,1,2026-06-05T10:31:28+00:00
raphmuirhead,1,2026-06-05T10:31:28+00:00
oniros304,1,2026-06-05T10:31:28+00:00
mfdommo,1,2026-06-05T10:31:28+00:00
wnmhkw7,1,2026-06-05T10:31:28+00:00
croccodiles,1,2026-06-05T10:31:28+00:00
rohanboi,1,2026-06-05T10:31:28+00:00
friscozio,1,2026-06-05T10:31:28+00:00
pintheworld,1,2026-06-05T10:31:28+00:00
tildaengvers,1,2026-06-05T10:31:28+00:00
ninifran,1,2026-06-05T10:31:28+00:00
rrt_a,1,2026-06-05T10:31:28+00:00
whimsicaly,1,2026-06-05T10:31:28+00:00
jin_cinema,1,2026-06-05T10:31:28+00:00
schierkefarnese,1,2026-06-05T10:31:28+00:00
erisgm,1,2026-06-05T10:31:28+00:00
rrrrqq88ll,1,2026-06-05T10:31:28+00:00
yltl,1,2026-06-05T10:31:28+00:00
arabi897,1,2026-06-05T10:31:28+00:00
_c1rvx_,1,2026-06-05T10:31:28+00:00
supcaitlin,1,2026-06-05T10:31:28+00:00
laurxluvya,1,2026-06-05T10:31:28+00:00
kr4ken7752,1,2026-06-05T10:31:28+00:00
irva,1,2026-06-05T10:31:28+00:00
stargiri,1,2026-06-05T10:31:28+00:00
alexm2001,1,2026-06-05T10:31:28+00:00
musicluverr,1,2026-06-05T10:31:28+00:00
tkatsu,1,2026-06-05T10:31:28+00:00
riomario,1,2026-06-05T10:31:28+00:00
hannanaa_a,1,2026-06-05T10:31:28+00:00
turtlechamp06,1,2026-06-05T10:31:28+00:00
dylarantino,1,2026-06-05T10:31:28+00:00
hugo_sga,1,2026-06-05T10:31:28+00:00
marina_elia,1,2026-06-05T10:31:28+00:00
hannah__grace,1,2026-06-05T10:31:28+00:00
timtamsahur,1,2026-06-05T10:31:28+00:00
brandonstedman,1,2026-06-05T10:31:28+00:00
danfreire,1,2026-06-05T10:31:28+00:00
txrzo,1,2026-06-05T10:31:28+00:00
karmacatena,1,2026-06-05T10:31:28+00:00
lucaslasquale,1,2026-06-05T10:31:28+00:00
cas_fra,1,2026-06-05T10:31:28+00:00
quan71200,1,2026-06-05T10:31:28+00:00
gatienjrt,1,2026-06-05T10:31:28+00:00
kadem0ss,1,2026-06-05T10:31:28+00:00
zephynir,1,2026-06-05T10:31:28+00:00
asianag,1,2026-06-05T10:31:28+00:00
spookysho,1,2026-06-05T10:31:28+00:00
titsss,1,2026-06-05T10:31:28+00:00
kasampaioc,1,2026-06-05T10:31:28+00:00
harangad,1,2026-06-05T10:31:28+00:00
pueblo__,1,2026-06-05T10:31:28+00:00
sadsoup666,1,2026-06-05T10:31:28+00:00
alymuggs,1,2026-06-05T10:31:28+00:00
sofifi765,1,2026-06-05T10:31:28+00:00
brysonmcgrew,1,2026-06-05T10:31:28+00:00
strewnberry,1,2026-06-05T10:31:28+00:00
alessiobiblio,1,2026-06-05T10:31:28+00:00
xavierszu,1,2026-06-05T10:31:28+00:00
yautja_0,1,2026-06-05T10:31:28+00:00
gogo38,1,2026-06-05T10:31:28+00:00
piyawat23,1,2026-06-05T10:31:28+00:00
virmyn,1,2026-06-05T10:31:28+00:00
drsandycheeks,1,2026-06-05T10:31:28+00:00
zmorrmovies,1,2026-06-05T10:31:28+00:00
katiethellama,1,2026-06-05T10:31:28+00:00
0xy2,1,2026-06-05T10:31:28+00:00
bluemondayze,1,2026-06-05T10:31:28+00:00
walwari,1,2026-06-05T10:31:28+00:00
kobeyorkster,1,2026-06-05T10:31:28+00:00
markvenom,1,2026-06-05T10:31:28+00:00
schmockel,1,2026-06-05T10:31:28+00:00
bburg10,1,2026-06-05T10:31:28+00:00
skeeziksdt,1,2026-06-05T10:31:28+00:00
bsmoke1222,1,2026-06-05T10:31:28+00:00
fonnorfust,1,2026-06-05T10:31:28+00:00
lukeyork,1,2026-06-05T10:31:28+00:00
paoloo1,1,2026-06-05T10:31:28+00:00
haiizeaqu,1,2026-06-05T10:31:28+00:00
judemcc1,1,2026-06-05T10:31:28+00:00
h4msters,1,2026-06-05T10:31:28+00:00
ellabednarek94,1,2026-06-05T10:31:28+00:00
vedagor,1,2026-06-05T10:31:28+00:00
latrellquisha,1,2026-06-05T10:31:28+00:00
oliviaenslow,1,2026-06-05T10:31:28+00:00
v1ll4in,1,2026-06-05T10:31:28+00:00
pansearman,1,2026-06-05T10:31:28+00:00
yoshsunny,1,2026-06-05T10:31:28+00:00
aaronarusso,1,2026-06-05T10:31:28+00:00
andidemaj,1,2026-06-05T10:31:28+00:00
danlukwil,1,2026-06-05T10:31:28+00:00
gabvxz,1,2026-06-05T10:31:28+00:00
zeppeli07,1,2026-06-05T10:31:28+00:00
jimbro4,1,2026-06-05T10:31:28+00:00
enmiul_is_dead,1,2026-06-05T10:31:28+00:00
sarahxoxoxo,1,2026-06-05T10:31:28+00:00
bro_dy00,1,2026-06-05T10:31:28+00:00
parenttte,1,2026-06-05T10:31:28+00:00
dever,1,2026-06-05T10:31:28+00:00
sk8_p4nk,1,2026-06-05T10:31:28+00:00
nando2103,1,2026-06-05T10:31:28+00:00
swilson19,1,2026-06-05T10:31:28+00:00
quimzee,1,2026-06-05T10:31:28+00:00
imalexpanzer,1,2026-06-05T10:31:28+00:00
sulkingirl,1,2026-06-05T10:31:28+00:00
kvslna,1,2026-06-05T10:31:28+00:00
jcokittyy,1,2026-06-05T10:31:28+00:00
xandooka,1,2026-06-05T10:31:28+00:00
douglas_calado,1,2026-06-05T10:31:28+00:00
snowy9332,1,2026-06-05T10:31:28+00:00
mc_philis,1,2026-06-05T10:31:28+00:00
mateuselsan,1,2026-06-05T10:31:28+00:00
0sit0t0,1,2026-06-05T10:31:28+00:00
nosferatu67,1,2026-06-05T10:31:28+00:00
headrionline,1,2026-06-05T10:31:28+00:00
liamb__,1,2026-06-05T10:31:28+00:00
4ntihero,1,2026-06-05T10:31:28+00:00
britox0,1,2026-06-05T10:31:28+00:00
davioceann,1,2026-06-05T10:31:28+00:00
envied,1,2026-06-05T10:31:28+00:00
ukeicinema64,1,2026-06-05T10:31:28+00:00
fr1ng3,1,2026-06-05T10:31:28+00:00
frasaboy12,1,2026-06-05T10:31:28+00:00
jeimeylin,1,2026-06-05T10:31:28+00:00
mjnichols,1,2026-06-05T10:31:28+00:00
veronicanichols,1,2026-06-05T10:31:28+00:00
chezzalozza,1,2026-06-05T10:31:28+00:00
tesseyz,1,2026-06-05T10:31:28+00:00
turtyslick,1,2026-06-05T10:31:28+00:00
lu_y,1,2026-06-05T10:31:28+00:00
2ji4ji0,1,2026-06-05T10:31:28+00:00
mclabg,1,2026-06-05T10:31:28+00:00
kaboosh16,1,2026-06-05T10:31:28+00:00
armelito92k,1,2026-06-05T10:31:28+00:00
el_loves_mov1es,1,2026-06-05T10:31:28+00:00
k1arusk4,1,2026-06-05T10:31:28+00:00
60rvu5,1,2026-06-05T10:31:28+00:00
jupp7,1,2026-06-05T10:31:28+00:00
lunar_frames,1,2026-06-05T10:31:28+00:00
luciana_lesna,1,2026-06-05T10:31:28+00:00
crimsonmoon_,1,2026-06-05T10:31:28+00:00
klsmmei,1,2026-06-05T10:31:28+00:00
ilkcx,1,2026-06-05T10:31:28+00:00
matty_g2011,1,2026-06-05T10:31:28+00:00
rossella_b,1,2026-06-05T10:31:28+00:00
rianadairova,1,2026-06-05T10:31:28+00:00
saurrrcream,1,2026-06-05T10:31:28+00:00
jzyaado,1,2026-06-05T10:31:28+00:00
alicemounier,1,2026-06-05T10:31:28+00:00
korra42069666,1,2026-06-05T10:31:28+00:00
gaayathrii,1,2026-06-05T10:31:28+00:00
ofercine,1,2026-06-05T10:31:28+00:00
kiesuri,1,2026-06-05T10:31:28+00:00
aurorek,1,2026-06-05T10:31:28+00:00
sxnkavii,1,2026-06-05T10:31:28+00:00
matteoortiz,1,2026-06-05T10:31:28+00:00
ewanjt,1,2026-06-05T10:31:28+00:00
midclnight,1,2026-06-05T10:31:28+00:00
lenasid,1,2026-06-05T10:31:28+00:00
snmss,1,2026-06-05T10:31:28+00:00
colehearteddd,1,2026-06-05T10:31:28+00:00
swisteria,1,2026-06-05T10:31:28+00:00
itsbittersuite,1,2026-06-05T10:31:28+00:00
llman,1,2026-06-05T10:31:28+00:00
aisakii,1,2026-06-05T10:31:28+00:00
pnutridhima,1,2026-06-05T10:31:28+00:00
luvliz_aurora,1,2026-06-05T10:31:28+00:00
eternalbride,1,2026-06-05T10:31:28+00:00
qiiesf,1,2026-06-05T10:31:28+00:00
z0siula,1,2026-06-05T10:31:28+00:00
taychaun,1,2026-06-05T10:31:28+00:00
zilulatu,1,2026-06-05T10:31:28+00:00
pakpinya,1,2026-06-05T10:31:28+00:00
hemankbajaj,1,2026-06-05T10:31:28+00:00
carielin,1,2026-06-05T10:31:28+00:00
yaamin,1,2026-06-05T10:31:28+00:00
z5mbieskull,1,2026-06-05T10:31:28+00:00
jake_chew,1,2026-06-05T10:31:28+00:00
anneshaaaaa,1,2026-06-05T10:31:28+00:00
angelophilia,1,2026-06-05T10:31:28+00:00
aaronbradshaww,1,2026-06-05T10:31:28+00:00
tref_,1,2026-06-05T10:31:28+00:00
mooviy,1,2026-06-05T10:31:28+00:00
nurikaaa,1,2026-06-05T10:31:28+00:00
sheskie,1,2026-06-05T10:31:28+00:00
oliviaglsss,1,2026-06-05T10:31:28+00:00
paulcinephile84,1,2026-06-05T10:31:28+00:00
sanjana_sunil,1,2026-06-05T10:31:28+00:00
kriishhaa,1,2026-06-05T10:31:28+00:00
tylerskywalker,1,2026-06-05T10:31:28+00:00
sylvantisd,1,2026-06-05T10:31:28+00:00
ikkoala,1,2026-06-05T10:31:28+00:00
mountainned,1,2026-06-05T10:31:28+00:00
pierrelaurent,1,2026-06-05T10:31:28+00:00
_h4554n__,1,2026-06-05T10:31:28+00:00
syahrani,1,2026-06-05T10:31:28+00:00
heliyakhansefid,1,2026-06-05T10:31:28+00:00
melmiau,1,2026-06-05T10:31:28+00:00
soph_star,1,2026-06-05T10:31:28+00:00
cafunezip,1,2026-06-05T10:31:28+00:00
zuzzok,1,2026-06-05T10:31:28+00:00
lambojoe,1,2026-06-05T10:31:28+00:00
shoji003,1,2026-06-05T10:31:28+00:00
cyrilthomas,1,2026-06-05T10:31:28+00:00
chloveesqwlv,1,2026-06-05T10:31:28+00:00
tartaborowkowa,1,2026-06-05T10:31:28+00:00
propergremlin,1,2026-06-05T10:31:28+00:00
vampire_queen_,1,2026-06-05T10:31:28+00:00
mldvd,1,2026-06-05T10:31:28+00:00
iramishra_,1,2026-06-05T10:31:28+00:00
supershymomma,1,2026-06-05T10:31:28+00:00
olti28,1,2026-06-05T10:31:28+00:00
maysingawsapepe,1,2026-06-05T10:31:28+00:00
shrishtee,1,2026-06-05T10:31:28+00:00
kornelius69,1,2026-06-05T10:31:28+00:00
ava_cst03,1,2026-06-05T10:31:28+00:00
nightapollo,1,2026-06-05T10:31:28+00:00
moviemaxwatches,1,2026-06-05T10:31:28+00:00
willmona,1,2026-06-05T10:31:28+00:00
wtffkaii,1,2026-06-05T10:31:28+00:00
evrodrigwes,1,2026-06-05T10:31:28+00:00
yara2906,1,2026-06-05T10:31:28+00:00
aryan_80,1,2026-06-05T10:31:28+00:00
alperen128383,1,2026-06-05T10:31:28+00:00
ghax4,1,2026-06-05T10:31:28+00:00
mbar_,1,2026-06-05T10:31:28+00:00
swagstains,1,2026-06-05T10:31:28+00:00
benene11,1,2026-06-05T10:31:28+00:00
vignesh1001,1,2026-06-05T10:31:28+00:00
lalakz98,1,2026-06-05T10:31:28+00:00
cheisiee,1,2026-06-05T10:31:28+00:00
ilovecereall,1,2026-06-05T10:31:28+00:00
rociovallor,1,2026-06-05T10:31:28+00:00
aryamasarkar,1,2026-06-05T10:31:28+00:00
tinhphuong,1,2026-06-05T10:31:28+00:00
gnom3_,1,2026-06-05T10:31:28+00:00
meryamtv8,1,2026-06-05T10:31:28+00:00
t4hi3l,1,2026-06-05T10:31:28+00:00
sinthyasin,1,2026-06-05T10:31:28+00:00
smrithiwtf,1,2026-06-05T10:31:28+00:00
rintsee,1,2026-06-05T10:31:28+00:00
katheryn_zhou,1,2026-06-05T10:31:28+00:00
sanjsees,1,2026-06-05T10:31:28+00:00
vichyy_,1,2026-06-05T10:31:28+00:00
armaanboi,1,2026-06-05T10:31:28+00:00
triggeredjoce,1,2026-06-05T10:31:28+00:00
tyr4u,1,2026-06-05T10:31:28+00:00
avamcgarity,1,2026-06-05T10:31:28+00:00
mxtchatwirls,1,2026-06-05T10:31:28+00:00
nguynora,1,2026-06-05T10:31:28+00:00
nolongerhuman24,1,2026-06-05T10:31:28+00:00
grmpn,1,2026-06-05T10:31:28+00:00
forg_pigeon,1,2026-06-05T10:31:28+00:00
ethanevil,1,2026-06-05T10:31:28+00:00
enochols3332,1,2026-06-05T10:31:28+00:00
rendzvois,1,2026-06-05T10:31:28+00:00
lordofmeowness,1,2026-06-05T10:31:28+00:00
elizabethgaa,1,2026-06-05T10:31:28+00:00
mj4007,1,2026-06-05T10:31:28+00:00
ylppzz,1,2026-06-05T10:31:28+00:00
kaefrfr,1,2026-06-05T10:31:28+00:00
finnimp4,1,2026-06-05T10:31:28+00:00
csmicsin,1,2026-06-05T10:31:28+00:00
ra9pilled,1,2026-06-05T10:31:28+00:00
sheloveshim,1,2026-06-05T10:31:28+00:00
dennydevito,1,2026-06-05T10:31:28+00:00
lisanah,1,2026-06-05T10:31:28+00:00
z1xasq16,1,2026-06-05T10:31:28+00:00
lululefantastik,1,2026-06-05T10:31:28+00:00
amimiwa,1,2026-06-05T10:31:28+00:00
kittyxmer,1,2026-06-05T10:31:28+00:00
a1naa_,1,2026-06-05T10:31:28+00:00
taylormary615,1,2026-06-05T10:31:28+00:00
akylix,1,2026-06-05T10:31:28+00:00
prexekuda,1,2026-06-05T10:31:28+00:00
ebay0444,1,2026-06-05T10:31:28+00:00
fodoo,1,2026-06-05T10:31:28+00:00
antikuupid,1,2026-06-05T10:31:28+00:00
axxxuan,1,2026-06-05T10:31:28+00:00
luoyingle2,1,2026-06-05T10:31:28+00:00
condum,1,2026-06-05T10:31:28+00:00
ejze,1,2026-06-05T10:31:28+00:00
dollescense,1,2026-06-05T10:31:28+00:00
raiey,1,2026-06-05T10:31:28+00:00
c0dyrit4,1,2026-06-05T10:31:28+00:00
csprichard23,1,2026-06-05T10:31:28+00:00
naailyouv,1,2026-06-05T10:31:28+00:00
json18,1,2026-06-05T10:31:28+00:00
mayanmovies,1,2026-06-05T10:31:28+00:00
rvvdyswife,1,2026-06-05T10:31:28+00:00
addynicoleee,1,2026-06-05T10:31:28+00:00
seokein,1,2026-06-05T10:31:28+00:00
monenenet_ze_1,1,2026-06-05T10:31:28+00:00
nbk13,1,2026-06-05T10:31:28+00:00
junior_dz7,1,2026-06-05T10:31:28+00:00
melaninman,1,2026-06-05T10:31:28+00:00
bruvh,1,2026-06-05T10:31:28+00:00
coopsahoy1,1,2026-06-05T10:31:28+00:00
boogietyme,1,2026-06-05T10:31:28+00:00
blooooooob,1,2026-06-05T10:31:28+00:00
kiwiluvri,1,2026-06-05T10:31:28+00:00
martinss021,1,2026-06-05T10:31:28+00:00
ruruukw,1,2026-06-05T10:31:28+00:00
kirawraith,1,2026-06-05T10:31:28+00:00
lulii22_,1,2026-06-05T10:31:28+00:00
harmony_y,1,2026-06-05T10:31:28+00:00
useriscranky,1,2026-06-05T10:31:28+00:00
yve0707,1,2026-06-05T10:31:28+00:00
roori_47u,1,2026-06-05T10:31:28+00:00
soareszinnn,1,2026-06-05T10:31:28+00:00
ayesuuut,1,2026-06-05T10:31:28+00:00
solskenmoi,1,2026-06-05T10:31:28+00:00
cindyschelvis,1,2026-06-05T10:31:28+00:00
priyanegi21,1,2026-06-05T10:31:28+00:00
wizardblaz,1,2026-06-05T10:31:28+00:00
bellesfilms,1,2026-06-05T10:31:28+00:00
arenzoc,1,2026-06-05T10:31:28+00:00
uhgnunyabiz,1,2026-06-05T10:31:28+00:00
niamhviolet,1,2026-06-05T10:31:28+00:00
nainsiscrazy,1,2026-06-05T10:31:28+00:00
maximum_pain,1,2026-06-05T10:31:28+00:00
calcaveurs,1,2026-06-05T10:31:28+00:00
divinehag,1,2026-06-05T10:31:28+00:00
amaliafl,1,2026-06-05T10:31:28+00:00
boneeater,1,2026-06-05T10:31:28+00:00
btargayen,1,2026-06-05T10:31:28+00:00
covey09,1,2026-06-05T10:31:28+00:00
ialebh,1,2026-06-05T10:31:28+00:00
maysie27,1,2026-06-05T10:31:28+00:00
ludiniz,1,2026-06-05T10:31:28+00:00
evie212,1,2026-06-05T10:31:28+00:00
aysbwah,1,2026-06-05T10:31:28+00:00
maii_trn,1,2026-06-05T10:31:28+00:00
seeuleila,1,2026-06-05T10:31:28+00:00
pilrroro,1,2026-06-05T10:31:28+00:00
lizznwonderland,1,2026-06-05T10:31:28+00:00
hikqari,1,2026-06-05T10:31:28+00:00
berryryuk,1,2026-06-05T10:31:28+00:00
trall,1,2026-06-05T10:31:28+00:00
damirai,1,2026-06-05T10:31:28+00:00
pescstuort,1,2026-06-05T10:31:28+00:00
luvnisah,1,2026-06-05T10:31:28+00:00
thisaraneo,1,2026-06-05T10:31:28+00:00
gigglyenn,1,2026-06-05T10:31:28+00:00
bunnibles,1,2026-06-05T10:31:28+00:00
cattariiinna,1,2026-06-05T10:31:28+00:00
ulisesdelsjo,1,2026-06-05T10:31:28+00:00
nenkbajay,1,2026-06-05T10:31:28+00:00
dremmiee,1,2026-06-05T10:31:28+00:00
angela_madridd,1,2026-06-05T10:31:28+00:00
mleszczynskv,1,2026-06-05T10:31:28+00:00
lazuili,1,2026-06-05T10:31:28+00:00
kke_ana,1,2026-06-05T10:31:28+00:00
elinsanowa,1,2026-06-05T10:31:28+00:00
erick2240,1,2026-06-05T10:31:28+00:00
clairissole,1,2026-06-05T10:31:28+00:00
ellenr1pley,1,2026-06-05T10:31:28+00:00
reveinamore,1,2026-06-05T10:31:28+00:00
claus0108,1,2026-06-05T10:31:28+00:00
charlieburns12,1,2026-06-05T10:31:28+00:00
ethanxcv,1,2026-06-05T10:31:28+00:00
rengzm_,1,2026-06-05T10:31:28+00:00
joaovppd,1,2026-06-05T10:31:28+00:00
equingg,1,2026-06-05T10:31:28+00:00
rf5522,1,2026-06-05T10:31:28+00:00
toelicker78,1,2026-06-05T10:31:28+00:00
s4llmaa,1,2026-06-05T10:31:28+00:00
sensitv3,1,2026-06-05T10:31:28+00:00
diyar04,1,2026-06-05T10:31:28+00:00
heidennnone,1,2026-06-05T10:31:28+00:00
hanmazeu,1,2026-06-05T10:31:28+00:00
fishielover,1,2026-06-05T10:31:28+00:00
hugobrun,1,2026-06-05T10:31:28+00:00
lane3,1,2026-06-05T10:31:28+00:00
amarec17,1,2026-06-05T10:31:28+00:00
georgehbutler,1,2026-06-05T10:31:28+00:00
baptisteb31,1,2026-06-05T10:31:28+00:00
jackcbh,1,2026-06-05T10:31:28+00:00
purple_power432,1,2026-06-05T10:31:28+00:00
hooperinho,1,2026-06-05T10:31:28+00:00
cassiavicelli,1,2026-06-05T10:31:28+00:00
jdnflxra,1,2026-06-05T10:31:28+00:00
r0kun,1,2026-06-05T10:31:28+00:00
nareully,1,2026-06-05T10:31:28+00:00
anr4ng,1,2026-06-05T10:31:28+00:00
aymenahsann,1,2026-06-05T10:31:28+00:00
mr_cliv3,1,2026-06-05T10:31:28+00:00
g00nkunb,1,2026-06-05T10:31:28+00:00
antosiek123,1,2026-06-05T10:31:28+00:00
weirdboy,1,2026-06-05T10:31:28+00:00
nancyamarr,1,2026-06-05T10:31:28+00:00
meowcatbb,1,2026-06-05T10:31:28+00:00
withnoa,1,2026-06-05T10:31:28+00:00
1tthou,1,2026-06-05T10:31:28+00:00
shadtoside,1,2026-06-05T10:31:28+00:00
emcckaaa,1,2026-06-05T10:31:28+00:00
rogenedgaf,1,2026-06-05T10:31:28+00:00
krzychutoziomal,1,2026-06-05T10:31:28+00:00
lenag29,1,2026-06-05T10:31:28+00:00
suresh_p,1,2026-06-05T10:31:28+00:00
vesth,1,2026-06-05T10:31:28+00:00
lowkrowbky,1,2026-06-05T10:31:28+00:00
floxii2,1,2026-06-05T10:31:28+00:00
am_ns,1,2026-06-05T10:31:28+00:00
oliverbrasan,1,2026-06-05T10:31:28+00:00
jaannnn,1,2026-06-05T10:31:28+00:00
sandan542,1,2026-06-05T10:31:28+00:00
lenaluk,1,2026-06-05T10:31:28+00:00
lalucia300,1,2026-06-05T10:31:28+00:00
aeerysss,1,2026-06-05T10:31:28+00:00
lisasprdt,1,2026-06-05T10:31:28+00:00
awekboxoffice08,1,2026-06-05T10:31:28+00:00
fatitaa,1,2026-06-05T10:31:28+00:00
kkomarovsky,1,2026-06-05T10:31:28+00:00
sensoman,1,2026-06-05T10:31:28+00:00
piaowowow,1,2026-06-05T10:31:28+00:00
zacctheracc,1,2026-06-05T10:31:28+00:00
rosieee_5,1,2026-06-05T10:31:28+00:00
nylaflynn,1,2026-06-05T10:31:28+00:00
dvssxtrvv,1,2026-06-05T10:31:28+00:00
lilly_massey,1,2026-06-05T10:31:28+00:00
siouxsietxt,1,2026-06-05T10:31:28+00:00
alexmrie,1,2026-06-05T10:31:28+00:00
kil4ic,1,2026-06-05T10:31:28+00:00
jbzrb,1,2026-06-05T10:31:28+00:00
heryerde,1,2026-06-05T10:31:28+00:00
yayaki,1,2026-06-05T10:31:28+00:00
beacrick,1,2026-06-05T10:31:28+00:00
seiya21,1,2026-06-05T10:31:28+00:00
mmaikko,1,2026-06-05T10:31:28+00:00
vibethief,1,2026-06-05T10:31:28+00:00
soyrogelio,1,2026-06-05T10:31:28+00:00
aisyus,1,2026-06-05T10:31:28+00:00
santilk,1,2026-06-05T10:31:28+00:00
yupal,1,2026-06-05T10:31:28+00:00
marichoxeli,1,2026-06-05T10:31:28+00:00
sabariverse,1,2026-06-05T10:31:28+00:00
eemmaes,1,2026-06-05T10:31:28+00:00
melindajoy,1,2026-06-05T10:31:28+00:00
kaischmai,1,2026-06-05T10:31:28+00:00
karakartal,1,2026-06-05T10:31:28+00:00
aubreymarak,1,2026-06-05T10:31:28+00:00
damianvex,1,2026-06-05T10:31:28+00:00
jjotaa_,1,2026-06-05T10:31:28+00:00
giga51,1,2026-06-05T10:31:28+00:00
bach1206,1,2026-06-05T10:31:28+00:00
ericnoh,1,2026-06-05T10:31:28+00:00
haeis,1,2026-06-05T10:31:28+00:00
restinsolitary,1,2026-06-05T10:31:28+00:00
hughbert73,1,2026-06-05T10:31:28+00:00
sst4rg1rl_,1,2026-06-05T10:31:28+00:00
jazz999999999,1,2026-06-05T10:31:28+00:00
divyasuthar,1,2026-06-05T10:31:28+00:00
kathster,1,2026-06-05T10:31:28+00:00
sshinramen,1,2026-06-05T10:31:28+00:00
shehabin,1,2026-06-05T10:31:28+00:00
50nryy,1,2026-06-05T10:31:28+00:00
itsbgn,1,2026-06-05T10:31:28+00:00
yatzii_j,1,2026-06-05T10:31:28+00:00
andreamar22,1,2026-06-05T10:31:28+00:00
ellahaseldine,1,2026-06-05T10:31:28+00:00
chat_ami,1,2026-06-05T10:31:28+00:00
mrsnrdyu,1,2026-06-05T10:31:28+00:00
jamphel_,1,2026-06-05T10:31:28+00:00
emman0331,1,2026-06-05T10:31:28+00:00
biaski,1,2026-06-05T10:31:28+00:00
achighs07,1,2026-06-05T10:31:28+00:00
erchpen,1,2026-06-05T10:31:28+00:00
macc_07,1,2026-06-05T10:31:28+00:00
sszndm,1,2026-06-05T10:31:28+00:00
swastimovies,1,2026-06-05T10:31:28+00:00
loveriluf,1,2026-06-05T10:31:28+00:00
maglajax,1,2026-06-05T10:31:28+00:00
tartigrade,1,2026-06-05T10:31:28+00:00
dzulxm,1,2026-06-05T10:31:28+00:00
asherhc1228,1,2026-06-05T10:31:28+00:00
imbanana,1,2026-06-05T10:31:28+00:00
dannita777,1,2026-06-05T10:31:28+00:00
quibley,1,2026-06-05T10:31:28+00:00
thomyrbl,1,2026-06-05T10:31:28+00:00
beigelemon,1,2026-06-05T10:31:28+00:00
alisaskaya,1,2026-06-05T10:31:28+00:00
manish_waldia,1,2026-06-05T10:31:28+00:00
ernestt_,1,2026-06-05T10:31:28+00:00
otsukare,1,2026-06-05T10:31:28+00:00
angelosti,1,2026-06-05T10:31:28+00:00
wassimyy,1,2026-06-05T10:31:28+00:00
aubinp,1,2026-06-05T10:31:28+00:00
limonuchi,1,2026-06-05T10:31:28+00:00
camihofi,1,2026-06-05T10:31:28+00:00
yanshii,1,2026-06-05T10:31:28+00:00
annfgm,1,2026-06-05T10:31:28+00:00
kaedox,1,2026-06-05T10:31:28+00:00
manuel_carti,1,2026-06-05T10:31:28+00:00
hanielei,1,2026-06-05T10:31:28+00:00
thebigbug,1,2026-06-05T10:31:28+00:00
frankinsuace,1,2026-06-05T10:31:28+00:00
brujaenoctubre,1,2026-06-05T10:31:28+00:00
dynamic_truck,1,2026-06-05T10:31:28+00:00
karlaftdt,1,2026-06-05T10:31:28+00:00
jkmin7,1,2026-06-05T10:31:28+00:00
miguel_25,1,2026-06-05T10:31:28+00:00
briyi__,1,2026-06-05T10:31:28+00:00
gohuleo,1,2026-06-05T10:31:28+00:00
kirbylifts,1,2026-06-05T10:31:28+00:00
bbsophsworld,1,2026-06-05T10:31:28+00:00
suz3300,1,2026-06-05T10:31:28+00:00
cazbro,1,2026-06-05T10:31:28+00:00
x3butterfly,1,2026-06-05T10:31:28+00:00
satorigian,1,2026-06-05T10:31:28+00:00
aleksandrakr,1,2026-06-05T10:31:28+00:00
ztevetime,1,2026-06-05T10:31:28+00:00
kontora,1,2026-06-05T10:31:28+00:00
siooobhan,1,2026-06-05T10:31:28+00:00
mjjwlover,1,2026-06-05T10:31:28+00:00
takujl,1,2026-06-05T10:31:28+00:00
bdill0n,1,2026-06-05T10:31:28+00:00
onionman12,1,2026-06-05T10:31:28+00:00
cgrueber,1,2026-06-05T10:31:28+00:00
frantasmic,1,2026-06-05T10:31:28+00:00
ghinaaladwan,1,2026-06-05T10:31:28+00:00
pryngols,1,2026-06-05T10:31:28+00:00
a2ttic,1,2026-06-05T10:31:28+00:00
axelmary13,1,2026-06-05T10:31:28+00:00
blblblmilo0,1,2026-06-05T10:31:28+00:00
aliyanikita,1,2026-06-05T10:31:28+00:00
ihatecigarettes,1,2026-06-05T10:31:28+00:00
sciguycool,1,2026-06-05T10:31:28+00:00
f4raway,1,2026-06-05T10:31:28+00:00
padampiriyan,1,2026-06-05T10:31:28+00:00
kaislap,1,2026-06-05T10:31:28+00:00
joeytate,1,2026-06-05T10:31:28+00:00
zxttp1,1,2026-06-05T10:31:28+00:00
titouan_malice,1,2026-06-05T10:31:28+00:00
laurieje,1,2026-06-05T10:31:28+00:00
maliwhooo,1,2026-06-05T10:31:28+00:00
fahvris,1,2026-06-05T10:31:28+00:00
dpage,1,2026-06-05T10:31:28+00:00
inf111,1,2026-06-05T10:31:28+00:00
matakevin,1,2026-06-05T10:31:28+00:00
marsafon,1,2026-06-05T10:31:28+00:00
toniounemployed,1,2026-06-05T10:31:28+00:00
amiwoj,1,2026-06-05T10:31:28+00:00
lorenkarschnia,1,2026-06-05T10:31:28+00:00
duskfon,1,2026-06-05T10:31:28+00:00
0nly4ngel_,1,2026-06-05T10:31:28+00:00
banad17,1,2026-06-05T10:31:28+00:00
ufiyy,1,2026-06-05T10:31:28+00:00
zielvstheworld,1,2026-06-05T10:31:28+00:00
goncaaltintas,1,2026-06-05T10:31:28+00:00
alicesnovel,1,2026-06-05T10:31:28+00:00
katztalking,1,2026-06-05T10:31:28+00:00
mustang_the,1,2026-06-05T10:31:28+00:00
vanderlindy,1,2026-06-05T10:31:28+00:00
ro_ei,1,2026-06-05T10:31:28+00:00
mateuspeg_,1,2026-06-05T10:31:28+00:00
zw3li,1,2026-06-05T10:31:28+00:00
skylarkaythomas,1,2026-06-05T10:31:28+00:00
eyedoubleyou,1,2026-06-05T10:31:28+00:00
earlynovember,1,2026-06-05T10:31:28+00:00
scarletteviex,1,2026-06-05T10:31:28+00:00
couldntbemii,1,2026-06-05T10:31:28+00:00
sarahc988,1,2026-06-05T10:31:28+00:00
zey000,1,2026-06-05T10:31:28+00:00
redhood3308,1,2026-06-05T10:31:28+00:00
abhideepsinha,1,2026-06-05T10:31:28+00:00
ellemorris1,1,2026-06-05T10:31:28+00:00
robbanb,1,2026-06-05T10:31:28+00:00
erikxleb,1,2026-06-05T10:31:28+00:00
fawwazurraiq,1,2026-06-05T10:31:28+00:00
leanx1,1,2026-06-05T10:31:28+00:00
kichok,1,2026-06-05T10:31:28+00:00
bill_likesfilm,1,2026-06-05T10:31:28+00:00
brooklyn_cox,1,2026-06-05T10:31:28+00:00
rharrymaguire,1,2026-06-05T10:31:28+00:00
in_f1ame5,1,2026-06-05T10:31:28+00:00
ronangaa,1,2026-06-05T10:31:28+00:00
n1k_a0c,1,2026-06-05T10:31:28+00:00
anthoybrie,1,2026-06-05T10:31:28+00:00
y_3na,1,2026-06-05T10:31:28+00:00
hodanren,1,2026-06-05T10:31:28+00:00
sophfiey,1,2026-06-05T10:31:28+00:00
auriio,1,2026-06-05T10:31:28+00:00
cesar_daniel,1,2026-06-05T10:31:28+00:00
anshullmao,1,2026-06-05T10:31:28+00:00
krishlvuu,1,2026-06-05T10:31:28+00:00
buddy0,1,2026-06-05T10:31:28+00:00
opheliaajade,1,2026-06-05T10:31:28+00:00
scubiscubi,1,2026-06-05T10:31:28+00:00
barakra_,1,2026-06-05T10:31:28+00:00
khnysaa,1,2026-06-05T10:31:28+00:00
lile_nn,1,2026-06-05T10:31:28+00:00
raunakism,1,2026-06-05T10:31:28+00:00
ethiopiancowboy,1,2026-06-05T10:31:28+00:00
craja,1,2026-06-05T10:31:28+00:00
bearskinrick,1,2026-06-05T10:31:28+00:00
davidsmither,1,2026-06-05T10:31:28+00:00
howsweett,1,2026-06-05T10:31:28+00:00
anet_bobrova,1,2026-06-05T10:31:28+00:00
peterfaber,1,2026-06-05T10:31:28+00:00
caterinabm,1,2026-06-05T10:31:28+00:00
finubin,1,2026-06-05T10:31:28+00:00
everevyn,1,2026-06-05T10:31:28+00:00
addusername0,1,2026-06-05T10:31:28+00:00
johnsutherland,1,2026-06-05T10:31:28+00:00
cowboylikemela,1,2026-06-05T10:31:28+00:00
fatimadhilah,1,2026-06-05T10:31:28+00:00
cheesedawg224,1,2026-06-05T10:31:28+00:00
mybluehawaii,1,2026-06-05T10:31:28+00:00
chalichalidaa,1,2026-06-05T10:31:28+00:00
y13ot7,1,2026-06-05T10:31:28+00:00
sammaramenezes,1,2026-06-05T10:31:28+00:00
antolok,1,2026-06-05T10:31:28+00:00
liamnaughton,1,2026-06-05T10:31:28+00:00
strng,1,2026-06-05T10:31:28+00:00
liinoo__,1,2026-06-05T10:31:28+00:00
peofke,1,2026-06-05T10:31:28+00:00
ouagadougou43,1,2026-06-05T10:31:28+00:00
jancio0,1,2026-06-05T10:31:28+00:00
ninaaa_everdeen,1,2026-06-05T10:31:28+00:00
faroukadk,1,2026-06-05T10:31:28+00:00
dicte_01,1,2026-06-05T10:31:28+00:00
shelby_mcd143,1,2026-06-05T10:31:28+00:00
elisagotfriends,1,2026-06-05T10:31:28+00:00
martaxx7,1,2026-06-05T10:31:28+00:00
lunafrxncesca,1,2026-06-05T10:31:28+00:00
perfidiabhills,1,2026-06-05T10:31:28+00:00
julierie,1,2026-06-05T10:31:28+00:00
nezhacoffee,1,2026-06-05T10:31:28+00:00
strahlex_,1,2026-06-05T10:31:28+00:00
iaia06,1,2026-06-05T10:31:28+00:00
juanamaffei05,1,2026-06-05T10:31:28+00:00
niiwx4,1,2026-06-05T10:31:28+00:00
geggy_,1,2026-06-05T10:31:28+00:00
aaronsequel,1,2026-06-05T10:31:28+00:00
thechinema,1,2026-06-05T10:31:28+00:00
ziyad_7,1,2026-06-05T10:31:28+00:00
laurajne333,1,2026-06-05T10:31:28+00:00
sushixi,1,2026-06-05T10:31:28+00:00
hard2sleep,1,2026-06-05T10:31:28+00:00
vibhor137,1,2026-06-05T10:31:28+00:00
alvaritoyferxoo,1,2026-06-05T10:31:28+00:00
edoingrassia,1,2026-06-05T10:31:28+00:00
ray11s,1,2026-06-05T10:31:28+00:00
scaryangel,1,2026-06-05T10:31:28+00:00
anthaavw,1,2026-06-05T10:31:28+00:00
weejok10,1,2026-06-05T10:31:28+00:00
jividhamor,1,2026-06-05T10:31:28+00:00
nabzchiken,1,2026-06-05T10:31:28+00:00
chloe0505,1,2026-06-05T10:31:28+00:00
klompie,1,2026-06-05T10:31:28+00:00
j_sxmbra,1,2026-06-05T10:31:28+00:00
jara_07,1,2026-06-05T10:31:28+00:00
otaviomonquelat,1,2026-06-05T10:31:28+00:00
zs09,1,2026-06-05T10:31:28+00:00
bubblyharp,1,2026-06-05T10:31:28+00:00
rickyfarina,1,2026-06-05T10:31:28+00:00
vsnadis,1,2026-06-05T10:31:28+00:00
whcenthusiast,1,2026-06-05T10:31:28+00:00
mosope419,1,2026-06-05T10:31:28+00:00
fathiy,1,2026-06-05T10:31:28+00:00
zzzrraaaa,1,2026-06-05T10:31:28+00:00
danipio,1,2026-06-05T10:31:28+00:00
eln1no,1,2026-06-05T10:31:28+00:00
m4verick141,1,2026-06-05T10:31:28+00:00
marjoriela13,1,2026-06-05T10:31:28+00:00
coracorman,1,2026-06-05T10:31:28+00:00
reuileogg,1,2026-06-05T10:31:28+00:00
paulaespp,1,2026-06-05T10:31:28+00:00
durimo,1,2026-06-05T10:31:28+00:00
hazi__,1,2026-06-05T10:31:28+00:00
pansgods,1,2026-06-05T10:31:28+00:00
magicalcameron,1,2026-06-05T10:31:28+00:00
ajtopel2003,1,2026-06-05T10:31:28+00:00
toebus,1,2026-06-05T10:31:28+00:00
elisaprada,1,2026-06-05T10:31:28+00:00
kristalk11,1,2026-06-05T10:31:28+00:00
ylan_lpb,1,2026-06-05T10:31:28+00:00
khushinarula24,1,2026-06-05T10:31:28+00:00
dhad_,1,2026-06-05T10:31:28+00:00
lauvnrll,1,2026-06-05T10:31:28+00:00
simo06,1,2026-06-05T10:31:28+00:00
nn1vii,1,2026-06-05T10:31:28+00:00
francispicasso,1,2026-06-05T10:31:28+00:00
laramina,1,2026-06-05T10:31:28+00:00
giavi96,1,2026-06-05T10:31:28+00:00
thinknotspeak,1,2026-06-05T10:31:28+00:00
lounl,1,2026-06-05T10:31:28+00:00
srijansinghgaur,1,2026-06-05T10:31:28+00:00
akanayrowe23,1,2026-06-05T10:31:28+00:00
nana829,1,2026-06-05T10:31:28+00:00
mvkpd,1,2026-06-05T10:31:28+00:00
dejno,1,2026-06-05T10:31:28+00:00
goesaurus,1,2026-06-05T10:31:28+00:00
tonniily,1,2026-06-05T10:31:28+00:00
faith_blen4028,1,2026-06-05T10:31:28+00:00
desararara,1,2026-06-05T10:31:28+00:00
farelvan,1,2026-06-05T10:31:28+00:00
lucabuckingham,1,2026-06-05T10:31:28+00:00
gabij33_,1,2026-06-05T10:31:28+00:00
mickeymchicken,1,2026-06-05T10:31:28+00:00
stopan,1,2026-06-05T10:31:28+00:00
loggieboggie,1,2026-06-05T10:31:28+00:00
cahsantt,1,2026-06-05T10:31:28+00:00
charliebrown42,1,2026-06-05T10:31:28+00:00
lilyjjj38,1,2026-06-05T10:31:28+00:00
ana_snr,1,2026-06-05T10:31:28+00:00
arthurplank,1,2026-06-05T10:31:28+00:00
luckpluck,1,2026-06-05T10:31:28+00:00
mickeyjazz,1,2026-06-05T10:31:28+00:00
jadethegoaty,1,2026-06-05T10:31:28+00:00
bigdawgbignuts,1,2026-06-05T10:31:28+00:00
flixieness,1,2026-06-05T10:31:28+00:00
yara_bielen,1,2026-06-05T10:31:28+00:00
andrewmad,1,2026-06-05T10:31:28+00:00
shf_m,1,2026-06-05T10:31:28+00:00
wafflecat135,1,2026-06-05T10:31:28+00:00
terroncitopro,1,2026-06-05T10:31:28+00:00
cheetazeus,1,2026-06-05T10:31:28+00:00
elenasmovies00,1,2026-06-05T10:31:28+00:00
kawaiipirate,1,2026-06-05T10:31:28+00:00
melodyunu,1,2026-06-05T10:31:28+00:00
n3zfruta,1,2026-06-05T10:31:28+00:00
leo_scandola,1,2026-06-05T10:31:28+00:00
chinaski1983,1,2026-06-05T10:31:28+00:00
halfmeant,1,2026-06-05T10:31:28+00:00
fokinio,1,2026-06-05T10:31:28+00:00
peppacheng,1,2026-06-05T10:31:28+00:00
se1ljaku,1,2026-06-05T10:31:28+00:00
masalapodi7,1,2026-06-05T10:31:28+00:00
cruve,1,2026-06-05T10:31:28+00:00
tgwdlm,1,2026-06-05T10:31:28+00:00
92si15h,1,2026-06-05T10:31:28+00:00
khurram1,1,2026-06-05T10:31:28+00:00
ririuchu,1,2026-06-05T10:31:28+00:00
wyrem,1,2026-06-05T10:31:28+00:00
julietteschke,1,2026-06-05T10:31:28+00:00
jmarshman,1,2026-06-05T10:31:28+00:00
taliafolos,1,2026-06-05T10:31:28+00:00
adham_42,1,2026-06-05T10:31:28+00:00
sajedada,1,2026-06-05T10:31:28+00:00
drakes12,1,2026-06-05T10:31:28+00:00
rishugotfunded,1,2026-06-05T10:31:28+00:00
bluphobic,1,2026-06-05T10:31:28+00:00
zarnigar,1,2026-06-05T10:31:28+00:00
jessicawinston,1,2026-06-05T10:31:28+00:00
toaog,1,2026-06-05T10:31:28+00:00
dudeoji,1,2026-06-05T10:31:28+00:00
dmberegszaszi,1,2026-06-05T10:31:28+00:00
bubb1eblub,1,2026-06-05T10:31:28+00:00
peepiercy,1,2026-06-05T10:31:28+00:00
auberin22,1,2026-06-05T10:31:28+00:00
awrida,1,2026-06-05T10:31:28+00:00
rvfv47,1,2026-06-05T10:31:28+00:00
cinnamongirl000,1,2026-06-05T10:31:28+00:00
hellfoods,1,2026-06-05T10:31:28+00:00
larscharli,1,2026-06-05T10:31:28+00:00
garlicsticksnch,1,2026-06-05T10:31:28+00:00
maximumcorpo,1,2026-06-05T10:31:28+00:00
charleysgirl27,1,2026-06-05T10:31:28+00:00
lowkeycarlo,1,2026-06-05T10:31:28+00:00
blond223,1,2026-06-05T10:31:28+00:00
fcktae,1,2026-06-05T10:31:28+00:00
jaggos,1,2026-06-05T10:31:28+00:00
angeldevilfan09,1,2026-06-05T10:31:28+00:00
johnnypistol,1,2026-06-05T10:31:28+00:00
cheapfoodmaster,1,2026-06-05T10:31:28+00:00
philipmaxand,1,2026-06-05T10:31:28+00:00
milkbackwards,1,2026-06-05T10:31:28+00:00
elilovescats10,1,2026-06-05T10:31:28+00:00
ieirishoko,1,2026-06-05T10:31:28+00:00
djkhaled007,1,2026-06-05T10:31:28+00:00
rsquartz,1,2026-06-05T10:31:28+00:00
sebasurla,1,2026-06-05T10:31:28+00:00
ed_a,1,2026-06-05T10:31:28+00:00
gracewarnett,1,2026-06-05T10:31:28+00:00
creepycrawl3r,1,2026-06-05T10:31:28+00:00
angvalen,1,2026-06-05T10:31:28+00:00
ramses3006,1,2026-06-05T10:31:28+00:00
cavall_2,1,2026-06-05T10:31:28+00:00
boondanniel,1,2026-06-05T10:31:28+00:00
johannesgorr,1,2026-06-05T10:31:28+00:00
normanbates43,1,2026-06-05T10:31:28+00:00
mo222x,1,2026-06-05T10:31:28+00:00
nyakong,1,2026-06-05T10:31:28+00:00
lotusangel803,1,2026-06-05T10:31:28+00:00
altarofdecay,1,2026-06-05T10:31:28+00:00
maddog0704,1,2026-06-05T10:31:28+00:00
angeloe33,1,2026-06-05T10:31:28+00:00
nimafarzam8,1,2026-06-05T10:31:28+00:00
mistpouffers,1,2026-06-05T10:31:28+00:00
66s,1,2026-06-05T10:31:28+00:00
dyecov,1,2026-06-05T10:31:28+00:00
thelifeofjulek,1,2026-06-05T10:31:28+00:00
intercalatedisc,1,2026-06-05T10:31:28+00:00
sylvie_53,1,2026-06-05T10:31:28+00:00
stylee,1,2026-06-05T10:31:28+00:00
cinempart,1,2026-06-05T10:31:28+00:00
maxcooper6,1,2026-06-05T10:31:28+00:00
jack923,1,2026-06-05T10:31:28+00:00
safdareal1,1,2026-06-05T10:31:28+00:00
vilmav,1,2026-06-05T10:31:28+00:00
wol_,1,2026-06-05T10:31:28+00:00
marleemikese,1,2026-06-05T10:31:28+00:00
ajaykolli11,1,2026-06-05T10:31:28+00:00
marinacandradee,1,2026-06-05T10:31:28+00:00
mdexam,1,2026-06-05T10:31:28+00:00
bm12hhh,1,2026-06-05T10:31:28+00:00
anafervm,1,2026-06-05T10:31:28+00:00
jaykranium,1,2026-06-05T10:31:28+00:00
leob05,1,2026-06-05T10:31:28+00:00
iloveapplejuice,1,2026-06-05T10:31:28+00:00
keonark,1,2026-06-05T10:31:28+00:00
bad_takes,1,2026-06-05T10:31:28+00:00
alegdg,1,2026-06-05T10:31:28+00:00
dvdxd,1,2026-06-05T10:31:28+00:00
thursdygirl,1,2026-06-05T10:31:28+00:00
batagour,1,2026-06-05T10:31:28+00:00
mrpacers,1,2026-06-05T10:31:28+00:00
flow3ring,1,2026-06-05T10:31:28+00:00
rottingmeat,1,2026-06-05T10:31:28+00:00
mrninguem,1,2026-06-05T10:31:28+00:00
rishikantjoshi,1,2026-06-05T10:31:28+00:00
juan_moran,1,2026-06-05T10:31:28+00:00
joshepp,1,2026-06-05T10:31:28+00:00
akashpillaitv,1,2026-06-05T10:31:28+00:00
kevyosevy,1,2026-06-05T10:31:28+00:00
wt_aut,1,2026-06-05T10:31:28+00:00
inafeverdream,1,2026-06-05T10:31:28+00:00
just_chris28,1,2026-06-05T10:31:28+00:00
skootimovies,1,2026-06-05T10:31:28+00:00
twenty7__,1,2026-06-05T10:31:28+00:00
leo_b13,1,2026-06-05T10:31:28+00:00
matsu_jpg,1,2026-06-05T10:31:28+00:00
jpejic,1,2026-06-05T10:31:28+00:00
soulacee,1,2026-06-05T10:31:28+00:00
jhosux,1,2026-06-05T10:31:28+00:00
tg_plants,1,2026-06-05T10:31:28+00:00
angelolu,1,2026-06-05T10:31:28+00:00
dyaa111,1,2026-06-05T10:31:28+00:00
funheue,1,2026-06-05T10:31:28+00:00
selflovingrn,1,2026-06-05T10:31:28+00:00
pedro_dessimas,1,2026-06-05T10:31:28+00:00
animatezach,1,2026-06-05T10:31:28+00:00
txnyfly,1,2026-06-05T10:31:28+00:00
brunodoz,1,2026-06-05T10:31:28+00:00
lucasross1,1,2026-06-05T10:31:28+00:00
cyber404,1,2026-06-05T10:31:28+00:00
kenuine,1,2026-06-05T10:31:28+00:00
vilmakatrine,1,2026-06-05T10:31:28+00:00
4ch1,1,2026-06-05T10:31:28+00:00
rex321,1,2026-06-05T10:31:28+00:00
avidalte,1,2026-06-05T10:31:28+00:00
nathews,1,2026-06-05T10:31:28+00:00
polyesterdaytv,1,2026-06-05T10:31:28+00:00
abi_321,1,2026-06-05T10:31:28+00:00
emilybriscoe,1,2026-06-05T10:31:28+00:00
loff,1,2026-06-05T10:31:28+00:00
wanderinglion,1,2026-06-05T10:31:28+00:00
bealeone,1,2026-06-05T10:31:28+00:00
cuteesyyy00,1,2026-06-05T10:31:28+00:00
julmaioral,1,2026-06-05T10:31:28+00:00
qeuzin,1,2026-06-05T10:31:28+00:00
niamh22_,1,2026-06-05T10:31:28+00:00
ant0ia,1,2026-06-05T10:31:28+00:00
p0chitas,1,2026-06-05T10:31:28+00:00
familiareviews,1,2026-06-05T10:31:28+00:00
zsplugg,1,2026-06-05T10:31:28+00:00
tinytini,1,2026-06-05T10:31:28+00:00
nicoleocarroll,1,2026-06-05T10:31:28+00:00
carmennn79,1,2026-06-05T10:31:28+00:00
asmoon19,1,2026-06-05T10:31:28+00:00
marwaned,1,2026-06-05T10:31:28+00:00
piyavs,1,2026-06-05T10:31:28+00:00
karoll_mc,1,2026-06-05T10:31:28+00:00
malthecoin99,1,2026-06-05T10:31:28+00:00
sannepd,1,2026-06-05T10:31:28+00:00
tomcharman,1,2026-06-05T10:31:28+00:00
fearlessqtip,1,2026-06-05T10:31:28+00:00
nad29,1,2026-06-05T10:31:28+00:00
haunter21,1,2026-06-05T10:31:28+00:00
aural0,1,2026-06-05T10:31:28+00:00
_paoo_,1,2026-06-05T10:31:28+00:00
fmcking,1,2026-06-05T10:31:28+00:00
hijainy,1,2026-06-05T10:31:28+00:00
elisaaudrey,1,2026-06-05T10:31:28+00:00
esslent,1,2026-06-05T10:31:28+00:00
hananhanan,1,2026-06-05T10:31:28+00:00
miel9720,1,2026-06-05T10:31:28+00:00
kafkabutbad,1,2026-06-05T10:31:28+00:00
awe_sam,1,2026-06-05T10:31:28+00:00
sealbebi,1,2026-06-05T10:31:28+00:00
lorelaiyvainex,1,2026-06-05T10:31:28+00:00
kingwoolz,1,2026-06-05T10:31:28+00:00
nakisaa_,1,2026-06-05T10:31:28+00:00
ehudolmert,1,2026-06-05T10:31:28+00:00
polareeeeed,1,2026-06-05T10:31:28+00:00
ghazaltatu,1,2026-06-05T10:31:28+00:00
enzo_pimenta,1,2026-06-05T10:31:28+00:00
eitanca,1,2026-06-05T10:31:28+00:00
noody06,1,2026-06-05T10:31:28+00:00
laysonlays,1,2026-06-05T10:31:28+00:00
jaydeeley,1,2026-06-05T10:31:28+00:00
katelynbauer,1,2026-06-05T10:31:28+00:00
july247,1,2026-06-05T10:31:28+00:00
julianotjulia,1,2026-06-05T10:31:28+00:00
violettdi,1,2026-06-05T10:31:28+00:00
mbodikovaa,1,2026-06-05T10:31:28+00:00
kadriwxs,1,2026-06-05T10:31:28+00:00
wallwacher,1,2026-06-05T10:31:28+00:00
woqui,1,2026-06-05T10:31:28+00:00
lucax1,1,2026-06-05T10:31:28+00:00
kiikiii07,1,2026-06-05T10:31:28+00:00
kaaarolv_,1,2026-06-05T10:31:28+00:00
kinyunot,1,2026-06-05T10:31:28+00:00
_kike_00,1,2026-06-05T10:31:28+00:00
sparklyunipoo12,1,2026-06-05T10:31:28+00:00
jacksat,1,2026-06-05T10:31:28+00:00
ekaki111,1,2026-06-05T10:31:28+00:00
leonarrdo,1,2026-06-05T10:31:28+00:00
harlannlocke,1,2026-06-05T10:31:28+00:00
nightlord_rick,1,2026-06-05T10:31:28+00:00
elenaza,1,2026-06-05T10:31:28+00:00
ojesvini,1,2026-06-05T10:31:28+00:00
_jaci_,1,2026-06-05T10:31:28+00:00
dillnoza,1,2026-06-05T10:31:28+00:00
emmaozon,1,2026-06-05T10:31:28+00:00
felix_fedex,1,2026-06-05T10:31:28+00:00
luitot,1,2026-06-05T10:31:28+00:00
garmin_princine,1,2026-06-05T10:31:28+00:00
tstevens1994,1,2026-06-05T10:31:28+00:00
zacsap,1,2026-06-05T10:31:28+00:00
jana0303,1,2026-06-05T10:31:28+00:00
danielnp1,1,2026-06-05T10:31:28+00:00
ezzycloudface,1,2026-06-05T10:31:28+00:00
frederick6901,1,2026-06-05T10:31:28+00:00
ynaveux,1,2026-06-05T10:31:28+00:00
nicotinepoetry,1,2026-06-05T10:31:28+00:00
moonwater98,1,2026-06-05T10:31:28+00:00
angqelwiings,1,2026-06-05T10:31:28+00:00
albaxsx,1,2026-06-05T10:31:28+00:00
nmalll,1,2026-06-05T10:31:28+00:00
hi_otkrivai,1,2026-06-05T10:31:28+00:00
fatconut,1,2026-06-05T10:31:28+00:00
papercut0,1,2026-06-05T10:31:28+00:00
bellzyboop,1,2026-06-05T10:31:28+00:00
catnip24,1,2026-06-05T10:31:28+00:00
sebthejazzman,1,2026-06-05T10:31:28+00:00
smallafol,1,2026-06-05T10:31:28+00:00
jordane14_,1,2026-06-05T10:31:28+00:00
luisalol37,1,2026-06-05T10:31:28+00:00
mariedekwa,1,2026-06-05T10:31:28+00:00
xbatmanxl,1,2026-06-05T10:31:28+00:00
image_m,1,2026-06-05T10:31:28+00:00
jellysobased,1,2026-06-05T10:31:28+00:00
skydehne,1,2026-06-05T10:31:28+00:00
simon_j,1,2026-06-05T10:31:28+00:00
loladosyorov,1,2026-06-05T10:31:28+00:00
samiram1212,1,2026-06-05T10:31:28+00:00
linusvb,1,2026-06-05T10:31:28+00:00
louisevital,1,2026-06-05T10:31:28+00:00
elisaruuiz,1,2026-06-05T10:31:28+00:00
soobased7,1,2026-06-05T10:31:28+00:00
void7gpj,1,2026-06-05T10:31:28+00:00
nnooeelia,1,2026-06-05T10:31:28+00:00
gxien,1,2026-06-05T10:31:28+00:00
rpruiz25,1,2026-06-05T10:31:28+00:00
miakzyy,1,2026-06-05T10:31:28+00:00
sam_m1ntyman,1,2026-06-05T10:31:28+00:00
shesaidadi,1,2026-06-05T10:31:28+00:00
que_sarah_x2,1,2026-06-05T10:31:28+00:00
rciceri,1,2026-06-05T10:31:28+00:00
joziba,1,2026-06-05T10:31:28+00:00
anaidni,1,2026-06-05T10:31:28+00:00
bartholemeow,1,2026-06-05T10:31:28+00:00
eman8a,1,2026-06-05T10:31:28+00:00
gozally,1,2026-06-05T10:31:28+00:00
lusendra,1,2026-06-05T10:31:28+00:00
sourcurd,1,2026-06-05T10:31:28+00:00
olemoss,1,2026-06-05T10:31:28+00:00
pizzleuniverze,1,2026-06-05T10:31:28+00:00
90qylala,1,2026-06-05T10:31:28+00:00
notorious25,1,2026-06-05T10:31:28+00:00
zecerqueira,1,2026-06-05T10:31:28+00:00
tacobela55,1,2026-06-05T10:31:28+00:00
zaini51,1,2026-06-05T10:31:28+00:00
jada,1,2026-06-05T10:31:28+00:00
qcv,1,2026-06-05T10:31:28+00:00
natgil,1,2026-06-05T10:31:28+00:00
cucabuca,1,2026-06-05T10:31:28+00:00
thaqifazmn,1,2026-06-05T10:31:28+00:00
gaielchloe,1,2026-06-05T10:31:28+00:00
elczeam,1,2026-06-05T10:31:28+00:00
monkydotpp,1,2026-06-05T10:31:28+00:00
abidias,1,2026-06-05T10:31:28+00:00
kayroars,1,2026-06-05T10:31:28+00:00
lexiewatchmovie,1,2026-06-05T10:31:28+00:00
nikalein,1,2026-06-05T10:31:28+00:00
dylan_grady,1,2026-06-05T10:31:28+00:00
elijahtucker,1,2026-06-05T10:31:28+00:00
realcolebucket,1,2026-06-05T10:31:28+00:00
pageofjanuary,1,2026-06-05T10:31:28+00:00
ffabbb,1,2026-06-05T10:31:28+00:00
adaamigo,1,2026-06-05T10:31:28+00:00
omidghz,1,2026-06-05T10:31:28+00:00
jor_d,1,2026-06-05T10:31:28+00:00
spenceralmdal,1,2026-06-05T10:31:28+00:00
earlyyycake_,1,2026-06-05T10:31:28+00:00
mitskibf,1,2026-06-05T10:31:28+00:00
iirus,1,2026-06-05T10:31:28+00:00
unsospiro,1,2026-06-05T10:31:28+00:00
skywalker80085,1,2026-06-05T10:31:28+00:00
thlx63,1,2026-06-05T10:31:28+00:00
honey19,1,2026-06-05T10:31:28+00:00
dominicleger,1,2026-06-05T10:31:28+00:00
luskasesg,1,2026-06-05T10:31:28+00:00
jstevep00,1,2026-06-05T10:31:28+00:00
cinnamood,1,2026-06-05T10:31:28+00:00
grimmjowthegoat,1,2026-06-05T10:31:28+00:00
fiilmsjade,1,2026-06-05T10:31:28+00:00
coraalemo,1,2026-06-05T10:31:28+00:00
manguo_2026,1,2026-06-05T10:31:28+00:00
sha_siga11,1,2026-06-05T10:31:28+00:00
abistarkll,1,2026-06-05T10:31:28+00:00
raspberrycat,1,2026-06-05T10:31:28+00:00
victromz,1,2026-06-05T10:31:28+00:00
coldnikko,1,2026-06-05T10:31:28+00:00
anittagonzalz,1,2026-06-05T10:31:28+00:00
laralimac,1,2026-06-05T10:31:28+00:00
anomalyx7,1,2026-06-05T10:31:28+00:00
dmp2127,1,2026-06-05T10:31:28+00:00
ljp24,1,2026-06-05T10:31:28+00:00
arcticgiraffe,1,2026-06-05T10:31:28+00:00
niaaa_,1,2026-06-05T10:31:28+00:00
someadjective,1,2026-06-05T10:31:28+00:00
altmirzaev,1,2026-06-05T10:31:28+00:00
lukeled,1,2026-06-05T10:31:28+00:00
dippyfreshh,1,2026-06-05T10:31:28+00:00
athathathh,1,2026-06-05T10:31:28+00:00
p_basereh,1,2026-06-05T10:31:28+00:00
abdulmalik0,1,2026-06-05T10:31:28+00:00
khaaalid,1,2026-06-05T10:31:28+00:00
la_madrugada,1,2026-06-05T10:31:28+00:00
lesangel,1,2026-06-05T10:31:28+00:00
dipirona1000mg,1,2026-06-05T10:31:28+00:00
king_c,1,2026-06-05T10:31:28+00:00
cuddsheebi,1,2026-06-05T10:31:28+00:00
wecanbheroes,1,2026-06-05T10:31:28+00:00
vtoriabea,1,2026-06-05T10:31:28+00:00
m1racl3sw0rld,1,2026-06-05T10:31:28+00:00
nzua_a,1,2026-06-05T10:31:28+00:00
kenpaige,1,2026-06-05T10:31:28+00:00
tn9934,1,2026-06-05T10:31:28+00:00
lianabubbless,1,2026-06-05T10:31:28+00:00
cotonn,1,2026-06-05T10:31:28+00:00
miri29,1,2026-06-05T10:31:28+00:00
lauraabbott,1,2026-06-05T10:31:28+00:00
dudinka4,1,2026-06-05T10:31:28+00:00
willyoufade,1,2026-06-05T10:31:28+00:00
damnishi,1,2026-06-05T10:31:28+00:00
claudiaines,1,2026-06-05T10:31:28+00:00
butterstoken,1,2026-06-05T10:31:28+00:00
targinop,1,2026-06-05T10:31:28+00:00
stitchnbitch,1,2026-06-05T10:31:28+00:00
habibaeldin,1,2026-06-05T10:31:28+00:00
elisarob228,1,2026-06-05T10:31:28+00:00
meranaamer,1,2026-06-05T10:31:28+00:00
snoozygato,1,2026-06-05T10:31:28+00:00
ceyisea,1,2026-06-05T10:31:28+00:00
poddalamsie,1,2026-06-05T10:31:28+00:00
mahesh_543,1,2026-06-05T10:31:28+00:00
valentinaaa___,1,2026-06-05T10:31:28+00:00
tir4zy,1,2026-06-05T10:31:28+00:00
allieschallert,1,2026-06-05T10:31:28+00:00
artytheart15t,1,2026-06-05T10:31:28+00:00
asutosh_ranjan,1,2026-06-05T10:31:28+00:00
ntubert,1,2026-06-05T10:31:28+00:00
caroser,1,2026-06-05T10:31:28+00:00
fredolakrl,1,2026-06-05T10:31:28+00:00
manucofominha,1,2026-06-05T10:31:28+00:00
onadith,1,2026-06-05T10:31:28+00:00
dereemy,1,2026-06-05T10:31:28+00:00
theopf,1,2026-06-05T10:31:28+00:00
mylilponyarchiv,1,2026-06-05T10:31:28+00:00
1nit,1,2026-06-05T10:31:28+00:00
jesus10gnz,1,2026-06-05T10:31:28+00:00
barrios16i,1,2026-06-05T10:31:28+00:00
1nkachip,1,2026-06-05T10:31:28+00:00
jvql,1,2026-06-05T10:31:28+00:00
jstormkravetz,1,2026-06-05T10:31:28+00:00
parkergoodman,1,2026-06-05T10:31:28+00:00
aishajinx,1,2026-06-05T10:31:28+00:00
bibliomanie,1,2026-06-05T10:31:28+00:00
orangeflavor,1,2026-06-05T10:31:28+00:00
lizounours,1,2026-06-05T10:31:28+00:00
lorintugrul,1,2026-06-05T10:31:28+00:00
blerta_hax,1,2026-06-05T10:31:28+00:00
llikincc,1,2026-06-05T10:31:28+00:00
shanryveee,1,2026-06-05T10:31:28+00:00
dawnsdreamies,1,2026-06-05T10:31:28+00:00
assyifakerenbgt,1,2026-06-05T10:31:28+00:00
elisabln11,1,2026-06-05T10:31:28+00:00
atiernan_,1,2026-06-05T10:31:28+00:00
ayansh3,1,2026-06-05T10:31:28+00:00
rashdawn,1,2026-06-05T10:31:28+00:00
h3rvn,1,2026-06-05T10:31:28+00:00
elkaor,1,2026-06-05T10:31:28+00:00
mahaute,1,2026-06-05T10:31:28+00:00
riquiiroro,1,2026-06-05T10:31:28+00:00
lyelovesrats,1,2026-06-05T10:31:28+00:00
wateen_74,1,2026-06-05T10:31:28+00:00
bejewelledz,1,2026-06-05T10:31:28+00:00
hanemiyas,1,2026-06-05T10:31:28+00:00
yungsahil,1,2026-06-05T10:31:28+00:00
enqz,1,2026-06-05T10:31:28+00:00
stnz_tnz,1,2026-06-05T10:31:28+00:00
burstinb,1,2026-06-05T10:31:28+00:00
giirlwithapearl,1,2026-06-05T10:31:28+00:00
batootaa,1,2026-06-05T10:31:28+00:00
tmcnwy,1,2026-06-05T10:31:28+00:00
caitlingoodacre,1,2026-06-05T10:31:28+00:00
juliauol,1,2026-06-05T10:31:28+00:00
sonal_,1,2026-06-05T10:31:28+00:00
majuzzoca,1,2026-06-05T10:31:28+00:00
_aasiiyaa,1,2026-06-05T10:31:28+00:00
sadturksoy,1,2026-06-05T10:31:28+00:00
fxreverx,1,2026-06-05T10:31:28+00:00
marrixmaa,1,2026-06-05T10:31:28+00:00
jemmagwerder,1,2026-06-05T10:31:28+00:00
nevesinbasement,1,2026-06-05T10:31:28+00:00
ianiliescu,1,2026-06-05T10:31:28+00:00
6o7hc,1,2026-06-05T10:31:28+00:00
jbwood212,1,2026-06-05T10:31:28+00:00
owsama,1,2026-06-05T10:31:28+00:00
kiara61,1,2026-06-05T10:31:28+00:00
layahtheplaya,1,2026-06-05T10:31:28+00:00
povfumetsu,1,2026-06-05T10:31:28+00:00
saarah10,1,2026-06-05T10:31:28+00:00
gabsterb02,1,2026-06-05T10:31:28+00:00
pranaynetha,1,2026-06-05T10:31:28+00:00
_baraxlo_,1,2026-06-05T10:31:28+00:00
muangzomi,1,2026-06-05T10:31:28+00:00
liivy13,1,2026-06-05T10:31:28+00:00
dxvllz,1,2026-06-05T10:31:28+00:00
is4bel4,1,2026-06-05T10:31:28+00:00
dasha_attt,1,2026-06-05T10:31:28+00:00
pritika01,1,2026-06-05T10:31:28+00:00
xolovesjoanna,1,2026-06-05T10:31:28+00:00
belkm24,1,2026-06-05T10:31:28+00:00
zajcev,1,2026-06-05T10:31:28+00:00
aeshyippi,1,2026-06-05T10:31:28+00:00
skimloom,1,2026-06-05T10:31:28+00:00
bledpils,1,2026-06-05T10:31:28+00:00
gregory_holms,1,2026-06-05T10:31:28+00:00
alice_bsc,1,2026-06-05T10:31:28+00:00
mrshstarkey,1,2026-06-05T10:31:28+00:00
roomrar,1,2026-06-05T10:31:28+00:00
elisaxl,1,2026-06-05T10:31:28+00:00
valu0,1,2026-06-05T10:31:28+00:00
annet123,1,2026-06-05T10:31:28+00:00
fawnwhisperer,1,2026-06-05T10:31:28+00:00
johnwald0rf,1,2026-06-05T10:31:28+00:00
mrd0wntown,1,2026-06-05T10:31:28+00:00
shakespeare6969,1,2026-06-05T10:31:28+00:00
solmistz,1,2026-06-05T10:31:28+00:00
jacxuelinecohen,1,2026-06-05T10:31:28+00:00
chiellapil,1,2026-06-05T10:31:28+00:00
tarasateo,1,2026-06-05T10:31:28+00:00
ucarolaraujo,1,2026-06-05T10:31:28+00:00
7513soflow,1,2026-06-05T10:31:28+00:00
emremessi,1,2026-06-05T10:31:28+00:00
thiru_srm,1,2026-06-05T10:31:28+00:00
lottiestewartt,1,2026-06-05T10:31:28+00:00
rubbeyy,1,2026-06-05T10:31:28+00:00
teacoffee01,1,2026-06-05T10:31:28+00:00
vanillabeebs,1,2026-06-05T10:31:28+00:00
hyaiyha,1,2026-06-05T10:31:28+00:00
reeta_11,1,2026-06-05T10:31:28+00:00
ijbology,1,2026-06-05T10:31:28+00:00
irenukus,1,2026-06-05T10:31:28+00:00
evantence,1,2026-06-05T10:31:28+00:00
kyjo191,1,2026-06-05T10:31:28+00:00
bycoppolagirl,1,2026-06-05T10:31:28+00:00
vibhor03,1,2026-06-05T10:31:28+00:00
alzhxira,1,2026-06-05T10:31:28+00:00
carat_star,1,2026-06-05T10:31:28+00:00
axlsduende,1,2026-06-05T10:31:28+00:00
ruuui7,1,2026-06-05T10:31:28+00:00
hzdfqq,1,2026-06-05T10:31:28+00:00
husseinmovie,1,2026-06-05T10:31:28+00:00
omn13,1,2026-06-05T10:31:28+00:00
gohn,1,2026-06-05T10:31:28+00:00
leopg,1,2026-06-05T10:31:28+00:00
taytay882,1,2026-06-05T10:31:28+00:00
taawa,1,2026-06-05T10:31:28+00:00
rubyrosenolan,1,2026-06-05T10:31:28+00:00
wahiu,1,2026-06-05T10:31:28+00:00
alealea27,1,2026-06-05T10:31:28+00:00
willy_will,1,2026-06-05T10:31:28+00:00
rhmzp,1,2026-06-05T10:31:28+00:00
nkilr,1,2026-06-05T10:31:28+00:00
nioni,1,2026-06-05T10:31:28+00:00
margot3v,1,2026-06-05T10:31:28+00:00
abbyirwin,1,2026-06-05T10:31:28+00:00
madethis4lei,1,2026-06-05T10:31:28+00:00
fqhzzz,1,2026-06-05T10:31:28+00:00
yamyyyy,1,2026-06-05T10:31:28+00:00
late_leskinen,1,2026-06-05T10:31:28+00:00
neversophie,1,2026-06-05T10:31:28+00:00
bon_views,1,2026-06-05T10:31:28+00:00
apocalypse09,1,2026-06-05T10:31:28+00:00
wasan777,1,2026-06-05T10:31:28+00:00
httpsoliwia,1,2026-06-05T10:31:28+00:00
bafeee,1,2026-06-05T10:31:28+00:00
marcusdj,1,2026-06-05T10:31:28+00:00
lizarr_,1,2026-06-05T10:31:28+00:00
lialiamrr,1,2026-06-05T10:31:28+00:00
yashwantraj,1,2026-06-05T10:31:28+00:00
em_03123,1,2026-06-05T10:31:28+00:00
santieejuarez,1,2026-06-05T10:31:28+00:00
sophie_3008,1,2026-06-05T10:31:28+00:00
tboirivant,1,2026-06-05T10:31:28+00:00
grobba,1,2026-06-05T10:31:28+00:00
bubim,1,2026-06-05T10:31:28+00:00
kadelbai14,1,2026-06-05T10:31:28+00:00
legolegolego,1,2026-06-05T10:31:28+00:00
crickish,1,2026-06-05T10:31:28+00:00
ceryicecream,1,2026-06-05T10:31:28+00:00
vinay6,1,2026-06-05T10:31:28+00:00
cdaniault,1,2026-06-05T10:31:28+00:00
danielitzhaik21,1,2026-06-05T10:31:28+00:00
asparklehorse,1,2026-06-05T10:31:28+00:00
injeolm1i,1,2026-06-05T10:31:28+00:00
kaix123,1,2026-06-05T10:31:28+00:00
elisekku,1,2026-06-05T10:31:28+00:00
reyhan_eh,1,2026-06-05T10:31:28+00:00
zhiiz,1,2026-06-05T10:31:28+00:00
menzie9,1,2026-06-05T10:31:28+00:00
kajanderrr,1,2026-06-05T10:31:28+00:00
rujll8,1,2026-06-05T10:31:28+00:00
dominic184,1,2026-06-05T10:31:28+00:00
freakyandgeeky_,1,2026-06-05T10:31:28+00:00
bbm67,1,2026-06-05T10:31:28+00:00
j5mints,1,2026-06-05T10:31:28+00:00
gurstd,1,2026-06-05T10:31:28+00:00
talitabeker,1,2026-06-05T10:31:28+00:00
dinaraaaa,1,2026-06-05T10:31:28+00:00
kiaaraaa,1,2026-06-05T10:31:28+00:00
katakttakt,1,2026-06-05T10:31:28+00:00
cugget,1,2026-06-05T10:31:28+00:00
1onewingedangel,1,2026-06-05T10:31:28+00:00
teddyguy,1,2026-06-05T10:31:28+00:00
matnva,1,2026-06-05T10:31:28+00:00
violynce,1,2026-06-05T10:31:28+00:00
matthewlagahit,1,2026-06-05T10:31:28+00:00
nithya_1037,1,2026-06-05T10:31:28+00:00
andsswthrt,1,2026-06-05T10:31:28+00:00
kelzzz222,1,2026-06-05T10:31:28+00:00
orbscurity,1,2026-06-05T10:31:28+00:00
willowarcher,1,2026-06-05T10:31:28+00:00
nat4lieee,1,2026-06-05T10:31:28+00:00
el2006,1,2026-06-05T10:31:28+00:00
msn_r,1,2026-06-05T10:31:28+00:00
euan_nougbro21,1,2026-06-05T10:31:28+00:00
rounaks,1,2026-06-05T10:31:28+00:00
madallen,1,2026-06-05T10:31:28+00:00
anaa_banana,1,2026-06-05T10:31:28+00:00
marecek1,1,2026-06-05T10:31:28+00:00
majikuhibi,1,2026-06-05T10:31:28+00:00
ngasalduludeh,1,2026-06-05T10:31:28+00:00
itelvise,1,2026-06-05T10:31:28+00:00
_miuzz_,1,2026-06-05T10:31:28+00:00
leviilives,1,2026-06-05T10:31:28+00:00
nidzzz_03,1,2026-06-05T10:31:28+00:00
bubbleyeay,1,2026-06-05T10:31:28+00:00
zanaxxxx,1,2026-06-05T10:31:28+00:00
bielzaogj,1,2026-06-05T10:31:28+00:00
sallbrella,1,2026-06-05T10:31:28+00:00
minjeeeche,1,2026-06-05T10:31:28+00:00
snail_13,1,2026-06-05T10:31:28+00:00
amber44115,1,2026-06-05T10:31:28+00:00
tilbyanne,1,2026-06-05T10:31:28+00:00
borntodi33,1,2026-06-05T10:31:28+00:00
l_vorn,1,2026-06-05T10:31:28+00:00
_mariiaosoriio,1,2026-06-05T10:31:28+00:00
httpsant,1,2026-06-05T10:31:28+00:00
manuu_gonzz,1,2026-06-05T10:31:28+00:00
maria88888,1,2026-06-05T10:31:28+00:00
ranamosher19,1,2026-06-05T10:31:28+00:00
thevirtuoso,1,2026-06-05T10:31:28+00:00
tifraazz,1,2026-06-05T10:31:28+00:00
bhuviiiii,1,2026-06-05T10:31:28+00:00
kennken_zia,1,2026-06-05T10:31:28+00:00
morieda,1,2026-06-05T10:31:28+00:00
amandaazman,1,2026-06-05T10:31:28+00:00
leilarayy,1,2026-06-05T10:31:28+00:00
lizzyeyo,1,2026-06-05T10:31:28+00:00
notmarebear,1,2026-06-05T10:31:28+00:00
angellred,1,2026-06-05T10:31:28+00:00
teomanu,1,2026-06-05T10:31:28+00:00
aron_1924,1,2026-06-05T10:31:28+00:00
obitaa,1,2026-06-05T10:31:28+00:00
amnadxd,1,2026-06-05T10:31:28+00:00
shashwat23,1,2026-06-05T10:31:28+00:00
nasa_x2,1,2026-06-05T10:31:28+00:00
noeyedred,1,2026-06-05T10:31:28+00:00
dihcheese6776,1,2026-06-05T10:31:28+00:00
vinstecuu,1,2026-06-05T10:31:28+00:00
malphass,1,2026-06-05T10:31:28+00:00
zoeisdagoat,1,2026-06-05T10:31:28+00:00
marco_dosrs,1,2026-06-05T10:31:28+00:00
stebancharris,1,2026-06-05T10:31:28+00:00
lucas_fndz,1,2026-06-05T10:31:28+00:00
geometricowl44,1,2026-06-05T10:31:28+00:00
ricozyeng,1,2026-06-05T10:31:28+00:00
peach_t3a,1,2026-06-05T10:31:28+00:00
raaaaaaaaj,1,2026-06-05T10:31:28+00:00
sanshia,1,2026-06-05T10:31:28+00:00
anyamalhotra,1,2026-06-05T10:31:28+00:00
cyasnupi,1,2026-06-05T10:31:28+00:00
zoeeracoon,1,2026-06-05T10:31:28+00:00
memalovesmovies,1,2026-06-05T10:31:28+00:00
pedrocas2303,1,2026-06-05T10:31:28+00:00
karinadiebaddie,1,2026-06-05T10:31:28+00:00
aayusharmaa,1,2026-06-05T10:31:28+00:00
freakymanian,1,2026-06-05T10:31:28+00:00
krotsaka,1,2026-06-05T10:31:28+00:00
klevsqwng,1,2026-06-05T10:31:28+00:00
lemihdo,1,2026-06-05T10:31:28+00:00
haypay,1,2026-06-05T10:31:28+00:00
nyvellevet,1,2026-06-05T10:31:28+00:00
anoddegg,1,2026-06-05T10:31:28+00:00
weirdwoman,1,2026-06-05T10:31:28+00:00
spideyosc,1,2026-06-05T10:31:28+00:00
scarletthe555,1,2026-06-05T10:31:28+00:00
brokenmesho,1,2026-06-05T10:31:28+00:00
aynix_cai,1,2026-06-05T10:31:28+00:00
stwrrf1shh,1,2026-06-05T10:31:28+00:00
isabellagibson,1,2026-06-05T10:31:28+00:00
gavinduggan,1,2026-06-05T10:31:28+00:00
cyrilsc,1,2026-06-05T10:31:28+00:00
mnhlll211,1,2026-06-05T10:31:28+00:00
killbarney,1,2026-06-05T10:31:28+00:00
jmacdakilla,1,2026-06-05T10:31:28+00:00
iwillbehating,1,2026-06-05T10:31:28+00:00
fantinec23,1,2026-06-05T10:31:28+00:00
ilyavelik,1,2026-06-05T10:31:28+00:00
samie22,1,2026-06-05T10:31:28+00:00
rishiretrospect,1,2026-06-05T10:31:28+00:00
harryhoffman,1,2026-06-05T10:31:28+00:00
kupip,1,2026-06-05T10:31:28+00:00
cvxly,1,2026-06-05T10:31:28+00:00
4rashil,1,2026-06-05T10:31:28+00:00
ozakiaun,1,2026-06-05T10:31:28+00:00
janprostowanie,1,2026-06-05T10:31:28+00:00
blacknigga,1,2026-06-05T10:31:28+00:00
anand9279,1,2026-06-05T10:31:28+00:00
laddiesman2187,1,2026-06-05T10:31:28+00:00
lunkansthlm,1,2026-06-05T10:31:28+00:00
mihir19,1,2026-06-05T10:31:28+00:00
ellakkk,1,2026-06-05T10:31:28+00:00
eleonoraxx,1,2026-06-05T10:31:28+00:00
vasuiie,1,2026-06-05T10:31:28+00:00
cethgrv,1,2026-06-05T10:31:28+00:00
flomoo,1,2026-06-05T10:31:28+00:00
bhomik,1,2026-06-05T10:31:28+00:00
zrashiiirm,1,2026-06-05T10:31:28+00:00
persyyy,1,2026-06-05T10:31:28+00:00
justshriya,1,2026-06-05T10:31:28+00:00
arletlue,1,2026-06-05T10:31:28+00:00
sipa0,1,2026-06-05T10:31:28+00:00
slvqtre,1,2026-06-05T10:31:28+00:00
ulisseps,1,2026-06-05T10:31:28+00:00
smegguz,1,2026-06-05T10:31:28+00:00
m_shuayb,1,2026-06-05T10:31:28+00:00
parthik100,1,2026-06-05T10:31:28+00:00
batgoat2,1,2026-06-05T10:31:28+00:00
artsbyvenkat,1,2026-06-05T10:31:28+00:00
jett_vasquez,1,2026-06-05T10:31:28+00:00
joshxnoir,1,2026-06-05T10:31:28+00:00
jru7,1,2026-06-05T10:31:28+00:00
tanmaysinha,1,2026-06-05T10:31:28+00:00
periicosm,1,2026-06-05T10:31:28+00:00
doricdom108,1,2026-06-05T10:31:28+00:00
fedeibac,1,2026-06-05T10:31:28+00:00
kavyansh1,1,2026-06-05T10:31:28+00:00
shawwtee,1,2026-06-05T10:31:28+00:00
bmaeva,1,2026-06-05T10:31:28+00:00
almiraee,1,2026-06-05T10:31:28+00:00
lottie_3,1,2026-06-05T10:31:28+00:00
punisher88,1,2026-06-05T10:31:28+00:00
jbbr,1,2026-06-05T10:31:28+00:00
rocks_xebec,1,2026-06-05T10:31:28+00:00
embuka,1,2026-06-05T10:31:28+00:00
smurphy_nerd,1,2026-06-05T10:31:28+00:00
buyurburadanbak,1,2026-06-05T10:31:28+00:00
anuzan,1,2026-06-05T10:31:28+00:00
n1ci,1,2026-06-05T10:31:28+00:00
pullasorsa,1,2026-06-05T10:31:28+00:00
inkrruo,1,2026-06-05T10:31:28+00:00
dimlitdiary,1,2026-06-05T10:31:28+00:00
a0biabhi,1,2026-06-05T10:31:28+00:00
felipe23z,1,2026-06-05T10:31:28+00:00
syaetine,1,2026-06-05T10:31:28+00:00
lilac_lock,1,2026-06-05T10:31:28+00:00
stillwthu,1,2026-06-05T10:31:28+00:00
maryoom_,1,2026-06-05T10:31:28+00:00
suneiku,1,2026-06-05T10:31:28+00:00
nayeli4movies,1,2026-06-05T10:31:28+00:00
abishkarr_,1,2026-06-05T10:31:28+00:00
dakpan39,1,2026-06-05T10:31:28+00:00
julia_990,1,2026-06-05T10:31:28+00:00
4hrain,1,2026-06-05T10:31:28+00:00
ggoodyvning,1,2026-06-05T10:31:28+00:00
scinkurisu,1,2026-06-05T10:31:28+00:00
pathetichobbit1,1,2026-06-05T10:31:28+00:00
5ive5ive5ive,1,2026-06-05T10:31:28+00:00
nlc0191,1,2026-06-05T10:31:28+00:00
khyunah0615,1,2026-06-05T10:31:28+00:00
warriorkk,1,2026-06-05T10:31:28+00:00
alyssajade96,1,2026-06-05T10:31:28+00:00
tong333,1,2026-06-05T10:31:28+00:00
eldakak,1,2026-06-05T10:31:28+00:00
averyyab,1,2026-06-05T10:31:28+00:00
kalebreviews,1,2026-06-05T10:31:28+00:00
radioheadk,1,2026-06-05T10:31:28+00:00
sreya105,1,2026-06-05T10:31:28+00:00
sonitb,1,2026-06-05T10:31:28+00:00
derpy_sol,1,2026-06-05T10:31:28+00:00
nxxars,1,2026-06-05T10:31:28+00:00
vishwas_r,1,2026-06-05T10:31:28+00:00
scielzo,1,2026-06-05T10:31:28+00:00
drp3pper_,1,2026-06-05T10:31:28+00:00
taimoork,1,2026-06-05T10:31:28+00:00
note___,1,2026-06-05T10:31:28+00:00
cacaboudaint,1,2026-06-05T10:31:28+00:00
annie275,1,2026-06-05T10:31:28+00:00
poppy_ste28,1,2026-06-05T10:31:28+00:00
cinecharan,1,2026-06-05T10:31:28+00:00
briellemwa09,1,2026-06-05T10:31:28+00:00
michaeltrewarn,1,2026-06-05T10:31:28+00:00
a19kshat,1,2026-06-05T10:31:28+00:00
duso01,1,2026-06-05T10:31:28+00:00
borr15,1,2026-06-05T10:31:28+00:00
maxlikesmovies0,1,2026-06-05T10:31:28+00:00
mizerygutz,1,2026-06-05T10:31:28+00:00
tobiaskailing,1,2026-06-05T10:31:28+00:00
s_andreagp,1,2026-06-05T10:31:28+00:00
nicholegarcia,1,2026-06-05T10:31:28+00:00
ainsguti,1,2026-06-05T10:31:28+00:00
lemm1213,1,2026-06-05T10:31:28+00:00
cosmoroni,1,2026-06-05T10:31:28+00:00
skkrt,1,2026-06-05T10:31:28+00:00
5footwarrior,1,2026-06-05T10:31:28+00:00
deimeisd,1,2026-06-05T10:31:28+00:00
vividentkarpuz,1,2026-06-05T10:31:28+00:00
spidey_44,1,2026-06-05T10:31:28+00:00
a_deer,1,2026-06-05T10:31:28+00:00
hel_snt,1,2026-06-05T10:31:28+00:00
emi26007,1,2026-06-05T10:31:28+00:00
hostle,1,2026-06-05T10:31:28+00:00
ashhhmf,1,2026-06-05T10:31:28+00:00
superede,1,2026-06-05T10:31:28+00:00
nameiskp,1,2026-06-05T10:31:28+00:00
capernaum,1,2026-06-05T10:31:28+00:00
wingsfish,1,2026-06-05T10:31:28+00:00
ilovesaoirse,1,2026-06-05T10:31:28+00:00
mayvi04,1,2026-06-05T10:31:28+00:00
esplosione,1,2026-06-05T10:31:28+00:00
1nxyah,1,2026-06-05T10:31:28+00:00
joylexa,1,2026-06-05T10:31:28+00:00
may_zozi,1,2026-06-05T10:31:28+00:00
riettelly,1,2026-06-05T10:31:28+00:00
sabrinawastaken,1,2026-06-05T10:31:28+00:00
piperdowd23,1,2026-06-05T10:31:28+00:00
leilamichiee,1,2026-06-05T10:31:28+00:00
bia_cvi,1,2026-06-05T10:31:28+00:00
fersitayeye,1,2026-06-05T10:31:28+00:00
thirdlens,1,2026-06-05T10:31:28+00:00
liviapchmlb,1,2026-06-05T10:31:28+00:00
itsurfaveli,1,2026-06-05T10:31:28+00:00
juliiatrmoss_,1,2026-06-05T10:31:28+00:00
garpettt,1,2026-06-05T10:31:28+00:00
pedroferrer1104,1,2026-06-05T10:31:28+00:00
wolverine_82,1,2026-06-05T10:31:28+00:00
standupguy73,1,2026-06-05T10:31:28+00:00
emiplz,1,2026-06-05T10:31:28+00:00
phupposlayer,1,2026-06-05T10:31:28+00:00
munha2,1,2026-06-05T10:31:28+00:00
quynh05,1,2026-06-05T10:31:28+00:00
priscilafrs,1,2026-06-05T10:31:28+00:00
freakazoin,1,2026-06-05T10:31:28+00:00
shirine67,1,2026-06-05T10:31:28+00:00
annakiaa,1,2026-06-05T10:31:28+00:00
valarr22,1,2026-06-05T10:31:28+00:00
qopwpsk,1,2026-06-05T10:31:28+00:00
kvelazquez,1,2026-06-05T10:31:28+00:00
gvizzy,1,2026-06-05T10:31:28+00:00
aimeevdb,1,2026-06-05T10:31:28+00:00
jungis67,1,2026-06-05T10:31:28+00:00
shannonpharr,1,2026-06-05T10:31:28+00:00
mtlakers95,1,2026-06-05T10:31:28+00:00
peitenimi,1,2026-06-05T10:31:28+00:00
sco_jo,1,2026-06-05T10:31:28+00:00
smannn,1,2026-06-05T10:31:28+00:00
damepiti,1,2026-06-05T10:31:28+00:00
emmyjott,1,2026-06-05T10:31:28+00:00
jacobzuk,1,2026-06-05T10:31:28+00:00
poojasbehaviorr,1,2026-06-05T10:31:28+00:00
rexyyyyyy,1,2026-06-05T10:31:28+00:00
lovelybaby,1,2026-06-05T10:31:28+00:00
bechloe123,1,2026-06-05T10:31:28+00:00
julietfreed,1,2026-06-05T10:31:28+00:00
paylor_shields,1,2026-06-05T10:31:28+00:00
em_7ma,1,2026-06-05T10:31:28+00:00
w45n,1,2026-06-05T10:31:28+00:00
divyanarayan12,1,2026-06-05T10:31:28+00:00
heykevinhikevin,1,2026-06-05T10:31:28+00:00
7eevees,1,2026-06-05T10:31:28+00:00
ay4h20,1,2026-06-05T10:31:28+00:00
oniongarlicasin,1,2026-06-05T10:31:28+00:00
catemott,1,2026-06-05T10:31:28+00:00
sunshine200999,1,2026-06-05T10:31:28+00:00
lara_maia,1,2026-06-05T10:31:28+00:00
yadeshg,1,2026-06-05T10:31:28+00:00
ellalalalalal,1,2026-06-05T10:31:28+00:00
anni3_,1,2026-06-05T10:31:28+00:00
zaarasanjay,1,2026-06-05T10:31:28+00:00
bebeknonton,1,2026-06-05T10:31:28+00:00
lisaaak,1,2026-06-05T10:31:28+00:00
kelskels21,1,2026-06-05T10:31:28+00:00
elizabetepro,1,2026-06-05T10:31:28+00:00
yuryesyaha,1,2026-06-05T10:31:28+00:00
xpatroa,1,2026-06-05T10:31:28+00:00
hanaoh,1,2026-06-05T10:31:28+00:00
morganbaiz,1,2026-06-05T10:31:28+00:00
eaglemelee,1,2026-06-05T10:31:28+00:00
struzzella,1,2026-06-05T10:31:28+00:00
bckybrness,1,2026-06-05T10:31:28+00:00
abhinavrp27,1,2026-06-05T10:31:28+00:00
_oblivious_12,1,2026-06-05T10:31:28+00:00
gryaaa,1,2026-06-05T10:31:28+00:00
sammykb,1,2026-06-05T10:31:28+00:00
noval_,1,2026-06-05T10:31:28+00:00
samuellopezz,1,2026-06-05T10:31:28+00:00
alialrazehi,1,2026-06-05T10:31:28+00:00
spxrkyy,1,2026-06-05T10:31:28+00:00
gtn_tc,1,2026-06-05T10:31:28+00:00
evrenselkenan,1,2026-06-05T10:31:28+00:00
elliesmyth,1,2026-06-05T10:31:28+00:00
fizzybizzy47,1,2026-06-05T10:31:28+00:00
andruidd,1,2026-06-05T10:31:28+00:00
mumtazar,1,2026-06-05T10:31:28+00:00
jiejie13,1,2026-06-05T10:31:28+00:00
vedran_101,1,2026-06-05T10:31:28+00:00
juliact_,1,2026-06-05T10:31:28+00:00
pesudoo,1,2026-06-05T10:31:28+00:00
lxulxu,1,2026-06-05T10:31:28+00:00
no_f_ing_idea,1,2026-06-05T10:31:28+00:00
cs_farias,1,2026-06-05T10:31:28+00:00
ilovejeonghan,1,2026-06-05T10:31:28+00:00
fhenville,1,2026-06-05T10:31:28+00:00
gusban1,1,2026-06-05T10:31:28+00:00
leosanches5988,1,2026-06-05T10:31:28+00:00
getfree7,1,2026-06-05T10:31:28+00:00
dryfuneral,1,2026-06-05T10:31:28+00:00
bluepostitman,1,2026-06-05T10:31:28+00:00
pinkcabinetdoor,1,2026-06-05T10:31:28+00:00
0ddyseus,1,2026-06-05T10:31:28+00:00
elsamn,1,2026-06-05T10:31:28+00:00
wissieve,1,2026-06-05T10:31:28+00:00
sandhyaaaaaa,1,2026-06-05T10:31:28+00:00
_jjudiit_,1,2026-06-05T10:31:28+00:00
ozmira,1,2026-06-05T10:31:28+00:00
yamur_t,1,2026-06-05T10:31:28+00:00
s_mp4,1,2026-06-05T10:31:28+00:00
iremednc,1,2026-06-05T10:31:28+00:00
deryya_,1,2026-06-05T10:31:28+00:00
basilcooki,1,2026-06-05T10:31:28+00:00
ellydesalis,1,2026-06-05T10:31:28+00:00
pinoyboyballs,1,2026-06-05T10:31:28+00:00
fl0r3nc31,1,2026-06-05T10:31:28+00:00
graciecomeback,1,2026-06-05T10:31:28+00:00
alexiafln,1,2026-06-05T10:31:28+00:00
leocorreiao,1,2026-06-05T10:31:28+00:00
mafalda333,1,2026-06-05T10:31:28+00:00
meunami,1,2026-06-05T10:31:28+00:00
kieee3658,1,2026-06-05T10:31:28+00:00
lothaire09,1,2026-06-05T10:31:28+00:00
paulo__lima,1,2026-06-05T10:31:28+00:00
wasserman501,1,2026-06-05T10:31:28+00:00
pinoyidiot,1,2026-06-05T10:31:28+00:00
ciowatcher,1,2026-06-05T10:31:28+00:00
marinatsusua,1,2026-06-05T10:31:28+00:00
casealop,1,2026-06-05T10:31:28+00:00
skyllers,1,2026-06-05T10:31:28+00:00
hoorie_00,1,2026-06-05T10:31:28+00:00
cheapthoughts,1,2026-06-05T10:31:28+00:00
anapuca,1,2026-06-05T10:31:28+00:00
jagody,1,2026-06-05T10:31:28+00:00
elizabeth_21,1,2026-06-05T10:31:28+00:00
raincptl,1,2026-06-05T10:31:28+00:00
slowpoisonx,1,2026-06-05T10:31:28+00:00
koficci,1,2026-06-05T10:31:28+00:00
juan4k00,1,2026-06-05T10:31:28+00:00
bagaswell,1,2026-06-05T10:31:28+00:00
andreazeron,1,2026-06-05T10:31:28+00:00
jadenwest,1,2026-06-05T10:31:28+00:00
salomebrsn,1,2026-06-05T10:31:28+00:00
vikaaa_cl,1,2026-06-05T10:31:28+00:00
aidenclarkson,1,2026-06-05T10:31:28+00:00
oceanlu,1,2026-06-05T10:31:28+00:00
maadou,1,2026-06-05T10:31:28+00:00
axelsimon,1,2026-06-05T10:31:28+00:00
alegzmanea,1,2026-06-05T10:31:28+00:00
w4ll_fl0w3r,1,2026-06-05T10:31:28+00:00
ditaoo,1,2026-06-05T10:31:28+00:00
nowownowow,1,2026-06-05T10:31:28+00:00
munozmarc9,1,2026-06-05T10:31:28+00:00
druvr2,1,2026-06-05T10:31:28+00:00
carlotaabas,1,2026-06-05T10:31:28+00:00
sambean,1,2026-06-05T10:31:28+00:00
pauloandres,1,2026-06-05T10:31:28+00:00
morabonet,1,2026-06-05T10:31:28+00:00
golurk623,1,2026-06-05T10:31:28+00:00
wh0sthisbitch,1,2026-06-05T10:31:28+00:00
maca_lv,1,2026-06-05T10:31:28+00:00
marioizcoollol,1,2026-06-05T10:31:28+00:00
jukebuggg,1,2026-06-05T10:31:28+00:00
hindranceshape,1,2026-06-05T10:31:28+00:00
ninhashift,1,2026-06-05T10:31:28+00:00
jubileek,1,2026-06-05T10:31:28+00:00
emagual,1,2026-06-05T10:31:28+00:00
fyaaaaw,1,2026-06-05T10:31:28+00:00
ssred,1,2026-06-05T10:31:28+00:00
pincsam,1,2026-06-05T10:31:28+00:00
chavira,1,2026-06-05T10:31:28+00:00
cndnleif,1,2026-06-05T10:31:28+00:00
lilbeni,1,2026-06-05T10:31:28+00:00
helenka2000,1,2026-06-05T10:31:28+00:00
link1492,1,2026-06-05T10:31:28+00:00
follkmore,1,2026-06-05T10:31:28+00:00
megamikemovies,1,2026-06-05T10:31:28+00:00
manishsahay,1,2026-06-05T10:31:28+00:00
cliffo88,1,2026-06-05T10:31:28+00:00
akiya402,1,2026-06-05T10:31:28+00:00
nd4spd,1,2026-06-05T10:31:28+00:00
thenotoriousppv,1,2026-06-05T10:31:28+00:00
cheddabrown,1,2026-06-05T10:31:28+00:00
deanmfjones,1,2026-06-05T10:31:28+00:00
misanthrope,1,2026-06-05T10:31:28+00:00
morgueinhill,1,2026-06-05T10:31:28+00:00
msminty,1,2026-06-05T10:31:28+00:00
shawn819,1,2026-06-05T10:31:28+00:00
albo1988,1,2026-06-05T10:31:28+00:00
kdraizada,1,2026-06-05T10:31:28+00:00
sneh24,1,2026-06-05T10:31:28+00:00
lesba,1,2026-06-05T10:31:28+00:00
tomeke33,1,2026-06-05T10:31:28+00:00
angrmgmt,1,2026-06-05T10:31:28+00:00
translatedoggie,1,2026-06-05T10:31:28+00:00
vhscreep,1,2026-06-05T10:31:28+00:00
pozukago,1,2026-06-05T10:31:28+00:00
kferg24,1,2026-06-05T10:31:28+00:00
netwrks,1,2026-06-05T10:31:28+00:00
esbenn,1,2026-06-05T10:31:28+00:00
kanaksmash,1,2026-06-05T10:31:28+00:00
4lixishere,1,2026-06-05T10:31:28+00:00
lanemeyer,1,2026-06-05T10:31:28+00:00
bmichaud26,1,2026-06-05T10:31:28+00:00
ksatriastar,1,2026-06-05T10:31:28+00:00
kccreeker,1,2026-06-05T10:31:28+00:00
ceben16,1,2026-06-05T10:31:28+00:00
theresjustnoway,1,2026-06-05T10:31:28+00:00
han637376,1,2026-06-05T10:31:28+00:00
juggernaut323,1,2026-06-05T10:31:28+00:00
gradientmedia,1,2026-06-05T10:31:28+00:00
floie1983,1,2026-06-05T10:31:28+00:00
jazzypattullo,1,2026-06-05T10:31:28+00:00
kbange,1,2026-06-05T10:31:28+00:00
boxuchan,1,2026-06-05T10:31:28+00:00
desperado83,1,2026-06-05T10:31:28+00:00
ksorensen75,1,2026-06-05T10:31:28+00:00
preisman,1,2026-06-05T10:31:28+00:00
blooooosms,1,2026-06-05T10:31:28+00:00
_jester_,1,2026-06-05T10:31:28+00:00
beardo40,1,2026-06-05T10:31:28+00:00
plandy,1,2026-06-05T10:31:28+00:00
kinggamera,1,2026-06-05T10:31:28+00:00
imhimothy,1,2026-06-05T10:31:28+00:00
chaos602,1,2026-06-05T10:31:28+00:00
adambyadam,1,2026-06-05T10:31:28+00:00
supergnome,1,2026-06-05T10:31:28+00:00
hornet44,1,2026-06-05T10:31:28+00:00
daphnecosta,1,2026-06-05T10:31:28+00:00
tomcody,1,2026-06-05T10:31:28+00:00
brodydubeck,1,2026-06-05T10:31:28+00:00
redalb79,1,2026-06-05T10:31:28+00:00
bwallach,1,2026-06-05T10:31:28+00:00
lilacwine_111,1,2026-06-05T10:31:28+00:00
williamhedman,1,2026-06-05T10:31:28+00:00
drorsabi1,1,2026-06-05T10:31:28+00:00
handersonlarson,1,2026-06-05T10:31:28+00:00
maazinzaidix,1,2026-06-05T10:31:28+00:00
jjimenez82,1,2026-06-05T10:31:28+00:00
spartan_phoenix,1,2026-06-05T10:31:28+00:00
katoushaa,1,2026-06-05T10:31:28+00:00
agscreen,1,2026-06-05T10:31:28+00:00
landoftheangels,1,2026-06-05T10:31:28+00:00
atomizerr,1,2026-06-05T10:31:28+00:00
logan1212,1,2026-06-05T10:31:28+00:00
bigbuckhunter24,1,2026-06-05T10:31:28+00:00
agustinparera77,1,2026-06-05T10:31:28+00:00
wafflobill,1,2026-06-05T10:31:28+00:00
aidanharbour,1,2026-06-05T10:31:28+00:00
tedtheologan,1,2026-06-05T10:31:28+00:00
becca1986,1,2026-06-05T10:31:28+00:00
askim22,1,2026-06-05T10:31:28+00:00
rasoulfarmani,1,2026-06-05T10:31:28+00:00
vitokorleone91,1,2026-06-05T10:31:28+00:00
kaleon666,1,2026-06-05T10:31:28+00:00
michaele1974,1,2026-06-05T10:31:28+00:00
rusev14,1,2026-06-05T10:31:28+00:00
kritkolo,1,2026-06-05T10:31:28+00:00
mayachmovies,1,2026-06-05T10:31:28+00:00
film2,1,2026-06-05T10:31:28+00:00
gjerasimoskaj,1,2026-06-05T10:31:28+00:00
liliithx,1,2026-06-05T10:31:28+00:00
yckmd_,1,2026-06-05T10:31:28+00:00
ttam91,1,2026-06-05T10:31:28+00:00
4ever3,1,2026-06-05T10:31:28+00:00
azureliyz,1,2026-06-05T10:31:28+00:00
tymophile,1,2026-06-05T10:31:28+00:00
wilsonbiles,1,2026-06-05T10:31:28+00:00
lalalainey_,1,2026-06-05T10:31:28+00:00
hyfra,1,2026-06-05T10:31:28+00:00
hislion,1,2026-06-05T10:31:28+00:00
jonkiss,1,2026-06-05T10:31:28+00:00
bean829,1,2026-06-05T10:31:28+00:00
jdontee,1,2026-06-05T10:31:28+00:00
fredthedruid,1,2026-06-05T10:31:28+00:00
animemotorcycle,1,2026-06-05T10:31:28+00:00
lenny_feder,1,2026-06-05T10:31:28+00:00
dontstop22,1,2026-06-05T10:31:28+00:00
dedelaya,1,2026-06-05T10:31:28+00:00
villainforfun,1,2026-06-05T10:31:28+00:00
ultra_vi0let,1,2026-06-05T10:31:28+00:00
dashcoom,1,2026-06-05T10:31:28+00:00
matandaudrey,1,2026-06-05T10:31:28+00:00
cavaken,1,2026-06-05T10:31:28+00:00
mejiacar,1,2026-06-05T10:31:28+00:00
minagrentham,1,2026-06-05T10:31:28+00:00
scunnerdarkly,1,2026-06-05T10:31:28+00:00
filmjunkie82,1,2026-06-05T10:31:28+00:00
movied0ll,1,2026-06-05T10:31:28+00:00
gabe_romero,1,2026-06-05T10:31:28+00:00
goblingirlee,1,2026-06-05T10:31:28+00:00
funky_ricky,1,2026-06-05T10:31:28+00:00
thedopeknight,1,2026-06-05T10:31:28+00:00
seizure,1,2026-06-05T10:31:28+00:00
thewickerman,1,2026-06-05T10:31:28+00:00
oneanddone,1,2026-06-05T10:31:28+00:00
capa_ble,1,2026-06-05T10:31:28+00:00
susie_j,1,2026-06-05T10:31:28+00:00
kimdokjasacred,1,2026-06-05T10:31:28+00:00
vitaminflint,1,2026-06-05T10:31:28+00:00
vaishank3_314,1,2026-06-05T10:31:28+00:00
rico23,1,2026-06-05T10:31:28+00:00
tushyoo,1,2026-06-05T10:31:28+00:00
rebeccagransden,1,2026-06-05T10:31:28+00:00
jenpen916,1,2026-06-05T10:31:28+00:00
morgandeadite,1,2026-06-05T10:31:28+00:00
squashysoup,1,2026-06-05T10:31:28+00:00
glamvhs,1,2026-06-05T10:31:28+00:00
thumb51,1,2026-06-05T10:31:28+00:00
alainh,1,2026-06-05T10:31:28+00:00
gunpreet02,1,2026-06-05T10:31:28+00:00
r42e,1,2026-06-05T10:31:28+00:00
meister74,1,2026-06-05T10:31:28+00:00
earnestborgnine,1,2026-06-05T10:31:28+00:00
jac_k_,1,2026-06-05T10:31:28+00:00
kajtekkkk,1,2026-06-05T10:31:28+00:00
spookyx3,1,2026-06-05T10:31:28+00:00
beardoftsu,1,2026-06-05T10:31:28+00:00
firemi_m,1,2026-06-05T10:31:28+00:00
kazishahariar,1,2026-06-05T10:31:28+00:00
rarefilmm1,1,2026-06-05T10:31:28+00:00
maxsegal472,1,2026-06-05T10:31:28+00:00
n84tombro,1,2026-06-05T10:31:28+00:00
slugmane,1,2026-06-05T10:31:28+00:00
dokwild,1,2026-06-05T10:31:28+00:00
justwannabeabee,1,2026-06-05T10:31:28+00:00
plyschko,1,2026-06-05T10:31:28+00:00
timdenevan,1,2026-06-05T10:31:28+00:00
daniel563,1,2026-06-05T10:31:28+00:00
mrbarbarian,1,2026-06-05T10:31:28+00:00
drxanadu,1,2026-06-05T10:31:28+00:00
mattthemoviesm,1,2026-06-05T10:31:28+00:00
mganz82,1,2026-06-05T10:31:28+00:00
starringmachine,1,2026-06-05T10:31:28+00:00
sarah404,1,2026-06-05T10:31:28+00:00
hubris_420,1,2026-06-05T10:31:28+00:00
djhupp,1,2026-06-05T10:31:28+00:00
panzerman,1,2026-06-05T10:31:28+00:00
oolong66,1,2026-06-05T10:31:28+00:00
baykus,1,2026-06-05T10:31:28+00:00
dipthegeezer,1,2026-06-05T10:31:28+00:00
fourdot,1,2026-06-05T10:31:28+00:00
radiofreelee,1,2026-06-05T10:31:28+00:00
socratitys,1,2026-06-05T10:31:28+00:00
almer2303,1,2026-06-05T10:31:28+00:00
oh_dae_su,1,2026-06-05T10:31:28+00:00
arkwyvern,1,2026-06-05T10:31:28+00:00
peckham_71,1,2026-06-05T10:31:28+00:00
matthibbing,1,2026-06-05T10:31:28+00:00
trtreiber,1,2026-06-05T10:31:28+00:00
vatsofgoo,1,2026-06-05T10:31:28+00:00
rebbrown,1,2026-06-05T10:31:28+00:00
sebb1818,1,2026-06-05T10:31:28+00:00
thesuperpan,1,2026-06-05T10:31:28+00:00
flynnick,1,2026-06-05T10:31:28+00:00
froggyfroggies,1,2026-06-05T10:31:28+00:00
guerrillapsyche,1,2026-06-05T10:31:28+00:00
treritch,1,2026-06-05T10:31:28+00:00
missjeanette11,1,2026-06-05T10:31:28+00:00
arieljuarez,1,2026-06-05T10:31:28+00:00
cameron89,1,2026-06-05T10:31:28+00:00
martinfool,1,2026-06-05T10:31:28+00:00
smilingallday,1,2026-06-05T10:31:28+00:00
dimestorego,1,2026-06-05T10:31:28+00:00
proofrock,1,2026-06-05T10:31:28+00:00
sash5034,1,2026-06-05T10:31:28+00:00
mdfilmblog,1,2026-06-05T10:31:28+00:00
mikesmithfilm,1,2026-06-05T10:31:28+00:00
connorcarey,1,2026-06-05T10:31:28+00:00
bingusbigger,1,2026-06-05T10:31:28+00:00
iheartmaddie,1,2026-06-05T10:31:28+00:00
glowamy,1,2026-06-05T10:31:28+00:00
papa_spicy,1,2026-06-05T10:31:28+00:00
saint_hooligan,1,2026-06-05T10:31:28+00:00
80selizabeth,1,2026-06-05T10:31:28+00:00
jaseuk,1,2026-06-05T10:31:28+00:00
yzghart,1,2026-06-05T10:31:28+00:00
steve42_,1,2026-06-05T10:31:28+00:00
johanlefourbe,1,2026-06-05T10:31:28+00:00
smhunt2nd,1,2026-06-05T10:31:28+00:00
sophiep01,1,2026-06-05T10:31:28+00:00
joeking78,1,2026-06-05T10:31:28+00:00
larophile,1,2026-06-05T10:31:28+00:00
idealghosts,1,2026-06-05T10:31:28+00:00
madi_danger,1,2026-06-05T10:31:28+00:00
writingonfilm,1,2026-06-05T10:31:28+00:00
thedude1992,1,2026-06-05T10:31:28+00:00
coffeegirl,1,2026-06-05T10:31:28+00:00
afxturnip,1,2026-06-05T10:31:28+00:00
uberrudo,1,2026-06-05T10:31:28+00:00
robertraur,1,2026-06-05T10:31:28+00:00
joshuaminh,1,2026-06-05T10:31:28+00:00
secretballer83,1,2026-06-05T10:31:28+00:00
iyidegilimsensi,1,2026-06-05T10:31:28+00:00
silverthunder,1,2026-06-05T10:31:28+00:00
breanna_smith,1,2026-06-05T10:31:28+00:00
viniciusfernade,1,2026-06-05T10:31:28+00:00
andrewlibby,1,2026-06-05T10:31:28+00:00
ag732,1,2026-06-05T10:31:28+00:00
matthewsmitley,1,2026-06-05T10:31:28+00:00
tallion99,1,2026-06-05T10:31:28+00:00
jjburke,1,2026-06-05T10:31:28+00:00
kitty392,1,2026-06-05T10:31:28+00:00
ddw1403,1,2026-06-05T10:31:28+00:00
jinxtale_n,1,2026-06-05T10:31:28+00:00
ann1kaseyes,1,2026-06-05T10:31:28+00:00
lunajuice,1,2026-06-05T10:31:28+00:00
bendehoedt,1,2026-06-05T10:31:28+00:00
m3tov,1,2026-06-05T10:31:28+00:00
blackdragon2882,1,2026-06-05T10:31:28+00:00
liquidnails,1,2026-06-05T10:31:28+00:00
lordvoldtvader,1,2026-06-05T10:31:28+00:00
jaketringali,1,2026-06-05T10:31:28+00:00
kyleh20,1,2026-06-05T10:31:28+00:00
mathewhamilton,1,2026-06-05T10:31:28+00:00
jellebabz,1,2026-06-05T10:31:28+00:00
vernlien,1,2026-06-05T10:31:28+00:00
feldspar8,1,2026-06-05T10:31:28+00:00
justbeingfranke,1,2026-06-05T10:31:28+00:00
chudcity,1,2026-06-05T10:31:28+00:00
alanhostick,1,2026-06-05T10:31:28+00:00
harleyhd,1,2026-06-05T10:31:28+00:00
da1punchdown,1,2026-06-05T10:31:28+00:00
jayklims,1,2026-06-05T10:31:28+00:00
dualover,1,2026-06-05T10:31:28+00:00
sameer860,1,2026-06-05T10:31:28+00:00
jiqura,1,2026-06-05T10:31:28+00:00
miguelg1,1,2026-06-05T10:31:28+00:00
leonor_1609,1,2026-06-05T10:31:28+00:00
rmtndhie,1,2026-06-05T10:31:28+00:00
temavtb,1,2026-06-05T10:31:28+00:00
witteeik,1,2026-06-05T10:31:28+00:00
skygoon,1,2026-06-05T10:31:28+00:00
chevytwo,1,2026-06-05T10:31:28+00:00
ab3gail,1,2026-06-05T10:31:28+00:00
shuku3,1,2026-06-05T10:31:28+00:00
bbbaaar,1,2026-06-05T10:31:28+00:00
aalonxxvi,1,2026-06-05T10:31:28+00:00
galiboy,1,2026-06-05T10:31:28+00:00
milosz_larp,1,2026-06-05T10:31:28+00:00
rossmerritt,1,2026-06-05T10:31:28+00:00
rraphhi,1,2026-06-05T10:31:28+00:00
maddy6163,1,2026-06-05T10:31:28+00:00
fir4fly,1,2026-06-05T10:31:28+00:00
emmagares,1,2026-06-05T10:31:28+00:00
popcornmerchant,1,2026-06-05T10:31:28+00:00
sinnamon_21,1,2026-06-05T10:31:28+00:00
nekoru,1,2026-06-05T10:31:28+00:00
delfinoadueante,1,2026-06-05T10:31:28+00:00
matthew7703,1,2026-06-05T10:31:28+00:00
ghitch66,1,2026-06-05T10:31:28+00:00
zoelovesart,1,2026-06-05T10:31:28+00:00
davarein,1,2026-06-05T10:31:28+00:00
heisenwhite02,1,2026-06-05T10:31:28+00:00
iinf,1,2026-06-05T10:31:28+00:00
aaavemaria,1,2026-06-05T10:31:28+00:00
nina_mackay,1,2026-06-05T10:31:28+00:00
georgec066,1,2026-06-05T10:31:28+00:00
hunterboomba,1,2026-06-05T10:31:28+00:00
hayyr,1,2026-06-05T10:31:28+00:00
avirgili,1,2026-06-05T10:31:28+00:00
greataste,1,2026-06-05T10:31:28+00:00
liambelanger,1,2026-06-05T10:31:28+00:00
joecassi,1,2026-06-05T10:31:28+00:00
ossakii,1,2026-06-05T10:31:28+00:00
maaaarv,1,2026-06-05T10:31:28+00:00
joelowth,1,2026-06-05T10:31:28+00:00
ronanmccabe,1,2026-06-05T10:31:28+00:00
sigget,1,2026-06-05T10:31:28+00:00
charlieorourke,1,2026-06-05T10:31:28+00:00
mezz2,1,2026-06-05T10:31:28+00:00
apemm,1,2026-06-05T10:31:28+00:00
hk14_wfc,1,2026-06-05T10:31:28+00:00
yummyfries,1,2026-06-05T10:31:28+00:00
crusader_64p,1,2026-06-05T10:31:28+00:00
noahhightower,1,2026-06-05T10:31:28+00:00
dimakie,1,2026-06-05T10:31:28+00:00
charlesconroy,1,2026-06-05T10:31:28+00:00
gabozuppa,1,2026-06-05T10:31:28+00:00
jamesm42,1,2026-06-05T10:31:28+00:00
johngot_hisgun,1,2026-06-05T10:31:28+00:00
jaiyutaglazer,1,2026-06-05T10:31:28+00:00
moijesuiscoach,1,2026-06-05T10:31:28+00:00
odyle,1,2026-06-05T10:31:28+00:00
julius__seizure,1,2026-06-05T10:31:28+00:00
dylancoad,1,2026-06-05T10:31:28+00:00
massa000,1,2026-06-05T10:31:28+00:00
kennedieblu,1,2026-06-05T10:31:28+00:00
diegonomy,1,2026-06-05T10:31:28+00:00
juliettwxx,1,2026-06-05T10:31:28+00:00
nongsanook,1,2026-06-05T10:31:28+00:00
pinktalesnot,1,2026-06-05T10:31:28+00:00
1xmax,1,2026-06-05T10:31:28+00:00
lopezmacpherson,1,2026-06-05T10:31:28+00:00
absolute_ramen,1,2026-06-05T10:31:28+00:00
mennye_1234,1,2026-06-05T10:31:28+00:00
sexyfurrygirl,1,2026-06-05T10:31:28+00:00
drew_98,1,2026-06-05T10:31:28+00:00
timvarton,1,2026-06-05T10:31:28+00:00
bcbealhen,1,2026-06-05T10:31:28+00:00
raheemshezad,1,2026-06-05T10:31:28+00:00
giadina09,1,2026-06-05T10:31:28+00:00
h0pe_04,1,2026-06-05T10:31:28+00:00
_thefive_,1,2026-06-05T10:31:28+00:00
8onnie,1,2026-06-05T10:31:28+00:00
dame_vdm,1,2026-06-05T10:31:28+00:00
will_eaton5,1,2026-06-05T10:31:28+00:00
ronan_choi,1,2026-06-05T10:31:28+00:00
cleons,1,2026-06-05T10:31:28+00:00
aysnn_26,1,2026-06-05T10:31:28+00:00
sonsigm,1,2026-06-05T10:31:28+00:00
ecl2,1,2026-06-05T10:31:28+00:00
ritzyun,1,2026-06-05T10:31:28+00:00
n0tkawaii,1,2026-06-05T10:31:28+00:00
m00n2,1,2026-06-05T10:31:28+00:00
starryycosmos,1,2026-06-05T10:31:28+00:00
ghostsintown,1,2026-06-05T10:31:28+00:00
n1328,1,2026-06-05T10:31:28+00:00
nicgel,1,2026-06-05T10:31:28+00:00
sabje,1,2026-06-05T10:31:28+00:00
sachmuch,1,2026-06-05T10:31:28+00:00
ecosy,1,2026-06-05T10:31:28+00:00
casiegirlll,1,2026-06-05T10:31:28+00:00
l4kshm4n_,1,2026-06-05T10:31:28+00:00
fahd_f15,1,2026-06-05T10:31:28+00:00
siennaism,1,2026-06-05T10:31:28+00:00
syrke,1,2026-06-05T10:31:28+00:00
fuisumero_,1,2026-06-05T10:31:28+00:00
suiii_man,1,2026-06-05T10:31:28+00:00
octave_1,1,2026-06-05T10:31:28+00:00
