movie_id,title,year,movie_url,created_at
movie_871fea660f35,The Devil Wears Prada 2,,,2026-05-25T11:31:02+00:00
movie_5d698159a979,The Devil Wears Prada 2 (2026),,https://letterboxd.com/film/the-devil-wears-prada-2/,2026-05-25T11:31:02+00:00
movie_013fc9446ecf,Michael (2026),,https://letterboxd.com/film/michael-2026/,2026-05-25T11:31:02+00:00
movie_ee3c31396b08,The Drama (2026),,https://letterboxd.com/film/the-drama/,2026-05-25T11:31:02+00:00
movie_abe81071e651,Scream 7 (2026),,https://letterboxd.com/film/scream-7/,2026-05-25T11:31:02+00:00
movie_a66d3f7ee581,How to Make a Killing (2026),,https://letterboxd.com/film/how-to-make-a-killing-2026/,2026-05-25T11:31:02+00:00
movie_e18af3485a4f,Wuthering Heights (2026),,https://letterboxd.com/film/wuthering-heights-2026/,2026-05-25T11:31:02+00:00
movie_974d12c07a61,The Rip (2026),,https://letterboxd.com/film/the-rip-2026/,2026-05-25T11:31:02+00:00
movie_23a2cb71790b,Stranger Things 5: The Finale (2025),,https://letterboxd.com/film/stranger-things-5-the-finale/,2026-05-25T11:31:02+00:00
movie_378b57d0114c,Anaconda (2025),,https://letterboxd.com/film/anaconda-2025/,2026-05-25T11:31:02+00:00
movie_3ff0917b59a7,Five Nights at Freddy's 2 (2025),,https://letterboxd.com/film/five-nights-at-freddys-2/,2026-05-25T11:31:02+00:00
movie_f80612874d62,The Housemaid (2025),,https://letterboxd.com/film/the-housemaid-2025/,2026-05-25T11:31:02+00:00
movie_34436252f567,Wicked: For Good (2025),,https://letterboxd.com/film/wicked-for-good/,2026-05-25T11:31:02+00:00
movie_8fbe56e42ae3,The Running Man (2025),,https://letterboxd.com/film/the-running-man-2025/,2026-05-25T11:31:02+00:00
movie_8907cd2784a3,Is This Thing On? (2025),,https://letterboxd.com/film/is-this-thing-on-2025/,2026-05-25T11:31:02+00:00
movie_81f7ba5c4398,Marty Supreme (2025),,https://letterboxd.com/film/marty-supreme/,2026-05-25T11:31:02+00:00
movie_c844a814c20f,One Battle After Another (2025),,https://letterboxd.com/film/one-battle-after-another/,2026-05-25T11:31:02+00:00
movie_f919c61663a7,Roofman (2025),,https://letterboxd.com/film/roofman/,2026-05-25T11:31:02+00:00
movie_dc8c05f5e47e,Wake Up Dead Man (2025),,https://letterboxd.com/film/wake-up-dead-man/,2026-05-25T11:31:02+00:00
movie_78f4ddce6e3e,The Conjuring: Last Rites (2025),,https://letterboxd.com/film/the-conjuring-last-rites/,2026-05-25T11:31:02+00:00
movie_5f576f18fba5,The Smashing Machine (2025),,https://letterboxd.com/film/the-smashing-machine-2025/,2026-05-25T11:31:02+00:00
movie_ef5e696ae77f,Frankenstein (2025),,https://letterboxd.com/film/frankenstein-2025/,2026-05-25T11:31:02+00:00
movie_20df769f6663,Springsteen: Deliver Me from Nowhere (2025),,https://letterboxd.com/film/springsteen-deliver-me-from-nowhere/,2026-05-25T11:31:02+00:00
movie_b99571974530,Hamnet (2025),,https://letterboxd.com/film/hamnet/,2026-05-25T11:31:02+00:00
movie_c5cbcc8d458e,Jay Kelly (2025),,https://letterboxd.com/film/jay-kelly/,2026-05-25T11:31:02+00:00
movie_b5ed9c1fb50f,Bugonia (2025),,https://letterboxd.com/film/bugonia/,2026-05-25T11:31:02+00:00
movie_4ad91f39a5a0,The Roses (2025),,https://letterboxd.com/film/the-roses-2025/,2026-05-25T11:31:02+00:00
movie_0585f7ef90bf,Caught Stealing (2025),,https://letterboxd.com/film/caught-stealing/,2026-05-25T11:31:02+00:00
movie_0283ee59a98b,Freakier Friday (2025),,https://letterboxd.com/film/freakier-friday/,2026-05-25T11:31:02+00:00
movie_7f567902dd69,Weapons (2025),,https://letterboxd.com/film/weapons-2025/,2026-05-25T11:31:02+00:00
movie_600afaf95f85,War of the Worlds (2025),,https://letterboxd.com/film/war-of-the-worlds-2025/,2026-05-25T11:31:02+00:00
movie_6f306ec3b4fd,Happy Gilmore 2 (2025),,https://letterboxd.com/film/happy-gilmore-2/,2026-05-25T11:31:02+00:00
movie_3ee0ffb1efb0,The Fantastic 4: First Steps (2025),,https://letterboxd.com/film/the-fantastic-4-first-steps/,2026-05-25T11:31:02+00:00
movie_e22fd77c2aab,Superman (2025),,https://letterboxd.com/film/superman-2025/,2026-05-25T11:31:02+00:00
movie_7fdac2d5d755,28 Years Later (2025),,https://letterboxd.com/film/28-years-later/,2026-05-25T11:31:02+00:00
movie_b82b02bbe797,Jurassic World Rebirth (2025),,https://letterboxd.com/film/jurassic-world-rebirth/,2026-05-25T11:31:02+00:00
movie_414fdc6a1f3f,Materialists (2025),,https://letterboxd.com/film/materialists/,2026-05-25T11:31:02+00:00
movie_1ef532512934,Die My Love (2025),,https://letterboxd.com/film/die-my-love/,2026-05-25T11:31:02+00:00
movie_ed4626a25068,Eddington (2025),,https://letterboxd.com/film/eddington/,2026-05-25T11:31:02+00:00
movie_d61c7a4e8a27,Sinners (2025),,https://letterboxd.com/film/sinners-2025/,2026-05-25T11:31:02+00:00
movie_81c156403dd2,A Minecraft Movie (2025),,https://letterboxd.com/film/a-minecraft-movie/,2026-05-25T11:31:02+00:00
movie_d7a47fbec631,Snow White (2025),,https://letterboxd.com/film/snow-white-2025/,2026-05-25T11:31:02+00:00
movie_eca92ae852f8,Adolescence (2025),,https://letterboxd.com/film/adolescence-2025/,2026-05-25T11:31:02+00:00
movie_b823d997146f,Blue Moon (2025),,https://letterboxd.com/film/blue-moon-2025/,2026-05-25T11:31:02+00:00
movie_9d32bd34b0d5,Train Dreams (2025),,https://letterboxd.com/film/train-dreams/,2026-05-25T11:31:02+00:00
movie_5bd3aa3a6f80,The Perfect Neighbor (2025),,https://letterboxd.com/film/the-perfect-neighbour/,2026-05-25T11:31:02+00:00
movie_02abd77512ca,Sonic the Hedgehog 3 (2024),,https://letterboxd.com/film/sonic-the-hedgehog-3/,2026-05-25T11:31:02+00:00
movie_33c4d3b21f1d,A Complete Unknown (2024),,https://letterboxd.com/film/a-complete-unknown/,2026-05-25T11:31:02+00:00
movie_1c7d080e0039,Carry-On (2024),,https://letterboxd.com/film/carry-on-2024/,2026-05-25T11:31:02+00:00
movie_a4c7f895ebe6,Moana 2 (2024),,https://letterboxd.com/film/moana-2/,2026-05-25T11:31:02+00:00
movie_6528dbc76ec3,Nosferatu (2024),,https://letterboxd.com/film/nosferatu-2024/,2026-05-25T11:31:02+00:00
movie_4c1367a10e37,Juror #2 (2024),,https://letterboxd.com/film/juror-2/,2026-05-25T11:31:02+00:00
movie_07786377e0d7,Wicked (2024),,https://letterboxd.com/film/wicked-2024/,2026-05-25T11:31:02+00:00
movie_9a16601b89de,Smile 2 (2024),,https://letterboxd.com/film/smile-2-2024/,2026-05-25T11:31:02+00:00
movie_7c9988bb5e2f,The Penguin (2024),,https://letterboxd.com/film/the-penguin-2024/,2026-05-25T11:31:02+00:00
movie_25a55d3e8281,Heretic (2024),,https://letterboxd.com/film/heretic-2024/,2026-05-25T11:31:02+00:00
movie_daae82201905,The Last Showgirl (2024),,https://letterboxd.com/film/the-last-showgirl/,2026-05-25T11:31:02+00:00
movie_2ce6853bbf1e,Speak No Evil (2024),,https://letterboxd.com/film/speak-no-evil-2024/,2026-05-25T11:31:02+00:00
movie_c606730c2a10,Joker: Folie à Deux (2024),,https://letterboxd.com/film/joker-folie-a-deux/,2026-05-25T11:31:02+00:00
movie_d34a19ddf815,Saturday Night (2024),,https://letterboxd.com/film/saturday-night-2024/,2026-05-25T11:31:02+00:00
movie_40341d7cfc53,Beetlejuice Beetlejuice (2024),,https://letterboxd.com/film/beetlejuice-beetlejuice/,2026-05-25T11:31:02+00:00
movie_8501230a945c,Michael,,,2026-05-25T11:31:59+00:00
movie_33f5bbb1e000,Obsession (2025),,https://letterboxd.com/film/obsession-2025-2/,2026-05-25T11:31:59+00:00
movie_17a6a7e0df6b,Mickey 17 (2025),,https://letterboxd.com/film/mickey-17/,2026-05-25T11:31:59+00:00
movie_cedf3febb0bc,Deadpool & Wolverine (2024),,https://letterboxd.com/film/deadpool-wolverine/,2026-05-25T11:31:59+00:00
movie_34fa33b670e6,Inside Out 2 (2024),,https://letterboxd.com/film/inside-out-2-2024/,2026-05-25T11:31:59+00:00
movie_5b93664b03e3,Anora (2024),,https://letterboxd.com/film/anora/,2026-05-25T11:31:59+00:00
movie_458701a6a62a,The Substance (2024),,https://letterboxd.com/film/the-substance/,2026-05-25T11:31:59+00:00
movie_ebe576a5f7ff,Challengers (2024),,https://letterboxd.com/film/challengers/,2026-05-25T11:31:59+00:00
movie_c4e410a30a47,Dune: Part Two (2024),,https://letterboxd.com/film/dune-part-two/,2026-05-25T11:31:59+00:00
movie_3159cc37d835,Poor Things (2023),,https://letterboxd.com/film/poor-things-2023/,2026-05-25T11:31:59+00:00
movie_c85dda6ce167,Saltburn (2023),,https://letterboxd.com/film/saltburn/,2026-05-25T11:31:59+00:00
movie_5444cb6d1937,Oppenheimer (2023),,https://letterboxd.com/film/oppenheimer-2023/,2026-05-25T11:31:59+00:00
movie_3a62d507277f,Barbie (2023),,https://letterboxd.com/film/barbie/,2026-05-25T11:31:59+00:00
movie_32c7fe1db1af,Past Lives (2023),,https://letterboxd.com/film/past-lives/,2026-05-25T11:31:59+00:00
movie_6fbd3c8ceb7e,Avatar: The Way of Water (2022),,https://letterboxd.com/film/avatar-the-way-of-water/,2026-05-25T11:31:59+00:00
movie_6a5567afcdef,Glass Onion (2022),,https://letterboxd.com/film/glass-onion/,2026-05-25T11:31:59+00:00
movie_f4c6be2e04d3,The Menu (2022),,https://letterboxd.com/film/the-menu-2022/,2026-05-25T11:31:59+00:00
movie_e07b59ba066a,Pearl (2022),,https://letterboxd.com/film/pearl-2022/,2026-05-25T11:31:59+00:00
movie_d22ad5315c74,Aftersun (2022),,https://letterboxd.com/film/aftersun/,2026-05-25T11:31:59+00:00
movie_ada912dea4a8,Everything Everywhere All at Once (2022),,https://letterboxd.com/film/everything-everywhere-all-at-once/,2026-05-25T11:31:59+00:00
movie_dfa06e2a803c,The Batman (2022),,https://letterboxd.com/film/the-batman/,2026-05-25T11:31:59+00:00
movie_c25046f431c2,Spider-Man: No Way Home (2021),,https://letterboxd.com/film/spider-man-no-way-home/,2026-05-25T11:31:59+00:00
movie_9568eca66f71,Dune (2021),,https://letterboxd.com/film/dune-2021/,2026-05-25T11:31:59+00:00
movie_483c8fca1e2d,Soul (2020),,https://letterboxd.com/film/soul-2020/,2026-05-25T11:31:59+00:00
movie_887b7800e51e,Little Women (2019),,https://letterboxd.com/film/little-women-2019/,2026-05-25T11:31:59+00:00
movie_9038b879d137,Jojo Rabbit (2019),,https://letterboxd.com/film/jojo-rabbit/,2026-05-25T11:31:59+00:00
movie_caba8a39e813,Knives Out (2019),,https://letterboxd.com/film/knives-out-2019/,2026-05-25T11:31:59+00:00
movie_8d77f5de807b,Joker (2019),,https://letterboxd.com/film/joker-2019/,2026-05-25T11:31:59+00:00
movie_6ec0a2c70213,Midsommar (2019),,https://letterboxd.com/film/midsommar/,2026-05-25T11:31:59+00:00
movie_f2bc0b1b6046,Once Upon a Time... in Hollywood (2019),,https://letterboxd.com/film/once-upon-a-time-in-hollywood/,2026-05-25T11:31:59+00:00
movie_b2667582e263,Parasite (2019),,https://letterboxd.com/film/parasite-2019/,2026-05-25T11:31:59+00:00
movie_5ff34f46312d,Avengers: Endgame (2019),,https://letterboxd.com/film/avengers-endgame/,2026-05-25T11:31:59+00:00
movie_92f9e6661bb2,Spider-Man: Into the Spider-Verse (2018),,https://letterboxd.com/film/spider-man-into-the-spider-verse/,2026-05-25T11:31:59+00:00
movie_1fcc6ccca7eb,Avengers: Infinity War (2018),,https://letterboxd.com/film/avengers-infinity-war/,2026-05-25T11:31:59+00:00
movie_3f1c326e1684,Black Panther (2018),,https://letterboxd.com/film/black-panther/,2026-05-25T11:31:59+00:00
movie_fc1138c65849,Hereditary (2018),,https://letterboxd.com/film/hereditary/,2026-05-25T11:31:59+00:00
movie_a4aebaad5397,Coco (2017),,https://letterboxd.com/film/coco-2017/,2026-05-25T11:31:59+00:00
movie_486e35b09590,Blade Runner 2049 (2017),,https://letterboxd.com/film/blade-runner-2049/,2026-05-25T11:31:59+00:00
movie_8a8760f9e0fd,It (2017),,https://letterboxd.com/film/it-2017/,2026-05-25T11:31:59+00:00
movie_748c36bbfc55,Lady Bird (2017),,https://letterboxd.com/film/lady-bird/,2026-05-25T11:31:59+00:00
movie_21578f5ce951,Baby Driver (2017),,https://letterboxd.com/film/baby-driver/,2026-05-25T11:31:59+00:00
movie_dfbef72f639e,Get Out (2017),,https://letterboxd.com/film/get-out-2017/,2026-05-25T11:31:59+00:00
movie_63122f78cb30,Call Me by Your Name (2017),,https://letterboxd.com/film/call-me-by-your-name/,2026-05-25T11:31:59+00:00
movie_a9b8370a65b9,Arrival (2016),,https://letterboxd.com/film/arrival-2016/,2026-05-25T11:31:59+00:00
movie_2c74b7ad667c,La La Land (2016),,https://letterboxd.com/film/la-la-land/,2026-05-25T11:31:59+00:00
movie_02d73c1e3193,Inside Out (2015),,https://letterboxd.com/film/inside-out-2015/,2026-05-25T11:31:59+00:00
movie_9833c8236f55,Interstellar (2014),,https://letterboxd.com/film/interstellar/,2026-05-25T11:31:59+00:00
movie_741e12592b85,Gone Girl (2014),,https://letterboxd.com/film/gone-girl/,2026-05-25T11:31:59+00:00
movie_8002c024c5db,Guardians of the Galaxy (2014),,https://letterboxd.com/film/guardians-of-the-galaxy/,2026-05-25T11:31:59+00:00
movie_adb94abde648,The Grand Budapest Hotel (2014),,https://letterboxd.com/film/the-grand-budapest-hotel/,2026-05-25T11:31:59+00:00
movie_972b9becb047,Whiplash (2014),,https://letterboxd.com/film/whiplash-2014/,2026-05-25T11:31:59+00:00
movie_19043f58ee06,The Wolf of Wall Street (2013),,https://letterboxd.com/film/the-wolf-of-wall-street/,2026-05-25T11:31:59+00:00
movie_338708068a5f,Her (2013),,https://letterboxd.com/film/her/,2026-05-25T11:31:59+00:00
movie_62535f8bab61,Prisoners (2013),,https://letterboxd.com/film/prisoners/,2026-05-25T11:31:59+00:00
movie_c1c725bcdaf2,Django Unchained (2012),,https://letterboxd.com/film/django-unchained/,2026-05-25T11:31:59+00:00
movie_7a4c5d318e71,The Perks of Being a Wallflower (2012),,https://letterboxd.com/film/the-perks-of-being-a-wallflower/,2026-05-25T11:31:59+00:00
movie_0d90a9a08240,The Hunger Games (2012),,https://letterboxd.com/film/the-hunger-games/,2026-05-25T11:31:59+00:00
movie_6f0748a5a555,The Social Network (2010),,https://letterboxd.com/film/the-social-network/,2026-05-25T11:31:59+00:00
movie_9b9bb77ebce0,Black Swan (2010),,https://letterboxd.com/film/black-swan/,2026-05-25T11:31:59+00:00
movie_8cf5bd664b09,They Will Kill You (2026),,https://letterboxd.com/film/they-will-kill-you/,2026-05-25T11:32:39+00:00
movie_ef4f17e91059,Star Wars: The Mandalorian and Grogu (2026),,https://letterboxd.com/film/star-wars-the-mandalorian-and-grogu/,2026-05-25T11:32:39+00:00
movie_be2a9c8e4669,Star Wars: The Mandalorian and Grogu,,,2026-05-25T11:32:48+00:00
movie_8160b89acd73,Zootopia 2 (2025),,https://letterboxd.com/film/zootopia-2/,2026-05-25T11:32:48+00:00
movie_84fe225f4d0e,The Naked Gun (2025),,https://letterboxd.com/film/the-naked-gun/,2026-05-25T11:32:48+00:00
movie_dab003b338f0,KPop Demon Hunters (2025),,https://letterboxd.com/film/kpop-demon-hunters/,2026-05-25T11:32:48+00:00
movie_0ca4f3dd3a15,Thunderbolts* (2025),,https://letterboxd.com/film/thunderbolts/,2026-05-25T11:32:48+00:00
movie_6647eb07d799,Captain America: Brave New World (2025),,https://letterboxd.com/film/captain-america-brave-new-world/,2026-05-25T11:32:48+00:00
movie_a2b8f880182b,Alien: Romulus (2024),,https://letterboxd.com/film/alien-romulus/,2026-05-25T11:32:48+00:00
movie_266cb3eb0237,Longlegs (2024),,https://letterboxd.com/film/longlegs/,2026-05-25T11:32:48+00:00
movie_8a278063b1e3,MaXXXine (2024),,https://letterboxd.com/film/maxxxine/,2026-05-25T11:32:48+00:00
movie_6555b6ad0c5e,Furiosa: A Mad Max Saga (2024),,https://letterboxd.com/film/furiosa-a-mad-max-saga/,2026-05-25T11:32:48+00:00
movie_cf8ba0f4c9cc,Immaculate (2024),,https://letterboxd.com/film/immaculate-2024/,2026-05-25T11:32:48+00:00
movie_a8bb32f12539,The Fall Guy (2024),,https://letterboxd.com/film/the-fall-guy-2024/,2026-05-25T11:32:48+00:00
movie_af1c1f3baeb5,Monkey Man (2024),,https://letterboxd.com/film/monkey-man/,2026-05-25T11:32:48+00:00
movie_e2b70c6b530f,Love Lies Bleeding (2024),,https://letterboxd.com/film/love-lies-bleeding-2024/,2026-05-25T11:32:48+00:00
movie_b821def2e9a0,I Saw the TV Glow (2024),,https://letterboxd.com/film/i-saw-the-tv-glow/,2026-05-25T11:32:48+00:00
movie_8d3e2f125c32,The Iron Claw (2023),,https://letterboxd.com/film/the-iron-claw-2023/,2026-05-25T11:32:48+00:00
movie_3530afebc5c0,Godzilla Minus One (2023),,https://letterboxd.com/film/godzilla-minus-one/,2026-05-25T11:32:48+00:00
movie_89db0f185eb3,Five Nights at Freddy's (2023),,https://letterboxd.com/film/five-nights-at-freddys/,2026-05-25T11:32:48+00:00
movie_79d949e369b7,No Hard Feelings (2023),,https://letterboxd.com/film/no-hard-feelings-2023/,2026-05-25T11:32:48+00:00
movie_725d0340b50a,Spider-Man: Across the Spider-Verse (2023),,https://letterboxd.com/film/spider-man-across-the-spider-verse/,2026-05-25T11:32:48+00:00
movie_7aa2c9407ebc,Killers of the Flower Moon (2023),,https://letterboxd.com/film/killers-of-the-flower-moon/,2026-05-25T11:32:48+00:00
movie_5f7ff585f0b7,Guardians of the Galaxy Vol. 3 (2023),,https://letterboxd.com/film/guardians-of-the-galaxy-vol-3/,2026-05-25T11:32:48+00:00
movie_1306dbf87b14,The Super Mario Bros. Movie (2023),,https://letterboxd.com/film/the-super-mario-bros-movie/,2026-05-25T11:32:48+00:00
movie_ba38f65056aa,Evil Dead Rise (2023),,https://letterboxd.com/film/evil-dead-rise/,2026-05-25T11:32:48+00:00
movie_72cf78369a04,Bottoms (2023),,https://letterboxd.com/film/bottoms/,2026-05-25T11:32:48+00:00
movie_775b98e38be3,Dungeons & Dragons: Honor Among Thieves (2023),,https://letterboxd.com/film/dungeons-dragons-honor-among-thieves/,2026-05-25T11:32:48+00:00
movie_694d591f6cf7,Late Night with the Devil (2023),,https://letterboxd.com/film/late-night-with-the-devil/,2026-05-25T11:32:48+00:00
movie_ba14f8120849,Scream VI (2023),,https://letterboxd.com/film/scream-vi/,2026-05-25T11:32:48+00:00
movie_69187cabc963,Ant-Man and the Wasp: Quantumania (2023),,https://letterboxd.com/film/ant-man-and-the-wasp-quantumania/,2026-05-25T11:32:48+00:00
movie_1a777ac9c628,M3GAN (2022),,https://letterboxd.com/film/m3gan/,2026-05-25T11:32:48+00:00
movie_0ce8c0f5ac3b,Puss in Boots: The Last Wish (2022),,https://letterboxd.com/film/puss-in-boots-the-last-wish/,2026-05-25T11:32:48+00:00
movie_a98648a048f7,Talk to Me (2022),,https://letterboxd.com/film/talk-to-me-2022/,2026-05-25T11:32:48+00:00
movie_95e54ba648e7,Black Panther: Wakanda Forever (2022),,https://letterboxd.com/film/black-panther-wakanda-forever/,2026-05-25T11:32:48+00:00
movie_2ed47b717a5a,Guillermo del Toro's Pinocchio (2022),,https://letterboxd.com/film/guillermo-del-toros-pinocchio/,2026-05-25T11:32:48+00:00
movie_10a6984e6665,Smile (2022),,https://letterboxd.com/film/smile-2022/,2026-05-25T11:32:48+00:00
movie_5388689a91fa,The Whale (2022),,https://letterboxd.com/film/the-whale-2022/,2026-05-25T11:32:48+00:00
movie_986e28cf3b51,Barbarian (2022),,https://letterboxd.com/film/barbarian-2022/,2026-05-25T11:32:48+00:00
movie_9be0a6adb0f6,Bullet Train (2022),,https://letterboxd.com/film/bullet-train/,2026-05-25T11:32:48+00:00
movie_12638ea31b41,Nope (2022),,https://letterboxd.com/film/nope/,2026-05-25T11:32:48+00:00
movie_dba6805cdcd6,Thor: Love and Thunder (2022),,https://letterboxd.com/film/thor-love-and-thunder/,2026-05-25T11:32:48+00:00
movie_fdb7b5b87118,Elvis (2022),,https://letterboxd.com/film/elvis-2022/,2026-05-25T11:32:48+00:00
movie_e1e6e62fd5f6,Doctor Strange in the Multiverse of Madness (2022),,https://letterboxd.com/film/doctor-strange-in-the-multiverse-of-madness/,2026-05-25T11:32:48+00:00
movie_37b816bec1b6,The Northman (2022),,https://letterboxd.com/film/the-northman/,2026-05-25T11:32:48+00:00
movie_cce935e73597,X (2022),,https://letterboxd.com/film/x-2022/,2026-05-25T11:32:48+00:00
movie_74a92960d9ea,Turning Red (2022),,https://letterboxd.com/film/turning-red/,2026-05-25T11:32:48+00:00
movie_15a4612ca995,Scream (2022),,https://letterboxd.com/film/scream-2022/,2026-05-25T11:32:48+00:00
movie_324c02a45662,Blade Runner (1982),,https://letterboxd.com/film/blade-runner/,2026-05-25T11:33:29+00:00
movie_4e996993f84c,Remarkably Bright Creatures,,,2026-05-25T11:33:36+00:00
movie_f203c61c6a2d,Remarkably Bright Creatures (2026),,https://letterboxd.com/film/remarkably-bright-creatures/,2026-05-25T11:33:36+00:00
movie_0c88cae5a200,The Sheep Detectives (2026),,https://letterboxd.com/film/the-sheep-detectives/,2026-05-25T11:33:36+00:00
movie_450a4b798899,Project Hail Mary (2026),,https://letterboxd.com/film/project-hail-mary/,2026-05-25T11:33:36+00:00
movie_0b7e416e4ccb,People We Meet on Vacation (2026),,https://letterboxd.com/film/people-we-meet-on-vacation/,2026-05-25T11:33:36+00:00
movie_7220d24ebc6e,Avatar: Fire and Ash (2025),,https://letterboxd.com/film/avatar-fire-and-ash/,2026-05-25T11:33:36+00:00
movie_36328d564e45,"Good Luck, Have Fun, Don't Die (2025)",,https://letterboxd.com/film/good-luck-have-fun-dont-die/,2026-05-25T11:33:36+00:00
movie_d13424ca22dc,The Long Walk (2025),,https://letterboxd.com/film/the-long-walk-2025/,2026-05-25T11:33:36+00:00
movie_96667e61edd3,F1 (2025),,https://letterboxd.com/film/f1/,2026-05-25T11:33:36+00:00
movie_b5c82eea64a5,The Phoenician Scheme (2025),,https://letterboxd.com/film/the-phoenician-scheme/,2026-05-25T11:33:36+00:00
movie_e4e8f07e8f5e,Mission: Impossible – The Final Reckoning (2025),,https://letterboxd.com/film/mission-impossible-the-final-reckoning/,2026-05-25T11:33:36+00:00
movie_c08d090db3f2,The Wild Robot (2024),,https://letterboxd.com/film/the-wild-robot/,2026-05-25T11:33:36+00:00
movie_7679cc939766,Flow (2024),,https://letterboxd.com/film/flow-2024/,2026-05-25T11:33:36+00:00
movie_8506a2509936,Civil War (2024),,https://letterboxd.com/film/civil-war-2024/,2026-05-25T11:33:36+00:00
movie_4bd2675247f7,Anyone But You (2023),,https://letterboxd.com/film/anyone-but-you/,2026-05-25T11:33:36+00:00
movie_4287f0cc36a3,Wonka (2023),,https://letterboxd.com/film/wonka/,2026-05-25T11:33:36+00:00
movie_bfd5e2aae352,The Wonderful Story of Henry Sugar (2023),,https://letterboxd.com/film/the-wonderful-story-of-henry-sugar/,2026-05-25T11:33:36+00:00
movie_2e6079f7f3dc,Mission: Impossible – Dead Reckoning (2023),,https://letterboxd.com/film/mission-impossible-dead-reckoning/,2026-05-25T11:33:36+00:00
movie_1fa872be27e1,Elemental (2023),,https://letterboxd.com/film/elemental-2023/,2026-05-25T11:33:36+00:00
movie_de8635b12bd5,Asteroid City (2023),,https://letterboxd.com/film/asteroid-city/,2026-05-25T11:33:36+00:00
movie_457bb6fee831,Indiana Jones and the Dial of Destiny (2023),,https://letterboxd.com/film/indiana-jones-and-the-dial-of-destiny/,2026-05-25T11:33:36+00:00
movie_1581f9cdf23c,John Wick: Chapter 4 (2023),,https://letterboxd.com/film/john-wick-chapter-4/,2026-05-25T11:33:36+00:00
movie_9d23ba2b8888,Babylon (2022),,https://letterboxd.com/film/babylon-2022/,2026-05-25T11:33:36+00:00
movie_ac9c54e2e523,Suzume (2022),,https://letterboxd.com/film/suzume/,2026-05-25T11:33:36+00:00
movie_fbee6e823bb9,Top Gun: Maverick (2022),,https://letterboxd.com/film/top-gun-maverick/,2026-05-25T11:33:36+00:00
movie_1a7d7551c197,The Adam Project (2022),,https://letterboxd.com/film/the-adam-project/,2026-05-25T11:33:36+00:00
movie_928deb7402e5,The Matrix Resurrections (2021),,https://letterboxd.com/film/the-matrix-resurrections/,2026-05-25T11:33:36+00:00
movie_26e82af9a10c,Don't Look Up (2021),,https://letterboxd.com/film/dont-look-up-2021/,2026-05-25T11:33:36+00:00
movie_52f9f17d1e15,Eternals (2021),,https://letterboxd.com/film/eternals/,2026-05-25T11:33:36+00:00
movie_4f9c70748b0b,Free Guy (2021),,https://letterboxd.com/film/free-guy/,2026-05-25T11:33:36+00:00
movie_334993d9a1f0,Project Hail Mary,,,2026-05-25T11:33:48+00:00
movie_0018087bda3e,No Country for Old Men (2007),,https://letterboxd.com/film/no-country-for-old-men/,2026-05-25T11:34:29+00:00
movie_90cf65027f92,Conclave (2024),,https://letterboxd.com/film/conclave/,2026-05-25T11:34:29+00:00
movie_4eeeea737a0d,Inception (2010),,https://letterboxd.com/film/inception/,2026-05-25T11:34:37+00:00
movie_61cc1956dc5d,Shutter Island (2010),,https://letterboxd.com/film/shutter-island/,2026-05-25T11:34:37+00:00
movie_0b573a672ade,Avatar (2009),,https://letterboxd.com/film/avatar/,2026-05-25T11:34:37+00:00
movie_7025693e68c0,Inglourious Basterds (2009),,https://letterboxd.com/film/inglourious-basterds/,2026-05-25T11:34:37+00:00
movie_ca5da872e27c,Up (2009),,https://letterboxd.com/film/up/,2026-05-25T11:34:37+00:00
movie_47cedfde2332,Coraline (2009),,https://letterboxd.com/film/coraline/,2026-05-25T11:34:37+00:00
movie_a70496b2805c,(500) Days of Summer (2009),,https://letterboxd.com/film/500-days-of-summer/,2026-05-25T11:34:37+00:00
movie_129c48a46053,The Dark Knight (2008),,https://letterboxd.com/film/the-dark-knight/,2026-05-25T11:34:37+00:00
movie_7e6ba669ed2e,Ratatouille (2007),,https://letterboxd.com/film/ratatouille/,2026-05-25T11:34:37+00:00
movie_0af63e2bcf2a,The Devil Wears Prada (2006),,https://letterboxd.com/film/the-devil-wears-prada/,2026-05-25T11:34:37+00:00
movie_c9e035933593,Pride & Prejudice (2005),,https://letterboxd.com/film/pride-prejudice/,2026-05-25T11:34:37+00:00
movie_c8e041ee18a8,Harry Potter and the Prisoner of Azkaban (2004),,https://letterboxd.com/film/harry-potter-and-the-prisoner-of-azkaban/,2026-05-25T11:34:37+00:00
movie_cfcc27c70fc1,The Notebook (2004),,https://letterboxd.com/film/the-notebook/,2026-05-25T11:34:37+00:00
movie_69428cbe45a8,Mean Girls (2004),,https://letterboxd.com/film/mean-girls/,2026-05-25T11:34:37+00:00
movie_c5a09786440a,Eternal Sunshine of the Spotless Mind (2004),,https://letterboxd.com/film/eternal-sunshine-of-the-spotless-mind/,2026-05-25T11:34:37+00:00
movie_97413a6d1941,Kill Bill: Vol. 1 (2003),,https://letterboxd.com/film/kill-bill-vol-1/,2026-05-25T11:34:37+00:00
movie_c7327d79662e,Catch Me If You Can (2002),,https://letterboxd.com/film/catch-me-if-you-can-2002/,2026-05-25T11:34:37+00:00
movie_e6a4f86a318f,The Lord of the Rings: The Fellowship of the Ring (2001),,https://letterboxd.com/film/the-lord-of-the-rings-the-fellowship-of-the-ring/,2026-05-25T11:34:37+00:00
movie_482be0284f32,Harry Potter and the Philosopher's Stone (2001),,https://letterboxd.com/film/harry-potter-and-the-philosophers-stone/,2026-05-25T11:34:37+00:00
movie_28dd0262b585,No Other Choice (2025),,https://letterboxd.com/film/no-other-choice-2025/,2026-05-25T11:35:25+00:00
movie_a6da821786a4,Sentimental Value (2025),,https://letterboxd.com/film/sentimental-value-2025/,2026-05-25T11:35:25+00:00
movie_99545c0d9647,It Was Just an Accident (2025),,https://letterboxd.com/film/it-was-just-an-accident/,2026-05-25T11:35:25+00:00
movie_6d23236beb16,Sirāt (2025),,https://letterboxd.com/film/sirat-2025/,2026-05-25T11:35:25+00:00
movie_65092e155a3a,The Brutalist (2024),,https://letterboxd.com/film/the-brutalist/,2026-05-25T11:35:25+00:00
movie_d089b3f54e54,The Count of Monte Cristo (2024),,https://letterboxd.com/film/the-count-of-monte-cristo-2024/,2026-05-25T11:35:25+00:00
movie_5e60daa18079,The Apprentice (2024),,https://letterboxd.com/film/the-apprentice-2024/,2026-05-25T11:35:25+00:00
movie_5497134db5a6,Emilia Pérez (2024),,https://letterboxd.com/film/emilia-perez/,2026-05-25T11:35:25+00:00
movie_461e67c35cc5,Priscilla (2023),,https://letterboxd.com/film/priscilla/,2026-05-25T11:35:25+00:00
movie_7942abbac2ce,The Boy and the Heron (2023),,https://letterboxd.com/film/the-boy-and-the-heron/,2026-05-25T11:35:25+00:00
movie_5d70ea4f7009,Perfect Days (2023),,https://letterboxd.com/film/perfect-days-2023/,2026-05-25T11:35:25+00:00
movie_d044bdc24244,Anatomy of a Fall (2023),,https://letterboxd.com/film/anatomy-of-a-fall/,2026-05-25T11:35:25+00:00
movie_cfea47e66f74,The Zone of Interest (2023),,https://letterboxd.com/film/the-zone-of-interest/,2026-05-25T11:35:25+00:00
movie_29395c2cd359,The Banshees of Inisherin (2022),,https://letterboxd.com/film/the-banshees-of-inisherin/,2026-05-25T11:35:25+00:00
movie_332d16b144f3,TÁR (2022),,https://letterboxd.com/film/tar-2022/,2026-05-25T11:35:25+00:00
movie_d15a51b3aec3,Decision to Leave (2022),,https://letterboxd.com/film/decision-to-leave/,2026-05-25T11:35:25+00:00
movie_785544fdb40d,No Time to Die (2021),,https://letterboxd.com/film/no-time-to-die-2021/,2026-05-25T11:35:25+00:00
movie_a5d3530c111d,Titane (2021),,https://letterboxd.com/film/titane/,2026-05-25T11:35:25+00:00
movie_aaec17afc916,Drive My Car (2021),,https://letterboxd.com/film/drive-my-car/,2026-05-25T11:35:25+00:00
movie_b4c3d9651204,The Worst Person in the World (2021),,https://letterboxd.com/film/the-worst-person-in-the-world/,2026-05-25T11:35:25+00:00
movie_b3190fbed88f,Tenet (2020),,https://letterboxd.com/film/tenet/,2026-05-25T11:35:25+00:00
movie_a9782784c8dd,Portrait of a Lady on Fire (2019),,https://letterboxd.com/film/portrait-of-a-lady-on-fire/,2026-05-25T11:35:25+00:00
movie_74ebfdd23d3b,Green Book (2018),,https://letterboxd.com/film/green-book/,2026-05-25T11:35:25+00:00
movie_77d962c349ed,Free Solo (2018),,https://letterboxd.com/film/free-solo/,2026-05-25T11:35:25+00:00
movie_27e29efb411d,Roma (2018),,https://letterboxd.com/film/roma-2018/,2026-05-25T11:35:25+00:00
movie_0f796a08aa78,BlacKkKlansman (2018),,https://letterboxd.com/film/blackkklansman/,2026-05-25T11:35:25+00:00
movie_f99149ebb883,Phantom Thread (2017),,https://letterboxd.com/film/phantom-thread/,2026-05-25T11:35:25+00:00
movie_e0f1b1704cc6,Spectre (2015),,https://letterboxd.com/film/spectre-2015/,2026-05-25T11:35:25+00:00
movie_79f408d8413e,Sicario (2015),,https://letterboxd.com/film/sicario-2015/,2026-05-25T11:35:25+00:00
movie_83c52f8ed079,The Imitation Game (2014),,https://letterboxd.com/film/the-imitation-game/,2026-05-25T11:35:25+00:00
movie_8b920c37debd,Birdman or (The Unexpected Virtue of Ignorance) (2014),,https://letterboxd.com/film/birdman-or-the-unexpected-virtue-of-ignorance/,2026-05-25T11:35:25+00:00
movie_24941c53c538,Forrest Gump,,,2026-05-25T11:36:04+00:00
movie_604df50f3d45,Forrest Gump (1994),,https://letterboxd.com/film/forrest-gump/,2026-05-25T11:36:04+00:00
movie_ef5e963c97b4,Spirited Away (2001),,https://letterboxd.com/film/spirited-away/,2026-05-25T11:36:04+00:00
movie_25c942f6cf0a,American Psycho (2000),,https://letterboxd.com/film/american-psycho/,2026-05-25T11:36:04+00:00
movie_8d4f97685992,Little Miss Sunshine (2006),,https://letterboxd.com/film/little-miss-sunshine/,2026-05-25T11:36:12+00:00
movie_7186ad2a8741,Donnie Darko (2001),,https://letterboxd.com/film/donnie-darko/,2026-05-25T11:36:12+00:00
movie_7db436bd5764,Fight Club (1999),,https://letterboxd.com/film/fight-club/,2026-05-25T11:36:12+00:00
movie_20f22e3f23e3,The Matrix (1999),,https://letterboxd.com/film/the-matrix/,2026-05-25T11:36:12+00:00
movie_b859ef94ffec,The Truman Show (1998),,https://letterboxd.com/film/the-truman-show/,2026-05-25T11:36:12+00:00
movie_333e90f07751,Good Will Hunting (1997),,https://letterboxd.com/film/good-will-hunting/,2026-05-25T11:36:12+00:00
movie_4a9474a53c61,Se7en (1995),,https://letterboxd.com/film/se7en/,2026-05-25T11:36:12+00:00
movie_45a8b53806d9,The Shawshank Redemption (1994),,https://letterboxd.com/film/the-shawshank-redemption/,2026-05-25T11:36:12+00:00
movie_3bfc4df6daa9,Pulp Fiction (1994),,https://letterboxd.com/film/pulp-fiction/,2026-05-25T11:36:12+00:00
movie_e09e0f514de2,The Silence of the Lambs (1991),,https://letterboxd.com/film/the-silence-of-the-lambs/,2026-05-25T11:36:12+00:00
movie_2b07e2547051,Dead Poets Society (1989),,https://letterboxd.com/film/dead-poets-society/,2026-05-25T11:36:12+00:00
movie_5e27c725b692,The Shining (1980),,https://letterboxd.com/film/the-shining/,2026-05-25T11:36:12+00:00
movie_4fedb8a845b6,Taxi Driver (1976),,https://letterboxd.com/film/taxi-driver/,2026-05-25T11:36:12+00:00
movie_9a61211bf546,The Godfather (1972),,https://letterboxd.com/film/the-godfather/,2026-05-25T11:36:12+00:00
movie_07c4b29eb188,Captain America: Civil War (2016),,https://letterboxd.com/film/captain-america-civil-war/,2026-05-25T11:36:55+00:00
movie_0ed17ec5eda8,Uncut Gems (2019),,https://letterboxd.com/film/uncut-gems/,2026-05-25T11:36:55+00:00
movie_816c3a7bd1e8,Finding Nemo (2003),,https://letterboxd.com/film/finding-nemo/,2026-05-25T11:36:55+00:00
movie_17908ad0cfd3,Marty Supreme,,,2026-05-25T11:37:01+00:00
movie_fca091f43587,The Hunger Games: The Ballad of Songbirds & Snakes (2023),,https://letterboxd.com/film/the-hunger-games-the-ballad-of-songbirds-snakes/,2026-05-25T11:37:01+00:00
movie_8cc8be79e8d2,The Holdovers (2023),,https://letterboxd.com/film/the-holdovers/,2026-05-25T11:37:01+00:00
movie_73b43ab76445,Us (2019),,https://letterboxd.com/film/us-2019/,2026-05-25T11:37:01+00:00
movie_72851ad39bf8,Thor: Ragnarok (2017),,https://letterboxd.com/film/thor-ragnarok/,2026-05-25T11:37:01+00:00
movie_ab4aa6eb4fa7,Deadpool (2016),,https://letterboxd.com/film/deadpool/,2026-05-25T11:37:01+00:00
movie_795169c4b5e3,The Hunger Games: Catching Fire (2013),,https://letterboxd.com/film/the-hunger-games-catching-fire/,2026-05-25T11:37:01+00:00
movie_1b5e6abe8b63,The Avengers (2012),,https://letterboxd.com/film/the-avengers-2012/,2026-05-25T11:37:01+00:00
movie_a93fce76d3f1,The Drama,,,2026-05-25T11:37:56+00:00
movie_2408331f025b,Send Help (2026),,https://letterboxd.com/film/send-help/,2026-05-25T11:37:56+00:00
movie_04a972153893,Moonlight (2016),,https://letterboxd.com/film/moonlight-2016/,2026-05-25T11:37:56+00:00
movie_544f8e5eff16,Scott Pilgrim vs. the World (2010),,https://letterboxd.com/film/scott-pilgrim-vs-the-world/,2026-05-25T11:37:56+00:00
movie_f95291e65494,WALL·E (2008),,https://letterboxd.com/film/walle/,2026-05-25T11:37:56+00:00
movie_29c8d8aba972,1917 (2019),,https://letterboxd.com/film/1917/,2026-05-25T11:38:40+00:00
movie_15f24c34fbe4,Beautiful Boy (2018),,https://letterboxd.com/film/beautiful-boy-2018/,2026-05-25T11:38:40+00:00
movie_83c5ebde4b0c,Dunkirk (2017),,https://letterboxd.com/film/dunkirk-2017/,2026-05-25T11:38:40+00:00
movie_ca148e207423,Mad Max: Fury Road (2015),,https://letterboxd.com/film/mad-max-fury-road/,2026-05-25T11:38:40+00:00
movie_ece8cc9915f0,John Wick (2014),,https://letterboxd.com/film/john-wick/,2026-05-25T11:38:40+00:00
movie_df4883c2af07,Nightcrawler (2014),,https://letterboxd.com/film/nightcrawler/,2026-05-25T11:38:40+00:00
movie_c4cb07780124,About Time (2013),,https://letterboxd.com/film/about-time/,2026-05-25T11:38:40+00:00
movie_0a05316b8c51,The Dark Knight Rises (2012),,https://letterboxd.com/film/the-dark-knight-rises/,2026-05-25T11:38:40+00:00
movie_1192441d939b,Drive (2011),,https://letterboxd.com/film/drive-2011/,2026-05-25T11:38:40+00:00
movie_94ee3c8f25b8,Fantastic Mr. Fox (2009),,https://letterboxd.com/film/fantastic-mr-fox/,2026-05-25T11:38:40+00:00
movie_110ec14652e5,Interstellar,,,2026-05-25T11:39:17+00:00
movie_9f5835e4b245,Gladiator II (2024),,https://letterboxd.com/film/gladiator-ii/,2026-05-25T11:39:24+00:00
movie_7c03a42ab867,Normal People (2020),,https://letterboxd.com/film/normal-people-2020/,2026-05-25T11:39:24+00:00
movie_92e72ba960cf,Manchester by the Sea (2016),,https://letterboxd.com/film/manchester-by-the-sea/,2026-05-25T11:39:24+00:00
movie_abb900b7e59b,Edge of Tomorrow (2014),,https://letterboxd.com/film/edge-of-tomorrow/,2026-05-25T11:39:24+00:00
movie_d695e6362467,Spider-Man (2002),,https://letterboxd.com/film/spider-man/,2026-05-25T11:39:24+00:00
movie_b694c6b7e7a2,Memento (2000),,https://letterboxd.com/film/memento/,2026-05-25T11:39:24+00:00
movie_ac92a2ca310c,Scent of a Woman (1992),,https://letterboxd.com/film/scent-of-a-woman/,2026-05-25T11:39:24+00:00
movie_2a0c034be11c,Ferris Bueller's Day Off (1986),,https://letterboxd.com/film/ferris-buellers-day-off/,2026-05-25T11:39:24+00:00
movie_71fea8496e1d,The Super Mario Galaxy Movie,,,2026-05-25T11:40:12+00:00
movie_f5bbd30a6439,The Super Mario Galaxy Movie (2026),,https://letterboxd.com/film/the-super-mario-galaxy-movie/,2026-05-25T11:40:12+00:00
movie_e2c1d4bf9efc,Hoppers (2026),,https://letterboxd.com/film/hoppers/,2026-05-25T11:40:12+00:00
movie_81b2129c4441,Predator: Badlands (2025),,https://letterboxd.com/film/predator-badlands/,2026-05-25T11:40:12+00:00
movie_5747d9732bc1,Elio (2025),,https://letterboxd.com/film/elio/,2026-05-25T11:40:12+00:00
movie_ce7dd2a9d60d,Predator: Killer of Killers (2025),,https://letterboxd.com/film/predator-killer-of-killers/,2026-05-25T11:40:12+00:00
movie_113913d21d9d,Better Man (2024),,https://letterboxd.com/film/better-man-2024/,2026-05-25T11:40:12+00:00
movie_29e272c360ea,Kung Fu Panda 4 (2024),,https://letterboxd.com/film/kung-fu-panda-4/,2026-05-25T11:40:12+00:00
movie_1f5674bdf020,The Killer (2023),,https://letterboxd.com/film/the-killer-2023/,2026-05-25T11:40:12+00:00
movie_2330adcf3424,Teenage Mutant Ninja Turtles: Mutant Mayhem (2023),,https://letterboxd.com/film/teenage-mutant-ninja-turtles-mutant-mayhem/,2026-05-25T11:40:12+00:00
movie_d6408ae48ecc,Nimona (2023),,https://letterboxd.com/film/nimona-2023/,2026-05-25T11:40:12+00:00
movie_791f55339e0b,Renfield (2023),,https://letterboxd.com/film/renfield/,2026-05-25T11:40:12+00:00
movie_23a6a031f2c6,Black Adam (2022),,https://letterboxd.com/film/black-adam/,2026-05-25T11:40:12+00:00
movie_f9c83fb77ec4,All Quiet on the Western Front (2022),,https://letterboxd.com/film/all-quiet-on-the-western-front-2022/,2026-05-25T11:40:12+00:00
movie_ee297bb3b051,Prey (2022),,https://letterboxd.com/film/prey-2022/,2026-05-25T11:40:12+00:00
movie_43e0961fc104,The Gray Man (2022),,https://letterboxd.com/film/the-gray-man-2022/,2026-05-25T11:40:12+00:00
movie_19b6edc8b78c,Lightyear (2022),,https://letterboxd.com/film/lightyear-2022/,2026-05-25T11:40:12+00:00
movie_cda2b276b2cf,Sonic the Hedgehog 2 (2022),,https://letterboxd.com/film/sonic-the-hedgehog-2/,2026-05-25T11:40:12+00:00
movie_cca5ab218b08,House of Gucci (2021),,https://letterboxd.com/film/house-of-gucci/,2026-05-25T11:40:12+00:00
movie_4c3263bdd328,Red Notice (2021),,https://letterboxd.com/film/red-notice/,2026-05-25T11:40:12+00:00
movie_044b50af3896,Encanto (2021),,https://letterboxd.com/film/encanto/,2026-05-25T11:40:12+00:00
movie_475ba0568cc1,Ghostbusters: Afterlife (2021),,https://letterboxd.com/film/ghostbusters-afterlife/,2026-05-25T11:40:12+00:00
movie_b69b9447a2a7,Shang-Chi and the Legend of the Ten Rings (2021),,https://letterboxd.com/film/shang-chi-and-the-legend-of-the-ten-rings/,2026-05-25T11:40:12+00:00
movie_5a06fd97b613,We Live in Time (2024),,https://letterboxd.com/film/we-live-in-time/,2026-05-25T11:40:55+00:00
movie_ff07ecb6507e,Spider-Man: Far From Home (2019),,https://letterboxd.com/film/spider-man-far-from-home/,2026-05-25T11:40:55+00:00
movie_e2d49b389087,Bohemian Rhapsody (2018),,https://letterboxd.com/film/bohemian-rhapsody/,2026-05-25T11:40:55+00:00
movie_3084db0cd922,Spider-Man: Homecoming (2017),,https://letterboxd.com/film/spider-man-homecoming/,2026-05-25T11:40:55+00:00
movie_fdcb82d86546,Guardians of the Galaxy Vol. 2 (2017),,https://letterboxd.com/film/guardians-of-the-galaxy-vol-2/,2026-05-25T11:40:55+00:00
movie_637279f0ae4d,Doctor Strange (2016),,https://letterboxd.com/film/doctor-strange-2016/,2026-05-25T11:40:55+00:00
movie_2fdc01d12a6e,Star Wars: The Force Awakens (2015),,https://letterboxd.com/film/star-wars-the-force-awakens/,2026-05-25T11:40:55+00:00
movie_8a1625cf6f32,Avengers: Age of Ultron (2015),,https://letterboxd.com/film/avengers-age-of-ultron/,2026-05-25T11:40:55+00:00
movie_db79aeb7af67,The Hunger Games: Mockingjay – Part 1 (2014),,https://letterboxd.com/film/the-hunger-games-mockingjay-part-1/,2026-05-25T11:40:55+00:00
movie_9c67e166f9b7,Captain America: The Winter Soldier (2014),,https://letterboxd.com/film/captain-america-the-winter-soldier/,2026-05-25T11:40:55+00:00
movie_ba3eb67c2fbc,Now You See Me (2013),,https://letterboxd.com/film/now-you-see-me/,2026-05-25T11:40:55+00:00
movie_4ab5eadad006,Pitch Perfect (2012),,https://letterboxd.com/film/pitch-perfect/,2026-05-25T11:40:55+00:00
movie_655d71b80b13,The Amazing Spider-Man (2012),,https://letterboxd.com/film/the-amazing-spider-man/,2026-05-25T11:40:55+00:00
movie_21ff1a4c3810,Captain America: The First Avenger (2011),,https://letterboxd.com/film/captain-america-the-first-avenger/,2026-05-25T11:40:55+00:00
movie_6fc6df657159,"Crazy, Stupid, Love. (2011)",,https://letterboxd.com/film/crazy-stupid-love/,2026-05-25T11:40:55+00:00
movie_835a99f2049c,Harry Potter and the Deathly Hallows: Part 2 (2011),,https://letterboxd.com/film/harry-potter-and-the-deathly-hallows-part-2/,2026-05-25T11:40:55+00:00
movie_1ca74b520343,Harry Potter and the Deathly Hallows: Part 1 (2010),,https://letterboxd.com/film/harry-potter-and-the-deathly-hallows-part-1/,2026-05-25T11:40:55+00:00
movie_984bd01135fa,How to Train Your Dragon (2010),,https://letterboxd.com/film/how-to-train-your-dragon/,2026-05-25T11:40:55+00:00
movie_b26a6c2f4c5a,Roommates (2026),,https://letterboxd.com/film/roommates-2026/,2026-05-25T11:41:45+00:00
movie_b88366fe3ba4,28 Years Later: The Bone Temple (2026),,https://letterboxd.com/film/28-years-later-the-bone-temple/,2026-05-25T11:41:45+00:00
movie_278f11aaa54a,Eternity (2025),,https://letterboxd.com/film/eternity-2025-1/,2026-05-25T11:41:45+00:00
movie_b1bb1b592127,Twinless (2025),,https://letterboxd.com/film/twinless/,2026-05-25T11:41:45+00:00
movie_6ba5777b277b,Companion (2025),,https://letterboxd.com/film/companion-2025/,2026-05-25T11:41:45+00:00
movie_d19778d78f96,Sound of Metal (2019),,https://letterboxd.com/film/sound-of-metal/,2026-05-25T11:41:45+00:00
movie_5fdc9a7a4f4c,Ready or Not (2019),,https://letterboxd.com/film/ready-or-not-2019/,2026-05-25T11:41:45+00:00
movie_8611b539b1e9,Maze Runner: The Death Cure (2018),,https://letterboxd.com/film/maze-runner-the-death-cure/,2026-05-25T11:41:45+00:00
movie_72e2f8920549,Maze Runner: The Scorch Trials (2015),,https://letterboxd.com/film/maze-runner-the-scorch-trials/,2026-05-25T11:41:45+00:00
movie_c63952828f9e,The Maze Runner (2014),,https://letterboxd.com/film/the-maze-runner/,2026-05-25T11:41:45+00:00
movie_9e97ebdf4038,Jennifer's Body (2009),,https://letterboxd.com/film/jennifers-body/,2026-05-25T11:41:45+00:00
movie_1bb9c5f17a99,Twilight (2008),,https://letterboxd.com/film/twilight-2008/,2026-05-25T11:41:45+00:00
movie_3ae0953409b2,Mamma Mia! (2008),,https://letterboxd.com/film/mamma-mia/,2026-05-25T11:41:45+00:00
movie_18b858ac86fb,27 Dresses (2008),,https://letterboxd.com/film/27-dresses/,2026-05-25T11:41:45+00:00
movie_36227dda626b,Star Wars: Episode III – Revenge of the Sith (2005),,https://letterboxd.com/film/star-wars-episode-iii-revenge-of-the-sith/,2026-05-25T11:41:45+00:00
movie_eea3b9ac9d09,13 Going on 30 (2004),,https://letterboxd.com/film/13-going-on-30-3/,2026-05-25T11:41:45+00:00
movie_83cd525aa6ce,Lost in Translation (2003),,https://letterboxd.com/film/lost-in-translation/,2026-05-25T11:41:45+00:00
movie_087fe00066e3,How to Lose a Guy in 10 Days (2003),,https://letterboxd.com/film/how-to-lose-a-guy-in-10-days/,2026-05-25T11:41:45+00:00
movie_8603139abb99,Star Wars: Episode II – Attack of the Clones (2002),,https://letterboxd.com/film/star-wars-episode-ii-attack-of-the-clones/,2026-05-25T11:41:45+00:00
movie_58698201be7a,Klaus (2019),,https://letterboxd.com/film/klaus/,2026-05-25T11:44:02+00:00
movie_8af234e92cab,The Greatest Showman (2017),,https://letterboxd.com/film/the-greatest-showman/,2026-05-25T11:44:02+00:00
movie_d49f6f3d4e22,The Florida Project (2017),,https://letterboxd.com/film/the-florida-project/,2026-05-25T11:44:02+00:00
movie_0ad33454483f,Hidden Figures (2016),,https://letterboxd.com/film/hidden-figures/,2026-05-25T11:44:02+00:00
movie_dfd0079b3167,Your Name. (2016),,https://letterboxd.com/film/your-name/,2026-05-25T11:44:02+00:00
movie_4d94c178adbf,Jurassic World (2015),,https://letterboxd.com/film/jurassic-world/,2026-05-25T11:44:02+00:00
movie_6974315aa705,The Conjuring (2013),,https://letterboxd.com/film/the-conjuring/,2026-05-25T11:44:02+00:00
movie_51556d957642,Moonrise Kingdom (2012),,https://letterboxd.com/film/moonrise-kingdom/,2026-05-25T11:44:02+00:00
movie_8b69d7926355,Tangled (2010),,https://letterboxd.com/film/tangled-2010/,2026-05-25T11:44:02+00:00
movie_a2be1b51b99f,Flipped (2010),,https://letterboxd.com/film/flipped/,2026-05-25T11:44:02+00:00
movie_542403a7f2a0,Alice in Wonderland (2010),,https://letterboxd.com/film/alice-in-wonderland-2010/,2026-05-25T11:44:02+00:00
movie_bd59775f37e6,Juno (2007),,https://letterboxd.com/film/juno/,2026-05-25T11:44:02+00:00
movie_bf5214e0f4ca,The Prestige (2006),,https://letterboxd.com/film/the-prestige/,2026-05-25T11:44:02+00:00
movie_ea9857398859,Cars (2006),,https://letterboxd.com/film/cars/,2026-05-25T11:44:02+00:00
movie_8ba1b5727939,Harry Potter and the Goblet of Fire (2005),,https://letterboxd.com/film/harry-potter-and-the-goblet-of-fire/,2026-05-25T11:44:02+00:00
movie_95372c7c89e5,Howl's Moving Castle (2004),,https://letterboxd.com/film/howls-moving-castle/,2026-05-25T11:44:02+00:00
movie_fcb585dcfb90,The Woman in Cabin 10 (2025),,https://letterboxd.com/film/the-woman-in-cabin-10/,2026-05-25T11:44:46+00:00
movie_88650d96225e,Black Phone 2 (2025),,https://letterboxd.com/film/black-phone-2/,2026-05-25T11:44:46+00:00
movie_678481a00f51,HIM (2025),,https://letterboxd.com/film/him-2025/,2026-05-25T11:44:46+00:00
movie_fff0ed951c4f,A Quiet Place: Day One (2024),,https://letterboxd.com/film/a-quiet-place-day-one/,2026-05-25T11:44:46+00:00
movie_ebdbe57e5002,"Red, White & Royal Blue (2023)",,https://letterboxd.com/film/red-white-royal-blue/,2026-05-25T11:44:46+00:00
movie_b1f38a05e692,Don't Worry Darling (2022),,https://letterboxd.com/film/dont-worry-darling/,2026-05-25T11:44:46+00:00
movie_734ebb715ddc,Bones and All (2022),,https://letterboxd.com/film/bones-and-all/,2026-05-25T11:44:46+00:00
movie_19234047d817,Bodies Bodies Bodies (2022),,https://letterboxd.com/film/bodies-bodies-bodies/,2026-05-25T11:44:46+00:00
movie_6a1b157dcd28,The Black Phone (2021),,https://letterboxd.com/film/the-black-phone/,2026-05-25T11:44:47+00:00
movie_9f0f638ee02a,Squid Game (2021),,https://letterboxd.com/film/squid-game/,2026-05-25T11:44:47+00:00
movie_a365548da010,The Suicide Squad (2021),,https://letterboxd.com/film/the-suicide-squad/,2026-05-25T11:44:47+00:00
movie_56c5e4548465,Old (2021),,https://letterboxd.com/film/old-2021/,2026-05-25T11:44:47+00:00
movie_56f724029d12,Fear Street: 1994 (2021),,https://letterboxd.com/film/fear-street-1994/,2026-05-25T11:44:47+00:00
movie_d21d39889be1,Luca (2021),,https://letterboxd.com/film/luca-2021/,2026-05-25T11:44:47+00:00
movie_00478b2e5316,Cruella (2021),,https://letterboxd.com/film/cruella/,2026-05-25T11:44:47+00:00
movie_6c0ac67c1073,A Quiet Place Part II (2020),,https://letterboxd.com/film/a-quiet-place-part-ii/,2026-05-25T11:44:47+00:00
movie_29ee74e0bd5a,Emma. (2020),,https://letterboxd.com/film/emma-2020/,2026-05-25T11:44:47+00:00
movie_7fb208b128df,Birds of Prey (and the Fantabulous Emancipation of One Harley Quinn) (2020),,https://letterboxd.com/film/birds-of-prey-and-the-fantabulous-emancipation-of-one-harley-quinn/,2026-05-25T11:44:47+00:00
movie_7c5bde32c812,Frozen II (2019),,https://letterboxd.com/film/frozen-2/,2026-05-25T11:44:47+00:00
movie_e72ec37bcbfe,The Platform (2019),,https://letterboxd.com/film/the-platform/,2026-05-25T11:44:47+00:00
movie_a5450475b2eb,It Chapter Two (2019),,https://letterboxd.com/film/it-chapter-two/,2026-05-25T11:44:47+00:00
movie_03b581868589,Zodiac (2007),,https://letterboxd.com/film/zodiac/,2026-05-25T11:45:27+00:00
movie_8c06a9733c37,Mortal Kombat II,,,2026-05-25T11:45:35+00:00
movie_d90faf9c1a5f,Mortal Kombat II (2026),,https://letterboxd.com/film/mortal-kombat-ii/,2026-05-25T11:45:35+00:00
movie_d5002e32a4c9,Apex (2026),,https://letterboxd.com/film/apex-2026/,2026-05-25T11:45:35+00:00
movie_3486817954cd,"Love, Death & Robots: Bad Travelling (2022)",,https://letterboxd.com/film/love-death-robots-bad-travelling/,2026-05-25T11:45:35+00:00
movie_6964addfd918,The Irishman (2019),,https://letterboxd.com/film/the-irishman-2019/,2026-05-25T11:45:35+00:00
movie_1fa497ad1514,Star Wars: The Last Jedi (2017),,https://letterboxd.com/film/star-wars-the-last-jedi/,2026-05-25T11:45:35+00:00
movie_c2797c43b461,The Nice Guys (2016),,https://letterboxd.com/film/the-nice-guys/,2026-05-25T11:45:35+00:00
movie_d262df82da3e,The Hateful Eight (2015),,https://letterboxd.com/film/the-hateful-eight/,2026-05-25T11:45:35+00:00
movie_2d116ccd1b8e,The Hobbit: The Battle of the Five Armies (2014),,https://letterboxd.com/film/the-hobbit-the-battle-of-the-five-armies/,2026-05-25T11:45:35+00:00
movie_5914f37bdb9d,Snowpiercer (2013),,https://letterboxd.com/film/snowpiercer/,2026-05-25T11:45:35+00:00
movie_05b42b7dc802,The Wind Rises (2013),,https://letterboxd.com/film/the-wind-rises/,2026-05-25T11:45:35+00:00
movie_a62185905ebb,The Hobbit: An Unexpected Journey (2012),,https://letterboxd.com/film/the-hobbit-an-unexpected-journey/,2026-05-25T11:45:35+00:00
movie_53769c6e91ff,Entergalactic (2022),,https://letterboxd.com/film/entergalactic/,2026-05-25T11:46:24+00:00
movie_be8fa1d76319,Iron Lung (2026),,https://letterboxd.com/film/iron-lung/,2026-05-25T11:46:32+00:00
movie_26d3856bf8b7,TRON: Ares (2025),,https://letterboxd.com/film/tron-ares/,2026-05-25T11:46:32+00:00
movie_1d34bac8a64a,Demon Slayer: Kimetsu no Yaiba Infinity Castle (2025),,https://letterboxd.com/film/demon-slayer-kimetsu-no-yaiba-infinity-castle/,2026-05-25T11:46:32+00:00
movie_1f220d5cae3f,Lilo & Stitch (2025),,https://letterboxd.com/film/lilo-stitch-2025/,2026-05-25T11:46:32+00:00
movie_12525e97e3ae,Road House (2024),,https://letterboxd.com/film/road-house-2024/,2026-05-25T11:46:32+00:00
movie_c2422bda0d50,Napoleon (2023),,https://letterboxd.com/film/napoleon-2023/,2026-05-25T11:46:32+00:00
movie_31bc5d1af996,Saw X (2023),,https://letterboxd.com/film/saw-x/,2026-05-25T11:46:32+00:00
movie_4fee7e426cc6,The Nun II (2023),,https://letterboxd.com/film/the-nun-ii/,2026-05-25T11:46:32+00:00
movie_3687511b31e0,Creed III (2023),,https://letterboxd.com/film/creed-iii/,2026-05-25T11:46:32+00:00
movie_f6e349dcece0,A Man Called Otto (2022),,https://letterboxd.com/film/a-man-called-otto/,2026-05-25T11:46:32+00:00
movie_8f7934b72cf5,Terrifier 2 (2022),,https://letterboxd.com/film/terrifier-2/,2026-05-25T11:46:32+00:00
movie_c4d704a92cc7,Obi-Wan Kenobi (2022),,https://letterboxd.com/film/obi-wan-kenobi/,2026-05-25T11:46:32+00:00
movie_ff54ba2610f9,Fantastic Beasts: The Secrets of Dumbledore (2022),,https://letterboxd.com/film/fantastic-beasts-the-secrets-of-dumbledore/,2026-05-25T11:46:32+00:00
movie_862c661544f5,The King's Man (2021),,https://letterboxd.com/film/the-kings-man/,2026-05-25T11:46:32+00:00
movie_19dff9c174f8,Sing 2 (2021),,https://letterboxd.com/film/sing-2/,2026-05-25T11:46:32+00:00
movie_3238dbc4a479,Zootopia 2,,,2026-05-25T11:47:19+00:00
movie_94bbc5449757,Trap (2024),,https://letterboxd.com/film/trap-2024/,2026-05-25T11:47:19+00:00
movie_830bc694447b,Star Wars: The Rise of Skywalker (2019),,https://letterboxd.com/film/star-wars-the-rise-of-skywalker/,2026-05-25T11:47:19+00:00
movie_d562b559b136,Captain Marvel (2019),,https://letterboxd.com/film/captain-marvel/,2026-05-25T11:47:19+00:00
movie_5363f9b4b237,Venom (2018),,https://letterboxd.com/film/venom-2018/,2026-05-25T11:47:19+00:00
movie_d846dfcf24bc,Incredibles 2 (2018),,https://letterboxd.com/film/incredibles-2/,2026-05-25T11:47:19+00:00
movie_11720e574b53,Deadpool 2 (2018),,https://letterboxd.com/film/deadpool-2/,2026-05-25T11:47:19+00:00
movie_6e7e17e83d6f,Ready Player One (2018),,https://letterboxd.com/film/ready-player-one/,2026-05-25T11:47:19+00:00
movie_b0707a801927,Isle of Dogs (2018),,https://letterboxd.com/film/isle-of-dogs-2018/,2026-05-25T11:47:19+00:00
movie_b0829873fdf0,"I, Tonya (2017)",,https://letterboxd.com/film/i-tonya/,2026-05-25T11:47:19+00:00
movie_80f8107613d5,Logan (2017),,https://letterboxd.com/film/logan-2017/,2026-05-25T11:47:19+00:00
movie_1c4bf1dd348d,The Lego Batman Movie (2017),,https://letterboxd.com/film/the-lego-batman-movie/,2026-05-25T11:47:19+00:00
movie_1234c8c34c9a,Moana (2016),,https://letterboxd.com/film/moana-2016/,2026-05-25T11:47:19+00:00
movie_75471935706f,Split (2016),,https://letterboxd.com/film/split-2016/,2026-05-25T11:47:19+00:00
movie_f93f6b1a6e7e,Suicide Squad (2016),,https://letterboxd.com/film/suicide-squad-2016/,2026-05-25T11:47:19+00:00
movie_060a1e001879,Sinners,,,2026-05-25T11:48:06+00:00
movie_1975c8d92b06,The Queen's Gambit (2020),,https://letterboxd.com/film/the-queens-gambit/,2026-05-25T11:48:06+00:00
movie_cb39a215c080,The Lobster (2015),,https://letterboxd.com/film/the-lobster/,2026-05-25T11:48:06+00:00
movie_422c1707bf55,Thirteen (2003),,https://letterboxd.com/film/thirteen/,2026-05-25T11:48:06+00:00
movie_90adbdbe533a,The Pianist (2002),,https://letterboxd.com/film/the-pianist/,2026-05-25T11:48:06+00:00
movie_ec3ad3b74872,"Girl, Interrupted (1999)",,https://letterboxd.com/film/girl-interrupted/,2026-05-25T11:48:06+00:00
movie_afc655b5c558,The Green Mile (1999),,https://letterboxd.com/film/the-green-mile/,2026-05-25T11:48:06+00:00
movie_71581a8528f6,American Beauty (1999),,https://letterboxd.com/film/american-beauty/,2026-05-25T11:48:06+00:00
movie_a3882ea5d0fe,The Sixth Sense (1999),,https://letterboxd.com/film/the-sixth-sense/,2026-05-25T11:48:06+00:00
movie_5df6dea048b7,The Virgin Suicides (1999),,https://letterboxd.com/film/the-virgin-suicides/,2026-05-25T11:48:06+00:00
movie_ea8c82d5b74a,Notting Hill (1999),,https://letterboxd.com/film/notting-hill/,2026-05-25T11:48:06+00:00
movie_76e57c2a644f,10 Things I Hate About You (1999),,https://letterboxd.com/film/10-things-i-hate-about-you/,2026-05-25T11:48:06+00:00
movie_3f1646ad5c12,Perfect Blue (1997),,https://letterboxd.com/film/perfect-blue/,2026-05-25T11:48:06+00:00
movie_afac39ca2fea,Neon Genesis Evangelion: The End of Evangelion (1997),,https://letterboxd.com/film/neon-genesis-evangelion-the-end-of-evangelion/,2026-05-25T11:48:06+00:00
movie_63082b233547,Princess Mononoke (1997),,https://letterboxd.com/film/princess-mononoke/,2026-05-25T11:48:06+00:00
movie_6eeb2fa26611,Kiki's Delivery Service (1989),,https://letterboxd.com/film/kikis-delivery-service/,2026-05-25T11:48:06+00:00
movie_d30372e9da26,The Godfather Part II (1974),,https://letterboxd.com/film/the-godfather-part-ii/,2026-05-25T11:48:06+00:00
movie_b9f1af352bed,Zootopia (2016),,https://letterboxd.com/film/zootopia/,2026-05-25T11:48:51+00:00
movie_4c0aa3e7ceee,Big Hero 6 (2014),,https://letterboxd.com/film/big-hero-6/,2026-05-25T11:48:51+00:00
movie_193d38777ae4,Frozen (2013),,https://letterboxd.com/film/frozen-2013/,2026-05-25T11:48:51+00:00
movie_1c4b2e1f2c24,The Great Gatsby (2013),,https://letterboxd.com/film/the-great-gatsby-2013/,2026-05-25T11:48:51+00:00
movie_cb73a2c60616,Harry Potter and the Half-Blood Prince (2009),,https://letterboxd.com/film/harry-potter-and-the-half-blood-prince/,2026-05-25T11:48:51+00:00
movie_1c93923aef4b,Ponyo (2008),,https://letterboxd.com/film/ponyo/,2026-05-25T11:48:51+00:00
movie_63999a210faf,Harry Potter and the Order of the Phoenix (2007),,https://letterboxd.com/film/harry-potter-and-the-order-of-the-phoenix/,2026-05-25T11:48:51+00:00
movie_e2b518fe536f,The Incredibles (2004),,https://letterboxd.com/film/the-incredibles/,2026-05-25T11:48:51+00:00
movie_a2c0aa39b88d,Pirates of the Caribbean: The Curse of the Black Pearl (2003),,https://letterboxd.com/film/pirates-of-the-caribbean-the-curse-of-the-black-pearl/,2026-05-25T11:48:51+00:00
movie_ae9b74a450d0,Harry Potter and the Chamber of Secrets (2002),,https://letterboxd.com/film/harry-potter-and-the-chamber-of-secrets/,2026-05-25T11:48:51+00:00
movie_564134ceb929,City of God (2002),,https://letterboxd.com/film/city-of-god/,2026-05-25T11:48:51+00:00
movie_c352d77333e4,"Monsters, Inc. (2001)",,https://letterboxd.com/film/monsters-inc/,2026-05-25T11:48:51+00:00
movie_4b97eccf771b,Mulholland Drive (2001),,https://letterboxd.com/film/mulholland-drive/,2026-05-25T11:48:51+00:00
movie_ddc0ca86d926,Amélie (2001),,https://letterboxd.com/film/amelie/,2026-05-25T11:48:51+00:00
movie_62b2cbb9a458,Shrek (2001),,https://letterboxd.com/film/shrek/,2026-05-25T11:48:51+00:00
movie_bcf60547f959,Gladiator (2000),,https://letterboxd.com/film/gladiator-2000/,2026-05-25T11:48:51+00:00
movie_7337e829d81b,There Will Be Blood (2007),,https://letterboxd.com/film/there-will-be-blood/,2026-05-25T11:49:43+00:00
movie_cbc0f05535d1,The Lord of the Rings: The Return of the King (2003),,https://letterboxd.com/film/the-lord-of-the-rings-the-return-of-the-king/,2026-05-25T11:49:43+00:00
movie_2b14c8240ea5,Oldboy (2003),,https://letterboxd.com/film/oldboy/,2026-05-25T11:49:43+00:00
movie_4e6949551572,Heat (1995),,https://letterboxd.com/film/heat-1995/,2026-05-25T11:49:43+00:00
movie_b79b2af35175,La Haine (1995),,https://letterboxd.com/film/la-haine/,2026-05-25T11:49:43+00:00
movie_722db1f88b81,GoodFellas (1990),,https://letterboxd.com/film/goodfellas/,2026-05-25T11:49:43+00:00
movie_f7ce05540a25,Apocalypse Now (1979),,https://letterboxd.com/film/apocalypse-now/,2026-05-25T11:49:43+00:00
movie_4f01cf7ac0d5,2001: A Space Odyssey (1968),,https://letterboxd.com/film/2001-a-space-odyssey/,2026-05-25T11:49:43+00:00
movie_2452cd150b54,12 Angry Men (1957),,https://letterboxd.com/film/12-angry-men/,2026-05-25T11:49:43+00:00
movie_3c199efa9691,Five Nights at Freddy's 2,,,2026-05-25T11:50:29+00:00
movie_902ec4ba7985,Chainsaw Man – The Movie: Reze Arc (2025),,https://letterboxd.com/film/chainsaw-man-the-movie-reze-arc/,2026-05-25T11:50:29+00:00
movie_5ae8a0533de3,Venom: The Last Dance (2024),,https://letterboxd.com/film/venom-the-last-dance/,2026-05-25T11:50:29+00:00
movie_d356806ca5d0,Look Back (2024),,https://letterboxd.com/film/look-back-2024/,2026-05-25T11:50:29+00:00
movie_359c2e7093d8,Baby Reindeer (2024),,https://letterboxd.com/film/baby-reindeer/,2026-05-25T11:50:29+00:00
movie_9ab1259962f3,Godzilla × Kong: The New Empire (2024),,https://letterboxd.com/film/godzilla-kong-the-new-empire/,2026-05-25T11:50:29+00:00
movie_35df4176f59a,Venom: Let There Be Carnage (2021),,https://letterboxd.com/film/venom-let-there-be-carnage/,2026-05-25T11:50:29+00:00
movie_517054d38b3d,Black Widow (2021),,https://letterboxd.com/film/black-widow-2021/,2026-05-25T11:50:29+00:00
movie_42101a2fb18b,The Mitchells vs. the Machines (2021),,https://letterboxd.com/film/the-mitchells-vs-the-machines/,2026-05-25T11:50:29+00:00
movie_7c7049f1f373,Godzilla vs. Kong (2021),,https://letterboxd.com/film/godzilla-vs-kong/,2026-05-25T11:50:29+00:00
movie_348fc41aa6dd,Evangelion: 3.0+1.0 Thrice Upon a Time (2021),,https://letterboxd.com/film/evangelion-3010-thrice-upon-a-time/,2026-05-25T11:50:29+00:00
movie_c78bbac56654,Shazam! (2019),,https://letterboxd.com/film/shazam/,2026-05-25T11:50:29+00:00
movie_0668bc476b3e,Aquaman (2018),,https://letterboxd.com/film/aquaman-2018/,2026-05-25T11:50:29+00:00
movie_626e5165396e,Bird Box (2018),,https://letterboxd.com/film/bird-box/,2026-05-25T11:50:29+00:00
movie_edfd90f4d9ac,The Grinch (2018),,https://letterboxd.com/film/the-grinch/,2026-05-25T11:50:29+00:00
movie_04b54c5ab8f0,Ant-Man and the Wasp (2018),,https://letterboxd.com/film/ant-man-and-the-wasp/,2026-05-25T11:50:29+00:00
movie_7b0d3305eeb3,White Chicks (2004),,https://letterboxd.com/film/white-chicks/,2026-05-25T11:51:13+00:00
movie_0fbc4d3cd8c1,Rogue One: A Star Wars Story (2016),,https://letterboxd.com/film/rogue-one-a-star-wars-story/,2026-05-25T11:51:20+00:00
movie_82da11a71bb3,The Martian (2015),,https://letterboxd.com/film/the-martian/,2026-05-25T11:51:20+00:00
movie_3952df123290,The Witch (2015),,https://letterboxd.com/film/the-witch-2015/,2026-05-25T11:51:20+00:00
movie_dca9665d578b,Toy Story 3 (2010),,https://letterboxd.com/film/toy-story-3/,2026-05-25T11:51:21+00:00
movie_e87cb4278e9e,Iron Man 2 (2010),,https://letterboxd.com/film/iron-man-2/,2026-05-25T11:51:21+00:00
movie_8ca38910acc8,The Hangover (2009),,https://letterboxd.com/film/the-hangover/,2026-05-25T11:51:21+00:00
movie_e8f7e99aa434,Iron Man (2008),,https://letterboxd.com/film/iron-man-2008/,2026-05-25T11:51:21+00:00
movie_f03eb2e5151e,Superbad (2007),,https://letterboxd.com/film/superbad/,2026-05-25T11:51:21+00:00
movie_160af1117acb,Spider-Man 3 (2007),,https://letterboxd.com/film/spider-man-3/,2026-05-25T11:51:21+00:00
movie_ad8228c5d484,Good Will Hunting,,,2026-05-25T11:51:28+00:00
movie_4b9796d8ad81,The Godfather,,,2026-05-25T11:52:03+00:00
movie_a189d03e16f6,Titanic (1997),,https://letterboxd.com/film/titanic-1997/,2026-05-25T11:52:11+00:00
movie_4d8c71a738c5,Scream (1996),,https://letterboxd.com/film/scream/,2026-05-25T11:52:11+00:00
movie_6f2a36857e77,Home Alone (1990),,https://letterboxd.com/film/home-alone/,2026-05-25T11:52:11+00:00
movie_7812d0944dbd,Back to the Future (1985),,https://letterboxd.com/film/back-to-the-future/,2026-05-25T11:52:11+00:00
movie_b5c3c4740839,Star Wars (1977),,https://letterboxd.com/film/star-wars/,2026-05-25T11:52:11+00:00
movie_6af44d0785c3,Death of a Unicorn (2025),,https://letterboxd.com/film/death-of-a-unicorn/,2026-05-25T11:53:03+00:00
movie_56a91fbc55b9,Together (2025),,https://letterboxd.com/film/together-2025/,2026-05-25T11:53:03+00:00
movie_183e419df931,Fall (2022),,https://letterboxd.com/film/fall-2022/,2026-05-25T11:53:03+00:00
movie_3b86a0263f12,Last Night in Soho (2021),,https://letterboxd.com/film/last-night-in-soho/,2026-05-25T11:53:03+00:00
movie_7c3f22e8ff06,Bo Burnham: Inside (2021),,https://letterboxd.com/film/bo-burnham-inside/,2026-05-25T11:53:03+00:00
movie_a0468dfd3675,Nomadland (2020),,https://letterboxd.com/film/nomadland/,2026-05-25T11:53:03+00:00
movie_b87a1bfc92a3,Booksmart (2019),,https://letterboxd.com/film/booksmart/,2026-05-25T11:53:03+00:00
movie_debaf8cc1499,Mamma Mia! Here We Go Again (2018),,https://letterboxd.com/film/mamma-mia-here-we-go-again/,2026-05-25T11:53:03+00:00
movie_42a5bfbfa6d4,Ocean's Eight (2018),,https://letterboxd.com/film/oceans-eight/,2026-05-25T11:53:03+00:00
movie_3fface589e73,Solo: A Star Wars Story (2018),,https://letterboxd.com/film/solo-a-star-wars-story/,2026-05-25T11:53:03+00:00
movie_094fd29fd7a3,A Quiet Place (2018),,https://letterboxd.com/film/a-quiet-place-2018/,2026-05-25T11:53:03+00:00
movie_a8790c7bee5f,"Love, Simon (2018)",,https://letterboxd.com/film/love-simon/,2026-05-25T11:53:03+00:00
movie_39d7b61dabde,Annihilation (2018),,https://letterboxd.com/film/annihilation/,2026-05-25T11:53:03+00:00
movie_9e0d5960917b,Kingsman: The Golden Circle (2017),,https://letterboxd.com/film/kingsman-the-golden-circle/,2026-05-25T11:53:03+00:00
movie_1ebd427946ea,"Three Billboards Outside Ebbing, Missouri (2017)",,https://letterboxd.com/film/three-billboards-outside-ebbing-missouri/,2026-05-25T11:53:03+00:00
movie_e23352a18273,Fantastic Beasts and Where to Find Them (2016),,https://letterboxd.com/film/fantastic-beasts-and-where-to-find-them/,2026-05-25T11:53:03+00:00
movie_098012132e5c,Terrifier (2016),,https://letterboxd.com/film/terrifier-2016/,2026-05-25T11:53:03+00:00
movie_b0e41e3661e6,Miss Peregrine's Home for Peculiar Children (2016),,https://letterboxd.com/film/miss-peregrines-home-for-peculiar-children/,2026-05-25T11:53:03+00:00
movie_11b96b4f3bfb,The Edge of Seventeen (2016),,https://letterboxd.com/film/the-edge-of-seventeen/,2026-05-25T11:53:03+00:00
movie_2130714bb96e,The Autopsy of Jane Doe (2016),,https://letterboxd.com/film/the-autopsy-of-jane-doe/,2026-05-25T11:53:03+00:00
movie_adae527e52f8,Hacksaw Ridge (2016),,https://letterboxd.com/film/hacksaw-ridge/,2026-05-25T11:53:03+00:00
movie_b871cb4184ce,Finding Dory (2016),,https://letterboxd.com/film/finding-dory/,2026-05-25T11:53:03+00:00
movie_a54c1f3f40ee,Jurassic Park (1993),,https://letterboxd.com/film/jurassic-park/,2026-05-25T11:53:55+00:00
movie_ea562945d59b,The Revenant (2015),,https://letterboxd.com/film/the-revenant-2015/,2026-05-25T11:54:03+00:00
movie_ca81f957388e,The Big Short (2015),,https://letterboxd.com/film/the-big-short/,2026-05-25T11:54:03+00:00
movie_7ba6e9ace715,Kingsman: The Secret Service (2014),,https://letterboxd.com/film/kingsman-the-secret-service/,2026-05-25T11:54:03+00:00
movie_f4b65c56b63a,The Amazing Spider-Man 2 (2014),,https://letterboxd.com/film/the-amazing-spider-man-2/,2026-05-25T11:54:03+00:00
movie_7fedc847c84d,The Lego Movie (2014),,https://letterboxd.com/film/the-lego-movie/,2026-05-25T11:54:03+00:00
movie_1d745f50b9b7,21 Jump Street (2012),,https://letterboxd.com/film/21-jump-street/,2026-05-25T11:54:03+00:00
movie_6abd23426933,Thor (2011),,https://letterboxd.com/film/thor/,2026-05-25T11:54:03+00:00
movie_434ee7417e67,The Princess Bride (1987),,https://letterboxd.com/film/the-princess-bride/,2026-05-25T11:54:43+00:00
movie_98e0911b7ec3,The Sheep Detectives,,,2026-05-25T11:55:38+00:00
movie_97091527eabc,How to Train Your Dragon (2025),,https://letterboxd.com/film/how-to-train-your-dragon-2025/,2026-05-25T11:55:45+00:00
movie_3ada86696b71,Warfare (2025),,https://letterboxd.com/film/warfare/,2026-05-25T11:55:45+00:00
movie_fcf728830cda,Wallace & Gromit: Vengeance Most Fowl (2024),,https://letterboxd.com/film/wallace-gromit-vengeance-most-fowl/,2026-05-25T11:55:45+00:00
movie_16857d584b25,The Life of Chuck (2024),,https://letterboxd.com/film/the-life-of-chuck/,2026-05-25T11:55:45+00:00
movie_55a732c4fec8,A Haunting in Venice (2023),,https://letterboxd.com/film/a-haunting-in-venice/,2026-05-25T11:55:45+00:00
movie_d4b0f3485400,Society of the Snow (2023),,https://letterboxd.com/film/society-of-the-snow/,2026-05-25T11:55:45+00:00
movie_720ba7e6b07a,Air (2023),,https://letterboxd.com/film/air-2023/,2026-05-25T11:55:45+00:00
movie_597727f8a89c,Enola Holmes 2 (2022),,https://letterboxd.com/film/enola-holmes-2/,2026-05-25T11:55:45+00:00
movie_9bc10231bb20,Minions: The Rise of Gru (2022),,https://letterboxd.com/film/minions-the-rise-of-gru/,2026-05-25T11:55:45+00:00
movie_4dcbd6f7aed3,Jurassic World Dominion (2022),,https://letterboxd.com/film/jurassic-world-dominion/,2026-05-25T11:55:45+00:00
movie_e987c07c4aae,Moon Knight (2022),,https://letterboxd.com/film/moon-knight-2022/,2026-05-25T11:55:45+00:00
movie_16464bdec467,The Hating Game (2021),,https://letterboxd.com/film/the-hating-game/,2026-05-25T11:56:25+00:00
movie_9b6b58248624,Now You See Me: Now You Don't (2025),,https://letterboxd.com/film/now-you-see-me-now-you-dont-2025/,2026-05-25T11:56:32+00:00
movie_1b6cf38cc8b6,My Oxford Year (2025),,https://letterboxd.com/film/my-oxford-year/,2026-05-25T11:56:32+00:00
movie_77188f4291cf,It Ends with Us (2024),,https://letterboxd.com/film/it-ends-with-us/,2026-05-25T11:56:32+00:00
movie_e8a86e01a8aa,Beating Hearts (2024),,https://letterboxd.com/film/beating-hearts-2024/,2026-05-25T11:56:32+00:00
movie_5d8ae8c2df8b,Purple Hearts (2022),,https://letterboxd.com/film/purple-hearts-2022/,2026-05-25T11:56:32+00:00
movie_a77db70417b6,Where the Crawdads Sing (2022),,https://letterboxd.com/film/where-the-crawdads-sing/,2026-05-25T11:56:32+00:00
movie_15c7f837fa3d,All the Bright Places (2020),,https://letterboxd.com/film/all-the-bright-places/,2026-05-25T11:56:32+00:00
movie_27bf1cbb33c2,Marriage Story (2019),,https://letterboxd.com/film/marriage-story-2019/,2026-05-25T11:56:32+00:00
movie_6f29ffdeafe4,Toy Story 4 (2019),,https://letterboxd.com/film/toy-story-4/,2026-05-25T11:56:33+00:00
movie_36426f3f39ca,John Wick: Chapter 3 – Parabellum (2019),,https://letterboxd.com/film/john-wick-chapter-3-parabellum/,2026-05-25T11:56:33+00:00
movie_c30553e08d61,Five Feet Apart (2019),,https://letterboxd.com/film/five-feet-apart/,2026-05-25T11:56:33+00:00
movie_03a64f76f276,A Star Is Born (2018),,https://letterboxd.com/film/a-star-is-born-2018/,2026-05-25T11:56:33+00:00
movie_bbc88b6462fe,The Shawshank Redemption,,,2026-05-25T11:57:23+00:00
movie_e1d4177cd7f5,The Flash (2023),,https://letterboxd.com/film/the-flash/,2026-05-25T11:58:21+00:00
movie_378da6994b1e,Loki (2021),,https://letterboxd.com/film/loki-2021/,2026-05-25T11:58:21+00:00
movie_1b5b39874050,Zack Snyder's Justice League (2021),,https://letterboxd.com/film/zack-snyders-justice-league/,2026-05-25T11:58:21+00:00
movie_0535ab3ab44f,Raya and the Last Dragon (2021),,https://letterboxd.com/film/raya-and-the-last-dragon/,2026-05-25T11:58:21+00:00
movie_bd8826e50405,WandaVision (2021),,https://letterboxd.com/film/wandavision/,2026-05-25T11:58:21+00:00
movie_4c8ef97c9f23,Onward (2020),,https://letterboxd.com/film/onward-2020/,2026-05-25T11:58:21+00:00
movie_86c70050e2a7,Pokémon Detective Pikachu (2019),,https://letterboxd.com/film/pokemon-detective-pikachu/,2026-05-25T11:58:21+00:00
movie_a2979dcddbc0,Fantastic Beasts: The Crimes of Grindelwald (2018),,https://letterboxd.com/film/fantastic-beasts-the-crimes-of-grindelwald/,2026-05-25T11:58:21+00:00
movie_b3ffb9644b5c,Ralph Breaks the Internet (2018),,https://letterboxd.com/film/ralph-breaks-the-internet/,2026-05-25T11:58:21+00:00
movie_2a3117301866,Obsession,,,2026-05-25T11:59:02+00:00
movie_c6751f2a9a1a,Fear Street: 1978 (2021),,https://letterboxd.com/film/fear-street-1978/,2026-05-25T11:59:02+00:00
movie_09dba8214a93,Thrash (2026),,https://letterboxd.com/film/thrash-2026/,2026-05-25T11:59:10+00:00
movie_ab992d98cfde,Dracula (2025),,https://letterboxd.com/film/dracula-2025/,2026-05-25T11:59:10+00:00
movie_23a11c339cd9,I Know What You Did Last Summer (2025),,https://letterboxd.com/film/i-know-what-you-did-last-summer-2025/,2026-05-25T11:59:10+00:00
movie_6f366267750c,Blink Twice (2024),,https://letterboxd.com/film/blink-twice/,2026-05-25T11:59:10+00:00
movie_3e661b934aff,The Idea of You (2024),,https://letterboxd.com/film/the-idea-of-you-2024/,2026-05-25T11:59:10+00:00
movie_2a8de4354d7b,BEEF (2023),,https://letterboxd.com/film/beef-2023/,2026-05-25T11:59:10+00:00
movie_913535c6a2b8,The Invisible Man (2020),,https://letterboxd.com/film/the-invisible-man-2020/,2026-05-25T11:59:10+00:00
movie_b93bd80320b8,The Lighthouse (2019),,https://letterboxd.com/film/the-lighthouse-2019/,2026-05-25T11:59:10+00:00
movie_a80c25b29d21,Memories of Murder (2003),,https://letterboxd.com/film/memories-of-murder/,2026-05-25T12:00:13+00:00
movie_d14d0e899da0,Hokum (2026),,https://letterboxd.com/film/hokum/,2026-05-25T12:00:57+00:00
movie_e23ae66c3b64,The Royal Tenenbaums (2001),,https://letterboxd.com/film/the-royal-tenenbaums/,2026-05-25T12:00:57+00:00
movie_adf8011bc47e,Star Wars: Episode I – The Phantom Menace (1999),,https://letterboxd.com/film/star-wars-episode-i-the-phantom-menace/,2026-05-25T12:00:57+00:00
movie_203d9cc00763,Top Gun (1986),,https://letterboxd.com/film/top-gun/,2026-05-25T12:00:57+00:00
movie_ee229517e9e8,The Empire Strikes Back (1980),,https://letterboxd.com/film/the-empire-strikes-back/,2026-05-25T12:00:57+00:00
movie_c629d39e8c23,The Texas Chain Saw Massacre (1974),,https://letterboxd.com/film/the-texas-chain-saw-massacre/,2026-05-25T12:00:57+00:00
movie_690c7a092518,Inglourious Basterds,,,2026-05-25T12:01:01+00:00
movie_30991087868e,Drive,,,2026-05-25T12:01:44+00:00
movie_837a16371c92,Batman Begins (2005),,https://letterboxd.com/film/batman-begins/,2026-05-25T12:01:51+00:00
movie_0850ff3002d2,Spider-Man 2 (2004),,https://letterboxd.com/film/spider-man-2/,2026-05-25T12:01:51+00:00
movie_027ecf295afc,Kill Bill: Vol. 2 (2004),,https://letterboxd.com/film/kill-bill-vol-2/,2026-05-25T12:01:51+00:00
movie_35b9d8651e7e,The Lord of the Rings: The Two Towers (2002),,https://letterboxd.com/film/the-lord-of-the-rings-the-two-towers/,2026-05-25T12:01:51+00:00
movie_f7631667bd4f,Black Bag (2025),,https://letterboxd.com/film/black-bag-2025/,2026-05-25T12:02:41+00:00
movie_ef20cb5678b9,Bridget Jones: Mad About the Boy (2025),,https://letterboxd.com/film/bridget-jones-mad-about-the-boy/,2026-05-25T12:02:41+00:00
movie_a6ea91b96a0f,"Sorry, Baby (2025)",,https://letterboxd.com/film/sorry-baby-2025/,2026-05-25T12:02:41+00:00
movie_980545b8052b,Babygirl (2024),,https://letterboxd.com/film/babygirl-2024/,2026-05-25T12:02:41+00:00
movie_810972985ac7,A Different Man (2024),,https://letterboxd.com/film/a-different-man/,2026-05-25T12:02:41+00:00
movie_adca27f3a865,A Real Pain (2024),,https://letterboxd.com/film/a-real-pain/,2026-05-25T12:02:41+00:00
movie_2da69a2d813d,Triangle of Sadness (2022),,https://letterboxd.com/film/triangle-of-sadness/,2026-05-25T12:02:41+00:00
movie_24c00fdcde03,The Twilight Saga: New Moon (2009),,https://letterboxd.com/film/the-twilight-saga-new-moon/,2026-05-25T12:03:17+00:00
movie_cbe3236e8ab9,Stranger Things 5: The Finale,,,2026-05-25T12:03:25+00:00
movie_1bc20d6f393b,Final Destination Bloodlines (2025),,https://letterboxd.com/film/final-destination-bloodlines/,2026-05-25T12:03:25+00:00
movie_0e6c71a767b3,"tick, tick... BOOM! (2021)",,https://letterboxd.com/film/tick-tick-boom-2021/,2026-05-25T12:03:25+00:00
movie_49b8a482ac7c,Chernobyl (2019),,https://letterboxd.com/film/chernobyl/,2026-05-25T12:04:10+00:00
movie_7c40c0163578,Castle in the Sky (1986),,https://letterboxd.com/film/castle-in-the-sky/,2026-05-25T12:04:10+00:00
movie_d697330fa74a,Enola Holmes (2020),,https://letterboxd.com/film/enola-holmes/,2026-05-25T12:04:19+00:00
movie_f91f63c04afc,War Dogs (2016),,https://letterboxd.com/film/war-dogs-2016/,2026-05-25T12:04:19+00:00
movie_6a7a7b2c3b89,The Hunger Games: Mockingjay – Part 2 (2015),,https://letterboxd.com/film/the-hunger-games-mockingjay-part-2/,2026-05-25T12:04:19+00:00
movie_40e97d00c481,Ant-Man (2015),,https://letterboxd.com/film/ant-man/,2026-05-25T12:04:19+00:00
movie_8d5a0816b905,The Secret Life of Walter Mitty (2013),,https://letterboxd.com/film/the-secret-life-of-walter-mitty-2013/,2026-05-25T12:05:11+00:00
movie_b48121118091,Life of Pi (2012),,https://letterboxd.com/film/life-of-pi/,2026-05-25T12:05:11+00:00
movie_f36c0d9ab6a7,The Hunt (2012),,https://letterboxd.com/film/the-hunt-2012/,2026-05-25T12:05:11+00:00
movie_d8d48d0e3a2c,The Intouchables (2011),,https://letterboxd.com/film/the-intouchables/,2026-05-25T12:05:11+00:00
movie_120dd45e7b9c,Kung Fu Panda (2008),,https://letterboxd.com/film/kung-fu-panda/,2026-05-25T12:05:11+00:00
movie_7d7d1b5eeabf,Casino Royale (2006),,https://letterboxd.com/film/casino-royale-2006/,2026-05-25T12:05:11+00:00
movie_218c688e8c45,Pan's Labyrinth (2006),,https://letterboxd.com/film/pans-labyrinth/,2026-05-25T12:05:11+00:00
movie_5f0aebf3f327,V for Vendetta (2005),,https://letterboxd.com/film/v-for-vendetta/,2026-05-25T12:05:11+00:00
movie_951cf5553fed,Corpse Bride (2005),,https://letterboxd.com/film/corpse-bride/,2026-05-25T12:05:11+00:00
movie_988e7e1ce405,Brokeback Mountain (2005),,https://letterboxd.com/film/brokeback-mountain/,2026-05-25T12:05:11+00:00
movie_14bdf0c97372,Fight Club,,,2026-05-25T12:05:55+00:00
movie_f5db1281c64a,Frankenstein,,,2026-05-25T12:06:03+00:00
movie_d161632a4772,The Princess Diaries (2001),,https://letterboxd.com/film/the-princess-diaries/,2026-05-25T12:07:35+00:00
movie_c52d92b4e26a,The Nightmare Before Christmas (1993),,https://letterboxd.com/film/the-nightmare-before-christmas/,2026-05-25T12:07:35+00:00
movie_51f79331810e,Apex,,,2026-05-25T12:08:23+00:00
movie_9275f2a2e303,Peaky Blinders: The Immortal Man (2026),,https://letterboxd.com/film/peaky-blinders-the-immortal-man/,2026-05-25T12:08:23+00:00
movie_b0038f943296,The Marvels (2023),,https://letterboxd.com/film/the-marvels/,2026-05-25T12:08:23+00:00
movie_121c979b4f90,Nobody (2021),,https://letterboxd.com/film/nobody-2021/,2026-05-25T12:08:23+00:00
movie_1de0998ba8ad,The Gentlemen (2019),,https://letterboxd.com/film/the-gentlemen/,2026-05-25T12:08:23+00:00
movie_1ab69e40bd7c,Creed II (2018),,https://letterboxd.com/film/creed-ii/,2026-05-25T12:08:23+00:00
movie_53a653f4c3f3,Halloween (2018),,https://letterboxd.com/film/halloween-2018/,2026-05-25T12:08:23+00:00
movie_61e192f121b0,John Wick: Chapter 2 (2017),,https://letterboxd.com/film/john-wick-chapter-2/,2026-05-25T12:08:23+00:00
movie_f22c56bf4b8e,Creed (2015),,https://letterboxd.com/film/creed/,2026-05-25T12:08:23+00:00
movie_9bcc0519b734,Southpaw (2015),,https://letterboxd.com/film/southpaw-2015/,2026-05-25T12:08:23+00:00
movie_5474b92fc818,Furious 7 (2015),,https://letterboxd.com/film/furious-7/,2026-05-25T12:08:23+00:00
movie_f1aaf4e98f13,Focus (2015),,https://letterboxd.com/film/focus-2015/,2026-05-25T12:08:23+00:00
movie_525c35b63a53,American Sniper (2014),,https://letterboxd.com/film/american-sniper/,2026-05-25T12:08:23+00:00
movie_585733e4b570,Five Nights at Freddy's,,,2026-05-25T12:09:56+00:00
movie_5569804a1c7b,Weapons,,,2026-05-25T12:10:48+00:00
movie_10f789b293d7,Until Dawn (2025),,https://letterboxd.com/film/until-dawn-2025/,2026-05-25T12:10:55+00:00
movie_a3780d2f33f4,The Ugly Stepsister (2025),,https://letterboxd.com/film/the-ugly-stepsister/,2026-05-25T12:10:55+00:00
movie_a764c33e9187,Uncharted (2022),,https://letterboxd.com/film/uncharted-2022/,2026-05-25T12:10:55+00:00
movie_5feae85dbcc9,Fractured (2019),,https://letterboxd.com/film/fractured-2019/,2026-05-25T12:10:55+00:00
movie_16866f6f4c3b,Wake Up Dead Man,,,2026-05-25T12:11:48+00:00
movie_96e035ebad66,To All the Boys I've Loved Before (2018),,https://letterboxd.com/film/to-all-the-boys-ive-loved-before/,2026-05-25T12:12:38+00:00
movie_9501bc884c91,Me Before You (2016),,https://letterboxd.com/film/me-before-you/,2026-05-25T12:12:38+00:00
movie_79b48ea48dfe,Nuremberg (2025),,https://letterboxd.com/film/nuremberg-2025/,2026-05-25T12:13:23+00:00
movie_fb686a06f46a,Jujutsu Kaisen 0 (2021),,https://letterboxd.com/film/jujutsu-kaisen-0/,2026-05-25T12:13:23+00:00
movie_4fceb8791818,Justice League (2017),,https://letterboxd.com/film/justice-league/,2026-05-25T12:13:23+00:00
movie_6c346ee9067c,Mission: Impossible – Rogue Nation (2015),,https://letterboxd.com/film/mission-impossible-rogue-nation/,2026-05-25T12:13:23+00:00
movie_b11e9f082ca8,Wreck-It Ralph (2012),,https://letterboxd.com/film/wreck-it-ralph/,2026-05-25T12:13:23+00:00
movie_0ea7c622ffaa,Mission: Impossible – Ghost Protocol (2011),,https://letterboxd.com/film/mission-impossible-ghost-protocol/,2026-05-25T12:13:23+00:00
movie_64f97f4afd0a,Moneyball (2011),,https://letterboxd.com/film/moneyball/,2026-05-25T12:13:59+00:00
movie_0e0d9f51d921,Madame Web (2024),,https://letterboxd.com/film/madame-web/,2026-05-25T12:14:06+00:00
movie_4a5abf16ec5b,Transformers: Rise of the Beasts (2023),,https://letterboxd.com/film/transformers-rise-of-the-beasts/,2026-05-25T12:14:06+00:00
movie_d3a26649f52b,Fast X (2023),,https://letterboxd.com/film/fast-x/,2026-05-25T12:14:06+00:00
movie_adde1e59afab,F9 (2021),,https://letterboxd.com/film/f9/,2026-05-25T12:14:06+00:00
movie_1715f68bd969,Ford v Ferrari (2019),,https://letterboxd.com/film/ford-v-ferrari/,2026-05-25T12:14:06+00:00
movie_918e629af7c9,Fast & Furious Presents: Hobbs & Shaw (2019),,https://letterboxd.com/film/fast-furious-presents-hobbs-shaw/,2026-05-25T12:14:06+00:00
movie_d9ab664417f0,Bumblebee (2018),,https://letterboxd.com/film/bumblebee/,2026-05-25T12:14:06+00:00
movie_b4efe31d8fb5,The Devil Wears Prada,,,2026-05-25T12:14:43+00:00
movie_eb07f05480c0,Twisters (2024),,https://letterboxd.com/film/twisters/,2026-05-25T12:14:51+00:00
movie_abbb66c06c8c,Mean Girls (2024),,https://letterboxd.com/film/mean-girls-2024/,2026-05-25T12:14:51+00:00
movie_82e9443e2247,Woman of the Hour (2023),,https://letterboxd.com/film/woman-of-the-hour/,2026-05-25T12:14:51+00:00
movie_37c8e177d009,Do Revenge (2022),,https://letterboxd.com/film/do-revenge/,2026-05-25T12:14:51+00:00
movie_ac58a88fa97c,West Side Story (2021),,https://letterboxd.com/film/west-side-story-2021/,2026-05-25T12:14:51+00:00
movie_9a21fc364823,Hamilton (2020),,https://letterboxd.com/film/hamilton-2020/,2026-05-25T12:14:51+00:00
movie_9add5a8ed8ba,Rocketman (2019),,https://letterboxd.com/film/rocketman-2019/,2026-05-25T12:14:51+00:00
movie_2c4ec87a98be,Jumanji: Welcome to the Jungle (2017),,https://letterboxd.com/film/jumanji-welcome-to-the-jungle/,2026-05-25T12:14:51+00:00
movie_dc95f640e7eb,Wonder (2017),,https://letterboxd.com/film/wonder-2017/,2026-05-25T12:14:51+00:00
movie_858a7ea05412,The Shape of Water (2017),,https://letterboxd.com/film/the-shape-of-water/,2026-05-25T12:14:51+00:00
movie_f6add1560c0e,Okja (2017),,https://letterboxd.com/film/okja/,2026-05-25T12:14:51+00:00
movie_e8b6f470aca3,Beauty and the Beast (2017),,https://letterboxd.com/film/beauty-and-the-beast-2017/,2026-05-25T12:14:51+00:00
movie_4938415b28b5,Now You See Me 2 (2016),,https://letterboxd.com/film/now-you-see-me-2/,2026-05-25T12:14:51+00:00
movie_e0c99dddae6d,Incendies (2010),,https://letterboxd.com/film/incendies/,2026-05-25T12:15:52+00:00
movie_8dec5839ba7a,Steve (2025),,https://letterboxd.com/film/steve-2025/,2026-05-25T12:16:44+00:00
movie_cb15b985d5fa,The Thursday Murder Club (2025),,https://letterboxd.com/film/the-thursday-murder-club/,2026-05-25T12:16:44+00:00
movie_5411c6eb98a9,Your Fault (2024),,https://letterboxd.com/film/your-fault/,2026-05-25T12:16:44+00:00
movie_40edaca55dc6,Despicable Me 4 (2024),,https://letterboxd.com/film/despicable-me-4/,2026-05-25T12:16:44+00:00
movie_f45fd821d435,The Tearsmith (2024),,https://letterboxd.com/film/the-tearsmith/,2026-05-25T12:16:44+00:00
movie_cb0720d2a806,One Day (2024),,https://letterboxd.com/film/one-day-2024/,2026-05-25T12:16:44+00:00
movie_5c7e92181708,Aquaman and the Lost Kingdom (2023),,https://letterboxd.com/film/aquaman-and-the-lost-kingdom/,2026-05-25T12:16:44+00:00
movie_8031e0d1700e,My Fault (2023),,https://letterboxd.com/film/my-fault/,2026-05-25T12:16:44+00:00
movie_dc31cc8a9862,May December (2023),,https://letterboxd.com/film/may-december/,2026-05-25T12:16:44+00:00
movie_bc27c85a1574,Murder Mystery 2 (2023),,https://letterboxd.com/film/murder-mystery-2/,2026-05-25T12:16:44+00:00
movie_522fcbbe91e9,The Pale Blue Eye (2022),,https://letterboxd.com/film/the-pale-blue-eye/,2026-05-25T12:16:44+00:00
movie_9f6d811a3259,DAHMER - Monster: The Jeffrey Dahmer Story (2022),,https://letterboxd.com/film/dahmer-monster-the-jeffrey-dahmer-story/,2026-05-25T12:16:44+00:00
movie_d2e647cb0249,To All the Boys: Always and Forever (2021),,https://letterboxd.com/film/to-all-the-boys-always-and-forever/,2026-05-25T12:16:44+00:00
movie_fb4f93c09b40,Euphoria: Trouble Don't Last Always (2020),,https://letterboxd.com/film/euphoria-trouble-dont-last-always/,2026-05-25T12:16:44+00:00
movie_356aa05bc640,The Departed (2006),,https://letterboxd.com/film/the-departed/,2026-05-25T12:17:30+00:00
movie_8f4fb0638a01,Jackie Brown (1997),,https://letterboxd.com/film/jackie-brown/,2026-05-25T12:17:30+00:00
movie_8bca3d5ef563,Schindler's List (1993),,https://letterboxd.com/film/schindlers-list/,2026-05-25T12:17:30+00:00
movie_57d93c7183e6,Reservoir Dogs (1992),,https://letterboxd.com/film/reservoir-dogs/,2026-05-25T12:17:30+00:00
movie_979707c92d00,Grave of the Fireflies (1988),,https://letterboxd.com/film/grave-of-the-fireflies/,2026-05-25T12:17:30+00:00
movie_0ec2df02b0b8,mid90s (2018),,https://letterboxd.com/film/mid90s/,2026-05-25T12:18:18+00:00
movie_c50620e630e6,The Favourite (2018),,https://letterboxd.com/film/the-favourite/,2026-05-25T12:18:18+00:00
movie_71e4b81f1993,mother! (2017),,https://letterboxd.com/film/mother-2017/,2026-05-25T12:18:18+00:00
movie_942d6d07766d,Iron Man 3 (2013),,https://letterboxd.com/film/iron-man-3/,2026-05-25T12:18:18+00:00
movie_6c0876cd5355,Megamind (2010),,https://letterboxd.com/film/megamind/,2026-05-25T12:18:18+00:00
movie_670c2b97871a,Despicable Me (2010),,https://letterboxd.com/film/despicable-me/,2026-05-25T12:18:18+00:00
movie_fe78f18ef13a,Everything Everywhere All at Once,,,2026-05-25T12:18:59+00:00
movie_b1da30174e41,Requiem for a Dream (2000),,https://letterboxd.com/film/requiem-for-a-dream/,2026-05-25T12:19:57+00:00
movie_636df9d9604c,Toy Story (1995),,https://letterboxd.com/film/toy-story/,2026-05-25T12:20:38+00:00
movie_bdfc2679fe83,Joker,,,2026-05-25T12:21:31+00:00
movie_949255a19ce2,Sonic the Hedgehog (2020),,https://letterboxd.com/film/sonic-the-hedgehog/,2026-05-25T12:22:18+00:00
movie_d7f045a4edc3,Godzilla: King of the Monsters (2019),,https://letterboxd.com/film/godzilla-king-of-the-monsters-2019/,2026-05-25T12:22:18+00:00
movie_4b1589944e8c,A Silent Voice: The Movie (2016),,https://letterboxd.com/film/a-silent-voice-the-movie/,2026-05-25T12:22:18+00:00
movie_28231bd20b3a,Train to Busan (2016),,https://letterboxd.com/film/train-to-busan/,2026-05-25T12:22:18+00:00
movie_3ea62b6e9172,Kung Fu Panda 3 (2016),,https://letterboxd.com/film/kung-fu-panda-3/,2026-05-25T12:22:18+00:00
movie_ec4fdea0cc9a,Fury (2014),,https://letterboxd.com/film/fury-2014/,2026-05-25T12:22:18+00:00
movie_b010b51ec97a,Enemy (2013),,https://letterboxd.com/film/enemy/,2026-05-25T12:22:18+00:00
movie_80629f20a0d5,World War Z (2013),,https://letterboxd.com/film/world-war-z/,2026-05-25T12:22:18+00:00
movie_edf68f24d53e,The Dictator (2012),,https://letterboxd.com/film/the-dictator-2012/,2026-05-25T12:22:18+00:00
movie_c30f39224ed3,Project X (2012),,https://letterboxd.com/film/project-x-2012/,2026-05-25T12:22:18+00:00
movie_aa86b340ce8e,The Secret Agent (2025),,https://letterboxd.com/film/the-secret-agent-2025/,2026-05-25T12:25:33+00:00
movie_d0ced3ea68b6,Bad Boys: Ride or Die (2024),,https://letterboxd.com/film/bad-boys-ride-or-die/,2026-05-25T12:25:33+00:00
movie_e8679bc05580,The Predator (2018),,https://letterboxd.com/film/the-predator/,2026-05-25T12:25:33+00:00
movie_2b0abf94e0f3,Cars 3 (2017),,https://letterboxd.com/film/cars-3/,2026-05-25T12:25:33+00:00
movie_68e9ee4b82ac,The Fate of the Furious (2017),,https://letterboxd.com/film/the-fate-of-the-furious/,2026-05-25T12:25:33+00:00
movie_0e3a13941595,The Hangover Part III (2013),,https://letterboxd.com/film/the-hangover-part-iii/,2026-05-25T12:25:33+00:00
movie_865de52f7391,Fast & Furious 6 (2013),,https://letterboxd.com/film/fast-furious-6/,2026-05-25T12:25:33+00:00
movie_f0704bfd3b68,Silver Linings Playbook (2012),,https://letterboxd.com/film/silver-linings-playbook/,2026-05-25T12:25:33+00:00
movie_9bb6d32b4b35,Aladdin (2019),,https://letterboxd.com/film/aladdin-2019/,2026-05-25T12:26:23+00:00
movie_1053b1f87079,How to Train Your Dragon: The Hidden World (2019),,https://letterboxd.com/film/how-to-train-your-dragon-the-hidden-world/,2026-05-25T12:26:23+00:00
movie_041d944421c2,She's the Man (2006),,https://letterboxd.com/film/shes-the-man/,2026-05-25T12:27:09+00:00
movie_61177378dec6,Donnie Darko,,,2026-05-25T12:27:56+00:00
movie_3f0d5096bcaa,Scarface (1983),,https://letterboxd.com/film/scarface-1983/,2026-05-25T12:28:48+00:00
movie_e7f37f468f13,American Gangster (2007),,https://letterboxd.com/film/american-gangster/,2026-05-25T12:28:48+00:00
movie_0b44ad5ce9f7,Legend (2015),,https://letterboxd.com/film/legend-2015/,2026-05-25T12:28:56+00:00
movie_1c246c650329,Blended (2014),,https://letterboxd.com/film/blended/,2026-05-25T12:28:56+00:00
movie_1c16e50885f0,Just Go with It (2011),,https://letterboxd.com/film/just-go-with-it/,2026-05-25T12:28:56+00:00
movie_d59da58cd7cf,Grown Ups (2010),,https://letterboxd.com/film/grown-ups/,2026-05-25T12:28:56+00:00
movie_19d3bfe2592f,Fallen Leaves (2023),,https://letterboxd.com/film/fallen-leaves-2023/,2026-05-25T12:29:52+00:00
movie_735974794abc,"The French Dispatch of the Liberty, Kansas Evening Sun (2021)",,https://letterboxd.com/film/the-french-dispatch-of-the-liberty-kansas/,2026-05-25T12:29:52+00:00
movie_f6a47931478f,Murder on the Orient Express (2017),,https://letterboxd.com/film/murder-on-the-orient-express-2017/,2026-05-25T12:29:52+00:00
movie_a272617d908b,Ex Machina (2015),,https://letterboxd.com/film/ex-machina-2015/,2026-05-25T12:29:52+00:00
movie_37b448164c81,Dallas Buyers Club (2013),,https://letterboxd.com/film/dallas-buyers-club/,2026-05-25T12:29:52+00:00
movie_4bec670fd71d,12 Years a Slave (2013),,https://letterboxd.com/film/12-years-a-slave/,2026-05-25T12:29:52+00:00
movie_5e5dbc5e8f09,Kill Bill: Vol. 1,,,2026-05-25T12:30:32+00:00
movie_2101ed42327e,Bring Her Back (2025),,https://letterboxd.com/film/bring-her-back/,2026-05-25T12:31:30+00:00
movie_08c00006a10d,Saving Private Ryan (1998),,https://letterboxd.com/film/saving-private-ryan/,2026-05-25T12:31:30+00:00
movie_c43a9cdadd43,The Lion King (1994),,https://letterboxd.com/film/the-lion-king/,2026-05-25T12:31:30+00:00
movie_bf5c742ba647,Licorice Pizza (2021),,https://letterboxd.com/film/licorice-pizza/,2026-05-25T12:32:22+00:00
movie_d06c76a99cca,Good Time (2017),,https://letterboxd.com/film/good-time/,2026-05-25T12:32:22+00:00
movie_42636035853d,The Handmaiden (2016),,https://letterboxd.com/film/the-handmaiden/,2026-05-25T12:32:22+00:00
movie_d34420a54e2a,Return of the Jedi (1983),,https://letterboxd.com/film/return-of-the-jedi/,2026-05-25T12:34:01+00:00
movie_36ae6bea8d32,Dead Poets Society,,,2026-05-25T12:34:32+00:00
movie_bc167552d687,Before Sunrise (1995),,https://letterboxd.com/film/before-sunrise/,2026-05-25T12:35:05+00:00
movie_adff5a848506,Rental Family (2025),,https://letterboxd.com/film/rental-family-2025/,2026-05-25T12:35:48+00:00
movie_83a251a9b860,When Life Gives You Tangerines (2025),,https://letterboxd.com/film/when-life-gives-you-tangerines-2025/,2026-05-25T12:35:48+00:00
movie_dbf5dea4a045,20th Century Girl (2022),,https://letterboxd.com/film/20th-century-girl/,2026-05-25T12:35:48+00:00
movie_183ad2d792b8,Demon Slayer -Kimetsu no Yaiba- The Movie: Mugen Train (2020),,https://letterboxd.com/film/demon-slayer-kimetsu-no-yaiba-the-movie-mugen/,2026-05-25T12:35:48+00:00
movie_ade5addd47a8,Weathering with You (2019),,https://letterboxd.com/film/weathering-with-you/,2026-05-25T12:35:49+00:00
movie_9a24baf3aeb9,One Battle After Another,,,2026-05-25T12:36:38+00:00
movie_0269c79c69d1,Ballerina (2025),,https://letterboxd.com/film/ballerina-2025/,2026-05-25T12:36:38+00:00
movie_bc7845e0ff98,The Incredible Hulk (2008),,https://letterboxd.com/film/the-incredible-hulk/,2026-05-25T12:36:38+00:00
movie_b670c4239501,Portrait of a Lady on Fire,,,2026-05-25T12:36:42+00:00
movie_7e4fc36c2aa3,Attack on Titan: THE LAST ATTACK (2024),,https://letterboxd.com/film/attack-on-titan-the-last-attack/,2026-05-25T12:38:26+00:00
movie_13d813b9a1d4,Vinland Saga (2019),,https://letterboxd.com/film/vinland-saga/,2026-05-25T12:38:26+00:00
movie_03dddf8fd1fe,Legally Blonde (2001),,https://letterboxd.com/film/legally-blonde/,2026-05-25T12:39:09+00:00
movie_4b1e49a34094,La La Land,,,2026-05-25T12:39:59+00:00
movie_1b1fc2ea0f65,Beau Is Afraid (2023),,https://letterboxd.com/film/beau-is-afraid/,2026-05-25T12:40:06+00:00
movie_4d94ce948592,Crazy Rich Asians (2018),,https://letterboxd.com/film/crazy-rich-asians/,2026-05-25T12:40:06+00:00
movie_f05478548756,Wild Child (2008),,https://letterboxd.com/film/wild-child/,2026-05-25T12:40:06+00:00
movie_aa7e47db643b,A Cinderella Story (2004),,https://letterboxd.com/film/a-cinderella-story/,2026-05-25T12:40:06+00:00
movie_671d1f724029,Clueless (1995),,https://letterboxd.com/film/clueless/,2026-05-25T12:40:06+00:00
movie_b0d230d2ffdb,Dhurandhar The Revenge (2026),,https://letterboxd.com/film/dhurandhar-the-revenge/,2026-05-25T12:41:05+00:00
movie_1d9d186e7275,Dhurandhar (2025),,https://letterboxd.com/film/dhurandhar/,2026-05-25T12:41:05+00:00
movie_c088c503b130,The Conjuring: The Devil Made Me Do It (2021),,https://letterboxd.com/film/the-conjuring-the-devil-made-me-do-it/,2026-05-25T12:41:05+00:00
movie_f827e627ecd3,Pirates of the Caribbean: Dead Men Tell No Tales (2017),,https://letterboxd.com/film/pirates-of-the-caribbean-dead-men-tell-no-tales/,2026-05-25T12:41:05+00:00
movie_a8d5f17a7411,The Conjuring 2 (2016),,https://letterboxd.com/film/the-conjuring-2/,2026-05-25T12:41:05+00:00
movie_937964cf887f,Pirates of the Caribbean: On Stranger Tides (2011),,https://letterboxd.com/film/pirates-of-the-caribbean-on-stranger-tides/,2026-05-25T12:41:05+00:00
movie_55946ad349d9,Pirates of the Caribbean: At World's End (2007),,https://letterboxd.com/film/pirates-of-the-caribbean-at-worlds-end/,2026-05-25T12:41:05+00:00
movie_74b8b7207814,Pirates of the Caribbean: Dead Man's Chest (2006),,https://letterboxd.com/film/pirates-of-the-caribbean-dead-mans-chest/,2026-05-25T12:41:05+00:00
movie_2b07203f9759,Passenger,,,2026-05-25T12:41:58+00:00
movie_1f1df105602a,Passenger (2026),,https://letterboxd.com/film/passenger-2026/,2026-05-25T12:41:58+00:00
movie_2d09342bd9a8,Swapped (2026),,https://letterboxd.com/film/swapped-2026/,2026-05-25T12:41:58+00:00
movie_13f8092d7673,Lee Cronin's The Mummy (2026),,https://letterboxd.com/film/lee-cronins-the-mummy/,2026-05-25T12:41:58+00:00
movie_fe4d11645f2e,Waves (2019),,https://letterboxd.com/film/waves-2019/,2026-05-25T12:42:51+00:00
movie_9940c7872a1a,Jurassic World: Fallen Kingdom (2018),,https://letterboxd.com/film/jurassic-world-fallen-kingdom/,2026-05-25T12:42:51+00:00
movie_28584780b328,Hustle (2022),,https://letterboxd.com/film/hustle-2022/,2026-05-25T12:43:50+00:00
movie_9ef71686e38a,Space Jam: A New Legacy (2021),,https://letterboxd.com/film/space-jam-a-new-legacy/,2026-05-25T12:43:50+00:00
movie_d2621a199bae,El Camino: A Breaking Bad Movie (2019),,https://letterboxd.com/film/el-camino-a-breaking-bad-movie/,2026-05-25T12:43:50+00:00
movie_ffc58842fd43,Murder Mystery (2019),,https://letterboxd.com/film/murder-mystery/,2026-05-25T12:43:50+00:00
movie_b4d734ed0bc6,Hotel Transylvania 3: Summer Vacation (2018),,https://letterboxd.com/film/hotel-transylvania-3-summer-vacation/,2026-05-25T12:43:50+00:00
movie_635152a2d378,Pixels (2015),,https://letterboxd.com/film/pixels-2015/,2026-05-25T12:43:50+00:00
movie_3444ee406264,Mission: Impossible – Fallout (2018),,https://letterboxd.com/film/mission-impossible-fallout/,2026-05-25T12:44:39+00:00
movie_3537d179c948,Whiplash,,,2026-05-25T12:45:16+00:00
movie_a81e1b518bc8,Ted 2 (2015),,https://letterboxd.com/film/ted-2/,2026-05-25T12:45:24+00:00
movie_13562630dfab,Man of Steel (2013),,https://letterboxd.com/film/man-of-steel/,2026-05-25T12:45:24+00:00
movie_97919683c4e1,Ted (2012),,https://letterboxd.com/film/ted/,2026-05-25T12:45:24+00:00
movie_23968cdc157f,The Devil's Advocate (1997),,https://letterboxd.com/film/the-devils-advocate/,2026-05-25T12:45:24+00:00
movie_66572a0a982a,Parasite,,,2026-05-25T12:46:16+00:00
movie_83584b231bea,Incantation (2022),,https://letterboxd.com/film/incantation-2022/,2026-05-25T12:46:24+00:00
movie_488e389f794d,The Parent Trap (1998),,https://letterboxd.com/film/the-parent-trap-1998/,2026-05-25T12:46:24+00:00
movie_3f40a83daf3b,The Mastermind (2025),,https://letterboxd.com/film/the-mastermind-2025/,2026-05-25T12:47:22+00:00
movie_49e8f12ad470,I'm Still Here (2024),,https://letterboxd.com/film/im-still-here-2024/,2026-05-25T12:47:22+00:00
movie_f77cb71421e5,Death on the Nile (2022),,https://letterboxd.com/film/death-on-the-nile-2022/,2026-05-25T12:47:22+00:00
movie_6a411c4b0dc6,The Substance,,,2026-05-25T12:48:15+00:00
movie_a19322ab98b5,Paddington (2014),,https://letterboxd.com/film/paddington/,2026-05-25T12:49:12+00:00
movie_90bbe958f52b,Mysterious Skin (2004),,https://letterboxd.com/film/mysterious-skin/,2026-05-25T12:49:12+00:00
movie_c10a98bfde83,Pretty Woman (1990),,https://letterboxd.com/film/pretty-woman/,2026-05-25T12:49:12+00:00
movie_83439f44ea5b,Queer (2024),,https://letterboxd.com/film/queer-2024/,2026-05-25T12:50:05+00:00
movie_b86cc2dc2976,Another Round (2020),,https://letterboxd.com/film/another-round/,2026-05-25T12:50:05+00:00
movie_aa93ec3f0af6,In the Mood for Love (2000),,https://letterboxd.com/film/in-the-mood-for-love/,2026-05-25T12:50:05+00:00
movie_ed65860a633f,Regretting You (2025),,https://letterboxd.com/film/regretting-you/,2026-05-25T12:50:58+00:00
movie_ead80564926d,Monster (2023),,https://letterboxd.com/film/monster-2023/,2026-05-25T12:50:58+00:00
movie_3c4d7b35c89d,Close (2022),,https://letterboxd.com/film/close-2022/,2026-05-25T12:50:58+00:00
movie_a0d7abe672a2,The Help (2011),,https://letterboxd.com/film/the-help/,2026-05-25T12:50:58+00:00
movie_7cdbc71a7cd9,Eyes Wide Shut (1999),,https://letterboxd.com/film/eyes-wide-shut/,2026-05-25T12:50:58+00:00
movie_29d3b94cf242,The Perks of Being a Wallflower,,,2026-05-25T12:51:12+00:00
movie_cc04ccce4057,The Glory (2022),,https://letterboxd.com/film/the-glory/,2026-05-25T12:51:57+00:00
movie_ed626f797e54,Mortal Kombat (2021),,https://letterboxd.com/film/mortal-kombat-2021/,2026-05-25T12:52:56+00:00
movie_7cda432c9c80,Shrek 2 (2004),,https://letterboxd.com/film/shrek-2/,2026-05-25T12:52:56+00:00
movie_59fc993db840,Call Me by Your Name,,,2026-05-25T12:53:24+00:00
movie_7c0e649c8a41,A Working Man (2025),,https://letterboxd.com/film/a-working-man/,2026-05-25T12:54:39+00:00
movie_dd7546a5ff96,The Beekeeper (2024),,https://letterboxd.com/film/the-beekeeper-2024/,2026-05-25T12:54:39+00:00
movie_45ba14c98951,The King (2019),,https://letterboxd.com/film/the-king-2019/,2026-05-25T12:54:39+00:00
movie_75e8a7438725,The Monkey (2025),,https://letterboxd.com/film/the-monkey-2025/,2026-05-25T12:56:16+00:00
movie_626b57c84463,Zombieland (2009),,https://letterboxd.com/film/zombieland/,2026-05-25T12:56:23+00:00
movie_02f8363f1b29,28 Days Later (2002),,https://letterboxd.com/film/28-days-later/,2026-05-25T12:56:23+00:00
movie_9a2680f08749,My Neighbor Totoro (1988),,https://letterboxd.com/film/my-neighbor-totoro/,2026-05-25T12:56:23+00:00
movie_ff906f4258a0,Fast Five (2011),,https://letterboxd.com/film/fast-five/,2026-05-25T12:57:10+00:00
movie_ef6275e03788,Fast & Furious (2009),,https://letterboxd.com/film/fast-furious/,2026-05-25T12:57:10+00:00
movie_ee9448335834,The Fast and the Furious: Tokyo Drift (2006),,https://letterboxd.com/film/the-fast-and-the-furious-tokyo-drift/,2026-05-25T12:57:10+00:00
movie_f6742233a748,Fargo (1996),,https://letterboxd.com/film/fargo/,2026-05-25T12:57:10+00:00
movie_289084897d67,Edward Scissorhands (1990),,https://letterboxd.com/film/edward-scissorhands/,2026-05-25T12:58:52+00:00
movie_953cfcbafb07,Thanksgiving (2023),,https://letterboxd.com/film/thanksgiving-2023/,2026-05-25T13:01:22+00:00
movie_110919105380,The Nun (2018),,https://letterboxd.com/film/the-nun-2018/,2026-05-25T13:01:22+00:00
movie_bae0f94193f0,The Ritual (2017),,https://letterboxd.com/film/the-ritual-2017/,2026-05-25T13:01:22+00:00
movie_23c05c9c5053,Annabelle (2014),,https://letterboxd.com/film/annabelle/,2026-05-25T13:01:22+00:00
movie_ac1cd1053557,The Twilight Saga: Breaking Dawn – Part 2 (2012),,https://letterboxd.com/film/the-twilight-saga-breaking-dawn-part-2/,2026-05-25T13:01:22+00:00
movie_5e70dd89c0c0,The Twilight Saga: Breaking Dawn – Part 1 (2011),,https://letterboxd.com/film/the-twilight-saga-breaking-dawn-part-1/,2026-05-25T13:01:22+00:00
movie_e18438aa342f,The Twilight Saga: Eclipse (2010),,https://letterboxd.com/film/the-twilight-saga-eclipse/,2026-05-25T13:01:22+00:00
movie_e8ceac00d6e8,Saw (2004),,https://letterboxd.com/film/saw/,2026-05-25T13:01:22+00:00
movie_9bbaf3f9cdee,The Punisher: One Last Kill (2026),,https://letterboxd.com/film/the-punisher-one-last-kill/,2026-05-25T13:02:07+00:00
movie_f5066bbd2a8a,A House of Dynamite (2025),,https://letterboxd.com/film/a-house-of-dynamite/,2026-05-25T13:02:57+00:00
movie_5102157bb89f,GOAT (2026),,https://letterboxd.com/film/goat-2026/,2026-05-25T13:03:57+00:00
movie_09dc204d4f0f,The Bride! (2026),,https://letterboxd.com/film/the-bride-2026/,2026-05-25T13:04:46+00:00
movie_5ed621cd9951,The Thing (1982),,https://letterboxd.com/film/the-thing/,2026-05-25T13:04:46+00:00
movie_dd622643e113,Friendship (2024),,https://letterboxd.com/film/friendship-2024/,2026-05-25T13:05:36+00:00
movie_78f0a426cbc6,Dream Scenario (2023),,https://letterboxd.com/film/dream-scenario/,2026-05-25T13:05:36+00:00
movie_300c3e7076a0,The Guilty (2021),,https://letterboxd.com/film/the-guilty-2021/,2026-05-25T13:06:35+00:00
movie_85f8b03224e3,Alien (1979),,https://letterboxd.com/film/alien/,2026-05-25T13:07:30+00:00
movie_53893df1a3e3,Jaws (1975),,https://letterboxd.com/film/jaws/,2026-05-25T13:07:30+00:00
movie_8f2bf8177416,Ready or Not 2: Here I Come (2026),,https://letterboxd.com/film/ready-or-not-2-here-i-come/,2026-05-25T13:09:17+00:00
movie_2e66fc8aebcc,Primate (2025),,https://letterboxd.com/film/primate-2025/,2026-05-25T13:09:17+00:00
movie_5270d23d1b52,Novocaine (2025),,https://letterboxd.com/film/novocaine-2025/,2026-05-25T13:09:17+00:00
movie_c392e17ed2b2,Good Boy (2025),,https://letterboxd.com/film/good-boy-2025/,2026-05-25T13:09:17+00:00
movie_041fb27096c3,Terrifier 3 (2024),,https://letterboxd.com/film/terrifier-3/,2026-05-25T13:09:17+00:00
movie_62744023409e,Abigail (2024),,https://letterboxd.com/film/abigail-2024/,2026-05-25T13:09:17+00:00
movie_9a9eca3296d4,Shazam! Fury of the Gods (2023),,https://letterboxd.com/film/shazam-fury-of-the-gods/,2026-05-25T13:09:17+00:00
movie_1e4ba2b7920b,Oppenheimer,,,2026-05-25T13:10:14+00:00
movie_bdff929b69c6,I Am Legend (2007),,https://letterboxd.com/film/i-am-legend/,2026-05-25T13:11:10+00:00
movie_a4b51d88624e,The Pursuit of Happyness (2006),,https://letterboxd.com/film/the-pursuit-of-happyness/,2026-05-25T13:11:10+00:00
movie_2b5af3afd070,Mr. & Mrs. Smith (2005),,https://letterboxd.com/film/mr-mrs-smith-2005/,2026-05-25T13:11:10+00:00
movie_fe0da7379073,Divergent (2014),,https://letterboxd.com/film/divergent/,2026-05-25T13:11:50+00:00
movie_dea80686ef15,The Gorge (2025),,https://letterboxd.com/film/the-gorge-2025/,2026-05-25T13:11:57+00:00
movie_cf6e62be61e4,My Fault: London (2025),,https://letterboxd.com/film/my-fault-london/,2026-05-25T13:11:57+00:00
movie_3b0b10e2de21,All of Us Strangers (2023),,https://letterboxd.com/film/all-of-us-strangers/,2026-05-25T13:11:57+00:00
movie_782af0a14c3e,Weak Hero (2022),,https://letterboxd.com/film/weak-hero/,2026-05-25T13:11:57+00:00
movie_7ba96c9e1d15,All of Us Are Dead (2022),,https://letterboxd.com/film/all-of-us-are-dead/,2026-05-25T13:11:57+00:00
movie_6ef7ec674375,Mufasa: The Lion King (2024),,https://letterboxd.com/film/mufasa-the-lion-king/,2026-05-25T13:12:55+00:00
movie_368e621b90bd,Time Cut (2024),,https://letterboxd.com/film/time-cut/,2026-05-25T13:12:55+00:00
movie_dabebe96a0a0,The Platform 2 (2024),,https://letterboxd.com/film/the-platform-2/,2026-05-25T13:12:55+00:00
movie_68d6ce981841,Leave the World Behind (2023),,https://letterboxd.com/film/leave-the-world-behind-2023/,2026-05-25T13:12:55+00:00
movie_06593dcf8a23,To All the Boys: P.S. I Still Love You (2020),,https://letterboxd.com/film/to-all-the-boys-ps-i-still-love-you/,2026-05-25T13:12:55+00:00
movie_a219c85b2436,Palm Springs (2020),,https://letterboxd.com/film/palm-springs-2020/,2026-05-25T13:12:55+00:00
movie_121ea995d801,The Lion King (2019),,https://letterboxd.com/film/the-lion-king-2019/,2026-05-25T13:12:55+00:00
movie_17e91cd72c66,Peaky Blinders: The Immortal Man,,,2026-05-25T13:13:46+00:00
movie_66b08da42a10,The Ministry of Ungentlemanly Warfare (2024),,https://letterboxd.com/film/the-ministry-of-ungentlemanly-warfare/,2026-05-25T13:13:46+00:00
movie_00fa495d5a0b,Despicable Me 3 (2017),,https://letterboxd.com/film/despicable-me-3/,2026-05-25T13:13:46+00:00
movie_aa3e5805f9b9,Quantum of Solace (2008),,https://letterboxd.com/film/quantum-of-solace/,2026-05-25T13:13:46+00:00
movie_bf5e4d3b3e24,The Kissing Booth 3 (2021),,https://letterboxd.com/film/the-kissing-booth-3/,2026-05-25T13:14:51+00:00
movie_e7e0dc08efd6,The Kissing Booth 2 (2020),,https://letterboxd.com/film/the-kissing-booth-2/,2026-05-25T13:14:51+00:00
movie_7122ad77a63e,Summer of 85 (2020),,https://letterboxd.com/film/summer-of-85/,2026-05-25T13:14:51+00:00
movie_eaaaec1f8314,The Fault in Our Stars (2014),,https://letterboxd.com/film/the-fault-in-our-stars/,2026-05-25T13:16:38+00:00
movie_3f55c5b54eb3,Zombieland: Double Tap (2019),,https://letterboxd.com/film/zombieland-double-tap/,2026-05-25T13:18:21+00:00
movie_4d69af46b127,Glass (2019),,https://letterboxd.com/film/glass-2019/,2026-05-25T13:18:21+00:00
movie_a60e1d828f50,The Meg (2018),,https://letterboxd.com/film/the-meg/,2026-05-25T13:18:21+00:00
movie_e7c87086347a,The Truman Show,,,2026-05-25T13:19:24+00:00
movie_e2aa4f5f9a22,Superman,,,2026-05-25T13:20:57+00:00
movie_2821d717eccf,Hokum,,,2026-05-25T13:21:38+00:00
movie_c3f76632058e,Wuthering Heights,,,2026-05-25T13:23:21+00:00
movie_929d8f46ff83,Charlie and the Chocolate Factory (2005),,https://letterboxd.com/film/charlie-and-the-chocolate-factory/,2026-05-25T13:23:21+00:00
movie_2c636fa0b52d,Pulp Fiction,,,2026-05-25T13:23:29+00:00
movie_e58320248da9,Gran Turismo (2023),,https://letterboxd.com/film/gran-turismo/,2026-05-25T13:24:13+00:00
movie_cd1d79d62abf,Jumanji: The Next Level (2019),,https://letterboxd.com/film/jumanji-the-next-level/,2026-05-25T13:24:13+00:00
movie_c09a43a4b686,The Babysitter (2017),,https://letterboxd.com/film/the-babysitter-2017/,2026-05-25T13:24:13+00:00
movie_314367d6b4d3,Minions (2015),,https://letterboxd.com/film/minions/,2026-05-25T13:24:13+00:00
movie_2ec9d801368a,Dune: Part Two,,,2026-05-25T13:25:04+00:00
movie_17b7eb5855bf,The Killing of a Sacred Deer (2017),,https://letterboxd.com/film/the-killing-of-a-sacred-deer/,2026-05-25T13:27:43+00:00
movie_6723d15431ae,Full Metal Jacket (1987),,https://letterboxd.com/film/full-metal-jacket/,2026-05-25T13:27:43+00:00
movie_69937f429673,Ghostbusters: Frozen Empire (2024),,https://letterboxd.com/film/ghostbusters-frozen-empire/,2026-05-25T13:28:43+00:00
movie_eb0538cd1870,Kraven the Hunter (2024),,https://letterboxd.com/film/kraven-the-hunter/,2026-05-25T13:29:34+00:00
movie_6b6b6eb93f42,Kingdom of the Planet of the Apes (2024),,https://letterboxd.com/film/kingdom-of-the-planet-of-the-apes/,2026-05-25T13:29:34+00:00
movie_b57329369460,Meg 2: The Trench (2023),,https://letterboxd.com/film/meg-2-the-trench/,2026-05-25T13:29:34+00:00
movie_aee23413a55f,Missing (2023),,https://letterboxd.com/film/missing-2023/,2026-05-25T13:29:34+00:00
movie_e1a50526305b,The Devil All the Time (2020),,https://letterboxd.com/film/the-devil-all-the-time/,2026-05-25T13:29:34+00:00
movie_df1409e48300,Alita: Battle Angel (2019),,https://letterboxd.com/film/alita-battle-angel/,2026-05-25T13:30:32+00:00
movie_1edccb29c11f,Happy Death Day (2017),,https://letterboxd.com/film/happy-death-day/,2026-05-25T13:30:32+00:00
movie_b045875dc18c,Marie Antoinette (2006),,https://letterboxd.com/film/marie-antoinette-2006/,2026-05-25T13:32:07+00:00
movie_f6dae64042e7,Passengers (2016),,https://letterboxd.com/film/passengers-2016/,2026-05-25T13:34:20+00:00
movie_5b376c9277a1,The Fast and the Furious (2001),,https://letterboxd.com/film/the-fast-and-the-furious-2001/,2026-05-25T13:34:20+00:00
movie_194949c7e6a8,One of Them Days (2025),,https://letterboxd.com/film/one-of-them-days/,2026-05-25T13:35:18+00:00
movie_07bc0486b248,Red One (2024),,https://letterboxd.com/film/red-one/,2026-05-25T13:35:18+00:00
movie_f8db1494ced7,Hit Man (2023),,https://letterboxd.com/film/hit-man-2023/,2026-05-25T13:35:18+00:00
movie_32332a87f687,Cocaine Bear (2023),,https://letterboxd.com/film/cocaine-bear/,2026-05-25T13:35:18+00:00
movie_f3e4bd1da7f0,Something Very Bad Is Going to Happen (2026),,https://letterboxd.com/film/something-very-bad-is-going-to-happen/,2026-05-25T13:36:05+00:00
movie_0421ef3a4b44,Crime 101 (2026),,https://letterboxd.com/film/crime-101/,2026-05-25T13:36:05+00:00
movie_b378b25307ae,undertone (2025),,https://letterboxd.com/film/undertone-2025/,2026-05-25T13:36:05+00:00
movie_5035e7b2d538,Cuckoo (2024),,https://letterboxd.com/film/cuckoo-2024/,2026-05-25T13:36:05+00:00
movie_a1345c691d68,When Evil Lurks (2023),,https://letterboxd.com/film/when-evil-lurks/,2026-05-25T13:36:05+00:00
movie_18322d67e1c2,The Breakfast Club (1985),,https://letterboxd.com/film/the-breakfast-club/,2026-05-25T13:39:50+00:00
movie_a6ba1ef1569e,Friends with Benefits (2011),,https://letterboxd.com/film/friends-with-benefits/,2026-05-25T13:42:35+00:00
movie_4f0b66f6f9fe,If I Had Legs I'd Kick You (2025),,https://letterboxd.com/film/if-i-had-legs-id-kick-you/,2026-05-25T13:45:11+00:00
movie_e463482841ae,Easy A (2010),,https://letterboxd.com/film/easy-a/,2026-05-25T13:49:04+00:00
movie_f72f4b376984,The Proposal (2009),,https://letterboxd.com/film/the-proposal-2009/,2026-05-25T13:49:04+00:00
movie_bf44e8d724ae,Love Untangled (2025),,https://letterboxd.com/film/love-untangled/,2026-05-25T13:49:56+00:00
movie_64c9f6769b54,How to Make Millions Before Grandma Dies (2024),,https://letterboxd.com/film/how-to-make-millions-before-grandma-dies/,2026-05-25T13:49:56+00:00
movie_85353413f045,The Little Mermaid (2023),,https://letterboxd.com/film/the-little-mermaid-2023/,2026-05-25T13:49:56+00:00
movie_532a114a7386,M3GAN 2.0 (2025),,https://letterboxd.com/film/m3gan-20/,2026-05-25T13:53:35+00:00
movie_9c617acb30ce,Black Mirror: USS Callister – Into Infinity (2025),,https://letterboxd.com/film/black-mirror-uss-callister-into-infinity/,2026-05-25T13:53:35+00:00
movie_d26d86738050,Black Mirror: Plaything (2025),,https://letterboxd.com/film/black-mirror-plaything/,2026-05-25T13:53:35+00:00
movie_19ca59fbeb2e,Black Mirror: Common People (2025),,https://letterboxd.com/film/black-mirror-common-people/,2026-05-25T13:53:35+00:00
movie_3cb27c0d429c,Totally Killer (2023),,https://letterboxd.com/film/totally-killer/,2026-05-25T13:53:35+00:00
movie_26c202fde834,"Love, Rosie (2014)",,https://letterboxd.com/film/love-rosie/,2026-05-25T13:54:25+00:00
movie_3741ec0757f7,Atonement (2007),,https://letterboxd.com/film/atonement/,2026-05-25T13:54:25+00:00
movie_a3bf951e1f2f,Borat: Cultural Learnings of America for Make Benefit Glorious Nation of Kazakhstan (2006),,https://letterboxd.com/film/borat-cultural-learnings-of-america-for-make-benefit-glorious-nation-of-kazakhstan/,2026-05-25T13:54:25+00:00
movie_412c1528a6ab,Paddington 2 (2017),,https://letterboxd.com/film/paddington-2/,2026-05-25T13:55:24+00:00
movie_76d251fce082,How to Train Your Dragon 2 (2014),,https://letterboxd.com/film/how-to-train-your-dragon-2/,2026-05-25T13:55:24+00:00
movie_768fff3b73c3,Kung Fu Panda 2 (2011),,https://letterboxd.com/film/kung-fu-panda-2/,2026-05-25T13:55:24+00:00
movie_cd502d3f9958,Rio (2011),,https://letterboxd.com/film/rio-2011/,2026-05-25T13:55:24+00:00
movie_5697f70f3a81,Fallen Angels (1995),,https://letterboxd.com/film/fallen-angels/,2026-05-25T13:56:05+00:00
movie_b2324eb3fcc7,Chungking Express (1994),,https://letterboxd.com/film/chungking-express/,2026-05-25T13:56:12+00:00
movie_2055082bd3f1,When Harry Met Sally... (1989),,https://letterboxd.com/film/when-harry-met-sally/,2026-05-25T13:56:12+00:00
movie_61edd187b299,Insidious: The Red Door (2023),,https://letterboxd.com/film/insidious-the-red-door/,2026-05-25T13:57:53+00:00
movie_fdb4d741f3f8,The Babadook (2014),,https://letterboxd.com/film/the-babadook/,2026-05-25T13:57:53+00:00
movie_78553e3bcedc,Sinister (2012),,https://letterboxd.com/film/sinister/,2026-05-25T13:57:53+00:00
movie_00a89a57aa54,10 Things I Hate About You,,,2026-05-25T13:58:33+00:00
movie_1b78d6af2fdf,Cyberpunk: Edgerunners (2022),,https://letterboxd.com/film/cyberpunk-edgerunners/,2026-05-25T13:58:41+00:00
movie_77276f192956,50 First Dates (2004),,https://letterboxd.com/film/50-first-dates/,2026-05-25T13:59:40+00:00
movie_7f626cc2b057,Nobody 2 (2025),,https://letterboxd.com/film/nobody-2/,2026-05-25T14:02:57+00:00
movie_2416bfd50e47,Dangerous Animals (2025),,https://letterboxd.com/film/dangerous-animals/,2026-05-25T14:07:50+00:00
movie_8304dbe0800d,Pillion (2025),,https://letterboxd.com/film/pillion-2025/,2026-05-25T14:11:13+00:00
movie_dc17af0c1784,I Want to Eat Your Pancreas (2018),,https://letterboxd.com/film/i-want-to-eat-your-pancreas/,2026-05-25T14:15:33+00:00
movie_119f8a2fb948,The Emoji Movie (2017),,https://letterboxd.com/film/the-emoji-movie/,2026-05-25T14:15:33+00:00
movie_84eea13003ee,Maid (2021),,https://letterboxd.com/film/maid-2021/,2026-05-25T14:17:09+00:00
movie_39657abc282f,Poor Things,,,2026-05-25T14:18:15+00:00
movie_ef4358971d8a,The Lego Movie 2: The Second Part (2019),,https://letterboxd.com/film/the-lego-movie-2-the-second-part/,2026-05-25T14:19:10+00:00
movie_573eb1e239fb,Death Note (2006),,https://letterboxd.com/film/death-note-2006/,2026-05-25T14:19:10+00:00
movie_7b551ab9e614,CODA (2021),,https://letterboxd.com/film/coda-2021/,2026-05-25T14:20:49+00:00
movie_eccef421e6e2,The Boss Baby (2017),,https://letterboxd.com/film/the-boss-baby/,2026-05-25T14:20:49+00:00
movie_74f91245b044,The Croods (2013),,https://letterboxd.com/film/the-croods/,2026-05-25T14:45:31+00:00
movie_8f42c1bb47b9,The Punisher: One Last Kill,,,2026-05-25T14:48:18+00:00
movie_f9a17fb0909f,The Boy in the Striped Pyjamas (2008),,https://letterboxd.com/film/the-boy-in-the-striped-pyjamas/,2026-05-25T14:53:21+00:00
movie_f6476179c8e4,Guy Ritchie's The Covenant (2023),,https://letterboxd.com/film/guy-ritchies-the-covenant/,2026-05-25T14:54:17+00:00
movie_0e1b56ad6fdb,Greenland (2020),,https://letterboxd.com/film/greenland/,2026-05-25T14:54:17+00:00
movie_512e48c87d38,Extraction (2020),,https://letterboxd.com/film/extraction-2020/,2026-05-25T14:54:17+00:00
movie_66c7108a72cb,Orphan (2009),,https://letterboxd.com/film/orphan/,2026-05-25T14:57:51+00:00
movie_b32e6aad3084,The Curious Case of Benjamin Button (2008),,https://letterboxd.com/film/the-curious-case-of-benjamin-button/,2026-05-25T14:57:51+00:00
movie_6c2e1ee7071a,Extraction 2 (2023),,https://letterboxd.com/film/extraction-2/,2026-05-25T15:04:04+00:00
movie_04ec5d7e06ce,Brothers (2009),,https://letterboxd.com/film/brothers-2009/,2026-05-25T15:04:04+00:00
movie_398107e4de26,War Machine (2026),,https://letterboxd.com/film/war-machine-2026/,2026-05-25T15:04:58+00:00
movie_6bfab0bba05a,Skyfall (2012),,https://letterboxd.com/film/skyfall/,2026-05-25T15:09:47+00:00
movie_494688ac8595,The Kissing Booth (2018),,https://letterboxd.com/film/the-kissing-booth/,2026-05-25T15:10:39+00:00
movie_eb10b2a18739,Unknown Number: The High School Catfish (2025),,https://letterboxd.com/film/unknown-number-the-high-school-catfish/,2026-05-25T15:11:43+00:00
movie_d98e5c9ffb67,STRAW (2025),,https://letterboxd.com/film/straw-2025/,2026-05-25T15:11:43+00:00
movie_410b55edc3d7,Good Fortune (2025),,https://letterboxd.com/film/good-fortune-2025/,2026-05-25T15:13:29+00:00
movie_dc2391f3b389,Louis Theroux: Inside the Manosphere (2026),,https://letterboxd.com/film/louis-theroux-inside-the-manosphere/,2026-05-25T15:15:13+00:00
movie_a109d9e18aef,The Watchers (2024),,https://letterboxd.com/film/the-watchers-2024/,2026-05-25T15:29:11+00:00
movie_d1226c8f16e3,Mountainhead (2025),,https://letterboxd.com/film/mountainhead/,2026-05-25T15:30:56+00:00
movie_e2ed4f01213e,The Grand Budapest Hotel,,,2026-05-25T15:32:40+00:00
movie_26cddf3528eb,Tarot (2024),,https://letterboxd.com/film/tarot-2024/,2026-05-25T15:34:35+00:00
movie_526e3c450fa5,The Ballad of Buster Scruggs (2018),,https://letterboxd.com/film/the-ballad-of-buster-scruggs/,2026-05-25T15:45:15+00:00
movie_e1991d508af0,The Room Next Door (2024),,https://letterboxd.com/film/the-room-next-door-2024/,2026-05-25T15:50:09+00:00
movie_7627bea79464,Sick of Myself (2022),,https://letterboxd.com/film/sick-of-myself/,2026-05-25T15:53:59+00:00
movie_440803f594d4,Aftersun,,,2026-05-25T15:54:02+00:00
movie_8f48c96c37ca,Exit 8 (2025),,https://letterboxd.com/film/exit-8/,2026-05-25T16:04:58+00:00
movie_80ee470571cd,GoodFellas,,,2026-05-26T02:35:55+00:00
movie_afa4f39d9d3d,Hush (2016),,https://letterboxd.com/film/hush-2016/,2026-05-26T02:36:56+00:00
movie_36f8939747e3,Paddington in Peru (2024),,https://letterboxd.com/film/paddington-in-peru/,2026-05-26T02:49:51+00:00
movie_225013e41ec2,The Garfield Movie (2024),,https://letterboxd.com/film/the-garfield-movie/,2026-05-26T02:49:51+00:00
movie_ac8899062f98,"As Above, So Below (2014)",,https://letterboxd.com/film/as-above-so-below-2014/,2026-05-26T03:03:16+00:00
movie_86695cbd6e85,Black Mirror: Bête Noire (2025),,https://letterboxd.com/film/black-mirror-bete-noire/,2026-05-26T03:06:25+00:00
movie_92e934e228c3,Black Mirror: Hotel Reverie (2025),,https://letterboxd.com/film/black-mirror-hotel-reverie/,2026-05-26T03:06:25+00:00
movie_2aee2973ebf7,The Dark Knight,,,2026-05-26T03:11:59+00:00
movie_c116bc42ab97,F1,,,2026-05-26T03:22:39+00:00
