user_id,username,display_name,location,profile_url,films_count,this_year_count,lists_count,following_count,followers_count,member_since,bio,created_at
user_02024c5f6058,taytayharvay14,Letterboxd — Your life in film,,https://letterboxd.com/taytayharvay14/,1498,,,0,1,,Favorite films Don’t forget to select your favorite films !,2026-05-25T11:31:37+00:00
user_af383c7d5011,zanqo,Letterboxd — Your life in film,,https://letterboxd.com/zanqo/,137,,,30,3,,Favorite films Don’t forget to select your favorite films !,2026-05-25T11:32:23+00:00
user_3b7fbb520f14,johnnyrecher,Letterboxd — Your life in film,,https://letterboxd.com/johnnyrecher/,538,,,0,1,,Favorite films Don’t forget to select your favorite films !,2026-05-25T11:33:14+00:00
user_ccc8c6f65e11,bruceberls,Letterboxd — Your life in film,,https://letterboxd.com/bruceberls/,552,,,1,1,,,2026-05-25T11:34:13+00:00
user_54bfb63d8560,essssssther,Letterboxd — Your life in film,,https://letterboxd.com/essssssther/,87,,,0,0,,Favorite films Don’t forget to select your favorite films !,2026-05-25T11:35:03+00:00
user_469ee665594f,xabienagosto,Letterboxd — Your life in film,,https://letterboxd.com/xabienagosto/,182,,,1,1,,Favorite films Don’t forget to select your favorite films !,2026-05-25T11:35:49+00:00
user_04df6fa4dc34,oferol,Letterboxd — Your life in film,,https://letterboxd.com/oferol/,50,,,0,0,,Favorite films Don’t forget to select your favorite films !,2026-05-25T11:36:39+00:00
user_6f97e5150b86,rachelmane,Letterboxd — Your life in film,,https://letterboxd.com/rachelmane/,142,,,2,1,,Favorite films Don’t forget to select your favorite films !,2026-05-25T11:37:35+00:00
user_ad3430bb42f5,jessbarajass,Letterboxd — Your life in film,,https://letterboxd.com/jessbarajass/,118,,,0,0,,Favorite films Don’t forget to select your favorite films !,2026-05-25T11:38:18+00:00
user_69845e58d5cd,djtommyh,Letterboxd — Your life in film,,https://letterboxd.com/djtommyh/,127,,,0,0,,Favorite films Don’t forget to select your favorite films !,2026-05-25T11:39:03+00:00
user_08fc30d7405e,brownybear,Letterboxd — Your life in film,,https://letterboxd.com/brownybear/,60,,,2,1,,Favorite films Don’t forget to select your favorite films !,2026-05-25T11:39:49+00:00
user_4de77a3605b3,ddasch,Letterboxd — Your life in film,,https://letterboxd.com/ddasch/,651,,,0,0,,Favorite films Don’t forget to select your favorite films !,2026-05-25T11:40:34+00:00
user_965a240d2f19,eilkay,Letterboxd — Your life in film,,https://letterboxd.com/eilkay/,134,,,0,0,,Favorite films Don’t forget to select your favorite films !,2026-05-25T11:41:23+00:00
user_de4680a33993,meglen,Letterboxd — Your life in film,,https://letterboxd.com/meglen/,97,,,1,1,,Favorite films Don’t forget to select your favorite films !,2026-05-25T11:42:08+00:00
user_f1e72b482cfa,laenushka,Letterboxd — Your life in film,,https://letterboxd.com/laenushka/,41,,,0,1,,Favorite films Don’t forget to select your favorite films !,2026-05-25T11:42:50+00:00
user_78da2cac31b1,pariyatabar,Letterboxd — Your life in film,,https://letterboxd.com/pariyatabar/,32,,,0,0,,Favorite films Don’t forget to select your favorite films !,2026-05-25T11:43:39+00:00
user_126e243a3889,seismicdrift,Letterboxd — Your life in film,,https://letterboxd.com/seismicdrift/,110,,,0,0,,Favorite films Don’t forget to select your favorite films !,2026-05-25T11:44:23+00:00
user_d6b3883bdac0,caitlynmeows,Letterboxd — Your life in film,,https://letterboxd.com/caitlynmeows/,264,,,0,0,,Favorite films Don’t forget to select your favorite films !,2026-05-25T11:45:13+00:00
user_87694a3e0dc5,flou62,Letterboxd — Your life in film,,https://letterboxd.com/flou62/,118,,,0,0,,Favorite films Don’t forget to select your favorite films !,2026-05-25T11:46:09+00:00
user_2fce355e9719,lil_tgs,Letterboxd — Your life in film,,https://letterboxd.com/lil_tgs/,544,,,0,0,,Favorite films Don’t forget to select your favorite films !,2026-05-25T11:46:59+00:00
user_ff1548bacc1f,talkharder84,Letterboxd — Your life in film,,https://letterboxd.com/talkharder84/,283,,,0,1,,Favorite films Don’t forget to select your favorite films !,2026-05-25T11:47:41+00:00
user_6573560a5058,thegabbersnacks,Letterboxd — Your life in film,,https://letterboxd.com/thegabbersnacks/,68,,,1,1,,Favorite films Don’t forget to select your favorite films !,2026-05-25T11:48:29+00:00
user_23b11b457d39,titobisa,Letterboxd — Your life in film,,https://letterboxd.com/titobisa/,117,,,0,0,,,2026-05-25T11:49:21+00:00
user_15bb91a95d09,maceulysse,Letterboxd — Your life in film,,https://letterboxd.com/maceulysse/,34,,2,1,2,,Favorite films Don’t forget to select your favorite films !,2026-05-25T11:50:05+00:00
user_6b1b5691c4a5,juniedotmp3,Letterboxd — Your life in film,,https://letterboxd.com/juniedotmp3/,173,,,2,1,,Favorite films Don’t forget to select your favorite films !,2026-05-25T11:50:57+00:00
user_628b66bfb28c,nickydean901,Letterboxd — Your life in film,,https://letterboxd.com/nickydean901/,131,,,0,0,,Favorite films Don’t forget to select your favorite films !,2026-05-25T11:51:49+00:00
user_1832869a6de5,nico77210,Letterboxd — Your life in film,,https://letterboxd.com/nico77210/,65,,,0,0,,Favorite films Don’t forget to select your favorite films !,2026-05-25T11:52:39+00:00
user_56b5d9021c0e,alliex_x,Letterboxd — Your life in film,,https://letterboxd.com/alliex_x/,332,,,0,1,,Favorite films Don’t forget to select your favorite films !,2026-05-25T11:53:39+00:00
user_b8d3e5fe6dd2,mehitsmichael,Letterboxd — Your life in film,,https://letterboxd.com/mehitsmichael/,144,,,0,0,,Favorite films Don’t forget to select your favorite films !,2026-05-25T11:54:29+00:00
user_e0ef14d91548,pedroviskonedge,Letterboxd — Your life in film,,https://letterboxd.com/pedroviskonedge/,29,,,0,0,,Favorite films Don’t forget to select your favorite films !,2026-05-25T11:55:22+00:00
user_7eca30aaa296,totd,Letterboxd — Your life in film,,https://letterboxd.com/totd/,631,,,0,0,,Favorite films Don’t forget to select your favorite films !,2026-05-25T11:56:11+00:00
user_52598723fe3d,6sixeyes,Letterboxd — Your life in film,,https://letterboxd.com/6sixeyes/,283,,1,4,0,,Favorite films Don’t forget to select your favorite films !,2026-05-25T11:57:08+00:00
user_16f5a9c9bb3b,chan12345789,Letterboxd — Your life in film,,https://letterboxd.com/chan12345789/,21,,,1,1,,Favorite films Don’t forget to select your favorite films !,2026-05-25T11:57:55+00:00
user_5c18d4916cff,eddiemoreorless,Letterboxd — Your life in film,,https://letterboxd.com/eddiemoreorless/,310,,,0,0,,Favorite films Don’t forget to select your favorite films !,2026-05-25T11:58:46+00:00
user_441a78e8bdea,ilotta14,Letterboxd — Your life in film,,https://letterboxd.com/ilotta14/,337,,1,1,1,,Favorite films Don’t forget to select your favorite films !,2026-05-25T11:59:48+00:00
user_bda3294223b7,leo1370,Letterboxd — Your life in film,,https://letterboxd.com/leo1370/,49,,,0,0,,Favorite films Don’t forget to select your favorite films !,2026-05-25T12:00:36+00:00
user_2f44f4cc0428,lone_skum,Letterboxd — Your life in film,,https://letterboxd.com/lone_skum/,57,,,0,0,,Favorite films Don’t forget to select your favorite films !,2026-05-25T12:01:29+00:00
user_5f2145d7ab7b,mclovinbaba,Letterboxd — Your life in film,,https://letterboxd.com/mclovinbaba/,90,,,0,0,,Favorite films Don’t forget to select your favorite films !,2026-05-25T12:02:19+00:00
user_e31425de4cd5,meanaursaur,Letterboxd — Your life in film,,https://letterboxd.com/meanaursaur/,196,,,1,0,,Favorite films Don’t forget to select your favorite films !,2026-05-25T12:03:03+00:00
user_8cdd02d35e4e,medusi8,Letterboxd — Your life in film,,https://letterboxd.com/medusi8/,301,,,0,0,,Favorite films Don’t forget to select your favorite films !,2026-05-25T12:03:54+00:00
user_536d47d68b46,oghb99,Letterboxd — Your life in film,,https://letterboxd.com/oghb99/,259,,,0,0,,Favorite films Don’t forget to select your favorite films !,2026-05-25T12:04:48+00:00
user_e4eab40534df,salomoniy,Letterboxd — Your life in film,,https://letterboxd.com/salomoniy/,166,,1,0,0,,Favorite films Don’t forget to select your favorite films !,2026-05-25T12:05:40+00:00
user_9b6385a9a255,thspicemf1208,Letterboxd — Your life in film,,https://letterboxd.com/thspicemf1208/,51,,,0,0,,Favorite films Don’t forget to select your favorite films !,2026-05-25T12:06:30+00:00
user_6ace56c0ec87,yembee,Letterboxd — Your life in film,,https://letterboxd.com/yembee/,16,,,0,0,,Favorite films Don’t forget to select your favorite films !,2026-05-25T12:07:14+00:00
user_b79ef9ef7b07,bbeammest,Letterboxd — Your life in film,,https://letterboxd.com/bbeammest/,31,,,0,0,,,2026-05-25T12:08:02+00:00
user_5e72c0523489,bradfisher97,Letterboxd — Your life in film,,https://letterboxd.com/bradfisher97/,244,,,0,1,,Favorite films Don’t forget to select your favorite films !,2026-05-25T12:08:46+00:00
user_36fc7a0635cf,danye3ast,Letterboxd — Your life in film,,https://letterboxd.com/danye3ast/,182,,,0,0,,,2026-05-25T12:09:41+00:00
user_bf9fed667a93,gioannidis05,Letterboxd — Your life in film,,https://letterboxd.com/gioannidis05/,37,,,0,0,,Favorite films Don’t forget to select your favorite films !,2026-05-25T12:10:31+00:00
user_5a5af59d660d,lisa_blanche12,Letterboxd — Your life in film,,https://letterboxd.com/lisa_blanche12/,168,,1,4,2,,Favorite films Don’t forget to select your favorite films !,2026-05-25T12:11:25+00:00
user_c738b763b7c3,mawais471,Letterboxd — Your life in film,,https://letterboxd.com/mawais471/,43,,,0,0,,Favorite films Don’t forget to select your favorite films !,2026-05-25T12:12:13+00:00
user_0bffa918103e,postcreditsvoid,Letterboxd — Your life in film,,https://letterboxd.com/postcreditsvoid/,130,,,1,0,,Favorite films Don’t forget to select your favorite films !,2026-05-25T12:13:01+00:00
user_cf2b12ea9e70,turtlelyte,Letterboxd — Your life in film,,https://letterboxd.com/turtlelyte/,106,,,4,1,,,2026-05-25T12:13:44+00:00
user_fbfe3b7e34e2,akaps9,Letterboxd — Your life in film,,https://letterboxd.com/akaps9/,235,,,2,2,,,2026-05-25T12:14:29+00:00
user_74497836f914,alecia0517,Letterboxd — Your life in film,,https://letterboxd.com/alecia0517/,263,,,0,0,,This will always be a favorite of mine! I love the music and it’s just nostalgic watching it.,2026-05-25T12:15:29+00:00
user_84e1d711bd28,fuwalda03,Letterboxd — Your life in film,,https://letterboxd.com/fuwalda03/,119,,,0,0,,Favorite films Don’t forget to select your favorite films !,2026-05-25T12:16:22+00:00
user_1aca19d510bf,giuliaaaar,Letterboxd — Your life in film,,https://letterboxd.com/giuliaaaar/,309,,,1,0,,Favorite films Don’t forget to select your favorite films !,2026-05-25T12:17:09+00:00
user_a6fcf47c4041,maverickmultani,Letterboxd — Your life in film,,https://letterboxd.com/maverickmultani/,43,,,0,0,,Favorite films Don’t forget to select your favorite films !,2026-05-25T12:17:55+00:00
user_5dfff320bf4f,mmmmill,Letterboxd — Your life in film,,https://letterboxd.com/mmmmill/,147,,,0,0,,Favorite films Don’t forget to select your favorite films !,2026-05-25T12:18:43+00:00
user_19918e8937c2,noemangin,Letterboxd — Your life in film,,https://letterboxd.com/noemangin/,16,,,0,0,,,2026-05-25T12:19:34+00:00
user_8501c0489f63,sofasiento,Letterboxd — Your life in film,,https://letterboxd.com/sofasiento/,44,,,0,0,,Favorite films Don’t forget to select your favorite films !,2026-05-25T12:20:23+00:00
user_0c3ca2199ce4,terkin54,Letterboxd — Your life in film,,https://letterboxd.com/terkin54/,68,,,1,0,,Favorite films Don’t forget to select your favorite films !,2026-05-25T12:21:09+00:00
user_ea39f9e14e97,yotango,Letterboxd — Your life in film,,https://letterboxd.com/yotango/,19,,,0,0,,Favorite films Don’t forget to select your favorite films !,2026-05-25T12:21:54+00:00
user_5712e26d394d,_elevxinovax_,Letterboxd — Your life in film,,https://letterboxd.com/_elevxinovax_/,132,,,1,0,,I don't know what to write,2026-05-25T12:22:46+00:00
user_fa30f67799d8,bhavyajoshi,Letterboxd — Your life in film,,https://letterboxd.com/bhavyajoshi/,99,,,0,0,,Favorite films Don’t forget to select your favorite films !,2026-05-25T12:23:35+00:00
user_78e81c3415d5,dimosfa,Letterboxd — Your life in film,,https://letterboxd.com/dimosfa/,147,,,0,0,,Favorite films Don’t forget to select your favorite films !,2026-05-25T12:24:25+00:00
user_236b6ab2a5ab,e_mcm1,Letterboxd — Your life in film,,https://letterboxd.com/e_mcm1/,29,,,0,0,,Favorite films Don’t forget to select your favorite films !,2026-05-25T12:25:12+00:00
user_380269561309,fineasth,Letterboxd — Your life in film,,https://letterboxd.com/fineasth/,192,,,0,0,,,2026-05-25T12:26:02+00:00
user_98d314ee15e7,hannis_0206,Letterboxd — Your life in film,,https://letterboxd.com/hannis_0206/,222,,,0,0,,Favorite films Don’t forget to select your favorite films !,2026-05-25T12:26:54+00:00
user_2876213afcf1,kuubraa,Letterboxd — Your life in film,,https://letterboxd.com/kuubraa/,14,,,0,1,,Favorite films Don’t forget to select your favorite films !,2026-05-25T12:27:42+00:00
user_5ef46df082aa,laventiur,Letterboxd — Your life in film,,https://letterboxd.com/laventiur/,22,,,0,0,,Favorite films Don’t forget to select your favorite films !,2026-05-25T12:28:32+00:00
user_16057110fbfd,nogoodsteve,Letterboxd — Your life in film,,https://letterboxd.com/nogoodsteve/,190,,,0,0,,,2026-05-25T12:29:28+00:00
user_3e5ca9cde43e,olbaws,Letterboxd — Your life in film,,https://letterboxd.com/olbaws/,354,,,1,1,,Favorite films Don’t forget to select your favorite films !,2026-05-25T12:30:16+00:00
user_73022e2bf446,tedkeyes,Letterboxd — Your life in film,,https://letterboxd.com/tedkeyes/,25,,,0,0,,Favorite films Don’t forget to select your favorite films !,2026-05-25T12:31:08+00:00
user_d649b3733bc7,aetr04,Letterboxd — Your life in film,,https://letterboxd.com/aetr04/,74,,,0,0,,Favorite films Don’t forget to select your favorite films !,2026-05-25T12:31:59+00:00
user_6f4274664ea8,agsuts,Letterboxd — Your life in film,,https://letterboxd.com/agsuts/,358,,,0,0,,,2026-05-25T12:32:50+00:00
user_00294c6b402d,bigbosskilla,Letterboxd — Your life in film,,https://letterboxd.com/bigbosskilla/,43,,,0,0,,Favorite films Don’t forget to select your favorite films !,2026-05-25T12:33:40+00:00
user_d2125c11ad94,coscooo,Letterboxd — Your life in film,,https://letterboxd.com/coscooo/,59,,,2,1,,she’s the one,2026-05-25T12:34:40+00:00
user_83a9b6560a4d,csn_cerenimo,Letterboxd — Your life in film,,https://letterboxd.com/csn_cerenimo/,42,,,0,0,,Favorite films Don’t forget to select your favorite films !,2026-05-25T12:35:26+00:00
user_83b0e166ae59,echio97,Letterboxd — Your life in film,,https://letterboxd.com/echio97/,218,,,0,0,,Favorite films Don’t forget to select your favorite films !,2026-05-25T12:36:14+00:00
user_114beebf4115,fatmaacikel,Letterboxd — Your life in film,,https://letterboxd.com/fatmaacikel/,107,,,0,0,,,2026-05-25T12:37:17+00:00
user_da550581aecf,gdol,Letterboxd — Your life in film,,https://letterboxd.com/gdol/,38,,,0,0,,Favorite films Don’t forget to select your favorite films !,2026-05-25T12:38:03+00:00
user_b7e1788e9fad,igonn,Letterboxd — Your life in film,,https://letterboxd.com/igonn/,21,,,1,0,,Favorite films Don’t forget to select your favorite films !,2026-05-25T12:38:47+00:00
user_f16e2d44211c,invinceible,Letterboxd — Your life in film,,https://letterboxd.com/invinceible/,31,,,0,0,,zuko watches films,2026-05-25T12:39:43+00:00
user_6857d68164de,nataliesparedes,Letterboxd — Your life in film,,https://letterboxd.com/nataliesparedes/,57,,,0,0,,sandy the sandwich…..,2026-05-25T12:40:42+00:00
user_e1af4fc2c8fd,nightingale_01,Letterboxd — Your life in film,,https://letterboxd.com/nightingale_01/,45,,6,0,0,,Delicate mess of poetry and picture frames,2026-05-25T12:41:34+00:00
user_f903800ba8fe,photowalavakeel,Letterboxd — Your life in film,,https://letterboxd.com/photowalavakeel/,277,,1,1,0,,,2026-05-25T12:42:29+00:00
user_4145786d0f2a,spaceflower2,Letterboxd — Your life in film,,https://letterboxd.com/spaceflower2/,168,,1,2,1,,,2026-05-25T12:43:26+00:00
user_7567862abe4a,theogrobler,Letterboxd — Your life in film,,https://letterboxd.com/theogrobler/,138,,,0,0,,Favorite films Don’t forget to select your favorite films !,2026-05-25T12:44:18+00:00
user_3eee5dace741,adeliow,Letterboxd — Your life in film,,https://letterboxd.com/adeliow/,186,,,0,0,,Favorite films Don’t forget to select your favorite films !,2026-05-25T12:45:01+00:00
user_38bbcab70352,bugzz04,Letterboxd — Your life in film,,https://letterboxd.com/bugzz04/,89,,,1,1,,Favorite films Don’t forget to select your favorite films !,2026-05-25T12:45:59+00:00
user_d4deb56619df,choochootram,Letterboxd — Your life in film,,https://letterboxd.com/choochootram/,44,,,0,0,,Favorite films Don’t forget to select your favorite films !,2026-05-25T12:47:00+00:00
user_fc8dc8915e6c,cinephilemurloc,Letterboxd — Your life in film,,https://letterboxd.com/cinephilemurloc/,837,,,3,1,,"Peak ""cinema"" circlejerk. This is what happens when you surround yourself with enablers: there is no one left to point out a bad idea.",2026-05-25T12:47:54+00:00
user_80b969c1409c,delei_eternal,Letterboxd — Your life in film,,https://letterboxd.com/delei_eternal/,15,,,0,0,,catalyst for internal stimulus,2026-05-25T12:48:47+00:00
user_81b3fc255e40,ducklina,Letterboxd — Your life in film,,https://letterboxd.com/ducklina/,60,,,0,0,,Favorite films Don’t forget to select your favorite films !,2026-05-25T12:49:43+00:00
user_b7a1af0025c6,dy97,Letterboxd — Your life in film,,https://letterboxd.com/dy97/,187,,,0,0,,Favorite films Don’t forget to select your favorite films !,2026-05-25T12:50:34+00:00
user_e16e517139c8,eneeex,Letterboxd — Your life in film,,https://letterboxd.com/eneeex/,74,,,1,1,,Favorite films Don’t forget to select your favorite films !,2026-05-25T12:51:36+00:00
user_84c7e53e5562,giulia_gwa,Letterboxd — Your life in film,,https://letterboxd.com/giulia_gwa/,41,,,0,0,,"Queria ter visto pessoalmente o Michael, incorporei em todas as partes em que tinha música.",2026-05-25T12:52:33+00:00
user_368688119e7f,internet_pr1nce,Letterboxd — Your life in film,,https://letterboxd.com/internet_pr1nce/,64,,,0,0,,Favorite films Don’t forget to select your favorite films !,2026-05-25T12:53:32+00:00
user_f6de416e3520,joaocancello1,Letterboxd — Your life in film,,https://letterboxd.com/joaocancello1/,29,,,0,0,,Favorite films Don’t forget to select your favorite films !,2026-05-25T12:54:16+00:00
user_d4f119f9841c,labat17,Letterboxd — Your life in film,,https://letterboxd.com/labat17/,148,,,0,0,,Favorite films Don’t forget to select your favorite films !,2026-05-25T12:55:11+00:00
user_ea1ada087d74,livingdedgiirll,Letterboxd — Your life in film,,https://letterboxd.com/livingdedgiirll/,10,,,1,0,,Favorite films Don’t forget to select your favorite films !,2026-05-25T12:56:02+00:00
user_e2350439bb5e,lynn12132,Letterboxd — Your life in film,,https://letterboxd.com/lynn12132/,50,,,0,0,,Favorite films Don’t forget to select your favorite films !,2026-05-25T12:56:48+00:00
user_cdf4659a249a,mati69420,Letterboxd — Your life in film,,https://letterboxd.com/mati69420/,43,,,2,2,,,2026-05-25T12:57:39+00:00
user_9aa2317157fa,msdwain,Letterboxd — Your life in film,,https://letterboxd.com/msdwain/,173,,2,1,1,,Favorite films Don’t forget to select your favorite films !,2026-05-25T12:58:30+00:00
user_a0f6fd1d173e,muhammed7s,Letterboxd — Your life in film,,https://letterboxd.com/muhammed7s/,38,,,0,0,,Favorite films Don’t forget to select your favorite films !,2026-05-25T12:59:18+00:00
user_eb92289c38fa,mwcoast,Letterboxd — Your life in film,,https://letterboxd.com/mwcoast/,91,,1,0,0,,Favorite films Don’t forget to select your favorite films !,2026-05-25T13:00:14+00:00
user_dfe31b5abaaf,parmisbhf,Letterboxd — Your life in film,,https://letterboxd.com/parmisbhf/,38,,,1,1,,,2026-05-25T13:01:01+00:00
user_3769a4f05072,patrycjaantczak,Letterboxd — Your life in film,,https://letterboxd.com/patrycjaantczak/,62,,,0,0,,Favorite films Don’t forget to select your favorite films !,2026-05-25T13:01:45+00:00
user_6914ee38f105,pitiath,Letterboxd — Your life in film,,https://letterboxd.com/pitiath/,69,,,1,1,,Favorite films Don’t forget to select your favorite films !,2026-05-25T13:02:35+00:00
user_a99f9f98e47a,sal_saperstein,Letterboxd — Your life in film,,https://letterboxd.com/sal_saperstein/,613,,13,29,21,,c'est très con. mais LOL,2026-05-25T13:03:35+00:00
user_5209f2def6ff,scoobysnacky,Letterboxd — Your life in film,,https://letterboxd.com/scoobysnacky/,112,,,1,0,,Favorite films Don’t forget to select your favorite films !,2026-05-25T13:04:24+00:00
user_49ecbe51378f,selfdeprivation,Letterboxd — Your life in film,,https://letterboxd.com/selfdeprivation/,18,,,0,0,,Favorite films Don’t forget to select your favorite films !,2026-05-25T13:05:12+00:00
user_fef4ce65e4a2,sillygoose231,Letterboxd — Your life in film,,https://letterboxd.com/sillygoose231/,75,,,0,0,,Favorite films Don’t forget to select your favorite films !,2026-05-25T13:06:14+00:00
user_10117464ff72,thadeu5,Letterboxd — Your life in film,,https://letterboxd.com/thadeu5/,110,,2,2,2,,Favorite films Don’t forget to select your favorite films !,2026-05-25T13:07:07+00:00
user_0466308ed01d,0_savy_0,Letterboxd — Your life in film,,https://letterboxd.com/0_savy_0/,37,,,0,0,,Favorite films Don’t forget to select your favorite films !,2026-05-25T13:07:57+00:00
user_1832bcfc7927,alishhh_watches,Letterboxd — Your life in film,,https://letterboxd.com/alishhh_watches/,33,,,8,4,,Favorite films Don’t forget to select your favorite films !,2026-05-25T13:08:52+00:00
user_2926318ea313,amayacinemas,Letterboxd — Your life in film,,https://letterboxd.com/amayacinemas/,440,,2,5,5,,maya navarro,2026-05-25T13:09:53+00:00
user_303cc95438a9,andik_,Letterboxd — Your life in film,,https://letterboxd.com/andik_/,8,,,0,0,,Elitis minumnya apa?,2026-05-25T13:10:45+00:00
user_eec22aaec9ec,andrepelle07,Letterboxd — Your life in film,,https://letterboxd.com/andrepelle07/,44,,,0,0,,Favorite films Don’t forget to select your favorite films !,2026-05-25T13:11:35+00:00
user_1327a158f418,andsevval,Letterboxd — Your life in film,,https://letterboxd.com/andsevval/,267,,,34,10,,We expect the love we think we deserve 🐙🦋,2026-05-25T13:12:31+00:00
user_44c86f9741b7,anushhkkaaa,Letterboxd — Your life in film,,https://letterboxd.com/anushhkkaaa/,168,,,0,0,,,2026-05-25T13:13:24+00:00
user_81e58deff130,arm_on,Letterboxd — Your life in film,,https://letterboxd.com/arm_on/,134,,,0,0,,,2026-05-25T13:14:28+00:00
user_65b086fc2113,arthur_brown,Letterboxd — Your life in film,,https://letterboxd.com/arthur_brown/,201,,,3,4,,It was just fun and visual,2026-05-25T13:15:31+00:00
user_f2583e8017cb,aryapotdar,Letterboxd — Your life in film,,https://letterboxd.com/aryapotdar/,4,,,0,0,,Favorite films Don’t forget to select your favorite films !,2026-05-25T13:16:18+00:00
user_cba18b7070c0,bavila,Letterboxd — Your life in film,,https://letterboxd.com/bavila/,194,,,1,1,,Favorite films Don’t forget to select your favorite films !,2026-05-25T13:17:05+00:00
user_1eaaf6e7fbff,brutalyouth,Letterboxd — Your life in film,,https://letterboxd.com/brutalyouth/,165,,,0,0,,Favorite films Don’t forget to select your favorite films !,2026-05-25T13:17:58+00:00
user_a4becd8c5a10,crossfire007,Letterboxd — Your life in film,,https://letterboxd.com/crossfire007/,355,,,0,0,,Favorite films Don’t forget to select your favorite films !,2026-05-25T13:18:49+00:00
user_95774e77a337,crownfall,Letterboxd — Your life in film,,https://letterboxd.com/crownfall/,190,,,0,0,,Favorite films Don’t forget to select your favorite films !,2026-05-25T13:19:45+00:00
user_baf06c5412c4,derentaylan,Letterboxd — Your life in film,,https://letterboxd.com/derentaylan/,38,,,0,0,,Favorite films Don’t forget to select your favorite films !,2026-05-25T13:20:35+00:00
user_5d34b9ec5bb3,dursunovich,Letterboxd — Your life in film,,https://letterboxd.com/dursunovich/,23,,,0,0,,Favorite films Don’t forget to select your favorite films !,2026-05-25T13:21:20+00:00
user_f0cf674eff23,dylanhv03,Letterboxd — Your life in film,,https://letterboxd.com/dylanhv03/,46,,,0,0,,Favorite films Don’t forget to select your favorite films !,2026-05-25T13:22:11+00:00
user_2dfa0b89eb3b,fatoubah006,Letterboxd — Your life in film,,https://letterboxd.com/fatoubah006/,41,,,3,0,,Favorite films Don’t forget to select your favorite films !,2026-05-25T13:22:59+00:00
user_3fe1e07ed5ae,figsryummy333,Letterboxd — Your life in film,,https://letterboxd.com/figsryummy333/,88,,,0,0,,Favorite films Don’t forget to select your favorite films !,2026-05-25T13:23:52+00:00
user_93c08580bd2d,ikerrrr_,Letterboxd — Your life in film,,https://letterboxd.com/ikerrrr_/,143,,,1,1,,"sin palabras, cine",2026-05-25T13:24:50+00:00
user_d68c9fcf19f3,ilovemp3,Letterboxd — Your life in film,,https://letterboxd.com/ilovemp3/,16,,,0,0,,Favorite films Don’t forget to select your favorite films !,2026-05-25T13:25:40+00:00
user_101011be8254,jamesgs05,Letterboxd — Your life in film,,https://letterboxd.com/jamesgs05/,81,,,1,1,,Favorite films Don’t forget to select your favorite films !,2026-05-25T13:26:34+00:00
user_dfa94f370b45,jbert77,Letterboxd — Your life in film,,https://letterboxd.com/jbert77/,62,,,0,0,,Favorite films Don’t forget to select your favorite films !,2026-05-25T13:27:21+00:00
user_9ed737f3738d,jocoe,Letterboxd — Your life in film,,https://letterboxd.com/jocoe/,80,,1,0,0,,Favorite films Don’t forget to select your favorite films !,2026-05-25T13:28:19+00:00
user_3b678085155b,joshuakeirstead,Letterboxd — Your life in film,,https://letterboxd.com/joshuakeirstead/,386,,,0,0,,Here the equal between rating and point of 10 and 0 = 5 and 1/2 Star 10 = 5 Stars 9 and a half and 9 = 4 1/2 Stars 8 and a half = 4 Stars 8 and 7 and a half = 3 1/2 Stars 7 and 6…,2026-05-25T13:29:12+00:00
user_f22feec6f845,k1kyy,Letterboxd — Your life in film,,https://letterboxd.com/k1kyy/,267,,,0,0,,,2026-05-25T13:30:09+00:00
user_1cfc8b934d29,kimie312,Letterboxd — Your life in film,,https://letterboxd.com/kimie312/,151,,,0,0,,Favorite films Don’t forget to select your favorite films !,2026-05-25T13:30:54+00:00
user_604d95c80b00,kingdavid25,Letterboxd — Your life in film,,https://letterboxd.com/kingdavid25/,24,,,0,0,,Favorite films Don’t forget to select your favorite films !,2026-05-25T13:31:46+00:00
user_d13f1deeef78,luanalisboaa,Letterboxd — Your life in film,,https://letterboxd.com/luanalisboaa/,20,,,0,0,,Favorite films Don’t forget to select your favorite films !,2026-05-25T13:32:37+00:00
user_a957eb10eedc,luke_51,Letterboxd — Your life in film,,https://letterboxd.com/luke_51/,10,,,0,0,,Favorite films Don’t forget to select your favorite films !,2026-05-25T13:33:16+00:00
user_9372fba29d58,mikej06,Letterboxd — Your life in film,,https://letterboxd.com/mikej06/,107,,,1,2,,"Wow, I’ve heard a lot about this movie, but I couldn’t have expected this. While yes, the movie isn’t perfection, it’s definitely up there. It’s strengths… the cinematography definitely caught my eye, and was one of the things I wasn’t expecting/some of the shots were so fucking cool. However, it had its fair share of weaknesses. For one, while the acting was great, it sometimes played off as intense for intense sakes. Also, the pacing sometimes felt a bit strange(fast…",2026-05-25T13:33:59+00:00
user_53f93112eb13,mmdlfid,Letterboxd — Your life in film,,https://letterboxd.com/mmdlfid/,33,,,0,3,,A great movie can leave a deeper mark than people ever do.,2026-05-25T13:34:55+00:00
user_7175755dae81,mrwcw,Letterboxd — Your life in film,,https://letterboxd.com/mrwcw/,941,,,1,1,,,2026-05-25T13:35:42+00:00
user_c0e90a36ee46,my9ridesshotgun,Letterboxd — Your life in film,,https://letterboxd.com/my9ridesshotgun/,294,,,2,3,,Just here to watch some stuff.,2026-05-25T13:36:46+00:00
user_3c95a3beba1f,note5,Letterboxd — Your life in film,,https://letterboxd.com/note5/,90,,,1,1,,Favorite films Don’t forget to select your favorite films !,2026-05-25T13:37:33+00:00
user_0182f0f919a6,priya_hrp,Letterboxd — Your life in film,,https://letterboxd.com/priya_hrp/,99,,,0,0,,Favorite films Don’t forget to select your favorite films !,2026-05-25T13:38:33+00:00
user_f3ca9b6ab1cd,ratch07,Letterboxd — Your life in film,,https://letterboxd.com/ratch07/,10,,,0,0,,Favorite films Don’t forget to select your favorite films !,2026-05-25T13:39:28+00:00
user_3a21eb14c916,shumagora,Letterboxd — Your life in film,,https://letterboxd.com/shumagora/,72,,,0,0,,Favorite films Don’t forget to select your favorite films !,2026-05-25T13:40:21+00:00
user_7a9e208f8603,spr1nkleglitter,Letterboxd — Your life in film,,https://letterboxd.com/spr1nkleglitter/,23,,,0,0,,Favorite films Don’t forget to select your favorite films !,2026-05-25T13:41:17+00:00
user_9e00132f3d52,thejihane,Letterboxd — Your life in film,,https://letterboxd.com/thejihane/,39,,,1,1,,Incomparable,2026-05-25T13:42:12+00:00
user_0016b397b46a,thekidvin,Letterboxd — Your life in film,,https://letterboxd.com/thekidvin/,62,,1,2,1,,Vin likes movies,2026-05-25T13:43:07+00:00
user_0166ce0fc752,thunderlevin,Letterboxd — Your life in film,,https://letterboxd.com/thunderlevin/,48,,1,0,0,,Favorite films Don’t forget to select your favorite films !,2026-05-25T13:43:54+00:00
user_59431f6b3fc6,tsumour,Letterboxd — Your life in film,,https://letterboxd.com/tsumour/,59,,,0,0,,build a bridge and get over it,2026-05-25T13:44:51+00:00
user_7c4004a4992b,vinci2255,Letterboxd — Your life in film,,https://letterboxd.com/vinci2255/,417,,,0,0,,Favorite films Don’t forget to select your favorite films !,2026-05-25T13:45:35+00:00
user_526d893f83df,yboyles,Letterboxd — Your life in film,,https://letterboxd.com/yboyles/,185,,,0,0,,Favorite films Don’t forget to select your favorite films !,2026-05-25T13:46:21+00:00
user_28c98dba12df,ysmanp,Letterboxd — Your life in film,,https://letterboxd.com/ysmanp/,167,,,2,0,,Favorite films Don’t forget to select your favorite films !,2026-05-25T13:47:04+00:00
user_8ea020e3733b,zecalb00,Letterboxd — Your life in film,,https://letterboxd.com/zecalb00/,208,,,0,0,,Favorite films Don’t forget to select your favorite films !,2026-05-25T13:47:51+00:00
user_a94a89422bfb,7j1kz,Letterboxd — Your life in film,,https://letterboxd.com/7j1kz/,44,,1,0,0,,Favorite films Don’t forget to select your favorite films !,2026-05-25T13:48:42+00:00
user_022a078e8da0,_women,Letterboxd — Your life in film,,https://letterboxd.com/_women/,101,,1,0,0,,Favorite films Don’t forget to select your favorite films !,2026-05-25T13:49:35+00:00
user_9bc986264d00,aenanahh,Letterboxd — Your life in film,,https://letterboxd.com/aenanahh/,439,,1,45,28,,｡ﾟ･ʚɞ 𓂃⋆ a film that nobody quite understood ⋆𓂃 ʚɞ｡ﾟ･,2026-05-25T13:50:38+00:00
user_dc4c2a03f06c,alice_v0909,Letterboxd — Your life in film,,https://letterboxd.com/alice_v0909/,28,,,0,0,,Favorite films Don’t forget to select your favorite films !,2026-05-25T13:51:27+00:00
user_cae64633d72d,arek96,Letterboxd — Your life in film,,https://letterboxd.com/arek96/,98,,,1,0,,Favorite films Don’t forget to select your favorite films !,2026-05-25T13:52:30+00:00
user_338b3a3ede28,aslmd,Letterboxd — Your life in film,,https://letterboxd.com/aslmd/,47,,,0,0,,Favorite films Don’t forget to select your favorite films !,2026-05-25T13:53:13+00:00
user_3b88aa6527fb,avabava55555,Letterboxd — Your life in film,,https://letterboxd.com/avabava55555/,184,,,0,0,,,2026-05-25T13:54:02+00:00
user_51472b4af962,biancazavoianu,Letterboxd — Your life in film,,https://letterboxd.com/biancazavoianu/,106,,,5,3,,ik heb 5 keer geweend,2026-05-25T13:55:02+00:00
user_9a902cb34834,binnch,Letterboxd — Your life in film,,https://letterboxd.com/binnch/,108,,,1,1,,,2026-05-25T13:55:51+00:00
user_0fc1fb1abef2,blackmist,Letterboxd — Your life in film,,https://letterboxd.com/blackmist/,70,,,0,0,,"""𝙸 𝚠𝚎𝚗𝚝 𝚝𝚘 𝚝𝚑𝚎 𝚠𝚘𝚘𝚍𝚜 𝚋𝚎𝚌𝚊𝚞𝚜𝚎 𝙸 𝚠𝚊𝚗𝚝𝚎𝚍 𝚝𝚘 𝚕𝚒𝚟𝚎 𝚍𝚎𝚕𝚒𝚋𝚎𝚛𝚊𝚝𝚎𝚕𝚢. 𝙸 𝚠𝚊𝚗𝚝𝚎𝚍 𝚝𝚘 𝚕𝚒𝚟𝚎 𝚍𝚎𝚎𝚙 𝚊𝚗𝚍 𝚜𝚞𝚌𝚔 𝚘𝚞𝚝 𝚊𝚕𝚕 𝚝𝚑𝚎 𝚖𝚊𝚛𝚛𝚘𝚠 𝚘𝚏 𝚕𝚒𝚏𝚎. 𝚃𝚘 𝚙𝚞𝚝 𝚝𝚘 𝚛𝚘𝚞𝚝 𝚊𝚕𝚕 𝚝𝚑𝚊𝚝 𝚠𝚊𝚜 𝚗𝚘𝚝 𝚕𝚒𝚏𝚎; 𝚊𝚗𝚍 𝚗𝚘𝚝, 𝚠𝚑𝚎𝚗 𝙸 𝚑𝚊𝚍 𝚌𝚘𝚖𝚎 𝚝𝚘 𝚍𝚒𝚎, 𝚍𝚒𝚜𝚌𝚘𝚟𝚎𝚛 𝚝𝚑𝚊𝚝 𝙸 𝚑𝚊𝚍 𝚗𝚘𝚝 𝚕𝚒𝚟𝚎𝚍.""",2026-05-25T13:56:38+00:00
user_f6c2519f14e4,blueberrychoc,Letterboxd — Your life in film,,https://letterboxd.com/blueberrychoc/,36,,,0,0,,Favorite films Don’t forget to select your favorite films !,2026-05-25T13:57:30+00:00
user_8851aec03d7a,brazzyreece,Letterboxd — Your life in film,,https://letterboxd.com/brazzyreece/,38,,,0,0,,Favorite films Don’t forget to select your favorite films !,2026-05-25T13:58:19+00:00
user_53d7020fa629,cdiemer,Letterboxd — Your life in film,,https://letterboxd.com/cdiemer/,110,,,0,0,,Favorite films Don’t forget to select your favorite films !,2026-05-25T13:59:20+00:00
user_80d15214bb04,cecerrs,Letterboxd — Your life in film,,https://letterboxd.com/cecerrs/,13,,,1,1,,Favorite films Don’t forget to select your favorite films !,2026-05-25T14:00:04+00:00
user_cd0784f57c1a,chimkennns,Letterboxd — Your life in film,,https://letterboxd.com/chimkennns/,28,,,0,0,,Favorite films Don’t forget to select your favorite films !,2026-05-25T14:01:01+00:00
user_3bfd6af92bdb,clawal,Letterboxd — Your life in film,,https://letterboxd.com/clawal/,55,,,0,0,,Favorite films Don’t forget to select your favorite films !,2026-05-25T14:01:46+00:00
user_213b13618b6b,crispywang,Letterboxd — Your life in film,,https://letterboxd.com/crispywang/,5,,,0,0,,Favorite films Don’t forget to select your favorite films !,2026-05-25T14:02:35+00:00
user_e471e18e8c53,curiousclimber,Letterboxd — Your life in film,,https://letterboxd.com/curiousclimber/,555,,,0,1,,Favorite films Don’t forget to select your favorite films !,2026-05-25T14:03:23+00:00
user_7beaa08d3674,doog123,Letterboxd — Your life in film,,https://letterboxd.com/doog123/,46,,,0,0,,,2026-05-25T14:04:09+00:00
user_7b41ca1fb126,ducky4080,Letterboxd — Your life in film,,https://letterboxd.com/ducky4080/,14,,1,0,1,,Favorite films Don’t forget to select your favorite films !,2026-05-25T14:05:00+00:00
user_db8a95d8b8cb,ecritosalcarazz,Letterboxd — Your life in film,,https://letterboxd.com/ecritosalcarazz/,13,,,0,0,,kotu bu arada surekli sarki soylediler👎🏿,2026-05-25T14:05:53+00:00
user_cd1070254fdf,estebanpllt,Letterboxd — Your life in film,,https://letterboxd.com/estebanpllt/,85,,,0,0,,Favorite films Don’t forget to select your favorite films !,2026-05-25T14:06:42+00:00
user_127cec077264,fangzs,Letterboxd — Your life in film,,https://letterboxd.com/fangzs/,131,,,0,0,,No recent activity,2026-05-25T14:07:25+00:00
user_aea634ddbe00,flickfanatic1,Letterboxd — Your life in film,,https://letterboxd.com/flickfanatic1/,4119,,,0,3,,Favorite films Don’t forget to select your favorite films !,2026-05-25T14:08:27+00:00
user_7ddd756d1e03,gabiellap,Letterboxd — Your life in film,,https://letterboxd.com/gabiellap/,38,,,0,0,,Favorite films Don’t forget to select your favorite films !,2026-05-25T14:09:22+00:00
user_490f4aa2e49b,gogodughetto,Letterboxd — Your life in film,,https://letterboxd.com/gogodughetto/,202,,,3,1,,,2026-05-25T14:10:10+00:00
user_3a9239dccf07,injao_,Letterboxd — Your life in film,,https://letterboxd.com/injao_/,128,,1,0,0,,"""We accept the love we think we deserve""",2026-05-25T14:10:49+00:00
user_5e2761db4314,insideworld47,Letterboxd — Your life in film,,https://letterboxd.com/insideworld47/,945,,,0,0,,Favorite films Don’t forget to select your favorite films !,2026-05-25T14:11:44+00:00
user_41adf6a7decf,itzmostafa_,Letterboxd — Your life in film,,https://letterboxd.com/itzmostafa_/,247,,,1,1,,Favorite films Don’t forget to select your favorite films !,2026-05-25T14:12:29+00:00
user_c460093374a7,joshh__,Letterboxd — Your life in film,,https://letterboxd.com/joshh__/,72,,,4,4,,"yea ok, this was peak",2026-05-25T14:13:31+00:00
user_931ed7dd543b,kaayliciouus,Letterboxd — Your life in film,,https://letterboxd.com/kaayliciouus/,12,,,0,0,,Favorite films Don’t forget to select your favorite films !,2026-05-25T14:14:21+00:00
user_b1aae47c2323,kahyene,Letterboxd — Your life in film,,https://letterboxd.com/kahyene/,50,,,0,0,,Favorite films Don’t forget to select your favorite films !,2026-05-25T14:15:12+00:00
user_74308e243a6a,krshynoodles,Letterboxd — Your life in film,,https://letterboxd.com/krshynoodles/,101,,,1,1,,Favorite films Don’t forget to select your favorite films !,2026-05-25T14:15:56+00:00
user_ae653ac880b6,leejaeyeon,Letterboxd — Your life in film,,https://letterboxd.com/leejaeyeon/,110,,,0,0,,Favorite films Don’t forget to select your favorite films !,2026-05-25T14:16:46+00:00
user_cb2b89527699,lyn_mf,Letterboxd — Your life in film,,https://letterboxd.com/lyn_mf/,136,,,1,1,,tiene unos twinks muy hot,2026-05-25T14:17:46+00:00
user_41a36283c3c4,magkatu,Letterboxd — Your life in film,,https://letterboxd.com/magkatu/,28,,,2,2,,Favorite films Don’t forget to select your favorite films !,2026-05-25T14:18:45+00:00
user_3ea1020b9d44,malatesta24,Letterboxd — Your life in film,,https://letterboxd.com/malatesta24/,102,,,1,1,,Favorite films Don’t forget to select your favorite films !,2026-05-25T14:19:33+00:00
user_a8318008f433,mikuuz,Letterboxd — Your life in film,,https://letterboxd.com/mikuuz/,145,,3,6,9,,DIABOLICAL MOVIE FIEND,2026-05-25T14:20:28+00:00
user_7ee9abb77e83,minalunafilms,Letterboxd — Your life in film,,https://letterboxd.com/minalunafilms/,218,,,0,0,,A storyteller....and constant dreamer !✨️,2026-05-25T14:21:24+00:00
user_ca838e03dfae,nenok,Letterboxd — Your life in film,,https://letterboxd.com/nenok/,194,,,1,1,,,2026-05-25T14:45:11+00:00
user_eddcb7fdefc3,not_patrick,Letterboxd — Your life in film,,https://letterboxd.com/not_patrick/,80,,,0,0,,Favorite films Don’t forget to select your favorite films !,2026-05-25T14:46:14+00:00
user_bf7baba72f0b,olidoan,Letterboxd — Your life in film,,https://letterboxd.com/olidoan/,35,,,1,2,,Favorite films Don’t forget to select your favorite films !,2026-05-25T14:47:02+00:00
user_d2b01518c239,raymond21,Letterboxd — Your life in film,,https://letterboxd.com/raymond21/,43,,,1,1,,Favorite films Don’t forget to select your favorite films !,2026-05-25T14:47:56+00:00
user_736373385955,requicker,Letterboxd — Your life in film,,https://letterboxd.com/requicker/,308,,,1,1,,,2026-05-25T14:48:44+00:00
user_e358ae47b30c,saaallaaar,Letterboxd — Your life in film,,https://letterboxd.com/saaallaaar/,17,,,0,0,,Favorite films Don’t forget to select your favorite films !,2026-05-25T14:49:33+00:00
user_212ffff5b0b2,sammiihuang,Letterboxd — Your life in film,,https://letterboxd.com/sammiihuang/,61,,,0,0,,Favorite films Don’t forget to select your favorite films !,2026-05-25T14:50:22+00:00
user_b7b1dfc24699,sehrajm,Letterboxd — Your life in film,,https://letterboxd.com/sehrajm/,6,,,0,0,,Favorite films Don’t forget to select your favorite films !,2026-05-25T14:51:16+00:00
user_5109628b8beb,sharkiedude,Letterboxd — Your life in film,,https://letterboxd.com/sharkiedude/,53,,,0,0,,Favorite films Don’t forget to select your favorite films !,2026-05-25T14:52:05+00:00
user_513301a2dc46,stephaniekush,Letterboxd — Your life in film,,https://letterboxd.com/stephaniekush/,55,,1,2,2,,Favorite films Don’t forget to select your favorite films !,2026-05-25T14:52:58+00:00
user_107e69686d53,uv3nus,Letterboxd — Your life in film,,https://letterboxd.com/uv3nus/,88,,1,2,1,,Mom’s favorite,2026-05-25T14:53:53+00:00
user_c0bee8ff49ec,whlk,Letterboxd — Your life in film,,https://letterboxd.com/whlk/,100,,,0,0,,Favorite films Don’t forget to select your favorite films !,2026-05-25T14:54:40+00:00
user_9d1b9e762bc2,winn_nniw,Letterboxd — Your life in film,,https://letterboxd.com/winn_nniw/,12,,1,1,1,,watched 3x in one day,2026-05-25T14:55:34+00:00
user_7e589774c6b5,xotwodvaleria,Letterboxd — Your life in film,,https://letterboxd.com/xotwodvaleria/,73,,1,0,0,,Favorite films Don’t forget to select your favorite films !,2026-05-25T14:56:28+00:00
user_04f295b0c1de,yamfymar,Letterboxd — Your life in film,,https://letterboxd.com/yamfymar/,50,,,1,1,,Favorite films Don’t forget to select your favorite films !,2026-05-25T14:57:28+00:00
user_c87b340a0f38,yasomeow,Letterboxd — Your life in film,,https://letterboxd.com/yasomeow/,48,,,0,0,,Favorite films Don’t forget to select your favorite films !,2026-05-25T14:58:17+00:00
user_d3bf5defd2b6,zuzannk_4,Letterboxd — Your life in film,,https://letterboxd.com/zuzannk_4/,7,,,1,1,,"Jak oceniałam ,,se7en” napisałam six",2026-05-25T14:59:16+00:00
user_f17676909b76,zuzara,Letterboxd — Your life in film,,https://letterboxd.com/zuzara/,5,,,0,0,,,2026-05-25T15:00:09+00:00
user_803338cbeff7,zwattage,Letterboxd — Your life in film,,https://letterboxd.com/zwattage/,96,,,0,0,,Favorite films Don’t forget to select your favorite films !,2026-05-25T15:01:03+00:00
user_49568e8b85e9,4evrya,Letterboxd — Your life in film,,https://letterboxd.com/4evrya/,11,,,0,0,,,2026-05-25T15:01:52+00:00
user_7b3addcb60f5,67moviemangoel,Letterboxd — Your life in film,,https://letterboxd.com/67moviemangoel/,67,,,1,1,,Favorite films Don’t forget to select your favorite films !,2026-05-25T15:02:48+00:00
user_e00d9eed780e,70sdaydreams,Letterboxd — Your life in film,,https://letterboxd.com/70sdaydreams/,510,,,1,1,,"I've done all I ought to have done and If there were tears in my eyes, it's because I was upset.",2026-05-25T15:03:43+00:00
user_72693cb47afd,__67q_,Letterboxd — Your life in film,,https://letterboxd.com/__67q_/,49,,,1,1,,Favorite films Don’t forget to select your favorite films !,2026-05-25T15:04:36+00:00
user_21b9c648a54c,abhishekpaul22,Letterboxd — Your life in film,,https://letterboxd.com/abhishekpaul22/,909,,,22,28,,Haq se cinephile...,2026-05-25T15:05:39+00:00
user_34aa1b2becc9,akalanadelrey9k,Letterboxd — Your life in film,,https://letterboxd.com/akalanadelrey9k/,37,,1,3,2,,"En síntesis, el argumento es malo, en realidad no llegan a ningún lado hasta los últimos diez minutos de la película, la comedia queda al borde de lo ridículo en reiteradas ocasiones, los efectos son realmente malos, cosa que bueno, se podría justificar por la antigüedad de la obra. La batalla final es ridícula, corta, tonta, son unos cinco minutos, dos golpes entre cruzados, no puedes sentirte mal con el final porque los personajes son planos, ninguno tiene un desarrollo…",2026-05-25T15:06:35+00:00
user_f291aaec95f2,alesandria,Letterboxd — Your life in film,,https://letterboxd.com/alesandria/,58,,,0,0,,Favorite films Don’t forget to select your favorite films !,2026-05-25T15:08:34+00:00
user_d0384fea634e,alix_12,Letterboxd — Your life in film,,https://letterboxd.com/alix_12/,21,,,2,1,,,2026-05-25T15:09:25+00:00
user_2529e0c40a34,allen81,Letterboxd — Your life in film,,https://letterboxd.com/allen81/,70,,,0,0,,Favorite films Don’t forget to select your favorite films !,2026-05-25T15:10:15+00:00
user_ff8b9a2bd48b,alonicaaaa,Letterboxd — Your life in film,,https://letterboxd.com/alonicaaaa/,74,,,0,0,,only girls like to watch,2026-05-25T15:11:21+00:00
user_0a6ec73e8540,alyahaa,Letterboxd — Your life in film,,https://letterboxd.com/alyahaa/,190,,,2,1,,surprisingly done in a not boring way,2026-05-25T15:12:21+00:00
user_535d5cb9085a,ambe_thompson,Letterboxd — Your life in film,,https://letterboxd.com/ambe_thompson/,52,,,1,1,,,2026-05-25T15:13:06+00:00
user_46d004b86d85,ameliamarc,Letterboxd — Your life in film,,https://letterboxd.com/ameliamarc/,153,,,77,19,,,2026-05-25T15:13:56+00:00
user_47d78c528288,anandumadhu_,Letterboxd — Your life in film,,https://letterboxd.com/anandumadhu_/,94,,,47,2,,,2026-05-25T15:14:51+00:00
user_a1f1a6eba988,angelicacapipi,Letterboxd — Your life in film,,https://letterboxd.com/angelicacapipi/,242,,,3,3,,,2026-05-25T15:15:34+00:00
user_9c8b4e0bc515,aquarius_music,Letterboxd — Your life in film,,https://letterboxd.com/aquarius_music/,172,,,0,0,,Favorite films Don’t forget to select your favorite films !,2026-05-25T15:16:29+00:00
user_cf85c17ff6ec,ariana_mstrg,Letterboxd — Your life in film,,https://letterboxd.com/ariana_mstrg/,360,,,5,5,,,2026-05-25T15:17:17+00:00
user_abba96c423da,arlensr,Letterboxd — Your life in film,,https://letterboxd.com/arlensr/,31,,,1,1,,Favorite films Don’t forget to select your favorite films !,2026-05-25T15:22:24+00:00
user_66e172d2dc47,asherrmustdie,Letterboxd — Your life in film,,https://letterboxd.com/asherrmustdie/,107,,,0,0,,,2026-05-25T15:23:18+00:00
user_0446547f8f02,athenaid,Letterboxd — Your life in film,,https://letterboxd.com/athenaid/,59,,,0,0,,Favorite films Don’t forget to select your favorite films !,2026-05-25T15:24:11+00:00
user_6c515f496665,bel_chen,Letterboxd — Your life in film,,https://letterboxd.com/bel_chen/,107,,,1,1,,,2026-05-25T15:25:11+00:00
user_118cb42455ec,bigpopcornguy,Letterboxd — Your life in film,,https://letterboxd.com/bigpopcornguy/,137,,,3,2,,"All they had to do was not fuck this up, and it would be a simple, fun addition to the Mandalorian catalog. I would argue that they succeeded. The Mandalorian and Grogu - 3/5",2026-05-25T15:26:14+00:00
user_0e07b3eed5e5,blackyboy,Letterboxd — Your life in film,,https://letterboxd.com/blackyboy/,11,,,0,0,,Favorite films Don’t forget to select your favorite films !,2026-05-25T15:27:01+00:00
user_4e6b10314ed6,bm106767,Letterboxd — Your life in film,,https://letterboxd.com/bm106767/,7,,,0,0,,Favorite films Don’t forget to select your favorite films !,2026-05-25T15:27:54+00:00
user_cb1a003be876,bnp4000,Letterboxd — Your life in film,,https://letterboxd.com/bnp4000/,299,,,0,0,,Favorite films Don’t forget to select your favorite films !,2026-05-25T15:28:48+00:00
user_16a59e086cf8,broccolleyy,Letterboxd — Your life in film,,https://letterboxd.com/broccolleyy/,158,,1,2,0,,love watching everything ☄️,2026-05-25T15:29:47+00:00
user_ac133f83e00e,brynnarb,Letterboxd — Your life in film,,https://letterboxd.com/brynnarb/,48,,,1,1,,Favorite films Don’t forget to select your favorite films !,2026-05-25T15:30:33+00:00
user_79577f11a437,byeworld_almost,Letterboxd — Your life in film,,https://letterboxd.com/byeworld_almost/,233,,,0,0,,Favorite films Don’t forget to select your favorite films !,2026-05-25T15:31:26+00:00
user_84a9219c1eb8,caitttt,Letterboxd — Your life in film,,https://letterboxd.com/caitttt/,67,,,2,2,,"a pretty book-accurate film, and considering the book wasn’t incredibly well written the film did well. i don’t mean to objectify women but ‘why is she still here’ by renee rapp playing as sydney sweeney’s boobs we’re out altered my brain chemistry lord save me i am so weak for women",2026-05-25T15:32:24+00:00
user_84d7047c92a2,carlo_pelle,Letterboxd — Your life in film,,https://letterboxd.com/carlo_pelle/,2,,,0,0,,Favorite films Don’t forget to select your favorite films !,2026-05-25T15:33:17+00:00
user_693085b88c7c,cecilial8r,Letterboxd — Your life in film,,https://letterboxd.com/cecilial8r/,508,,,0,0,,,2026-05-25T15:34:13+00:00
user_110dd192666b,charlovesu,Letterboxd — Your life in film,,https://letterboxd.com/charlovesu/,35,,,0,0,,what is this earth without art? just a rock!,2026-05-25T15:35:02+00:00
user_f8fe7fc5a16d,chookeydee,Letterboxd — Your life in film,,https://letterboxd.com/chookeydee/,28,,,6,3,,Favorite films Don’t forget to select your favorite films !,2026-05-25T15:35:56+00:00
user_84149bebc0b9,christian_g8,Letterboxd — Your life in film,,https://letterboxd.com/christian_g8/,111,,,0,0,,,2026-05-25T15:36:45+00:00
user_d58524885a1a,claito,Letterboxd — Your life in film,,https://letterboxd.com/claito/,7,,,0,0,,no pé ou na mão?,2026-05-25T15:37:41+00:00
user_72cc2a078e11,claradeovo1,Letterboxd — Your life in film,,https://letterboxd.com/claradeovo1/,99,,,5,5,,Not quite my tempo,2026-05-25T15:38:37+00:00
user_6f4456642cf7,clwqstf0,Letterboxd — Your life in film,,https://letterboxd.com/clwqstf0/,29,,,0,1,,gay yearning personified,2026-05-25T15:39:31+00:00
user_d37d2d67ea5c,cofi09_,Letterboxd — Your life in film,,https://letterboxd.com/cofi09_/,14,,,0,0,,Favorite films Don’t forget to select your favorite films !,2026-05-25T15:40:20+00:00
user_9dc3e7994d2f,colinnguyen123,Letterboxd — Your life in film,,https://letterboxd.com/colinnguyen123/,63,,1,0,0,,,2026-05-25T15:41:12+00:00
user_302718a0bf0a,ctilli,Letterboxd — Your life in film,,https://letterboxd.com/ctilli/,22,,,0,0,,Favorite films Don’t forget to select your favorite films !,2026-05-25T15:41:58+00:00
user_99e28ad772b3,cupiddeluxe_,Letterboxd — Your life in film,,https://letterboxd.com/cupiddeluxe_/,84,,,1,2,,Lily’s acting was actually so incredibly good,2026-05-25T15:43:54+00:00
user_272ccc52cf29,dani_ituarte,Letterboxd — Your life in film,,https://letterboxd.com/dani_ituarte/,359,,,0,0,,Favorite films Don’t forget to select your favorite films !,2026-05-25T15:44:52+00:00
user_d54b0779b19d,danysanak,Letterboxd — Your life in film,,https://letterboxd.com/danysanak/,267,,,8,0,,Favorite films Don’t forget to select your favorite films !,2026-05-25T15:45:38+00:00
user_c197b2d3a4bd,daydreamrd1,Letterboxd — Your life in film,,https://letterboxd.com/daydreamrd1/,146,,,2,2,,,2026-05-25T15:46:25+00:00
user_d0b3cf49a06c,dconx,Letterboxd — Your life in film,,https://letterboxd.com/dconx/,95,,,0,0,,,2026-05-25T15:47:59+00:00
user_e2c4c845bed1,deadstar423,Letterboxd — Your life in film,,https://letterboxd.com/deadstar423/,98,,,0,0,,Favorite films Don’t forget to select your favorite films !,2026-05-25T15:48:46+00:00
user_23f4b70f2226,destroyyaa,Letterboxd — Your life in film,,https://letterboxd.com/destroyyaa/,734,,,2,1,,Avid watcher of weird stuff. Have simultaneously seen a lot of movies and none at all.,2026-05-25T15:49:45+00:00
user_cca6ace7c1a2,diegosqueff,Letterboxd — Your life in film,,https://letterboxd.com/diegosqueff/,1504,,,0,0,,Favorite films Don’t forget to select your favorite films !,2026-05-25T15:50:35+00:00
user_5dc41212a0fb,dietmiranda,Letterboxd — Your life in film,,https://letterboxd.com/dietmiranda/,96,,1,0,0,,,2026-05-25T15:51:40+00:00
user_d152cd9d77e8,dmcd21,Letterboxd — Your life in film,,https://letterboxd.com/dmcd21/,5,,,0,0,,No recent activity,2026-05-25T15:52:30+00:00
user_3d480dcc6f9f,e_miyahara,Letterboxd — Your life in film,,https://letterboxd.com/e_miyahara/,331,,,1,1,,Straight buns,2026-05-25T15:53:35+00:00
user_e5413fdbef63,einewienina,Letterboxd — Your life in film,,https://letterboxd.com/einewienina/,136,,,4,3,,,2026-05-25T15:54:29+00:00
user_2ca857af9595,elizabethhilgen,Letterboxd — Your life in film,,https://letterboxd.com/elizabethhilgen/,187,,1,0,0,,Favorite films Don’t forget to select your favorite films !,2026-05-25T15:55:19+00:00
user_45602fdb9788,ellabellaaa123,Letterboxd — Your life in film,,https://letterboxd.com/ellabellaaa123/,36,,,1,1,,Favorite films Don’t forget to select your favorite films !,2026-05-25T15:56:10+00:00
user_7cda8d893e8a,emae42,Letterboxd — Your life in film,,https://letterboxd.com/emae42/,41,,,0,0,,Favorite films Don’t forget to select your favorite films !,2026-05-25T15:57:02+00:00
user_ffade85906f6,eyirvn,Letterboxd — Your life in film,,https://letterboxd.com/eyirvn/,16,,,0,0,,Favorite films Don’t forget to select your favorite films !,2026-05-25T15:57:51+00:00
user_0cba1af26717,ezxangel,Letterboxd — Your life in film,,https://letterboxd.com/ezxangel/,86,,,0,0,,Favorite films Don’t forget to select your favorite films !,2026-05-25T15:58:39+00:00
user_9c593463f129,farleezy,Letterboxd — Your life in film,,https://letterboxd.com/farleezy/,471,,,6,6,,Favorite films Don’t forget to select your favorite films !,2026-05-25T15:59:34+00:00
user_03177f6ca65b,faseeh_49,Letterboxd — Your life in film,,https://letterboxd.com/faseeh_49/,37,,,2,2,,,2026-05-25T16:00:29+00:00
user_c607961043b8,felixquiter,Letterboxd — Your life in film,,https://letterboxd.com/felixquiter/,333,,,0,0,,Favorite films Don’t forget to select your favorite films !,2026-05-25T16:01:13+00:00
user_51007d9e076e,fexpq,Letterboxd — Your life in film,,https://letterboxd.com/fexpq/,27,,,1,2,,Favorite films Don’t forget to select your favorite films !,2026-05-25T16:01:59+00:00
user_9f69a71966af,fleuriechen,Letterboxd — Your life in film,,https://letterboxd.com/fleuriechen/,164,,,0,0,,Favorite films Don’t forget to select your favorite films !,2026-05-25T16:02:43+00:00
user_0edacce9b38a,gb604,Letterboxd — Your life in film,,https://letterboxd.com/gb604/,144,,,3,3,,4 star 4 u n 4 star 4 u n est. 2026,2026-05-25T16:03:46+00:00
user_a80ae8eeb570,gleemio,Letterboxd — Your life in film,,https://letterboxd.com/gleemio/,4,,,0,0,,Favorite films Don’t forget to select your favorite films !,2026-05-25T16:04:35+00:00
user_3da23a53f4cf,glvthadhd,Letterboxd — Your life in film,,https://letterboxd.com/glvthadhd/,158,,,1,0,,,2026-05-25T16:05:23+00:00
user_dd221e8e7a15,goatphia,Letterboxd — Your life in film,,https://letterboxd.com/goatphia/,20,,,0,0,,,2026-05-25T16:06:17+00:00
user_99eaab7efa34,gwenn7,Letterboxd — Your life in film,,https://letterboxd.com/gwenn7/,46,,,0,0,,Favorite films Don’t forget to select your favorite films !,2026-05-25T16:07:03+00:00
user_0ccdc6ddacfb,hamadalshatti08,Letterboxd — Your life in film,,https://letterboxd.com/hamadalshatti08/,162,,,1,3,,Favorite films Don’t forget to select your favorite films !,2026-05-25T16:08:57+00:00
user_3a2a285023f2,harharyhar,Letterboxd — Your life in film,,https://letterboxd.com/harharyhar/,3,,,1,1,,PEAK PEAK PEAK 👎👎 vro i wanna read the bppk now tpp 10 best movies made,2026-05-25T16:09:52+00:00
user_31dd74524ff0,hazelmazebabe,Letterboxd — Your life in film,,https://letterboxd.com/hazelmazebabe/,7,,,0,0,,Favorite films Don’t forget to select your favorite films !,2026-05-25T16:10:46+00:00
user_dba9f9f612b2,idania12367,Letterboxd — Your life in film,,https://letterboxd.com/idania12367/,15,,,0,0,,Favorite films Don’t forget to select your favorite films !,2026-05-25T16:11:43+00:00
user_63ee0dc7f183,iitsluaa,Letterboxd — Your life in film,,https://letterboxd.com/iitsluaa/,15,,1,0,0,,girl who likes movies and music <3 22,2026-05-25T16:12:39+00:00
user_0adf450a0334,ilovecaifan,Letterboxd — Your life in film,,https://letterboxd.com/ilovecaifan/,9,,,4,3,,Favorite films Don’t forget to select your favorite films !,2026-05-25T16:13:25+00:00
user_6c4b67b1795a,impalafckin67,Letterboxd — Your life in film,,https://letterboxd.com/impalafckin67/,4,,1,0,0,,,2026-05-25T16:14:17+00:00
user_a9f0b88686b1,irljustice,Letterboxd — Your life in film,,https://letterboxd.com/irljustice/,58,,,0,0,,,2026-05-25T16:15:08+00:00
user_258a242eca7e,islamckay123,Letterboxd — Your life in film,,https://letterboxd.com/islamckay123/,21,,,0,1,,,2026-05-25T16:15:59+00:00
user_6262dfdec3dc,itstanja22,Letterboxd — Your life in film,,https://letterboxd.com/itstanja22/,359,,,7,4,,my daughters acc: @cheryistlost,2026-05-25T16:17:00+00:00
user_51d5e7a8a606,jackisgood,Letterboxd — Your life in film,,https://letterboxd.com/jackisgood/,465,,,1,0,,Favorite films Don’t forget to select your favorite films !,2026-05-25T16:17:54+00:00
user_bb833191705f,jhonnyehrlich,Letterboxd — Your life in film,,https://letterboxd.com/jhonnyehrlich/,184,,,0,0,,Favorite films Don’t forget to select your favorite films !,2026-05-25T16:18:40+00:00
user_80c98d0b8487,josiejpg,Letterboxd — Your life in film,,https://letterboxd.com/josiejpg/,179,,1,0,1,,,2026-05-25T16:19:35+00:00
user_816d847be462,kaan123456,Letterboxd — Your life in film,,https://letterboxd.com/kaan123456/,224,,,3,1,,Favorite films Don’t forget to select your favorite films !,2026-05-25T16:20:36+00:00
user_69d13d21da65,kaaydeeen,Letterboxd — Your life in film,,https://letterboxd.com/kaaydeeen/,8,,,0,0,,,2026-05-25T16:21:24+00:00
user_11434023c553,kalliell,Letterboxd — Your life in film,,https://letterboxd.com/kalliell/,131,,,0,0,,Favorite films Don’t forget to select your favorite films !,2026-05-25T16:22:13+00:00
user_ee5e72385b94,kaytej27,Letterboxd — Your life in film,,https://letterboxd.com/kaytej27/,30,,,0,0,,Favorite films Don’t forget to select your favorite films !,2026-05-25T16:23:00+00:00
user_b64d18a52496,keeko23,Letterboxd — Your life in film,,https://letterboxd.com/keeko23/,237,,,2,5,,,2026-05-25T16:23:53+00:00
user_47a342c4f05b,kirasxcx,Letterboxd — Your life in film,,https://letterboxd.com/kirasxcx/,43,,,0,0,,“Is it better to speak or to die?”,2026-05-26T02:29:32+00:00
user_352da1cedee9,laakeeyyy,Letterboxd — Your life in film,,https://letterboxd.com/laakeeyyy/,35,,,2,2,,Favorite films Don’t forget to select your favorite films !,2026-05-26T02:30:27+00:00
user_882d410e6862,lesion03,Letterboxd — Your life in film,,https://letterboxd.com/lesion03/,118,,,3,1,,Chema es mi padre aunque la protagonista me da rabia por momentos.,2026-05-26T02:31:22+00:00
user_b0b486dd7c57,lilhigh,Letterboxd — Your life in film,,https://letterboxd.com/lilhigh/,41,,,0,0,,Favorite films Don’t forget to select your favorite films !,2026-05-26T02:32:13+00:00
user_c3c90dc9be56,lillixoo,Letterboxd — Your life in film,,https://letterboxd.com/lillixoo/,48,,,0,0,,,2026-05-26T02:33:48+00:00
user_0992baf6977f,lsamut,Letterboxd — Your life in film,,https://letterboxd.com/lsamut/,68,,,0,3,,QUEENSLANDER,2026-05-26T02:34:46+00:00
user_5c32c225193f,lucas450,Letterboxd — Your life in film,,https://letterboxd.com/lucas450/,68,,,1,1,,,2026-05-26T02:35:39+00:00
user_4b2f358dc18e,malekqua7,Letterboxd — Your life in film,,https://letterboxd.com/malekqua7/,44,,,0,0,,Favorite films Don’t forget to select your favorite films !,2026-05-26T02:36:32+00:00
user_14328d97d0c4,manoellacomo,Letterboxd — Your life in film,,https://letterboxd.com/manoellacomo/,64,,,2,3,,sou filmeholic ⭒˚｡⋆ Carpe diem ⋆｡𖦹°⭒˚ perdi a outra conta e tô arrumando essa 😣,2026-05-26T02:37:34+00:00
user_acce5eec7549,marcellamassa,Letterboxd — Your life in film,,https://letterboxd.com/marcellamassa/,16,,,0,0,,Favorite films Don’t forget to select your favorite films !,2026-05-26T02:38:31+00:00
user_98f98f9ac140,mellynnv,Letterboxd — Your life in film,,https://letterboxd.com/mellynnv/,13,,,0,0,,No recent activity,2026-05-26T02:39:18+00:00
user_698f32204575,michiee,Letterboxd — Your life in film,,https://letterboxd.com/michiee/,380,,,0,0,,Favorite films Don’t forget to select your favorite films !,2026-05-26T02:41:11+00:00
user_afa698bc2c31,miehak,Letterboxd — Your life in film,,https://letterboxd.com/miehak/,84,,,0,0,,Favorite films Don’t forget to select your favorite films !,2026-05-26T02:41:58+00:00
user_77da7aedcce7,mvteeeo10,Letterboxd — Your life in film,,https://letterboxd.com/mvteeeo10/,170,,,0,0,,Favorite films Don’t forget to select your favorite films !,2026-05-26T02:42:41+00:00
user_81613e79552b,nagitopoop,Letterboxd — Your life in film,,https://letterboxd.com/nagitopoop/,39,,,1,1,,Favorite films Don’t forget to select your favorite films !,2026-05-26T02:43:28+00:00
user_26d08b49cc8e,nailus_pitailus,Letterboxd — Your life in film,,https://letterboxd.com/nailus_pitailus/,3,,,0,0,,Favorite films Don’t forget to select your favorite films !,2026-05-26T02:44:11+00:00
user_0244e58760ca,nickelp98,Letterboxd — Your life in film,,https://letterboxd.com/nickelp98/,485,,,0,0,,Favorite films Don’t forget to select your favorite films !,2026-05-26T02:44:57+00:00
user_c9326e44ea4d,nomoreworkhere,Letterboxd — Your life in film,,https://letterboxd.com/nomoreworkhere/,42,,,0,0,,Favorite films Don’t forget to select your favorite films !,2026-05-26T02:45:49+00:00
user_503682bb8cd6,nxcle,Letterboxd — Your life in film,,https://letterboxd.com/nxcle/,131,,,0,0,,Favorite films Don’t forget to select your favorite films !,2026-05-26T02:46:49+00:00
user_566426b7a1c7,nyawnyaw_vie,Letterboxd — Your life in film,,https://letterboxd.com/nyawnyaw_vie/,65,,3,0,0,,"”and in this moment, I swear, we are infinite .”",2026-05-26T02:47:46+00:00
user_82d57a5604e6,o9rie,Letterboxd — Your life in film,,https://letterboxd.com/o9rie/,66,,,18,3,,“I don’t suffer from loneliness; I enjoy it.”,2026-05-26T02:48:35+00:00
user_fe2d8960138e,olaussen08,Letterboxd — Your life in film,,https://letterboxd.com/olaussen08/,20,,,3,2,,Favorite films Don’t forget to select your favorite films !,2026-05-26T02:49:30+00:00
user_87b5daea46cb,olivia_tru,Letterboxd — Your life in film,,https://letterboxd.com/olivia_tru/,230,,,0,0,,,2026-05-26T02:50:17+00:00
user_85318fad65a9,oliviadewar,Letterboxd — Your life in film,,https://letterboxd.com/oliviadewar/,62,,,0,1,,Favorite films Don’t forget to select your favorite films !,2026-05-26T02:51:07+00:00
user_ffed554f721b,onofrr,Letterboxd — Your life in film,,https://letterboxd.com/onofrr/,106,,,0,0,,Fuck those crutches 🩼,2026-05-26T02:52:01+00:00
user_a12aeff5aefa,pavle_vel,Letterboxd — Your life in film,,https://letterboxd.com/pavle_vel/,82,,,0,0,,It was an alright film just very weird and made me feel uncomfortable I guess that’s the point but the part inside the primary school bathroom was just not needed,2026-05-26T02:53:03+00:00
user_4a17256b5184,pidjiji,Letterboxd — Your life in film,,https://letterboxd.com/pidjiji/,280,,,2,0,,Favorite films Don’t forget to select your favorite films !,2026-05-26T02:53:57+00:00
user_48db78e654b7,poussieres,Letterboxd — Your life in film,,https://letterboxd.com/poussieres/,121,,,3,3,,Favorite films Don’t forget to select your favorite films !,2026-05-26T02:54:53+00:00
user_64497bb7b33c,pstakelon,Letterboxd — Your life in film,,https://letterboxd.com/pstakelon/,1256,,1,7,8,,Favorite films Don’t forget to select your favorite films !,2026-05-26T02:55:46+00:00
user_aaf67c573330,ramrarar,Letterboxd — Your life in film,,https://letterboxd.com/ramrarar/,36,,,0,0,,Favorite films Don’t forget to select your favorite films !,2026-05-26T02:56:34+00:00
user_c7d37fb40dd3,revvyway,Letterboxd — Your life in film,,https://letterboxd.com/revvyway/,235,,1,5,1,,Favorite films Don’t forget to select your favorite films !,2026-05-26T02:57:34+00:00
user_4c7f7d59e130,riksflix,Letterboxd — Your life in film,,https://letterboxd.com/riksflix/,36,,,2,1,,Favorite films Don’t forget to select your favorite films !,2026-05-26T02:58:23+00:00
user_2ea8baaaff02,roshainfdo,Letterboxd — Your life in film,,https://letterboxd.com/roshainfdo/,196,,,0,0,,Favorite films Don’t forget to select your favorite films !,2026-05-26T02:59:16+00:00
user_87857cf77312,rrvdk,Letterboxd — Your life in film,,https://letterboxd.com/rrvdk/,546,,,1,1,,Favorite films Don’t forget to select your favorite films !,2026-05-26T03:00:17+00:00
user_7349d6ccf30c,saaaaanvi,Letterboxd — Your life in film,,https://letterboxd.com/saaaaanvi/,42,,,1,1,,Favorite films Don’t forget to select your favorite films !,2026-05-26T03:01:05+00:00
user_cc0374e155ec,sarraaaqqg,Letterboxd — Your life in film,,https://letterboxd.com/sarraaaqqg/,12,,,0,0,,fuj dorici ne fuj fuj fuj,2026-05-26T03:01:59+00:00
user_c395364317b4,seeergiodiiiaz,Letterboxd — Your life in film,,https://letterboxd.com/seeergiodiiiaz/,4,,,0,0,,Favorite films Don’t forget to select your favorite films !,2026-05-26T03:02:54+00:00
user_cf98a655d4a1,shiniesyn,Letterboxd — Your life in film,,https://letterboxd.com/shiniesyn/,66,,5,0,0,,basta kung anong gusto ko,2026-05-26T03:03:40+00:00
user_48ae8bebf8b0,shrey2,Letterboxd — Your life in film,,https://letterboxd.com/shrey2/,107,,,0,0,,Favorite films Don’t forget to select your favorite films !,2026-05-26T03:04:26+00:00
user_a0e7c6e4c55a,skapowa,Letterboxd — Your life in film,,https://letterboxd.com/skapowa/,31,,,0,0,,,2026-05-26T03:05:17+00:00
user_837084c4caa5,soyglou,Letterboxd — Your life in film,,https://letterboxd.com/soyglou/,541,,,0,0,,Favorite films Don’t forget to select your favorite films !,2026-05-26T03:06:04+00:00
user_a18b217e4fe8,spidremna,Letterboxd — Your life in film,,https://letterboxd.com/spidremna/,196,,,1,1,,"Every ideology explained: mine- based, yours- cringe.",2026-05-26T03:06:49+00:00
user_3094bc9e753a,starlord10,Letterboxd — Your life in film,,https://letterboxd.com/starlord10/,39,,1,0,0,,,2026-05-26T03:07:36+00:00
user_d14a0115c5a0,suedak,Letterboxd — Your life in film,,https://letterboxd.com/suedak/,110,,,0,0,,Favorite films Don’t forget to select your favorite films !,2026-05-26T03:08:21+00:00
user_d12798ef95a0,t_pa_bo,Letterboxd — Your life in film,,https://letterboxd.com/t_pa_bo/,81,,,1,1,,,2026-05-26T03:09:04+00:00
user_69f619a66331,tanishadddelima,Letterboxd — Your life in film,,https://letterboxd.com/tanishadddelima/,5,,,0,0,,Favorite films Don’t forget to select your favorite films !,2026-05-26T03:09:53+00:00
user_76f721e789fa,tatumbottle,Letterboxd — Your life in film,,https://letterboxd.com/tatumbottle/,82,,,1,1,,Favorite films Don’t forget to select your favorite films !,2026-05-26T03:10:42+00:00
user_26ca63ea08a6,teeshirtt,Letterboxd — Your life in film,,https://letterboxd.com/teeshirtt/,77,,,1,1,,Favorite films Don’t forget to select your favorite films !,2026-05-26T03:11:25+00:00
user_ea1aecbdf7b9,torlav,Letterboxd — Your life in film,,https://letterboxd.com/torlav/,203,,,1,1,,Favorite films Don’t forget to select your favorite films !,2026-05-26T03:12:26+00:00
user_3cf30ec6410a,toutau17,Letterboxd — Your life in film,,https://letterboxd.com/toutau17/,65,,,3,3,,,2026-05-26T03:13:19+00:00
user_236d26d5c997,tsibar,Letterboxd — Your life in film,,https://letterboxd.com/tsibar/,148,,,1,1,,,2026-05-26T03:14:07+00:00
user_bda12a078d6e,tyzavien,Letterboxd — Your life in film,,https://letterboxd.com/tyzavien/,10,,,6,2,,Favorite films Don’t forget to select your favorite films !,2026-05-26T03:15:06+00:00
user_125592985fdc,wepaine41,Letterboxd — Your life in film,,https://letterboxd.com/wepaine41/,75,,,3,3,,Favorite films Don’t forget to select your favorite films !,2026-05-26T03:15:55+00:00
user_e597bbb6df73,whumble,Letterboxd — Your life in film,,https://letterboxd.com/whumble/,35,,1,1,1,,It's... fantastic.,2026-05-26T03:16:49+00:00
user_ceb39b57d58c,xxxsokucuxxx,Letterboxd — Your life in film,,https://letterboxd.com/xxxsokucuxxx/,106,,,0,0,,Favorite films Don’t forget to select your favorite films !,2026-05-26T03:17:46+00:00
user_d9f516b71e89,yousef__18,Letterboxd — Your life in film,,https://letterboxd.com/yousef__18/,92,,,22,18,,the only thing that changes my mood,2026-05-26T03:18:40+00:00
user_db3933cfa922,zaihb,Letterboxd — Your life in film,,https://letterboxd.com/zaihb/,12,,,0,0,,sólidas 5 ⭐️,2026-05-26T03:19:34+00:00
user_b5e86ee1dc65,zaiidynm,Letterboxd — Your life in film,,https://letterboxd.com/zaiidynm/,240,,2,0,0,,Favorite films Don’t forget to select your favorite films !,2026-05-26T03:20:23+00:00
user_5a38d7fc9953,zaki_404,Letterboxd — Your life in film,,https://letterboxd.com/zaki_404/,408,,,0,0,,,2026-05-26T03:21:19+00:00
user_d988c0558e44,zoedewarren,Letterboxd — Your life in film,,https://letterboxd.com/zoedewarren/,59,,,2,1,,j’aime la la land plus que ma propre vie 🤞🏼,2026-05-26T03:22:16+00:00
user_a1b293644984,zy_0wb,Letterboxd — Your life in film,,https://letterboxd.com/zy_0wb/,100,,,2,2,,ted He curses so much,2026-05-26T03:23:19+00:00
user_3ac5cf06a309,03raul,Letterboxd — Your life in film,,https://letterboxd.com/03raul/,24,,,1,1,,Favorite films Don’t forget to select your favorite films !,2026-05-26T03:24:07+00:00
user_4f3b84ec9185,101epic,Letterboxd — Your life in film,2,https://letterboxd.com/101epic/,102,,1,6,7,,,2026-05-26T03:25:04+00:00
user_3dd23a46fc75,10applepi,Letterboxd — Your life in film,,https://letterboxd.com/10applepi/,47,,1,4,4,,Gay people and fruit needs to be studied,2026-05-26T03:26:01+00:00
user_0541ea7a22dd,1bandxt,Letterboxd — Your life in film,,https://letterboxd.com/1bandxt/,396,,,0,0,,Favorite films Don’t forget to select your favorite films !,2026-05-26T03:27:09+00:00
user_a13b22af1564,1nsss,Letterboxd — Your life in film,,https://letterboxd.com/1nsss/,265,,,6,1,,,2026-05-26T03:28:14+00:00
user_afc8da093f3a,3lsc1,Letterboxd — Your life in film,,https://letterboxd.com/3lsc1/,7,,,0,0,,,2026-05-26T03:29:07+00:00
user_b9a4ccc43cd7,6chris7,Letterboxd — Your life in film,,https://letterboxd.com/6chris7/,158,,,0,0,,,2026-05-26T03:29:52+00:00
user_d63ef6d0793e,6space6bootz6,Letterboxd — Your life in film,,https://letterboxd.com/6space6bootz6/,176,,,13,12,,Stunning cinematography alongside masterfully realized costumes by Eiko Ishioka.... loooooooveeeeeeeeeeeee,2026-05-26T03:30:49+00:00
user_c0500103464e,_bywhatever,Letterboxd — Your life in film,,https://letterboxd.com/_bywhatever/,278,,,0,0,,@pullyourshytogetherchase on tiktok!,2026-05-26T03:31:48+00:00
user_20180bcc5ca7,_canett,Letterboxd — Your life in film,,https://letterboxd.com/_canett/,61,,,2,1,,pinchi pelicula toda hermosa me hizo querer amar de nuevo,2026-05-26T03:32:44+00:00
user_a4dedd7f5663,_iheartsavannah,Letterboxd — Your life in film,,https://letterboxd.com/_iheartsavannah/,14,,,2,2,,applaud for adding genuine personalities to the guys of the movie,2026-05-26T03:33:39+00:00
user_ac84c1042063,_josegonzalez,Letterboxd — Your life in film,,https://letterboxd.com/_josegonzalez/,789,,66,35,13,,Renegade Version,2026-05-26T03:34:35+00:00
user_4c37cdd474b9,_liott,Letterboxd — Your life in film,,https://letterboxd.com/_liott/,7,,1,0,0,,This film had me stunned with how disturbing and absurd it was. One of the best films of 2026.,2026-05-26T03:35:32+00:00
user_23e8a3860325,_nvther,Letterboxd — Your life in film,,https://letterboxd.com/_nvther/,64,,,0,0,,Favorite films Don’t forget to select your favorite films !,2026-05-26T03:36:19+00:00
user_50f84a26dcec,_shbatski,Letterboxd — Your life in film,,https://letterboxd.com/_shbatski/,74,,,1,0,,Normal guy whose love language is films,2026-05-26T03:37:21+00:00
user_b7c6d079802c,a24cut,Letterboxd — Your life in film,,https://letterboxd.com/a24cut/,264,,20,309,330,,This review may contain spoilers. I can handle the truth.,2026-05-26T03:38:30+00:00
user_c8458e01c0d3,abhiardeshana,Letterboxd — Your life in film,,https://letterboxd.com/abhiardeshana/,88,,,5,7,,Favorite films Don’t forget to select your favorite films !,2026-05-26T03:39:23+00:00
user_6ff46cb9a581,abipolomints,Letterboxd — Your life in film,,https://letterboxd.com/abipolomints/,137,,1,7,8,,Sometimes all a girl wants is Ranveer Singh wearing only red Playboy underwear and it's the best thing in the world,2026-05-26T03:40:22+00:00
user_651d92c20fe7,abnueve,Letterboxd — Your life in film,,https://letterboxd.com/abnueve/,535,,1,6,5,,Favorite films Don’t forget to select your favorite films !,2026-05-26T03:41:23+00:00
user_c5064eb8d152,abstractrhythm,Letterboxd — Your life in film,,https://letterboxd.com/abstractrhythm/,37,,,0,0,,Amanda Seyfried killed it,2026-05-26T03:42:18+00:00
user_9f51accba5e1,abstractviewer,Letterboxd — Your life in film,,https://letterboxd.com/abstractviewer/,105,,,0,0,,Favorite films Don’t forget to select your favorite films !,2026-05-26T03:43:15+00:00
user_d92fd0989161,aceeeeey_29,Letterboxd — Your life in film,,https://letterboxd.com/aceeeeey_29/,478,,,0,1,,Good cry...Needed that.,2026-05-26T03:44:13+00:00
user_8d81d34e911e,aceofhearts46,Letterboxd — Your life in film,,https://letterboxd.com/aceofhearts46/,21,,,0,1,,,2026-05-26T03:45:10+00:00
user_867c3b7835d5,acsmith0425,Letterboxd — Your life in film,,https://letterboxd.com/acsmith0425/,1264,,2,1,1,,Favorite films Don’t forget to select your favorite films !,2026-05-26T03:45:55+00:00
user_3c4ed3198ec3,acuted,Letterboxd — Your life in film,,https://letterboxd.com/acuted/,25,,,0,0,,Favorite films Don’t forget to select your favorite films !,2026-05-26T03:46:46+00:00
user_3bce5cf25cb7,adambb1,Letterboxd — Your life in film,,https://letterboxd.com/adambb1/,41,,,1,1,,Favorite films Don’t forget to select your favorite films !,2026-05-26T03:47:34+00:00
user_906f3fd5ec9b,addrsmith,Letterboxd — Your life in film,,https://letterboxd.com/addrsmith/,388,,,5,5,,"""The world went and got itself in a big damn hurry."" Oh, Brooks, I’d have stopped time for you 🫩🥺🐦‍⬛",2026-05-26T03:48:32+00:00
user_cd9c90c68a6a,adii123,Letterboxd — Your life in film,,https://letterboxd.com/adii123/,23,,,0,0,,Favorite films Don’t forget to select your favorite films !,2026-05-26T03:49:28+00:00
user_f3e4bbc9e05c,aegneous,Letterboxd — Your life in film,1,https://letterboxd.com/aegneous/,57,,,8,8,,,2026-05-26T03:50:30+00:00
user_03dc0f0a00cf,aelorian,Letterboxd — Your life in film,,https://letterboxd.com/aelorian/,85,,,2,2,,Favorite films Don’t forget to select your favorite films !,2026-05-26T03:51:14+00:00
user_30fb9bfb3649,aero16141,Letterboxd — Your life in film,,https://letterboxd.com/aero16141/,968,,,3,2,,,2026-05-26T03:52:05+00:00
user_a593aad6b6c1,afireinhannah,Letterboxd — Your life in film,,https://letterboxd.com/afireinhannah/,2,,,1,0,,ig: afireinhannah I like scary movies,2026-05-26T03:52:59+00:00
user_286f70802a82,ahmaddy_a,Letterboxd — Your life in film,,https://letterboxd.com/ahmaddy_a/,38,,,0,0,,Favorite films Don’t forget to select your favorite films !,2026-05-26T03:53:56+00:00
user_cd68fb8f4c09,ahobeans,Letterboxd — Your life in film,,https://letterboxd.com/ahobeans/,242,,,1,1,,,2026-05-26T03:54:43+00:00
user_c6bfe02c4e8c,aidanbuyak,Letterboxd — Your life in film,,https://letterboxd.com/aidanbuyak/,31,,,1,0,,Favorite films Don’t forget to select your favorite films !,2026-05-26T03:55:30+00:00
user_0e76eaa20fe6,aidansuddeth5,Letterboxd — Your life in film,,https://letterboxd.com/aidansuddeth5/,34,,,3,3,,Favorite films Don’t forget to select your favorite films !,2026-05-26T03:56:25+00:00
user_26bac54d4991,aifryerlover,Letterboxd — Your life in film,,https://letterboxd.com/aifryerlover/,91,,,1,1,,Favorite films Don’t forget to select your favorite films !,2026-05-26T03:57:24+00:00
user_0563a6418bd3,akastoneheart,Letterboxd — Your life in film,,https://letterboxd.com/akastoneheart/,36,,,0,0,,Favorite films Don’t forget to select your favorite films !,2026-05-26T03:58:15+00:00
user_fe0b4ff70b10,akuyi,Letterboxd — Your life in film,,https://letterboxd.com/akuyi/,136,,,4,3,,The Departed is basically two grown ass men lying professionally for 2.5 hours.,2026-05-26T03:59:12+00:00
user_252ff7ad2b91,alan_esaul,Letterboxd — Your life in film,,https://letterboxd.com/alan_esaul/,54,,,5,4,,Favorite films Don’t forget to select your favorite films !,2026-05-26T04:00:09+00:00
user_996a9fd86a99,alazsolm,Letterboxd — Your life in film,,https://letterboxd.com/alazsolm/,68,,1,4,4,,Favorite films Don’t forget to select your favorite films !,2026-05-26T04:00:59+00:00
user_66cf1ded3417,aleisdelgado,Letterboxd — Your life in film,1,https://letterboxd.com/aleisdelgado/,75,,,10,11,,,2026-05-26T04:02:02+00:00
user_5df539013ce9,aleksandra_film,Letterboxd — Your life in film,,https://letterboxd.com/aleksandra_film/,116,,,0,0,,Favorite films Don’t forget to select your favorite films !,2026-05-26T04:03:02+00:00
user_4635193211e2,aleksiku,Letterboxd — Your life in film,,https://letterboxd.com/aleksiku/,1341,,,4,5,,Favorite films Don’t forget to select your favorite films !,2026-05-26T04:03:58+00:00
user_cbca9e1d0410,alessandro0404,Letterboxd — Your life in film,,https://letterboxd.com/alessandro0404/,57,,,0,0,,Favorite films Don’t forget to select your favorite films !,2026-05-26T04:04:45+00:00
user_c50bc675fb55,alex7712,Letterboxd — Your life in film,,https://letterboxd.com/alex7712/,15,,,3,3,,Favorite films Don’t forget to select your favorite films !,2026-05-26T04:05:39+00:00
user_184f1df989ee,alexandria24,Letterboxd — Your life in film,,https://letterboxd.com/alexandria24/,122,,,0,0,,Favorite films Don’t forget to select your favorite films !,2026-05-26T04:06:29+00:00
user_49e535fa42f6,alexandro_cet,Letterboxd — Your life in film,,https://letterboxd.com/alexandro_cet/,585,,,0,0,,"A great film about the band The Stooges with Iggy Pop, directed by Jim Jarmusch",2026-05-26T04:07:35+00:00
user_91afc6b05383,alexperzl,Letterboxd — Your life in film,,https://letterboxd.com/alexperzl/,110,,,10,7,,Favorite films Don’t forget to select your favorite films !,2026-05-26T04:08:33+00:00
user_e985331fae64,alexrdu,Letterboxd — Your life in film,1,https://letterboxd.com/alexrdu/,265,,,10,7,,"Super schöner Film, alle Schauspieler unglaublich, bin emotional aber nicht so ganz reingekommen. Könnte gefühlt einer der „perfekten“ Filme sein. Muss ihn vielleicht nochmal gucken",2026-05-26T04:09:33+00:00
user_22dce111a9b9,aliasa,Letterboxd — Your life in film,,https://letterboxd.com/aliasa/,11,,,0,0,,Favorite films Don’t forget to select your favorite films !,2026-05-26T04:10:18+00:00
user_7453a124ca72,aliceholme,Letterboxd — Your life in film,,https://letterboxd.com/aliceholme/,205,,4,0,2,,"I loved the narration alongside the cinematography, The Grand Budapest Hotel’s charm lies in its wit. I adore Wes Anderson’s ability to create a film that could be paused randomly, and that shot printed and framed without question.",2026-05-26T04:11:15+00:00
user_b95fedcba75d,alirosea,Letterboxd — Your life in film,,https://letterboxd.com/alirosea/,40,,,1,1,,Favorite films Don’t forget to select your favorite films !,2026-05-26T04:12:14+00:00
user_83e543569fd1,alistairyu,Letterboxd — Your life in film,,https://letterboxd.com/alistairyu/,371,,2,224,224,,,2026-05-26T04:14:17+00:00
user_2b3c6226d8f9,alixxia,Letterboxd — Your life in film,,https://letterboxd.com/alixxia/,172,,,19,13,,,2026-05-26T04:15:18+00:00
user_f77772370939,allie_nn,Letterboxd — Your life in film,,https://letterboxd.com/allie_nn/,882,,,2,3,,"33, cat mom 🐈🐈‍⬛, collecting memories 📸📽️🎞️",2026-05-26T04:16:25+00:00
user_16b4b57e54c9,allisonmango,Letterboxd — Your life in film,,https://letterboxd.com/allisonmango/,475,,4,9,7,,perfect I think it’s perfect. I’ll have more to say later,2026-05-26T04:17:28+00:00
user_8db75cb8ac62,alonso2880,Letterboxd — Your life in film,,https://letterboxd.com/alonso2880/,23,,1,3,2,,Although it was strange the first time I saw it now I can see how this film reflects the chaotic mind and live of a teenager who's life has changed drastically. The anger and sadness were very well reflected,2026-05-26T04:18:26+00:00
user_ebfec8862853,aloz_22,Letterboxd — Your life in film,,https://letterboxd.com/aloz_22/,7,,,1,3,,Favorite films Don’t forget to select your favorite films !,2026-05-26T04:19:22+00:00
user_6a6588886004,alsalat,Letterboxd — Your life in film,,https://letterboxd.com/alsalat/,64,,,1,0,,Favorite films Don’t forget to select your favorite films !,2026-05-26T04:20:12+00:00
user_cbf907b338f8,amal09,Letterboxd — Your life in film,,https://letterboxd.com/amal09/,58,,,1,0,,,2026-05-26T04:21:11+00:00
user_4344b9bc0f28,amaryscas,Letterboxd — Your life in film,,https://letterboxd.com/amaryscas/,46,,,0,0,,,2026-05-26T04:22:09+00:00
user_1cd7e693a1bc,amayap7,Letterboxd — Your life in film,,https://letterboxd.com/amayap7/,482,,,32,10,,👁️👁️👁️👁️👁️👁️👁️👁️👁️,2026-05-26T04:23:16+00:00
user_d879a132e8f0,ambredt,Letterboxd — Your life in film,,https://letterboxd.com/ambredt/,38,,,1,1,,Favorite films Don’t forget to select your favorite films !,2026-05-26T04:24:00+00:00
user_4731590a449c,amievenrealyola,Letterboxd — Your life in film,,https://letterboxd.com/amievenrealyola/,236,,1,0,2,,,2026-05-26T04:25:02+00:00
user_880e8f09d900,aminqureshi9000,Letterboxd — Your life in film,,https://letterboxd.com/aminqureshi9000/,3,,,1,0,,Favorite films Don’t forget to select your favorite films !,2026-05-26T04:25:47+00:00
user_2d26ff908199,and3rp3rry,Letterboxd — Your life in film,,https://letterboxd.com/and3rp3rry/,46,,,0,0,,Dear Thomas,2026-05-26T04:26:47+00:00
user_ca1fb85c96f9,andarooly,Letterboxd — Your life in film,,https://letterboxd.com/andarooly/,396,,1,5,2,,"""Say what burdens your heart"" If only yearning could be so simple, yet we retreat into our art, our passions, and our expressive side. For the hope of somehow reclaiming the thing that we can never have again.",2026-05-26T04:27:56+00:00
user_5d05271ed740,andreah_r,Letterboxd — Your life in film,,https://letterboxd.com/andreah_r/,65,,,1,3,,Favorite films Don’t forget to select your favorite films !,2026-05-26T04:28:56+00:00
user_0941361c8d3a,andreallvs,Letterboxd — Your life in film,,https://letterboxd.com/andreallvs/,287,,,2,1,,,2026-05-26T04:29:41+00:00
user_f83ca9633ce9,andreinapires,Letterboxd — Your life in film,,https://letterboxd.com/andreinapires/,5,,1,1,0,,Favorite films Don’t forget to select your favorite films !,2026-05-26T04:30:38+00:00
user_25f98b472534,andrzjj,Letterboxd — Your life in film,,https://letterboxd.com/andrzjj/,126,,,0,0,,Favorite films Don’t forget to select your favorite films !,2026-05-26T04:31:33+00:00
user_7e08627c5b38,angelpuncher,Letterboxd — Your life in film,,https://letterboxd.com/angelpuncher/,115,,,0,0,,,2026-05-26T04:32:30+00:00
user_65bd22afd34a,angieluciia,Letterboxd — Your life in film,,https://letterboxd.com/angieluciia/,77,,,0,0,,Favorite films Don’t forget to select your favorite films !,2026-05-26T04:33:16+00:00
user_3c4195818153,annabelvuong,Letterboxd — Your life in film,,https://letterboxd.com/annabelvuong/,184,,,1,1,,Favorite films Don’t forget to select your favorite films !,2026-05-26T04:34:07+00:00
user_051620434f13,annakatariinas,Letterboxd — Your life in film,,https://letterboxd.com/annakatariinas/,334,,,7,0,,Favorite films Don’t forget to select your favorite films !,2026-05-26T04:35:00+00:00
user_2c9c41c5da50,anneyurei,Letterboxd — Your life in film,,https://letterboxd.com/anneyurei/,15,,,0,0,,Favorite films Don’t forget to select your favorite films !,2026-05-26T04:35:46+00:00
user_14ed0b50d722,annieskim_,Letterboxd — Your life in film,,https://letterboxd.com/annieskim_/,1285,,7,29,24,,i’m just a girl,2026-05-26T04:36:57+00:00
user_5d849ac4d48f,annisadr1,Letterboxd — Your life in film,,https://letterboxd.com/annisadr1/,910,,,0,0,,Favorite films Don’t forget to select your favorite films !,2026-05-26T04:37:46+00:00
user_33fa0de1e4ec,anokh_,Letterboxd — Your life in film,,https://letterboxd.com/anokh_/,91,,,1,1,,,2026-05-26T04:38:34+00:00
user_8f617855262a,anomaliiii,Letterboxd — Your life in film,,https://letterboxd.com/anomaliiii/,17,,,0,1,,Favorite films Don’t forget to select your favorite films !,2026-05-26T04:39:27+00:00
user_130d96f932ba,anshiiiill,Letterboxd — Your life in film,,https://letterboxd.com/anshiiiill/,405,,,0,0,,Favorite films Don’t forget to select your favorite films !,2026-05-26T04:40:15+00:00
user_54c024d9dd38,ant1996,Letterboxd — Your life in film,,https://letterboxd.com/ant1996/,22,,,0,0,,Favorite films Don’t forget to select your favorite films !,2026-05-26T04:41:07+00:00
user_117a86409b5f,anthony_mejia,Letterboxd — Your life in film,,https://letterboxd.com/anthony_mejia/,556,,,8,7,,Rushed through letterboxd ratings; now I’m fixing them,2026-05-26T04:41:56+00:00
user_e9d444ecb51b,antitoool,Letterboxd — Your life in film,,https://letterboxd.com/antitoool/,4,,,0,0,,Favorite films Don’t forget to select your favorite films !,2026-05-26T04:42:47+00:00
user_9df83c6d4db6,apoooloonia,Letterboxd — Your life in film,,https://letterboxd.com/apoooloonia/,127,,,2,2,,Favorite films Don’t forget to select your favorite films !,2026-05-26T04:43:28+00:00
user_b5986523b7b4,apunkany,Letterboxd — Your life in film,,https://letterboxd.com/apunkany/,270,,,8,8,,"""Sem a morte estaríamos perdidos. É a perspectiva da morte que nos leva à grandeza."" - Hannibal Lecter",2026-05-26T04:44:29+00:00
user_e441f6fdf376,ariaaa16,Letterboxd — Your life in film,,https://letterboxd.com/ariaaa16/,647,,,18,4,,"Il n’y a pas de bonnes ou de mauvaises situations, mais il y a assurément de mauvais films. 🎬🎞️",2026-05-26T04:45:40+00:00
user_2feb328d9239,ariaajade,Letterboxd — Your life in film,,https://letterboxd.com/ariaajade/,150,,,4,4,,This review may contain spoilers. I can handle the truth.,2026-05-26T04:46:29+00:00
user_ffba93c6d018,arisunset,Letterboxd — Your life in film,,https://letterboxd.com/arisunset/,43,,,0,0,,,2026-05-26T04:47:16+00:00
user_cc9f6eb12565,armeniaa10,Letterboxd — Your life in film,,https://letterboxd.com/armeniaa10/,33,,,2,2,,Absolute marterpiece,2026-05-26T04:48:11+00:00
user_46e5e8f5cd19,arnobrunelle,Letterboxd — Your life in film,,https://letterboxd.com/arnobrunelle/,190,,,0,0,,Favorite films Don’t forget to select your favorite films !,2026-05-26T04:50:55+00:00
user_d12a63d01a5f,artemisapollon,Letterboxd — Your life in film,,https://letterboxd.com/artemisapollon/,95,,,1,1,,It’s not as good as the first </3 Matrix amount: 9/10 plenty of matrix Narrative: 5/10 it’s ok but the direction suffers compared to matrix 1. Why is the first half so sexual Action: 8/10 nice fight scenes. Agent smith Special effects: 3/10 the cgi was giving budget cuts. Green cgi neo & trinity at the end is something to think about Dialogue: 8/10 pretty good I like what agent smith has to say Keymaker: 10/10 :),2026-05-26T04:51:50+00:00
user_b287412f9e58,arthfaels,Letterboxd — Your life in film,,https://letterboxd.com/arthfaels/,49,,,3,3,,This was very satisfying to watch.,2026-05-26T04:52:47+00:00
user_8720361aa779,asadacolada,Letterboxd — Your life in film,,https://letterboxd.com/asadacolada/,123,,,0,0,,Favorite films Don’t forget to select your favorite films !,2026-05-26T04:53:45+00:00
user_ea427cfc86a6,ascendingsoup,Letterboxd — Your life in film,1,https://letterboxd.com/ascendingsoup/,29,,,3,3,,"Check it out, I'm in the house like carpet.",2026-05-26T04:54:41+00:00
user_ee9abd650403,ashh666,Letterboxd — Your life in film,,https://letterboxd.com/ashh666/,32,,,0,0,,why do nice people choose the wrong people to date?,2026-05-26T04:55:32+00:00
user_d3c5f2a4ce1d,ashleyoku,Letterboxd — Your life in film,,https://letterboxd.com/ashleyoku/,453,,,3,3,,,2026-05-26T04:56:35+00:00
user_4dda2c1b0a48,ashsparrow,Letterboxd — Your life in film,1,https://letterboxd.com/ashsparrow/,306,,10,56,56,,every movie i’ve watched since march 2022 ckxu.com at 7pm mst every monday if you want to hear me yap about my movie opinions,2026-05-26T04:57:45+00:00
user_f53aa139e818,ashtondevan,Letterboxd — Your life in film,,https://letterboxd.com/ashtondevan/,12,,,4,2,,Favorite films Don’t forget to select your favorite films !,2026-05-26T04:58:40+00:00
user_7bfcce2a70fc,aspiringhoodrat,Letterboxd — Your life in film,,https://letterboxd.com/aspiringhoodrat/,409,,,3,4,,the dude abides,2026-05-26T04:59:38+00:00
user_4b6058b9061d,asprokii,Letterboxd — Your life in film,,https://letterboxd.com/asprokii/,31,,,7,7,,"Mr. ferpect, there are many things I learned in this movie.",2026-05-26T05:00:35+00:00
user_b8a1375f85fe,asthmapump,Letterboxd — Your life in film,,https://letterboxd.com/asthmapump/,152,,,1,1,,if it's entertaining that's enough for me,2026-05-26T05:04:28+00:00
user_20618dfb4e2f,astriiddddd,Letterboxd — Your life in film,,https://letterboxd.com/astriiddddd/,102,,,0,0,,Favorite films Don’t forget to select your favorite films !,2026-05-26T05:07:12+00:00
user_8123660de28a,astron,Letterboxd — Your life in film,,https://letterboxd.com/astron/,248,,,2,3,,,2026-05-26T05:08:11+00:00
user_e70216f01761,astron6hardfan,Letterboxd — Your life in film,1,https://letterboxd.com/astron6hardfan/,212,,,12,16,,"надеюсь, олег тиньков не такой мудак",2026-05-26T05:09:12+00:00
user_f87c0b880adc,atchey,Letterboxd — Your life in film,2,https://letterboxd.com/atchey/,850,,10,58,65,,Big fan of a (well executed) courtroom drama. Not surprised to see this won best original screenplay. French Skyler Gisando doppelgänger should have gotten a nom too. Le petit garçon était incroyable.,2026-05-26T05:10:13+00:00
user_350908b2e897,ateenagerinlove,Letterboxd — Your life in film,,https://letterboxd.com/ateenagerinlove/,80,,,0,0,,It's Been A Long Time Since We've Spoken,2026-05-26T05:11:03+00:00
user_348dabe82ce5,aubingo,Letterboxd — Your life in film,,https://letterboxd.com/aubingo/,198,,1,26,11,,"I think it’s an excellent war work; its animation is magnificent, the battles are all exceptional (except for some space battle scenes), as well as the introductions of the characters and war scenes. However, I find that this is a bad Star Wars; the prequel, for me, is mainly there to talk about the fact that no one can be perfect and that, at the core, our emotions drive us all a little. Here, the Jedi are perfect, Anakin is…",2026-05-26T05:12:11+00:00
user_6fafade739ef,audreh,Letterboxd — Your life in film,,https://letterboxd.com/audreh/,855,,,43,25,,Someone please gift me patron and I will thank you forever,2026-05-26T05:13:14+00:00
user_680f839373cd,audreyyy02,Letterboxd — Your life in film,,https://letterboxd.com/audreyyy02/,116,,,3,3,,Favorite films Don’t forget to select your favorite films !,2026-05-26T05:14:07+00:00
user_788fba17f499,auvvnie,Letterboxd — Your life in film,,https://letterboxd.com/auvvnie/,133,,3,1,1,,film tiktok : @se.bentar,2026-05-26T05:15:03+00:00
user_ee3a9119064f,ava_phel22,Letterboxd — Your life in film,,https://letterboxd.com/ava_phel22/,3,,4,0,0,,"My reviews are mostly subjective , so please take what i say with a grain of salt",2026-05-26T05:15:59+00:00
user_d485b701dccc,avahsohi,Letterboxd — Your life in film,,https://letterboxd.com/avahsohi/,28,,,3,3,,Favorite films Don’t forget to select your favorite films !,2026-05-26T05:16:50+00:00
user_68c83df756de,avostrike,Letterboxd — Your life in film,,https://letterboxd.com/avostrike/,390,,1,1,1,,Favorite films Don’t forget to select your favorite films !,2026-05-26T05:17:38+00:00
user_31996c59402f,aw1008,Letterboxd — Your life in film,,https://letterboxd.com/aw1008/,11,,,0,0,,Favorite films Don’t forget to select your favorite films !,2026-05-26T05:18:27+00:00
user_c5d07743ef45,awhtoast,Letterboxd — Your life in film,2,https://letterboxd.com/awhtoast/,678,,3,21,18,,all i do is watch movies and obsess over them,2026-05-26T05:19:26+00:00
user_ad685ec775cf,awino,Letterboxd — Your life in film,,https://letterboxd.com/awino/,168,,,4,5,,,2026-05-26T05:20:24+00:00
user_9c13761b4140,ayesab,Letterboxd — Your life in film,,https://letterboxd.com/ayesab/,5,,,1,1,,Favorite films Don’t forget to select your favorite films !,2026-05-26T05:21:18+00:00
user_44a3b1ce206e,azraa99,Letterboxd — Your life in film,,https://letterboxd.com/azraa99/,93,,,0,0,,,2026-05-26T05:22:08+00:00
user_57fd84d2b665,b3kugh,Letterboxd — Your life in film,,https://letterboxd.com/b3kugh/,113,,,3,2,,"meesa trying so hard to get into star wars, okeydey?",2026-05-26T05:23:06+00:00
user_613719db02c6,b_rizzle2412,Letterboxd — Your life in film,1,https://letterboxd.com/b_rizzle2412/,99,,,1,1,,Favorite films Don’t forget to select your favorite films !,2026-05-26T05:24:06+00:00
user_92cbadff7421,babaganou5h,Letterboxd — Your life in film,,https://letterboxd.com/babaganou5h/,87,,,0,0,,Favorite films Don’t forget to select your favorite films !,2026-05-26T05:24:59+00:00
user_6c0ec61be504,baddiebear,Letterboxd — Your life in film,,https://letterboxd.com/baddiebear/,107,,,0,0,,Favorite films Don’t forget to select your favorite films !,2026-05-26T05:25:46+00:00
user_2f92e1a762ca,bakix,Letterboxd — Your life in film,,https://letterboxd.com/bakix/,6,,,0,0,,Favorite films Don’t forget to select your favorite films !,2026-05-26T05:26:34+00:00
user_225748ccca08,bakugo_06,Letterboxd — Your life in film,,https://letterboxd.com/bakugo_06/,17,,1,0,0,,Favorite films Don’t forget to select your favorite films !,2026-05-26T05:27:26+00:00
user_274a9e72fd36,balaric,Letterboxd — Your life in film,2,https://letterboxd.com/balaric/,983,,10,15,7,,J'ai la main un peu lourde sur les notes,2026-05-26T05:28:28+00:00
user_957fad1599a8,bambi757,Letterboxd — Your life in film,,https://letterboxd.com/bambi757/,199,,2,3,2,,j’ai rien compris,2026-05-26T05:29:29+00:00
user_54f3bc0b4743,banana_ben007,Letterboxd — Your life in film,,https://letterboxd.com/banana_ben007/,12,,36,5,3,,,2026-05-26T05:30:21+00:00
user_7aaee3a0dd5d,banananam,Letterboxd — Your life in film,,https://letterboxd.com/banananam/,233,,,9,10,,“Growing up is not like in the movies where you have a realization and your life changes. In life you have a realization and your life changes a month or so later” Teared up a bit at that Gene Hackman Meryl Streep father daughter moment near the end of the movie 🥽,2026-05-26T05:31:20+00:00
user_b9ecf2e76e84,bananyaa,Letterboxd — Your life in film,,https://letterboxd.com/bananyaa/,522,,2,8,6,,the world of love wants no monsters in it,2026-05-26T05:32:28+00:00
user_cce78aedce2f,batuhan2335,Letterboxd — Your life in film,,https://letterboxd.com/batuhan2335/,83,,,0,0,,Favorite films Don’t forget to select your favorite films !,2026-05-26T05:33:27+00:00
user_1238aca6c772,batuzg,Letterboxd — Your life in film,,https://letterboxd.com/batuzg/,3,,,0,0,,Favorite films Don’t forget to select your favorite films !,2026-05-26T05:34:13+00:00
user_084a7aa38dad,bazinga41,Letterboxd — Your life in film,1,https://letterboxd.com/bazinga41/,567,,1,18,14,,and they were roommates!! they’re both insufferable bro also 😭 Megan what r u doing here??,2026-05-26T05:35:22+00:00
user_be101b167058,bdoug008,Letterboxd — Your life in film,,https://letterboxd.com/bdoug008/,9,,,0,1,,,2026-05-26T05:36:10+00:00
user_9344aa9f4878,bear_nardy,Letterboxd — Your life in film,,https://letterboxd.com/bear_nardy/,626,,3,57,42,,Questo è il mio secondo mestiere (o forse no),2026-05-26T05:37:13+00:00
user_0cf4843bfe64,bebekuning,Letterboxd — Your life in film,,https://letterboxd.com/bebekuning/,44,,,80,80,,the main actor is so fine it's hard for me to focus,2026-05-26T05:38:12+00:00
user_50185622895d,notsoinnocent,Letterboxd — Your life in film,,https://letterboxd.com/notsoinnocent/,77,,,0,0,,,2026-05-26T05:44:24+00:00
user_21646b64784a,bella_332457jjj,Letterboxd — Your life in film,,https://letterboxd.com/bella_332457jjj/,1,,,0,0,,Favorite films Don’t forget to select your favorite films !,2026-05-26T05:45:17+00:00
user_6820fbc2650c,bellankovic,Letterboxd — Your life in film,,https://letterboxd.com/bellankovic/,138,,,2,2,,Favorite films Don’t forget to select your favorite films !,2026-05-26T05:45:59+00:00
user_523e4c82e278,benheath101,Letterboxd — Your life in film,,https://letterboxd.com/benheath101/,60,,,9,18,,All-time stats,2026-05-26T05:46:51+00:00
user_09c5010df531,benroa,Letterboxd — Your life in film,,https://letterboxd.com/benroa/,48,,,2,2,,Favorite films Don’t forget to select your favorite films !,2026-05-26T05:47:38+00:00
user_8dd7345fc0e2,berkay07,Letterboxd — Your life in film,,https://letterboxd.com/berkay07/,251,,,1,1,,"If you're not looking for anything serious and just want to relax for a few hours, this is the movie.",2026-05-26T05:48:37+00:00
user_b2f57f3d44a9,berke_akbulut,Letterboxd — Your life in film,,https://letterboxd.com/berke_akbulut/,335,,,0,0,,Favorite films Don’t forget to select your favorite films !,2026-05-26T05:49:33+00:00
user_0848e948c9a2,beta865,Letterboxd — Your life in film,,https://letterboxd.com/beta865/,244,,,13,4,,Just a guy chilling and vibing.,2026-05-26T05:50:30+00:00
user_6126877fbaa4,bettyblo,Letterboxd — Your life in film,,https://letterboxd.com/bettyblo/,253,,1,2,2,,"it’s so bad, that it’s so good. truly a movie of its time",2026-05-26T05:52:25+00:00
user_9e232a8a7d47,bigbobert,Letterboxd — Your life in film,,https://letterboxd.com/bigbobert/,13,,,0,1,,Favorite films Don’t forget to select your favorite films !,2026-05-26T05:53:19+00:00
user_9f5aaa182527,bignoosh,Letterboxd — Your life in film,1,https://letterboxd.com/bignoosh/,384,,,4,4,,My friend Jikitiz invited me here,2026-05-26T05:54:12+00:00
user_bd551ae9081d,binbbie,Letterboxd — Your life in film,,https://letterboxd.com/binbbie/,15,,1,0,0,,هلا والله مستجده جيت اقيم الافلام الي شفتها بس خلوني اتذكرها👌🏿,2026-05-26T05:55:08+00:00
user_b7e9b585e97f,binouzier,Letterboxd — Your life in film,,https://letterboxd.com/binouzier/,99,,,7,2,,Favorite films Don’t forget to select your favorite films !,2026-05-26T05:56:04+00:00
user_323f37f33ebe,biondo0,Letterboxd — Your life in film,,https://letterboxd.com/biondo0/,194,,,5,5,,"ubi tu, ibi ego",2026-05-26T05:57:02+00:00
user_ab86edfe1204,bippityboopy,Letterboxd — Your life in film,,https://letterboxd.com/bippityboopy/,353,,,8,6,,Loves a western,2026-05-26T05:57:50+00:00
user_940e8df88db5,birbles,Letterboxd — Your life in film,,https://letterboxd.com/birbles/,69,,,7,3,,,2026-05-26T05:58:47+00:00
user_d0aa54e886c2,blackmonk2,Letterboxd — Your life in film,2,https://letterboxd.com/blackmonk2/,391,,3,7,6,,Barely 3. Barely,2026-05-26T05:59:49+00:00
user_6e4022b52b4e,blaze_70,Letterboxd — Your life in film,,https://letterboxd.com/blaze_70/,110,,,5,4,,Favorite films Don’t forget to select your favorite films !,2026-05-26T06:00:49+00:00
user_344bbba6d343,blluo,Letterboxd — Your life in film,,https://letterboxd.com/blluo/,179,,,5,3,,Favorite films Don’t forget to select your favorite films !,2026-05-26T06:01:40+00:00
user_377d8b27b281,bloody_cape,Letterboxd — Your life in film,,https://letterboxd.com/bloody_cape/,108,,1,0,0,,Favorite films Don’t forget to select your favorite films !,2026-05-26T06:02:35+00:00
user_49af3ebb09fb,bloodybodyiiy,Letterboxd — Your life in film,,https://letterboxd.com/bloodybodyiiy/,84,,1,18,10,,¡Hasta vencer o morir!,2026-05-26T06:03:37+00:00
user_f5b804b1e14a,bloona4333,Letterboxd — Your life in film,2,https://letterboxd.com/bloona4333/,867,,5,13,14,,i really like watching things,2026-05-26T06:04:38+00:00
user_9ec27300b952,blueninja747,Letterboxd — Your life in film,,https://letterboxd.com/blueninja747/,275,,,0,1,,Favorite films Don’t forget to select your favorite films !,2026-05-26T06:05:21+00:00
user_add5eada8290,bndomn,Letterboxd — Your life in film,3,https://letterboxd.com/bndomn/,242,,4,35,30,,John Doe needed twitter,2026-05-26T06:06:27+00:00
user_5650756fb002,boldheart,Letterboxd — Your life in film,,https://letterboxd.com/boldheart/,1156,,,0,1,,Entertaining… but messy writing.,2026-05-26T06:07:40+00:00
user_53393131ee4f,bomboniiitoni,Letterboxd — Your life in film,,https://letterboxd.com/bomboniiitoni/,30,,,2,2,,Favorite films Don’t forget to select your favorite films !,2026-05-26T06:08:38+00:00
user_8f1abad91bf2,boofjr,Letterboxd — Your life in film,,https://letterboxd.com/boofjr/,756,,,0,1,,i watch a lot of bad cartoons and a few good ones,2026-05-26T06:09:47+00:00
user_10ca04f62fdf,bradenwalkerr12,Letterboxd — Your life in film,,https://letterboxd.com/bradenwalkerr12/,77,,,3,3,,,2026-05-26T06:12:09+00:00
user_4d234ffb6865,brandonr18,Letterboxd — Your life in film,,https://letterboxd.com/brandonr18/,32,,,0,0,,Favorite films Don’t forget to select your favorite films !,2026-05-26T06:12:58+00:00
user_83ccbff5b6d1,brelex,Letterboxd — Your life in film,,https://letterboxd.com/brelex/,160,,2,27,27,,The Dark Knight (05/25/2026) Acting: 9.5/10 Soundtrack: 7.5/10 Filmography: 8/10 Pace: 7/10 Plot: 9/10 Total: 41/50,2026-05-26T06:13:59+00:00
user_ad10e2641344,brianh94,Letterboxd — Your life in film,,https://letterboxd.com/brianh94/,87,,,0,0,,Favorite films Don’t forget to select your favorite films !,2026-05-26T06:14:52+00:00
user_4b90b59633a4,briellau,Letterboxd — Your life in film,,https://letterboxd.com/briellau/,8,,,0,0,,Favorite films Don’t forget to select your favorite films !,2026-05-26T06:15:48+00:00
user_9b1d3fdf6b66,britsorange,Letterboxd — Your life in film,,https://letterboxd.com/britsorange/,28,,,0,0,,Favorite films Don’t forget to select your favorite films !,2026-05-26T06:16:34+00:00
user_06806c586fdd,brunnodblin,Letterboxd — Your life in film,,https://letterboxd.com/brunnodblin/,84,,,2,4,,Ig wcbruno_,2026-05-26T06:17:31+00:00
user_562cc058555d,brunowance,Letterboxd — Your life in film,1,https://letterboxd.com/brunowance/,287,,,15,12,,Mim dê papai,2026-05-26T06:18:42+00:00
user_2489a95900cb,bryansoltis,Letterboxd — Your life in film,,https://letterboxd.com/bryansoltis/,35,,,0,0,,Favorite films Don’t forget to select your favorite films !,2026-05-26T06:19:40+00:00
user_bb766a9c2c68,bryanzone,Letterboxd — Your life in film,,https://letterboxd.com/bryanzone/,788,,3,16,4,,"No hay nada que decir, perfección",2026-05-26T06:20:53+00:00
user_06a8b050fffe,bwahboom,Letterboxd — Your life in film,,https://letterboxd.com/bwahboom/,221,,,2,2,,"Despite the fact that the film is quite old , I think this is the good one and very relevant even nowadays. Watching this movie, at times you become so immersed in the atmosphere that it feels like youre actually living the main characters life. Insane vibe.",2026-05-26T06:21:51+00:00
user_ad9bfa7152aa,cadamsbeyea,Letterboxd — Your life in film,,https://letterboxd.com/cadamsbeyea/,5,,,0,0,,Favorite films Don’t forget to select your favorite films !,2026-05-26T06:22:41+00:00
user_8105d7e15566,cadet_roger,Letterboxd — Your life in film,,https://letterboxd.com/cadet_roger/,161,,,1,2,,Favorite films Don’t forget to select your favorite films !,2026-05-26T06:23:37+00:00
user_9ac7bd1ed3b3,calgo,Letterboxd — Your life in film,,https://letterboxd.com/calgo/,357,,,3,2,,Favorite films Don’t forget to select your favorite films !,2026-05-26T06:24:27+00:00
user_2c5691f361b9,callenreesew,Letterboxd — Your life in film,,https://letterboxd.com/callenreesew/,166,,,0,0,,Is it better to speak or to die?,2026-05-26T06:25:22+00:00
user_ac07bc20fed0,camororo,Letterboxd — Your life in film,,https://letterboxd.com/camororo/,690,,,73,27,,La virgen de aguacatala,2026-05-26T06:26:22+00:00
user_5ddde615fc1f,candelagarciadc,Letterboxd — Your life in film,1,https://letterboxd.com/candelagarciadc/,21,,,2,2,,Críticas constructivas señores poner pa series porf,2026-05-26T06:27:21+00:00
user_aab5c1c8e4d0,cannibaii,Letterboxd — Your life in film,1,https://letterboxd.com/cannibaii/,32,,2,1,1,,"“If he dies, all that is life to me will die with him” oh my god.",2026-05-26T06:28:20+00:00
user_a793e5e45e7d,cardeesha,Letterboxd — Your life in film,,https://letterboxd.com/cardeesha/,287,,2,43,45,,let whoever think whatever,2026-05-26T06:29:33+00:00
user_bfe45a9be599,caroline_k07,Letterboxd — Your life in film,,https://letterboxd.com/caroline_k07/,933,,,9,7,,Another day of me forcing everyone I know to go see this movie,2026-05-26T06:30:36+00:00
user_acea4708430c,carr0tt,Letterboxd — Your life in film,,https://letterboxd.com/carr0tt/,215,,2,25,30,,The ending was even worse than the rest of the movie and that’s impressive,2026-05-26T06:31:47+00:00
user_fa2ba61d5aed,carterthage,Letterboxd — Your life in film,,https://letterboxd.com/carterthage/,17,,,0,0,,,2026-05-26T06:33:35+00:00
