movieId,title,genres,year
1,10 Cloverfield Lane (2016),(no genres listed),2016
2,10 Things I Hate About You (1999),(no genres listed),1999
3,100 Liters of Gold (2024),(no genres listed),2024
4,100 METERS (2025),(no genres listed),2025
5,10DANCE (2025),(no genres listed),2025
6,11.22.63 (2016),(no genres listed),2016
7,12 Angry Men (1957),(no genres listed),1957
8,12 Years a Slave (2013),(no genres listed),2013
9,120 Bahadur (2025),(no genres listed),2025
10,"13 Days, 13 Nights (2025)",(no genres listed),2025
11,13: Game of Death (2006),(no genres listed),2006
12,13 Going on 30 (2004),(no genres listed),2004
13,1408 (2007),(no genres listed),2007
14,180 (2026),(no genres listed),2026
15,18th Rose (2026),(no genres listed),2026
16,18x2 Beyond Youthful Days (2024),(no genres listed),2024
17,1917 (2019),(no genres listed),2019
18,1922 (2017),(no genres listed),2017
19,1987: When the Day Comes (2017),(no genres listed),2017
20,1UP (2022),(no genres listed),2022
21,2 Fast 2 Furious (2003),(no genres listed),2003
22,2001: A Space Odyssey (1968),(no genres listed),1968
23,2012 (2009),(no genres listed),2009
24,2046 (2004),(no genres listed),2004
25,20th Century Girl (2022),(no genres listed),2022
26,21 (2008),(no genres listed),2008
27,21 Jump Street (2012),(no genres listed),2012
28,21 & Over (2013),(no genres listed),2013
29,22 Jump Street (2014),(no genres listed),2014
30,27 Dresses (2008),(no genres listed),2008
31,28 Days Later (2002),(no genres listed),2002
32,28 Weeks Later (2007),(no genres listed),2007
33,28 Years Later (2025),(no genres listed),2025
34,28 Years Later: The Bone Temple (2026),(no genres listed),2026
35,2Kawaii4Comfort (2017),(no genres listed),2017
36,3 Idiots (2009),(no genres listed),2009
37,300 (2006),(no genres listed),2006
38,3096 Days (2013),(no genres listed),2013
39,31 (2016),(no genres listed),2016
40,3:10 to Yuma (2007),(no genres listed),2007
41,32nd of December (1988),(no genres listed),1988
42,365 Days (2020),(no genres listed),2020
43,365 Days: This Day (2022),(no genres listed),2022
44,5 Centimeters per Second (2007),(no genres listed),2007
45,5 Reasons Why (2018),(no genres listed),2018
46,50 First Dates (2004),(no genres listed),2004
47,(500) Days of Summer (2009),(no genres listed),2009
48,5lbs of Pressure (2024),(no genres listed),2024
49,6 Underground (2019),(no genres listed),2019
50,7 Prisoners (2021),(no genres listed),2021
51,8½ (1963),(no genres listed),1963
52,8 Mile (2002),(no genres listed),2002
53,8 Things (2022),(no genres listed),2022
54,86 EIGHTY-SIX (2021),(no genres listed),2021
55,A Bad Moms Christmas (2017),(no genres listed),2017
56,A Better Tomorrow (2018),(no genres listed),2018
57,A Big Bold Beautiful Journey (2025),(no genres listed),2025
58,A Breeze of Love (2023),(no genres listed),2023
59,A Bronx Tale (1993),(no genres listed),1993
60,A Christmas Prince (2017),(no genres listed),2017
61,A Christmas Prince: The Royal Baby (2019),(no genres listed),2019
62,A Christmas Prince: The Royal Wedding (2018),(no genres listed),2018
63,A Cinderella Story (2004),(no genres listed),2004
64,A Clockwork Orange (1971),(no genres listed),1971
65,A Coffee in Berlin (2012),(no genres listed),2012
66,A Complete Unknown (2024),(no genres listed),2024
67,A Cure for Wellness (2016),(no genres listed),2016
68,A Dangerous Method (2011),(no genres listed),2011
69,A Different Man (2024),(no genres listed),2024
70,A Family Affair (2024),(no genres listed),2024
71,A Few Good Men (1992),(no genres listed),1992
72,A Fistful of Dollars (1964),(no genres listed),1964
73,A Ghost Story (2017),(no genres listed),2017
74,A Girl at My Door (2014),(no genres listed),2014
75,A Girl Walks Home Alone at Night (2014),(no genres listed),2014
76,A Good Marriage (2014),(no genres listed),2014
77,A Hard Day's Night (1964),(no genres listed),1964
78,A Haunting in Venice (2023),(no genres listed),2023
79,A History of Violence (2005),(no genres listed),2005
80,A House of Dynamite (2025),(no genres listed),2025
81,A Killer Paradox (2024),(no genres listed),2024
82,A Legend (2024),(no genres listed),2024
83,A Little Something Extra (2024),(no genres listed),2024
84,A Little Thing Called Love (2010),(no genres listed),2010
85,A Man Called Otto (2022),(no genres listed),2022
86,A Man Called Ove (2015),(no genres listed),2015
87,A Minecraft Movie (2025),(no genres listed),2025
88,A Moment to Remember (2004),(no genres listed),2004
89,A Monster Calls (2016),(no genres listed),2016
90,A Most Violent Year (2014),(no genres listed),2014
91,A Murder at the End of the World (2023),(no genres listed),2023
92,A Nice Indian Boy (2024),(no genres listed),2024
93,A Night in Four Parts (2022),(no genres listed),2022
94,A Parks and Recreation Special (2020),(no genres listed),2020
95,A Perfect World (1993),(no genres listed),1993
96,A Place to Fight For (2023),(no genres listed),2023
97,A Prophet (2009),(no genres listed),2009
98,A Quiet Place (2018),(no genres listed),2018
99,A Quiet Place: Day One (2024),(no genres listed),2024
100,A Quiet Place Part II (2020),(no genres listed),2020
101,A Rainy Day in New York (2019),(no genres listed),2019
102,A Real Pain (2024),(no genres listed),2024
103,A Russian Youth (2019),(no genres listed),2019
104,A Separation (2011),(no genres listed),2011
105,A Serbian Film (2010),(no genres listed),2010
106,A Silent Voice: The Movie (2016),(no genres listed),2016
107,A Splendid Dance (2001),(no genres listed),2001
108,A Star Is Born (2018),(no genres listed),2018
109,A Streetcar Named Desire (1951),(no genres listed),1951
110,A Summer's Tale (1996),(no genres listed),1996
111,A Sun (2019),(no genres listed),2019
112,A Taxi Driver (2017),(no genres listed),2017
113,A Traveler's Needs (2024),(no genres listed),2024
114,A Very Good Girl (2023),(no genres listed),2023
115,A Very Murray Christmas (2015),(no genres listed),2015
116,A Walk to Remember (2002),(no genres listed),2002
117,A Whisker Away (2020),(no genres listed),2020
118,A Working Man (2025),(no genres listed),2025
119,A Wrinkle in Time (2018),(no genres listed),2018
120,Abducted in Plain Sight (2017),(no genres listed),2017
121,Abigail (2024),(no genres listed),2024
122,Abominable (2019),(no genres listed),2019
123,About Dry Grasses (2023),(no genres listed),2023
124,About Elly (2009),(no genres listed),2009
125,About Time (2013),(no genres listed),2013
126,Accused (2026),(no genres listed),2026
127,Across the Universe (2007),(no genres listed),2007
128,Ad Astra (2019),(no genres listed),2019
129,Adaptation. (2002),(no genres listed),2002
130,Adolescence (2025),(no genres listed),2025
131,Adventure Time: Diamonds and Lemons (2018),(no genres listed),2018
132,Adventure Time: Elements (2017),(no genres listed),2017
133,Adventure Time: Fionna and Cake (2023),(no genres listed),2023
134,Adventure Time: Islands (2017),(no genres listed),2017
135,Adventureland (2009),(no genres listed),2009
136,Afire (2023),(no genres listed),2023
137,Afraid (2024),(no genres listed),2024
138,After (2019),(no genres listed),2019
139,After Ever Happy (2022),(no genres listed),2022
140,After Everything (2023),(no genres listed),2023
141,After the Hunt (2025),(no genres listed),2025
142,After the Screaming Stops (2018),(no genres listed),2018
143,After We Collided (2020),(no genres listed),2020
144,After We Fell (2021),(no genres listed),2021
145,Aftersun (2022),(no genres listed),2022
146,Agatha All Along (2024),(no genres listed),2024
147,Agent Blue (2024),(no genres listed),2024
148,Agent Blue part 3 (2025),(no genres listed),2025
149,AGGRO DR1FT (2023),(no genres listed),2023
150,Days of Being Wild (1990),(no genres listed),1990
151,Ahsoka (2023),(no genres listed),2023
152,Air (2023),(no genres listed),2023
153,Airplane! (1980),(no genres listed),1980
154,Akira (1988),(no genres listed),1988
155,Aladdin (1992),(no genres listed),1992
156,Aladdin (2019),(no genres listed),2019
157,Alhamour H.A. (2023),(no genres listed),2023
158,Alibi.com 2 (2023),(no genres listed),2023
159,Alice in Wonderland (1951),(no genres listed),1951
160,Alice in Wonderland (2010),(no genres listed),2010
161,Alice Through the Looking Glass (2016),(no genres listed),2016
162,Alien (1979),(no genres listed),1979
163,Alien: Romulus (2024),(no genres listed),2024
164,Aliens (1986),(no genres listed),1986
165,Alita: Battle Angel (2019),(no genres listed),2019
166,#Alive (2020),(no genres listed),2020
167,Alkhallat+ (2022),(no genres listed),2022
168,All About Lily Chou-Chou (2001),(no genres listed),2001
169,All About My Mother (1999),(no genres listed),1999
170,All Her Fault (2025),(no genres listed),2025
171,All of Us Are Dead (2022),(no genres listed),2022
172,All of Us Strangers (2023),(no genres listed),2023
173,All Quiet on the Western Front (1930),(no genres listed),1930
174,All Quiet on the Western Front (2022),(no genres listed),2022
175,All That Jazz (1979),(no genres listed),1979
176,All the Bright Places (2020),(no genres listed),2020
177,All Too Well: The Short Film (2021),(no genres listed),2021
178,All Your Faces (2023),(no genres listed),2023
179,Allegiant (2016),(no genres listed),2016
180,Almost Famous (2000),(no genres listed),2000
181,Alone (2007),(no genres listed),2007
182,Alone (2020),(no genres listed),2020
183,Alone/Together (2019),(no genres listed),2019
184,Along for the Ride (2022),(no genres listed),2022
185,Alvin and the Chipmunks: Chipwrecked (2011),(no genres listed),2011
186,Alvin and the Chipmunks: The Squeakquel (2009),(no genres listed),2009
187,Always Be My Maybe (2019),(no genres listed),2019
188,Ambulance (2022),(no genres listed),2022
189,Amélie (2001),(no genres listed),2001
190,American Beauty (1999),(no genres listed),1999
191,American Fiction (2023),(no genres listed),2023
192,American Gangster (2007),(no genres listed),2007
193,American History X (1998),(no genres listed),1998
194,American Made (2017),(no genres listed),2017
195,American Mary (2012),(no genres listed),2012
196,American Murder: Gabby Petito (2025),(no genres listed),2025
197,American Murder: Laci Peterson (2024),(no genres listed),2024
198,American Murder: The Family Next Door (2020),(no genres listed),2020
199,American Nightmare (2024),(no genres listed),2024
200,American Psycho (2000),(no genres listed),2000
201,American Sniper (2014),(no genres listed),2014
202,America's Sweethearts (2001),(no genres listed),2001
203,Amerigo Vespucci: Forgotten Namesake of America (2023),(no genres listed),2023
204,Amidst (2024),(no genres listed),2024
205,Ammonite (2020),(no genres listed),2020
206,Amour (2012),(no genres listed),2012
207,Amrum (2025),(no genres listed),2025
208,Amsterdam (2022),(no genres listed),2022
209,An Officer and a Spy (2019),(no genres listed),2019
210,Anaconda (2025),(no genres listed),2025
211,Anatomy of a Fall (2023),(no genres listed),2023
212,Anchorman 2: The Legend Continues (2013),(no genres listed),2013
213,And the Breadwinner Is... (2024),(no genres listed),2024
214,Andhadhun (2018),(no genres listed),2018
215,Angel Face (2012),(no genres listed),2012
216,Angel Has Fallen (2019),(no genres listed),2019
217,Animal (2023),(no genres listed),2023
218,Animal Behaviour (2018),(no genres listed),2018
219,Anna Karenina (2012),(no genres listed),2012
220,Annabelle (2014),(no genres listed),2014
221,Annabelle Comes Home (2019),(no genres listed),2019
222,Annabelle: Creation (2017),(no genres listed),2017
223,Annette (2021),(no genres listed),2021
224,Annihilation (2018),(no genres listed),2018
225,anohana: The Flower We Saw That Day - The Movie (2013),(no genres listed),2013
226,Anora (2024),(no genres listed),2024
227,Another Round (2020),(no genres listed),2020
228,Another Simple Favor (2025),(no genres listed),2025
229,Ant-Man (2015),(no genres listed),2015
230,Ant-Man and the Wasp (2018),(no genres listed),2018
231,Ant-Man and the Wasp: Quantumania (2023),(no genres listed),2023
232,Antoine and Colette (1962),(no genres listed),1962
233,Anvil! The Story of Anvil (2008),(no genres listed),2008
234,Anyone But You (2023),(no genres listed),2023
235,Apartment 7A (2024),(no genres listed),2024
236,Apex (2026),(no genres listed),2026
237,Apocalypse Now (1979),(no genres listed),1979
238,Apocalypto (2006),(no genres listed),2006
239,Apollo 13 (1995),(no genres listed),1995
240,"Apolonia, Apolonia (2022)",(no genres listed),2022
241,Apple Cider Vinegar (2025),(no genres listed),2025
242,April (2024),(no genres listed),2024
243,April Snow (2005),(no genres listed),2005
244,Aquaman (2018),(no genres listed),2018
245,Aquaman and the Lost Kingdom (2023),(no genres listed),2023
246,Aquamarine (2006),(no genres listed),2006
247,Arco (2025),(no genres listed),2025
248,"Are You There God? It's Me, Margaret. (2023)",(no genres listed),2023
249,Argylle (2024),(no genres listed),2024
250,Army of the Dead (2021),(no genres listed),2021
251,Arrival (2016),(no genres listed),2016
252,Arthur Christmas (2011),(no genres listed),2011
253,"As Above, So Below (2014)",(no genres listed),2014
254,Asako I & II (2018),(no genres listed),2018
255,Ashfall (2019),(no genres listed),2019
256,Aşk Sadece Bir An (2025),(no genres listed),2025
257,Assassin's Creed (2016),(no genres listed),2016
258,Assi (2026),(no genres listed),2026
259,Asteroid City (2023),(no genres listed),2023
260,At Eternity's Gate (2018),(no genres listed),2018
261,Athena (2022),(no genres listed),2022
262,Atlantics (2019),(no genres listed),2019
263,Atlantis: The Lost Empire (2001),(no genres listed),2001
264,Atlas (2024),(no genres listed),2024
265,Atomic Blonde (2017),(no genres listed),2017
266,Atonement (2007),(no genres listed),2007
267,Attack on Finland (2021),(no genres listed),2021
268,Attack on Titan: Chronicle (2020),(no genres listed),2020
269,Attack on Titan The Final Chapters: Special 2 (2023),(no genres listed),2023
270,Attack on Titan: THE LAST ATTACK (2024),(no genres listed),2024
271,Attack on Titan: The Roar of Awakening (2018),(no genres listed),2018
272,August in the Water (1995),(no genres listed),1995
273,Avatar (2009),(no genres listed),2009
274,Avatar Aang: The Last Airbender (2026),(no genres listed),2026
275,Avatar: Fire and Ash (2025),(no genres listed),2025
276,Avatar Spirits (2010),(no genres listed),2010
277,Avatar: The Way of Water (2022),(no genres listed),2022
278,Avengers: Age of Ultron (2015),(no genres listed),2015
279,Avengers: Endgame (2019),(no genres listed),2019
280,Avengers: Infinity War (2018),(no genres listed),2018
281,Awake (2007),(no genres listed),2007
282,Awake (2021),(no genres listed),2021
283,Babo: The Haftbefehl Story (2025),(no genres listed),2025
284,Baby Driver (2017),(no genres listed),2017
285,Baby Invasion (2024),(no genres listed),2024
286,Baby Reindeer (2024),(no genres listed),2024
287,Babygirl (2024),(no genres listed),2024
288,Babylon (2022),(no genres listed),2022
289,Bach: A Passionate Life (2013),(no genres listed),2013
290,Back to the Future (1985),(no genres listed),1985
291,Back to the Future Part II (1989),(no genres listed),1989
292,Back to the Outback (2021),(no genres listed),2021
293,Backrooms (2026),(no genres listed),2026
294,Backwood Philosopher (2009),(no genres listed),2009
295,Bad and Crazy (2021),(no genres listed),2021
296,Bad Boys for Life (2020),(no genres listed),2020
297,Bad Boys II (2003),(no genres listed),2003
298,Bad Boys: Ride or Die (2024),(no genres listed),2024
299,Bad Education (2004),(no genres listed),2004
300,Bad Genius (2017),(no genres listed),2017
301,Bad Teacher (2011),(no genres listed),2011
302,Badla (2019),(no genres listed),2019
303,Badland Hunters (2024),(no genres listed),2024
304,Bāhubali 2: The Conclusion (2017),(no genres listed),2017
305,Ballerina (2023),(no genres listed),2023
306,Ballerina (2025),(no genres listed),2025
307,Ballot (2024),(no genres listed),2024
308,Balls Up (2026),(no genres listed),2026
309,Balto (2023),(no genres listed),2023
310,Band of Brothers (2001),(no genres listed),2001
311,Bangalore Days (2014),(no genres listed),2014
312,Banger (2025),(no genres listed),2025
313,Bangkok Traffic (Love) Story (2009),(no genres listed),2009
314,Bao (2018),(no genres listed),2018
315,Bar Boys (2017),(no genres listed),2017
316,Baramulla (2025),(no genres listed),2025
317,Barbara - Becoming Shirin David (2026),(no genres listed),2026
318,Barbarian (2022),(no genres listed),2022
319,Barbie (2023),(no genres listed),2023
320,Barcelona: A Love Untold (2016),(no genres listed),2016
321,Barfi! (2012),(no genres listed),2012
322,Bata Boy and Crocs Girl (2025),(no genres listed),2025
323,Batman (1966),(no genres listed),1966
324,Batman (1989),(no genres listed),1989
325,Batman Begins (2005),(no genres listed),2005
326,Batman Forever (1995),(no genres listed),1995
327,Batman: Hush (2019),(no genres listed),2019
328,Batman Returns (1992),(no genres listed),1992
329,Batman & Robin (1997),(no genres listed),1997
330,Batman v Superman: Dawn of Justice (2016),(no genres listed),2016
331,Battle of Jangsari (2019),(no genres listed),2019
332,Battle of the Sexes (2017),(no genres listed),2017
333,Battlefield Earth (2000),(no genres listed),2000
334,Be Kind Rewind (2008),(no genres listed),2008
335,Be With You (2018),(no genres listed),2018
336,Beast of War (2025),(no genres listed),2025
337,Beating Hearts (2024),(no genres listed),2024
338,Beau Is Afraid (2023),(no genres listed),2023
339,Beautiful Boy (2018),(no genres listed),2018
340,Beautiful City (2004),(no genres listed),2004
341,Beautiful Disaster (2023),(no genres listed),2023
342,Beauty and the Beast (2017),(no genres listed),2017
343,Becky (2020),(no genres listed),2020
344,Becoming Bond (2006),(no genres listed),2006
345,Becoming Jane (2007),(no genres listed),2007
346,Bedazzled (2000),(no genres listed),2000
347,Bee Movie (2007),(no genres listed),2007
348,BEEF (2023),(no genres listed),2023
349,Beetlejuice (1988),(no genres listed),1988
350,Beetlejuice Beetlejuice (2024),(no genres listed),2024
351,Before I Wake (2016),(no genres listed),2016
352,Before Midnight (2013),(no genres listed),2013
353,Before Sunrise (1995),(no genres listed),1995
354,Before Sunset (2004),(no genres listed),2004
355,Before the Fall (2004),(no genres listed),2004
356,Before We Go (2014),(no genres listed),2014
357,Behind Her Eyes (2021),(no genres listed),2021
358,Being Frank: The Chris Sievey Story (2018),(no genres listed),2018
359,Believe Me: The Abduction of Lisa McVey (2018),(no genres listed),2018
360,Belle (2021),(no genres listed),2021
361,Benediction (2021),(no genres listed),2021
362,Berserk (1997),(no genres listed),1997
363,Better Call Saul Presents: Slippin' Jimmy (2022),(no genres listed),2022
364,Better Days (2019),(no genres listed),2019
365,Better Man (2024),(no genres listed),2024
366,Better Off Dead (2025),(no genres listed),2025
367,Beverly Hills Cop: Axel F (2024),(no genres listed),2024
368,Beyond The Visible - Hilma af Klint (2019),(no genres listed),2019
369,Bhavesh Joshi Superhero (2018),(no genres listed),2018
370,Big Daddy (1999),(no genres listed),1999
371,Big Hero 6 (2014),(no genres listed),2014
372,Big Little Lies (2017),(no genres listed),2017
373,Big Trouble in Little China (1986),(no genres listed),1986
374,Billie Eilish — Hit Me Hard and Soft: The Tour (Live in 3D) (2026),(no genres listed),2026
375,Bird (2024),(no genres listed),2024
376,Bird Box (2018),(no genres listed),2018
377,Bird Box Barcelona (2023),(no genres listed),2023
378,Birdman or (The Unexpected Virtue of Ignorance) (2014),(no genres listed),2014
379,Birds of Prey (and the Fantabulous Emancipation of One Harley Quinn) (2020),(no genres listed),2020
380,Bitch X Rich (2023),(no genres listed),2023
381,Bitter Christmas (2026),(no genres listed),2026
382,Black Adam (2022),(no genres listed),2022
383,Black Bag (2025),(no genres listed),2025
384,Black Bear (2020),(no genres listed),2020
385,Black Bird (2022),(no genres listed),2022
386,Black Clover: Sword of the Wizard King (2023),(no genres listed),2023
387,Black Knight (2023),(no genres listed),2023
388,Black Mass (2015),(no genres listed),2015
389,Black Mirror: Arkangel (2017),(no genres listed),2017
390,Black Mirror: Bandersnatch (2018),(no genres listed),2018
391,Black Mirror: Bête Noire (2025),(no genres listed),2025
392,Black Mirror: Beyond the Sea (2023),(no genres listed),2023
393,Black Mirror: Black Museum (2017),(no genres listed),2017
394,Black Mirror: Common People (2025),(no genres listed),2025
395,Black Mirror: Crocodile (2017),(no genres listed),2017
396,Black Mirror: Demon 79 (2023),(no genres listed),2023
397,Black Mirror: Eulogy (2025),(no genres listed),2025
398,Black Mirror: Fifteen Million Merits (2011),(no genres listed),2011
399,Black Mirror: Hang the DJ (2017),(no genres listed),2017
400,Black Mirror: Hated in the Nation (2016),(no genres listed),2016
401,Black Mirror: Hotel Reverie (2025),(no genres listed),2025
402,Black Mirror: Joan Is Awful (2023),(no genres listed),2023
403,Black Mirror: Loch Henry (2023),(no genres listed),2023
404,Black Mirror: Mazey Day (2023),(no genres listed),2023
405,Black Mirror: Metalhead (2017),(no genres listed),2017
406,Black Mirror: Nosedive (2016),(no genres listed),2016
407,Black Mirror: Plaything (2025),(no genres listed),2025
408,"Black Mirror: Rachel, Jack and Ashley Too (2019)",(no genres listed),2019
409,Black Mirror: Shut Up and Dance (2016),(no genres listed),2016
410,Black Mirror: Smithereens (2019),(no genres listed),2019
411,Black Mirror: Striking Vipers (2019),(no genres listed),2019
412,Black Mirror: The Entire History of You (2011),(no genres listed),2011
413,Black Mirror: USS Callister (2017),(no genres listed),2017
414,Black Mirror: USS Callister – Into Infinity (2025),(no genres listed),2025
415,Black Mirror: White Bear (2013),(no genres listed),2013
416,Black Mirror: White Christmas (2014),(no genres listed),2014
417,Black Night (2022),(no genres listed),2022
418,Black Panther (2018),(no genres listed),2018
419,Black Panther: Wakanda Forever (2022),(no genres listed),2022
420,Black Phone 2 (2025),(no genres listed),2025
421,Black Swan (2010),(no genres listed),2010
422,Black Widow (2021),(no genres listed),2021
423,Blackhat (2015),(no genres listed),2015
424,BlacKkKlansman (2018),(no genres listed),2018
425,BLACKPINK: Light Up the Sky (2020),(no genres listed),2020
426,BLACKPINK: The Movie (2021),(no genres listed),2021
427,Blade Runner (1982),(no genres listed),1982
428,Blade Runner 2049 (2017),(no genres listed),2017
429,Bleeding Steel (2017),(no genres listed),2017
430,Blended (2014),(no genres listed),2014
431,Blink Twice (2024),(no genres listed),2024
432,Blitz (2011),(no genres listed),2011
433,Blonde (2022),(no genres listed),2022
434,Blood Diamond (2006),(no genres listed),2006
435,Bloodhounds (2023),(no genres listed),2023
436,Bloodlines and Betrayal (2025),(no genres listed),2025
437,Bloodsport (1988),(no genres listed),1988
438,Blow Out (1981),(no genres listed),1981
439,Blue (2002),(no genres listed),2002
440,Blue Beetle (2023),(no genres listed),2023
441,BLUE EYE SAMURAI (2023),(no genres listed),2023
442,Blue Heron (2025),(no genres listed),2025
443,Blue Jasmine (2013),(no genres listed),2013
444,Blue Moon (2025),(no genres listed),2025
445,Blue Story (2019),(no genres listed),2019
446,Blue Valentine (2010),(no genres listed),2010
447,Blue Velvet (1986),(no genres listed),1986
448,Bo Burnham: Inside (2021),(no genres listed),2021
449,Bodies Bodies Bodies (2022),(no genres listed),2022
450,Body (2007),(no genres listed),2007
451,Bodycam (2025),(no genres listed),2025
452,Bohemian Rhapsody (2018),(no genres listed),2018
453,Boiling Point (2019),(no genres listed),2019
454,Boiling Point (2021),(no genres listed),2021
455,BoJack Horseman Christmas Special: Sabrina's Christmas Wish (2014),(no genres listed),2014
456,Bolt (2008),(no genres listed),2008
457,Bones and All (2022),(no genres listed),2022
458,Bonnie and Clyde (1967),(no genres listed),1967
459,Boogie Nights (1997),(no genres listed),1997
460,Booksmart (2019),(no genres listed),2019
461,Borat: Cultural Learnings of America for Make Benefit Glorious Nation of Kazakhstan (2006),(no genres listed),2006
462,Borat Subsequent Moviefilm: Delivery of Prodigious Bribe to American Regime for Make Benefit Once Glorious Nation of Kazakhstan (2020),(no genres listed),2020
463,Border 2 (2026),(no genres listed),2026
464,Borderlands (2024),(no genres listed),2024
465,Borderline (2025),(no genres listed),2025
466,Boro the Caterpillar (2018),(no genres listed),2018
467,Boston Strangler (2023),(no genres listed),2023
468,Bottle Rocket (1996),(no genres listed),1996
469,Bottoms (2023),(no genres listed),2023
470,Boy & the World (2013),(no genres listed),2013
471,Boyfriends and Girlfriends (1987),(no genres listed),1987
472,Boyhood (2014),(no genres listed),2014
473,Boys (2014),(no genres listed),2014
474,Boyz n the Hood (1991),(no genres listed),1991
475,Brahmāstra Part One: Shiva (2022),(no genres listed),2022
476,Bram Stoker's Dracula (1992),(no genres listed),1992
477,Bramayugam (2024),(no genres listed),2024
478,Bratz (2007),(no genres listed),2007
479,Brave (2012),(no genres listed),2012
480,Brave Citizen (2023),(no genres listed),2023
481,Braveheart (1995),(no genres listed),1995
482,Brazil (1985),(no genres listed),1985
483,Breakthrough (2019),(no genres listed),2019
484,Brewster's Millions (1985),(no genres listed),1985
485,Brice 3 (2016),(no genres listed),2016
486,Brick (2005),(no genres listed),2005
487,Brick (2025),(no genres listed),2025
488,Bride of Chucky (1998),(no genres listed),1998
489,Bride Wars (2009),(no genres listed),2009
490,Bridesmaids (2011),(no genres listed),2011
491,Bridge of Spies (2015),(no genres listed),2015
492,Bridge to Terabithia (2007),(no genres listed),2007
493,Bridgerton - The Afterparty (2021),(no genres listed),2021
494,Bridget Jones: Mad About the Boy (2025),(no genres listed),2025
495,Bridget Jones's Baby (2016),(no genres listed),2016
496,Brightburn (2019),(no genres listed),2019
497,Brighter Days Ahead (2025),(no genres listed),2025
498,Bring Her Back (2025),(no genres listed),2025
499,Bring It On (2000),(no genres listed),2000
500,Bring It On: All or Nothing (2006),(no genres listed),2006
501,Brokeback Mountain (2005),(no genres listed),2005
502,Broker (2022),(no genres listed),2022
503,Bronson (2008),(no genres listed),2008
504,Brother Bear (2003),(no genres listed),2003
505,Brothers (2009),(no genres listed),2009
506,Brothers in Heaven (2017),(no genres listed),2017
507,Bubble (2022),(no genres listed),2022
508,Bubble (2022),(no genres listed),2022
509,Buffalo '66 (1998),(no genres listed),1998
510,Bugonia (2025),(no genres listed),2025
511,Bulbbul (2020),(no genres listed),2020
512,Bullet Train (2022),(no genres listed),2022
513,Bullet Train Explosion (2025),(no genres listed),2025
514,Bumblebee (2018),(no genres listed),2018
515,Bungo Stray Dogs: Dead Apple (2018),(no genres listed),2018
516,Burning (2018),(no genres listed),2018
517,Burning Days (2022),(no genres listed),2022
518,Burnt (2015),(no genres listed),2015
519,Business Proposal (2022),(no genres listed),2022
520,But I'm a Cheerleader (1999),(no genres listed),1999
521,Buzz House: The Movie (2024),(no genres listed),2024
522,Buzz House: The Movie 2 (2025),(no genres listed),2025
523,By Quantum Physics: A Nightlife Venture (2019),(no genres listed),2019
524,By the Stream (2024),(no genres listed),2024
525,Cabin Fever 2: Spring Fever (2009),(no genres listed),2009
526,Caddo Lake (2024),(no genres listed),2024
527,Cado dalle nubi (2009),(no genres listed),2009
528,Caesar Must Die (2012),(no genres listed),2012
529,Café Society (2016),(no genres listed),2016
530,Cairo Conspiracy (2022),(no genres listed),2022
531,Call Me by Your Name (2017),(no genres listed),2017
532,Candyman (2021),(no genres listed),2021
533,Can't Help Falling in Love (2017),(no genres listed),2017
534,Capone (2020),(no genres listed),2020
535,Captain America: Brave New World (2025),(no genres listed),2025
536,Captain America: Civil War (2016),(no genres listed),2016
537,Captain America: The First Avenger (2011),(no genres listed),2011
538,Captain America: The Winter Soldier (2014),(no genres listed),2014
539,Captain Fantastic (2016),(no genres listed),2016
540,Captain Marvel (2019),(no genres listed),2019
541,Captain Phillips (2013),(no genres listed),2013
542,Caramelo (2025),(no genres listed),2025
543,Carcasses (2009),(no genres listed),2009
544,Cardfight!! Vanguard Movie: Neon Messiah (2014),(no genres listed),2014
545,Cardfight!! Vanguard Movie: The Three Games (2014),(no genres listed),2014
546,Carnage (2011),(no genres listed),2011
547,Carol (2015),(no genres listed),2015
548,Carol Burnett: 90 Years of Laughter + Love (2023),(no genres listed),2023
549,Carrie (1976),(no genres listed),1976
550,Carry-On (2024),(no genres listed),2024
551,Cars (2006),(no genres listed),2006
552,Cars 2 (2011),(no genres listed),2011
553,Cars 3 (2017),(no genres listed),2017
554,Casablanca (1942),(no genres listed),1942
555,Case 137 (2025),(no genres listed),2025
556,Casino (1995),(no genres listed),1995
557,Casino Royale (2006),(no genres listed),2006
558,Casper (1995),(no genres listed),1995
559,Cassandra (2025),(no genres listed),2025
560,Cassandro (2023),(no genres listed),2023
561,Cast Away (2000),(no genres listed),2000
562,Castaway on the Moon (2009),(no genres listed),2009
563,Castle in the Sky (1986),(no genres listed),1986
564,Catch Me If You Can (2002),(no genres listed),2002
565,Catwoman (2004),(no genres listed),2004
566,Caught Stealing (2025),(no genres listed),2025
567,Causeway (2022),(no genres listed),2022
568,Caveat (2020),(no genres listed),2020
569,Central Intelligence (2016),(no genres listed),2016
570,Certain Women (2016),(no genres listed),2016
571,Cha Cha Real Smooth (2022),(no genres listed),2022
572,Chainsaw Man (2022),(no genres listed),2022
573,Chainsaw Man – The Movie: Reze Arc (2025),(no genres listed),2025
574,Challengers (2024),(no genres listed),2024
575,Changeling (2008),(no genres listed),2008
576,Chantal in Fairyland (2024),(no genres listed),2024
577,Charlie and the Chocolate Factory (2005),(no genres listed),2005
578,Charlie Says (2018),(no genres listed),2018
579,Charlie St. Cloud (2010),(no genres listed),2010
580,Chasing the Wind (2025),(no genres listed),2025
581,Chef (2014),(no genres listed),2014
582,Chernobyl (2019),(no genres listed),2019
583,Cherry (2021),(no genres listed),2021
584,Chess Story (2021),(no genres listed),2021
585,Chhichhore (2019),(no genres listed),2019
586,Chicago (2002),(no genres listed),2002
587,Chicken Little (2005),(no genres listed),2005
588,Chicken Run (2000),(no genres listed),2000
589,Chicken Run: Dawn of the Nugget (2023),(no genres listed),2023
590,Chicuarotes (2019),(no genres listed),2019
591,Child Star (2024),(no genres listed),2024
592,Children of Men (2006),(no genres listed),2006
593,Children of the Corn (1984),(no genres listed),1984
594,Children of the Sea (2019),(no genres listed),2019
595,Child's Play 2 (1990),(no genres listed),1990
596,China's Haze: Under the Doom (2015),(no genres listed),2015
597,Chinatown (1974),(no genres listed),1974
598,Chloe (2009),(no genres listed),2009
599,Choose or Die (2022),(no genres listed),2022
600,Christiane F. (1981),(no genres listed),1981
601,Christmas As Usual (2023),(no genres listed),2023
602,Christmas Carol (2022),(no genres listed),2022
603,Christmas with the Tuches (2021),(no genres listed),2021
604,Christopher Robin (2018),(no genres listed),2018
605,Christy (2025),(no genres listed),2025
606,Chronicle (2012),(no genres listed),2012
607,Chungking Express (1994),(no genres listed),1994
608,Cigarettes & Coffee (1993),(no genres listed),1993
609,Cinderella (2015),(no genres listed),2015
610,Cinderella (2021),(no genres listed),2021
611,Cinema Paradiso (1988),(no genres listed),1988
612,Citizen Dog (2004),(no genres listed),2004
613,Citizen Kane (1941),(no genres listed),1941
614,City Hunter (2018),(no genres listed),2018
615,City of God (2002),(no genres listed),2002
616,Civil War (2024),(no genres listed),2024
617,CJ7 (2008),(no genres listed),2008
618,Claire's Camera (2017),(no genres listed),2017
619,Clash of the Titans (2010),(no genres listed),2010
620,Class Action Park (2020),(no genres listed),2020
621,Clerks (1994),(no genres listed),1994
622,Click (2006),(no genres listed),2006
623,Climax (2018),(no genres listed),2018
624,Close (2022),(no genres listed),2022
625,Closer (2004),(no genres listed),2004
626,Cloud (2024),(no genres listed),2024
627,Cloud 9 (2014),(no genres listed),2014
628,Cloudy with a Chance of Meatballs (2009),(no genres listed),2009
629,Cloverfield (2008),(no genres listed),2008
630,Clown in a Cornfield (2025),(no genres listed),2025
631,Clueless (1995),(no genres listed),1995
632,C'mon C'mon (2021),(no genres listed),2021
633,Coach Carter (2005),(no genres listed),2005
634,Cobain: Montage of Heck (2015),(no genres listed),2015
635,Cocaine Bear (2023),(no genres listed),2023
636,Coco (2017),(no genres listed),2017
637,Coco Before Chanel (2009),(no genres listed),2009
638,CODA (2021),(no genres listed),2021
639,Coffee and Cigarettes (2003),(no genres listed),2003
640,Coherence (2013),(no genres listed),2013
641,Cold Case: Who Killed JonBenét Ramsey (2024),(no genres listed),2024
642,Cold Storage (2026),(no genres listed),2026
643,Cold War (2018),(no genres listed),2018
644,Collateral (2004),(no genres listed),2004
645,Collateral Beauty (2016),(no genres listed),2016
646,Color Theories by Julio Torres. A Guide to Seeing the World (2026),(no genres listed),2026
647,Colours of Time (2025),(no genres listed),2025
648,Come and See (1985),(no genres listed),1985
649,Come Play (2020),(no genres listed),2020
650,Companion (2025),(no genres listed),2025
651,Compartment No. 6 (2021),(no genres listed),2021
652,Conclave (2024),(no genres listed),2024
653,Confessions of a Shopaholic (2009),(no genres listed),2009
654,Confidential Assignment 2: International (2022),(no genres listed),2022
655,Conflict (2024),(no genres listed),2024
656,Connemara (2025),(no genres listed),2025
657,Constantine (2005),(no genres listed),2005
658,Contempt (1963),(no genres listed),1963
659,Conversations with a Killer: The John Wayne Gacy Tapes (2022),(no genres listed),2022
660,Conversations with a Killer: The Ted Bundy Tapes (2019),(no genres listed),2019
661,Conversations with Friends (2022),(no genres listed),2022
662,Cooked (2025),(no genres listed),2025
663,Coolie (2025),(no genres listed),2025
664,Copenhagen Cowboy (2022),(no genres listed),2022
665,Copshop (2021),(no genres listed),2021
666,Coraline (2009),(no genres listed),2009
667,Corpse Bride (2005),(no genres listed),2005
668,Coup de Chance (2023),(no genres listed),2023
669,Couples Retreat (2009),(no genres listed),2009
670,Couture (2025),(no genres listed),2025
671,Cowboy Bebop (1998),(no genres listed),1998
672,Crank: High Voltage (2009),(no genres listed),2009
673,Crash (1996),(no genres listed),1996
674,Crash (2004),(no genres listed),2004
675,Crash Landing on You (2019),(no genres listed),2019
676,Crawl (2019),(no genres listed),2019
677,Crayon Shin-chan: Burst Serving! Kung Fu Boys ~Ramen Rebellion~ (2018),(no genres listed),2018
678,Crayon Shin-chan: Invasion!! Alien Shiriri (2017),(no genres listed),2017
679,Crayon Shin-chan: Shrouded in Mystery! The Flowers of Tenkazu Academy (2021),(no genres listed),2021
680,Crayon Shin-chan: Super-Dimension! The Storm Called My Bride (2010),(no genres listed),2010
681,Crayon Shin-chan the Movie: The Tornado Legend of Ninja Mononoke (2022),(no genres listed),2022
682,Crazy Beautiful You (2015),(no genres listed),2015
683,Crazy Rich Asians (2018),(no genres listed),2018
684,"Crazy, Stupid, Love. (2011)",(no genres listed),2011
685,Creed (2015),(no genres listed),2015
686,Creed II (2018),(no genres listed),2018
687,Creed III (2023),(no genres listed),2023
688,Creep 2 (2017),(no genres listed),2017
689,Creep (2014),(no genres listed),2014
690,CREEP (2024),(no genres listed),2024
691,Crime 101 (2026),(no genres listed),2026
692,Cristóbal Balenciaga (2024),(no genres listed),2024
693,"Crouching Tiger, Hidden Dragon (2000)",(no genres listed),2000
694,Cruella (2021),(no genres listed),2021
695,CTRL (2024),(no genres listed),2024
696,Cuckoo (2024),(no genres listed),2024
697,Cult of Chucky (2017),(no genres listed),2017
698,Cunk on Life (2024),(no genres listed),2024
699,Cure (1997),(no genres listed),1997
700,Curse of Chucky (2013),(no genres listed),2013
701,Custody (2017),(no genres listed),2017
702,Cut Off (2018),(no genres listed),2018
703,Cyberpunk: Edgerunners (2022),(no genres listed),2022
704,Daddio (2023),(no genres listed),2023
705,Daddy's Home 2 (2017),(no genres listed),2017
706,DAHMER - Monster: The Jeffrey Dahmer Story (2022),(no genres listed),2022
707,Daisy (2006),(no genres listed),2006
708,Dallas Buyers Club (2013),(no genres listed),2013
709,Damsel (2024),(no genres listed),2024
710,Dan Carter: A Perfect 10 (2019),(no genres listed),2019
711,Dangal (2016),(no genres listed),2016
712,Dangerous Animals (2025),(no genres listed),2025
713,Daredevil - The Man Without Fear (2015),(no genres listed),2015
714,Dark Figure of Crime (2018),(no genres listed),2018
715,Dark Nuns (2025),(no genres listed),2025
716,Dark Phoenix (2019),(no genres listed),2019
717,Dark Shadows (2012),(no genres listed),2012
718,Dark Waters (2019),(no genres listed),2019
719,Darkest Hour (2017),(no genres listed),2017
720,Das Boot (1981),(no genres listed),1981
721,David Attenborough: A Life on Our Planet (2020),(no genres listed),2020
722,DC Showcase - Constantine: The House of Mystery (2022),(no genres listed),2022
723,Dead Before Dawn (2012),(no genres listed),2012
724,Dead Man's Wire (2025),(no genres listed),2025
725,Dead Poets Society (1989),(no genres listed),1989
726,Deadpool (2016),(no genres listed),2016
727,Deadpool 2 (2018),(no genres listed),2018
728,Deadpool & Wolverine (2024),(no genres listed),2024
729,Dear Child (2023),(no genres listed),2023
730,Dear Dakanda (2005),(no genres listed),2005
731,Dear Evan Hansen (2021),(no genres listed),2021
732,Dear Galileo (2009),(no genres listed),2009
733,Dear Zachary: A Letter to a Son About His Father (2008),(no genres listed),2008
734,Death Is a Problem for the Living (2023),(no genres listed),2023
735,Death Note (2006),(no genres listed),2006
736,Death Note (2017),(no genres listed),2017
737,Death of a Unicorn (2025),(no genres listed),2025
738,Death on the Nile (2022),(no genres listed),2022
739,Death Parade (2015),(no genres listed),2015
740,Death Proof (2007),(no genres listed),2007
741,Death Race (2008),(no genres listed),2008
742,Deathstalker (2025),(no genres listed),2025
743,D.E.B.S. (2004),(no genres listed),2004
744,Decision to Leave (2022),(no genres listed),2022
745,Deep Water (2022),(no genres listed),2022
746,Defiant (2025),(no genres listed),2025
747,Delicious (2025),(no genres listed),2025
748,Delirium: What's Your Worst Fear? (2016),(no genres listed),2016
749,Demolition (2015),(no genres listed),2015
750,Demolition Man (1993),(no genres listed),1993
751,Demon Slayer: Kimetsu no Yaiba (2019),(no genres listed),2019
752,Demon Slayer: Kimetsu no Yaiba Infinity Castle (2025),(no genres listed),2025
753,Demon Slayer -Kimetsu no Yaiba- The Movie: Mugen Train (2020),(no genres listed),2020
754,Demon Slayer: Kimetsu no Yaiba -To the Hashira Training- (2024),(no genres listed),2024
755,Demon Slayer: Kimetsu no Yaiba -To the Swordsmith Village- (2023),(no genres listed),2023
756,Den of Thieves (2018),(no genres listed),2018
757,Den of Thieves 2: Pantera (2025),(no genres listed),2025
758,Descendants (2015),(no genres listed),2015
759,Descendants 3 (2019),(no genres listed),2019
760,Descendants: The Rise of Red (2024),(no genres listed),2024
761,Despicable Me (2010),(no genres listed),2010
762,Despicable Me 2 (2013),(no genres listed),2013
763,Despicable Me 3 (2017),(no genres listed),2017
764,Despicable Me 4 (2024),(no genres listed),2024
765,Destined with You (2023),(no genres listed),2023
766,Detachment (2011),(no genres listed),2011
767,Detective Byomkesh Bakshy! (2015),(no genres listed),2015
768,Detective Conan: One-Eyed Flashback (2025),(no genres listed),2025
769,Dexter: New Blood (2021),(no genres listed),2021
770,Dhurandhar (2025),(no genres listed),2025
771,Dhurandhar The Revenge (2026),(no genres listed),2026
772,Diary of a Wimpy Kid (2010),(no genres listed),2010
773,Diary of a Wimpy Kid: Dog Days (2012),(no genres listed),2012
774,Diary of a Wimpy Kid: Rodrick Rules (2011),(no genres listed),2011
775,Dìdi (弟弟) (2024),(no genres listed),2024
776,Die Hard (1988),(no genres listed),1988
777,Die My Love (2025),(no genres listed),2025
778,Dil Dhadakne Do (2015),(no genres listed),2015
779,Dirtbag: The Legend of Fred Beckey (2017),(no genres listed),2017
780,Dirty Dancing (1987),(no genres listed),1987
781,Dirty Harry (1971),(no genres listed),1971
782,Disco Boy (2023),(no genres listed),2023
783,Disenchanted (2022),(no genres listed),2022
784,District 9 (2009),(no genres listed),2009
785,Disturbia (2007),(no genres listed),2007
786,Disturbing Behavior (1998),(no genres listed),1998
787,Diva (2020),(no genres listed),2020
788,Divergent (2014),(no genres listed),2014
789,DJ Mehdi: Made in France (2024),(no genres listed),2024
790,Django Unchained (2012),(no genres listed),2012
791,Do Deewane Seher Mein (2026),(no genres listed),2026
792,Do Revenge (2022),(no genres listed),2022
793,Do the Right Thing (1989),(no genres listed),1989
794,Doctor Sleep (2019),(no genres listed),2019
795,Doctor Strange (2016),(no genres listed),2016
796,Doctor Strange in the Multiverse of Madness (2022),(no genres listed),2022
797,Dogman (2018),(no genres listed),2018
798,Dogman (2023),(no genres listed),2023
799,Dolittle (2020),(no genres listed),2020
800,Doll House (2022),(no genres listed),2022
801,Dolly (2025),(no genres listed),2025
802,Donnie Brasco (1997),(no genres listed),1997
803,Donnie Darko (2001),(no genres listed),2001
804,Don't Be Bad (2015),(no genres listed),2015
805,Don't Breathe (2016),(no genres listed),2016
806,Don't Hug Me I'm Scared 6 (2016),(no genres listed),2016
807,Don't Look Up (2021),(no genres listed),2021
808,Don't Move (2024),(no genres listed),2024
809,Don't Worry Darling (2022),(no genres listed),2022
810,Dopesick (2021),(no genres listed),2021
811,Dora and the Lost City of Gold (2019),(no genres listed),2019
812,Doraemon: Nobita and the Spiral City (1997),(no genres listed),1997
813,Doraemon: Nobita's New Dinosaur (2020),(no genres listed),2020
814,Doraemon the Movie: Nobita's Little Star Wars 2021 (2022),(no genres listed),2022
815,Doraemon the Movie: Nobita's Sky Utopia (2023),(no genres listed),2023
816,Dorian Gray (2009),(no genres listed),2009
817,Dormitory (2023),(no genres listed),2023
818,Double Jeopardy (1999),(no genres listed),1999
819,Downfall (2004),(no genres listed),2004
820,Downhill (2020),(no genres listed),2020
821,Downton Abbey: The Grand Finale (2025),(no genres listed),2025
822,Dr. Strangelove or: How I Learned to Stop Worrying and Love the Bomb (1964),(no genres listed),1964
823,Dracula (2020),(no genres listed),2020
824,Dracula (2025),(no genres listed),2025
825,Dracula Untold (2014),(no genres listed),2014
826,Dragon Ball Super: Super Hero (2022),(no genres listed),2022
827,Drawing Closer (2024),(no genres listed),2024
828,Dream Scenario (2023),(no genres listed),2023
829,Dreams (1990),(no genres listed),1990
830,Dredd (2012),(no genres listed),2012
831,Drifting Home (2022),(no genres listed),2022
832,Drifting Laurent (2025),(no genres listed),2025
833,Drishyam 2 (2022),(no genres listed),2022
834,Drive (2011),(no genres listed),2011
835,Drive-Away Dolls (2024),(no genres listed),2024
836,Drive My Car (2021),(no genres listed),2021
837,Drop (2025),(no genres listed),2025
838,Dumb and Dumber (1994),(no genres listed),1994
839,Dumb and Dumber To (2014),(no genres listed),2014
840,Dumb Money (2023),(no genres listed),2023
841,Dumbo (2019),(no genres listed),2019
842,Dune (1984),(no genres listed),1984
843,Dune (2020),(no genres listed),2020
844,Dune (2021),(no genres listed),2021
845,Dune: Part Two (2024),(no genres listed),2024
846,Dungeons & Dragons: Honor Among Thieves (2023),(no genres listed),2023
847,Dunkirk (2017),(no genres listed),2017
848,Dust Bunny (2025),(no genres listed),2025
849,Duty After School (2023),(no genres listed),2023
850,Dying for Sex (2025),(no genres listed),2025
851,Easy A (2010),(no genres listed),2010
852,Easy Girl (2025),(no genres listed),2025
853,Eat Pray Love (2010),(no genres listed),2010
854,Echo Valley (2025),(no genres listed),2025
855,Eddie the Eagle (2015),(no genres listed),2015
856,Eddington (2025),(no genres listed),2025
857,Eden (2024),(no genres listed),2024
858,Edge of Tomorrow (2014),(no genres listed),2014
859,Edward Scissorhands (1990),(no genres listed),1990
860,Eichmann (2007),(no genres listed),2007
861,Eighth Grade (2018),(no genres listed),2018
862,Eileen (2023),(no genres listed),2023
863,El Camino: A Breaking Bad Movie (2019),(no genres listed),2019
864,Election (1999),(no genres listed),1999
865,Elemental (2023),(no genres listed),2023
866,Elf (2003),(no genres listed),2003
867,Elio (2025),(no genres listed),2025
868,Elis (2016),(no genres listed),2016
869,Elise (2019),(no genres listed),2019
870,Ella Enchanted (2004),(no genres listed),2004
871,Ella McCay (2025),(no genres listed),2025
872,Elvis (2022),(no genres listed),2022
873,Elysium (2013),(no genres listed),2013
874,Emerald Green (2016),(no genres listed),2016
875,EMERSION (2025),(no genres listed),2025
876,Emilia Pérez (2024),(no genres listed),2024
877,Emma. (2020),(no genres listed),2020
878,Empire of the Sun (1987),(no genres listed),1987
879,Encanto (2021),(no genres listed),2021
880,Enchanted (2007),(no genres listed),2007
881,End of Watch (2012),(no genres listed),2012
882,Ending the Knight (2012),(no genres listed),2012
883,Enemigos (2025),(no genres listed),2025
884,Enemy (2013),(no genres listed),2013
885,Enola Holmes (2020),(no genres listed),2020
886,Enola Holmes 2 (2022),(no genres listed),2022
887,Enola Holmes 3 (2026),(no genres listed),2026
888,Entergalactic (2022),(no genres listed),2022
889,Enzo (2025),(no genres listed),2025
890,ERASED (2016),(no genres listed),2016
891,Eraserhead (1977),(no genres listed),1977
892,Escape (2024),(no genres listed),2024
893,Escape from Mogadishu (2021),(no genres listed),2021
894,Escape Plan (2013),(no genres listed),2013
895,Escape Room (2019),(no genres listed),2019
896,Escape Room: Tournament of Champions (2021),(no genres listed),2021
897,Esteros (2016),(no genres listed),2016
898,E.T. the Extra-Terrestrial (1982),(no genres listed),1982
899,Eternal Sunshine of the Spotless Mind (2004),(no genres listed),2004
900,Eternally Confused and Eager for Love (2022),(no genres listed),2022
901,Eternals (2021),(no genres listed),2021
902,Eternity (2010),(no genres listed),2010
903,Eternity (2025),(no genres listed),2025
904,Ethos (2020),(no genres listed),2020
905,Euphoria: F*ck Anyone Who’s Not a Sea Blob (2021),(no genres listed),2021
906,Euphoria: Trouble Don't Last Always (2020),(no genres listed),2020
907,Evangelion: 3.0 You Can (Not) Redo (2012),(no genres listed),2012
908,Evangelion: 3.0+1.0 Thrice Upon a Time (2021),(no genres listed),2021
909,Even If This Love Disappears Tonight (2025),(no genres listed),2025
910,Everest (2015),(no genres listed),2015
911,Everybody's Fine (2009),(no genres listed),2009
912,Everyone Knows Every Juan (2025),(no genres listed),2025
913,Everything Everywhere All at Once (2022),(no genres listed),2022
914,Everything's Fifty Fifty (2024),(no genres listed),2024
915,Evil Dead (2013),(no genres listed),2013
916,Evil Dead II (1987),(no genres listed),1987
917,Evil Dead Rise (2023),(no genres listed),2023
918,Evil Does Not Exist (2023),(no genres listed),2023
919,Evil Genius (2018),(no genres listed),2018
920,Ex Machina (2015),(no genres listed),2015
921,EXIT (2019),(no genres listed),2019
922,Exit 8 (2025),(no genres listed),2025
923,Exorcist II: The Heretic (1977),(no genres listed),1977
924,Expend4bles (2023),(no genres listed),2023
925,Exterritorial (2025),(no genres listed),2025
926,Extraction 2 (2023),(no genres listed),2023
927,Extraction (2020),(no genres listed),2020
928,Extreme Job (2019),(no genres listed),2019
929,"Extremely Wicked, Shockingly Evil and Vile (2019)",(no genres listed),2019
930,Eyes Wide Shut (1999),(no genres listed),1999
931,F1 (2025),(no genres listed),2025
932,F9 (2021),(no genres listed),2021
933,Face/Off (1997),(no genres listed),1997
934,Faces of Death (2026),(no genres listed),2026
935,Facing the Giants (2006),(no genres listed),2006
936,Fair Play (2023),(no genres listed),2023
937,Falcon Lake (2022),(no genres listed),2022
938,Fall (2022),(no genres listed),2022
939,Fall in Love at First Kiss (2019),(no genres listed),2019
940,Fallen Angels (1995),(no genres listed),1995
941,Fallen Leaves (2023),(no genres listed),2023
942,Family Switch (2023),(no genres listed),2023
943,Family Time (2023),(no genres listed),2023
944,Fan Girl (2020),(no genres listed),2020
945,Fantastic Beasts and Where to Find Them (2016),(no genres listed),2016
946,Fantastic Beasts: The Crimes of Grindelwald (2018),(no genres listed),2018
947,Fantastic Beasts: The Secrets of Dumbledore (2022),(no genres listed),2022
948,Fantastic Fungi (2019),(no genres listed),2019
949,Fantastic Mr. Fox (2009),(no genres listed),2009
950,Fantastic Planet (1973),(no genres listed),1973
951,Fargo (1996),(no genres listed),1996
952,Fast Five (2011),(no genres listed),2011
953,Fast Forever (2028),(no genres listed),2028
954,Fast & Furious (2009),(no genres listed),2009
955,Fast & Furious 6 (2013),(no genres listed),2013
956,Fast & Furious Presents: Hobbs & Shaw (2019),(no genres listed),2019
957,Fast X (2023),(no genres listed),2023
958,Father Mother Sister Brother (2025),(no genres listed),2025
959,Father Stu (2022),(no genres listed),2022
960,Fatherhood (2021),(no genres listed),2021
961,Fear (1996),(no genres listed),1996
962,Fear Below (2024),(no genres listed),2024
963,Fear Street: 1666 (2021),(no genres listed),2021
964,Fear Street: 1978 (2021),(no genres listed),2021
965,Fear Street: 1994 (2021),(no genres listed),2021
966,Fear Street: Prom Queen (2025),(no genres listed),2025
967,Feed (2022),(no genres listed),2022
968,Feel the Beat (2020),(no genres listed),2020
969,Femme (2023),(no genres listed),2023
970,Ferrari (2023),(no genres listed),2023
971,Ferris Bueller's Day Off (1986),(no genres listed),1986
972,Fifty Shades Darker (2017),(no genres listed),2017
973,Fifty Shades Freed (2018),(no genres listed),2018
974,Fifty Shades of Grey (2015),(no genres listed),2015
975,Fight Club (1999),(no genres listed),1999
976,Fight or Flight (2024),(no genres listed),2024
977,Game of Death (2011),(no genres listed),2011
978,Hello World (2019),(no genres listed),2019
979,Final Destination (2000),(no genres listed),2000
980,Final Destination 2 (2003),(no genres listed),2003
981,Final Destination 3 (2006),(no genres listed),2006
982,Final Destination 5 (2011),(no genres listed),2011
983,Final Destination Bloodlines (2025),(no genres listed),2025
984,Finch (2021),(no genres listed),2021
985,Finding Dory (2016),(no genres listed),2016
986,Finding Nemo (2003),(no genres listed),2003
987,Finestkind (2023),(no genres listed),2023
988,Fire of Love (2022),(no genres listed),2022
989,Fired Up! (2009),(no genres listed),2009
990,Fireworks (2023),(no genres listed),2023
991,First Blood (1982),(no genres listed),1982
992,First Cow (2019),(no genres listed),2019
993,First Man (2018),(no genres listed),2018
994,First They Killed My Father (2017),(no genres listed),2017
995,Five Feet Apart (2019),(no genres listed),2019
996,Five Nights at Freddy's (2023),(no genres listed),2023
997,Five Nights at Freddy's 2 (2025),(no genres listed),2025
998,Flatliners (2017),(no genres listed),2017
999,Flavors of Youth (2018),(no genres listed),2018
1000,FLEETING (2025),(no genres listed),2025
1001,Flight (2012),(no genres listed),2012
1002,Flight Risk (2025),(no genres listed),2025
1003,Flipped (2010),(no genres listed),2010
1004,Florence Foster Jenkins (2016),(no genres listed),2016
1005,Flow (2024),(no genres listed),2024
1006,Fly Me to the Earth (2025),(no genres listed),2025
1007,Fly Me to the Moon (2024),(no genres listed),2024
1008,Focker-In-Law (2026),(no genres listed),2026
1009,Focus (2015),(no genres listed),2015
1010,Foe (2023),(no genres listed),2023
1011,Following (1998),(no genres listed),1998
1012,Following (2024),(no genres listed),2024
1013,For a Few Dollars More (1965),(no genres listed),1965
1014,For My Country (2022),(no genres listed),2022
1015,Forbidden Fruits (2026),(no genres listed),2026
1016,Ford v Ferrari (2019),(no genres listed),2019
1017,Foreman (2017),(no genres listed),2017
1018,Forgetting Sarah Marshall (2008),(no genres listed),2008
1019,Forrest Gump (1994),(no genres listed),1994
1020,Fountain of Youth (2025),(no genres listed),2025
1021,Four Daughters (2023),(no genres listed),2023
1022,Four Little Adults (2023),(no genres listed),2023
1023,Four Sisters Before the Wedding (2020),(no genres listed),2020
1024,Fractured (2019),(no genres listed),2019
1025,Framing Britney Spears (2021),(no genres listed),2021
1026,Frances Ha (2012),(no genres listed),2012
1027,Frank (2014),(no genres listed),2014
1028,Frankenstein (2025),(no genres listed),2025
1029,Freakier Friday (2025),(no genres listed),2025
1030,Freaky Friday (2003),(no genres listed),2003
1031,Freaky Friday (2018),(no genres listed),2018
1032,Freaky Tales (2024),(no genres listed),2024
1033,Free Guy (2021),(no genres listed),2021
1034,Free Solo (2018),(no genres listed),2018
1035,Free State of Jones (2016),(no genres listed),2016
1036,Freedom Writers (2007),(no genres listed),2007
1037,Fresh (2022),(no genres listed),2022
1038,Frida (2002),(no genres listed),2002
1039,Friday the 13th Part VIII: Jason Takes Manhattan (1989),(no genres listed),1989
1040,Friends with Benefits (2011),(no genres listed),2011
1041,Friendship (2024),(no genres listed),2024
1042,Frieren: Beyond Journey's End (2023),(no genres listed),2023
1043,"From Hilde, with Love (2024)",(no genres listed),2024
1044,From Milk To Ashes (2024),(no genres listed),2024
1045,From Russia with Love (1963),(no genres listed),1963
1046,From Up on Poppy Hill (2011),(no genres listed),2011
1047,Frozen II (2019),(no genres listed),2019
1048,Frozen (2013),(no genres listed),2013
1049,Full Metal Jacket (1987),(no genres listed),1987
1050,Fullmetal Alchemist: Brotherhood (2009),(no genres listed),2009
1051,"Fünf Dinge, die ich nicht verstehe (2018)",(no genres listed),2018
1052,Funny Games (1997),(no genres listed),1997
1053,Furiosa: A Mad Max Saga (2024),(no genres listed),2024
1054,Furious 7 (2015),(no genres listed),2015
1055,Furioza (2021),(no genres listed),2021
1056,Fury (2014),(no genres listed),2014
1057,Game Night (2018),(no genres listed),2018
1058,Game of Thrones The IMAX Experience (2015),(no genres listed),2015
1059,Gangs of New York (2002),(no genres listed),2002
1060,Gehraiyaan (2022),(no genres listed),2022
1061,Gen V - Prime Premiere (2023),(no genres listed),2023
1062,Georgetown (2019),(no genres listed),2019
1063,Geostorm (2017),(no genres listed),2017
1064,Get Away (2024),(no genres listed),2024
1065,Get Out (2017),(no genres listed),2017
1066,Gett: The Trial of Viviane Amsalem (2014),(no genres listed),2014
1067,Getting the Old Scent Again: Reimagining Red Dragon (2015),(no genres listed),2015
1068,Ghost in the Shell (1995),(no genres listed),1995
1069,Ghost in the Shell (2017),(no genres listed),2017
1070,Ghost Ship (2002),(no genres listed),2002
1071,Ghostbusters (1984),(no genres listed),1984
1072,Ghostbusters: Afterlife (2021),(no genres listed),2021
1073,Ghostbusters: Frozen Empire (2024),(no genres listed),2024
1074,Ghosted (2023),(no genres listed),2023
1075,Ghostland (2018),(no genres listed),2018
1076,G.I. Joe: Retaliation (2013),(no genres listed),2013
1077,Gifted (2017),(no genres listed),2017
1078,Giri/Haji (2019),(no genres listed),2019
1079,Girl from Nowhere (2026),(no genres listed),2026
1080,Girl from Nowhere: The Reset (2026),(no genres listed),2026
1081,Girl in the Picture (2022),(no genres listed),2022
1082,"Girl, Interrupted (1999)",(no genres listed),1999
1083,Girl Picture (2022),(no genres listed),2022
1084,Girls vs Gangsters (2018),(no genres listed),2018
1085,Girls Will Be Girls (2024),(no genres listed),2024
1086,Give Me Back My Baby (2026),(no genres listed),2026
1087,Gladiator (2000),(no genres listed),2000
1088,Gladiator II (2024),(no genres listed),2024
1089,Glass (2019),(no genres listed),2019
1090,Glass Onion (2022),(no genres listed),2022
1091,Glory (1989),(no genres listed),1989
1092,GOAT (2026),(no genres listed),2026
1093,Godzilla: King of the Monsters (2019),(no genres listed),2019
1094,Godzilla × Kong: The New Empire (2024),(no genres listed),2024
1095,Godzilla Minus One (2023),(no genres listed),2023
1096,Godzilla vs. Kong (2021),(no genres listed),2021
1097,Gold (2016),(no genres listed),2016
1098,Gold (2022),(no genres listed),2022
1099,Gold Kingdom and Water Kingdom (2022),(no genres listed),2022
1100,Golda (2023),(no genres listed),2023
1101,Goldfinger (1964),(no genres listed),1964
1102,GomBurZa (2023),(no genres listed),2023
1103,Gone Girl (2014),(no genres listed),2014
1104,Gone in Sixty Seconds (2000),(no genres listed),2000
1105,Good American Family (2025),(no genres listed),2025
1106,Good Boy (2022),(no genres listed),2022
1107,Good Boy (2025),(no genres listed),2025
1108,Good Fortune (2025),(no genres listed),2025
1109,Good Luck Chuck (2007),(no genres listed),2007
1110,"Good Luck, Have Fun, Don't Die (2025)",(no genres listed),2025
1111,"Good Luck to You, Leo Grande (2022)",(no genres listed),2022
1112,"Good Night, and Good Luck. (2005)",(no genres listed),2005
1113,Good Omens (2019),(no genres listed),2019
1114,Good Time (2017),(no genres listed),2017
1115,Good Will Hunting (1997),(no genres listed),1997
1116,Goodbye First Love (2011),(no genres listed),2011
1117,GoodFellas (1990),(no genres listed),1990
1118,Goodnight Mommy (2014),(no genres listed),2014
1119,Goosebumps 2: Haunted Halloween (2018),(no genres listed),2018
1120,Goyo: The Boy General (2018),(no genres listed),2018
1121,Grace (2025),(no genres listed),2025
1122,Gran Torino (2008),(no genres listed),2008
1123,Gran Turismo (2023),(no genres listed),2023
1124,Grand Theft Hamlet (2024),(no genres listed),2024
1125,Grave Encounters (2011),(no genres listed),2011
1126,Grave Encounters 2 (2012),(no genres listed),2012
1127,Grave of the Fireflies (1988),(no genres listed),1988
1128,Gravity (2013),(no genres listed),2013
1129,Grease (1978),(no genres listed),1978
1130,Grease 2 (1982),(no genres listed),1982
1131,Green Bones (2024),(no genres listed),2024
1132,Green Book (2018),(no genres listed),2018
1133,Green Lantern (2011),(no genres listed),2011
1134,Green Street Hooligans (2005),(no genres listed),2005
1135,Greenland (2020),(no genres listed),2020
1136,Greenland 2: Migration (2026),(no genres listed),2026
1137,Gremlins (1984),(no genres listed),1984
1138,Gridiron Gang (2006),(no genres listed),2006
1139,Grindhouse (2007),(no genres listed),2007
1140,Groot Takes a Bath (2022),(no genres listed),2022
1141,Groot's First Steps (2022),(no genres listed),2022
1142,Groot's Pursuit (2022),(no genres listed),2022
1143,Groundhog Day (1993),(no genres listed),1993
1144,Grown Ups (2010),(no genres listed),2010
1145,Grown Ups 2 (2013),(no genres listed),2013
1146,Guardians of the Galaxy (2014),(no genres listed),2014
1147,Guardians of the Galaxy Vol. 2 (2017),(no genres listed),2017
1148,Guardians of the Galaxy Vol. 3 (2023),(no genres listed),2023
1149,Guillermo del Toro's Pinocchio (2022),(no genres listed),2022
1150,Guy Ritchie's The Covenant (2023),(no genres listed),2023
1151,Hachi: A Dog's Tale (2009),(no genres listed),2009
1152,Hacksaw Ridge (2016),(no genres listed),2016
1153,HAIKYU!! The Dumpster Battle (2024),(no genres listed),2024
1154,"Hail, Caesar! (2016)",(no genres listed),2016
1155,Hairspray (2007),(no genres listed),2007
1156,Halloween (1978),(no genres listed),1978
1157,Halloween (2018),(no genres listed),2018
1158,Halloween Ends (2022),(no genres listed),2022
1159,Halloween Kills (2021),(no genres listed),2021
1160,Hamilton (2020),(no genres listed),2020
1161,Hamnet (2025),(no genres listed),2025
1162,Handling the Undead (2024),(no genres listed),2024
1163,Hannibal (2001),(no genres listed),2001
1164,"Hannibal Lecter, l'icône du mal par excellence (2010)",(no genres listed),2010
1165,Hannibal: This Is My Design (2014),(no genres listed),2014
1166,Hans Zimmer & Friends: Diamond in the Desert (2025),(no genres listed),2025
1167,Happier Than Ever: A Love Letter to Los Angeles (2021),(no genres listed),2021
1168,Happiest Season (2020),(no genres listed),2020
1169,Happiness (1998),(no genres listed),1998
1170,Happiness (2021),(no genres listed),2021
1171,Happiness for Beginners (2023),(no genres listed),2023
1172,Happy Death Day (2017),(no genres listed),2017
1173,Happy Feet (2006),(no genres listed),2006
1174,Happy Gilmore (1996),(no genres listed),1996
1175,Happy Gilmore 2 (2025),(no genres listed),2025
1176,Happy Old Year (2019),(no genres listed),2019
1177,Happy Patel: Khatarnak Jasoos (2026),(no genres listed),2026
1178,Haq (2025),(no genres listed),2025
1179,Harakiri (1962),(no genres listed),1962
1180,Hard Eight (1996),(no genres listed),1996
1181,Hard to Be a God (2013),(no genres listed),2013
1182,Harry Potter 20th Anniversary: Return to Hogwarts (2022),(no genres listed),2022
1183,Harry Potter and the Chamber of Secrets (2002),(no genres listed),2002
1184,Harry Potter and the Deathly Hallows: Part 1 (2010),(no genres listed),2010
1185,Harry Potter and the Deathly Hallows: Part 2 (2011),(no genres listed),2011
1186,Harry Potter and the Goblet of Fire (2005),(no genres listed),2005
1187,Harry Potter and the Half-Blood Prince (2009),(no genres listed),2009
1188,Harry Potter and the Order of the Phoenix (2007),(no genres listed),2007
1189,Harry Potter and the Philosopher's Stone (2001),(no genres listed),2001
1190,Harry Potter and the Prisoner of Azkaban (2004),(no genres listed),2004
1191,Hatching (2022),(no genres listed),2022
1192,Haunted Mansion (2023),(no genres listed),2023
1193,Havoc (2025),(no genres listed),2025
1194,Hawkeye (2021),(no genres listed),2021
1195,Heads of State (2025),(no genres listed),2025
1196,Heart Attack (2015),(no genres listed),2015
1197,Heart Eyes (2025),(no genres listed),2025
1198,Heat (1995),(no genres listed),1995
1199,Heathers (1989),(no genres listed),1989
1200,Heidi (2015),(no genres listed),2015
1201,Hell Comes to Frogtown (1988),(no genres listed),1988
1202,Hell House LLC II: The Abaddon Hotel (2018),(no genres listed),2018
1203,Hell House LLC III: Lake of Fire (2019),(no genres listed),2019
1204,Hell of a Summer (2023),(no genres listed),2023
1205,"Hello, Love, Again (2024)",(no genres listed),2024
1206,Hello Stranger (2010),(no genres listed),2010
1207,Help! (1965),(no genres listed),1965
1208,Helter Skelter (2012),(no genres listed),2012
1209,Heneral Luna (2015),(no genres listed),2015
1210,Her (2013),(no genres listed),2013
1211,Her Blue Sky (2019),(no genres listed),2019
1212,Herbie Fully Loaded (2005),(no genres listed),2005
1213,Here (2023),(no genres listed),2023
1214,Here (2024),(no genres listed),2024
1215,Hereafter (2010),(no genres listed),2010
1216,Hereditary (2018),(no genres listed),2018
1217,Heretic (2024),(no genres listed),2024
1218,He's All That (2021),(no genres listed),2021
1219,He's Just Not That Into You (2009),(no genres listed),2009
1220,Hidden Figures (2016),(no genres listed),2016
1221,High School Musical (2006),(no genres listed),2006
1222,High School Musical 3: Senior Year (2008),(no genres listed),2008
1223,Highest 2 Lowest (2025),(no genres listed),2025
1224,Highway (2014),(no genres listed),2014
1225,HIM (2025),(no genres listed),2025
1226,Himizu (2011),(no genres listed),2011
1227,Hindi Medium (2017),(no genres listed),2017
1228,Hippocrates (2014),(no genres listed),2014
1229,HIS & HERS (2026),(no genres listed),2026
1230,His Three Daughters (2023),(no genres listed),2023
1231,"history of the entire world, i guess (2017)",(no genres listed),2017
1232,Hit Man (2023),(no genres listed),2023
1233,Hitman: Agent Jun (2020),(no genres listed),2020
1234,Hitman's Wife's Bodyguard (2021),(no genres listed),2021
1235,Hocus Pocus 2 (2022),(no genres listed),2022
1236,Hokum (2026),(no genres listed),2026
1237,Holidate (2020),(no genres listed),2020
1238,Hollywood Ending (2002),(no genres listed),2002
1239,Home (2015),(no genres listed),2015
1240,Home Alone (1990),(no genres listed),1990
1241,Home Alone 2: Lost in New York (1992),(no genres listed),1992
1242,Home Sweet Home Alone (2021),(no genres listed),2021
1243,Homebound (2025),(no genres listed),2025
1244,Homefront (2013),(no genres listed),2013
1245,Honest Thief (2020),(no genres listed),2020
1246,Honey Don't! (2025),(no genres listed),2025
1247,Hop (2011),(no genres listed),2011
1248,Hopeless (2023),(no genres listed),2023
1249,Hoppers (2026),(no genres listed),2026
1250,Hormones (2008),(no genres listed),2008
1251,Horrible Bosses (2011),(no genres listed),2011
1252,Horse Girl (2020),(no genres listed),2020
1253,Hot Frosty (2024),(no genres listed),2024
1254,Hot Fuzz (2007),(no genres listed),2007
1255,Hot Milk (2025),(no genres listed),2025
1256,Hot Rod (2007),(no genres listed),2007
1257,Hot Summer Nights (2017),(no genres listed),2017
1258,Hot Tub Time Machine (2010),(no genres listed),2010
1259,Hotel by the River (2018),(no genres listed),2018
1260,Hotel Transylvania (2012),(no genres listed),2012
1261,Hotel Transylvania 2 (2015),(no genres listed),2015
1262,Hotel Transylvania 3: Summer Vacation (2018),(no genres listed),2018
1263,House Hunting (2006),(no genres listed),2006
1264,House of Gucci (2021),(no genres listed),2021
1265,House of Wax (2005),(no genres listed),2005
1266,House Party (2023),(no genres listed),2023
1267,Housefull 5 (2025),(no genres listed),2025
1268,How About Adolf? (2018),(no genres listed),2018
1269,How Do You Know (2010),(no genres listed),2010
1270,How I Became a Gangster (2019),(no genres listed),2019
1271,How the Grinch Stole Christmas (2000),(no genres listed),2000
1272,How to Lose a Guy in 10 Days (2003),(no genres listed),2003
1273,How to Make a Killing (2026),(no genres listed),2026
1274,How to Make Millions Before Grandma Dies (2024),(no genres listed),2024
1275,How to Talk to Girls at Parties (2017),(no genres listed),2017
1276,How to Train Your Dragon (2010),(no genres listed),2010
1277,How to Train Your Dragon 2 (2014),(no genres listed),2014
1278,How to Train Your Dragon (2025),(no genres listed),2025
1279,How to Train Your Dragon: The Hidden World (2019),(no genres listed),2019
1280,Howl's Moving Castle (2004),(no genres listed),2004
1281,Hridayam (2022),(no genres listed),2022
1282,Hubie Halloween (2020),(no genres listed),2020
1283,Hugo (2011),(no genres listed),2011
1284,Hulk (2003),(no genres listed),2003
1285,Human Resource (2025),(no genres listed),2025
1286,Humanist Vampire Seeking Consenting Suicidal Person (2023),(no genres listed),2023
1287,Hundertdreizehn (2025),(no genres listed),2025
1288,Hundreds of Beavers (2022),(no genres listed),2022
1289,Hunger (2023),(no genres listed),2023
1290,Hunt for the Wilderpeople (2016),(no genres listed),2016
1291,Hurry Up Tomorrow (2025),(no genres listed),2025
1292,Husband Swap (2018),(no genres listed),2018
1293,Hush (2016),(no genres listed),2016
1294,Hustle (2022),(no genres listed),2022
1295,Hustlers (2019),(no genres listed),2019
1296,Hypnotic (2021),(no genres listed),2021
1297,I Am Legend (2007),(no genres listed),2007
1298,I Am Mother (2019),(no genres listed),2019
1299,I Am Sam (2001),(no genres listed),2001
1300,I Believe in Unicorns (2014),(no genres listed),2014
1301,I Can Quit Whenever I Want (2014),(no genres listed),2014
1302,I Care a Lot (2020),(no genres listed),2020
1303,I Fine.. Thank You..Love You (2014),(no genres listed),2014
1304,I Just Killed My Dad (2022),(no genres listed),2022
1305,I Know This Much Is True (2020),(no genres listed),2020
1306,I Know What You Did Last Summer (1997),(no genres listed),1997
1307,I Know What You Did Last Summer (2025),(no genres listed),2025
1308,I Love Lizzy (2023),(no genres listed),2023
1309,I Love You Phillip Morris (2009),(no genres listed),2009
1310,I Origins (2014),(no genres listed),2014
1311,"I, Robot (2004)",(no genres listed),2004
1312,I Saw the Devil (2010),(no genres listed),2010
1313,I Saw the TV Glow (2024),(no genres listed),2024
1314,I See You (2019),(no genres listed),2019
1315,I Still See You (2018),(no genres listed),2018
1316,I Swear (2025),(no genres listed),2025
1317,"I, Tonya (2017)",(no genres listed),2017
1318,I Want to Eat Your Pancreas (2018),(no genres listed),2018
1319,Ice Age (2002),(no genres listed),2002
1320,Ice Age: Continental Drift (2012),(no genres listed),2012
1321,Ice Age: The Meltdown (2006),(no genres listed),2006
1322,Identity (2025),(no genres listed),2025
1323,IF (2024),(no genres listed),2024
1324,If Anything Happens I Love You (2020),(no genres listed),2020
1325,If Beale Street Could Talk (2018),(no genres listed),2018
1326,If I Had Legs I'd Kick You (2025),(no genres listed),2025
1327,If Wishes Could Kill (2026),(no genres listed),2026
1328,Ikiru (1952),(no genres listed),1952
1329,Ikkis (2026),(no genres listed),2026
1330,"I'm a Cyborg, But That's OK (2006)",(no genres listed),2006
1331,I'm Back (2018),(no genres listed),2018
1332,"I'm Drunk, I Love You (2017)",(no genres listed),2017
1333,I'm Still Here (2024),(no genres listed),2024
1334,Imaginary (2024),(no genres listed),2024
1335,Imaginary Flying Machines (2002),(no genres listed),2002
1336,Immaculate (2024),(no genres listed),2024
1337,Impossible Things (2021),(no genres listed),2021
1338,In a Violent Nature (2024),(no genres listed),2024
1339,In Bruges (2008),(no genres listed),2008
1340,In the Heart of the Sea (2015),(no genres listed),2015
1341,In the Heights (2021),(no genres listed),2021
1342,In the Mood for Love (2000),(no genres listed),2000
1343,In the Tall Grass (2019),(no genres listed),2019
1344,In Time (2011),(no genres listed),2011
1345,In Water (2023),(no genres listed),2023
1346,Incantation (2022),(no genres listed),2022
1347,Incendies (2010),(no genres listed),2010
1348,Inception (2010),(no genres listed),2010
1349,Incoming (2024),(no genres listed),2024
1350,Incredibles 2 (2018),(no genres listed),2018
1351,Incredibles 3 (2028),(no genres listed),2028
1352,Independence Day (1996),(no genres listed),1996
1353,Independence Day: Resurgence (2016),(no genres listed),2016
1354,Indiana Jones and the Dial of Destiny (2023),(no genres listed),2023
1355,Indiana Jones and the Kingdom of the Crystal Skull (2008),(no genres listed),2008
1356,Infinity Pool (2023),(no genres listed),2023
1357,Inglourious Basterds (2009),(no genres listed),2009
1358,Inherent Vice (2014),(no genres listed),2014
1359,Inheritance (2020),(no genres listed),2020
1360,Inland Empire (2006),(no genres listed),2006
1361,Inside (2023),(no genres listed),2023
1362,Inside Out 2 (2024),(no genres listed),2024
1363,Inside Out (2015),(no genres listed),2015
1364,Insidious: The Red Door (2023),(no genres listed),2023
1365,Insomnia (2002),(no genres listed),2002
1366,Instant Family (2018),(no genres listed),2018
1367,Insurgent (2015),(no genres listed),2015
1368,Interstella 5555: The 5tory of the 5ecret 5tar 5ystem (2003),(no genres listed),2003
1369,Interstellar (2014),(no genres listed),2014
1370,Interview with the Vampire (1994),(no genres listed),1994
1371,Into the Blue (2005),(no genres listed),2005
1372,Into the Deep (2025),(no genres listed),2025
1373,Into the Fire: The Lost Daughter (2024),(no genres listed),2024
1374,Into the Wild (2007),(no genres listed),2007
1375,Into the Woods (2014),(no genres listed),2014
1376,Inventing Anna (2022),(no genres listed),2022
1377,Invisible (2024),(no genres listed),2024
1378,Ip Man 2 (2010),(no genres listed),2010
1379,Ip Man 4: The Finale (2019),(no genres listed),2019
1380,Iron Lung (2026),(no genres listed),2026
1381,Iron Man 2 (2010),(no genres listed),2010
1382,Iron Man (2008),(no genres listed),2008
1383,Iron Man 3 (2013),(no genres listed),2013
1384,Ironheart (2025),(no genres listed),2025
1385,Irrational Man (2015),(no genres listed),2015
1386,Irresistible (2020),(no genres listed),2020
1387,Is This Thing On? (2025),(no genres listed),2025
1388,Isi & Ossi (2020),(no genres listed),2020
1389,Islands (2025),(no genres listed),2025
1390,Isle of Dogs (2018),(no genres listed),2018
1391,It (2017),(no genres listed),2017
1392,It Chapter Two (2019),(no genres listed),2019
1393,It Comes at Night (2017),(no genres listed),2017
1394,It Ends (2025),(no genres listed),2025
1395,It Ends with Us (2024),(no genres listed),2024
1396,It Feeds (2025),(no genres listed),2025
1397,It Follows (2014),(no genres listed),2014
1398,It Was Just an Accident (2025),(no genres listed),2025
1399,Italiano medio (2015),(no genres listed),2015
1400,It's a Wonderful Life (1946),(no genres listed),1946
1401,"It's Never Over, Jeff Buckley (2025)",(no genres listed),2025
1402,It's Okay to Not Be Okay (2020),(no genres listed),2020
1403,It's What's Inside (2024),(no genres listed),2024
1404,Jaat (2025),(no genres listed),2025
1405,Jack and Jill (2011),(no genres listed),2011
1406,Jack Mimoun & the Secrets of Val Verde (2022),(no genres listed),2022
1407,Jack Reacher (2012),(no genres listed),2012
1408,Jackass Forever (2022),(no genres listed),2022
1409,Jackass Shark Week (2021),(no genres listed),2021
1410,Jackie Brown (1997),(no genres listed),1997
1411,Jagga Jasoos (2017),(no genres listed),2017
1412,Jan Dara (2001),(no genres listed),2001
1413,Jane Austen Wrecked My Life (2024),(no genres listed),2024
1414,Jason Bourne (2016),(no genres listed),2016
1415,Jason Goes to Hell: The Final Friday (1993),(no genres listed),1993
1416,Jaws (1975),(no genres listed),1975
1417,Jaws 2 (1978),(no genres listed),1978
1418,Jaws 3-D (1983),(no genres listed),1983
1419,Jay Kelly (2025),(no genres listed),2025
1420,Jealousy (2013),(no genres listed),2013
1421,Jeepers Creepers 2 (2003),(no genres listed),2003
1422,Jennifer's Body (2009),(no genres listed),2009
1423,Jerry Maguire (1996),(no genres listed),1996
1424,Jesus Revolution (2023),(no genres listed),2023
1425,Jigsaw (2017),(no genres listed),2017
1426,John Tucker Must Die (2006),(no genres listed),2006
1427,John Wick (2014),(no genres listed),2014
1428,John Wick: Chapter 2 (2017),(no genres listed),2017
1429,John Wick: Chapter 3 – Parabellum (2019),(no genres listed),2019
1430,John Wick: Chapter 4 (2023),(no genres listed),2023
1431,Jojo Rabbit (2019),(no genres listed),2019
1432,JoJo's Bizarre Adventure: Golden Wind (2018),(no genres listed),2018
1433,JoJo's Bizarre Adventure: Stardust Crusaders (2014),(no genres listed),2014
1434,Joker (2019),(no genres listed),2019
1435,Joker: Folie à Deux (2024),(no genres listed),2024
1436,Jolly LLB 3 (2025),(no genres listed),2025
1437,Jonathan Livingston Seagull (1973),(no genres listed),1973
1438,"Josee, the Tiger and the Fish (2020)",(no genres listed),2020
1439,Journey 2: The Mysterious Island (2012),(no genres listed),2012
1440,Journey to the Center of the Earth (2008),(no genres listed),2008
1441,Judgment at Nuremberg (1961),(no genres listed),1961
1442,Judwaa 2 (2017),(no genres listed),2017
1443,JUJUTSU KAISEN (2020),(no genres listed),2020
1444,Jujutsu Kaisen 0 (2021),(no genres listed),2021
1445,JUJUTSU KAISEN: Execution (2025),(no genres listed),2025
1446,JUJUTSU KAISEN: Hidden Inventory / Premature Death - The Movie (2025),(no genres listed),2025
1447,Julie & Julia (2009),(no genres listed),2009
1448,Jumanji (1995),(no genres listed),1995
1449,Jumanji: The Next Level (2019),(no genres listed),2019
1450,Jumanji: Welcome to the Jungle (2017),(no genres listed),2017
1451,Jungle Cruise (2021),(no genres listed),2021
1452,Juno (2007),(no genres listed),2007
1453,Junun (2015),(no genres listed),2015
1454,Jupiter Ascending (2015),(no genres listed),2015
1455,Jurassic Park (1993),(no genres listed),1993
1456,Jurassic Park III (2001),(no genres listed),2001
1457,Jurassic World (2015),(no genres listed),2015
1458,Jurassic World Dominion (2022),(no genres listed),2022
1459,Jurassic World: Fallen Kingdom (2018),(no genres listed),2018
1460,Jurassic World Rebirth (2025),(no genres listed),2025
1461,Juror #2 (2024),(no genres listed),2024
1462,Just a Stranger (2019),(no genres listed),2019
1463,Just Between Lovers (2017),(no genres listed),2017
1464,Just Go with It (2011),(no genres listed),2011
1465,Just Like Heaven (2005),(no genres listed),2005
1466,Just Mercy (2019),(no genres listed),2019
1467,Just the Way You Are (2015),(no genres listed),2015
1468,Just Wright (2010),(no genres listed),2010
1469,Justice League (2017),(no genres listed),2017
1470,Justice League: The Flashpoint Paradox (2013),(no genres listed),2013
1471,Justice League vs. Teen Titans (2016),(no genres listed),2016
1472,Justice League: War (2014),(no genres listed),2014
1473,Kabhi Khushi Kabhie Gham (2001),(no genres listed),2001
1474,Kabir Singh (2019),(no genres listed),2019
1475,Kaleidoscope (2023),(no genres listed),2023
1476,Kamen Rider Build The Movie: Be The One (2018),(no genres listed),2018
1477,Kara Gözlüm (1970),(no genres listed),1970
1478,Karate Kid: Legends (2025),(no genres listed),2025
1479,Keeper (2025),(no genres listed),2025
1480,K.G.F: Chapter 1 (2018),(no genres listed),2018
1481,K.G.F: Chapter 2 (2022),(no genres listed),2022
1482,Kho Gaye Hum Kahan (2023),(no genres listed),2023
1483,Kick-Ass (2010),(no genres listed),2010
1484,Kick-Ass 2 (2013),(no genres listed),2013
1485,Kicking & Screaming (2005),(no genres listed),2005
1486,Kids vs. Aliens (2022),(no genres listed),2022
1487,Kiki's Delivery Service (1989),(no genres listed),1989
1488,Kill Bill: The Whole Bloody Affair (2004),(no genres listed),2004
1489,Kill Bill: Vol. 1 (2003),(no genres listed),2003
1490,Kill Bill: Vol. 2 (2004),(no genres listed),2004
1491,Killer Elite (2011),(no genres listed),2011
1492,Killers of the Flower Moon (2023),(no genres listed),2023
1493,Killing Gunther (2017),(no genres listed),2017
1494,Kin (2018),(no genres listed),2018
1495,Kinds of Kindness (2024),(no genres listed),2024
1496,King Arthur: Legend of the Sword (2017),(no genres listed),2017
1497,King Kong (2005),(no genres listed),2005
1498,King Richard (2021),(no genres listed),2021
1499,King the Land (2023),(no genres listed),2023
1500,Kingdom of Heaven (2005),(no genres listed),2005
1501,Kingdom of the Planet of the Apes (2024),(no genres listed),2024
1502,Kingsman: The Golden Circle (2017),(no genres listed),2017
1503,Kingsman: The Secret Service (2014),(no genres listed),2014
1504,Klaus (2019),(no genres listed),2019
1505,Kleks Academy (2023),(no genres listed),2023
1506,Kleks Academy 2 (2025),(no genres listed),2025
1507,Kneecap (2024),(no genres listed),2024
1508,Knives Out (2019),(no genres listed),2019
1509,Knock at the Cabin (2023),(no genres listed),2023
1510,Knock Knock (2015),(no genres listed),2015
1511,Knowing (2009),(no genres listed),2009
1512,Knuckles (2024),(no genres listed),2024
1513,Kong: Skull Island (2017),(no genres listed),2017
1514,Kontrabida Academy (2025),(no genres listed),2025
1515,Koro's Big Day Out (2002),(no genres listed),2002
1516,Kotaro Lives Alone (2022),(no genres listed),2022
1517,KPop Demon Hunters (2025),(no genres listed),2025
1518,Kraven the Hunter (2024),(no genres listed),2024
1519,Kubo and the Two Strings (2016),(no genres listed),2016
1520,Kung Fu Panda (2008),(no genres listed),2008
1521,Kung Fu Panda 2 (2011),(no genres listed),2011
1522,Kung Fu Panda 3 (2016),(no genres listed),2016
1523,Kung Fu Panda 4 (2024),(no genres listed),2024
1524,Kutsal Damacana 4 (2023),(no genres listed),2023
1525,La Belle Noiseuse (1991),(no genres listed),1991
1526,La Chimera (2023),(no genres listed),2023
1527,La Dolce Vita (1960),(no genres listed),1960
1528,La Grazia (2025),(no genres listed),2025
1529,La Haine (1995),(no genres listed),1995
1530,La La Land (2016),(no genres listed),2016
1531,La Notte (1961),(no genres listed),1961
1532,La Vie en Rose (2007),(no genres listed),2007
1533,Labyrinth (1986),(no genres listed),1986
1534,Ladies First (2026),(no genres listed),2026
1535,Lady Bird (2017),(no genres listed),2017
1536,Lady Chatterley's Lover (2022),(no genres listed),2022
1537,Lady Vengeance (2005),(no genres listed),2005
1538,Lamborghini: The Man Behind the Legend (2022),(no genres listed),2022
1539,Land of Sin (2026),(no genres listed),2026
1540,Lapland Odyssey 4 (2022),(no genres listed),2022
1541,Lars and the Real Girl (2007),(no genres listed),2007
1542,Last Night in Soho (2021),(no genres listed),2021
1543,Last Summer (2024),(no genres listed),2024
1544,Late Afternoon (2017),(no genres listed),2017
1545,Late Night with the Devil (2023),(no genres listed),2023
1546,Late Shift (2025),(no genres listed),2025
1547,Latin Blood – The Ballad of Ney Matogrosso (2025),(no genres listed),2025
1548,Laurence Anyways (2012),(no genres listed),2012
1549,L'Avventura (1960),(no genres listed),1960
1550,Law Abiding Citizen (2009),(no genres listed),2009
1551,Lawrence of Arabia (1962),(no genres listed),1962
1552,Le Havre (2011),(no genres listed),2011
1553,Leave No Trace (2018),(no genres listed),2018
1554,Leave the World Behind (2023),(no genres listed),2023
1555,Lee (2023),(no genres listed),2023
1556,Lee Cronin's The Mummy (2026),(no genres listed),2026
1557,Left Behind (2014),(no genres listed),2014
1558,Left-Handed Girl (2025),(no genres listed),2025
1559,Legally Blonde (2001),(no genres listed),2001
1560,Legally Blonde: The Musical (2007),(no genres listed),2007
1561,Legally Blondes (2009),(no genres listed),2009
1562,Legend (2015),(no genres listed),2015
1563,Leo (2023),(no genres listed),2023
1564,Léon: The Professional (1994),(no genres listed),1994
1565,Les Misérables (2012),(no genres listed),2012
1566,Let Him Go (2020),(no genres listed),2020
1567,Let Me In (2010),(no genres listed),2010
1568,Let the Right One In (2008),(no genres listed),2008
1569,Let the Sunshine In (2017),(no genres listed),2017
1570,Lethal Weapon (1987),(no genres listed),1987
1571,Letters to Juliet (2010),(no genres listed),2010
1572,Letters to Santa 3 (2017),(no genres listed),2017
1573,Letters to Santa 4 (2021),(no genres listed),2021
1574,Letters to Santa 5 (2022),(no genres listed),2022
1575,Letters to Santa 6 (2024),(no genres listed),2024
1576,Level 16 (2018),(no genres listed),2018
1577,Leviathan (2014),(no genres listed),2014
1578,Licorice Pizza (2021),(no genres listed),2021
1579,Life During Wartime (2009),(no genres listed),2009
1580,Life Is Beautiful (1997),(no genres listed),1997
1581,Life of Brian (1979),(no genres listed),1979
1582,Life of Pi (2012),(no genres listed),2012
1583,Life or Something Like It (2002),(no genres listed),2002
1584,Lightyear (2022),(no genres listed),2022
1585,"Like Father, Like Son (2013)",(no genres listed),2013
1586,Like Stars on Earth (2007),(no genres listed),2007
1587,Lilo & Stitch (2002),(no genres listed),2002
1588,Lilo & Stitch (2025),(no genres listed),2025
1589,Limitless (2011),(no genres listed),2011
1590,Lincoln (2012),(no genres listed),2012
1591,Lisa Frankenstein (2024),(no genres listed),2024
1592,Little Amélie or the Character of Rain (2025),(no genres listed),2025
1593,Little Fires Everywhere (2020),(no genres listed),2020
1594,Little Fish (2020),(no genres listed),2020
1595,Little Hearts (2025),(no genres listed),2025
1596,Little Lord Fauntleroy (1980),(no genres listed),1980
1597,Little Miss Sunshine (2006),(no genres listed),2006
1598,Little Women (1994),(no genres listed),1994
1599,Little Women (2017),(no genres listed),2017
1600,Little Women (2019),(no genres listed),2019
1601,Live Free or Die Hard (2007),(no genres listed),2007
1602,"Lock, Stock and Two Smoking Barrels (1998)",(no genres listed),1998
1603,Locked (2025),(no genres listed),2025
1604,Logan (2017),(no genres listed),2017
1605,Lokah Chapter 1: Chandra (2025),(no genres listed),2025
1606,Loki (2021),(no genres listed),2021
1607,Lolita (1997),(no genres listed),1997
1608,Lolo and the Kid (2024),(no genres listed),2024
1609,London Has Fallen (2016),(no genres listed),2016
1610,Long Good Thursday (2024),(no genres listed),2024
1611,Long Way Up (2020),(no genres listed),2020
1612,Longlegs (2024),(no genres listed),2024
1613,Look Back (2024),(no genres listed),2024
1614,Look Who's Back (2015),(no genres listed),2015
1615,Looking for Alaska (2019),(no genres listed),2019
1616,Looney Tunes: Back in Action (2003),(no genres listed),2003
1617,Lord of the Flies (2026),(no genres listed),2026
1618,Loro (2018),(no genres listed),2018
1619,Lost Highway (1997),(no genres listed),1997
1620,Lost in Translation (2003),(no genres listed),2003
1621,Lost Ladies (2023),(no genres listed),2023
1622,Louis Theroux: Inside the Manosphere (2026),(no genres listed),2026
1623,Louis Theroux: Surviving America’s Most Hated Family (2019),(no genres listed),2019
1624,Love (2015),(no genres listed),2015
1625,Love (2016),(no genres listed),2016
1626,Love Actually (2003),(no genres listed),2003
1627,Love and Monsters (2020),(no genres listed),2020
1628,Love at First Sight (2023),(no genres listed),2023
1629,Love Child (2024),(no genres listed),2024
1630,"Love, Death & Robots: 400 Boys (2025)",(no genres listed),2025
1631,"Love, Death & Robots: Bad Travelling (2022)",(no genres listed),2022
1632,"Love, Death & Robots: Can't Stop (2025)",(no genres listed),2025
1633,"Love, Death & Robots: Close Encounters of the Mini Kind (2025)",(no genres listed),2025
1634,"Love, Death & Robots: For He Can Creep (2025)",(no genres listed),2025
1635,"Love, Death & Robots: Golgotha (2025)",(no genres listed),2025
1636,"Love, Death & Robots: How Zeke Got Religion (2025)",(no genres listed),2025
1637,"Love, Death & Robots: In Vaulted Halls Entombed (2022)",(no genres listed),2022
1638,"Love, Death & Robots: Jibaro (2022)",(no genres listed),2022
1639,"Love, Death & Robots: Kill Team Kill (2022)",(no genres listed),2022
1640,"Love, Death & Robots: Mason's Rats (2022)",(no genres listed),2022
1641,"Love, Death & Robots: Night of the Mini Dead (2022)",(no genres listed),2022
1642,"Love, Death & Robots: Smart Appliances, Stupid Owners (2025)",(no genres listed),2025
1643,"Love, Death & Robots: Spider Rose (2025)",(no genres listed),2025
1644,"Love, Death & Robots: Swarm (2022)",(no genres listed),2022
1645,"Love, Death & Robots: The Other Large Thing (2025)",(no genres listed),2025
1646,"Love, Death & Robots: The Screaming of the Tyrannosaur (2025)",(no genres listed),2025
1647,"Love, Death & Robots: The Very Pulse of the Machine (2022)",(no genres listed),2022
1648,"Love, Death & Robots: The Witness (2019)",(no genres listed),2019
1649,"Love, Death & Robots: Three Robots: Exit Strategies (2022)",(no genres listed),2022
1650,"Love, Gilda (2018)",(no genres listed),2018
1651,Love Hard (2021),(no genres listed),2021
1652,Love in the Big City (2024),(no genres listed),2024
1653,Love In The Big City (2024),(no genres listed),2024
1654,Love Is Better the Second Time Around (2024),(no genres listed),2024
1655,Love Is Overrated (2025),(no genres listed),2025
1656,Love Lies Bleeding (2024),(no genres listed),2024
1657,Love Me Actually (2019),(no genres listed),2019
1658,Love Me Love Me (2026),(no genres listed),2026
1659,Love & Mercy (2014),(no genres listed),2014
1660,Love of Siam (2007),(no genres listed),2007
1661,Love & Other Drugs (2010),(no genres listed),2010
1662,Love Reset (2023),(no genres listed),2023
1663,"Love, Rosie (2014)",(no genres listed),2014
1664,"Love, Simon (2018)",(no genres listed),2018
1665,Love Through a Prism (2026),(no genres listed),2026
1666,Love Untangled (2025),(no genres listed),2025
1667,Love You to the Stars and Back (2017),(no genres listed),2017
1668,Lovely Runner (2024),(no genres listed),2024
1669,Loving Vincent (2017),(no genres listed),2017
1670,Loving Vincent: The Impossible Dream (2019),(no genres listed),2019
1671,Luca (2021),(no genres listed),2021
1672,Luck (2022),(no genres listed),2022
1673,Luckiest Girl Alive (2022),(no genres listed),2022
1674,Lucky Star (2007),(no genres listed),2007
1675,Lucy (2014),(no genres listed),2014
1676,Luottomies-elokuva: All in (2024),(no genres listed),2024
1677,Lurker (2025),(no genres listed),2025
1678,"Lust, Caution (2007)",(no genres listed),2007
1679,Luther (2003),(no genres listed),2003
1680,Luther: The Fallen Sun (2023),(no genres listed),2023
1681,"Lyle, Lyle, Crocodile (2022)",(no genres listed),2022
1682,M/S Romantic (2019),(no genres listed),2019
1683,M3GAN (2022),(no genres listed),2022
1684,M3GAN 2.0 (2025),(no genres listed),2025
1685,Ma (2019),(no genres listed),2019
1686,Mad Max: Fury Road (2015),(no genres listed),2015
1687,Madagascar (2005),(no genres listed),2005
1688,Madagascar: Escape 2 Africa (2008),(no genres listed),2008
1689,Madame Web (2024),(no genres listed),2024
1690,Madaran's World (2007),(no genres listed),2007
1691,Made in Abyss: Dawn of the Deep Soul (2020),(no genres listed),2020
1692,Madea's Destination Wedding (2025),(no genres listed),2025
1693,MadS (2024),(no genres listed),2024
1694,Maestro (2023),(no genres listed),2023
1695,Magazine Dreams (2023),(no genres listed),2023
1696,Magic Farm (2025),(no genres listed),2025
1697,Magic in the Moonlight (2014),(no genres listed),2014
1698,Magic Mike's Last Dance (2023),(no genres listed),2023
1699,Magnolia (1999),(no genres listed),1999
1700,Magnum Opus (2022),(no genres listed),2022
1701,Maharaja (2024),(no genres listed),2024
1702,Maid (2021),(no genres listed),2021
1703,Making a Murderer (2015),(no genres listed),2015
1704,Malcolm & Marie (2021),(no genres listed),2021
1705,Maleficent (2014),(no genres listed),2014
1706,Maleficent: Mistress of Evil (2019),(no genres listed),2019
1707,Malignant (2021),(no genres listed),2021
1708,Mallari (2023),(no genres listed),2023
1709,Mamma Mia! (2008),(no genres listed),2008
1710,Mamma Mia! Here We Go Again (2018),(no genres listed),2018
1711,Man of Steel (2013),(no genres listed),2013
1712,Manchester by the Sea (2016),(no genres listed),2016
1713,MANHUNT (2025),(no genres listed),2025
1714,Maniac (2018),(no genres listed),2018
1715,Mank (2020),(no genres listed),2020
1716,Marcel the Shell with Shoes On (2010),(no genres listed),2010
1717,Marcel the Shell with Shoes On (2021),(no genres listed),2021
1718,"Marcel the Shell with Shoes On, Three (2014)",(no genres listed),2014
1719,"Marcel the Shell with Shoes On, Two (2011)",(no genres listed),2011
1720,Marcello Hernández: American Boy (2026),(no genres listed),2026
1721,Mare of Easttown (2021),(no genres listed),2021
1722,Margin Call (2011),(no genres listed),2011
1723,Mariana's Room (2025),(no genres listed),2025
1724,Marie Antoinette (2006),(no genres listed),2006
1725,Mario Puzo's The Godfather: The Complete Novel for Television (1977),(no genres listed),1977
1726,Marriage Story (2019),(no genres listed),2019
1727,Marrowbone (2017),(no genres listed),2017
1728,Marry Me (2022),(no genres listed),2022
1729,Mars Attacks! (1996),(no genres listed),1996
1730,Martin Eden (2019),(no genres listed),2019
1731,Martin Margiela: In His Own Words (2019),(no genres listed),2019
1732,"Marty, Life Is Short (2026)",(no genres listed),2026
1733,Marty Supreme (2025),(no genres listed),2025
1734,Mary and Max (2009),(no genres listed),2009
1735,"Mary Is Happy, Mary Is Happy. (2013)",(no genres listed),2013
1736,Mary Poppins (1964),(no genres listed),1964
1737,Mary Poppins Returns (2018),(no genres listed),2018
1738,Masquerade (2022),(no genres listed),2022
1739,Match (2025),(no genres listed),2025
1740,Match Point (2005),(no genres listed),2005
1741,Materialists (2025),(no genres listed),2025
1742,Matilda (1996),(no genres listed),1996
1743,Matt McCusker: A Humble Offering (2025),(no genres listed),2025
1744,Maurice's Bar (2023),(no genres listed),2023
1745,MaXXXine (2024),(no genres listed),2024
1746,May December (2023),(no genres listed),2023
1747,Mayday (2020),(no genres listed),2020
1748,Maze Runner: The Death Cure (2018),(no genres listed),2018
1749,Maze Runner: The Scorch Trials (2015),(no genres listed),2015
1750,McQueen (2018),(no genres listed),2018
1751,Me and Earl and the Dying Girl (2015),(no genres listed),2015
1752,Me and You and Everyone We Know (2005),(no genres listed),2005
1753,Me Before You (2016),(no genres listed),2016
1754,Me Time (2022),(no genres listed),2022
1755,Mean Girls (2004),(no genres listed),2004
1756,Mean Girls 2 (2011),(no genres listed),2011
1757,Mean Girls (2024),(no genres listed),2024
1758,Mechanic: Resurrection (2016),(no genres listed),2016
1759,Medusa (2025),(no genres listed),2025
1760,Meek's Cutoff (2010),(no genres listed),2010
1761,Meet Joe Black (1998),(no genres listed),1998
1762,Meet Me in St. Gallen (2018),(no genres listed),2018
1763,Meet the Barbarians (2024),(no genres listed),2024
1764,Meet the Fockers (2004),(no genres listed),2004
1765,Meet the Leroys (2024),(no genres listed),2024
1766,Meet the Robinsons (2007),(no genres listed),2007
1767,Meg 2: The Trench (2023),(no genres listed),2023
1768,Megalodon (2018),(no genres listed),2018
1769,Megalopolis (2024),(no genres listed),2024
1770,Megamind (2010),(no genres listed),2010
1771,Megamind: The Button of Doom (2011),(no genres listed),2011
1772,Megamind vs. the Doom Syndicate (2024),(no genres listed),2024
1773,Megan Is Missing (2011),(no genres listed),2011
1774,Mei and the Kittenbus (2002),(no genres listed),2002
1775,Melancholia (2011),(no genres listed),2011
1776,Melania (2026),(no genres listed),2026
1777,Memento (2000),(no genres listed),2000
1778,Memoir of a Snail (2024),(no genres listed),2024
1779,Memoria (2021),(no genres listed),2021
1780,Memories of Murder (2003),(no genres listed),2003
1781,Men (2022),(no genres listed),2022
1782,Men in Black 3 (2012),(no genres listed),2012
1783,Men in Black II (2002),(no genres listed),2002
1784,Men in Black: International (2019),(no genres listed),2019
1785,Mercy (2026),(no genres listed),2026
1786,Metro... In Dino (2025),(no genres listed),2025
1787,Metropolis (2001),(no genres listed),2001
1788,Mia (2023),(no genres listed),2023
1789,Michael (2026),(no genres listed),2026
1790,Mickey 17 (2025),(no genres listed),2025
1791,Mickey One (1965),(no genres listed),1965
1792,mid90s (2018),(no genres listed),2018
1793,Midnight in Paris (2011),(no genres listed),2011
1794,Midnight Sun (2018),(no genres listed),2018
1795,Midsommar (2019),(no genres listed),2019
1796,Migration (2023),(no genres listed),2023
1797,Mikado (2024),(no genres listed),2024
1798,Mike & Nick & Nick & Alice (2026),(no genres listed),2026
1799,Milk & Serial (2024),(no genres listed),2024
1800,Minamahal (2025),(no genres listed),2025
1801,Minari (2020),(no genres listed),2020
1802,Mindfulness and Murder (2011),(no genres listed),2011
1803,Minions (2015),(no genres listed),2015
1804,Minions: The Rise of Gru (2022),(no genres listed),2022
1805,Minority Report (2002),(no genres listed),2002
1806,Mira (2022),(no genres listed),2022
1807,Miracle in Cell No. 7 (2019),(no genres listed),2019
1808,"Miraculous: Ladybug & Cat Noir, The Movie (2023)",(no genres listed),2023
1809,Miroirs No. 3 (2025),(no genres listed),2025
1810,Misfits (2015),(no genres listed),2015
1811,Miss Granny (2018),(no genres listed),2018
1812,Miss & Mrs. Cops (2019),(no genres listed),2019
1813,Miss Peregrine's Home for Peculiar Children (2016),(no genres listed),2016
1814,Miss Saigon: 25th Anniversary Performance (2016),(no genres listed),2016
1815,Missing (2023),(no genres listed),2023
1816,Missing Link (2019),(no genres listed),2019
1817,Mission Blue (2014),(no genres listed),2014
1818,Mission: Impossible (1996),(no genres listed),1996
1819,Mission: Impossible – Dead Reckoning (2023),(no genres listed),2023
1820,Mission: Impossible – Fallout (2018),(no genres listed),2018
1821,Mission: Impossible – Ghost Protocol (2011),(no genres listed),2011
1822,Mission: Impossible II (2000),(no genres listed),2000
1823,Mission: Impossible III (2006),(no genres listed),2006
1824,Mission: Impossible – Rogue Nation (2015),(no genres listed),2015
1825,Mission: Impossible – The Final Reckoning (2025),(no genres listed),2025
1826,Mission: Possible (2021),(no genres listed),2021
1827,Mister Blot's Academy (1984),(no genres listed),1984
1828,Moana 2 (2024),(no genres listed),2024
1829,Moana (2016),(no genres listed),2016
1830,Mobile Suit Gundam GQuuuuuuX -Beginning- (2025),(no genres listed),2025
1831,Mobile Suit Gundam Hathaway (2021),(no genres listed),2021
1832,MOBILE SUIT GUNDAM HATHAWAY The Sorcery of Nymph Circe (2026),(no genres listed),2026
1833,Mommy (2014),(no genres listed),2014
1834,Mon Mon the Water Spider (2006),(no genres listed),2006
1835,Moneyball (2011),(no genres listed),2011
1836,Monkey Man (2024),(no genres listed),2024
1837,Monster (2004),(no genres listed),2004
1838,Monster (2023),(no genres listed),2023
1839,Monster High: Electrified (2017),(no genres listed),2017
1840,Monster High: The Movie (2022),(no genres listed),2022
1841,Monster High: Welcome to Monster High (2016),(no genres listed),2016
1842,Monster House (2006),(no genres listed),2006
1843,Monster: The Ed Gein Story (2025),(no genres listed),2025
1844,Monsters: The Lyle and Erik Menendez Story (2024),(no genres listed),2024
1845,"Monsters, Inc. (2001)",(no genres listed),2001
1846,Monsters University (2013),(no genres listed),2013
1847,Monsters vs Aliens (2009),(no genres listed),2009
1848,"Montevideo, God Bless You! (2010)",(no genres listed),2010
1849,Moon (2009),(no genres listed),2009
1850,Moon Knight (2022),(no genres listed),2022
1851,Moonlight (2016),(no genres listed),2016
1852,Moonlit Winter (2019),(no genres listed),2019
1853,Moonrise Kingdom (2012),(no genres listed),2012
1854,Morbius (2022),(no genres listed),2022
1855,More Beautiful (2025),(no genres listed),2025
1856,More Than Blue (2021),(no genres listed),2021
1857,Morphine (2008),(no genres listed),2008
1858,Mortal Engines (2018),(no genres listed),2018
1859,Mortal Kombat (2021),(no genres listed),2021
1860,Mortal Kombat II (2026),(no genres listed),2026
1861,Mortdecai (2015),(no genres listed),2015
1862,Mosku: The Last of His Kind (2003),(no genres listed),2003
1863,Most Dangerous Game (2020),(no genres listed),2020
1864,Mostri & Pirati (2008),(no genres listed),2008
1865,Mother (2009),(no genres listed),2009
1866,mother! (2017),(no genres listed),2017
1867,Mothers' Instinct (2024),(no genres listed),2024
1868,Mothra (1961),(no genres listed),1961
1869,Moulin Rouge! (2001),(no genres listed),2001
1870,Mountainhead (2025),(no genres listed),2025
1871,Moxie (2021),(no genres listed),2021
1872,Mr. Dough and the Egg Princess (2010),(no genres listed),2010
1873,Mr. & Mrs. Smith (2005),(no genres listed),2005
1874,Mr. Nobody (2009),(no genres listed),2009
1875,Mr. Nobody Against Putin (2025),(no genres listed),2025
1876,Mr. Peabody & Sherman (2014),(no genres listed),2014
1877,Mr. Robot_dec0d3d.doc (2016),(no genres listed),2016
1878,Mr. Scorsese (2025),(no genres listed),2025
1879,Mrs. Doubtfire (1993),(no genres listed),1993
1880,Mrs. Harris Goes to Paris (2022),(no genres listed),2022
1881,Ms. Marvel (2022),(no genres listed),2022
1882,Much Ado About Nothing (1993),(no genres listed),1993
1883,Mufasa: The Lion King (2024),(no genres listed),2024
1884,Mulan (1998),(no genres listed),1998
1885,Mulan (2020),(no genres listed),2020
1886,Mulan: Rise of a Warrior (2009),(no genres listed),2009
1887,Mulholland Drive (2001),(no genres listed),2001
1888,Muppets Most Wanted (2014),(no genres listed),2014
1889,Murder Mystery (2019),(no genres listed),2019
1890,Murder Mystery 2 (2023),(no genres listed),2023
1891,Murder on the Orient Express (2017),(no genres listed),2017
1892,Mushi-Shi (2005),(no genres listed),2005
1893,Mussolini: Son of the Century (2024),(no genres listed),2024
1894,Must Love Dogs (2005),(no genres listed),2005
1895,Mustang (2015),(no genres listed),2015
1896,My Cousin Vinny (1992),(no genres listed),1992
1897,My Ex & Whys (2017),(no genres listed),2017
1898,"My Father, the BTK Killer (2025)",(no genres listed),2025
1899,My Father's Shadow (2025),(no genres listed),2025
1900,My Fault (2023),(no genres listed),2023
1901,My Fault: London (2025),(no genres listed),2025
1902,My Favorite Shapes by Julio Torres (2019),(no genres listed),2019
1903,My Future You (2024),(no genres listed),2024
1904,My Girl (1991),(no genres listed),1991
1905,My Girl (2003),(no genres listed),2003
1906,My Hero Academia: More (2026),(no genres listed),2026
1907,My Life as a Zucchini (2016),(no genres listed),2016
1908,My Little Pony: Equestria Girls – Rainbow Rocks (2014),(no genres listed),2014
1909,My Name Is Loh Kiwan (2024),(no genres listed),2024
1910,My Neighbor Totoro (1988),(no genres listed),1988
1911,My Neighbors the Yamadas (1999),(no genres listed),1999
1912,My Night at Maud's (1969),(no genres listed),1969
1913,My Octopus Teacher (2020),(no genres listed),2020
1914,My Old Ass (2024),(no genres listed),2024
1915,My Own Private Idaho (1991),(no genres listed),1991
1916,My Oxford Year (2025),(no genres listed),2025
1917,My Sassy Girl (2001),(no genres listed),2001
1918,My Spy (2020),(no genres listed),2020
1919,My Spy: The Eternal City (2024),(no genres listed),2024
1920,My Suicide (2009),(no genres listed),2009
1921,Mysterious Skin (2004),(no genres listed),2004
1922,Mystic Shadows (2024),(no genres listed),2024
1923,NANA (2006),(no genres listed),2006
1924,Napoleon (2023),(no genres listed),2023
1925,Napoleon Dynamite (2004),(no genres listed),2004
1926,National Theatre Live: Fleabag (2019),(no genres listed),2019
1927,Natural Born Killers (1994),(no genres listed),1994
1928,Nausicaä of the Valley of the Wind (1984),(no genres listed),1984
1929,Ne Zha (2019),(no genres listed),2019
1930,Nefarious (2023),(no genres listed),2023
1931,Neighborhood Watch (2025),(no genres listed),2025
1932,Neon Genesis Evangelion (1995),(no genres listed),1995
1933,Neon Genesis Evangelion: The End of Evangelion (1997),(no genres listed),1997
1934,Nerve (2016),(no genres listed),2016
1935,Neve (2024),(no genres listed),2024
1936,Never Alone (2024),(no genres listed),2024
1937,Never Back Down (2008),(no genres listed),2008
1938,Night Always Comes (2025),(no genres listed),2025
1939,Night at the Museum: Battle of the Smithsonian (2009),(no genres listed),2009
1940,Night at the Museum: Secret of the Tomb (2014),(no genres listed),2014
1941,"Night Is Short, Walk On Girl (2017)",(no genres listed),2017
1942,Night Patrol (2025),(no genres listed),2025
1943,Night Stalker: The Hunt for a Serial Killer (2021),(no genres listed),2021
1944,Nightbitch (2024),(no genres listed),2024
1945,Nightcrawler (2014),(no genres listed),2014
1946,Nightmare Alley (2021),(no genres listed),2021
1947,Night's Tightrope (2016),(no genres listed),2016
1948,Nimona (2023),(no genres listed),2023
1949,Nino (2025),(no genres listed),2025
1950,Nirvanna the Band the Show the Movie (2025),(no genres listed),2025
1951,Nitram (2021),(no genres listed),2021
1952,No Country for Old Men (2007),(no genres listed),2007
1953,No Half Measures: Creating the Final Season of Breaking Bad (2013),(no genres listed),2013
1954,No Hard Feelings (2023),(no genres listed),2023
1955,No Mercy (2019),(no genres listed),2019
1956,No One Will Save You (2023),(no genres listed),2023
1957,No Other Choice (2025),(no genres listed),2025
1958,No Other Land (2024),(no genres listed),2024
1959,No Reservations (2007),(no genres listed),2007
1960,No Strings Attached (2011),(no genres listed),2011
1961,No Time to Die (2021),(no genres listed),2021
1962,Nobody 2 (2025),(no genres listed),2025
1963,Nobody (2021),(no genres listed),2021
1964,Nobody Knows (2004),(no genres listed),2004
1965,Nocebo (2022),(no genres listed),2022
1966,Nocturnal Animals (2016),(no genres listed),2016
1967,Nocturne (2020),(no genres listed),2020
1968,Nomadland (2020),(no genres listed),2020
1969,Nope (2022),(no genres listed),2022
1970,Norbit (2007),(no genres listed),2007
1971,Normal (2025),(no genres listed),2025
1972,Normal People (2020),(no genres listed),2020
1973,Nosferatu (1922),(no genres listed),1922
1974,Nosferatu (2024),(no genres listed),2024
1975,"Not All Men, But... (2025)",(no genres listed),2025
1976,Not Okay (2022),(no genres listed),2022
1977,Nothing Serious (2021),(no genres listed),2021
1978,Notting Hill (1999),(no genres listed),1999
1979,Nous l'orchestre de Paris (2025),(no genres listed),2025
1980,Nouvelle Vague (2025),(no genres listed),2025
1981,November (2022),(no genres listed),2022
1982,Novocaine (2025),(no genres listed),2025
1983,Now Where Did the Seventh Company Get to? (1973),(no genres listed),1973
1984,Now You See Me (2013),(no genres listed),2013
1985,Now You See Me 2 (2016),(no genres listed),2016
1986,Now You See Me: Now You Don't (2025),(no genres listed),2025
1987,Nowhere (1997),(no genres listed),1997
1988,Nowhere (2023),(no genres listed),2023
1989,Nuremberg (2025),(no genres listed),2025
1990,NYAD (2023),(no genres listed),2023
1991,Nymphomaniac: Vol. I (2013),(no genres listed),2013
1992,Nymphomaniac: Vol. II (2013),(no genres listed),2013
1993,O Kadhal Kanmani (2015),(no genres listed),2015
1994,Obi-Wan Kenobi (2022),(no genres listed),2022
1995,Oblivion (2013),(no genres listed),2013
1996,Obsession (2025),(no genres listed),2025
1997,Ocean Waves (1993),(no genres listed),1993
1998,Ocean with David Attenborough (2025),(no genres listed),2025
1999,Ocean's Eight (2018),(no genres listed),2018
2000,Ocean's Eleven (2001),(no genres listed),2001
2001,Ocean's Thirteen (2007),(no genres listed),2007
2002,Oddity (2024),(no genres listed),2024
2003,Office Space (1999),(no genres listed),1999
2004,Office Uprising (2018),(no genres listed),2018
2005,Officer Black Belt (2024),(no genres listed),2024
2006,Official Competition (2021),(no genres listed),2021
2007,"Oh, Hi! (2025)",(no genres listed),2025
2008,"Oh No, Lasse Falls! (2023)",(no genres listed),2023
2009,Oh. What. Fun. (2025),(no genres listed),2025
2010,Okja (2017),(no genres listed),2017
2011,Old (2021),(no genres listed),2021
2012,Old Guy (2024),(no genres listed),2024
2013,Old Henry (2021),(no genres listed),2021
2014,Old Joy (2006),(no genres listed),2006
2015,Oldboy (2003),(no genres listed),2003
2016,Oldboy (2013),(no genres listed),2013
2017,Olympus Has Fallen (2013),(no genres listed),2013
2018,On Swift Horses (2024),(no genres listed),2024
2019,On the Basis of Sex (2018),(no genres listed),2018
2020,On the Beach at Night Alone (2017),(no genres listed),2017
2021,On the Count of Three (2021),(no genres listed),2021
2022,On the Line (2021),(no genres listed),2021
2023,Once Upon a Deadpool (2018),(no genres listed),2018
2024,Once Upon a Time... in Hollywood (2019),(no genres listed),2019
2025,Once Upon a Time in Iraq (2020),(no genres listed),2020
2026,Once Upon My Mother (2025),(no genres listed),2025
2027,One Battle After Another (2025),(no genres listed),2025
2028,One Crazy Summer: A Look Back at Gravity Falls (2018),(no genres listed),2018
2029,One Day (2011),(no genres listed),2011
2030,One Day (2016),(no genres listed),2016
2031,One Day (2024),(no genres listed),2024
2032,One Flew Over the Cuckoo's Nest (1975),(no genres listed),1975
2033,One for the Road (2021),(no genres listed),2021
2034,One Life (2023),(no genres listed),2023
2035,One Man Up (2001),(no genres listed),2001
2036,One of Them Days (2025),(no genres listed),2025
2037,One Piece Fan Letter (2024),(no genres listed),2024
2038,One Piece Film Red (2022),(no genres listed),2022
2039,One Small Step (2018),(no genres listed),2018
2040,Onibaba (1964),(no genres listed),1964
2041,Only Lovers Left Alive (2013),(no genres listed),2013
2042,Only Yesterday (1991),(no genres listed),1991
2043,Onward (2020),(no genres listed),2020
2044,Open Season (2006),(no genres listed),2006
2045,Operation Fortune: Ruse de Guerre (2023),(no genres listed),2023
2046,Operation Valkyrie (2004),(no genres listed),2004
2047,Oppenheimer (2023),(no genres listed),2023
2048,Opus (2025),(no genres listed),2025
2049,Orange Is the New Black – Unraveled (2017),(no genres listed),2017
2050,O'Romeo (2026),(no genres listed),2026
2051,Orphan (2009),(no genres listed),2009
2052,"Oslo, August 31st (2011)",(no genres listed),2011
2053,"OSS 117: Cairo, Nest of Spies (2006)",(no genres listed),2006
2054,OSS 117: From Africa with Love (2021),(no genres listed),2021
2055,OSS 117: Lost in Rio (2009),(no genres listed),2009
2056,Our Beloved Summer (2021),(no genres listed),2021
2057,Our Fault (2025),(no genres listed),2025
2058,Our Folks: The Beginning (2024),(no genres listed),2024
2059,Our Ladies (2019),(no genres listed),2019
2060,Our Little Secret (2024),(no genres listed),2024
2061,Out of Control (2024),(no genres listed),2024
2062,Outcast (2014),(no genres listed),2014
2063,Outcome (2026),(no genres listed),2026
2064,Outlaw King (2018),(no genres listed),2018
2065,Over the Garden Wall (2014),(no genres listed),2014
2066,Over the Hedge (2006),(no genres listed),2006
2067,Overcomer (2019),(no genres listed),2019
2068,Ozark Sharks (2016),(no genres listed),2016
2069,Pacific Rim (2013),(no genres listed),2013
2070,Pacific Rim: Uprising (2018),(no genres listed),2018
2071,Pacifiction (2022),(no genres listed),2022
2072,Pad Man (2018),(no genres listed),2018
2073,Paddington (2014),(no genres listed),2014
2074,Paddington 2 (2017),(no genres listed),2017
2075,Paddington in Peru (2024),(no genres listed),2024
2076,Pain and Glory (2019),(no genres listed),2019
2077,Pain & Gain (2013),(no genres listed),2013
2078,Palm Springs (2020),(no genres listed),2020
2079,Palo Alto (2013),(no genres listed),2013
2080,Pan's Labyrinth (2006),(no genres listed),2006
2081,Paper Moon (1973),(no genres listed),1973
2082,Paper Towns (2015),(no genres listed),2015
2083,Paprika (2006),(no genres listed),2006
2084,Para sa Hopeless Romantic (2015),(no genres listed),2015
2085,Parachute (2023),(no genres listed),2023
2086,Paradise Kiss (2005),(no genres listed),2005
2087,Parallel Mothers (2021),(no genres listed),2021
2088,Parasite (2019),(no genres listed),2019
2089,Parasyte: The Grey (2024),(no genres listed),2024
2090,Paris 2024 Olympic Opening Ceremony (2024),(no genres listed),2024
2091,Paris Is Burning (1990),(no genres listed),1990
2092,"Paris, Texas (1984)",(no genres listed),1984
2093,Parker (2013),(no genres listed),2013
2094,Parthenope (2024),(no genres listed),2024
2095,Partners in Crime (2022),(no genres listed),2022
2096,Party Monster (2003),(no genres listed),2003
2097,Passenger (2026),(no genres listed),2026
2098,Passengers (2016),(no genres listed),2016
2099,Past Lives (2023),(no genres listed),2023
2100,Patch Adams (1998),(no genres listed),1998
2101,Paterson (2016),(no genres listed),2016
2102,Pawn (2020),(no genres listed),2020
2103,Peaky Blinders: The Immortal Man (2026),(no genres listed),2026
2104,Pearl (2022),(no genres listed),2022
2105,Pelé (2021),(no genres listed),2021
2106,Pen15: Jacuzzi (2021),(no genres listed),2021
2107,Pena's Special Hauling (2024),(no genres listed),2024
2108,Penguins of Madagascar (2014),(no genres listed),2014
2109,Peninsula (2020),(no genres listed),2020
2110,People We Meet on Vacation (2026),(no genres listed),2026
2111,Percy Jackson: Sea of Monsters (2013),(no genres listed),2013
2112,Percy Jackson & the Olympians: The Lightning Thief (2010),(no genres listed),2010
2113,Perfect Addiction (2023),(no genres listed),2023
2114,Perfect Blue (1997),(no genres listed),1997
2115,Perfect Days (2023),(no genres listed),2023
2116,Perfect Sense (2011),(no genres listed),2011
2117,Persepolis (2007),(no genres listed),2007
2118,Personal Shopper (2016),(no genres listed),2016
2119,Persuasion (2022),(no genres listed),2022
2120,Pet Sematary (2019),(no genres listed),2019
2121,Peter Hujar's Day (2025),(no genres listed),2025
2122,Peter Pan & Wendy (2023),(no genres listed),2023
2123,Peter Pan's Neverland Nightmare (2025),(no genres listed),2025
2124,Peter Rabbit (2018),(no genres listed),2018
2125,Peter Rabbit 2: The Runaway (2021),(no genres listed),2021
2126,Phantom Thread (2017),(no genres listed),2017
2127,Picture Perfect (1997),(no genres listed),1997
2128,Picture This (2025),(no genres listed),2025
2129,Piece By Piece (2024),(no genres listed),2024
2130,Pietro Mennea - La freccia del sud (2015),(no genres listed),2015
2131,Pig (2021),(no genres listed),2021
2132,Pillion (2025),(no genres listed),2025
2133,Pina (2011),(no genres listed),2011
2134,Pineapple Express (2008),(no genres listed),2008
2135,Pink Floyd: The Wall (1982),(no genres listed),1982
2136,Pinocchio (2022),(no genres listed),2022
2137,Pirates of the Caribbean: At World's End (2007),(no genres listed),2007
2138,Pirates of the Caribbean: Dead Man's Chest (2006),(no genres listed),2006
2139,Pirates of the Caribbean: Dead Men Tell No Tales (2017),(no genres listed),2017
2140,Pirates of the Caribbean: On Stranger Tides (2011),(no genres listed),2011
2141,Pirates of the Caribbean: The Curse of the Black Pearl (2003),(no genres listed),2003
2142,Pitbull: Public Orders (2016),(no genres listed),2016
2143,Pitch Black (2000),(no genres listed),2000
2144,Pitch Perfect (2012),(no genres listed),2012
2145,Pitch Perfect 2 (2015),(no genres listed),2015
2146,Pitch Perfect 3 (2017),(no genres listed),2017
2147,Pixel Rot (2025),(no genres listed),2025
2148,Pixels (2015),(no genres listed),2015
2149,Pizza Movie (2026),(no genres listed),2026
2150,PK (2014),(no genres listed),2014
2151,"Planes, Trains and Automobiles (1987)",(no genres listed),1987
2152,Planet Single 2 (2018),(no genres listed),2018
2153,Planet Single 3 (2019),(no genres listed),2019
2154,Planet Single: Greek Adventure (2025),(no genres listed),2025
2155,Platinum End (2021),(no genres listed),2021
2156,Platoon (1986),(no genres listed),1986
2157,Play Dirty (2025),(no genres listed),2025
2158,Playmobil: Top Agents 2 (2012),(no genres listed),2012
2159,Playmobil: Western (2012),(no genres listed),2012
2160,Plus One (2019),(no genres listed),2019
2161,Poison (2023),(no genres listed),2023
2162,Pokémon 3: The Movie (2000),(no genres listed),2000
2163,Pokémon 4Ever (2001),(no genres listed),2001
2164,Pokémon: Arceus and the Jewel of Life (2009),(no genres listed),2009
2165,Pokémon Concierge (2023),(no genres listed),2023
2166,Pokémon: Destiny Deoxys (2004),(no genres listed),2004
2167,Pokémon Detective Pikachu (2019),(no genres listed),2019
2168,Pokémon: Giratina and the Sky Warrior (2008),(no genres listed),2008
2169,Pokémon Heroes (2002),(no genres listed),2002
2170,Pokémon: Jirachi - Wish Maker (2003),(no genres listed),2003
2171,Pokémon: Lucario and the Mystery of Mew (2005),(no genres listed),2005
2172,Pokémon: Mega Evolution Special IV (2015),(no genres listed),2015
2173,Pokémon Ranger and the Temple of the Sea (2006),(no genres listed),2006
2174,Pokémon: The Arceus Chronicles (2022),(no genres listed),2022
2175,Pokémon the Movie 2000 (1999),(no genres listed),1999
2176,Pokémon the Movie: Black - Victini and Reshiram (2011),(no genres listed),2011
2177,Pokémon the Movie: Diancie and the Cocoon of Destruction (2014),(no genres listed),2014
2178,Pokémon the Movie: Hoopa and the Clash of Ages (2015),(no genres listed),2015
2179,Pokémon the Movie: I Choose You! (2017),(no genres listed),2017
2180,Pokémon the Movie: Kyurem vs. the Sword of Justice (2012),(no genres listed),2012
2181,Pokémon the Movie: Mewtwo Strikes Back - Evolution (2019),(no genres listed),2019
2182,Pokémon the Movie: Secrets of the Jungle (2020),(no genres listed),2020
2183,Pokémon the Movie: The Power of Us (2018),(no genres listed),2018
2184,Pokémon the Movie: White - Victini and Zekrom (2011),(no genres listed),2011
2185,Pokémon: The Rise of Darkrai (2007),(no genres listed),2007
2186,Pokémon: Zoroark - Master of Illusions (2010),(no genres listed),2010
2187,Poliisin poika (1998),(no genres listed),1998
2188,Ponniyin Selvan: Part I (2022),(no genres listed),2022
2189,Ponniyin Selvan: Part II (2023),(no genres listed),2023
2190,Ponyo (2008),(no genres listed),2008
2191,Poor Things (2023),(no genres listed),2023
2192,Popeye the Slayer Man (2025),(no genres listed),2025
2193,Popstar: Never Stop Never Stopping (2016),(no genres listed),2016
2194,Porco Rosso (1992),(no genres listed),1992
2195,Portrait of a Lady on Fire (2019),(no genres listed),2019
2196,Possession (1981),(no genres listed),1981
2197,Possum (2018),(no genres listed),2018
2198,Posthouse (2025),(no genres listed),2025
2199,Power of Love (2023),(no genres listed),2023
2200,Preacher (2016),(no genres listed),2016
2201,Precious: Based on the Novel 'Push' by Sapphire (2009),(no genres listed),2009
2202,Predator: Badlands (2025),(no genres listed),2025
2203,Predator: Killer of Killers (2025),(no genres listed),2025
2204,Predestination (2014),(no genres listed),2014
2205,Presence (2024),(no genres listed),2024
2206,Pretty Woman (1990),(no genres listed),1990
2207,Prey (2022),(no genres listed),2022
2208,Pride & Prejudice (2005),(no genres listed),2005
2209,Primal (2019),(no genres listed),2019
2210,Primate (2025),(no genres listed),2025
2211,Princess Mononoke (1997),(no genres listed),1997
2212,Priscilla (2023),(no genres listed),2023
2213,Prisoners (2013),(no genres listed),2013
2214,Problemista (2023),(no genres listed),2023
2215,Project Hail Mary (2026),(no genres listed),2026
2216,Project X (2012),(no genres listed),2012
2217,Promare (2019),(no genres listed),2019
2218,Prometheus (2012),(no genres listed),2012
2219,Promising Young Woman (2020),(no genres listed),2020
2220,Psycho (1960),(no genres listed),1960
2221,Psycho Killer (2026),(no genres listed),2026
2222,Public Enemies (2009),(no genres listed),2009
2223,Puella Magi Madoka Magica (2011),(no genres listed),2011
2224,Pulp Fiction (1994),(no genres listed),1994
2225,Punch-Drunk Love (2002),(no genres listed),2002
2226,Puppet Master (2018),(no genres listed),2018
2227,Purple Hearts (2022),(no genres listed),2022
2228,Puss in Boots: The Last Wish (2022),(no genres listed),2022
2229,Qala (2022),(no genres listed),2022
2230,Quantum of Solace (2008),(no genres listed),2008
2231,Quarantine (2025),(no genres listed),2025
2232,Quarry (2015),(no genres listed),2015
2233,Queen Charlotte: A Bridgerton Story (2023),(no genres listed),2023
2234,Queen of Fucking Everything (2025),(no genres listed),2025
2235,Queen of Tears (2024),(no genres listed),2024
2236,Queer (2024),(no genres listed),2024
2237,Quezon (2025),(no genres listed),2025
2238,Quiet on Set: The Dark Side of Kids TV (2024),(no genres listed),2024
2239,Quiz Lady (2023),(no genres listed),2023
2240,Raging Bull (1980),(no genres listed),1980
2241,Raid 2 (2025),(no genres listed),2025
2242,Raiders of the Lost Ark (1981),(no genres listed),1981
2243,Rain Man (1988),(no genres listed),1988
2244,Ralph Breaks the Internet (2018),(no genres listed),2018
2245,Rambo (2008),(no genres listed),2008
2246,Rambo: First Blood Part II (1985),(no genres listed),1985
2247,Rambo: Last Blood (2019),(no genres listed),2019
2248,Rambutan Adventures (2001),(no genres listed),2001
2249,Rampage (2009),(no genres listed),2009
2250,Ramprasad Ki Tehrvi (2019),(no genres listed),2019
2251,Ran (1985),(no genres listed),1985
2252,Rango (2011),(no genres listed),2011
2253,Ratatouille (2007),(no genres listed),2007
2254,Ratsasan (2018),(no genres listed),2018
2255,Ravenous (1999),(no genres listed),1999
2256,Raw (2016),(no genres listed),2016
2257,Raya and the Last Dragon (2021),(no genres listed),2021
2258,Ready or Not 2: Here I Come (2026),(no genres listed),2026
2259,Ready or Not (2019),(no genres listed),2019
2260,Ready Player One (2018),(no genres listed),2018
2261,Reagan (2024),(no genres listed),2024
2262,Real Steel (2011),(no genres listed),2011
2263,Reality (2023),(no genres listed),2023
2264,Reality Check: Inside America's Next Top Model (2026),(no genres listed),2026
2265,Rear Window (1954),(no genres listed),1954
2266,Rebecca (2020),(no genres listed),2020
2267,Rebel Moon – Part One: A Child of Fire (2023),(no genres listed),2023
2268,Rebel Moon – Part Two: The Scargiver (2024),(no genres listed),2024
2269,Rebel Ridge (2024),(no genres listed),2024
2270,Rebuilding (2025),(no genres listed),2025
2271,Red Dragon (2002),(no genres listed),2002
2272,Red Eye (2005),(no genres listed),2005
2273,Red Notice (2021),(no genres listed),2021
2274,Red One (2024),(no genres listed),2024
2275,Red Riding Hood (2011),(no genres listed),2011
2276,Red Rooms (2023),(no genres listed),2023
2277,Red Sonja (2025),(no genres listed),2025
2278,"Red, White & Royal Blue (2023)",(no genres listed),2023
2279,Redeeming Love (2022),(no genres listed),2022
2280,Regretting You (2025),(no genres listed),2025
2281,Regular Show: The Movie (2015),(no genres listed),2015
2282,Reign Over Me (2007),(no genres listed),2007
2283,Remarkably Bright Creatures (2026),(no genres listed),2026
2284,Remember the Titans (2000),(no genres listed),2000
2285,Reminders of Him (2026),(no genres listed),2026
2286,Renfield (2023),(no genres listed),2023
2287,Renoir (2025),(no genres listed),2025
2288,Rental Family (2025),(no genres listed),2025
2289,Reprise (2006),(no genres listed),2006
2290,Requiem for a Dream (2000),(no genres listed),2000
2291,Reservoir Dogs (1992),(no genres listed),1992
2292,Resident Evil (2002),(no genres listed),2002
2293,Resident Evil: Afterlife (2010),(no genres listed),2010
2294,Resident Evil: Apocalypse (2004),(no genres listed),2004
2295,Resident Evil: Extinction (2007),(no genres listed),2007
2296,Resident Evil Requiem: Evil Has Always Had a Name (2026),(no genres listed),2026
2297,Resident Evil: Retribution (2012),(no genres listed),2012
2298,Resident Evil: The Final Chapter (2016),(no genres listed),2016
2299,Resident Evil: Welcome to Raccoon City (2021),(no genres listed),2021
2300,Restless (2024),(no genres listed),2024
2301,Retirement Plan (2024),(no genres listed),2024
2302,Return of the Jedi (1983),(no genres listed),1983
2303,Return to Seoul (2022),(no genres listed),2022
2304,Return to Silent Hill (2026),(no genres listed),2026
2305,Reunion Z (2018),(no genres listed),2018
2306,Revenge (2017),(no genres listed),2017
2307,Revenge of Others (2022),(no genres listed),2022
2308,Rewind (2023),(no genres listed),2023
2309,Rhinegold (2022),(no genres listed),2022
2310,Rick and Morty vs. Genocider (2020),(no genres listed),2020
2311,Ricky Stanicky (2024),(no genres listed),2024
2312,Riddick (2013),(no genres listed),2013
2313,Ride Your Wave (2019),(no genres listed),2019
2314,Riders of Justice (2020),(no genres listed),2020
2315,Riding in Cars with Boys (2001),(no genres listed),2001
2316,"Right Now, Wrong Then (2015)",(no genres listed),2015
2317,Rio (2011),(no genres listed),2011
2318,Rise (2022),(no genres listed),2022
2319,Rise of the Guardians (2012),(no genres listed),2012
2320,Rise of the Planet of the Apes (2011),(no genres listed),2011
2321,River of No Return (1954),(no genres listed),1954
2322,Road House (2024),(no genres listed),2024
2323,Road to Perdition (2002),(no genres listed),2002
2324,Roald Dahl's Matilda the Musical (2022),(no genres listed),2022
2325,Roald Dahl's The Witches (2020),(no genres listed),2020
2326,RoboCop (2014),(no genres listed),2014
2327,"Rock, Weed and Wheels (2025)",(no genres listed),2025
2328,Rocketman (2019),(no genres listed),2019
2329,RocknRolla (2008),(no genres listed),2008
2330,Rockstar (2011),(no genres listed),2011
2331,Rocky (1976),(no genres listed),1976
2332,Rocky Balboa (2006),(no genres listed),2006
2333,Rocky II (1979),(no genres listed),1979
2334,Rocky III (1982),(no genres listed),1982
2335,Rocky IV (1985),(no genres listed),1985
2336,Rocky V (1990),(no genres listed),1990
2337,Rogan Josh (2018),(no genres listed),2018
2338,Rogue One: A Star Wars Story (2016),(no genres listed),2016
2339,Rolling Thunder Revue: A Bob Dylan Story by Martin Scorsese (2019),(no genres listed),2019
2340,Roma (2018),(no genres listed),2018
2341,"Roman J. Israel, Esq. (2017)",(no genres listed),2017
2342,Romeo + Juliet (1996),(no genres listed),1996
2343,Ron's Gone Wrong (2021),(no genres listed),2021
2344,Roofman (2025),(no genres listed),2025
2345,Room (2015),(no genres listed),2015
2346,Roommates (2026),(no genres listed),2026
2347,Rosaline (2022),(no genres listed),2022
2348,Rose (2026),(no genres listed),2026
2349,Rosemary's Baby (1968),(no genres listed),1968
2350,Royalteen (2022),(no genres listed),2022
2351,RRR (2022),(no genres listed),2022
2352,RSVP (Please Respond) (2022),(no genres listed),2022
2353,Run (2020),(no genres listed),2020
2354,Rush (2013),(no genres listed),2013
2355,Rush Hour (1998),(no genres listed),1998
2356,Rush Hour 2 (2001),(no genres listed),2001
2357,Rush Hour 3 (2007),(no genres listed),2007
2358,Rushmore (1998),(no genres listed),1998
2359,Rust (2024),(no genres listed),2024
2360,Rustom (2016),(no genres listed),2016
2361,Sacramento (2024),(no genres listed),2024
2362,Safe (2012),(no genres listed),2012
2363,Saint Laurent (2014),(no genres listed),2014
2364,Saint Maud (2019),(no genres listed),2019
2365,Salaar: Part 1 - Ceasefire (2023),(no genres listed),2023
2366,Salem's Lot (2024),(no genres listed),2024
2367,Salt (2010),(no genres listed),2010
2368,Saltburn (2023),(no genres listed),2023
2369,Salto al vacío (1995),(no genres listed),1995
2370,Sampung Utos Kay Josh (2025),(no genres listed),2025
2371,Samsara (2011),(no genres listed),2011
2372,Samuel (2024),(no genres listed),2024
2373,Samurai Rebellion (1967),(no genres listed),1967
2374,San Andreas (2015),(no genres listed),2015
2375,Sanctuary (2022),(no genres listed),2022
2376,Santosh (2024),(no genres listed),2024
2377,Sapphire Blue (2014),(no genres listed),2014
2378,Saturday Night (2024),(no genres listed),2024
2379,Sausage Party (2016),(no genres listed),2016
2380,Saved! (2004),(no genres listed),2004
2381,Saving Face (2004),(no genres listed),2004
2382,Saving Mr. Banks (2013),(no genres listed),2013
2383,Saving Private Ryan (1998),(no genres listed),1998
2384,Saw (2004),(no genres listed),2004
2385,Saw 3D (2010),(no genres listed),2010
2386,Saw II (2005),(no genres listed),2005
2387,Saw III (2006),(no genres listed),2006
2388,Saw IV (2007),(no genres listed),2007
2389,Saw V (2008),(no genres listed),2008
2390,Saw VI (2009),(no genres listed),2009
2391,Saw X (2023),(no genres listed),2023
2392,Scarface (1983),(no genres listed),1983
2393,Scarlet (2025),(no genres listed),2025
2394,Scary Stories to Tell in the Dark (2019),(no genres listed),2019
2395,Scent of a Woman (1992),(no genres listed),1992
2396,Schindler's List (1993),(no genres listed),1993
2397,School of Rock (2003),(no genres listed),2003
2398,Scoob! (2020),(no genres listed),2020
2399,Scoop (2006),(no genres listed),2006
2400,Scorsese's GoodFellas (2015),(no genres listed),2015
2401,Scott Pilgrim Takes Off (2023),(no genres listed),2023
2402,Scott Pilgrim vs. the World (2010),(no genres listed),2010
2403,Scrapper (2023),(no genres listed),2023
2404,Scream (1996),(no genres listed),1996
2405,Scream (2022),(no genres listed),2022
2406,Scream 3 (2000),(no genres listed),2000
2407,Scream 4 (2011),(no genres listed),2011
2408,Scream 7 (2026),(no genres listed),2026
2409,Scream VI (2023),(no genres listed),2023
2410,Se7en (1995),(no genres listed),1995
2411,Searching (2018),(no genres listed),2018
2412,Seasons Change (2006),(no genres listed),2006
2413,Second Act (2018),(no genres listed),2018
2414,Secret Invasion (2023),(no genres listed),2023
2415,Secret Superstar (2017),(no genres listed),2017
2416,Secret: Untold Melody (2023),(no genres listed),2023
2417,Secretary (2002),(no genres listed),2002
2418,See How They Run (2022),(no genres listed),2022
2419,See You in Montevideo (2014),(no genres listed),2014
2420,See You in My 19th Life (2023),(no genres listed),2023
2421,Self (2024),(no genres listed),2024
2422,Self Reliance (2023),(no genres listed),2023
2423,Send Help (2026),(no genres listed),2026
2424,Sentimental Value (2025),(no genres listed),2025
2425,Seobok (2021),(no genres listed),2021
2426,September 5 (2024),(no genres listed),2024
2427,Serendipity (2001),(no genres listed),2001
2428,Serenity (2005),(no genres listed),2005
2429,Set It Up (2018),(no genres listed),2018
2430,Seven Days War (2019),(no genres listed),2019
2431,Seven Samurai (1954),(no genres listed),1954
2432,Seven Sundays (2017),(no genres listed),2017
2433,Seven Years in Tibet (1997),(no genres listed),1997
2434,Sex and the City (2008),(no genres listed),2008
2435,Shadow of God (2025),(no genres listed),2025
2436,Shadows Before Dawn (2024),(no genres listed),2024
2437,"Shake, Rattle & Roll Extreme (2023)",(no genres listed),2023
2438,Shang-Chi and the Legend of the Ten Rings (2021),(no genres listed),2021
2439,Shark: The Beginning (2021),(no genres listed),2021
2440,Sharknado (2013),(no genres listed),2013
2441,Sharp Corner (2024),(no genres listed),2024
2442,Sharp Objects (2018),(no genres listed),2018
2443,Shaun of the Dead (2004),(no genres listed),2004
2444,Shazam! (2019),(no genres listed),2019
2445,Shazam! Fury of the Gods (2023),(no genres listed),2023
2446,She Taught Me Serendipity (2024),(no genres listed),2024
2447,Shelby Oaks (2024),(no genres listed),2024
2448,Shelter (2026),(no genres listed),2026
2449,Sherlock Holmes (2009),(no genres listed),2009
2450,Sherlock Holmes: A Game of Shadows (2011),(no genres listed),2011
2451,She's All That (1999),(no genres listed),1999
2452,She's the Man (2006),(no genres listed),2006
2453,Shiny_Flakes: The Teenage Drug Lord (2021),(no genres listed),2021
2454,Shiva Baby (2020),(no genres listed),2020
2455,Shōgun (2024),(no genres listed),2024
2456,Shoplifters (2018),(no genres listed),2018
2457,Short Sharp Scares: Snare (2025),(no genres listed),2025
2458,Short Term 12 (2013),(no genres listed),2013
2459,Shotgun Wedding (2022),(no genres listed),2022
2460,Show Me a Hero (2015),(no genres listed),2015
2461,Shrek (2001),(no genres listed),2001
2462,Shrek 2 (2004),(no genres listed),2004
2463,Shrek Forever After (2010),(no genres listed),2010
2464,Shutter (2004),(no genres listed),2004
2465,Shutter Island (2010),(no genres listed),2010
2466,Sicario (2015),(no genres listed),2015
2467,Sicario: Day of the Soldado (2018),(no genres listed),2018
2468,Sick of Myself (2022),(no genres listed),2022
2469,Sid & Aya: Not a Love Story (2018),(no genres listed),2018
2470,Sidelined 2: Intercepted (2025),(no genres listed),2025
2471,Sidelined: The QB and Me (2024),(no genres listed),2024
2472,Sideways (2004),(no genres listed),2004
2473,Silence (2016),(no genres listed),2016
2474,Silent Hill (2006),(no genres listed),2006
2475,"Silent Night, Deadly Night (2025)",(no genres listed),2025
2476,Silent Zone (2025),(no genres listed),2025
2477,Silver Linings Playbook (2012),(no genres listed),2012
2478,Sin City: A Dame to Kill For (2014),(no genres listed),2014
2479,Sing 2 (2021),(no genres listed),2021
2480,Sing (2016),(no genres listed),2016
2481,Singin' in the Rain (1952),(no genres listed),1952
2482,Sinister (2012),(no genres listed),2012
2483,Sinister 2 (2015),(no genres listed),2015
2484,Sinkhole (2021),(no genres listed),2021
2485,Sinners (2025),(no genres listed),2025
2486,Sins of Our Mother (2022),(no genres listed),2022
2487,Sirāt (2025),(no genres listed),2025
2488,Sisu (2022),(no genres listed),2022
2489,Sitaare Zameen Par (2025),(no genres listed),2025
2490,Sixteen Candles (1984),(no genres listed),1984
2491,Skinamarink (2022),(no genres listed),2022
2492,Skyfall (2012),(no genres listed),2012
2493,#SKYKING (2026),(no genres listed),2026
2494,Slay (2024),(no genres listed),2024
2495,Sleeping Dogs (2024),(no genres listed),2024
2496,Sleepy Hollow (1999),(no genres listed),1999
2497,Slumberland (2022),(no genres listed),2022
2498,Small Things Like These (2024),(no genres listed),2024
2499,Small Time Crooks (2000),(no genres listed),2000
2500,Smell of Burnt Milk (2024),(no genres listed),2024
2501,Smile 2 (2024),(no genres listed),2024
2502,Smile (2022),(no genres listed),2022
2503,Smiling Friends (2020),(no genres listed),2020
2504,Smoke Sauna Sisterhood (2023),(no genres listed),2023
2505,Smoking Causes Coughing (2022),(no genres listed),2022
2506,Smurfs (2025),(no genres listed),2025
2507,Snack Shack (2024),(no genres listed),2024
2508,Snatch (2000),(no genres listed),2000
2509,Snow White (2025),(no genres listed),2025
2510,Snow White and the Seven Dwarfs (1937),(no genres listed),1937
2511,Snowden (2016),(no genres listed),2016
2512,Snowpiercer (2013),(no genres listed),2013
2513,Society of the Snow (2023),(no genres listed),2023
2514,Solo (2017),(no genres listed),2017
2515,Solo: A Star Wars Story (2018),(no genres listed),2018
2516,Somebody (2022),(no genres listed),2022
2517,Someday or One Day (2019),(no genres listed),2019
2518,Someday or One Day (2022),(no genres listed),2022
2519,Something from Tiffany's (2022),(no genres listed),2022
2520,Something Very Bad Is Going to Happen (2026),(no genres listed),2026
2521,Somewhere (2010),(no genres listed),2010
2522,Son of Batman (2014),(no genres listed),2014
2523,Song of the Sea (2014),(no genres listed),2014
2524,Sonic the Hedgehog (2020),(no genres listed),2020
2525,Sonic the Hedgehog 2 (2022),(no genres listed),2022
2526,Sonic the Hedgehog 3 (2024),(no genres listed),2024
2527,"Sorry, Baby (2025)",(no genres listed),2025
2528,Sorry to Bother You (2018),(no genres listed),2018
2529,Sosyal Climbers (2025),(no genres listed),2025
2530,Soul (2020),(no genres listed),2020
2531,Souleymane's Story (2024),(no genres listed),2024
2532,Soulmate (2023),(no genres listed),2023
2533,Sound of Falling (2025),(no genres listed),2025
2534,Sound of Metal (2019),(no genres listed),2019
2535,"South Park: Bigger, Longer & Uncut (1999)",(no genres listed),1999
2536,South Park: Joining the Panderverse (2023),(no genres listed),2023
2537,South Park (Not Suitable for Children) (2023),(no genres listed),2023
2538,South Park: The End of Obesity (2024),(no genres listed),2024
2539,Southern Chronicles (2024),(no genres listed),2024
2540,Southpaw (2015),(no genres listed),2015
2541,Soyut Dışavurumcu Bir Dostluğun Anatomisi Veyahut Yan Yana (2025),(no genres listed),2025
2542,Space Cadet (2024),(no genres listed),2024
2543,Space Jam: A New Legacy (2021),(no genres listed),2021
2544,Spartacus (1960),(no genres listed),1960
2545,Speak (2004),(no genres listed),2004
2546,Speak No Evil (2022),(no genres listed),2022
2547,Speak No Evil (2024),(no genres listed),2024
2548,Spectre (2015),(no genres listed),2015
2549,Speed (1994),(no genres listed),1994
2550,Spencer (2021),(no genres listed),2021
2551,Spider-Man (2002),(no genres listed),2002
2552,Spider-Man 2 (2004),(no genres listed),2004
2553,Spider-Man 3 (2007),(no genres listed),2007
2554,Spider-Man: Across the Spider-Verse (2023),(no genres listed),2023
2555,Spider-Man: All Roads Lead to No Way Home (2022),(no genres listed),2022
2556,Spider-Man: Beyond the Spider-Verse (2027),(no genres listed),2027
2557,Spider-Man: Brand New Day (2026),(no genres listed),2026
2558,Spider-Man: Far From Home (2019),(no genres listed),2019
2559,Spider-Man: Homecoming (2017),(no genres listed),2017
2560,Spider-Man: Into the Spider-Verse (2018),(no genres listed),2018
2561,Spider-Man: No Way Home (2021),(no genres listed),2021
2562,Spies in Disguise (2019),(no genres listed),2019
2563,Spiral (2019),(no genres listed),2019
2564,Spiral: From the Book of Saw (2021),(no genres listed),2021
2565,Spirit: Stallion of the Cimarron (2002),(no genres listed),2002
2566,Spirited (2022),(no genres listed),2022
2567,Spirited Away (2001),(no genres listed),2001
2568,Spiritwalker (2020),(no genres listed),2020
2569,Splendor in the Grass (1961),(no genres listed),1961
2570,Splice (2009),(no genres listed),2009
2571,Split (2016),(no genres listed),2016
2572,Spotlight (2015),(no genres listed),2015
2573,Spree (2020),(no genres listed),2020
2574,Spring Breakers (2012),(no genres listed),2012
2575,Springsteen: Deliver Me from Nowhere (2025),(no genres listed),2025
2576,Spy (2015),(no genres listed),2015
2577,Spy Kids (2001),(no genres listed),2001
2578,Squid Game (2021),(no genres listed),2021
2579,Squid Game: Making Season 2 (2025),(no genres listed),2025
2580,St. Elmo's Fire (1985),(no genres listed),1985
2581,St. Giuseppe Moscati: Doctor to the Poor (2007),(no genres listed),2007
2582,St. Vincent (2014),(no genres listed),2014
2583,Stalingrad (1993),(no genres listed),1993
2584,Stalked by Shadows (2024),(no genres listed),2024
2585,Stan & Ollie (2018),(no genres listed),2018
2586,Stand by Me (1986),(no genres listed),1986
2587,Standard Operating Procedure (2008),(no genres listed),2008
2588,Stans (2025),(no genres listed),2025
2589,Star Wars (1977),(no genres listed),1977
2590,Star Wars: Episode I – The Phantom Menace (1999),(no genres listed),1999
2591,Star Wars: Episode II – Attack of the Clones (2002),(no genres listed),2002
2592,Star Wars: Episode III – Revenge of the Sith (2005),(no genres listed),2005
2593,Star Wars: Tales of the Underworld (2025),(no genres listed),2025
2594,Star Wars: The Clone Wars (2008),(no genres listed),2008
2595,Star Wars: The Force Awakens (2015),(no genres listed),2015
2596,Star Wars: The Last Jedi (2017),(no genres listed),2017
2597,Star Wars: The Mandalorian and Grogu (2026),(no genres listed),2026
2598,Star Wars: The Rise of Skywalker (2019),(no genres listed),2019
2599,Starred Up (2013),(no genres listed),2013
2600,Stealing Beauty (1996),(no genres listed),1996
2601,Steel (1997),(no genres listed),1997
2602,JoJo's Bizarre Adventure: Steel Ball Run (2026),(no genres listed),2026
2603,Steel Rain 2: Summit (2020),(no genres listed),2020
2604,Step Brothers (2008),(no genres listed),2008
2605,Step Up (2006),(no genres listed),2006
2606,Step Up 2: The Streets (2008),(no genres listed),2008
2607,Steve (2025),(no genres listed),2025
2608,Still Alice (2014),(no genres listed),2014
2609,Still Walking (2008),(no genres listed),2008
2610,Stoker (2013),(no genres listed),2013
2611,Stolen Children (2025),(no genres listed),2025
2612,Stolen Kisses (1968),(no genres listed),1968
2613,Storks (2016),(no genres listed),2016
2614,Stormskerry Maja (2024),(no genres listed),2024
2615,Straight (2023),(no genres listed),2023
2616,Straight Outta Compton (2015),(no genres listed),2015
2617,Strange Darling (2023),(no genres listed),2023
2618,Strange Harvest (2024),(no genres listed),2024
2619,Strange Way of Life (2023),(no genres listed),2023
2620,Strange World (2022),(no genres listed),2022
2621,Stranger Than Fiction (2006),(no genres listed),2006
2622,Stranger Things 5: The Finale (2025),(no genres listed),2025
2623,STRAW (2025),(no genres listed),2025
2624,Stray Signals (2025),(no genres listed),2025
2625,Stream (2024),(no genres listed),2024
2626,Stromberg – The Movie (2014),(no genres listed),2014
2627,Stromberg - Wieder alles wie immer (2025),(no genres listed),2025
2628,Subedaar (2026),(no genres listed),2026
2629,Submarine (2010),(no genres listed),2010
2630,Suck Me Shakespeer (2013),(no genres listed),2013
2631,Suck Seed (2011),(no genres listed),2011
2632,Suicide Squad (2016),(no genres listed),2016
2633,Sujo (2024),(no genres listed),2024
2634,Sully (2016),(no genres listed),2016
2635,Summer Ghost (2021),(no genres listed),2021
2636,Summer of 85 (2020),(no genres listed),2020
2637,Summer Wars (2009),(no genres listed),2009
2638,Sun and Concrete (2023),(no genres listed),2023
2639,Sunset Boulevard (1950),(no genres listed),1950
2640,Sunshine (2024),(no genres listed),2024
2641,Super 30 (2019),(no genres listed),2019
2642,Super 8 (2011),(no genres listed),2011
2643,Super Mario Bros. (1993),(no genres listed),1993
2644,Superbad (2007),(no genres listed),2007
2645,Superboys of Malegaon (2024),(no genres listed),2024
2646,Supergirl (1984),(no genres listed),1984
2647,Superman (1978),(no genres listed),1978
2648,Superman (2025),(no genres listed),2025
2649,Superman II (1980),(no genres listed),1980
2650,Superman III (1983),(no genres listed),1983
2651,Superman IV: The Quest for Peace (1987),(no genres listed),1987
2652,Supernova (2020),(no genres listed),2020
2653,Surf's Up (2007),(no genres listed),2007
2654,Suspect Zero (2004),(no genres listed),2004
2655,Suspiria (2018),(no genres listed),2018
2656,Suzume (2022),(no genres listed),2022
2657,Swan Song (2021),(no genres listed),2021
2658,Swapped (2026),(no genres listed),2026
2659,Sweeney Todd: The Demon Barber of Fleet Street (2007),(no genres listed),2007
2660,Sweet Revenge (2025),(no genres listed),2025
2661,Sweetpea (2024),(no genres listed),2024
2662,Swiped (2025),(no genres listed),2025
2663,Swiss Army Man (2016),(no genres listed),2016
2664,"Synecdoche, New York (2008)",(no genres listed),2008
2665,System Crasher (2019),(no genres listed),2019
2666,T2 Trainspotting (2017),(no genres listed),2017
2667,Tabloid (2010),(no genres listed),2010
2668,Tacolator (2002),(no genres listed),2002
2669,Tag (2018),(no genres listed),2018
2670,Take Shelter (2011),(no genres listed),2011
2671,Taken (2008),(no genres listed),2008
2672,Takers (2010),(no genres listed),2010
2673,Takıntılar (2024),(no genres listed),2024
2674,Takopi's Original Sin (2025),(no genres listed),2025
2675,Tales from Earthsea (2006),(no genres listed),2006
2676,Talk to Me (2022),(no genres listed),2022
2677,Tall Girl (2019),(no genres listed),2019
2678,Tangerine (2015),(no genres listed),2015
2679,Tangled (2010),(no genres listed),2010
2680,TÁR (2022),(no genres listed),2022
2681,Tarot (2024),(no genres listed),2024
2682,Tarzan (1999),(no genres listed),1999
2683,Taste of Cherry (1997),(no genres listed),1997
2684,Tau (2018),(no genres listed),2018
2685,Taurus (2022),(no genres listed),2022
2686,Taxi (2015),(no genres listed),2015
2687,Taxi Driver (1976),(no genres listed),1976
2688,Taylor Swift: The Eras Tour (2023),(no genres listed),2023
2689,Tear Along the Dotted Line (2021),(no genres listed),2021
2690,Ted (2012),(no genres listed),2012
2691,Ted 2 (2015),(no genres listed),2015
2692,ted (2024),(no genres listed),2024
2693,Teen Beach 2 (2015),(no genres listed),2015
2694,Teen Beach Movie (2013),(no genres listed),2013
2695,Teen Titans: The Judas Contract (2017),(no genres listed),2017
2696,Teenage Mutant Ninja Turtles: Mutant Mayhem (2023),(no genres listed),2023
2697,Tell Me Softly (2025),(no genres listed),2025
2698,Temple Grandin (2010),(no genres listed),2010
2699,Tenet (2020),(no genres listed),2020
2700,Terminator 2: Judgment Day (1991),(no genres listed),1991
2701,Terminator 3: Rise of the Machines (2003),(no genres listed),2003
2702,Terminator Genisys (2015),(no genres listed),2015
2703,Terri Joe: Missionary in Miami (2026),(no genres listed),2026
2704,Terrifier 2 (2022),(no genres listed),2022
2705,Terrifier (2016),(no genres listed),2016
2706,Terrifier 3 (2024),(no genres listed),2024
2707,Tetris (2023),(no genres listed),2023
2708,Tetsuo: The Iron Man (1989),(no genres listed),1989
2709,Texas Chainsaw Massacre (2022),(no genres listed),2022
2710,Thanksgiving (2023),(no genres listed),2023
2711,That Thing You Do! (1996),(no genres listed),1996
2712,That's My Boy (2012),(no genres listed),2012
2713,The 36th Chamber of Shaolin (1978),(no genres listed),1978
2714,The 40 Year Old Virgin (2005),(no genres listed),2005
2715,The 400 Blows (1959),(no genres listed),1959
2716,The 5th Wave (2016),(no genres listed),2016
2717,The Accidental Detective 2: In Action (2018),(no genres listed),2018
2718,The Accountant (2016),(no genres listed),2016
2719,The Accountant² (2025),(no genres listed),2025
2720,The Act (2019),(no genres listed),2019
2721,The Act of Killing (2012),(no genres listed),2012
2722,The Adam Project (2022),(no genres listed),2022
2723,The Addams Family (1991),(no genres listed),1991
2724,The Addams Family 2 (2021),(no genres listed),2021
2725,The Addams Family (2019),(no genres listed),2019
2726,"The Adventures of Priscilla, Queen of the Desert (1994)",(no genres listed),1994
2727,The (Almost) Legends (2023),(no genres listed),2023
2728,The Alpinist (2021),(no genres listed),2021
2729,The Amazing Praybeyt Benjamin (2014),(no genres listed),2014
2730,The Amazing Spider-Man (2012),(no genres listed),2012
2731,The Amazing Spider-Man 2 (2014),(no genres listed),2014
2732,The Animal Kingdom (2023),(no genres listed),2023
2733,The Antisocial Network: Memes to Mayhem (2024),(no genres listed),2024
2734,The Apartment (1960),(no genres listed),1960
2735,The Apothecary Diaries (2023),(no genres listed),2023
2736,The Apprentice (2024),(no genres listed),2024
2737,The Arrangement (2025),(no genres listed),2025
2738,The Art of Racing in the Rain (2019),(no genres listed),2019
2739,The Art of Sarah (2026),(no genres listed),2026
2740,The Art of War II: Betrayal (2008),(no genres listed),2008
2741,The Artist (2011),(no genres listed),2011
2742,The Assassination of Jesse James by the Coward Robert Ford (2007),(no genres listed),2007
2743,The Autopsy of Jane Doe (2016),(no genres listed),2016
2744,The Avengers (2012),(no genres listed),2012
2745,The Aviator (2004),(no genres listed),2004
2746,The Babadook (2014),(no genres listed),2014
2747,The Babysitter (2017),(no genres listed),2017
2748,The Babysitter: Killer Queen (2020),(no genres listed),2020
2749,The Bad Guys 2 (2025),(no genres listed),2025
2750,The Bad Guys (2022),(no genres listed),2022
2751,The Bad Guys: Reign of Chaos (2019),(no genres listed),2019
2752,The Ballad of Buster Scruggs (2018),(no genres listed),2018
2753,The Ballad of Wallis Island (2025),(no genres listed),2025
2754,The Banshees of Inisherin (2022),(no genres listed),2022
2755,The Basketball Diaries (1995),(no genres listed),1995
2756,The Batman (2022),(no genres listed),2022
2757,The Battle of Algiers (1966),(no genres listed),1966
2758,The Battle: Roar to Victory (2019),(no genres listed),2019
2759,The Beanie Bubble (2023),(no genres listed),2023
2760,The Beast (2023),(no genres listed),2023
2761,The Beast in Me (2025),(no genres listed),2025
2762,The Beatles: Get Back (2021),(no genres listed),2021
2763,The Beauty Inside (2015),(no genres listed),2015
2764,The Beekeeper (2024),(no genres listed),2024
2765,The Bélier Family (2014),(no genres listed),2014
2766,The Beloved (2026),(no genres listed),2026
2767,The Beyond (1981),(no genres listed),1981
2768,The BFG (2016),(no genres listed),2016
2769,The Big Lebowski (1998),(no genres listed),1998
2770,The Big Short (2015),(no genres listed),2015
2771,The Birthday Cake (2021),(no genres listed),2021
2772,The Birthday Party (2023),(no genres listed),2023
2773,The Black Cauldron (1985),(no genres listed),1985
2774,The Black Phone (2021),(no genres listed),2021
2775,The Blackening (2022),(no genres listed),2022
2776,The Blair Witch Project (1999),(no genres listed),1999
2777,The Blind Side (2009),(no genres listed),2009
2778,The Bling Ring (2013),(no genres listed),2013
2779,The Blood of a Poet (1932),(no genres listed),1932
2780,The Bluff (2026),(no genres listed),2026
2781,The Bob's Burgers Movie (2022),(no genres listed),2022
2782,The Bone Collector (1999),(no genres listed),1999
2783,The Boogeyman (2023),(no genres listed),2023
2784,The Book of Boba Fett (2021),(no genres listed),2021
2785,The Book of Eli (2010),(no genres listed),2010
2786,The Book of Life (2014),(no genres listed),2014
2787,The Book Thief (2013),(no genres listed),2013
2788,The Boondock Saints (1999),(no genres listed),1999
2789,The Borderlands (2013),(no genres listed),2013
2790,The Boss Baby (2017),(no genres listed),2017
2791,The Boss Baby: Family Business (2021),(no genres listed),2021
2792,The Bounty Hunter (2010),(no genres listed),2010
2793,The Bourne Identity (2002),(no genres listed),2002
2794,The Bourne Legacy (2012),(no genres listed),2012
2795,The Bourne Ultimatum (2007),(no genres listed),2007
2796,The Box (2021),(no genres listed),2021
2797,The Boxtrolls (2014),(no genres listed),2014
2798,The Boy (2016),(no genres listed),2016
2799,The Boy and the Heron (2023),(no genres listed),2023
2800,The Boy in the Striped Pyjamas (2008),(no genres listed),2008
2801,The Boy Who Harnessed the Wind (2019),(no genres listed),2019
2802,The Boy with Pink Pants (2024),(no genres listed),2024
2803,The Boys in the Boat (2023),(no genres listed),2023
2804,The Breakfast Club (1985),(no genres listed),1985
2805,The Breakup Playlist (2015),(no genres listed),2015
2806,The Bride! (2026),(no genres listed),2026
2807,The Brutalist (2024),(no genres listed),2024
2808,The Bucket List (2007),(no genres listed),2007
2809,The Butterfly Effect (2004),(no genres listed),2004
2810,The Cabbage Soup (1981),(no genres listed),1981
2811,The Cabin in the Woods (2011),(no genres listed),2011
2812,The Casagrandes Movie (2024),(no genres listed),2024
2813,The Cat in the Hat (2003),(no genres listed),2003
2814,The Cat Returns (2002),(no genres listed),2002
2815,The Christmas Chronicles (2018),(no genres listed),2018
2816,The Christmas Chronicles: Part Two (2020),(no genres listed),2020
2817,The Chronicles of Narnia: Prince Caspian (2008),(no genres listed),2008
2818,"The Chronicles of Narnia: The Lion, the Witch and the Wardrobe (2005)",(no genres listed),2005
2819,The Chronicles of Narnia: The Voyage of the Dawn Treader (2010),(no genres listed),2010
2820,The Chronicles of Riddick (2004),(no genres listed),2004
2821,The Chronology of Water (2025),(no genres listed),2025
2822,The Claus Family 3 (2022),(no genres listed),2022
2823,The Clock (2010),(no genres listed),2010
2824,The Color of Pomegranates (1969),(no genres listed),1969
2825,The Color Purple (2023),(no genres listed),2023
2826,The Commitments (1991),(no genres listed),1991
2827,The Conference (2023),(no genres listed),2023
2828,The Conjuring (2013),(no genres listed),2013
2829,The Conjuring 2 (2016),(no genres listed),2016
2830,The Conjuring: Last Rites (2025),(no genres listed),2025
2831,The Conjuring: The Devil Made Me Do It (2021),(no genres listed),2021
2832,The Consequences of Love (2004),(no genres listed),2004
2833,The Constant Gardener (2005),(no genres listed),2005
2834,The Count of Monte Cristo (2024),(no genres listed),2024
2835,The Craft (1996),(no genres listed),1996
2836,The Crash (2026),(no genres listed),2026
2837,The Creator (2023),(no genres listed),2023
2838,The Creep Tapes (2024),(no genres listed),2024
2839,The Croods (2013),(no genres listed),2013
2840,The Croods: A New Age (2020),(no genres listed),2020
2841,The Crow (1994),(no genres listed),1994
2842,The Crowded Room (2023),(no genres listed),2023
2843,The Cure (1995),(no genres listed),1995
2844,The Curious Case of Benjamin Button (2008),(no genres listed),2008
2845,The Curse of the Jade Scorpion (2001),(no genres listed),2001
2846,The Da Vinci Code (2006),(no genres listed),2006
2847,The Danish Girl (2015),(no genres listed),2015
2848,The Darjeeling Limited (2007),(no genres listed),2007
2849,The Dark Knight (2008),(no genres listed),2008
2850,The Dark Knight Rises (2012),(no genres listed),2012
2851,The Darkest Minds (2018),(no genres listed),2018
2852,The Day I Bought a Star (2006),(no genres listed),2006
2853,The Day of the Jackal (2024),(no genres listed),2024
2854,The Day the Earth Blew Up: A Looney Tunes Movie (2024),(no genres listed),2024
2855,The Death of Stalin (2017),(no genres listed),2017
2856,The Death of Superman (2018),(no genres listed),2018
2857,The Deliverance (2024),(no genres listed),2024
2858,The Delivery Rider (2025),(no genres listed),2025
2859,The Departed (2006),(no genres listed),2006
2860,The Descent (2005),(no genres listed),2005
2861,The Devil All the Time (2020),(no genres listed),2020
2862,The Devil Wears Prada (2006),(no genres listed),2006
2863,The Devil Wears Prada 2 (2026),(no genres listed),2026
2864,The Devil's Advocate (1997),(no genres listed),1997
2865,The Devil's Backbone (2001),(no genres listed),2001
2866,The Dictator (2012),(no genres listed),2012
2867,The Dinner Game (1998),(no genres listed),1998
2868,The Disaster Artist (2017),(no genres listed),2017
2869,The Divine Move 2: The Wrathful (2019),(no genres listed),2019
2870,The Doom Generation (1995),(no genres listed),1995
2871,The Drama (2026),(no genres listed),2026
2872,The Dreadful (2026),(no genres listed),2026
2873,The Dreamers (2003),(no genres listed),2003
2874,The Dropout (2022),(no genres listed),2022
2875,The Dude in Me (2019),(no genres listed),2019
2876,The DUFF (2015),(no genres listed),2015
2877,The Duke of Burgundy (2014),(no genres listed),2014
2878,The Edge of Seventeen (2016),(no genres listed),2016
2879,The Electric State (2025),(no genres listed),2025
2880,The Electrical Life of Louis Wain (2021),(no genres listed),2021
2881,The Elephant Man (1980),(no genres listed),1980
2882,The Emoji Movie (2017),(no genres listed),2017
2883,The Emperor's New Groove (2000),(no genres listed),2000
2884,The Empire Strikes Back (1980),(no genres listed),1980
2885,The Equalizer (2014),(no genres listed),2014
2886,The Equalizer 2 (2018),(no genres listed),2018
2887,The Equalizer 3 (2023),(no genres listed),2023
2888,The Evil Dead (1981),(no genres listed),1981
2889,The Exorcism (2024),(no genres listed),2024
2890,The Exorcist (1973),(no genres listed),1973
2891,The Exorcist: Believer (2023),(no genres listed),2023
2892,The Expendables (2010),(no genres listed),2010
2893,The Expendables 2 (2012),(no genres listed),2012
2894,The Expendables 3 (2014),(no genres listed),2014
2895,The Fabelmans (2022),(no genres listed),2022
2896,The Falcon and the Winter Soldier (2021),(no genres listed),2021
2897,The Fall (2006),(no genres listed),2006
2898,The Fall Guy (2024),(no genres listed),2024
2899,The Fall of the House of Usher (2023),(no genres listed),2023
2900,The Fallout (2021),(no genres listed),2021
2901,The Family Plan (2023),(no genres listed),2023
2902,The Family Plan 2 (2025),(no genres listed),2025
2903,The Fantastic 4: First Steps (2025),(no genres listed),2025
2904,The Farewell (2019),(no genres listed),2019
2905,The Farm (2018),(no genres listed),2018
2906,The Fast and the Furious (2001),(no genres listed),2001
2907,The Fast and the Furious: Tokyo Drift (2006),(no genres listed),2006
2908,The Fate of the Furious (2017),(no genres listed),2017
2909,The Father (2020),(no genres listed),2020
2910,The Fault in Our Stars (2014),(no genres listed),2014
2911,The Favourite (2018),(no genres listed),2018
2912,The Final Destination (2009),(no genres listed),2009
2913,The Finest Hours (2016),(no genres listed),2016
2914,The First Frost (2025),(no genres listed),2025
2915,The First Omen (2024),(no genres listed),2024
2916,The First Purge (2018),(no genres listed),2018
2917,The Fish of the Fish (2001),(no genres listed),2001
2918,The Flame (2020),(no genres listed),2020
2919,The Flash (2023),(no genres listed),2023
2920,The Florida Project (2017),(no genres listed),2017
2921,The Foreigner (2017),(no genres listed),2017
2922,The Forever Purge (2021),(no genres listed),2021
2923,The Forge (2024),(no genres listed),2024
2924,"The French Dispatch of the Liberty, Kansas Evening Sun (2021)",(no genres listed),2021
2925,The Fresh Prince of Bel-Air Reunion (2020),(no genres listed),2020
2926,The Fundamentals of Caring (2016),(no genres listed),2016
2927,The Game (1997),(no genres listed),1997
2928,"The Gangster, the Cop, the Devil (2019)",(no genres listed),2019
2929,The Garden of Words (2013),(no genres listed),2013
2930,The Garfield Movie (2024),(no genres listed),2024
2931,The Gentlemen (2019),(no genres listed),2019
2932,The Girl Allergic to Wi-Fi (2018),(no genres listed),2018
2933,The Girl Next Door (2004),(no genres listed),2004
2934,The Girl Who Leapt Through Time (2006),(no genres listed),2006
2935,The Giver (2014),(no genres listed),2014
2936,The Glass Castle (2017),(no genres listed),2017
2937,The Glory (2022),(no genres listed),2022
2938,The Godfather (1972),(no genres listed),1972
2939,The Godfather Part II (1974),(no genres listed),1974
2940,The Godfather Part III (1990),(no genres listed),1990
2941,The Golden Compass (2007),(no genres listed),2007
2942,The Golden Glove (2019),(no genres listed),2019
2943,The Goldfinch (2019),(no genres listed),2019
2944,The Good Dinosaur (2015),(no genres listed),2015
2945,The Good Nurse (2022),(no genres listed),2022
2946,"The Good, the Bad and the Ugly (1966)",(no genres listed),1966
2947,The Gorge (2025),(no genres listed),2025
2948,The Grand Budapest Hotel (2014),(no genres listed),2014
2949,The Gray Man (2022),(no genres listed),2022
2950,The Great Arch (2025),(no genres listed),2025
2951,The Great Beauty (2013),(no genres listed),2013
2952,The Great Flood (2025),(no genres listed),2025
2953,The Great Gatsby (2013),(no genres listed),2013
2954,The Great Indian Kitchen (2021),(no genres listed),2021
2955,The Greatest Hits (2024),(no genres listed),2024
2956,The Greatest Showman (2017),(no genres listed),2017
2957,The Green Knight (2021),(no genres listed),2021
2958,The Green Mile (1999),(no genres listed),1999
2959,The Grinch (2018),(no genres listed),2018
2960,The Grudge (2004),(no genres listed),2004
2961,The Guardians of the Galaxy Holiday Special (2022),(no genres listed),2022
2962,The Guilty (2021),(no genres listed),2021
2963,The Half of It (2020),(no genres listed),2020
2964,The Hand of God (2021),(no genres listed),2021
2965,The Handmaiden (2016),(no genres listed),2016
2966,The Hangover (2009),(no genres listed),2009
2967,The Hangover Part II (2011),(no genres listed),2011
2968,The Hangover Part III (2013),(no genres listed),2013
2969,The Happytime Murders (2018),(no genres listed),2018
2970,The Hatchet Wielding Hitchhiker (2023),(no genres listed),2023
2971,The Hateful Eight (2015),(no genres listed),2015
2972,The Hating Game (2021),(no genres listed),2021
2973,The Haunted Mansion (2003),(no genres listed),2003
2974,The Haunting of Hill House (2018),(no genres listed),2018
2975,The Haunting of Bly Manor (2020),(no genres listed),2020
2976,The Heat (2013),(no genres listed),2013
2977,The Help (2011),(no genres listed),2011
2978,The History of Sound (2025),(no genres listed),2025
2979,The Hitchhiker's Guide to the Galaxy (2005),(no genres listed),2005
2980,The Hitman's Bodyguard (2017),(no genres listed),2017
2981,The Hobbit (1977),(no genres listed),1977
2982,The Hobbit: An Unexpected Journey (2012),(no genres listed),2012
2983,The Hobbit: The Battle of the Five Armies (2014),(no genres listed),2014
2984,The Hobbit: The Desolation of Smaug (2013),(no genres listed),2013
2985,The Holdovers (2023),(no genres listed),2023
2986,The Holiday (2006),(no genres listed),2006
2987,The Home (2025),(no genres listed),2025
2988,The Honourable Woman (2014),(no genres listed),2014
2989,The Host (2006),(no genres listed),2006
2990,The Hot Chick (2002),(no genres listed),2002
2991,The House (2022),(no genres listed),2022
2992,The House Bunny (2008),(no genres listed),2008
2993,The House That Jack Built (2018),(no genres listed),2018
2994,The Housemaid (2025),(no genres listed),2025
2995,The Hows of Us (2018),(no genres listed),2018
2996,The Human Voice (2020),(no genres listed),2020
2997,The Hunger Games (2012),(no genres listed),2012
2998,The Hunger Games: Catching Fire (2013),(no genres listed),2013
2999,The Hunger Games: Mockingjay – Part 1 (2014),(no genres listed),2014
3000,The Hunger Games: Mockingjay – Part 2 (2015),(no genres listed),2015
3001,The Hunger Games: Sunrise on the Reaping (2026),(no genres listed),2026
3002,The Hunger Games: The Ballad of Songbirds & Snakes (2023),(no genres listed),2023
3003,The Hunt (2012),(no genres listed),2012
3004,The Hunt (2020),(no genres listed),2020
3005,The Hurt Locker (2008),(no genres listed),2008
3006,The Idea of You (2024),(no genres listed),2024
3007,The Imitation Game (2014),(no genres listed),2014
3008,The In Between (2022),(no genres listed),2022
3009,The Inbetweeners Movie (2011),(no genres listed),2011
3010,The Incredible Hulk (2008),(no genres listed),2008
3011,The Incredibles (2004),(no genres listed),2004
3012,The Instigators (2024),(no genres listed),2024
3013,The Intern (2015),(no genres listed),2015
3014,The Interview (2014),(no genres listed),2014
3015,The Intouchables (2011),(no genres listed),2011
3016,The Invisible Guest (2016),(no genres listed),2016
3017,The Invisible Man (2020),(no genres listed),2020
3018,The Irishman (2019),(no genres listed),2019
3019,The Iron Claw (2023),(no genres listed),2023
3020,The Judge from Hell (2024),(no genres listed),2024
3021,The Jungle Book (2016),(no genres listed),2016
3022,The Karate Kid (1984),(no genres listed),1984
3023,The Karate Kid (2010),(no genres listed),2010
3024,The Karate Kid Part II (1986),(no genres listed),1986
3025,The Karate Kid Part III (1989),(no genres listed),1989
3026,The Killer (2023),(no genres listed),2023
3027,The Killer (2024),(no genres listed),2024
3028,The Killing of a Sacred Deer (2017),(no genres listed),2017
3029,The King (2019),(no genres listed),2019
3030,The King of Staten Island (2020),(no genres listed),2020
3031,The Kingdom (2024),(no genres listed),2024
3032,The King's Man (2021),(no genres listed),2021
3033,The King's Speech (2010),(no genres listed),2010
3034,The Kissing Booth (2018),(no genres listed),2018
3035,The Kissing Booth 2 (2020),(no genres listed),2020
3036,The Kissing Booth 3 (2021),(no genres listed),2021
3037,The Last Airbender (2010),(no genres listed),2010
3038,The Last Breath (2024),(no genres listed),2024
3039,The Last Dance (2020),(no genres listed),2020
3040,The Last Duel (2021),(no genres listed),2021
3041,The Last Kingdom: Seven Kings Must Die (2023),(no genres listed),2023
3042,The Last One for the Road (2025),(no genres listed),2025
3043,The Last Samurai (2003),(no genres listed),2003
3044,The Last Showgirl (2024),(no genres listed),2024
3045,The Last Temptation of Christ (1988),(no genres listed),1988
3046,The Last Voyage of the Demeter (2023),(no genres listed),2023
3047,The Ledge (2022),(no genres listed),2022
3048,The Lego Batman Movie (2017),(no genres listed),2017
3049,The Lego Movie (2014),(no genres listed),2014
3050,The Lego Movie 2: The Second Part (2019),(no genres listed),2019
3051,The Life Aquatic with Steve Zissou (2004),(no genres listed),2004
3052,The Life List (2025),(no genres listed),2025
3053,The Life of Chuck (2024),(no genres listed),2024
3054,The Lighthouse (2019),(no genres listed),2019
3055,The Lincoln Lawyer (2011),(no genres listed),2011
3056,The Lion King (1994),(no genres listed),1994
3057,The Lion King (2019),(no genres listed),2019
3058,The Little Guy (2022),(no genres listed),2022
3059,The Little Mermaid (2023),(no genres listed),2023
3060,The Little Prince (2015),(no genres listed),2015
3061,The Little Sister (2025),(no genres listed),2025
3062,The Lobster (2015),(no genres listed),2015
3063,The Long Walk (2025),(no genres listed),2025
3064,The Lorax (2012),(no genres listed),2012
3065,The Lord of the Rings: The Fellowship of the Ring (2001),(no genres listed),2001
3066,The Lord of the Rings: The Return of the King (2003),(no genres listed),2003
3067,The Lord of the Rings: The Two Towers (2002),(no genres listed),2002
3068,The Lord of the Rings: The War of the Rohirrim (2024),(no genres listed),2024
3069,The Lost Boys (1987),(no genres listed),1987
3070,The Lost Boys (2023),(no genres listed),2023
3071,The Lost Bus (2025),(no genres listed),2025
3072,The Lost Children (2024),(no genres listed),2024
3073,The Lost City (2022),(no genres listed),2022
3074,The Lost City of Z (2016),(no genres listed),2016
3075,The Lost Daughter (2021),(no genres listed),2021
3076,The Loud House Movie (2021),(no genres listed),2021
3077,The Love Witch (2016),(no genres listed),2016
3078,The Loved One (2026),(no genres listed),2026
3079,The Lovely Bones (2009),(no genres listed),2009
3080,The Machinist (2004),(no genres listed),2004
3081,The Magnificent Seven (2016),(no genres listed),2016
3082,The Making of Silent Hill 2 Remake (2024),(no genres listed),2024
3083,The Maltese Falcon (1941),(no genres listed),1941
3084,The Man from Toronto (2022),(no genres listed),2022
3085,The Man Who Saved the World (1982),(no genres listed),1982
3086,The Man Who Sleeps (1974),(no genres listed),1974
3087,The Map of Tiny Perfect Things (2021),(no genres listed),2021
3088,The Map That Leads to You (2025),(no genres listed),2025
3089,The Marching Band (2024),(no genres listed),2024
3090,The Martian (2015),(no genres listed),2015
3091,The Marvels (2023),(no genres listed),2023
3092,The Mask (1994),(no genres listed),1994
3093,The Master (2012),(no genres listed),2012
3094,The Master and Margarita (2024),(no genres listed),2024
3095,The Mastermind (2025),(no genres listed),2025
3096,The Match (2025),(no genres listed),2025
3097,The Matrix (1999),(no genres listed),1999
3098,The Matrix Reloaded (2003),(no genres listed),2003
3099,The Matrix Resurrections (2021),(no genres listed),2021
3100,The Matrix Revisited (2001),(no genres listed),2001
3101,The Matrix Revolutions (2003),(no genres listed),2003
3102,The Maze Runner (2014),(no genres listed),2014
3103,The Mechanic (2011),(no genres listed),2011
3104,The Meg (2018),(no genres listed),2018
3105,The Menendez Brothers (2024),(no genres listed),2024
3106,The Menu (2022),(no genres listed),2022
3107,The Message (1976),(no genres listed),1976
3108,The Midnight Sky (2020),(no genres listed),2020
3109,The Ministry of Ungentlemanly Warfare (2024),(no genres listed),2024
3110,The Missile (2024),(no genres listed),2024
3111,The Mist (2007),(no genres listed),2007
3112,The Mitchells vs. the Machines (2021),(no genres listed),2021
3113,The Moment (2026),(no genres listed),2026
3114,The Monkey (2025),(no genres listed),2025
3115,The Monuments Men (2014),(no genres listed),2014
3116,The Moon (2023),(no genres listed),2023
3117,The Most Precious of Cargoes (2024),(no genres listed),2024
3118,The Mother (2023),(no genres listed),2023
3119,The Mummy (1999),(no genres listed),1999
3120,The Munsters (2022),(no genres listed),2022
3121,The Naked Gun (2025),(no genres listed),2025
3122,The Naked Gun: From the Files of Police Squad! (1988),(no genres listed),1988
3123,The Name of the Rose (1986),(no genres listed),1986
3124,The Narrow Road to the Deep North (2025),(no genres listed),2025
3125,The Negotiation (2018),(no genres listed),2018
3126,The Negotiator (1998),(no genres listed),1998
3127,The Neon Demon (2016),(no genres listed),2016
3128,The New Mutants (2020),(no genres listed),2020
3129,The Nice Guys (2016),(no genres listed),2016
3130,The Night Before the Exams Today (2007),(no genres listed),2007
3131,The Night Eats the World (2018),(no genres listed),2018
3132,The Night Of (2016),(no genres listed),2016
3133,The Night of the Undead (2020),(no genres listed),2020
3134,The Nightmare Before Christmas (1993),(no genres listed),1993
3135,The Northman (2022),(no genres listed),2022
3136,The Notebook (2004),(no genres listed),2004
3137,The Novelist's Film (2022),(no genres listed),2022
3138,The Number 23 (2007),(no genres listed),2007
3139,The Nun (2018),(no genres listed),2018
3140,The Nun II (2023),(no genres listed),2023
3141,The Nutcracker and the Four Realms (2018),(no genres listed),2018
3142,The Old Oak (2023),(no genres listed),2023
3143,The Old Ways (2020),(no genres listed),2020
3144,The On1y One (2024),(no genres listed),2024
3145,The One I Love (2014),(no genres listed),2014
3146,The Only Living Boy in New York (2017),(no genres listed),2017
3147,The Order (2024),(no genres listed),2024
3148,The Other Guys (2010),(no genres listed),2010
3149,The Other Woman (2014),(no genres listed),2014
3150,The Other Zoey (2023),(no genres listed),2023
3151,The Others (2001),(no genres listed),2001
3152,The Out-Laws (2023),(no genres listed),2023
3153,The Outfit (2022),(no genres listed),2022
3154,The Outlaws (2017),(no genres listed),2017
3155,The Outpost (2019),(no genres listed),2019
3156,The Outsider (2020),(no genres listed),2020
3157,The Outsiders (1983),(no genres listed),1983
3158,The Owl House: For the Future (2023),(no genres listed),2023
3159,The Owl House: Watching and Dreaming (2023),(no genres listed),2023
3160,The Painting Pool (2013),(no genres listed),2013
3161,The Pale Blue Eye (2022),(no genres listed),2022
3162,The Panti Sisters (2019),(no genres listed),2019
3163,The Paradise of Thorns (2024),(no genres listed),2024
3164,The Parent Trap (1998),(no genres listed),1998
3165,The Passenger (2023),(no genres listed),2023
3166,The Patient (2022),(no genres listed),2022
3167,The Peanut Butter Falcon (2019),(no genres listed),2019
3168,The Peasants (2023),(no genres listed),2023
3169,The Penguin (2024),(no genres listed),2024
3170,The Penguin Lessons (2024),(no genres listed),2024
3171,The People's Joker (2022),(no genres listed),2022
3172,The Perfect Neighbor (2025),(no genres listed),2025
3173,The Perfect Secret (2019),(no genres listed),2019
3174,The Perks of Being a Wallflower (2012),(no genres listed),2012
3175,The Phantom of the Opera (2004),(no genres listed),2004
3176,The Phoenician Scheme (2025),(no genres listed),2025
3177,The Pianist (2002),(no genres listed),2002
3178,The Piano Accident (2025),(no genres listed),2025
3179,The Piano Teacher (2001),(no genres listed),2001
3180,The Place Beyond the Pines (2012),(no genres listed),2012
3181,The Plague (2025),(no genres listed),2025
3182,The Platform (2019),(no genres listed),2019
3183,The Platform 2 (2024),(no genres listed),2024
3184,The Point Men (2023),(no genres listed),2023
3185,The Polar Express (2004),(no genres listed),2004
3186,The Policeman's Lineage (2022),(no genres listed),2022
3187,The Policeman's Niece (2025),(no genres listed),2025
3188,The Portable Door (2023),(no genres listed),2023
3189,The Power of the Dog (2021),(no genres listed),2021
3190,The Predator (2018),(no genres listed),2018
3191,The President's Cake (2025),(no genres listed),2025
3192,The Prestige (2006),(no genres listed),2006
3193,The Prince of Egypt (1998),(no genres listed),1998
3194,The Prince of Egypt: The Musical (2023),(no genres listed),2023
3195,The Princess and the Frog (2009),(no genres listed),2009
3196,The Princess Bride (1987),(no genres listed),1987
3197,The Princess Diaries (2001),(no genres listed),2001
3198,The Professor and the Madman (2019),(no genres listed),2019
3199,The Program (2015),(no genres listed),2015
3200,The Prom (2020),(no genres listed),2020
3201,The Promised Land (2023),(no genres listed),2023
3202,The Proposal (2009),(no genres listed),2009
3203,The Punisher: One Last Kill (2026),(no genres listed),2026
3204,The Purge (2013),(no genres listed),2013
3205,The Purge: Election Year (2016),(no genres listed),2016
3206,The Pursuit of Happyness (2006),(no genres listed),2006
3207,The Queen's Gambit (2020),(no genres listed),2020
3208,The Quiet Girl (2022),(no genres listed),2022
3209,The Quiet Son (2024),(no genres listed),2024
3210,The Rage: Carrie 2 (1999),(no genres listed),1999
3211,The Raid (2011),(no genres listed),2011
3212,The Rainmaker (1997),(no genres listed),1997
3213,The Rajasaab (2026),(no genres listed),2026
3214,The Rat Catcher (2023),(no genres listed),2023
3215,The Rays and Shadows (2026),(no genres listed),2026
3216,The Replacements (2000),(no genres listed),2000
3217,The Rescue (2020),(no genres listed),2020
3218,The Rescuers (1977),(no genres listed),1977
3219,The Residence (2025),(no genres listed),2025
3220,The Resistance (2022),(no genres listed),2022
3221,The Return of the Texas Chainsaw Massacre (1995),(no genres listed),1995
3222,The Revenant (2015),(no genres listed),2015
3223,The Ring (2002),(no genres listed),2002
3224,The Rip (2026),(no genres listed),2026
3225,"The Rise of the Red Hot Chili Peppers: Our Brother, Hillel (2026)",(no genres listed),2026
3226,The Ritual (2017),(no genres listed),2017
3227,The Ritual (2025),(no genres listed),2025
3228,The Rocky Horror Picture Show (1975),(no genres listed),1975
3229,The Rocky Horror Picture Show: Let's Do the Time Warp Again (2016),(no genres listed),2016
3230,The Room (2003),(no genres listed),2003
3231,The Room Next Door (2024),(no genres listed),2024
3232,The Roses (2025),(no genres listed),2025
3233,The Roundup (2022),(no genres listed),2022
3234,The Roundup: No Way Out (2023),(no genres listed),2023
3235,The Roundup: Punishment (2024),(no genres listed),2024
3236,The Royal Tenenbaums (2001),(no genres listed),2001
3237,The Rule of Jenny Pen (2024),(no genres listed),2024
3238,The Rules of Art (2025),(no genres listed),2025
3239,The Running Man (2025),(no genres listed),2025
3240,The Sadness (2021),(no genres listed),2021
3241,The Safe House (2025),(no genres listed),2025
3242,The School for Good and Evil (2022),(no genres listed),2022
3243,The Score (2001),(no genres listed),2001
3244,The Secret Agent (2025),(no genres listed),2025
3245,The Secret in Their Eyes (2009),(no genres listed),2009
3246,The Secret Life of Pets (2016),(no genres listed),2016
3247,The Secret Life of Walter Mitty (2013),(no genres listed),2013
3248,The Secret of the River (2024),(no genres listed),2024
3249,The Secret World of Arrietty (2010),(no genres listed),2010
3250,The Seed of the Sacred Fig (2024),(no genres listed),2024
3251,The Settlers (2023),(no genres listed),2023
3252,The Seventh Company Has Been Found (1975),(no genres listed),1975
3253,The Seventh Company Outdoors (1977),(no genres listed),1977
3254,The Seventh Seal (1957),(no genres listed),1957
3255,The Shadow Strays (2024),(no genres listed),2024
3256,The Shape of Water (2017),(no genres listed),2017
3257,The Shawshank Redemption (1994),(no genres listed),1994
3258,The Sheep Detectives (2026),(no genres listed),2026
3259,The Shining (1980),(no genres listed),1980
3260,The Silence (2019),(no genres listed),2019
3261,The Silence of the Lambs (1991),(no genres listed),1991
3262,The Silenced (2015),(no genres listed),2015
3263,The Singing Ringing Tree (1957),(no genres listed),1957
3264,The Six Triple Eight (2024),(no genres listed),2024
3265,The Sixth Sense (1999),(no genres listed),1999
3266,The Smashing Machine (2025),(no genres listed),2025
3267,The Smurfs (2011),(no genres listed),2011
3268,The Social Dilemma (2020),(no genres listed),2020
3269,The Social Network (2010),(no genres listed),2010
3270,The Soul-Mate (2018),(no genres listed),2018
3271,The Sparks Brothers (2021),(no genres listed),2021
3272,The Spectacular Now (2013),(no genres listed),2013
3273,The SpongeBob SquarePants Movie (2004),(no genres listed),2004
3274,The Spy Next Door (2010),(no genres listed),2010
3275,The Square (2017),(no genres listed),2017
3276,The Star Wars Holiday Special (1978),(no genres listed),1978
3277,The Station Agent (2003),(no genres listed),2003
3278,The Straight Story (1999),(no genres listed),1999
3279,The Strange Thing About the Johnsons (2011),(no genres listed),2011
3280,The Stranger (2025),(no genres listed),2025
3281,The Strangers (2008),(no genres listed),2008
3282,The Strangers: Chapter 1 (2024),(no genres listed),2024
3283,The Strangers: Chapter 2 (2025),(no genres listed),2025
3284,The Strangers: Chapter 3 (2026),(no genres listed),2026
3285,The Substance (2024),(no genres listed),2024
3286,The Suicide Squad (2021),(no genres listed),2021
3287,The Summit of the Gods (2021),(no genres listed),2021
3288,The Sun Is Also a Star (2019),(no genres listed),2019
3289,The Super Mario Bros. Movie (2023),(no genres listed),2023
3290,The Super Mario Galaxy Movie (2026),(no genres listed),2026
3291,The Swan (2023),(no genres listed),2023
3292,The Sweeney (2012),(no genres listed),2012
3293,The Sweetest Thing (2002),(no genres listed),2002
3294,The Swindlers (2017),(no genres listed),2017
3295,The Taking of Pelham 1 2 3 (2009),(no genres listed),2009
3296,The Tale of The Princess Kaguya (2013),(no genres listed),2013
3297,The Talented Mr. Ripley (1999),(no genres listed),1999
3298,The Tank (2025),(no genres listed),2025
3299,The Taste of Things (2023),(no genres listed),2023
3300,The Teacher's Diary (2014),(no genres listed),2014
3301,The Teachers' Lounge (2023),(no genres listed),2023
3302,The Tearsmith (2024),(no genres listed),2024
3303,The Terminal (2004),(no genres listed),2004
3304,The Testament of Ann Lee (2025),(no genres listed),2025
3305,The Texas Chain Saw Massacre (1974),(no genres listed),1974
3306,The Theory of Everything (2014),(no genres listed),2014
3307,The Thin Red Line (1998),(no genres listed),1998
3308,The Thing (1982),(no genres listed),1982
3309,The Third Wife (2018),(no genres listed),2018
3310,The Thursday Murder Club (2025),(no genres listed),2025
3311,The Ties That Bind Us (2024),(no genres listed),2024
3312,The Time It Takes (2024),(no genres listed),2024
3313,The Time Traveler's Wife (2009),(no genres listed),2009
3314,The Tin Mine (2005),(no genres listed),2005
3315,The To Do List (2013),(no genres listed),2013
3316,The Torch (2022),(no genres listed),2022
3317,The Toxic Avenger (2023),(no genres listed),2023
3318,The Train of Death (2024),(no genres listed),2024
3319,The Traitor (2019),(no genres listed),2019
3320,The Transporter (2002),(no genres listed),2002
3321,The Trauma Code: Heroes on Call (2025),(no genres listed),2025
3322,The Tree of Life (2011),(no genres listed),2011
3323,The Trial (1962),(no genres listed),1962
3324,The Trial of the Chicago 7 (2020),(no genres listed),2020
3325,The Triplets of Belleville (2003),(no genres listed),2003
3326,The Trouble with Jessica (2023),(no genres listed),2023
3327,The Truman Show (1998),(no genres listed),1998
3328,The Turin Horse (2011),(no genres listed),2011
3329,The Tuxedo (2002),(no genres listed),2002
3330,The Twilight Saga: Breaking Dawn – Part 1 (2011),(no genres listed),2011
3331,The Twilight Saga: Breaking Dawn – Part 2 (2012),(no genres listed),2012
3332,The Twilight Saga: Eclipse (2010),(no genres listed),2010
3333,The Twilight Saga: New Moon (2009),(no genres listed),2009
3334,The Ugly Stepsister (2025),(no genres listed),2025
3335,The Ultimate Gift (2006),(no genres listed),2006
3336,The Unbearable Weight of Massive Talent (2022),(no genres listed),2022
3337,The Undoing (2020),(no genres listed),2020
3338,The Unlikely Prince (2013),(no genres listed),2013
3339,The Untouchables (1987),(no genres listed),1987
3340,The Usual Suspects (1995),(no genres listed),1995
3341,The Valet (2022),(no genres listed),2022
3342,The Velvet Queen (2021),(no genres listed),2021
3343,The Velvet Underground (2021),(no genres listed),2021
3344,The Virgin Suicides (1999),(no genres listed),1999
3345,The Visit (2015),(no genres listed),2015
3346,The Visitors (1993),(no genres listed),1993
3347,The Voice of Hind Rajab (2025),(no genres listed),2025
3348,The Vow (2012),(no genres listed),2012
3349,The Wailing (2016),(no genres listed),2016
3350,The Wait (2021),(no genres listed),2021
3351,The Walking Dead: The Ones Who Live (2024),(no genres listed),2024
3352,The Watch (2012),(no genres listed),2012
3353,The Watcher (2022),(no genres listed),2022
3354,The Watchers (2024),(no genres listed),2024
3355,The Wave (2008),(no genres listed),2008
3356,The Way Way Back (2013),(no genres listed),2013
3357,The Way We Were (1973),(no genres listed),1973
3358,The Weed Eaters (2025),(no genres listed),2025
3359,The Weeknd: Live at SoFi Stadium (2023),(no genres listed),2023
3360,The Whale (2022),(no genres listed),2022
3361,The Whale Hunt (2001),(no genres listed),2001
3362,The White Ribbon (2009),(no genres listed),2009
3363,The White Tiger (2021),(no genres listed),2021
3364,The Wild Robot (2024),(no genres listed),2024
3365,The Wind Rises (2013),(no genres listed),2013
3366,The Witch (2015),(no genres listed),2015
3367,The Witch (2024),(no genres listed),2024
3368,The Witcher: Sirens of the Deep (2025),(no genres listed),2025
3369,The Wizard of Oz (1939),(no genres listed),1939
3370,The Wolf of Wall Street (2013),(no genres listed),2013
3371,The Woman in Cabin 10 (2025),(no genres listed),2025
3372,The Woman in the Window (2021),(no genres listed),2021
3373,The Woman in the Yard (2025),(no genres listed),2025
3374,The Woman King (2022),(no genres listed),2022
3375,The Woman Next Door (1981),(no genres listed),1981
3376,The WONDERfools (2026),(no genres listed),2026
3377,The Wonderful Story of Henry Sugar (2023),(no genres listed),2023
3378,The Wonderful Story of Henry Sugar and Three More (2024),(no genres listed),2024
3379,The Worst Person in the World (2021),(no genres listed),2021
3380,The Wrecking Crew (2026),(no genres listed),2026
3381,The Wrong Paris (2025),(no genres listed),2025
3382,The Zone of Interest (2023),(no genres listed),2023
3383,Thelma (2024),(no genres listed),2024
3384,Thelma & Louise (1991),(no genres listed),1991
3385,Therapy (2025),(no genres listed),2025
3386,There Will Be Blood (2007),(no genres listed),2007
3387,There's Still Tomorrow (2023),(no genres listed),2023
3388,They Call Me Jeeg (2015),(no genres listed),2015
3389,They Cloned Tyrone (2023),(no genres listed),2023
3390,They Live (1988),(no genres listed),1988
3391,They Will Kill You (2026),(no genres listed),2026
3392,Thirteen (2003),(no genres listed),2003
3393,This Is Spinal Tap (1984),(no genres listed),1984
3394,This Is the Zodiac Speaking (2024),(no genres listed),2024
3395,This World Can't Tear Me Down (2023),(no genres listed),2023
3396,Thor (2011),(no genres listed),2011
3397,Thor: Love and Thunder (2022),(no genres listed),2022
3398,Thor: Ragnarok (2017),(no genres listed),2017
3399,Thor: The Dark World (2013),(no genres listed),2013
3400,Thrash (2026),(no genres listed),2026
3401,"Three Billboards Outside Ebbing, Missouri (2017)",(no genres listed),2017
3402,Three Identical Strangers (2018),(no genres listed),2018
3403,Three Steps Above Heaven (2010),(no genres listed),2010
3404,Throne of Blood (1957),(no genres listed),1957
3405,Through My Window (2022),(no genres listed),2022
3406,Through My Window 3: Looking at You (2024),(no genres listed),2024
3407,Through My Window: Across the Sea (2023),(no genres listed),2023
3408,Thunderbirds (2004),(no genres listed),2004
3409,Thunderbolts* (2025),(no genres listed),2025
3410,"tick, tick... BOOM! (2021)",(no genres listed),2021
3411,Ticket to Paradise (2022),(no genres listed),2022
3412,Tiger King (2020),(no genres listed),2020
3413,Till (2022),(no genres listed),2022
3414,Time Cut (2024),(no genres listed),2024
3415,Tin & Tina (2023),(no genres listed),2023
3416,Tinker Bell and the Great Fairy Rescue (2010),(no genres listed),2010
3417,Tinker Tailor Soldier Spy (2011),(no genres listed),2011
3418,Tips for Cheating (2017),(no genres listed),2017
3419,Titane (2021),(no genres listed),2021
3420,Titanic (1997),(no genres listed),1997
3421,To All the Boys: Always and Forever (2021),(no genres listed),2021
3422,To All the Boys I've Loved Before (2018),(no genres listed),2018
3423,To All the Boys: P.S. I Still Love You (2020),(no genres listed),2020
3424,To Kill a Mockingbird (1962),(no genres listed),1962
3425,To the Bone (2017),(no genres listed),2017
3426,Toaster (2026),(no genres listed),2026
3427,Toc Toc (2017),(no genres listed),2017
3428,Together (2025),(no genres listed),2025
3429,Toilet: A Love Story (2017),(no genres listed),2017
3430,Tom at the Farm (2013),(no genres listed),2013
3431,Tom Clancy's Jack Ryan: Ghost War (2026),(no genres listed),2026
3432,Tom Clancy's Without Remorse (2021),(no genres listed),2021
3433,Tomboy (2011),(no genres listed),2011
3434,Too Funny to Fail: The Life & Death of The Dana Carvey Show (2017),(no genres listed),2017
3435,Too Many Cooks (2014),(no genres listed),2014
3436,Tooth Fairy (2010),(no genres listed),2010
3437,Top Gun (1986),(no genres listed),1986
3438,Top Gun: Maverick (2022),(no genres listed),2022
3439,Torn (2021),(no genres listed),2021
3440,Totally Killer (2023),(no genres listed),2023
3441,Totò Sapore and the Magical Story of Pizza (2003),(no genres listed),2003
3442,Tove (2020),(no genres listed),2020
3443,Toxic (2024),(no genres listed),2024
3444,Toy Story (1995),(no genres listed),1995
3445,Toy Story 2 (1999),(no genres listed),1999
3446,Toy Story 3 (2010),(no genres listed),2010
3447,Toy Story 4 (2019),(no genres listed),2019
3448,Toy Story 5 (2026),(no genres listed),2026
3449,Train Dreams (2025),(no genres listed),2025
3450,Train to Busan (2016),(no genres listed),2016
3451,Training Day (2001),(no genres listed),2001
3452,Trainspotting (1996),(no genres listed),1996
3453,Transformers (2007),(no genres listed),2007
3454,Transformers One (2024),(no genres listed),2024
3455,Transformers: Rise of the Beasts (2023),(no genres listed),2023
3456,Transformers: The Last Knight (2017),(no genres listed),2017
3457,Transporter 3 (2008),(no genres listed),2008
3458,Trap (2024),(no genres listed),2024
3459,Triangle (2009),(no genres listed),2009
3460,Triangle of Sadness (2022),(no genres listed),2022
3461,TRIGUN (1998),(no genres listed),1998
3462,Triple Frontier (2019),(no genres listed),2019
3463,Tristan & Isolde (2006),(no genres listed),2006
3464,Trollhunters: Rise of the Titans (2021),(no genres listed),2021
3465,Trolls (2016),(no genres listed),2016
3466,Trolls Band Together (2023),(no genres listed),2023
3467,Trolls World Tour (2020),(no genres listed),2020
3468,TRON: Ares (2025),(no genres listed),2025
3469,TRON: Legacy (2010),(no genres listed),2010
3470,Tropic Thunder (2008),(no genres listed),2008
3471,Troy (2004),(no genres listed),2004
3472,True Beauty (2020),(no genres listed),2020
3473,True Grit (2010),(no genres listed),2010
3474,True Romance (1993),(no genres listed),1993
3475,Tu Yaa Main (2026),(no genres listed),2026
3476,Tumbbad (2018),(no genres listed),2018
3477,Turkish for Beginners (2012),(no genres listed),2012
3478,Turning Red (2022),(no genres listed),2022
3479,Turtles All the Way Down (2024),(no genres listed),2024
3480,Tusk (2014),(no genres listed),2014
3481,Tweet-Tweet (2018),(no genres listed),2018
3482,Twenty Five Twenty One (2022),(no genres listed),2022
3483,Twenty One Pilots: More Than We Ever Imagined (2026),(no genres listed),2026
3484,Twilight (2008),(no genres listed),2008
3485,Twin Peaks (1989),(no genres listed),1989
3486,Twin Peaks: Fire Walk with Me (1992),(no genres listed),1992
3487,Twin Peaks: The Missing Pieces (2014),(no genres listed),2014
3488,Twin Peaks: The Return (2017),(no genres listed),2017
3489,Twinkling Watermelon (2023),(no genres listed),2023
3490,Twinless (2025),(no genres listed),2025
3491,Twisters (2024),(no genres listed),2024
3492,Twittering Soul (2023),(no genres listed),2023
3493,Two Distant Strangers (2020),(no genres listed),2020
3494,Two Prosecutors (2025),(no genres listed),2025
3495,Uglies (2024),(no genres listed),2024
3496,Ullozhukku (2024),(no genres listed),2024
3497,Un Chien Andalou (1929),(no genres listed),1929
3498,Un-Ex You (2025),(no genres listed),2025
3499,Un/Happy for You (2024),(no genres listed),2024
3500,Unbreakable (2000),(no genres listed),2000
3501,Uncharted (2022),(no genres listed),2022
3502,Uncle Boonmee Who Can Recall His Past Lives (2010),(no genres listed),2010
3503,Uncut Gems (2019),(no genres listed),2019
3504,Under the Silver Lake (2018),(no genres listed),2018
3505,Under the Skin (2013),(no genres listed),2013
3506,undertone (2025),(no genres listed),2025
3507,Underwater (2020),(no genres listed),2020
3508,Underworld (2003),(no genres listed),2003
3509,Unforgiven (1992),(no genres listed),1992
3510,Unfriended (2014),(no genres listed),2014
3511,Unhinged (2020),(no genres listed),2020
3512,Unhuman (2022),(no genres listed),2022
3513,Uninvited (2024),(no genres listed),2024
3514,Unknown Number: The High School Catfish (2025),(no genres listed),2025
3515,Unorthodox (2020),(no genres listed),2020
3516,unReal (2015),(no genres listed),2015
3517,Unstoppable (2010),(no genres listed),2010
3518,Unstoppable (2018),(no genres listed),2018
3519,Unsubmissives (2025),(no genres listed),2025
3520,UNTAMED (2025),(no genres listed),2025
3521,Until Dawn (2025),(no genres listed),2025
3522,Up (2009),(no genres listed),2009
3523,Up in the Air (2009),(no genres listed),2009
3524,Upgraded (2024),(no genres listed),2024
3525,Uptown Girls (2003),(no genres listed),2003
3526,Urban Legends: Final Cut (2000),(no genres listed),2000
3527,Urchin (2025),(no genres listed),2025
3528,Us (2019),(no genres listed),2019
3529,Uzumaki (2024),(no genres listed),2024
3530,V for Vendetta (2005),(no genres listed),2005
3531,V/H/S/Beyond (2024),(no genres listed),2024
3532,V/H/S/Halloween (2025),(no genres listed),2025
3533,Vacation (2015),(no genres listed),2015
3534,Valentine's Day (2010),(no genres listed),2010
3535,Van Helsing (2004),(no genres listed),2004
3536,Vanguard (2020),(no genres listed),2020
3537,Vanilla Sky (2001),(no genres listed),2001
3538,Vash Level 2 (2025),(no genres listed),2025
3539,Venom (2018),(no genres listed),2018
3540,Venom: Let There Be Carnage (2021),(no genres listed),2021
3541,Venom: The Last Dance (2024),(no genres listed),2024
3542,Vermiglio (2024),(no genres listed),2024
3543,Veronica Mars (2014),(no genres listed),2014
3544,Vertigo (1958),(no genres listed),1958
3545,Vicious (2025),(no genres listed),2025
3546,Vicky Cristina Barcelona (2008),(no genres listed),2008
3547,Vince & Kath & James (2016),(no genres listed),2016
3548,Vinci 2 (2025),(no genres listed),2025
3549,Vinland Saga (2019),(no genres listed),2019
3550,Violent Ends (2025),(no genres listed),2025
3551,Violent Night (2022),(no genres listed),2022
3552,Violet Evergarden (2018),(no genres listed),2018
3553,Violet Evergarden: Eternity and the Auto Memory Doll (2019),(no genres listed),2019
3554,Violet Evergarden: The Movie (2020),(no genres listed),2020
3555,Viral (2016),(no genres listed),2016
3556,Vivarium (2019),(no genres listed),2019
3557,Vivo (2021),(no genres listed),2021
3558,Volver (2006),(no genres listed),2006
3559,W (2022),(no genres listed),2022
3560,Wacky Class Welcome (2004),(no genres listed),2004
3561,Wake Up Dead Man (2025),(no genres listed),2025
3562,Waking Life (2001),(no genres listed),2001
3563,Wall to Wall (2025),(no genres listed),2025
3564,Wallace & Gromit: Vengeance Most Fowl (2024),(no genres listed),2024
3565,WALL·E (2008),(no genres listed),2008
3566,Waltz with Bashir (2008),(no genres listed),2008
3567,WandaVision (2021),(no genres listed),2021
3568,War 2 (2025),(no genres listed),2025
3569,War Dogs (2016),(no genres listed),2016
3570,War for the Planet of the Apes (2017),(no genres listed),2017
3571,War Machine (2026),(no genres listed),2026
3572,War of the Worlds (2005),(no genres listed),2005
3573,War of the Worlds (2025),(no genres listed),2025
3574,War Room (2015),(no genres listed),2015
3575,Warcraft (2016),(no genres listed),2016
3576,Warfare (2025),(no genres listed),2025
3577,Warrior (2011),(no genres listed),2011
3578,Wasteman (2025),(no genres listed),2025
3579,Watcher (2022),(no genres listed),2022
3580,Watching the Detectives (2007),(no genres listed),2007
3581,Watchmen (2009),(no genres listed),2009
3582,Watchmen (2019),(no genres listed),2019
3583,Water Lilies (2007),(no genres listed),2007
3584,Waves (2019),(no genres listed),2019
3585,Wayward (2025),(no genres listed),2025
3586,We Bare Bears: The Movie (2020),(no genres listed),2020
3587,We Have a Ghost (2023),(no genres listed),2023
3588,We Live in Time (2024),(no genres listed),2024
3589,We Need to Talk About Kevin (2011),(no genres listed),2011
3590,We Never Smiled in the 90’s (2024),(no genres listed),2024
3591,We Own the Night (2007),(no genres listed),2007
3592,Weak Hero (2022),(no genres listed),2022
3593,Weapons (2025),(no genres listed),2025
3594,Weathering with You (2019),(no genres listed),2019
3595,Wedding Crashers (2005),(no genres listed),2005
3596,Weddings and Wokes: A Family Dilemma (2024),(no genres listed),2024
3597,Weekends (2017),(no genres listed),2017
3598,Weiner (2016),(no genres listed),2016
3599,Weird: The Al Yankovic Story (2022),(no genres listed),2022
3600,Welcome to Marwen (2018),(no genres listed),2018
3601,Welcome to the South (2010),(no genres listed),2010
3602,Wendell & Wild (2022),(no genres listed),2022
3603,Wendy and Lucy (2008),(no genres listed),2008
3604,We're the Millers (2013),(no genres listed),2013
3605,Werewolf by Night (2022),(no genres listed),2022
3606,West Side Story (1961),(no genres listed),1961
3607,West Side Story (2021),(no genres listed),2021
3608,Whale Rider (2002),(no genres listed),2002
3609,What Jennifer Did (2024),(no genres listed),2024
3610,What Josiah Saw (2021),(no genres listed),2021
3611,What Men Want (2019),(no genres listed),2019
3612,What's Eating Gilbert Grape (1993),(no genres listed),1993
3613,Wheel of Fortune and Fantasy (2021),(no genres listed),2021
3614,When Evil Lurks (2023),(no genres listed),2023
3615,When Harry Met Sally... (1989),(no genres listed),1989
3616,When Life Gives You Tangerines (2025),(no genres listed),2025
3617,When Marnie Was There (2014),(no genres listed),2014
3618,When the Bough Breaks (2016),(no genres listed),2016
3619,Where Hope Grows (2014),(no genres listed),2014
3620,Where the Crawdads Sing (2022),(no genres listed),2022
3621,Where the Wild Things Are (2009),(no genres listed),2009
3622,Whiplash (2014),(no genres listed),2014
3623,Whisper of the Heart (1995),(no genres listed),1995
3624,Whispers in the Woods (2025),(no genres listed),2025
3625,Whistle (2025),(no genres listed),2025
3626,White Boy Rick (2018),(no genres listed),2018
3627,White Chicks (2004),(no genres listed),2004
3628,White Men Can't Jump (2023),(no genres listed),2023
3629,Who Am I (2014),(no genres listed),2014
3630,Who Framed Roger Rabbit (1988),(no genres listed),1988
3631,Wholetrain (2006),(no genres listed),2006
3632,Why Did You Kill Me? (2021),(no genres listed),2021
3633,Wicked (2024),(no genres listed),2024
3634,Wicked: For Good (2025),(no genres listed),2025
3635,Wicked Little Letters (2023),(no genres listed),2023
3636,Wiener-Dog (2016),(no genres listed),2016
3637,Wild at Heart (1990),(no genres listed),1990
3638,Wild Child (2008),(no genres listed),2008
3639,Wild Things (1998),(no genres listed),1998
3640,Wilde (1997),(no genres listed),1997
3641,WILL (2023),(no genres listed),2023
3642,Will & Harper (2024),(no genres listed),2024
3643,Wind River (2017),(no genres listed),2017
3644,Wingwomen (2023),(no genres listed),2023
3645,Wish (2023),(no genres listed),2023
3646,Wish Dragon (2021),(no genres listed),2021
3647,Wishing Box (2017),(no genres listed),2017
3648,With a Kind Regard (2026),(no genres listed),2026
3649,Witness the Fitness (2022),(no genres listed),2022
3650,Wolf Children (2012),(no genres listed),2012
3651,Wolf Man (2025),(no genres listed),2025
3652,Wolfs (2024),(no genres listed),2024
3653,Wolfwalkers (2020),(no genres listed),2020
3654,Woman of the Hour (2023),(no genres listed),2023
3655,Women Talking (2022),(no genres listed),2022
3656,Wonder (2017),(no genres listed),2017
3657,Wonder Man (2026),(no genres listed),2026
3658,Wonder Wheel (2017),(no genres listed),2017
3659,Wonder Woman 1984 (2020),(no genres listed),2020
3660,Wonder Woman (2017),(no genres listed),2017
3661,Wonka (2023),(no genres listed),2023
3662,Woori the Virgin (2022),(no genres listed),2022
3663,World War Z (2013),(no genres listed),2013
3664,Woyzeck (1979),(no genres listed),1979
3665,Wrath of Man (2021),(no genres listed),2021
3666,Wreck-It Ralph (2012),(no genres listed),2012
3667,Wuthering Heights (2026),(no genres listed),2026
3668,www.RachelOrmont.com (2024),(no genres listed),2024
3669,X (2022),(no genres listed),2022
3670,X-Men: Days of Future Past (2014),(no genres listed),2014
3671,X-Men Origins: Wolverine (2009),(no genres listed),2009
3672,Xeno (2025),(no genres listed),2025
3673,Y Tu Mamá También (2001),(no genres listed),2001
3674,Y2K (2024),(no genres listed),2024
3675,Yalda (2019),(no genres listed),2019
3676,Yannick (2023),(no genres listed),2023
3677,YES DAY (2021),(no genres listed),2021
3678,Yesterday (2019),(no genres listed),2019
3679,Yojimbo (1961),(no genres listed),1961
3680,You Are So Not Invited to My Bat Mitzvah (2023),(no genres listed),2023
3681,You Are the Apple of My Eye (2024),(no genres listed),2024
3682,You Can Count on Me (2000),(no genres listed),2000
3683,You Don't Mess with the Zohan (2008),(no genres listed),2008
3684,"You, Me & Tuscany (2026)",(no genres listed),2026
3685,You People (2023),(no genres listed),2023
3686,You Will Meet a Tall Dark Stranger (2010),(no genres listed),2010
3687,Young Hearts (2024),(no genres listed),2024
3688,Young Woman and the Sea (2024),(no genres listed),2024
3689,Your Fault (2024),(no genres listed),2024
3690,Your Lie in April (2014),(no genres listed),2014
3691,Your Name. (2016),(no genres listed),2016
3692,Your Name Engraved Herein (2020),(no genres listed),2020
3693,Your Place or Mine (2023),(no genres listed),2023
3694,You've Got Mail (1998),(no genres listed),1998
3695,Yuragim (2026),(no genres listed),2026
3696,Yves Saint Laurent (2014),(no genres listed),2014
3697,Z-O-M-B-I-E-S 3 (2022),(no genres listed),2022
3698,Z Zone (2024),(no genres listed),2024
3699,Zack Snyder's Justice League (2021),(no genres listed),2021
3700,Zathura: A Space Adventure (2005),(no genres listed),2005
3701,Zero Dark Thirty (2012),(no genres listed),2012
3702,Zero Day (2025),(no genres listed),2025
3703,Zodiac (2007),(no genres listed),2007
3704,Zoey 102 (2023),(no genres listed),2023
3705,Zola (2020),(no genres listed),2020
3706,Zombieland (2009),(no genres listed),2009
3707,Zombieland: Double Tap (2019),(no genres listed),2019
3708,Zoolander (2001),(no genres listed),2001
3709,Zoolander 2 (2016),(no genres listed),2016
3710,Zootopia (2016),(no genres listed),2016
3711,Zootopia 2 (2025),(no genres listed),2025
3712,10 Cloverfield Lane (2016),(no genres listed),2016
3713,10 Things I Hate About You,(no genres listed),
3714,10 Things I Hate About You (1999),(no genres listed),1999
3715,100 METERS (2025),(no genres listed),2025
3716,12 Angry Men,(no genres listed),
3717,12 Angry Men (1957),(no genres listed),1957
3718,127 Hours (2010),(no genres listed),2010
3719,"13 Days, 13 Nights (2025)",(no genres listed),2025
3720,13: Game of Death (2006),(no genres listed),2006
3721,13 Going on 30,(no genres listed),
3722,13 Going on 30 (2004),(no genres listed),2004
3723,17 Again (2009),(no genres listed),2009
3724,18th Rose,(no genres listed),
3725,1917 (2019),(no genres listed),2019
3726,1987: When the Day Comes,(no genres listed),
3727,2 Cool 2 Be 4gotten (2016),(no genres listed),2016
3728,2 Fast 2 Furious (2003),(no genres listed),2003
3729,2001: A Space Odyssey,(no genres listed),
3730,2001: A Space Odyssey (1968),(no genres listed),1968
3731,2023 Best Picture Oscar Nominees - Ranked (2023),(no genres listed),2023
3732,2023 (2023),(no genres listed),2023
3733,2024 (2024),(no genres listed),2024
3734,2025-cinéma (2025),(no genres listed),2025
3735,2025-écrans (2025),(no genres listed),2025
3736,2025 (2025),(no genres listed),2025
3737,2026 Best Picture Oscar Nominees - Ranked (2026),(no genres listed),2026
3738,2026-Cinéma (2026),(no genres listed),2026
3739,2026-laptop (2026),(no genres listed),2026
3740,2026 (2026),(no genres listed),2026
3741,20th Century Girl (2022),(no genres listed),2022
3742,21 Jump Street (2012),(no genres listed),2012
3743,21 & Over (2013),(no genres listed),2013
3744,21,(no genres listed),
3745,22 Jump Street,(no genres listed),
3746,22 Jump Street (2014),(no genres listed),2014
3747,27 Dresses (2008),(no genres listed),2008
3748,28 Days Later,(no genres listed),
3749,28 Days Later (2002),(no genres listed),2002
3750,28 Weeks Later (2007),(no genres listed),2007
3751,28 Years Later: The Bone Temple,(no genres listed),
3752,28 Years Later: The Bone Temple (2026),(no genres listed),2026
3753,28 Years Later (2025),(no genres listed),2025
3754,3 Idiots,(no genres listed),
3755,3 Idiots (2009),(no genres listed),2009
3756,3096 Days (2013),(no genres listed),2013
3757,31 (2016),(no genres listed),2016
3758,365 Days (2020),(no genres listed),2020
3759,The 40 Year Old Virgin,(no genres listed),
3760,The 40 Year Old Virgin (2005),(no genres listed),2005
3761,5 star—ranked,(no genres listed),
3762,50/50 (2011),(no genres listed),2011
3763,50 First Dates (2004),(no genres listed),2004
3764,(500) Days of Summer,(no genres listed),
3765,(500) Days of Summer (2009),(no genres listed),2009
3766,The 5th Wave (2016),(no genres listed),2016
3767,6-10 OAT,(no genres listed),
3768,7 Faces of Dr. Lao (1964),(no genres listed),1964
3769,80s,(no genres listed),
3770,86 EIGHTY-SIX (2021),(no genres listed),2021
3771,9 (2009),(no genres listed),2009
3772,𓈒⟡₊⋆∘˚⊹ ࿔,(no genres listed),
3773,ABBA Gold: Greatest Hits (2003),(no genres listed),2003
3774,About Time,(no genres listed),
3775,About Time (2013),(no genres listed),2013
3776,Absolute Cinema™,(no genres listed),
3777,Accepted (2006),(no genres listed),2006
3778,The Accidental Detective 2: In Action (2018),(no genres listed),2018
3779,The Accountant (2016),(no genres listed),2016
3780,Accused (2026),(no genres listed),2026
3781,Action,(no genres listed),
3782,Ad Astra (2019),(no genres listed),2019
3783,The Adam Project (2022),(no genres listed),2022
3784,Adaptation.,(no genres listed),
3785,Adaptation. (2002),(no genres listed),2002
3786,Adolescence (2025),(no genres listed),2025
3787,Adventure Time: Diamonds and Lemons (2018),(no genres listed),2018
3788,Adventure Time: Elements (2017),(no genres listed),2017
3789,Adventure Time: Islands (2017),(no genres listed),2017
3790,The Adventures of Tintin (2011),(no genres listed),2011
3791,After Hours,(no genres listed),
3792,After Hours (1985),(no genres listed),1985
3793,After the Hunt (2025),(no genres listed),2025
3794,Aftersun,(no genres listed),
3795,Aftersun (2022),(no genres listed),2022
3796,Agatha All Along (2024),(no genres listed),2024
3797,The Age of Shadows (2016),(no genres listed),2016
3798,AHCU (Audrey Hepburn Cinematic Universe)𖥔 ݁ ˖,(no genres listed),
3799,Air (2023),(no genres listed),2023
3800,Akira (1988),(no genres listed),1988
3801,Aladdin (1992),(no genres listed),1992
3802,Aladdin (2019),(no genres listed),2019
3803,Alhamour H.A. (2023),(no genres listed),2023
3804,Alhomora,(no genres listed),
3805,Alice in Wonderland,(no genres listed),
3806,Alice in Wonderland (1951),(no genres listed),1951
3807,Alice in Wonderland (2010),(no genres listed),2010
3808,Alien - Ranked,(no genres listed),
3809,Alien: Romulus (2024),(no genres listed),2024
3810,Alien,(no genres listed),
3811,Alien (1979),(no genres listed),1979
3812,Alita: Battle Angel,(no genres listed),
3813,Alita: Battle Angel (2019),(no genres listed),2019
3814,All About My Mother (1999),(no genres listed),1999
3815,All Her Fault (2025),(no genres listed),2025
3816,All I want for christmas—are these,(no genres listed),
3817,All of Us Are Dead,(no genres listed),
3818,All of Us Are Dead (2022),(no genres listed),2022
3819,All Quiet on the Western Front,(no genres listed),
3820,All Quiet on the Western Front (1930),(no genres listed),1930
3821,All Quiet on the Western Front (2022),(no genres listed),2022
3822,All the Bright Places,(no genres listed),
3823,All the Bright Places (2020),(no genres listed),2020
3824,All-time Favorites,(no genres listed),
3825,All-time Favs,(no genres listed),
3826,All Your Faces (2023),(no genres listed),2023
3827,Allied (2016),(no genres listed),2016
3828,Alone (2007),(no genres listed),2007
3829,Alone (2020),(no genres listed),2020
3830,Always Be My Maybe (2019),(no genres listed),2019
3831,Am I OK? (2022),(no genres listed),2022
3832,Amélie (2001),(no genres listed),2001
3833,The Amazing Spider-Man 2,(no genres listed),
3834,The Amazing Spider-Man 2 (2014),(no genres listed),2014
3835,The Amazing Spider-Man,(no genres listed),
3836,The Amazing Spider-Man (2012),(no genres listed),2012
3837,America's Sweethearts (2001),(no genres listed),2001
3838,American Beauty (1999),(no genres listed),1999
3839,American Fiction (2023),(no genres listed),2023
3840,American Gangster (2007),(no genres listed),2007
3841,American History X (1998),(no genres listed),1998
3842,American Made (2017),(no genres listed),2017
3843,American Psycho,(no genres listed),
3844,American Psycho (2000),(no genres listed),2000
3845,American Sniper (2014),(no genres listed),2014
3846,Ammonite (2020),(no genres listed),2020
3847,Amsterdam (2022),(no genres listed),2022
3848,Anaconda,(no genres listed),
3849,Anatomy of a Fall (2023),(no genres listed),2023
3850,And the Breadwinner Is... (2024),(no genres listed),2024
3851,Andrei Rublev,(no genres listed),
3852,Andy,(no genres listed),
3853,Angst (1983),(no genres listed),1983
3854,Animal Crackers (1930),(no genres listed),1930
3855,Annabelle Comes Home (2019),(no genres listed),2019
3856,Annabelle: Creation (2017),(no genres listed),2017
3857,Anomalisa (2015),(no genres listed),2015
3858,Anora,(no genres listed),
3859,Anora (2024),(no genres listed),2024
3860,Another Cinderella Story (2008),(no genres listed),2008
3861,Ant-Man and the Wasp: Quantumania,(no genres listed),
3862,Ant-Man and the Wasp: Quantumania (2023),(no genres listed),2023
3863,Ant-Man and the Wasp (2018),(no genres listed),2018
3864,Ant-Man (2015),(no genres listed),2015
3865,Antz,(no genres listed),
3866,Antz (1998),(no genres listed),1998
3867,Anyone But You (2023),(no genres listed),2023
3868,The Apartment (1960),(no genres listed),1960
3869,Apex,(no genres listed),
3870,Apex (2026),(no genres listed),2026
3871,Apocalypse Now,(no genres listed),
3872,Apocalypse Now (1979),(no genres listed),1979
3873,Apocalypto (2006),(no genres listed),2006
3874,Apollo 13 (1995),(no genres listed),1995
3875,Apostle (2018),(no genres listed),2018
3876,The Apprentice (2024),(no genres listed),2024
3877,April (2024),(no genres listed),2024
3878,Apur Sansar (1959),(no genres listed),1959
3879,Aquaman (2018),(no genres listed),2018
3880,Arachnophobia (1990),(no genres listed),1990
3881,"Are You There God? It's Me, Margaret.",(no genres listed),
3882,"Are You There God? It's Me, Margaret. (2023)",(no genres listed),2023
3883,Argo (2012),(no genres listed),2012
3884,Argylle (2024),(no genres listed),2024
3885,Ariel (1988),(no genres listed),1988
3886,Arrival,(no genres listed),
3887,Arrival (2016),(no genres listed),2016
3888,Article 15 (2019),(no genres listed),2019
3889,"As Above, So Below",(no genres listed),
3890,"As Above, So Below (2014)",(no genres listed),2014
3891,The Assassination of Jesse James by the Coward Robert Ford (2007),(no genres listed),2007
3892,Assi (2026),(no genres listed),2026
3893,Asteroid City (2023),(no genres listed),2023
3894,At Eternity's Gate (2018),(no genres listed),2018
3895,Atatürk II 1881 – 1919 (2024),(no genres listed),2024
3896,Athena (2022),(no genres listed),2022
3897,Atlantics,(no genres listed),
3898,Atlas (2024),(no genres listed),2024
3899,Atonement (2007),(no genres listed),2007
3900,Attack of the Giant Leeches (1959),(no genres listed),1959
3901,Attack on Titan: THE LAST ATTACK,(no genres listed),
3902,Attack on Titan: THE LAST ATTACK (2024),(no genres listed),2024
3903,Auction,(no genres listed),
3904,August in the Water,(no genres listed),
3905,The Autopsy of Jane Doe (2016),(no genres listed),2016
3906,Autumn Sonata (1978),(no genres listed),1978
3907,Avatar Aang: The Last Airbender,(no genres listed),
3908,Avatar Aang: The Last Airbender (2026),(no genres listed),2026
3909,Avatar: Fire and Ash,(no genres listed),
3910,Avatar: Fire and Ash (2025),(no genres listed),2025
3911,Avatar Spirits,(no genres listed),
3912,Avatar: The Way of Water (2022),(no genres listed),2022
3913,Avatar,(no genres listed),
3914,Avatar (2009),(no genres listed),2009
3915,Avengers: Age of Ultron (2015),(no genres listed),2015
3916,Avengers: Endgame,(no genres listed),
3917,Avengers: Endgame (2019),(no genres listed),2019
3918,Avengers: Infinity War (2018),(no genres listed),2018
3919,The Avengers,(no genres listed),
3920,The Avengers (2012),(no genres listed),2012
3921,The Aviator (2004),(no genres listed),2004
3922,Awake (2007),(no genres listed),2007
3923,Awake (2021),(no genres listed),2021
3924,The Babadook (2014),(no genres listed),2014
3925,Baby Blood (1990),(no genres listed),1990
3926,Baby Driver,(no genres listed),
3927,Baby Driver (2017),(no genres listed),2017
3928,Babygirl (2024),(no genres listed),2024
3929,Babylon (2022),(no genres listed),2022
3930,The Babysitter (2017),(no genres listed),2017
3931,Bach: A Passionate Life (2013),(no genres listed),2013
3932,Bachelorette,(no genres listed),
3933,Back to the Future Part II (1989),(no genres listed),1989
3934,Back to the Future Part III,(no genres listed),
3935,Back to the Future,(no genres listed),
3936,Back to the Future (1985),(no genres listed),1985
3937,The Backrooms (Found Footage) (2022),(no genres listed),2022
3938,Bad Boys for Life (2020),(no genres listed),2020
3939,Bad Boys: Ride or Die (2024),(no genres listed),2024
3940,Bad Boys (1995),(no genres listed),1995
3941,Bad Education,(no genres listed),
3942,Bad Genius (2017),(no genres listed),2017
3943,The Bad Guys: Reign of Chaos (2019),(no genres listed),2019
3944,Bad Influence (2025),(no genres listed),2025
3945,Bad Lieutenant (1992),(no genres listed),1992
3946,A Bad Moms Christmas (2017),(no genres listed),2017
3947,Ball Boy Tactics (2025),(no genres listed),2025
3948,Ballerina,(no genres listed),
3949,Ballerina (2016),(no genres listed),2016
3950,Ballerina (2025),(no genres listed),2025
3951,Balls Up,(no genres listed),
3952,Balls Up (2026),(no genres listed),2026
3953,Bambi (1942),(no genres listed),1942
3954,Bangkok Traffic (Love) Story (2009),(no genres listed),2009
3955,The Banshees of Inisherin,(no genres listed),
3956,The Banshees of Inisherin (2022),(no genres listed),2022
3957,Bao (2018),(no genres listed),2018
3958,Bar Boys (2017),(no genres listed),2017
3959,Barbarian,(no genres listed),
3960,Barbarian (2022),(no genres listed),2022
3961,The Barber of Siberia (1998),(no genres listed),1998
3962,Barbie,(no genres listed),
3963,Barbie (2023),(no genres listed),2023
3964,"BARDO, False Chronicle of a Handful of Truths (2022)",(no genres listed),2022
3965,Barry Lyndon (1975),(no genres listed),1975
3966,Barry Sonnenfeld - Ranked,(no genres listed),
3967,Basic Instinct (1992),(no genres listed),1992
3968,The Basketball Diaries,(no genres listed),
3969,The Basketball Diaries (1995),(no genres listed),1995
3970,Batman Begins,(no genres listed),
3971,Batman Begins (2005),(no genres listed),2005
3972,Batman v Superman: Dawn of Justice,(no genres listed),
3973,Batman v Superman: Dawn of Justice (2016),(no genres listed),2016
3974,Batman vs. Robin (2015),(no genres listed),2015
3975,Batman,(no genres listed),
3976,Batman (1989),(no genres listed),1989
3977,The Batman (2022),(no genres listed),2022
3978,The Battle of Algiers (1966),(no genres listed),1966
3979,Battle of the Sexes (2017),(no genres listed),2017
3980,The Battle: Roar to Victory (2019),(no genres listed),2019
3981,Battle Royale (2000),(no genres listed),2000
3982,The Battleship Island (2017),(no genres listed),2017
3983,Baywatch (2017),(no genres listed),2017
3984,The Beach (2000),(no genres listed),2000
3985,The Beast in Me (2025),(no genres listed),2025
3986,The Beat That My Heart Skipped (2005),(no genres listed),2005
3987,Beating Hearts (2024),(no genres listed),2024
3988,Beautiful Boy,(no genres listed),
3989,Beautiful Boy (2018),(no genres listed),2018
3990,Beautiful Disaster (2023),(no genres listed),2023
3991,Beauty and the Beast (2017),(no genres listed),2017
3992,Becky (2020),(no genres listed),2020
3993,Bedazzled (2000),(no genres listed),2000
3994,BEEF,(no genres listed),
3995,BEEF (2023),(no genres listed),2023
3996,The Beekeeper (2024),(no genres listed),2024
3997,Beetlejuice (1988),(no genres listed),1988
3998,Befikre,(no genres listed),
3999,Befikre (2016),(no genres listed),2016
4000,Before I Fall (2017),(no genres listed),2017
4001,Before Midnight (2013),(no genres listed),2013
4002,Before Sunrise,(no genres listed),
4003,Before Sunrise (1995),(no genres listed),1995
4004,Before Sunset (2004),(no genres listed),2004
4005,Begin Again (2013),(no genres listed),2013
4006,Behind Her Eyes (2021),(no genres listed),2021
4007,The Believer (2001),(no genres listed),2001
4008,The Beloved,(no genres listed),
4009,Best Horror Films of the 21st Century,(no genres listed),
4010,Best of 2024 (2024),(no genres listed),2024
4011,Best of 2025 (2025),(no genres listed),2025
4012,Better Days,(no genres listed),
4013,Better Man,(no genres listed),
4014,Better Man (2024),(no genres listed),2024
4015,A Better Tomorrow (1986),(no genres listed),1986
4016,Beware! The Blob (1972),(no genres listed),1972
4017,The Beyond (1981),(no genres listed),1981
4018,The BFG (2016),(no genres listed),2016
4019,Bicentennial Man (1999),(no genres listed),1999
4020,The Big Fake (2025),(no genres listed),2025
4021,Big Fish (2003),(no genres listed),2003
4022,Big Hero 6 (2014),(no genres listed),2014
4023,The Big Lebowski (1998),(no genres listed),1998
4024,Big Little Lies (2017),(no genres listed),2017
4025,The Big Short (2015),(no genres listed),2015
4026,Big Trouble in Little China,(no genres listed),
4027,Billie Eilish — Hit Me Hard and Soft: The Tour (Live in 3D),(no genres listed),
4028,Billie Eilish — Hit Me Hard and Soft: The Tour (Live in 3D) (2026),(no genres listed),2026
4029,Billie Eilish: The World's a Little Blurry,(no genres listed),
4030,Billie Eilish: The World's a Little Blurry (2021),(no genres listed),2021
4031,Billy Elliot (2000),(no genres listed),2000
4032,Bimmer (2003),(no genres listed),2003
4033,Bird Box (2018),(no genres listed),2018
4034,Bird (2024),(no genres listed),2024
4035,The Birdcage (1996),(no genres listed),1996
4036,Birdman or (The Unexpected Virtue of Ignorance),(no genres listed),
4037,Birdman or (The Unexpected Virtue of Ignorance) (2014),(no genres listed),2014
4038,The Birthday Cake (2021),(no genres listed),2021
4039,Bitter Christmas (2026),(no genres listed),2026
4040,Biutiful (2010),(no genres listed),2010
4041,Black Adam (2022),(no genres listed),2022
4042,Black Bag (2025),(no genres listed),2025
4043,Black Bear (2020),(no genres listed),2020
4044,Black Mirror: Eulogy (2025),(no genres listed),2025
4045,Black Mirror: Nosedive,(no genres listed),
4046,Black Panther: Wakanda Forever (2022),(no genres listed),2022
4047,Black Panther,(no genres listed),
4048,Black Panther (2018),(no genres listed),2018
4049,Black Phone 2,(no genres listed),
4050,Black Phone 2 (2025),(no genres listed),2025
4051,The Black Phone,(no genres listed),
4052,The Black Phone (2021),(no genres listed),2021
4053,Black Sabbath (1963),(no genres listed),1963
4054,Black Swan,(no genres listed),
4055,Black Swan (2010),(no genres listed),2010
4056,Black Widow (2021),(no genres listed),2021
4057,BlackBerry (2023),(no genres listed),2023
4058,Blackbird (2018),(no genres listed),2018
4059,BlacKkKlansman (2018),(no genres listed),2018
4060,BLACKPINK: Light Up the Sky (2020),(no genres listed),2020
4061,BLACKPINK: The Movie (2021),(no genres listed),2021
4062,Blade Runner 2049,(no genres listed),
4063,Blade Runner 2049 (2017),(no genres listed),2017
4064,Blade Runner,(no genres listed),
4065,Blade Runner (1982),(no genres listed),1982
4066,The Blair Witch Project (1999),(no genres listed),1999
4067,Blazing Saddles (1974),(no genres listed),1974
4068,Bleeder (1999),(no genres listed),1999
4069,The Blind Side (2009),(no genres listed),2009
4070,The Bling Ring (2013),(no genres listed),2013
4071,Blink Twice (2024),(no genres listed),2024
4072,Blood Red Sky (2021),(no genres listed),2021
4073,Bloodhounds (2023),(no genres listed),2023
4074,Blue Beetle,(no genres listed),
4075,Blue Beetle (2023),(no genres listed),2023
4076,Blue Heron (2025),(no genres listed),2025
4077,Blue Is the Warmest Color (2013),(no genres listed),2013
4078,Blue Valentine (2010),(no genres listed),2010
4079,Blue Velvet,(no genres listed),
4080,Blue Velvet (1986),(no genres listed),1986
4081,Blueming (2022),(no genres listed),2022
4082,The Bluff (2026),(no genres listed),2026
4083,Bob Marley: One Love (2024),(no genres listed),2024
4084,Bodies Bodies Bodies (2022),(no genres listed),2022
4085,Body (2007),(no genres listed),2007
4086,Bohemian Rhapsody,(no genres listed),
4087,Bohemian Rhapsody (2018),(no genres listed),2018
4088,Bones and All (2022),(no genres listed),2022
4089,Boogie Nights (1997),(no genres listed),1997
4090,The Book of Life (2014),(no genres listed),2014
4091,Booksmart (2019),(no genres listed),2019
4092,Borat: Cultural Learnings of America for Make Benefit Glorious Nation of Kazakhstan,(no genres listed),
4093,Borat: Cultural Learnings of America for Make Benefit Glorious Nation of Kazakhstan (2006),(no genres listed),2006
4094,Border 2 (2026),(no genres listed),2026
4095,Border (1997),(no genres listed),1997
4096,Borderline (2025),(no genres listed),2025
4097,The Boss Baby (2017),(no genres listed),2017
4098,Bottoms,(no genres listed),
4099,Bottoms (2023),(no genres listed),2023
4100,Bounce (2000),(no genres listed),2000
4101,The Box (2021),(no genres listed),2021
4102,The Boxtrolls (2014),(no genres listed),2014
4103,The Boy and the Heron,(no genres listed),
4104,The Boy and the Heron (2023),(no genres listed),2023
4105,The Boy in the Striped Pyjamas (2008),(no genres listed),2008
4106,Boyhood is a spectrum,(no genres listed),
4107,Boys Don't Cry (1999),(no genres listed),1999
4108,The Boys in the Boat (2023),(no genres listed),2023
4109,Boyz n the Hood (1991),(no genres listed),1991
4110,Brain on Fire (2016),(no genres listed),2016
4111,Brainfuck,(no genres listed),
4112,Bratz (2007),(no genres listed),2007
4113,The Brave Little Toaster,(no genres listed),
4114,The Brave Little Toaster (1987),(no genres listed),1987
4115,Brave (2012),(no genres listed),2012
4116,Brazil,(no genres listed),
4117,The Bread (2021),(no genres listed),2021
4118,The Breakfast Club,(no genres listed),
4119,The Breakfast Club (1985),(no genres listed),1985
4120,Breaking News in Yuba County (2021),(no genres listed),2021
4121,Brian De Palma - Ranked,(no genres listed),
4122,Brice 3 (2016),(no genres listed),2016
4123,Brick (2025),(no genres listed),2025
4124,The Bride!,(no genres listed),
4125,The Bride! (2026),(no genres listed),2026
4126,Bridge to Terabithia,(no genres listed),
4127,Bridge to Terabithia (2007),(no genres listed),2007
4128,The Bridges of Madison County,(no genres listed),
4129,Bring Her Back (2025),(no genres listed),2025
4130,Bring It On (2000),(no genres listed),2000
4131,Bring Me Home (2019),(no genres listed),2019
4132,Brokeback Mountain (2005),(no genres listed),2005
4133,Bronson (2008),(no genres listed),2008
4134,A Bronx Tale (1993),(no genres listed),1993
4135,Bros (2022),(no genres listed),2022
4136,Brother Bear (2003),(no genres listed),2003
4137,The Brothers Bloom (2008),(no genres listed),2008
4138,Brothers (2009),(no genres listed),2009
4139,The Brutalist,(no genres listed),
4140,The Brutalist (2024),(no genres listed),2024
4141,Bubble (2022),(no genres listed),2022
4142,Buffalo '66 (1998),(no genres listed),1998
4143,A Bug's Life (1998),(no genres listed),1998
4144,Bugonia,(no genres listed),
4145,Bugonia (2025),(no genres listed),2025
4146,Bullet Train,(no genres listed),
4147,Bullet Train (2022),(no genres listed),2022
4148,Burning (2018),(no genres listed),2018
4149,Burnt by the Sun (1994),(no genres listed),1994
4150,Burnt (2015),(no genres listed),2015
4151,But I'm a Cheerleader (1999),(no genres listed),1999
4152,The Butterfly Effect (2004),(no genres listed),2004
4153,By Quantum Physics: A Nightlife Venture (2019),(no genres listed),2019
4154,The Cabin in the Woods (2011),(no genres listed),2011
4155,Calamari Union (1985),(no genres listed),1985
4156,Call Me by Your Name,(no genres listed),
4157,Call Me by Your Name (2017),(no genres listed),2017
4158,Call Me Mother (2025),(no genres listed),2025
4159,The Call,(no genres listed),
4160,Can We Still Be Friends? (2017),(no genres listed),2017
4161,Candyman (2021),(no genres listed),2021
4162,Cannes,(no genres listed),
4163,Capitalism is the problem,(no genres listed),
4164,Captain America: Brave New World,(no genres listed),
4165,Captain America: Brave New World (2025),(no genres listed),2025
4166,Captain America: Civil War,(no genres listed),
4167,Captain America: The First Avenger (2011),(no genres listed),2011
4168,Captain Marvel (2019),(no genres listed),2019
4169,Captains of the Sands (2011),(no genres listed),2011
4170,Carol (2015),(no genres listed),2015
4171,Carrie,(no genres listed),
4172,Carrie (1976),(no genres listed),1976
4173,Carrie (2013),(no genres listed),2013
4174,Cars 2,(no genres listed),
4175,Cars 2 (2011),(no genres listed),2011
4176,Cars 3 (2017),(no genres listed),2017
4177,Cars (2006),(no genres listed),2006
4178,Casey movies,(no genres listed),
4179,Casino Royale (2006),(no genres listed),2006
4180,Casino (1995),(no genres listed),1995
4181,Casper,(no genres listed),
4182,Cast Away (2000),(no genres listed),2000
4183,Castle in the Sky (1986),(no genres listed),1986
4184,The Cat in the Hat,(no genres listed),
4185,Catch Me If You Can,(no genres listed),
4186,Catch Me If You Can (2002),(no genres listed),2002
4187,Caught Stealing (2025),(no genres listed),2025
4188,Caveat (2020),(no genres listed),2020
4189,Central Station (1998),(no genres listed),1998
4190,Chainsaw Man – The Movie: Reze Arc,(no genres listed),
4191,Chainsaw Man – The Movie: Reze Arc (2025),(no genres listed),2025
4192,Chainsaw Man,(no genres listed),
4193,Chainsaw Man (2022),(no genres listed),2022
4194,Challengers,(no genres listed),
4195,Challengers (2024),(no genres listed),2024
4196,Changing Rooms (2024),(no genres listed),2024
4197,Chappie (2015),(no genres listed),2015
4198,Charlie and the Chocolate Factory,(no genres listed),
4199,Charlie and the Chocolate Factory (2005),(no genres listed),2005
4200,Charlie St. Cloud (2010),(no genres listed),2010
4201,The Chaser (2008),(no genres listed),2008
4202,Chasing Amy (1997),(no genres listed),1997
4203,Chernobyl,(no genres listed),
4204,Cherry Magic! Thirty Years of Virginity Can Make You a Wizard?! (2024),(no genres listed),2024
4205,Cherry (2021),(no genres listed),2021
4206,Chhaava (2025),(no genres listed),2025
4207,Chicago (2002),(no genres listed),2002
4208,Chicken for Linda! (2023),(no genres listed),2023
4209,Child Star (2024),(no genres listed),2024
4210,Children of Men (2006),(no genres listed),2006
4211,Children of the Corn,(no genres listed),
4212,The Children of the Resistance (2025),(no genres listed),2025
4213,Chloe (2009),(no genres listed),2009
4214,Choose or Die (2022),(no genres listed),2022
4215,Christiane F.,(no genres listed),
4216,Christiane F. (1981),(no genres listed),1981
4217,A Christmas Carol (2009),(no genres listed),2009
4218,The Christmas Chronicles (2018),(no genres listed),2018
4219,Christopher Robin (2018),(no genres listed),2018
4220,Christy (2025),(no genres listed),2025
4221,The Chronicles of Narnia: Prince Caspian (2008),(no genres listed),2008
4222,"The Chronicles of Narnia: The Lion, the Witch and the Wardrobe (2005)",(no genres listed),2005
4223,The Chronicles of Narnia: The Voyage of the Dawn Treader (2010),(no genres listed),2010
4224,The Chronicles of Riddick (2004),(no genres listed),2004
4225,The Chronology of Water (2025),(no genres listed),2025
4226,Chungking Express (1994),(no genres listed),1994
4227,A Cinderella Story: Once Upon a Song (2011),(no genres listed),2011
4228,A Cinderella Story (2004),(no genres listed),2004
4229,Citizen Dog (2004),(no genres listed),2004
4230,Citizen Kane,(no genres listed),
4231,Citizen Kane (1941),(no genres listed),1941
4232,City of God,(no genres listed),
4233,City of God (2002),(no genres listed),2002
4234,Civil War,(no genres listed),
4235,Civil War (2024),(no genres listed),2024
4236,Cleopatra (1963),(no genres listed),1963
4237,A Clockwork Orange (1971),(no genres listed),1971
4238,Close (2022),(no genres listed),2022
4239,Closer (2004),(no genres listed),2004
4240,Cloverfield (2008),(no genres listed),2008
4241,Clown in a Cornfield (2025),(no genres listed),2025
4242,Clown,(no genres listed),
4243,Clown (2014),(no genres listed),2014
4244,Clueless (1995),(no genres listed),1995
4245,Coach Carter,(no genres listed),
4246,Coach Carter (2005),(no genres listed),2005
4247,Cobain: Montage of Heck (2015),(no genres listed),2015
4248,Coco Before Chanel (2009),(no genres listed),2009
4249,Coco,(no genres listed),
4250,Coco (2017),(no genres listed),2017
4251,The Cocoanuts (1929),(no genres listed),1929
4252,CODA (2021),(no genres listed),2021
4253,Coffee and Cigarettes (2003),(no genres listed),2003
4254,Coherence (2013),(no genres listed),2013
4255,Cold Storage (2026),(no genres listed),2026
4256,Collateral (2004),(no genres listed),2004
4257,The Color of Friendship (2000),(no genres listed),2000
4258,Color Theories by Julio Torres. A Guide to Seeing the World,(no genres listed),
4259,The Commuter (2018),(no genres listed),2018
4260,Companion (2025),(no genres listed),2025
4261,A Complete Unknown,(no genres listed),
4262,A Complete Unknown (2024),(no genres listed),2024
4263,Conclave (2024),(no genres listed),2024
4264,Confessions of a Shopaholic,(no genres listed),
4265,Confessions of a Shopaholic (2009),(no genres listed),2009
4266,The Conjuring 2 (2016),(no genres listed),2016
4267,The Conjuring: Last Rites,(no genres listed),
4268,The Conjuring: Last Rites (2025),(no genres listed),2025
4269,The Conjuring: The Devil Made Me Do It (2021),(no genres listed),2021
4270,The conjuring universe— Ranked,(no genres listed),
4271,The Conjuring (2013),(no genres listed),2013
4272,Contact (1997),(no genres listed),1997
4273,The Conversation (1974),(no genres listed),1974
4274,The Coolest Person In The World (2026),(no genres listed),2026
4275,Coolie (2025),(no genres listed),2025
4276,Coraline,(no genres listed),
4277,Coraline (2009),(no genres listed),2009
4278,Corean,(no genres listed),
4279,Corpse Bride (2005),(no genres listed),2005
4280,Couples Retreat (2009),(no genres listed),2009
4281,The Craft,(no genres listed),
4282,The Craft (1996),(no genres listed),1996
4283,The Crash,(no genres listed),
4284,Crash (1996),(no genres listed),1996
4285,Crayon Shin-chan: Super-Dimension! The Storm Called My Bride,(no genres listed),
4286,Crayon Shin-chan: Very Tasty! B-class Gourmet Survival!!,(no genres listed),
4287,Crazy Rich Asians,(no genres listed),
4288,Crazy Rich Asians (2018),(no genres listed),2018
4289,"Crazy, Stupid, Love.",(no genres listed),
4290,"Crazy, Stupid, Love. (2011)",(no genres listed),2011
4291,The Creator (2023),(no genres listed),2023
4292,Creed II (2018),(no genres listed),2018
4293,Creed III (2023),(no genres listed),2023
4294,Creed (2015),(no genres listed),2015
4295,Creep 2 (2017),(no genres listed),2017
4296,Creep,(no genres listed),
4297,Creep (2014),(no genres listed),2014
4298,Cria!,(no genres listed),
4299,cried,(no genres listed),
4300,Crime 101 (2026),(no genres listed),2026
4301,Crime and Punishment (1983),(no genres listed),1983
4302,Cristóbal Balenciaga (2024),(no genres listed),2024
4303,The Criterion Challenge 2021 (2021),(no genres listed),2021
4304,Crocodile Dose (2026),(no genres listed),2026
4305,The Croods: A New Age (2020),(no genres listed),2020
4306,"Crouching Tiger, Hidden Dragon (2000)",(no genres listed),2000
4307,Cruella (2021),(no genres listed),2021
4308,Crumb (1994),(no genres listed),1994
4309,Cuckoo (2024),(no genres listed),2024
4310,Cult of Chucky (2017),(no genres listed),2017
4311,A Cure for Wellness (2016),(no genres listed),2016
4312,The Cure (1995),(no genres listed),1995
4313,Cure (1997),(no genres listed),1997
4314,The Curious Case of Benjamin Button (2008),(no genres listed),2008
4315,Custody (2017),(no genres listed),2017
4316,Cyberpunk: Edgerunners,(no genres listed),
4317,Cyberpunk: Edgerunners (2022),(no genres listed),2022
4318,Dìdi (弟弟) (2024),(no genres listed),2024
4319,D.E.B.S. (2004),(no genres listed),2004
4320,Déjà Vu,(no genres listed),
4321,Daddy Day Care (2003),(no genres listed),2003
4322,"Daddy You, Daughter Me (2017)",(no genres listed),2017
4323,DAHMER - Monster: The Jeffrey Dahmer Story (2022),(no genres listed),2022
4324,Daisies (1966),(no genres listed),1966
4325,Dallas Buyers Club (2013),(no genres listed),2013
4326,Damsel (2024),(no genres listed),2024
4327,Dan Carter: A Perfect 10 (2019),(no genres listed),2019
4328,Dangerous Animals (2025),(no genres listed),2025
4329,Dante's Inferno (1911),(no genres listed),1911
4330,Dao (2026),(no genres listed),2026
4331,The Darjeeling Limited (2007),(no genres listed),2007
4332,The Dark Crystal (1982),(no genres listed),1982
4333,Dark Figure of Crime (2018),(no genres listed),2018
4334,Dark Horse,(no genres listed),
4335,Dark Horse (2011),(no genres listed),2011
4336,The Dark Knight Rises,(no genres listed),
4337,The Dark Knight Rises (2012),(no genres listed),2012
4338,The Dark Knight,(no genres listed),
4339,The Dark Knight (2008),(no genres listed),2008
4340,The Darkest Minds (2018),(no genres listed),2018
4341,Dawn of the Planet of the Apes (2014),(no genres listed),2014
4342,The Day After Tomorrow,(no genres listed),
4343,The Day After Tomorrow (2004),(no genres listed),2004
4344,A Day at the Races (1937),(no genres listed),1937
4345,Day Watch (2006),(no genres listed),2006
4346,Dazed and Confused,(no genres listed),
4347,Dazed and Confused (1993),(no genres listed),1993
4348,De-Lovely (2004),(no genres listed),2004
4349,Dead Before Dawn (2012),(no genres listed),2012
4350,Dead Man's Shoes,(no genres listed),
4351,Dead Man's Shoes (2004),(no genres listed),2004
4352,Dead Poets Society,(no genres listed),
4353,Dead Poets Society (1989),(no genres listed),1989
4354,Deadpool 2 (2018),(no genres listed),2018
4355,Deadpool & Wolverine,(no genres listed),
4356,Deadpool & Wolverine (2024),(no genres listed),2024
4357,Deadpool (2016),(no genres listed),2016
4358,Dear Dakanda (2005),(no genres listed),2005
4359,Dear Galileo (2009),(no genres listed),2009
4360,Dear John (2010),(no genres listed),2010
4361,Dear Zachary: A Letter to a Son About His Father (2008),(no genres listed),2008
4362,Dear Zindagi (2016),(no genres listed),2016
4363,Death Is a Problem for the Living (2023),(no genres listed),2023
4364,Death of a Superhero (2011),(no genres listed),2011
4365,Death of a Unicorn,(no genres listed),
4366,Death of a Unicorn (2025),(no genres listed),2025
4367,Death Proof (2007),(no genres listed),2007
4368,📂 ๋࣭⤷Decade Files: 1940s Cinema,(no genres listed),
4369,📂 ๋࣭⤷Decade Files: 1950s Cinema,(no genres listed),
4370,📂 ๋࣭⤷Decade Files: 1960s Cinema,(no genres listed),
4371,📂 ๋࣭⤷Decade Files: 1970s Cinema,(no genres listed),
4372,📂 ๋࣭⤷Decade files: 1980s cinema,(no genres listed),
4373,📂 ๋࣭⤷Decade Files: 1990s Cinema,(no genres listed),
4374,📂 ๋࣭⤷Decade Files: 2000s Cinema,(no genres listed),
4375,📂 ๋࣭⤷ ࣪Decade Files: 2010s Cinema,(no genres listed),
4376,📂 ๋࣭⤷Decade Files: 2020s Cinema,(no genres listed),
4377,Decision to Leave (2022),(no genres listed),2022
4378,Delibal,(no genres listed),
4379,Delibal (2015),(no genres listed),2015
4380,Deliverance (1972),(no genres listed),1972
4381,The Delivery Rider (2025),(no genres listed),2025
4382,Demolition Man (1993),(no genres listed),1993
4383,Demolition (2015),(no genres listed),2015
4384,Demon Slayer: Kimetsu no Yaiba Infinity Castle,(no genres listed),
4385,Demon Slayer: Kimetsu no Yaiba Infinity Castle (2025),(no genres listed),2025
4386,The Departed,(no genres listed),
4387,The Departed (2006),(no genres listed),2006
4388,Descendants: The Rise of Red (2024),(no genres listed),2024
4389,The Descent,(no genres listed),
4390,The Descent (2005),(no genres listed),2005
4391,Desperado (1995),(no genres listed),1995
4392,Despicable Me 2 (2013),(no genres listed),2013
4393,Despicable Me 3 (2017),(no genres listed),2017
4394,Despicable Me 4 (2024),(no genres listed),2024
4395,Despicable Me (2010),(no genres listed),2010
4396,Destiny,(no genres listed),
4397,Destiny (2006),(no genres listed),2006
4398,Detachment (2011),(no genres listed),2011
4399,Detective Byomkesh Bakshy! (2015),(no genres listed),2015
4400,Detective Conan: One-Eyed Flashback,(no genres listed),
4401,Detention (2011),(no genres listed),2011
4402,Deuce Bigalow: Male Gigolo (1999),(no genres listed),1999
4403,The Devil All the Time (2020),(no genres listed),2020
4404,The Devil's Advocate (1997),(no genres listed),1997
4405,The Devil Wears Prada 2,(no genres listed),
4406,The Devil Wears Prada 2 (2026),(no genres listed),2026
4407,The Devil Wears Prada,(no genres listed),
4408,The Devil Wears Prada (2006),(no genres listed),2006
4409,Dhoom Dhaam (2025),(no genres listed),2025
4410,Dhurandhar The Revenge,(no genres listed),
4411,Dhurandhar The Revenge (2026),(no genres listed),2026
4412,Dhurandhar (2025),(no genres listed),2025
4413,Diés Iraé (2025),(no genres listed),2025
4414,Diary ng Panget (2014),(no genres listed),2014
4415,Diary of a Wimpy Kid: Rodrick Rules (2011),(no genres listed),2011
4416,Diary of a Wimpy Kid (2010),(no genres listed),2010
4417,Dick (1999),(no genres listed),1999
4418,The Dictator (2012),(no genres listed),2012
4419,Die Hard,(no genres listed),
4420,Die Hard (1988),(no genres listed),1988
4421,Die My Love (2025),(no genres listed),2025
4422,Dilwale Dulhania Le Jayenge (1995),(no genres listed),1995
4423,Dinner in America (2020),(no genres listed),2020
4424,Dirty Dancing (1987),(no genres listed),1987
4425,Dirty Harry (1971),(no genres listed),1971
4426,The Disaster Artist (2017),(no genres listed),2017
4427,Disenchanted,(no genres listed),
4428,Disenchanted (2022),(no genres listed),2022
4429,Disturbing Behavior (1998),(no genres listed),1998
4430,Divergent (2014),(no genres listed),2014
4431,Divine Secrets of the Ya-Ya Sisterhood (2002),(no genres listed),2002
4432,Django Unchained,(no genres listed),
4433,Django Unchained (2012),(no genres listed),2012
4434,Do Deewane Seher Mein (2026),(no genres listed),2026
4435,Do the Right Thing,(no genres listed),
4436,Do the Right Thing (1989),(no genres listed),1989
4437,Doctor Strange in the Multiverse of Madness (2022),(no genres listed),2022
4438,Doctor Strange (2016),(no genres listed),2016
4439,Dog Day Afternoon,(no genres listed),
4440,Dog Day Afternoon (1975),(no genres listed),1975
4441,Dogma (1999),(no genres listed),1999
4442,Dogtooth (2009),(no genres listed),2009
4443,Don't Call Him Dimon,(no genres listed),
4444,Don't Die: The Man Who Wants to Live Forever (2025),(no genres listed),2025
4445,Don't Look Up,(no genres listed),
4446,Don't Look Up (2021),(no genres listed),2021
4447,Don't Worry Darling (2022),(no genres listed),2022
4448,Donkey Skin (1970),(no genres listed),1970
4449,Donnie Brasco (1997),(no genres listed),1997
4450,Donnie Darko,(no genres listed),
4451,Donnie Darko (2001),(no genres listed),2001
4452,Doraemon: Nobita and the Spiral City,(no genres listed),
4453,Doraemon: Nobita and the Spiral City (1997),(no genres listed),1997
4454,Double Indemnity (1944),(no genres listed),1944
4455,The Double Life of Véronique (1991),(no genres listed),1991
4456,Double Teamed! (2002),(no genres listed),2002
4457,Double Vision (2024),(no genres listed),2024
4458,Dr. Strangelove or: How I Learned to Stop Worrying and Love the Bomb (1964),(no genres listed),1964
4459,Dracula (2025),(no genres listed),2025
4460,The Drama,(no genres listed),
4461,The Drama (2026),(no genres listed),2026
4462,Drawing Closer (2024),(no genres listed),2024
4463,The Dreadful (2026),(no genres listed),2026
4464,Dream Scenario (2023),(no genres listed),2023
4465,Dreams,(no genres listed),
4466,Dreams (1990),(no genres listed),1990
4467,Dreams (2024),(no genres listed),2024
4468,Dredd,(no genres listed),
4469,Dredd (2012),(no genres listed),2012
4470,The Dressmaker (2015),(no genres listed),2015
4471,Drifting Laurent (2025),(no genres listed),2025
4472,Drive-Away Dolls,(no genres listed),
4473,Drive-Away Dolls (2024),(no genres listed),2024
4474,Drive My Car,(no genres listed),
4475,Drive My Car (2021),(no genres listed),2021
4476,Drive,(no genres listed),
4477,Drive (2011),(no genres listed),2011
4478,Driving Miss Daisy (1989),(no genres listed),1989
4479,Drop,(no genres listed),
4480,Drop (2025),(no genres listed),2025
4481,The Dropout (2022),(no genres listed),2022
4482,Duck Soup (1933),(no genres listed),1933
4483,The Dude in Me (2019),(no genres listed),2019
4484,Duel,(no genres listed),
4485,Duel (1971),(no genres listed),1971
4486,The DUFF (2015),(no genres listed),2015
4487,Dumb Money (2023),(no genres listed),2023
4488,Dune: Part Two,(no genres listed),
4489,Dune: Part Two (2024),(no genres listed),2024
4490,Dune,(no genres listed),
4491,Dune (1984),(no genres listed),1984
4492,Dune (2021),(no genres listed),2021
4493,Dungeons & Dragons: Honor Among Thieves (2023),(no genres listed),2023
4494,Dunkirk (2017),(no genres listed),2017
4495,Dust Bunny (2025),(no genres listed),2025
4496,Dying for Sex (2025),(no genres listed),2025
4497,E.T. the Extra-Terrestrial,(no genres listed),
4498,E.T. the Extra-Terrestrial (1982),(no genres listed),1982
4499,Easy A (2010),(no genres listed),2010
4500,Eddington (2025),(no genres listed),2025
4501,The Edge of Seventeen,(no genres listed),
4502,The Edge of Seventeen (2016),(no genres listed),2016
4503,Edge of Tomorrow (2014),(no genres listed),2014
4504,Edward Scissorhands,(no genres listed),
4505,Edward Scissorhands (1990),(no genres listed),1990
4506,Eighth Grade (2018),(no genres listed),2018
4507,Eila (2003),(no genres listed),2003
4508,Eileen (2023),(no genres listed),2023
4509,Ek Chalis Ki Last Local,(no genres listed),
4510,Ek Chalis Ki Last Local (2007),(no genres listed),2007
4511,El Camino: A Breaking Bad Movie,(no genres listed),
4512,El Camino: A Breaking Bad Movie (2019),(no genres listed),2019
4513,El Jeremías (2015),(no genres listed),2015
4514,Electric Light Orchestra: Out of the Blue - Live at Wembley (1978),(no genres listed),1978
4515,The Electric State (2025),(no genres listed),2025
4516,Elf (2003),(no genres listed),2003
4517,Eli (2019),(no genres listed),2019
4518,Elio (2025),(no genres listed),2025
4519,Ella McCay (2025),(no genres listed),2025
4520,Elvis,(no genres listed),
4521,Elvis (2022),(no genres listed),2022
4522,Elysium (2013),(no genres listed),2013
4523,Emerald Green (2016),(no genres listed),2016
4524,Emilia Pérez (2024),(no genres listed),2024
4525,Emma.,(no genres listed),
4526,The Emperor's New Groove (2000),(no genres listed),2000
4527,The Empire Strikes Back,(no genres listed),
4528,The Empire Strikes Back (1980),(no genres listed),1980
4529,Encanto (2021),(no genres listed),2021
4530,Enchanted,(no genres listed),
4531,Enchanted (2007),(no genres listed),2007
4532,End of Watch (2012),(no genres listed),2012
4533,Ending the Knight (2012),(no genres listed),2012
4534,Endless Love,(no genres listed),
4535,Endless Love (2014),(no genres listed),2014
4536,Enemy at the Gates (2001),(no genres listed),2001
4537,Enemy (2013),(no genres listed),2013
4538,Enola Holmes 3,(no genres listed),
4539,Enola Holmes (2020),(no genres listed),2020
4540,Entergalactic,(no genres listed),
4541,Entergalactic (2022),(no genres listed),2022
4542,The Equalizer 2 (2018),(no genres listed),2018
4543,The Equalizer 3 (2023),(no genres listed),2023
4544,The Equalizer (2014),(no genres listed),2014
4545,Eraserhead,(no genres listed),
4546,Eraserhead (1977),(no genres listed),1977
4547,Escape from L.A. (1996),(no genres listed),1996
4548,Escape Plan (2013),(no genres listed),2013
4549,Escape Room: Tournament of Champions (2021),(no genres listed),2021
4550,Escape Room (2019),(no genres listed),2019
4551,Escape (2024),(no genres listed),2024
4552,Eternal Sunshine of the Spotless Mind,(no genres listed),
4553,Eternal Sunshine of the Spotless Mind (2004),(no genres listed),2004
4554,Eternals (2021),(no genres listed),2021
4555,Eternity (2010),(no genres listed),2010
4556,Eternity (2025),(no genres listed),2025
4557,Euphoria: Trouble Don't Last Always,(no genres listed),
4558,Euphoria: Trouble Don't Last Always (2020),(no genres listed),2020
4559,Even If This Love Disappears from the World Tonight (2022),(no genres listed),2022
4560,Even If This Love Disappears Tonight (2025),(no genres listed),2025
4561,Everest (2015),(no genres listed),2015
4562,Everybody Wants Some!! (2016),(no genres listed),2016
4563,Everyone Knows Every Juan (2025),(no genres listed),2025
4564,Everyone's a little sick sometimes: psycho edition,(no genres listed),
4565,Everything Everywhere All at Once,(no genres listed),
4566,Everything Everywhere All at Once (2022),(no genres listed),2022
4567,Evil Dead II,(no genres listed),
4568,Evil Dead - Ranked,(no genres listed),
4569,Evil Dead Rise (2023),(no genres listed),2023
4570,Evil Dead (2013),(no genres listed),2013
4571,Ex Ex Lovers (2025),(no genres listed),2025
4572,Ex Machina,(no genres listed),
4573,Exit 8,(no genres listed),
4574,Exit 8 (2025),(no genres listed),2025
4575,The Exorcist (1973),(no genres listed),1973
4576,The Expendables 2 (2012),(no genres listed),2012
4577,The Expendables 3 (2014),(no genres listed),2014
4578,The Expendables (2010),(no genres listed),2010
4579,Extraction 2 (2023),(no genres listed),2023
4580,Extraction (2020),(no genres listed),2020
4581,Extreme Job (2019),(no genres listed),2019
4582,Eyes Wide Shut,(no genres listed),
4583,Eyes Wide Shut (1999),(no genres listed),1999
4584,F1,(no genres listed),
4585,F1 (2025),(no genres listed),2025
4586,F9 (2021),(no genres listed),2021
4587,The Fabelmans (2022),(no genres listed),2022
4588,Fabricated City (2017),(no genres listed),2017
4589,The Faculty (1998),(no genres listed),1998
4590,The Fall Guy,(no genres listed),
4591,The Fall Guy (2024),(no genres listed),2024
4592,Fall in Love at First Kiss (2019),(no genres listed),2019
4593,The Fall,(no genres listed),
4594,The Fall (2006),(no genres listed),2006
4595,Fall (2022),(no genres listed),2022
4596,Fallen Angels,(no genres listed),
4597,The Fallout,(no genres listed),
4598,The Fallout (2021),(no genres listed),2021
4599,Familia a la deriva (2026),(no genres listed),2026
4600,The Family That Preys,(no genres listed),
4601,The Family That Preys (2014),(no genres listed),2014
4602,A Family (2024),(no genres listed),2024
4603,The Fantastic 4: First Steps,(no genres listed),
4604,The Fantastic 4: First Steps (2025),(no genres listed),2025
4605,Fantastic Beasts and Where to Find Them (2016),(no genres listed),2016
4606,Fantastic Beasts: The Crimes of Grindelwald (2018),(no genres listed),2018
4607,Fantastic Mr. Fox,(no genres listed),
4608,Fantastic Mr. Fox (2009),(no genres listed),2009
4609,Farewell My Concubine (1993),(no genres listed),1993
4610,Fargo (1996),(no genres listed),1996
4611,The Fast and the Furious: Tokyo Drift (2006),(no genres listed),2006
4612,The Fast and the Furious (2001),(no genres listed),2001
4613,Fast Five (2011),(no genres listed),2011
4614,Fast Forever,(no genres listed),
4615,Fast & Furious 6 (2013),(no genres listed),2013
4616,Fast & Furious (2009),(no genres listed),2009
4617,Fast X (2023),(no genres listed),2023
4618,Fat Girl (2001),(no genres listed),2001
4619,Fatal Intuition (2015),(no genres listed),2015
4620,The Fate of the Furious (2017),(no genres listed),2017
4621,Father Mother Sister Brother (2025),(no genres listed),2025
4622,fav movies of all time,(no genres listed),
4623,⋆｡˚ ─ fav romcoms romcoms ─˚｡⋆,(no genres listed),
4624,Favorite movies,(no genres listed),
4625,favorites,(no genres listed),
4626,Fear Street: 1666,(no genres listed),
4627,Fear Street: 1666 (2021),(no genres listed),2021
4628,Fear Street: 1978,(no genres listed),
4629,Fear Street: 1978 (2021),(no genres listed),2021
4630,Fear Street: 1994 (2021),(no genres listed),2021
4631,Fear Street: Prom Queen (2025),(no genres listed),2025
4632,Ferris Bueller's Day Off (1986),(no genres listed),1986
4633,Fiend Without a Face (1958),(no genres listed),1958
4634,Fifty Shades of Grey (2015),(no genres listed),2015
4635,Fight Club,(no genres listed),
4636,Fight Club (1999),(no genres listed),1999
4637,The Fighter (2010),(no genres listed),2010
4638,Films I'd recommend,(no genres listed),
4639,Final Destination 2 (2003),(no genres listed),2003
4640,Final Destination 3 (2006),(no genres listed),2006
4641,Final Destination 5 (2011),(no genres listed),2011
4642,Final Destination Bloodlines,(no genres listed),
4643,Final Destination Bloodlines (2025),(no genres listed),2025
4644,Final Destination - Ranked,(no genres listed),
4645,Final Destination (2000),(no genres listed),2000
4646,The Final Destination (2009),(no genres listed),2009
4647,Finding Dory (2016),(no genres listed),2016
4648,Finding Harmony: A King's Vision (2026),(no genres listed),2026
4649,Finding Nemo (2003),(no genres listed),2003
4650,First Blood (1982),(no genres listed),1982
4651,The First Frost,(no genres listed),
4652,The First Frost (2025),(no genres listed),2025
4653,A Fistful of Dollars (1964),(no genres listed),1964
4654,Five Feet Apart,(no genres listed),
4655,Five Feet Apart (2019),(no genres listed),2019
4656,Five Nights at Freddy's 2,(no genres listed),
4657,Five Nights at Freddy's 2 (2025),(no genres listed),2025
4658,Five Nights at Freddy's,(no genres listed),
4659,Five Nights at Freddy's (2023),(no genres listed),2023
4660,The Flash (2023),(no genres listed),2023
4661,Flipped (2010),(no genres listed),2010
4662,Flow (2024),(no genres listed),2024
4663,The Fog (1980),(no genres listed),1980
4664,Following (2024),(no genres listed),2024
4665,For a Few Dollars More (1965),(no genres listed),1965
4666,Forbidden Fruits (2026),(no genres listed),2026
4667,Ford v Ferrari (2019),(no genres listed),2019
4668,Foreman (2017),(no genres listed),2017
4669,Forgetting Sarah Marshall,(no genres listed),
4670,Forgetting Sarah Marshall (2008),(no genres listed),2008
4671,Forgotten (2017),(no genres listed),2017
4672,Forrest Gump,(no genres listed),
4673,Forrest Gump (1994),(no genres listed),1994
4674,Four Weddings and a Funeral (1994),(no genres listed),1994
4675,Fractured (2019),(no genres listed),2019
4676,Frances Ha (2012),(no genres listed),2012
4677,Frank Marshall - Ranked,(no genres listed),
4678,Frankenstein,(no genres listed),
4679,Frankenstein (2025),(no genres listed),2025
4680,Freakier Friday (2025),(no genres listed),2025
4681,Freaky Tales (2024),(no genres listed),2024
4682,Free Fall (2013),(no genres listed),2013
4683,Free Guy (2021),(no genres listed),2021
4684,Freedom Writers (2007),(no genres listed),2007
4685,The French Connection (1971),(no genres listed),1971
4686,"The French Dispatch of the Liberty, Kansas Evening Sun (2021)",(no genres listed),2021
4687,French Kiss (1995),(no genres listed),1995
4688,Fresh (2022),(no genres listed),2022
4689,Frida (2002),(no genres listed),2002
4690,Friday the 13th Films - Ranked,(no genres listed),
4691,Friends with Benefits (2011),(no genres listed),2011
4692,Friendship,(no genres listed),
4693,Friendship (2024),(no genres listed),2024
4694,The Frighteners (1996),(no genres listed),1996
4695,From Dusk Till Dawn (1996),(no genres listed),1996
4696,From Russia with Love (1963),(no genres listed),1963
4697,Frozen II (2019),(no genres listed),2019
4698,Frozen (2013),(no genres listed),2013
4699,Full Metal Jacket (1987),(no genres listed),1987
4700,The Fundamentals of Caring (2016),(no genres listed),2016
4701,Funeral Parade of Roses,(no genres listed),
4702,Furiosa: A Mad Max Saga (2024),(no genres listed),2024
4703,Furious 7 (2015),(no genres listed),2015
4704,Fury (2014),(no genres listed),2014
4705,G20 (2025),(no genres listed),2025
4706,Gaga Chromatica Ball (2024),(no genres listed),2024
4707,Galaxy Quest (1999),(no genres listed),1999
4708,The Game Plan (2007),(no genres listed),2007
4709,The Game (1997),(no genres listed),1997
4710,Gangs of New York (2002),(no genres listed),2002
4711,Garden State (2004),(no genres listed),2004
4712,The Garfield Movie (2024),(no genres listed),2024
4713,The Gentlemen,(no genres listed),
4714,The Gentlemen (2019),(no genres listed),2019
4715,"Germany, Year Zero (1948)",(no genres listed),1948
4716,Gerry,(no genres listed),
4717,Get Away (2024),(no genres listed),2024
4718,Get Out (2017),(no genres listed),2017
4719,Ghost in the Shell,(no genres listed),
4720,Ghost in the Shell (1995),(no genres listed),1995
4721,Ghost in the Shell (2017),(no genres listed),2017
4722,Ghost Trail (2024),(no genres listed),2024
4723,Ghost,(no genres listed),
4724,Ghost (1990),(no genres listed),1990
4725,Ghostbusters (1984),(no genres listed),1984
4726,Ghosted (2023),(no genres listed),2023
4727,Ghostland (2018),(no genres listed),2018
4728,The Giant Gila Monster (1959),(no genres listed),1959
4729,Gimme Danger,(no genres listed),
4730,Gimme Danger (2016),(no genres listed),2016
4731,Girl from Nowhere,(no genres listed),
4732,The Girl in the Orange Dress (2018),(no genres listed),2018
4733,"Girl, Interrupted",(no genres listed),
4734,"Girl, Interrupted (1999)",(no genres listed),1999
4735,The Girl Next Door (2004),(no genres listed),2004
4736,˖˳·Girlhood is a spectrum ˖˳·,(no genres listed),
4737,Give Me Back My Baby,(no genres listed),
4738,Give Me Back My Baby (2026),(no genres listed),2026
4739,The Giver (2014),(no genres listed),2014
4740,Gladiator II,(no genres listed),
4741,Gladiator II (2024),(no genres listed),2024
4742,Gladiator,(no genres listed),
4743,Gladiator (2000),(no genres listed),2000
4744,Glass Onion,(no genres listed),
4745,Glass Onion (2022),(no genres listed),2022
4746,Glorious Days (2019),(no genres listed),2019
4747,Glory (1989),(no genres listed),1989
4748,GOAT (2026),(no genres listed),2026
4749,The Godfather Part II,(no genres listed),
4750,The Godfather Part II (1974),(no genres listed),1974
4751,The Godfather Part III (1990),(no genres listed),1990
4752,The Godfather,(no genres listed),
4753,The Godfather (1972),(no genres listed),1972
4754,Godzilla: King of the Monsters (2019),(no genres listed),2019
4755,Godzilla × Kong: The New Empire (2024),(no genres listed),2024
4756,Godzilla Minus One (2023),(no genres listed),2023
4757,Godzilla - Ranked,(no genres listed),
4758,Godzilla,(no genres listed),
4759,The Golden Compass (2007),(no genres listed),2007
4760,The Goldfinch (2019),(no genres listed),2019
4761,Gone Girl,(no genres listed),
4762,Gone Girl (2014),(no genres listed),2014
4763,Gone with the Wind (1939),(no genres listed),1939
4764,Good Boy (2022),(no genres listed),2022
4765,Good Boy (2025),(no genres listed),2025
4766,Good Fortune (2025),(no genres listed),2025
4767,Good Luck Chuck (2007),(no genres listed),2007
4768,"Good Luck, Have Fun, Don't Die (2025)",(no genres listed),2025
4769,A Good Marriage (2014),(no genres listed),2014
4770,The Good Nurse (2022),(no genres listed),2022
4771,"The Good, the Bad and the Ugly",(no genres listed),
4772,"The Good, the Bad and the Ugly (1966)",(no genres listed),1966
4773,Good Time (2017),(no genres listed),2017
4774,Good Will Hunting,(no genres listed),
4775,Good Will Hunting (1997),(no genres listed),1997
4776,A Good Year (2006),(no genres listed),2006
4777,Goodbye Soviet Union (2020),(no genres listed),2020
4778,"Goodbye, Trainmen (1992)",(no genres listed),1992
4779,GoodFellas,(no genres listed),
4780,GoodFellas (1990),(no genres listed),1990
4781,The Gorge (2025),(no genres listed),2025
4782,Graft Versus Host (2026),(no genres listed),2026
4783,Gran Turismo (2023),(no genres listed),2023
4784,The Grand Budapest Hotel,(no genres listed),
4785,The Grand Budapest Hotel (2014),(no genres listed),2014
4786,The Grapes of Wrath (1940),(no genres listed),1940
4787,Grave of the Fireflies,(no genres listed),
4788,Grave of the Fireflies (1988),(no genres listed),1988
4789,Gravity,(no genres listed),
4790,The Gray Man (2022),(no genres listed),2022
4791,Grease 2 (1982),(no genres listed),1982
4792,Grease (1978),(no genres listed),1978
4793,The Great Arch (2025),(no genres listed),2025
4794,The Great Flood (2025),(no genres listed),2025
4795,The Great Gatsby,(no genres listed),
4796,The Great Gatsby (2013),(no genres listed),2013
4797,Greater Kalesh (2025),(no genres listed),2025
4798,The Greatest Hits (2024),(no genres listed),2024
4799,The Greatest Showman (2017),(no genres listed),2017
4800,Green Bones (2024),(no genres listed),2024
4801,Green Book,(no genres listed),
4802,Green Book (2018),(no genres listed),2018
4803,The Green Knight (2021),(no genres listed),2021
4804,The Green Mile,(no genres listed),
4805,The Green Mile (1999),(no genres listed),1999
4806,Green Street Hooligans,(no genres listed),
4807,Green Street Hooligans (2005),(no genres listed),2005
4808,Greenland (2020),(no genres listed),2020
4809,Gridiron Gang (2006),(no genres listed),2006
4810,Grindhouse (2007),(no genres listed),2007
4811,Groundhog Day (1993),(no genres listed),1993
4812,Grown Ups 2,(no genres listed),
4813,Grown Ups 2 (2013),(no genres listed),2013
4814,Grown Ups (2010),(no genres listed),2010
4815,The Grudge,(no genres listed),
4816,The Guardian (1990),(no genres listed),1990
4817,Guardians of the Galaxy Vol. 2 (2017),(no genres listed),2017
4818,Guardians of the Galaxy Vol. 3,(no genres listed),
4819,Guardians of the Galaxy Vol. 3 (2023),(no genres listed),2023
4820,Guardians of the Galaxy,(no genres listed),
4821,Guardians of the Galaxy (2014),(no genres listed),2014
4822,Guillermo del Toro - Ranked,(no genres listed),
4823,The Guilty (2021),(no genres listed),2021
4824,Guy Ritchie's The Covenant (2023),(no genres listed),2023
4825,Hachi: A Dog's Tale (2009),(no genres listed),2009
4826,Hackers (1995),(no genres listed),1995
4827,Hacksaw Ridge,(no genres listed),
4828,Hacksaw Ridge (2016),(no genres listed),2016
4829,Half Nelson (2006),(no genres listed),2006
4830,The Half of It (2020),(no genres listed),2020
4831,Halloween - Ranked,(no genres listed),
4832,Halloween (1978),(no genres listed),1978
4833,Hamilton (2020),(no genres listed),2020
4834,Hamnet,(no genres listed),
4835,Hamnet (2025),(no genres listed),2025
4836,Hancock (2008),(no genres listed),2008
4837,Handling the Undead (2024),(no genres listed),2024
4838,The Handmaiden,(no genres listed),
4839,The Handmaiden (2016),(no genres listed),2016
4840,The Hangover Part II (2011),(no genres listed),2011
4841,The Hangover Part III (2013),(no genres listed),2013
4842,The Hangover (2009),(no genres listed),2009
4843,Hannibal Rising,(no genres listed),
4844,Hannibal Rising (2007),(no genres listed),2007
4845,Hannibal: This Is My Design (2014),(no genres listed),2014
4846,Hannibal (2001),(no genres listed),2001
4847,Happy Feet,(no genres listed),
4848,Happy Feet (2006),(no genres listed),2006
4849,Happy Gilmore 2 (2025),(no genres listed),2025
4850,Happy Gilmore (1996),(no genres listed),1996
4851,Happy New Year,(no genres listed),
4852,Happy Old Year (2019),(no genres listed),2019
4853,Happy Patel: Khatarnak Jasoos (2026),(no genres listed),2026
4854,Harakiri,(no genres listed),
4855,Harakiri (1962),(no genres listed),1962
4856,A Hard Day's Night (1964),(no genres listed),1964
4857,Hard Eight (1996),(no genres listed),1996
4858,Harry Potter 20th Anniversary: Return to Hogwarts,(no genres listed),
4859,Harry Potter 20th Anniversary: Return to Hogwarts (2022),(no genres listed),2022
4860,Harry Potter and the Chamber of Secrets,(no genres listed),
4861,Harry Potter and the Chamber of Secrets (2002),(no genres listed),2002
4862,Harry Potter and the Deathly Hallows: Part 1 (2010),(no genres listed),2010
4863,Harry Potter and the Deathly Hallows: Part 2 (2011),(no genres listed),2011
4864,Harry Potter and the Goblet of Fire (2005),(no genres listed),2005
4865,Harry Potter and the Half-Blood Prince (2009),(no genres listed),2009
4866,Harry Potter and the Order of the Phoenix,(no genres listed),
4867,Harry Potter and the Order of the Phoenix (2007),(no genres listed),2007
4868,Harry Potter and the Philosopher's Stone,(no genres listed),
4869,Harry Potter and the Philosopher's Stone (2001),(no genres listed),2001
4870,Harry Potter and the Prisoner of Azkaban,(no genres listed),
4871,Harry Potter and the Prisoner of Azkaban (2004),(no genres listed),2004
4872,The Hateful Eight (2015),(no genres listed),2015
4873,Havoc (2025),(no genres listed),2025
4874,He's Just Not That Into You (2009),(no genres listed),2009
4875,Heart Attack (2015),(no genres listed),2015
4876,A Heart in Winter (1992),(no genres listed),1992
4877,Heartbeats (2010),(no genres listed),2010
4878,The Heartbreak Kid (2007),(no genres listed),2007
4879,Heat,(no genres listed),
4880,Heat (1995),(no genres listed),1995
4881,Hell House LLC II: The Abaddon Hotel (2018),(no genres listed),2018
4882,Hell House LLC III: Lake of Fire (2019),(no genres listed),2019
4883,Hell House LLC (2015),(no genres listed),2015
4884,Hell of a Summer,(no genres listed),
4885,Hell of a Summer (2023),(no genres listed),2023
4886,Hell or High Water (2016),(no genres listed),2016
4887,Hellboy (2019),(no genres listed),2019
4888,Hello Stranger (2010),(no genres listed),2010
4889,Hellraiser - Ranked,(no genres listed),
4890,Help! I'm a Fish (2000),(no genres listed),2000
4891,The Help,(no genres listed),
4892,Help! (1965),(no genres listed),1965
4893,The Help (2011),(no genres listed),2011
4894,Helter Skelter (2012),(no genres listed),2012
4895,Heneral Luna,(no genres listed),
4896,Her Blue Sky (2019),(no genres listed),2019
4897,Her,(no genres listed),
4898,Her (2013),(no genres listed),2013
4899,Hercules (1997),(no genres listed),1997
4900,Hercules (2014),(no genres listed),2014
4901,Hereafter,(no genres listed),
4902,Hereditary,(no genres listed),
4903,Hereditary (2018),(no genres listed),2018
4904,Heretic (2024),(no genres listed),2024
4905,Highlander: Endgame (2000),(no genres listed),2000
4906,Highlander II: The Quickening,(no genres listed),
4907,Highlander II: The Quickening (1991),(no genres listed),1991
4908,Highlander - Ranked,(no genres listed),
4909,HIM (2025),(no genres listed),2025
4910,HIS & HERS (2026),(no genres listed),2026
4911,The History of Sound (2025),(no genres listed),2025
4912,The Hitchhiker's Guide to the Galaxy (2005),(no genres listed),2005
4913,The Hobbit: An Unexpected Journey,(no genres listed),
4914,The Hobbit: An Unexpected Journey (2012),(no genres listed),2012
4915,Hokum,(no genres listed),
4916,Hokum (2026),(no genres listed),2026
4917,The Holdovers,(no genres listed),
4918,The Holdovers (2023),(no genres listed),2023
4919,Holes (2003),(no genres listed),2003
4920,Home Alone 2: Lost in New York (1992),(no genres listed),1992
4921,Home Alone (1990),(no genres listed),1990
4922,Homebound (2025),(no genres listed),2025
4923,Homefront (2013),(no genres listed),2013
4924,"Honey, I Shrunk the Kids (1989)",(no genres listed),1989
4925,Hoodwinked! (2005),(no genres listed),2005
4926,Hopeless (2023),(no genres listed),2023
4927,Hoppers,(no genres listed),
4928,Hoppers (2026),(no genres listed),2026
4929,Hormones (2008),(no genres listed),2008
4930,Horror Movies,(no genres listed),
4931,Horse Feathers (1932),(no genres listed),1932
4932,Horus: Prince of the Sun,(no genres listed),
4933,Hot Fuzz (2007),(no genres listed),2007
4934,Hot Summer Nights,(no genres listed),
4935,The House of Branching Love (2009),(no genres listed),2009
4936,House of Darkness (2022),(no genres listed),2022
4937,House of Wax,(no genres listed),
4938,House of Wax (2005),(no genres listed),2005
4939,House,(no genres listed),
4940,House (1977),(no genres listed),1977
4941,The Housemaid,(no genres listed),
4942,The Housemaid (2025),(no genres listed),2025
4943,How the Grinch Stole Christmas,(no genres listed),
4944,How To get away with Murder (2024),(no genres listed),2024
4945,How to Lose a Guy in 10 Days,(no genres listed),
4946,How to Lose a Guy in 10 Days (2003),(no genres listed),2003
4947,How to Make a Killing (2026),(no genres listed),2026
4948,How to Make Millions Before Grandma Dies,(no genres listed),
4949,How to Make Millions Before Grandma Dies (2024),(no genres listed),2024
4950,How to Steal a Million (1966),(no genres listed),1966
4951,How to Train Your Dragon 2,(no genres listed),
4952,How to Train Your Dragon 2 (2014),(no genres listed),2014
4953,How to Train Your Dragon: The Hidden World,(no genres listed),
4954,How to Train Your Dragon,(no genres listed),
4955,How to Train Your Dragon (2010),(no genres listed),2010
4956,How to Train Your Dragon (2025),(no genres listed),2025
4957,Howl's Moving Castle,(no genres listed),
4958,Howl's Moving Castle (2004),(no genres listed),2004
4959,The Hows of Us (2018),(no genres listed),2018
4960,Hubie Halloween (2020),(no genres listed),2020
4961,Hugo (2011),(no genres listed),2011
4962,Hulk (2003),(no genres listed),2003
4963,Human Resource (2025),(no genres listed),2025
4964,Humanist Vampire Seeking Consenting Suicidal Person (2023),(no genres listed),2023
4965,The Hunchback of Notre Dame,(no genres listed),
4966,The Hunchback of Notre Dame (1996),(no genres listed),1996
4967,The Hunger Games: Catching Fire (2013),(no genres listed),2013
4968,The Hunger Games: Mockingjay – Part 1,(no genres listed),
4969,The Hunger Games: Mockingjay – Part 1 (2014),(no genres listed),2014
4970,The Hunger Games: Mockingjay – Part 2 (2015),(no genres listed),2015
4971,The Hunger Games: Sunrise on the Reaping,(no genres listed),
4972,The Hunger Games: The Ballad of Songbirds & Snakes,(no genres listed),
4973,The Hunger Games: The Ballad of Songbirds & Snakes (2023),(no genres listed),2023
4974,The Hunger Games,(no genres listed),
4975,The Hunger Games (2012),(no genres listed),2012
4976,Hunt for the Wilderpeople (2016),(no genres listed),2016
4977,The Hunt (2020),(no genres listed),2020
4978,Hunted (1972),(no genres listed),1972
4979,The Hunter's Prayer,(no genres listed),
4980,Hurricane Bianca,(no genres listed),
4981,Hurry Up Tomorrow (2025),(no genres listed),2025
4982,The Hurt Locker,(no genres listed),
4983,Hush (2016),(no genres listed),2016
4984,Husk (2011),(no genres listed),2011
4985,Hustle (2022),(no genres listed),2022
4986,Hyperventilation (2017),(no genres listed),2017
4987,Hypnotic (2021),(no genres listed),2021
4988,I Am Legend (2007),(no genres listed),2007
4989,I Believe in Unicorns (2014),(no genres listed),2014
4990,I Cannot Reach You (2023),(no genres listed),2023
4991,"I, Daniel Blake (2016)",(no genres listed),2016
4992,I Fine.. Thank You..Love You (2014),(no genres listed),2014
4993,I Hear the Sunspot (2024),(no genres listed),2024
4994,I Know What You Did Last Summer (1997),(no genres listed),1997
4995,I Know What You Did Last Summer (2025),(no genres listed),2025
4996,I Love Boosters (2026),(no genres listed),2026
4997,I Love Peru,(no genres listed),
4998,I Love Peru (2025),(no genres listed),2025
4999,"I Love You, Man (2009)",(no genres listed),2009
5000,"I'm Drunk, I Love You (2017)",(no genres listed),2017
5001,I'm Still Here,(no genres listed),
5002,I'm Still Here (2024),(no genres listed),2024
5003,I'mPerfect (2025),(no genres listed),2025
5004,I Origins (2014),(no genres listed),2014
5005,"I, Robot (2004)",(no genres listed),2004
5006,I Saw the TV Glow (2024),(no genres listed),2024
5007,I See You (2019),(no genres listed),2019
5008,I Swear,(no genres listed),
5009,I Swear (2025),(no genres listed),2025
5010,"I, Tonya",(no genres listed),
5011,"I, Tonya (2017)",(no genres listed),2017
5012,Ice Age,(no genres listed),
5013,Ice Age (2002),(no genres listed),2002
5014,The Idea of You,(no genres listed),
5015,Idli Kadai (2025),(no genres listed),2025
5016,If Anything Happens I Love You (2020),(no genres listed),2020
5017,If I Had Legs I'd Kick You,(no genres listed),
5018,If I Had Legs I'd Kick You (2025),(no genres listed),2025
5019,If I Stay (2014),(no genres listed),2014
5020,"If You Don't Like It, Look Away (2025)",(no genres listed),2025
5021,Ikiru,(no genres listed),
5022,Ikkis (2026),(no genres listed),2026
5023,Imagine Me & You (2005),(no genres listed),2005
5024,Immortal Beloved (1994),(no genres listed),1994
5025,The In Between (2022),(no genres listed),2022
5026,In Bruges (2008),(no genres listed),2008
5027,The In-Laws,(no genres listed),
5028,In the Fade (2017),(no genres listed),2017
5029,In the Grey,(no genres listed),
5030,In the Grey (2026),(no genres listed),2026
5031,In the Heights (2021),(no genres listed),2021
5032,In the Mood for Love (2000),(no genres listed),2000
5033,In the Shadows (2010),(no genres listed),2010
5034,In the Tall Grass (2019),(no genres listed),2019
5035,In This Corner of the World,(no genres listed),
5036,In This Corner of the World (2016),(no genres listed),2016
5037,In Time (2011),(no genres listed),2011
5038,The Inbetweeners Movie (2011),(no genres listed),2011
5039,Incendies,(no genres listed),
5040,Incendies (2010),(no genres listed),2010
5041,Inception,(no genres listed),
5042,Inception (2010),(no genres listed),2010
5043,The Incredible Hulk (2008),(no genres listed),2008
5044,Incredibles 2,(no genres listed),
5045,Incredibles 2 (2018),(no genres listed),2018
5046,Incredibles 3,(no genres listed),
5047,The Incredibles (2004),(no genres listed),2004
5048,Indian 2: Zero Tolerance (2024),(no genres listed),2024
5049,Indian (1996),(no genres listed),1996
5050,Indiana Jones and the Dial of Destiny,(no genres listed),
5051,Indiana Jones and the Last Crusade (1989),(no genres listed),1989
5052,Indiana Jones and the Temple of Doom (1984),(no genres listed),1984
5053,Indiana Jones' children,(no genres listed),
5054,Infernal Affairs (2002),(no genres listed),2002
5055,Inglourious Basterds,(no genres listed),
5056,Inglourious Basterds (2009),(no genres listed),2009
5057,Ingmar Bergman's Filmography—Ranked,(no genres listed),
5058,Inherent Vice (2014),(no genres listed),2014
5059,Inheritance (2020),(no genres listed),2020
5060,Initiation Héloïse,(no genres listed),
5061,Insane (2016),(no genres listed),2016
5062,Inside Llewyn Davis (2013),(no genres listed),2013
5063,Inside Out 2,(no genres listed),
5064,Inside Out 2 (2024),(no genres listed),2024
5065,Inside Out (2015),(no genres listed),2015
5066,Insidious - Ranked,(no genres listed),
5067,Insidious: The Red Door (2023),(no genres listed),2023
5068,The Intern (2015),(no genres listed),2015
5069,The Internship (2013),(no genres listed),2013
5070,Interstella 5555: The 5tory of the 5ecret 5tar 5ystem (2003),(no genres listed),2003
5071,Interstellar,(no genres listed),
5072,Interstellar (2014),(no genres listed),2014
5073,Interview with the Vampire (1994),(no genres listed),1994
5074,The Interview,(no genres listed),
5075,The Interview (2014),(no genres listed),2014
5076,Into the Deep,(no genres listed),
5077,Into the Deep (2025),(no genres listed),2025
5078,Into the West (1992),(no genres listed),1992
5079,Into the Wild,(no genres listed),
5080,Intolerable Cruelty (2003),(no genres listed),2003
5081,The Intouchables (2011),(no genres listed),2011
5082,Inventing Anna (2022),(no genres listed),2022
5083,Invincible: Atom Eve (2023),(no genres listed),2023
5084,The Invisible Man (2020),(no genres listed),2020
5085,Ip Man,(no genres listed),
5086,The Irishman (2019),(no genres listed),2019
5087,The Iron Claw,(no genres listed),
5088,The Iron Claw (2023),(no genres listed),2023
5089,The Iron Giant (1999),(no genres listed),1999
5090,Iron Lung (2026),(no genres listed),2026
5091,Iron Man 2 (2010),(no genres listed),2010
5092,Iron Man 3,(no genres listed),
5093,Iron Man 3 (2013),(no genres listed),2013
5094,Iron Man (2008),(no genres listed),2008
5095,Is This Thing On? (2025),(no genres listed),2025
5096,Isle of Dogs,(no genres listed),
5097,Isle of Dogs (2018),(no genres listed),2018
5098,It Chapter Two,(no genres listed),
5099,It Chapter Two (2019),(no genres listed),2019
5100,It Ends with Us (2024),(no genres listed),2024
5101,It Ends (2025),(no genres listed),2025
5102,It Feeds (2025),(no genres listed),2025
5103,It Follows (2014),(no genres listed),2014
5104,It Happened One Night (1934),(no genres listed),1934
5105,It's a Wonderful Life (1946),(no genres listed),1946
5106,"It's Never Over, Jeff Buckley (2025)",(no genres listed),2025
5107,It's What's Inside (2024),(no genres listed),2024
5108,It Was Just an Accident (2025),(no genres listed),2025
5109,It (2017),(no genres listed),2017
5110,Ivan's Childhood (1962),(no genres listed),1962
5111,Jab Tak Hai Jaan (2012),(no genres listed),2012
5112,Jack Reacher (2012),(no genres listed),2012
5113,Jack Ryan - Ranked,(no genres listed),
5114,Jack the Giant Slayer (2013),(no genres listed),2013
5115,Jackass Number Two (2006),(no genres listed),2006
5116,Jackass: The Movie (2002),(no genres listed),2002
5117,Jackie Brown (1997),(no genres listed),1997
5118,Jake gyllenhaal can do no wrong,(no genres listed),
5119,James Bond - Ranked,(no genres listed),
5120,Jan Dara (2001),(no genres listed),2001
5121,Jason Bourne - Ranked,(no genres listed),
5122,Jaws 2,(no genres listed),
5123,Jaws (1975),(no genres listed),1975
5124,Jay and Silent Bob's Super Groovy Cartoon Movie (2013),(no genres listed),2013
5125,Jay Kelly (2025),(no genres listed),2025
5126,Jennifer's Body (2009),(no genres listed),2009
5127,Jerry Maguire,(no genres listed),
5128,Jerry Maguire (1996),(no genres listed),1996
5129,jess & eric watchlist,(no genres listed),
5130,Jingle Bell Heist (2025),(no genres listed),2025
5131,John Carpenter - Ranked,(no genres listed),
5132,John Wick: Chapter 2 (2017),(no genres listed),2017
5133,John Wick: Chapter 3 – Parabellum (2019),(no genres listed),2019
5134,John Wick: Chapter 4,(no genres listed),
5135,John Wick: Chapter 4 (2023),(no genres listed),2023
5136,John Wick,(no genres listed),
5137,John Wick (2014),(no genres listed),2014
5138,Jojo Rabbit (2019),(no genres listed),2019
5139,JoJo's Bizarre Adventure: Steel Ball Run,(no genres listed),
5140,Joker: Folie à Deux,(no genres listed),
5141,Joker: Folie à Deux (2024),(no genres listed),2024
5142,Joker,(no genres listed),
5143,Joker (2019),(no genres listed),2019
5144,Joyland (2022),(no genres listed),2022
5145,The Judge (2014),(no genres listed),2014
5146,Jujutsu Kaisen 0 (2021),(no genres listed),2021
5147,JUJUTSU KAISEN (2020),(no genres listed),2020
5148,Jumanji: Welcome to the Jungle (2017),(no genres listed),2017
5149,Jumanji,(no genres listed),
5150,Jumanji (1995),(no genres listed),1995
5151,The Jungle Book (2016),(no genres listed),2016
5152,Juno,(no genres listed),
5153,Juno (2007),(no genres listed),2007
5154,Jurassic Park (1993),(no genres listed),1993
5155,Jurassic World Rebirth (2025),(no genres listed),2025
5156,Jurassic World (2015),(no genres listed),2015
5157,Just an Illusion (2026),(no genres listed),2026
5158,Just Go with It (2011),(no genres listed),2011
5159,Just Wright (2010),(no genres listed),2010
5160,Kal Ho Naa Ho (2003),(no genres listed),2003
5161,Kama Sutra: A Tale of Love (1996),(no genres listed),1996
5162,Kamikaze Girls (2004),(no genres listed),2004
5163,Kapoor & Sons (2016),(no genres listed),2016
5164,The Karate Kid (1984),(no genres listed),1984
5165,The Keys of the Kingdom (1944),(no genres listed),1944
5166,Kicking & Screaming (2005),(no genres listed),2005
5167,The Kids Are All Right (2010),(no genres listed),2010
5168,Kiki's Delivery Service (1989),(no genres listed),1989
5169,Kill Bill: The Whole Bloody Affair (2004),(no genres listed),2004
5170,Kill Bill: Vol. 1,(no genres listed),
5171,Kill Bill: Vol. 1 (2003),(no genres listed),2003
5172,Kill Bill: Vol. 2,(no genres listed),
5173,Kill Bill: Vol. 2 (2004),(no genres listed),2004
5174,Kill the Jockey (2024),(no genres listed),2024
5175,Killers of the Flower Moon (2023),(no genres listed),2023
5176,Killing Gunther (2017),(no genres listed),2017
5177,Kim Possible: A Sitch In Time (2003),(no genres listed),2003
5178,King Arthur: Legend of the Sword (2017),(no genres listed),2017
5179,The King of Comedy (1982),(no genres listed),1982
5180,The King of Staten Island (2020),(no genres listed),2020
5181,The King's Man (2021),(no genres listed),2021
5182,The King,(no genres listed),
5183,Kingdom of Heaven (2005),(no genres listed),2005
5184,Kingdom of the Planet of the Apes (2024),(no genres listed),2024
5185,The Kingdom (2024),(no genres listed),2024
5186,Kingsman: The Golden Circle (2017),(no genres listed),2017
5187,Kingsman: The Secret Service (2014),(no genres listed),2014
5188,The Kissing Booth 2 (2020),(no genres listed),2020
5189,The Kissing Booth 3 (2021),(no genres listed),2021
5190,The Kissing Booth (2018),(no genres listed),2018
5191,Knives Out,(no genres listed),
5192,Knives Out (2019),(no genres listed),2019
5193,Knock Knock (2015),(no genres listed),2015
5194,Kong: Skull Island,(no genres listed),
5195,Kookie (2016),(no genres listed),2016
5196,Kotaro Lives Alone,(no genres listed),
5197,KPop Demon Hunters,(no genres listed),
5198,KPop Demon Hunters (2025),(no genres listed),2025
5199,Krampus (2015),(no genres listed),2015
5200,Kraven the Hunter (2024),(no genres listed),2024
5201,Kubo and the Two Strings (2016),(no genres listed),2016
5202,Kung Fu Panda 3 (2016),(no genres listed),2016
5203,Kung Fu Panda 4 (2024),(no genres listed),2024
5204,Kung Fu Panda,(no genres listed),
5205,Kung Fu Panda (2008),(no genres listed),2008
5206,Léon: The Professional (1994),(no genres listed),1994
5207,La Belle Noiseuse,(no genres listed),
5208,La Grazia (2025),(no genres listed),2025
5209,La Haine (1995),(no genres listed),1995
5210,La La Land,(no genres listed),
5211,La La Land (2016),(no genres listed),2016
5212,La Vie de Bohème (1992),(no genres listed),1992
5213,La Vie en Rose,(no genres listed),
5214,La Vie en Rose (2007),(no genres listed),2007
5215,Ladies First,(no genres listed),
5216,Ladies First (2026),(no genres listed),2026
5217,Lady Bird,(no genres listed),
5218,Lady Bird (2017),(no genres listed),2017
5219,Lady Chatterley's Lover (2022),(no genres listed),2022
5220,Lady Vengeance (2005),(no genres listed),2005
5221,Lamborghini: The Man Behind the Legend (2022),(no genres listed),2022
5222,Lars and the Real Girl,(no genres listed),
5223,Lars and the Real Girl (2007),(no genres listed),2007
5224,The Last Boy Scout,(no genres listed),
5225,The Last Duel (2021),(no genres listed),2021
5226,The Last Knit (2005),(no genres listed),2005
5227,Last Night in Soho (2021),(no genres listed),2021
5228,The Last Samurai (2003),(no genres listed),2003
5229,The Last Unicorn (1982),(no genres listed),1982
5230,Late Night with the Devil (2023),(no genres listed),2023
5231,Latin Blood – The Ballad of Ney Matogrosso,(no genres listed),
5232,Law Abiding Citizen (2009),(no genres listed),2009
5233,Lawrence of Arabia (1962),(no genres listed),1962
5234,Leave One Day (2025),(no genres listed),2025
5235,Leave the World Behind (2023),(no genres listed),2023
5236,Lee Cronin's The Mummy,(no genres listed),
5237,Lee Cronin's The Mummy (2026),(no genres listed),2026
5238,Lee (2023),(no genres listed),2023
5239,Left-Handed Girl (2025),(no genres listed),2025
5240,"Legally Blonde 2: Red, White & Blonde (2003)",(no genres listed),2003
5241,Legally Blonde,(no genres listed),
5242,Legally Blonde (2001),(no genres listed),2001
5243,Legend (2015),(no genres listed),2015
5244,Legends of the Fall (1994),(no genres listed),1994
5245,The Lego Batman Movie,(no genres listed),
5246,The Lego Batman Movie (2017),(no genres listed),2017
5247,The Lego Movie,(no genres listed),
5248,The Lego Movie (2014),(no genres listed),2014
5249,Lemony Snicket's A Series of Unfortunate Events (2004),(no genres listed),2004
5250,Leo (2023),(no genres listed),2023
5251,Leprechaun in the Hood (2000),(no genres listed),2000
5252,Les films de ma vie,(no genres listed),
5253,Les Misérables (2012),(no genres listed),2012
5254,Let the Right One In (2008),(no genres listed),2008
5255,Lethal Weapon (1987),(no genres listed),1987
5256,A Letter to Momo,(no genres listed),
5257,Letters to Juliet (2010),(no genres listed),2010
5258,LGBTQI+,(no genres listed),
5259,Licorice Pizza,(no genres listed),
5260,Licorice Pizza (2021),(no genres listed),2021
5261,Life During Wartime (2009),(no genres listed),2009
5262,Life in a Metro (2007),(no genres listed),2007
5263,Life of Brian (1979),(no genres listed),1979
5264,The Life of Chuck (2024),(no genres listed),2024
5265,Life of Pi (2012),(no genres listed),2012
5266,Life or Something Like It (2002),(no genres listed),2002
5267,Life Risking Romance,(no genres listed),
5268,Life Risking Romance (2016),(no genres listed),2016
5269,The Lighthouse (2019),(no genres listed),2019
5270,"Like Father, Like Son (2013)",(no genres listed),2013
5271,Like Stars on Earth,(no genres listed),
5272,Lil Nas X: Long Live Montero (2023),(no genres listed),2023
5273,Lilo & Stitch,(no genres listed),
5274,Lilo & Stitch (2002),(no genres listed),2002
5275,Lilo & Stitch (2025),(no genres listed),2025
5276,Lilya 4-ever (2002),(no genres listed),2002
5277,Liminals (2026),(no genres listed),2026
5278,Limitless (2011),(no genres listed),2011
5279,Lincoln (2012),(no genres listed),2012
5280,The Lion King (1994),(no genres listed),1994
5281,Little Amélie or the Character of Rain (2025),(no genres listed),2025
5282,Little Fish (2020),(no genres listed),2020
5283,The Little Mermaid (2023),(no genres listed),2023
5284,Little Miss Sunshine (2006),(no genres listed),2006
5285,The Little Prince (2015),(no genres listed),2015
5286,Little Shop of Horrors (1986),(no genres listed),1986
5287,Little Women,(no genres listed),
5288,Little Women (2019),(no genres listed),2019
5289,Little (2019),(no genres listed),2019
5290,Live Flesh (1997),(no genres listed),1997
5291,Live Free or Die Hard (2007),(no genres listed),2007
5292,live lugh love romcom,(no genres listed),
5293,Living on Love Alone (2010),(no genres listed),2010
5294,The Lizzie McGuire Movie,(no genres listed),
5295,The Lizzie McGuire Movie (2003),(no genres listed),2003
5296,The Lobster,(no genres listed),
5297,The Lobster (2015),(no genres listed),2015
5298,Logan,(no genres listed),
5299,Logan (2017),(no genres listed),2017
5300,LOL (2012),(no genres listed),2012
5301,Lolita (1962),(no genres listed),1962
5302,The Long Walk,(no genres listed),
5303,The Long Walk (2025),(no genres listed),2025
5304,The Longest Ride (2015),(no genres listed),2015
5305,Longlegs (2024),(no genres listed),2024
5306,Look Back,(no genres listed),
5307,Look Back (2024),(no genres listed),2024
5308,The Lookout (2007),(no genres listed),2007
5309,Looney Tunes: Back in Action,(no genres listed),
5310,Lord of the Flies (2026),(no genres listed),2026
5311,The Lord of the Rings: The Fellowship of the Ring,(no genres listed),
5312,The Lord of the Rings: The Fellowship of the Ring (2001),(no genres listed),2001
5313,The Lord of the Rings: The Return of the King,(no genres listed),
5314,The Lord of the Rings: The Return of the King (2003),(no genres listed),2003
5315,The Lord of the Rings: The Two Towers (2002),(no genres listed),2002
5316,Lost and Found (1996),(no genres listed),1996
5317,Lost Highway (1997),(no genres listed),1997
5318,Lost in Translation (2003),(no genres listed),2003
5319,Lost Ladies (2023),(no genres listed),2023
5320,The Lost Weekend (1945),(no genres listed),1945
5321,A Lot Like Love (2005),(no genres listed),2005
5322,Louis Theroux: Inside the Manosphere,(no genres listed),
5323,Louis Theroux: Inside the Manosphere (2026),(no genres listed),2026
5324,Love Actually (2003),(no genres listed),2003
5325,Love and Shukla (2017),(no genres listed),2017
5326,Love Happy (1949),(no genres listed),1949
5327,Love Hard,(no genres listed),
5328,Love In The Big City (2024),(no genres listed),2024
5329,Love Is a Poison (2024),(no genres listed),2024
5330,Love Lies Bleeding,(no genres listed),
5331,Love Lies Bleeding (2024),(no genres listed),2024
5332,Love Me Actually (2019),(no genres listed),2019
5333,Love Me If You Dare (2003),(no genres listed),2003
5334,Love of Siam (2007),(no genres listed),2007
5335,Love & Other Drugs,(no genres listed),
5336,Love & Other Drugs (2010),(no genres listed),2010
5337,"Love, Rosie (2014)",(no genres listed),2014
5338,Love Untangled (2025),(no genres listed),2025
5339,Love,(no genres listed),
5340,Love (2024),(no genres listed),2024
5341,The Loved One,(no genres listed),
5342,The Loved One (2026),(no genres listed),2026
5343,The Lovely Bones,(no genres listed),
5344,Lovers Like Us (1975),(no genres listed),1975
5345,Luca (2021),(no genres listed),2021
5346,The Luck of the Irish (2001),(no genres listed),2001
5347,Luck (2022),(no genres listed),2022
5348,Lucky Star,(no genres listed),
5349,Lucky Star (2007),(no genres listed),2007
5350,The Lunchbox (2013),(no genres listed),2013
5351,Maborosi (1995),(no genres listed),1995
5352,The Machinist (2004),(no genres listed),2004
5353,"Mad Bills to Pay (or Destiny, dile que no soy malo) (2025)",(no genres listed),2025
5354,Mad God (2021),(no genres listed),2021
5355,Mad Max 2 (1981),(no genres listed),1981
5356,Mad Max Beyond Thunderdome (1985),(no genres listed),1985
5357,Mad Max: Fury Road,(no genres listed),
5358,Mad Max: Fury Road (2015),(no genres listed),2015
5359,Mad Max (1979),(no genres listed),1979
5360,Madagascar (2005),(no genres listed),2005
5361,Madame Web (2024),(no genres listed),2024
5362,Made of Honor (2008),(no genres listed),2008
5363,Madea's Big Happy Family (2011),(no genres listed),2011
5364,Madea's Destination Wedding (2025),(no genres listed),2025
5365,Magazine Dreams (2023),(no genres listed),2023
5366,The Magician (2015),(no genres listed),2015
5367,Magnolia (1999),(no genres listed),1999
5368,Maharaja (2024),(no genres listed),2024
5369,Maleficent (2014),(no genres listed),2014
5370,Malignant,(no genres listed),
5371,Malignant (2021),(no genres listed),2021
5372,The Maltese Falcon,(no genres listed),
5373,Mama Agnes 2,(no genres listed),
5374,Mama Agnes 2 (2024),(no genres listed),2024
5375,Mama Agnes (2023),(no genres listed),2023
5376,Mamma Mia! Here We Go Again (2018),(no genres listed),2018
5377,Mamma Mia!,(no genres listed),
5378,Mamma Mia! (2008),(no genres listed),2008
5379,A Man Called Otto (2022),(no genres listed),2022
5380,The Man from U.N.C.L.E.,(no genres listed),
5381,The Man in the Iron Mask (1998),(no genres listed),1998
5382,Man of Steel (2013),(no genres listed),2013
5383,Man on Fire (2004),(no genres listed),2004
5384,Man on the Roof (1976),(no genres listed),1976
5385,The Man Who Could Not Remain Silent (2024),(no genres listed),2024
5386,Manchester by the Sea,(no genres listed),
5387,Manchester by the Sea (2016),(no genres listed),2016
5388,Manhattan (1979),(no genres listed),1979
5389,The Map of Tiny Perfect Things (2021),(no genres listed),2021
5390,The Map That Leads to You (2025),(no genres listed),2025
5391,Marcel the Shell with Shoes On (2021),(no genres listed),2021
5392,The Marching Band (2024),(no genres listed),2024
5393,Mare of Easttown (2021),(no genres listed),2021
5394,Margaret (2011),(no genres listed),2011
5395,Marie Antoinette (2006),(no genres listed),2006
5396,Marriage Story (2019),(no genres listed),2019
5397,Marrowbone,(no genres listed),
5398,Marrowbone (2017),(no genres listed),2017
5399,The Martian (2015),(no genres listed),2015
5400,Martin Margiela: In His Own Words (2019),(no genres listed),2019
5401,"Marty, Life Is Short",(no genres listed),
5402,Marty Supreme,(no genres listed),
5403,Marty Supreme (2025),(no genres listed),2025
5404,The Marvels (2023),(no genres listed),2023
5405,"Mary Is Happy, Mary Is Happy. (2013)",(no genres listed),2013
5406,Mary Queen of Scots (2018),(no genres listed),2018
5407,Mask Girl (2023),(no genres listed),2023
5408,The Mask,(no genres listed),
5409,The Mask (1994),(no genres listed),1994
5410,The Master (2012),(no genres listed),2012
5411,Master (2016),(no genres listed),2016
5412,Masterpieces.,(no genres listed),
5413,Match Point (2005),(no genres listed),2005
5414,Materialists,(no genres listed),
5415,Materialists (2025),(no genres listed),2025
5416,Matilda (1996),(no genres listed),1996
5417,The Matrix Reloaded (2003),(no genres listed),2003
5418,The Matrix Resurrections (2021),(no genres listed),2021
5419,The Matrix Revisited,(no genres listed),
5420,The Matrix Revisited (2001),(no genres listed),2001
5421,The Matrix,(no genres listed),
5422,The Matrix (1999),(no genres listed),1999
5423,MaXXXine (2024),(no genres listed),2024
5424,May December (2023),(no genres listed),2023
5425,"Maya, Give Me a Title (2024)",(no genres listed),2024
5426,The Mayor (2017),(no genres listed),2017
5427,Maze Runner: The Death Cure (2018),(no genres listed),2018
5428,Maze Runner: The Scorch Trials,(no genres listed),
5429,Maze Runner: The Scorch Trials (2015),(no genres listed),2015
5430,The Maze Runner,(no genres listed),
5431,The Maze Runner (2014),(no genres listed),2014
5432,McQueen (2018),(no genres listed),2018
5433,Me Before You,(no genres listed),
5434,Me Before You (2016),(no genres listed),2016
5435,Mean Girls,(no genres listed),
5436,Mean Girls (2004),(no genres listed),2004
5437,Mean Girls (2024),(no genres listed),2024
5438,"Meet, Greet & Bye (2025)",(no genres listed),2025
5439,Meet Joe Black (1998),(no genres listed),1998
5440,Meg 2: The Trench (2023),(no genres listed),2023
5441,Memento,(no genres listed),
5442,Memento (2000),(no genres listed),2000
5443,Memoir of a Snail (2024),(no genres listed),2024
5444,Memories of Murder,(no genres listed),
5445,Memories of Murder (2003),(no genres listed),2003
5446,Men in Black: International (2019),(no genres listed),2019
5447,Men in Black (1997),(no genres listed),1997
5448,The Menu (2022),(no genres listed),2022
5449,The Merciless (2017),(no genres listed),2017
5450,Mercy for None (2025),(no genres listed),2025
5451,Mercy (2026),(no genres listed),2026
5452,Mesrine: Killer Instinct (2008),(no genres listed),2008
5453,Mesrine: Public Enemy #1 (2008),(no genres listed),2008
5454,MESSED UP MOVIES,(no genres listed),
5455,meta movies that I love,(no genres listed),
5456,Metro... In Dino (2025),(no genres listed),2025
5457,The Mexican (2001),(no genres listed),2001
5458,Miami Vice,(no genres listed),
5459,Michael Mann - Ranked,(no genres listed),
5460,Michael,(no genres listed),
5461,Michael (2026),(no genres listed),2026
5462,Michelangelo Antonioni's Filmography,(no genres listed),
5463,Mickey 17,(no genres listed),
5464,Mickey 17 (2025),(no genres listed),2025
5465,Mickey One (1965),(no genres listed),1965
5466,mid90s,(no genres listed),
5467,mid90s (2018),(no genres listed),2018
5468,Midnight in Paris (2011),(no genres listed),2011
5469,Midnight Runners (2017),(no genres listed),2017
5470,The Midnight Sky,(no genres listed),
5471,The Midnight Sky (2020),(no genres listed),2020
5472,Midnight Sun (2018),(no genres listed),2018
5473,Midsommar,(no genres listed),
5474,Midsommar (2019),(no genres listed),2019
5475,Midsummer (2003),(no genres listed),2003
5476,Migration (2023),(no genres listed),2023
5477,Mike & Nick & Nick & Alice (2026),(no genres listed),2026
5478,Mildly upsetting films (not really),(no genres listed),
5479,Mile End Kicks (2025),(no genres listed),2025
5480,Milk & Serial (2024),(no genres listed),2024
5481,Milk (2008),(no genres listed),2008
5482,Millennium Actress (2001),(no genres listed),2001
5483,Mindfuck cinema,(no genres listed),
5484,Mindfulness and Murder (2011),(no genres listed),2011
5485,A Minecraft Movie,(no genres listed),
5486,A Minecraft Movie (2025),(no genres listed),2025
5487,Minions (2015),(no genres listed),2015
5488,Mira (2022),(no genres listed),2022
5489,Miracle (2004),(no genres listed),2004
5490,Misery (1990),(no genres listed),1990
5491,Miss Peregrine's Home for Peculiar Children,(no genres listed),
5492,Miss Peregrine's Home for Peculiar Children (2016),(no genres listed),2016
5493,Missing (2023),(no genres listed),2023
5494,Mission: Impossible – Dead Reckoning (2023),(no genres listed),2023
5495,Mission: Impossible – Fallout (2018),(no genres listed),2018
5496,Mission: Impossible – Ghost Protocol,(no genres listed),
5497,Mission: Impossible – Ghost Protocol (2011),(no genres listed),2011
5498,Mission: Impossible III (2006),(no genres listed),2006
5499,Mission: Impossible – Rogue Nation (2015),(no genres listed),2015
5500,Mission: Impossible – The Final Reckoning (2025),(no genres listed),2025
5501,Mission: Impossible (1996),(no genres listed),1996
5502,Mission: Possible (2021),(no genres listed),2021
5503,Mississippi Burning (1988),(no genres listed),1988
5504,The Mist,(no genres listed),
5505,The Mist (2007),(no genres listed),2007
5506,The Mitchells vs. the Machines (2021),(no genres listed),2021
5507,Moana 2,(no genres listed),
5508,Moana,(no genres listed),
5509,Moana (2016),(no genres listed),2016
5510,moi’s kdrama space 🪐,(no genres listed),
5511,Mon top 15 de tous les temps,(no genres listed),
5512,Mona Lisa Smile (2003),(no genres listed),2003
5513,Moneyball (2011),(no genres listed),2011
5514,Monkey Business (1931),(no genres listed),1931
5515,The Monkey (2025),(no genres listed),2025
5516,A Monster Calls,(no genres listed),
5517,A Monster Calls (2016),(no genres listed),2016
5518,Monster House (2006),(no genres listed),2006
5519,Monster Trucks (2016),(no genres listed),2016
5520,Monster (2023),(no genres listed),2023
5521,"Monsters, Inc. (2001)",(no genres listed),2001
5522,Monsters University (2013),(no genres listed),2013
5523,The Moon (2023),(no genres listed),2023
5524,The Moonlight Sonata (1988),(no genres listed),1988
5525,Moonlight,(no genres listed),
5526,Moonlight (2016),(no genres listed),2016
5527,Moonrise Kingdom,(no genres listed),
5528,Moonstruck (1987),(no genres listed),1987
5529,More Beautiful (2025),(no genres listed),2025
5530,Mortal Engines,(no genres listed),
5531,Mortal Kombat: Annihilation (1997),(no genres listed),1997
5532,Mortal Kombat II,(no genres listed),
5533,Mortal Kombat II (2026),(no genres listed),2026
5534,Mortal Kombat - Ranked,(no genres listed),
5535,Mortal Kombat (1995),(no genres listed),1995
5536,Mortal Kombat (2021),(no genres listed),2021
5537,Most Anticipated Films of 2026 (2026),(no genres listed),2026
5538,Most mind-blowing film moments of my life (SPOILERS),(no genres listed),
5539,Mother,(no genres listed),
5540,mother! (2017),(no genres listed),2017
5541,The Mother (2023),(no genres listed),2023
5542,Mothers' Instinct (2024),(no genres listed),2024
5543,Moulin Rouge! (2001),(no genres listed),2001
5544,Mountainhead (2025),(no genres listed),2025
5545,Movie 43 (2013),(no genres listed),2013
5546,Movie Nights,(no genres listed),
5547,MOVIE RECOMMENDATIONS,(no genres listed),
5548,Movies About Hollywood/Los Angeles,(no genres listed),
5549,Movies so bad I start laughing,(no genres listed),
5550,Movies that scarred me,(no genres listed),
5551,Movies to Watch,(no genres listed),
5552,Movies where Al Pacino chews gum,(no genres listed),
5553,Movies where fantasy characters explore suburbia,(no genres listed),
5554,Movies with Briana,(no genres listed),
5555,Mr. and Mrs. Iyer (2002),(no genres listed),2002
5556,Mr. & Mrs. Smith,(no genres listed),
5557,Mr. & Mrs. Smith (2005),(no genres listed),2005
5558,Mr. Nobody,(no genres listed),
5559,Mr. Nobody (2009),(no genres listed),2009
5560,Much Ado About Nothing,(no genres listed),
5561,Mufasa: The Lion King (2024),(no genres listed),2024
5562,Mulan (1998),(no genres listed),1998
5563,Mulholland Drive (2001),(no genres listed),2001
5564,The Mummy,(no genres listed),
5565,The Mummy (1999),(no genres listed),1999
5566,The Muppet Movie (1979),(no genres listed),1979
5567,Murder Mystery (2019),(no genres listed),2019
5568,Murder on the Orient Express (2017),(no genres listed),2017
5569,My Annoying Brother (2016),(no genres listed),2016
5570,My Cousin Vinny (1992),(no genres listed),1992
5571,My Father's Shadow,(no genres listed),
5572,My Fault: London,(no genres listed),
5573,My Fault: London (2025),(no genres listed),2025
5574,My Fault (2023),(no genres listed),2023
5575,My favorite Movies 2020 (2020),(no genres listed),2020
5576,My favs,(no genres listed),
5577,My Future You (2024),(no genres listed),2024
5578,My Girl (2003),(no genres listed),2003
5579,My Girlfriend Is an Agent (2009),(no genres listed),2009
5580,My Hero Academia: More,(no genres listed),
5581,My Hero Academia: You're Next (2024),(no genres listed),2024
5582,My Life as a Zucchini (2016),(no genres listed),2016
5583,My Little Pony: Equestria Girls – Rainbow Rocks (2014),(no genres listed),2014
5584,my must watch films,(no genres listed),
5585,My Neighbor Totoro,(no genres listed),
5586,My Neighbor Totoro (1988),(no genres listed),1988
5587,My Old Ass (2024),(no genres listed),2024
5588,My Oxford Year (2025),(no genres listed),2025
5589,My Suicide,(no genres listed),
5590,My Top 10 Favorites,(no genres listed),
5591,Mysterious Skin (2004),(no genres listed),2004
5592,Mystic River (2003),(no genres listed),2003
5593,Nacho Libre (2006),(no genres listed),2006
5594,The Naked Gun: From the Files of Police Squad!,(no genres listed),
5595,The Naked Gun: From the Files of Police Squad! (1988),(no genres listed),1988
5596,The Naked Gun (2025),(no genres listed),2025
5597,Naked Lunch (1991),(no genres listed),1991
5598,NANA,(no genres listed),
5599,Napoleon Dynamite (2004),(no genres listed),2004
5600,Napoleon (2023),(no genres listed),2023
5601,National Lampoon's Christmas Vacation,(no genres listed),
5602,Natural Born Killers,(no genres listed),
5603,Natural Born Killers (1994),(no genres listed),1994
5604,Nausicaä of the Valley of the Wind (1984),(no genres listed),1984
5605,Need for Speed (2014),(no genres listed),2014
5606,The Negotiation (2018),(no genres listed),2018
5607,Nerve (2016),(no genres listed),2016
5608,Network (1976),(no genres listed),1976
5609,Never Back Down,(no genres listed),
5610,Never Back Down (2008),(no genres listed),2008
5611,The NeverEnding Story (1984),(no genres listed),1984
5612,Ngayon Kaya (2022),(no genres listed),2022
5613,The Nice Guys (2016),(no genres listed),2016
5614,A Night at the Opera (1935),(no genres listed),1935
5615,Night Has Come (2023),(no genres listed),2023
5616,A Night in Casablanca,(no genres listed),
5617,A Night in Casablanca (1946),(no genres listed),1946
5618,The Night Manager (2016),(no genres listed),2016
5619,Night of the Living Dead,(no genres listed),
5620,The Night of the Undead (2020),(no genres listed),2020
5621,Night Watch (2004),(no genres listed),2004
5622,Nightbitch (2024),(no genres listed),2024
5623,Nightcrawler,(no genres listed),
5624,Nightcrawler (2014),(no genres listed),2014
5625,Nightmare Alley (2021),(no genres listed),2021
5626,Nimona (2023),(no genres listed),2023
5627,No. 6 (2011),(no genres listed),2011
5628,No Country for Old Men,(no genres listed),
5629,No Country for Old Men (2007),(no genres listed),2007
5630,No Hard Feelings,(no genres listed),
5631,No Hard Feelings (2023),(no genres listed),2023
5632,No Mercy (2019),(no genres listed),2019
5633,No Other Choice,(no genres listed),
5634,No Other Choice (2025),(no genres listed),2025
5635,No Reservations (2007),(no genres listed),2007
5636,No Time to Die,(no genres listed),
5637,No Time to Die (2021),(no genres listed),2021
5638,Nobody 2 (2025),(no genres listed),2025
5639,Nobody Knows (2004),(no genres listed),2004
5640,Nobody (2021),(no genres listed),2021
5641,Nocturnal Animals,(no genres listed),
5642,Nocturnal Animals (2016),(no genres listed),2016
5643,Nocturne (2020),(no genres listed),2020
5644,Nomadland (2020),(no genres listed),2020
5645,Non-Hellraiser Movies That Are Basically Hellraiser Movies,(no genres listed),
5646,Nope (2022),(no genres listed),2022
5647,Nora (2000),(no genres listed),2000
5648,Normal People,(no genres listed),
5649,Normal People (2020),(no genres listed),2020
5650,North by Northwest,(no genres listed),
5651,North by Northwest (1959),(no genres listed),1959
5652,The Northman,(no genres listed),
5653,The Northman (2022),(no genres listed),2022
5654,Nosferatu,(no genres listed),
5655,Nosferatu (2024),(no genres listed),2024
5656,Not Another Teen Movie (2001),(no genres listed),2001
5657,The Notebook,(no genres listed),
5658,The Notebook (2004),(no genres listed),2004
5659,Notting Hill (1999),(no genres listed),1999
5660,Nouvelle Vague (2025),(no genres listed),2025
5661,Novocaine (2025),(no genres listed),2025
5662,Now You See Me 2 (2016),(no genres listed),2016
5663,Now You See Me: Now You Don't (2025),(no genres listed),2025
5664,Now You See Me,(no genres listed),
5665,Now You See Me (2013),(no genres listed),2013
5666,Nowhere,(no genres listed),
5667,Nowhere (2023),(no genres listed),2023
5668,Number 24 (2024),(no genres listed),2024
5669,The Nun II,(no genres listed),
5670,The Nun II (2023),(no genres listed),2023
5671,The Nun (2018),(no genres listed),2018
5672,Nuremberg,(no genres listed),
5673,Nuremberg (2025),(no genres listed),2025
5674,The Nutcracker and the Four Realms (2018),(no genres listed),2018
5675,NYAD (2023),(no genres listed),2023
5676,Nymphomaniac (2014),(no genres listed),2014
5677,O'Romeo (2026),(no genres listed),2026
5678,Obsession,(no genres listed),
5679,Obsession (2025),(no genres listed),2025
5680,Ocean's Eight (2018),(no genres listed),2018
5681,Ocean's Eleven,(no genres listed),
5682,Ocean's Eleven (2001),(no genres listed),2001
5683,Ocean's Thirteen (2007),(no genres listed),2007
5684,Ocean with David Attenborough (2025),(no genres listed),2025
5685,Octopussy,(no genres listed),
5686,Officer Black Belt (2024),(no genres listed),2024
5687,Old (2021),(no genres listed),2021
5688,Oldboy,(no genres listed),
5689,Oldboy (2003),(no genres listed),2003
5690,Oldboy (2013),(no genres listed),2013
5691,Olivia Rodrigo: GUTS World Tour (2024),(no genres listed),2024
5692,Om Shanti Om (2007),(no genres listed),2007
5693,On the Line (2021),(no genres listed),2021
5694,Once Upon a Time... in Hollywood,(no genres listed),
5695,Once Upon a Time... in Hollywood (2019),(no genres listed),2019
5696,Once Upon a Time in Mexico (2003),(no genres listed),2003
5697,Once Upon My Mother (2025),(no genres listed),2025
5698,Once (2007),(no genres listed),2007
5699,One Battle After Another,(no genres listed),
5700,One Battle After Another (2025),(no genres listed),2025
5701,One Crazy Summer: A Look Back at Gravity Falls (2018),(no genres listed),2018
5702,One Day (2011),(no genres listed),2011
5703,One Day (2016),(no genres listed),2016
5704,One Day (2024),(no genres listed),2024
5705,One Flew Over the Cuckoo's Nest,(no genres listed),
5706,One for the Road (2021),(no genres listed),2021
5707,ONE: High School Heroes (2025),(no genres listed),2025
5708,One Life,(no genres listed),
5709,One of Them Days (2025),(no genres listed),2025
5710,Only God Forgives (2013),(no genres listed),2013
5711,Only Lovers Left Alive,(no genres listed),
5712,Only Lovers Left Alive (2013),(no genres listed),2013
5713,Only the Brave (2017),(no genres listed),2017
5714,Onward (2020),(no genres listed),2020
5715,Operation Fortune: Ruse de Guerre (2023),(no genres listed),2023
5716,Oppenheimer,(no genres listed),
5717,Oppenheimer (2023),(no genres listed),2023
5718,Opus (2025),(no genres listed),2025
5719,Osgood Perkins - Ranked,(no genres listed),
5720,OSS 117: Lost in Rio (2009),(no genres listed),2009
5721,The Other Zoey (2023),(no genres listed),2023
5722,The Others (2001),(no genres listed),2001
5723,Out of Love (2025),(no genres listed),2025
5724,Out of Sight (1998),(no genres listed),1998
5725,Outcome (2026),(no genres listed),2026
5726,Outlaw King (2018),(no genres listed),2018
5727,The Outlaws (2017),(no genres listed),2017
5728,The Outsiders,(no genres listed),
5729,Over the Garden Wall (2014),(no genres listed),2014
5730,The Owl House: Thanks to Them (2022),(no genres listed),2022
5731,Pacific Rim (2013),(no genres listed),2013
5732,Paddington 2 (2017),(no genres listed),2017
5733,Paddington (2014),(no genres listed),2014
5734,Padmaavat (2018),(no genres listed),2018
5735,Pain & Gain (2013),(no genres listed),2013
5736,Pain Hustlers (2023),(no genres listed),2023
5737,Palindromes (2004),(no genres listed),2004
5738,Palm Springs (2020),(no genres listed),2020
5739,Palo Alto,(no genres listed),
5740,Pan's Labyrinth,(no genres listed),
5741,Pan's Labyrinth (2006),(no genres listed),2006
5742,Paper Moon (1973),(no genres listed),1973
5743,Paper Towns (2015),(no genres listed),2015
5744,Paprika (2006),(no genres listed),2006
5745,The Paradise of Thorns (2024),(no genres listed),2024
5746,Parallel Courses (2016),(no genres listed),2016
5747,Parallel Mothers (2021),(no genres listed),2021
5748,Parallel Tales,(no genres listed),
5749,Parallel Tales (2026),(no genres listed),2026
5750,ParaNorman (2012),(no genres listed),2012
5751,Parasite,(no genres listed),
5752,Parasite (2019),(no genres listed),2019
5753,The Parent Trap (1998),(no genres listed),1998
5754,"Paris, Texas",(no genres listed),
5755,"Paris, Texas (1984)",(no genres listed),1984
5756,Part-Time Spy (2017),(no genres listed),2017
5757,Passenger,(no genres listed),
5758,The Passenger (2023),(no genres listed),2023
5759,Passenger (2026),(no genres listed),2026
5760,Passengers (2008),(no genres listed),2008
5761,Passengers (2016),(no genres listed),2016
5762,Past Lives,(no genres listed),
5763,Past Lives (2023),(no genres listed),2023
5764,Patch Adams (1998),(no genres listed),1998
5765,Pati Patni Aur Woh Do,(no genres listed),
5766,Pati Patni Aur Woh Do (2026),(no genres listed),2026
5767,Paul Verhoeven - Ranked,(no genres listed),
5768,Pavane (2026),(no genres listed),2026
5769,Peaceful Warrior,(no genres listed),
5770,Peaceful Warrior (2006),(no genres listed),2006
5771,Peak Cinema,(no genres listed),
5772,Peaky Blinders: The Immortal Man,(no genres listed),
5773,Peaky Blinders: The Immortal Man (2026),(no genres listed),2026
5774,Pearl,(no genres listed),
5775,Pearl (2022),(no genres listed),2022
5776,Peeping Tom,(no genres listed),
5777,Peeping Tom (1960),(no genres listed),1960
5778,Pelé,(no genres listed),
5779,Pen15: Jacuzzi (2021),(no genres listed),2021
5780,Penelope,(no genres listed),
5781,The Penguin (2024),(no genres listed),2024
5782,People We Meet on Vacation,(no genres listed),
5783,People We Meet on Vacation (2026),(no genres listed),2026
5784,Perfect Addiction (2023),(no genres listed),2023
5785,Perfect Blue,(no genres listed),
5786,Perfect Blue (1997),(no genres listed),1997
5787,Perfect Days,(no genres listed),
5788,Perfect Days (2023),(no genres listed),2023
5789,The Perks of Being a Wallflower,(no genres listed),
5790,The Perks of Being a Wallflower (2012),(no genres listed),2012
5791,Persona (1966),(no genres listed),1966
5792,Persuasion (2022),(no genres listed),2022
5793,Peter Rabbit (2018),(no genres listed),2018
5794,"The Phantom from 10,000 Leagues (1955)",(no genres listed),1955
5795,Phantom of the Paradise (1974),(no genres listed),1974
5796,Phantom Thread (2017),(no genres listed),2017
5797,The Phoenician Scheme (2025),(no genres listed),2025
5798,The Phone (2015),(no genres listed),2015
5799,Pi (1998),(no genres listed),1998
5800,The Pianist (2002),(no genres listed),2002
5801,The Piano Accident (2025),(no genres listed),2025
5802,Pillion (2025),(no genres listed),2025
5803,Pina (2011),(no genres listed),2011
5804,Pink Floyd: The Wall,(no genres listed),
5805,Piper (2016),(no genres listed),2016
5806,Pirates of the Caribbean: At World's End (2007),(no genres listed),2007
5807,Pirates of the Caribbean: Dead Man's Chest (2006),(no genres listed),2006
5808,Pirates of the Caribbean: Dead Men Tell No Tales (2017),(no genres listed),2017
5809,Pirates of the Caribbean: On Stranger Tides (2011),(no genres listed),2011
5810,Pirates of the Caribbean: The Curse of the Black Pearl (2003),(no genres listed),2003
5811,Pitch Black (2000),(no genres listed),2000
5812,Pitch Perfect 2 (2015),(no genres listed),2015
5813,Pitch Perfect 3 (2017),(no genres listed),2017
5814,Pitch Perfect,(no genres listed),
5815,Pitch Perfect (2012),(no genres listed),2012
5816,Pixels (2015),(no genres listed),2015
5817,The Place Beyond the Pines,(no genres listed),
5818,The Place Beyond the Pines (2012),(no genres listed),2012
5819,Planet of the Apes (2001),(no genres listed),2001
5820,Planet Terror (2007),(no genres listed),2007
5821,The Platform 2 (2024),(no genres listed),2024
5822,Play Dirty (2025),(no genres listed),2025
5823,The Player (1992),(no genres listed),1992
5824,plot twist (hallucination),(no genres listed),
5825,Plus One (2019),(no genres listed),2019
5826,The Point Men (2023),(no genres listed),2023
5827,Pokémon Detective Pikachu (2019),(no genres listed),2019
5828,The Policeman's Lineage (2022),(no genres listed),2022
5829,Ponyo,(no genres listed),
5830,Ponyo (2008),(no genres listed),2008
5831,Poolhall Junkies (2002),(no genres listed),2002
5832,Poor Things,(no genres listed),
5833,Poor Things (2023),(no genres listed),2023
5834,Popstar: Never Stop Never Stopping,(no genres listed),
5835,Porco Rosso (1992),(no genres listed),1992
5836,Pornographer (2018),(no genres listed),2018
5837,Portrait of a Lady on Fire,(no genres listed),
5838,Portrait of a Lady on Fire (2019),(no genres listed),2019
5839,$POSITIONS,(no genres listed),
5840,$POSITIONS (2025),(no genres listed),2025
5841,Possession (1981),(no genres listed),1981
5842,The Poughkeepsie Tapes (2007),(no genres listed),2007
5843,Precious: Based on the Novel 'Push' by Sapphire,(no genres listed),
5844,Precious: Based on the Novel 'Push' by Sapphire (2009),(no genres listed),2009
5845,Predator 2 (1990),(no genres listed),1990
5846,Predator: Badlands (2025),(no genres listed),2025
5847,Predator: Killer of Killers (2025),(no genres listed),2025
5848,Predator,(no genres listed),
5849,Predator (1987),(no genres listed),1987
5850,Predestination (2014),(no genres listed),2014
5851,The President's Cake (2025),(no genres listed),2025
5852,The Prestige,(no genres listed),
5853,The Prestige (2006),(no genres listed),2006
5854,Pretty Lethal (2026),(no genres listed),2026
5855,Pretty Woman (1990),(no genres listed),1990
5856,Prey (2022),(no genres listed),2022
5857,Pride & Prejudice,(no genres listed),
5858,Pride & Prejudice (2005),(no genres listed),2005
5859,Pride,(no genres listed),
5860,Pride (2014),(no genres listed),2014
5861,Primal Fear (1996),(no genres listed),1996
5862,Primate (2025),(no genres listed),2025
5863,The Prince of Egypt,(no genres listed),
5864,The Prince of Egypt (1998),(no genres listed),1998
5865,The Princess and the Frog (2009),(no genres listed),2009
5866,The Princess Bride,(no genres listed),
5867,The Princess Bride (1987),(no genres listed),1987
5868,The Princess Diaries,(no genres listed),
5869,The Princess Diaries (2001),(no genres listed),2001
5870,Princess Mononoke,(no genres listed),
5871,Princess Mononoke (1997),(no genres listed),1997
5872,Priscilla (2023),(no genres listed),2023
5873,Prisoners,(no genres listed),
5874,Prisoners (2013),(no genres listed),2013
5875,A Private Life (2025),(no genres listed),2025
5876,Project Hail Mary,(no genres listed),
5877,Project Hail Mary (2026),(no genres listed),2026
5878,Project X (2012),(no genres listed),2012
5879,Promising Young Woman (2020),(no genres listed),2020
5880,The Proposal (2009),(no genres listed),2009
5881,Prozac Nation (2001),(no genres listed),2001
5882,Psycho Killer (2026),(no genres listed),2026
5883,Psycho,(no genres listed),
5884,Psycho (1960),(no genres listed),1960
5885,Public Enemies (2009),(no genres listed),2009
5886,Puella Magi Madoka Magica the Movie Part III: Rebellion,(no genres listed),
5887,Puella Magi Madoka Magica the Movie Part III: Rebellion (2013),(no genres listed),2013
5888,Puella Magi Madoka Magica (2011),(no genres listed),2011
5889,Pulp Fiction,(no genres listed),
5890,Pulp Fiction (1994),(no genres listed),1994
5891,Pulse,(no genres listed),
5892,Pulse (2001),(no genres listed),2001
5893,Punch-Drunk Love (2002),(no genres listed),2002
5894,The Punisher: One Last Kill,(no genres listed),
5895,The Punisher: One Last Kill (2026),(no genres listed),2026
5896,The Pursuit of Happyness,(no genres listed),
5897,The Pursuit of Happyness (2006),(no genres listed),2006
5898,Puss in Boots: The Last Wish,(no genres listed),
5899,Puss in Boots: The Last Wish (2022),(no genres listed),2022
5900,Quantum of Solace (2008),(no genres listed),2008
5901,The Queen's Gambit (2020),(no genres listed),2020
5902,Quentin Tarantino - Ranked,(no genres listed),
5903,A Quiet Place: Day One,(no genres listed),
5904,A Quiet Place: Day One (2024),(no genres listed),2024
5905,A Quiet Place Part II (2020),(no genres listed),2020
5906,A Quiet Place,(no genres listed),
5907,A Quiet Place (2018),(no genres listed),2018
5908,Raajneeti (2010),(no genres listed),2010
5909,Rab Ne Bana Di Jodi (2008),(no genres listed),2008
5910,Radiohead: In Rainbows - From the Basement (2008),(no genres listed),2008
5911,Raging Bull (1980),(no genres listed),1980
5912,Raiders of the Lost Ark,(no genres listed),
5913,Raiders of the Lost Ark (1981),(no genres listed),1981
5914,Rain Man (1988),(no genres listed),1988
5915,The Rajasaab (2026),(no genres listed),2026
5916,Ralph Breaks the Internet (2018),(no genres listed),2018
5917,Rambo: First Blood Part II (1985),(no genres listed),1985
5918,Rambo: Last Blood (2019),(no genres listed),2019
5919,Rango (2011),(no genres listed),2011
5920,Rat Race (2001),(no genres listed),2001
5921,Ratatouille,(no genres listed),
5922,Ratatouille (2007),(no genres listed),2007
5923,Ravenous,(no genres listed),
5924,The Rays and Shadows,(no genres listed),
5925,Ready or Not 2: Here I Come,(no genres listed),
5926,Ready or Not 2: Here I Come (2026),(no genres listed),2026
5927,Ready or Not (2019),(no genres listed),2019
5928,Ready Player One,(no genres listed),
5929,Ready Player One (2018),(no genres listed),2018
5930,A Real Pain (2024),(no genres listed),2024
5931,Real Steel (2011),(no genres listed),2011
5932,Reality (2023),(no genres listed),2023
5933,Really enjoyed,(no genres listed),
5934,Rear Window (1954),(no genres listed),1954
5935,Rebel Moon – Part One: A Child of Fire (2023),(no genres listed),2023
5936,Rebel Moon – Part Two: The Scargiver (2024),(no genres listed),2024
5937,Red Desert (1964),(no genres listed),1964
5938,Red Dragon,(no genres listed),
5939,Red Dragon (2002),(no genres listed),2002
5940,Red Eye (2005),(no genres listed),2005
5941,Red Notice (2021),(no genres listed),2021
5942,Red Sparrow (2018),(no genres listed),2018
5943,"Red, White & Royal Blue (2023)",(no genres listed),2023
5944,Regretting You (2025),(no genres listed),2025
5945,Reign Over Me (2007),(no genres listed),2007
5946,Relay (2024),(no genres listed),2024
5947,Remarkably Bright Creatures,(no genres listed),
5948,Remarkably Bright Creatures (2026),(no genres listed),2026
5949,Remember the Titans,(no genres listed),
5950,Remember the Titans (2000),(no genres listed),2000
5951,Reminders of Him (2026),(no genres listed),2026
5952,Rental Family (2025),(no genres listed),2025
5953,The Replacements (2000),(no genres listed),2000
5954,Requiem for a Dream (2000),(no genres listed),2000
5955,The Requin (2022),(no genres listed),2022
5956,Reservoir Dogs,(no genres listed),
5957,Reservoir Dogs (1992),(no genres listed),1992
5958,The Residence (2025),(no genres listed),2025
5959,Return of the Jedi,(no genres listed),
5960,Return of the Jedi (1983),(no genres listed),1983
5961,Return to Seoul,(no genres listed),
5962,Return to Silent Hill (2026),(no genres listed),2026
5963,Revanche (2008),(no genres listed),2008
5964,The Revenant,(no genres listed),
5965,The Revenant (2015),(no genres listed),2015
5966,Revisionnage,(no genres listed),
5967,Revolutionary Road (2008),(no genres listed),2008
5968,Revolver (2005),(no genres listed),2005
5969,Rian Johnson - Ranked,(no genres listed),
5970,Ricky Stanicky,(no genres listed),
5971,Riddick (2013),(no genres listed),2013
5972,Rim of the World,(no genres listed),
5973,The Ring,(no genres listed),
5974,The Ring (2002),(no genres listed),2002
5975,The Rip,(no genres listed),
5976,The Rip (2026),(no genres listed),2026
5977,Rise of the Guardians (2012),(no genres listed),2012
5978,Rise of the Planet of the Apes (2011),(no genres listed),2011
5979,"The Rise of the Red Hot Chili Peppers: Our Brother, Hillel",(no genres listed),
5980,"RN 72, à la conquête de l'Ouest",(no genres listed),
5981,"RN 72, à la conquête de l'Ouest (2026)",(no genres listed),2026
5982,Road House (2024),(no genres listed),2024
5983,Roald Dahl's Matilda the Musical (2022),(no genres listed),2022
5984,Robert Rodriguez - Ranked,(no genres listed),
5985,RoboCop (1987),(no genres listed),1987
5986,RoboCop (2014),(no genres listed),2014
5987,Rocketman (2019),(no genres listed),2019
5988,RocknRolla (2008),(no genres listed),2008
5989,Rocky Balboa (2006),(no genres listed),2006
5990,Rocky II (1979),(no genres listed),1979
5991,Rocky III (1982),(no genres listed),1982
5992,Rocky IV,(no genres listed),
5993,Rocky IV (1985),(no genres listed),1985
5994,Rocky V (1990),(no genres listed),1990
5995,Rocky (1976),(no genres listed),1976
5996,Rogan Josh (2018),(no genres listed),2018
5997,Rogue One: A Star Wars Story (2016),(no genres listed),2016
5998,Roma (2018),(no genres listed),2018
5999,"Roman J. Israel, Esq. (2017)",(no genres listed),2017
6000,Romeo + Juliet (1996),(no genres listed),1996
6001,Roofman (2025),(no genres listed),2025
6002,The Room Next Door (2024),(no genres listed),2024
6003,Room No.7 (2017),(no genres listed),2017
6004,Room Service (1938),(no genres listed),1938
6005,Roommates,(no genres listed),
6006,Rose (2026),(no genres listed),2026
6007,The Roses,(no genres listed),
6008,The Roses (2025),(no genres listed),2025
6009,Rosetta (1999),(no genres listed),1999
6010,The Royal Tenenbaums (2001),(no genres listed),2001
6011,Royalteen (2022),(no genres listed),2022
6012,RRR (2022),(no genres listed),2022
6013,Ruby Red (2013),(no genres listed),2013
6014,Rugrats Go Wild (2003),(no genres listed),2003
6015,Rugrats in Paris: The Movie (2000),(no genres listed),2000
6016,The Rugrats Movie (1998),(no genres listed),1998
6017,Run (2020),(no genres listed),2020
6018,Runaway Train (1985),(no genres listed),1985
6019,The Running Man,(no genres listed),
6020,The Running Man (2025),(no genres listed),2025
6021,Runt (2024),(no genres listed),2024
6022,The Ruse (2024),(no genres listed),2024
6023,Rush Hour 2 (2001),(no genres listed),2001
6024,Rush Hour 3 (2007),(no genres listed),2007
6025,Rush Hour (1998),(no genres listed),1998
6026,Rush,(no genres listed),
6027,Rust and Bone (2012),(no genres listed),2012
6028,Sacramento (2024),(no genres listed),2024
6029,Saint Laurent (2014),(no genres listed),2014
6030,Salaam Namaste (2005),(no genres listed),2005
6031,Salmokji: Whispering Water (2026),(no genres listed),2026
6032,Saltburn,(no genres listed),
6033,Saltburn (2023),(no genres listed),2023
6034,San Andreas (2015),(no genres listed),2015
6035,The Sandlot,(no genres listed),
6036,Sapphire Blue (2014),(no genres listed),2014
6037,Satan's Rhapsody (1917),(no genres listed),1917
6038,Saturday Night (2024),(no genres listed),2024
6039,Saved! (2004),(no genres listed),2004
6040,Saving Face (2004),(no genres listed),2004
6041,Saving Private Ryan (1998),(no genres listed),1998
6042,Saw II,(no genres listed),
6043,Saw II (2005),(no genres listed),2005
6044,Saw III (2006),(no genres listed),2006
6045,Saw IV (2007),(no genres listed),2007
6046,Saw V (2008),(no genres listed),2008
6047,Scarface,(no genres listed),
6048,Scarface (1983),(no genres listed),1983
6049,Scarlet (2025),(no genres listed),2025
6050,Scary Movie 2 (2001),(no genres listed),2001
6051,Scary Movie (2000),(no genres listed),2000
6052,Scary Stories to Tell in the Dark (2019),(no genres listed),2019
6053,Scent of a Woman,(no genres listed),
6054,Scent of a Woman (1992),(no genres listed),1992
6055,Schindler's List (1993),(no genres listed),1993
6056,School of Rock (2003),(no genres listed),2003
6057,Scooby-Doo 2: Monsters Unleashed,(no genres listed),
6058,Scooby-Doo 2: Monsters Unleashed (2004),(no genres listed),2004
6059,Scooby-Doo (2002),(no genres listed),2002
6060,The Score (2001),(no genres listed),2001
6061,Scott Pilgrim vs. the World (2010),(no genres listed),2010
6062,Scream 7,(no genres listed),
6063,Scream 7 (2026),(no genres listed),2026
6064,Scream - Ranked,(no genres listed),
6065,Scream VI (2023),(no genres listed),2023
6066,Scream,(no genres listed),
6067,Scream (1996),(no genres listed),1996
6068,Se7en,(no genres listed),
6069,Se7en (1995),(no genres listed),1995
6070,The Sea Inside (2004),(no genres listed),2004
6071,Seasons Change (2006),(no genres listed),2006
6072,The Secret Agent (2025),(no genres listed),2025
6073,The Secret in Their Eyes,(no genres listed),
6074,The Secret Life of Walter Mitty,(no genres listed),
6075,The Secret Life of Walter Mitty (2013),(no genres listed),2013
6076,Secret Relationships (2025),(no genres listed),2025
6077,Secret Superstar (2017),(no genres listed),2017
6078,The Secret World of Arrietty (2010),(no genres listed),2010
6079,Secretary (2002),(no genres listed),2002
6080,The Seed of the Sacred Fig (2024),(no genres listed),2024
6081,Semantic Error,(no genres listed),
6082,Semantic Error (2022),(no genres listed),2022
6083,Send Help,(no genres listed),
6084,Send Help (2026),(no genres listed),2026
6085,Sentimental Value,(no genres listed),
6086,Sentimental Value (2025),(no genres listed),2025
6087,Seobok (2021),(no genres listed),2021
6088,A Separation (2011),(no genres listed),2011
6089,Serendipity (2001),(no genres listed),2001
6090,Serial Mom (1994),(no genres listed),1994
6091,The Settlers (2023),(no genres listed),2023
6092,Seven Samurai,(no genres listed),
6093,Seven Samurai (1954),(no genres listed),1954
6094,Seven Years in Tibet (1997),(no genres listed),1997
6095,Seven (1979),(no genres listed),1979
6096,The Seventh Seal (1957),(no genres listed),1957
6097,Shadows in Paradise (1986),(no genres listed),1986
6098,Shakespeare in Love (1998),(no genres listed),1998
6099,Shallow Grave (1994),(no genres listed),1994
6100,Shame (2011),(no genres listed),2011
6101,Shang-Chi and the Legend of the Ten Rings (2021),(no genres listed),2021
6102,Shanghai Blues (1984),(no genres listed),1984
6103,The Shape of Water,(no genres listed),
6104,The Shape of Water (2017),(no genres listed),2017
6105,Shark: The Beginning (2021),(no genres listed),2021
6106,Sharknado (2013),(no genres listed),2013
6107,Sharp Corner (2024),(no genres listed),2024
6108,Sharp Stick (2022),(no genres listed),2022
6109,Shaun of the Dead (2004),(no genres listed),2004
6110,The Shawshank Redemption,(no genres listed),
6111,The Shawshank Redemption (1994),(no genres listed),1994
6112,Shazam! (2019),(no genres listed),2019
6113,She's All That (1999),(no genres listed),1999
6114,She's the Man,(no genres listed),
6115,She's the Man (2006),(no genres listed),2006
6116,she,(no genres listed),
6117,The Sheep Detectives,(no genres listed),
6118,The Sheep Detectives (2026),(no genres listed),2026
6119,Shelby Oaks (2024),(no genres listed),2024
6120,Shelter (2026),(no genres listed),2026
6121,Sherlock Holmes: A Game of Shadows,(no genres listed),
6122,Sherlock Holmes: A Game of Shadows (2011),(no genres listed),2011
6123,Sherlock Holmes (2009),(no genres listed),2009
6124,The Shining,(no genres listed),
6125,The Shining (1980),(no genres listed),1980
6126,Shows,(no genres listed),
6127,Shrek 2,(no genres listed),
6128,Shrek 2 (2004),(no genres listed),2004
6129,Shrek Forever After,(no genres listed),
6130,Shrek Forever After (2010),(no genres listed),2010
6131,Shrek the Third (2007),(no genres listed),2007
6132,Shrek,(no genres listed),
6133,Shrek (2001),(no genres listed),2001
6134,Shutter Island,(no genres listed),
6135,Shutter Island (2010),(no genres listed),2010
6136,Shutter (2004),(no genres listed),2004
6137,Sicario: Day of the Soldado (2018),(no genres listed),2018
6138,Sicario (2015),(no genres listed),2015
6139,Sick of Myself (2022),(no genres listed),2022
6140,Sidelined: The QB and Me (2024),(no genres listed),2024
6141,The Silence of the Lambs,(no genres listed),
6142,The Silence of the Lambs (1991),(no genres listed),1991
6143,Silent Hill (2006),(no genres listed),2006
6144,"Silent Night, Deadly Night (2025)",(no genres listed),2025
6145,A Silent Voice: The Movie (2016),(no genres listed),2016
6146,Silent Zone,(no genres listed),
6147,Silver Linings Playbook,(no genres listed),
6148,Silver Linings Playbook (2012),(no genres listed),2012
6149,Simón (2023),(no genres listed),2023
6150,The Simpsons Movie,(no genres listed),
6151,Sin City: A Dame to Kill For (2014),(no genres listed),2014
6152,Sin City,(no genres listed),
6153,Sin City (2005),(no genres listed),2005
6154,Sing 2 (2021),(no genres listed),2021
6155,Singin' in the Rain (1952),(no genres listed),1952
6156,Single Salma (2025),(no genres listed),2025
6157,Sinister (2012),(no genres listed),2012
6158,Sinners,(no genres listed),
6159,Sinners (2025),(no genres listed),2025
6160,Sirāt (2025),(no genres listed),2025
6161,Sister Midnight (2024),(no genres listed),2024
6162,Sitaare Zameen Par (2025),(no genres listed),2025
6163,Sitting Target (1972),(no genres listed),1972
6164,The Sixth Sense,(no genres listed),
6165,The Sixth Sense (1999),(no genres listed),1999
6166,Skyfall (2012),(no genres listed),2012
6167,SLC Punk (1998),(no genres listed),1998
6168,Sleepless in Seattle,(no genres listed),
6169,Sleepless in Seattle (1993),(no genres listed),1993
6170,Sleepover (2004),(no genres listed),2004
6171,Sleepy Hollow,(no genres listed),
6172,Slumdog Millionaire (2008),(no genres listed),2008
6173,The Smashing Machine (2025),(no genres listed),2025
6174,Smile 2 (2024),(no genres listed),2024
6175,Smile (2022),(no genres listed),2022
6176,Smurfs (2025),(no genres listed),2025
6177,Snack Shack (2024),(no genres listed),2024
6178,Snatch (2000),(no genres listed),2000
6179,Snow White (2025),(no genres listed),2025
6180,Snowbeast (1977),(no genres listed),1977
6181,Snowpiercer (2013),(no genres listed),2013
6182,so scared....,(no genres listed),
6183,The Social Dilemma (2020),(no genres listed),2020
6184,The Social Network,(no genres listed),
6185,The Social Network (2010),(no genres listed),2010
6186,Society of the Snow (2023),(no genres listed),2023
6187,Solace (2015),(no genres listed),2015
6188,Solaris (1972),(no genres listed),1972
6189,Solo: A Star Wars Story (2018),(no genres listed),2018
6190,Solo Leveling -ReAwakening- (2024),(no genres listed),2024
6191,Someday or One Day,(no genres listed),
6192,Someday or One Day (2019),(no genres listed),2019
6193,Someday or One Day (2022),(no genres listed),2022
6194,Someone Great (2019),(no genres listed),2019
6195,Someone Like You... (2001),(no genres listed),2001
6196,Something Very Bad Is Going to Happen,(no genres listed),
6197,Something Very Bad Is Going to Happen (2026),(no genres listed),2026
6198,Somewhere (2010),(no genres listed),2010
6199,Song of the Sea,(no genres listed),
6200,Song of the Sea (2014),(no genres listed),2014
6201,Sonic the Hedgehog 2,(no genres listed),
6202,Sonic the Hedgehog 2 (2022),(no genres listed),2022
6203,Sonic the Hedgehog 3 (2024),(no genres listed),2024
6204,Sonic the Hedgehog,(no genres listed),
6205,Sonic the Hedgehog (2020),(no genres listed),2020
6206,"Sorry, Baby (2025)",(no genres listed),2025
6207,Sosyal Climbers (2025),(no genres listed),2025
6208,Soul Kitchen (2009),(no genres listed),2009
6209,The Soul-Mate (2018),(no genres listed),2018
6210,Soul,(no genres listed),
6211,Soul (2020),(no genres listed),2020
6212,Souleymane's Story (2024),(no genres listed),2024
6213,Sound of Falling,(no genres listed),
6214,Sound of Falling (2025),(no genres listed),2025
6215,Sound of Metal (2019),(no genres listed),2019
6216,The Sound of Music,(no genres listed),
6217,The Sound of Music (1965),(no genres listed),1965
6218,Soundtrack #1 (2022),(no genres listed),2022
6219,South Park (Not Suitable for Children) (2023),(no genres listed),2023
6220,Spaceshit,(no genres listed),
6221,Speak No Evil,(no genres listed),
6222,Speak,(no genres listed),
6223,Speak (2004),(no genres listed),2004
6224,The Spectacular Now (2013),(no genres listed),2013
6225,Spider-Man 2 (2004),(no genres listed),2004
6226,Spider-Man 3 (2007),(no genres listed),2007
6227,Spider-Man: Across the Spider-Verse,(no genres listed),
6228,Spider-Man: Across the Spider-Verse (2023),(no genres listed),2023
6229,Spider-Man: Beyond the Spider-Verse,(no genres listed),
6230,Spider-Man: Beyond the Spider-Verse (2027),(no genres listed),2027
6231,Spider-Man: Brand New Day,(no genres listed),
6232,Spider-Man: Far From Home,(no genres listed),
6233,Spider-Man: Far From Home (2019),(no genres listed),2019
6234,Spider-Man: Homecoming (2017),(no genres listed),2017
6235,Spider-Man: Into the Spider-Verse,(no genres listed),
6236,Spider-Man: Into the Spider-Verse (2018),(no genres listed),2018
6237,Spider-Man: No Way Home (2021),(no genres listed),2021
6238,Spider-Man,(no genres listed),
6239,Spider-Man (2002),(no genres listed),2002
6240,Spiderhead (2022),(no genres listed),2022
6241,Spirit: Stallion of the Cimarron,(no genres listed),
6242,Spirit: Stallion of the Cimarron (2002),(no genres listed),2002
6243,Spirited Away,(no genres listed),
6244,Spirited Away (2001),(no genres listed),2001
6245,Spiritwalker (2020),(no genres listed),2020
6246,Splinter (2008),(no genres listed),2008
6247,Split,(no genres listed),
6248,Split (2016),(no genres listed),2016
6249,The SpongeBob SquarePants Movie,(no genres listed),
6250,The SpongeBob SquarePants Movie (2004),(no genres listed),2004
6251,Spree (2020),(no genres listed),2020
6252,Springsteen: Deliver Me from Nowhere (2025),(no genres listed),2025
6253,Spy (2015),(no genres listed),2015
6254,Squid Game (2021),(no genres listed),2021
6255,Stalingrad (1993),(no genres listed),1993
6256,Stand by Me (1986),(no genres listed),1986
6257,Star Trek - Ranked,(no genres listed),
6258,Star Wars: Episode I – The Phantom Menace (1999),(no genres listed),1999
6259,Star Wars: Episode II – Attack of the Clones (2002),(no genres listed),2002
6260,Star Wars: Episode III – Revenge of the Sith,(no genres listed),
6261,Star Wars: Episode III – Revenge of the Sith (2005),(no genres listed),2005
6262,Star Wars Feature Films,(no genres listed),
6263,Star Wars - Ranked,(no genres listed),
6264,Star Wars: The Force Awakens (2015),(no genres listed),2015
6265,Star Wars: The Last Jedi (2017),(no genres listed),2017
6266,Star Wars: The Mandalorian and Grogu,(no genres listed),
6267,Star Wars: The Mandalorian and Grogu (2026),(no genres listed),2026
6268,Star Wars: The Rise of Skywalker,(no genres listed),
6269,Star Wars: The Rise of Skywalker (2019),(no genres listed),2019
6270,Star Wars,(no genres listed),
6271,Star Wars (1977),(no genres listed),1977
6272,Stay,(no genres listed),
6273,Stay (2005),(no genres listed),2005
6274,Steal My Heart (2013),(no genres listed),2013
6275,Steel Rain 2: Summit (2020),(no genres listed),2020
6276,Step Up (2006),(no genres listed),2006
6277,Stolen Children (2025),(no genres listed),2025
6278,Stop Making Sense (1984),(no genres listed),1984
6279,Straight Outta Compton (2015),(no genres listed),2015
6280,The Straight Story (1999),(no genres listed),1999
6281,Strange Darling (2023),(no genres listed),2023
6282,Strange Harvest,(no genres listed),
6283,Stranger Things 5: The Finale,(no genres listed),
6284,Stranger Things 5: The Finale (2025),(no genres listed),2025
6285,The Stranger,(no genres listed),
6286,The Strangers: Chapter 2 (2025),(no genres listed),2025
6287,The Strangers (2008),(no genres listed),2008
6288,STRAW (2025),(no genres listed),2025
6289,Stromberg – The Movie (2014),(no genres listed),2014
6290,Stromberg - Wieder alles wie immer (2025),(no genres listed),2025
6291,Student Of The Year (2012),(no genres listed),2012
6292,Study Group (2025),(no genres listed),2025
6293,The Stunt Man (1980),(no genres listed),1980
6294,Subedaar (2026),(no genres listed),2026
6295,Submarine (2010),(no genres listed),2010
6296,The Substance,(no genres listed),
6297,The Substance (2024),(no genres listed),2024
6298,Suck Seed (2011),(no genres listed),2011
6299,Suicide Squad,(no genres listed),
6300,Suicide Squad (2016),(no genres listed),2016
6301,The Suicide Squad (2021),(no genres listed),2021
6302,Summer Ghost (2021),(no genres listed),2021
6303,Summer of 85 (2020),(no genres listed),2020
6304,Sunset Boulevard (1950),(no genres listed),1950
6305,Sunshine (2024),(no genres listed),2024
6306,The Super Mario Bros. Movie (2023),(no genres listed),2023
6307,The Super Mario Galaxy Movie,(no genres listed),
6308,The Super Mario Galaxy Movie (2026),(no genres listed),2026
6309,Superbad (2007),(no genres listed),2007
6310,Superboys of Malegaon (2024),(no genres listed),2024
6311,Superman - Ranked,(no genres listed),
6312,Superman,(no genres listed),
6313,Superman (2025),(no genres listed),2025
6314,Surf's Up (2007),(no genres listed),2007
6315,Survive,(no genres listed),
6316,Survive (2020),(no genres listed),2020
6317,Suzume,(no genres listed),
6318,Suzume (2022),(no genres listed),2022
6319,Swapped,(no genres listed),
6320,Swapped (2026),(no genres listed),2026
6321,Swimming Pool (2003),(no genres listed),2003
6322,Swing Girls (2004),(no genres listed),2004
6323,Swirling,(no genres listed),
6324,Swiss Army Man (2016),(no genres listed),2016
6325,Swiss Family Robinson (1960),(no genres listed),1960
6326,Swordfish (2001),(no genres listed),2001
6327,TÁR,(no genres listed),
6328,TÁR (2022),(no genres listed),2022
6329,Ta Ra Rum Pum (2007),(no genres listed),2007
6330,The Taking of Deborah Logan (2014),(no genres listed),2014
6331,The Talented Mr. Ripley (1999),(no genres listed),1999
6332,Talk to Me (2022),(no genres listed),2022
6333,Tangled,(no genres listed),
6334,Tangled (2010),(no genres listed),2010
6335,Tarot,(no genres listed),
6336,Tarot (2024),(no genres listed),2024
6337,Tarrantino-cinema speculation,(no genres listed),
6338,Tarzan,(no genres listed),
6339,Taxi Driver (1976),(no genres listed),1976
6340,A Taxi Driver (2017),(no genres listed),2017
6341,Taxi moto (2026),(no genres listed),2026
6342,Taylor Swift | The Eras Tour | The Final Show (2025),(no genres listed),2025
6343,Tazza: The Hidden Card (2014),(no genres listed),2014
6344,The Teacher's Diary (2014),(no genres listed),2014
6345,The Teachers' Lounge (2023),(no genres listed),2023
6346,The Tearsmith (2024),(no genres listed),2024
6347,Ted 2,(no genres listed),
6348,Ted 2 (2015),(no genres listed),2015
6349,Ted (2012),(no genres listed),2012
6350,Teen Beach Movie (2013),(no genres listed),2013
6351,Teen Titans Go! To the Movies,(no genres listed),
6352,Teenage Mutant Ninja Turtles: Out of the Shadows (2016),(no genres listed),2016
6353,Teenage Mutant Ninja Turtles (2014),(no genres listed),2014
6354,Tenet,(no genres listed),
6355,Tenet (2020),(no genres listed),2020
6356,Term Life (2016),(no genres listed),2016
6357,The Terminal (2004),(no genres listed),2004
6358,Terminator 2: Judgment Day,(no genres listed),
6359,Terminator 2: Judgment Day (1991),(no genres listed),1991
6360,Terminator 3: Rise of the Machines,(no genres listed),
6361,The Terminator,(no genres listed),
6362,The Terminator (1984),(no genres listed),1984
6363,Terrifier 2 (2022),(no genres listed),2022
6364,Terrifier 3 (2024),(no genres listed),2024
6365,Terrifier (2016),(no genres listed),2016
6366,The Testament of Ann Lee (2025),(no genres listed),2025
6367,Tetris,(no genres listed),
6368,Tetris (2023),(no genres listed),2023
6369,The Texas Chain Saw Massacre (1974),(no genres listed),1974
6370,Texas Chainsaw Massacre (2022),(no genres listed),2022
6371,Thanksgiving (2023),(no genres listed),2023
6372,Thappad (2020),(no genres listed),2020
6373,That Thing You Do! (1996),(no genres listed),1996
6374,Theater Camp (2023),(no genres listed),2023
6375,Thelma & Louise,(no genres listed),
6376,Thelma & Louise (1991),(no genres listed),1991
6377,The Theory of Everything (2014),(no genres listed),2014
6378,Therapy (2025),(no genres listed),2025
6379,There Will Be Blood (2007),(no genres listed),2007
6380,Thesis,(no genres listed),
6381,Thesis (1996),(no genres listed),1996
6382,They Came Together (2014),(no genres listed),2014
6383,They Cloned Tyrone,(no genres listed),
6384,They Cloned Tyrone (2023),(no genres listed),2023
6385,They Live,(no genres listed),
6386,They Will Kill You,(no genres listed),
6387,They Will Kill You (2026),(no genres listed),2026
6388,The Thing,(no genres listed),
6389,The Thing (1982),(no genres listed),1982
6390,Things Heard & Seen (2021),(no genres listed),2021
6391,Thirst (2009),(no genres listed),2009
6392,Thirteen,(no genres listed),
6393,Thor: Love and Thunder,(no genres listed),
6394,Thor: Love and Thunder (2022),(no genres listed),2022
6395,Thor: Ragnarok,(no genres listed),
6396,Thor: Ragnarok (2017),(no genres listed),2017
6397,Thor (2011),(no genres listed),2011
6398,Those Who Wish Me Dead (2021),(no genres listed),2021
6399,Thrash (2026),(no genres listed),2026
6400,"Three Billboards Outside Ebbing, Missouri (2017)",(no genres listed),2017
6401,Three Friends (2024),(no genres listed),2024
6402,The Three Musketeers (2011),(no genres listed),2011
6403,Three Steps Above Heaven (2010),(no genres listed),2010
6404,The Threesome (2025),(no genres listed),2025
6405,Through My Window 3: Looking at You (2024),(no genres listed),2024
6406,Through My Window: Across the Sea (2023),(no genres listed),2023
6407,Through My Window (2022),(no genres listed),2022
6408,Thudarum (2025),(no genres listed),2025
6409,Thunderbirds (2004),(no genres listed),2004
6410,Thunderbolts*,(no genres listed),
6411,Thunderbolts* (2025),(no genres listed),2025
6412,The Thursday Murder Club (2025),(no genres listed),2025
6413,"tick, tick... BOOM! (2021)",(no genres listed),2021
6414,Time Cut (2024),(no genres listed),2024
6415,Time Renegades,(no genres listed),
6416,Time Renegades (2016),(no genres listed),2016
6417,A Time to Kill (1996),(no genres listed),1996
6418,The Time Traveler's Wife (2009),(no genres listed),2009
6419,The Times of Harvey Milk (1984),(no genres listed),1984
6420,The Tin Mine (2005),(no genres listed),2005
6421,The Tingler (1959),(no genres listed),1959
6422,Tinker Bell and the Great Fairy Rescue (2010),(no genres listed),2010
6423,Tinker Tailor Soldier Spy,(no genres listed),
6424,Tinker Tailor Soldier Spy (2011),(no genres listed),2011
6425,The Titan's Bride (2020),(no genres listed),2020
6426,Titane (2021),(no genres listed),2021
6427,Titanic (1997),(no genres listed),1997
6428,To All the Boys: Always and Forever (2021),(no genres listed),2021
6429,To All the Boys I've Loved Before,(no genres listed),
6430,To All the Boys I've Loved Before (2018),(no genres listed),2018
6431,To All the Boys: P.S. I Still Love You (2020),(no genres listed),2020
6432,To Kill a Mockingbird (1962),(no genres listed),1962
6433,to raise my kids on,(no genres listed),
6434,To the Bone,(no genres listed),
6435,To the Bone (2017),(no genres listed),2017
6436,To watch,(no genres listed),
6437,Toaster,(no genres listed),
6438,Toaster (2026),(no genres listed),2026
6439,Together,(no genres listed),
6440,Together (2025),(no genres listed),2025
6441,Tokyo Gore Police (2008),(no genres listed),2008
6442,Tom Clancy's Jack Ryan: Ghost War,(no genres listed),
6443,Tom Clancy's Jack Ryan: Ghost War (2026),(no genres listed),2026
6444,Tooth Fairy (2010),(no genres listed),2010
6445,Top 10,(no genres listed),
6446,Top 15 Vampire Films,(no genres listed),
6447,Top 15 Zombie Films,(no genres listed),
6448,Top 20 Animated Films,(no genres listed),
6449,Top 20 Sports Films,(no genres listed),
6450,Top 2024 (2024),(no genres listed),2024
6451,Top 20,(no genres listed),
6452,Top 5 OAT,(no genres listed),
6453,Top Gun: Maverick (2022),(no genres listed),2022
6454,Top Gun (1986),(no genres listed),1986
6455,Top Ten Films of 2023 (2023),(no genres listed),2023
6456,Top Ten Films of 2025 (2025),(no genres listed),2025
6457,Totally Killer (2023),(no genres listed),2023
6458,Touch Me (2025),(no genres listed),2025
6459,The Tourist (2010),(no genres listed),2010
6460,Toy Story 2 (1999),(no genres listed),1999
6461,Toy Story 3 (2010),(no genres listed),2010
6462,Toy Story 4 (2019),(no genres listed),2019
6463,Toy Story,(no genres listed),
6464,Traffic (2000),(no genres listed),2000
6465,Trafic (1971),(no genres listed),1971
6466,Train Dreams,(no genres listed),
6467,Train Dreams (2025),(no genres listed),2025
6468,Train to Busan,(no genres listed),
6469,Train to Busan (2016),(no genres listed),2016
6470,Training Day (2001),(no genres listed),2001
6471,Trainspotting (1996),(no genres listed),1996
6472,Transformers One (2024),(no genres listed),2024
6473,Transformers: Rise of the Beasts (2023),(no genres listed),2023
6474,Transformers: The Last Knight (2017),(no genres listed),2017
6475,Transformers,(no genres listed),
6476,Transformers (2007),(no genres listed),2007
6477,Transporter 2 (2005),(no genres listed),2005
6478,Transporter 3 (2008),(no genres listed),2008
6479,The Transporter (2002),(no genres listed),2002
6480,Trap (2024),(no genres listed),2024
6481,The Trauma Code: Heroes on Call,(no genres listed),
6482,The Trauma Code: Heroes on Call (2025),(no genres listed),2025
6483,The Tree of Life (2011),(no genres listed),2011
6484,The Trial,(no genres listed),
6485,Triangle of Sadness,(no genres listed),
6486,Triangle of Sadness (2022),(no genres listed),2022
6487,Triangle (2009),(no genres listed),2009
6488,Trigger (2025),(no genres listed),2025
6489,The Triplets of Belleville (2003),(no genres listed),2003
6490,Trishna (2011),(no genres listed),2011
6491,Troll 2,(no genres listed),
6492,Troll 2 (1990),(no genres listed),1990
6493,Trolls (2016),(no genres listed),2016
6494,TRON: Ares (2025),(no genres listed),2025
6495,Tropic Thunder,(no genres listed),
6496,Tropic Thunder (2008),(no genres listed),2008
6497,Troy (2004),(no genres listed),2004
6498,True Beauty (2020),(no genres listed),2020
6499,True Romance (1993),(no genres listed),1993
6500,The Truman Show,(no genres listed),
6501,The Truman Show (1998),(no genres listed),1998
6502,Truth or Dare (2014),(no genres listed),2014
6503,Truth or Dare (2018),(no genres listed),2018
6504,Tu Yaa Main (2026),(no genres listed),2026
6505,Tunnel (2016),(no genres listed),2016
6506,Tusk (2014),(no genres listed),2014
6507,Twenty films - current,(no genres listed),
6508,Twenty One Pilots: More Than We Ever Imagined (2026),(no genres listed),2026
6509,The Twilight Saga: Breaking Dawn – Part 1 (2011),(no genres listed),2011
6510,The Twilight Saga: Breaking Dawn – Part 2 (2012),(no genres listed),2012
6511,The Twilight Saga: New Moon,(no genres listed),
6512,The Twilight Saga: New Moon (2009),(no genres listed),2009
6513,Twilight,(no genres listed),
6514,Twilight (2008),(no genres listed),2008
6515,Twin Peaks: Fire Walk with Me,(no genres listed),
6516,Twin Peaks: Fire Walk with Me (1992),(no genres listed),1992
6517,Twin Peaks (1989),(no genres listed),1989
6518,Twinless,(no genres listed),
6519,Twinless (2025),(no genres listed),2025
6520,Twisters (2024),(no genres listed),2024
6521,Twittering Birds Never Fly: The Clouds Gather (2020),(no genres listed),2020
6522,Two Night Stand (2014),(no genres listed),2014
6523,The Ugly Stepsister (2025),(no genres listed),2025
6524,The Ultimate Gift (2006),(no genres listed),2006
6525,Un/Happy for You (2024),(no genres listed),2024
6526,Uncharted (2022),(no genres listed),2022
6527,Uncle Boonmee Who Can Recall His Past Lives (2010),(no genres listed),2010
6528,Uncut Gems (2019),(no genres listed),2019
6529,Under the Silver Lake (2018),(no genres listed),2018
6530,undertone (2025),(no genres listed),2025
6531,Underworld - Ranked,(no genres listed),
6532,Unexpectedly Naughty Fukami (2025),(no genres listed),2025
6533,Uninvited (2024),(no genres listed),2024
6534,Universal Soldier (1992),(no genres listed),1992
6535,The Unkabogable Praybeyt Benjamin (2011),(no genres listed),2011
6536,Unknown Number: The High School Catfish (2025),(no genres listed),2025
6537,Unsubmissives (2025),(no genres listed),2025
6538,Until Dawn (2025),(no genres listed),2025
6539,Untold (2025),(no genres listed),2025
6540,Up in the Air (2009),(no genres listed),2009
6541,Up,(no genres listed),
6542,Up (2009),(no genres listed),2009
6543,Uptown Girls (2003),(no genres listed),2003
6544,Us and Them (2018),(no genres listed),2018
6545,Us,(no genres listed),
6546,Us (2019),(no genres listed),2019
6547,The Usual Suspects,(no genres listed),
6548,The Usual Suspects (1995),(no genres listed),1995
6549,V for Vendetta (2005),(no genres listed),2005
6550,V/H/S/Halloween (2025),(no genres listed),2025
6551,Vaazha II (2026),(no genres listed),2026
6552,Vamps,(no genres listed),
6553,Vamps (2012),(no genres listed),2012
6554,Vanilla Sky (2001),(no genres listed),2001
6555,Veere Di Wedding (2018),(no genres listed),2018
6556,Venom: The Last Dance (2024),(no genres listed),2024
6557,Venom (2018),(no genres listed),2018
6558,Vermiglio (2024),(no genres listed),2024
6559,Vertigo (1958),(no genres listed),1958
6560,Vice (2018),(no genres listed),2018
6561,Victory (2024),(no genres listed),2024
6562,Vigilante (2023),(no genres listed),2023
6563,Vincent Must Die (2023),(no genres listed),2023
6564,Viral (2016),(no genres listed),2016
6565,The Virgin Suicides,(no genres listed),
6566,The Virgin Suicides (1999),(no genres listed),1999
6567,The Visit (2015),(no genres listed),2015
6568,The Voice of Hind Rajab (2025),(no genres listed),2025
6569,Volver (2006),(no genres listed),2006
6570,Voyages en Italie (2023),(no genres listed),2023
6571,The Voyeurs (2021),(no genres listed),2021
6572,Wag the Dog (1997),(no genres listed),1997
6573,The Wailing (2016),(no genres listed),2016
6574,Wake Up Dead Man,(no genres listed),
6575,Wake Up Dead Man (2025),(no genres listed),2025
6576,Waking Life (2001),(no genres listed),2001
6577,A Walk to Remember (2002),(no genres listed),2002
6578,WALL·E (2008),(no genres listed),2008
6579,Waltz with Bashir (2008),(no genres listed),2008
6580,WandaVision (2021),(no genres listed),2021
6581,Want to watch,(no genres listed),
6582,War Dogs (2016),(no genres listed),2016
6583,War for the Planet of the Apes (2017),(no genres listed),2017
6584,War Horse (2011),(no genres listed),2011
6585,War Machine (2026),(no genres listed),2026
6586,Warcraft (2016),(no genres listed),2016
6587,Warfare (2025),(no genres listed),2025
6588,Warrior,(no genres listed),
6589,Wasteman (2025),(no genres listed),2025
6590,Watch,(no genres listed),
6591,watched in the cinema,(no genres listed),
6592,watched,(no genres listed),
6593,Watching the Detectives (2007),(no genres listed),2007
6594,Watchmen,(no genres listed),
6595,Watchmen (2009),(no genres listed),2009
6596,Water Lilies,(no genres listed),
6597,Water Lilies (2007),(no genres listed),2007
6598,Waves (2019),(no genres listed),2019
6599,The Way Way Back (2013),(no genres listed),2013
6600,We Bare Bears: The Movie (2020),(no genres listed),2020
6601,We Live in Time (2024),(no genres listed),2024
6602,We Need to Talk About Kevin (2011),(no genres listed),2011
6603,We the Animals (2018),(no genres listed),2018
6604,Weak Hero,(no genres listed),
6605,Weak Hero (2022),(no genres listed),2022
6606,Weapons,(no genres listed),
6607,Weapons (2025),(no genres listed),2025
6608,Weathering with You (2019),(no genres listed),2019
6609,Wedding Crashers (2005),(no genres listed),2005
6610,The Weeknd: Live at SoFi Stadium (2023),(no genres listed),2023
6611,Welcome to the Dollhouse (1995),(no genres listed),1995
6612,Wes Craven - Ranked,(no genres listed),
6613,West Side Story,(no genres listed),
6614,West Side Story (2021),(no genres listed),2021
6615,The Whale,(no genres listed),
6616,The Whale (2022),(no genres listed),2022
6617,What Happened to Monday (2017),(no genres listed),2017
6618,What Men Want (2019),(no genres listed),2019
6619,What's Eating Gilbert Grape (1993),(no genres listed),1993
6620,What's Left of You (2015),(no genres listed),2015
6621,What We Do in the Shadows,(no genres listed),
6622,What We Do in the Shadows (2014),(no genres listed),2014
6623,What Women Want (2000),(no genres listed),2000
6624,when autumn starts🍂🍁🥮,(no genres listed),
6625,When Fall Is Coming (2024),(no genres listed),2024
6626,When Harry Met Sally...,(no genres listed),
6627,When Harry Met Sally... (1989),(no genres listed),1989
6628,"Where'd You Go, Bernadette (2019)",(no genres listed),2019
6629,Where the Crawdads Sing,(no genres listed),
6630,Where the Crawdads Sing (2022),(no genres listed),2022
6631,Where the Wild Things Are,(no genres listed),
6632,While You Were Sleeping,(no genres listed),
6633,Whiplash,(no genres listed),
6634,Whiplash (2014),(no genres listed),2014
6635,White Bird (2023),(no genres listed),2023
6636,White Chicks,(no genres listed),
6637,White Chicks (2004),(no genres listed),2004
6638,Who's Afraid of Virginia Woolf? (1966),(no genres listed),1966
6639,Wholetrain (2006),(no genres listed),2006
6640,Wicked: For Good,(no genres listed),
6641,Wicked: For Good (2025),(no genres listed),2025
6642,Wicked,(no genres listed),
6643,Wicked (2024),(no genres listed),2024
6644,Wiener-Dog (2016),(no genres listed),2016
6645,Wild at Heart (1990),(no genres listed),1990
6646,Wild Diamond (2024),(no genres listed),2024
6647,The Wild Robot,(no genres listed),
6648,The Wild Robot (2024),(no genres listed),2024
6649,Wild Strawberries,(no genres listed),
6650,Wild Strawberries (1957),(no genres listed),1957
6651,Wild Things (1998),(no genres listed),1998
6652,The Wild Thornberrys Movie (2002),(no genres listed),2002
6653,Wilde (1997),(no genres listed),1997
6654,Wind River (2017),(no genres listed),2017
6655,WingMan (The Universal Irony of Love) (2021),(no genres listed),2021
6656,Winter Light (1963),(no genres listed),1963
6657,The Witch (2015),(no genres listed),2015
6658,With a Kind Regard (2026),(no genres listed),2026
6659,With Mace 💕,(no genres listed),
6660,Withnail & I,(no genres listed),
6661,Withnail & I (1987),(no genres listed),1987
6662,The Wizard of Oz (1939),(no genres listed),1939
6663,Wolf Man (2025),(no genres listed),2025
6664,The Wolf of Wall Street,(no genres listed),
6665,The Wolf of Wall Street (2013),(no genres listed),2013
6666,The Woman in Cabin 10,(no genres listed),
6667,The Woman in Cabin 10 (2025),(no genres listed),2025
6668,The Woman in the Yard (2025),(no genres listed),2025
6669,The Woman King (2022),(no genres listed),2022
6670,Woman of the Hour (2023),(no genres listed),2023
6671,Women on the Verge of a Nervous Breakdown (1988),(no genres listed),1988
6672,Women Talking (2022),(no genres listed),2022
6673,Wonder Woman (2017),(no genres listed),2017
6674,Wonder (2017),(no genres listed),2017
6675,The WONDERfools,(no genres listed),
6676,The WONDERfools (2026),(no genres listed),2026
6677,The Wonderful Story of Henry Sugar and Three More (2024),(no genres listed),2024
6678,Wonka (2023),(no genres listed),2023
6679,Words on Bathroom Walls (2020),(no genres listed),2020
6680,A Working Man (2025),(no genres listed),2025
6681,World War Z,(no genres listed),
6682,World War Z (2013),(no genres listed),2013
6683,The Worst Person in the World (2021),(no genres listed),2021
6684,Worth Watching,(no genres listed),
6685,The Worthless (1982),(no genres listed),1982
6686,Wreck-It Ralph (2012),(no genres listed),2012
6687,The Wrecking Crew (2026),(no genres listed),2026
6688,The Wrong Paris (2025),(no genres listed),2025
6689,The Wrong Trousers,(no genres listed),
6690,Wuthering Heights,(no genres listed),
6691,Wuthering Heights (2026),(no genres listed),2026
6692,www.RachelOrmont.com (2024),(no genres listed),2024
6693,X-Men: Days of Future Past (2014),(no genres listed),2014
6694,X-Men: First Class (2011),(no genres listed),2011
6695,X (2022),(no genres listed),2022
6696,Y Tu Mamá También,(no genres listed),
6697,Y Tu Mamá También (2001),(no genres listed),2001
6698,Y2K (2024),(no genres listed),2024
6699,Yi Yi,(no genres listed),
6700,Yi Yi (2000),(no genres listed),2000
6701,You Don't Mess with the Zohan (2008),(no genres listed),2008
6702,"You, Me & Tuscany (2026)",(no genres listed),2026
6703,You re not the same at the end of this film,(no genres listed),
6704,You've Got Mail,(no genres listed),
6705,You've Got Mail (1998),(no genres listed),1998
6706,Young Hearts (2024),(no genres listed),2024
6707,Your Name Engraved Herein,(no genres listed),
6708,Your Name Engraved Herein (2020),(no genres listed),2020
6709,Your Name.,(no genres listed),
6710,Your Name. (2016),(no genres listed),2016
6711,Yuragim (2026),(no genres listed),2026
6712,Yves Saint Laurent (2014),(no genres listed),2014
6713,Zero Dark Thirty (2012),(no genres listed),2012
6714,Zodiac,(no genres listed),
6715,Zodiac (2007),(no genres listed),2007
6716,The Zone of Interest (2023),(no genres listed),2023
6717,Zoolander (2001),(no genres listed),2001
6718,Zootopia 2,(no genres listed),
6719,Zootopia 2 (2025),(no genres listed),2025
6720,Zootopia (2016),(no genres listed),2016
