userId,movieId,rating,timestamp
1,5560,5.0,0
1,1882,5.0,1
1,3212,5.0,2
1,1309,5.0,3
1,4405,2.5,4
1,2863,2.5,5
1,1789,2.5,6
1,2871,2.5,7
1,2408,2.5,8
1,1273,2.5,9
1,3667,2.5,10
1,3224,2.5,11
1,2622,2.5,12
1,210,2.5,13
1,997,2.5,14
1,2994,2.5,15
1,3634,2.5,16
1,3239,2.5,17
1,1387,2.5,18
1,1733,2.5,19
1,2027,2.5,20
1,2344,2.5,21
1,3561,2.5,22
1,724,2.5,23
1,2830,2.5,24
1,3266,2.5,25
1,1028,2.5,26
1,2575,2.5,27
1,141,2.5,28
1,1161,2.5,29
1,1419,2.5,30
1,510,2.5,31
1,3232,2.5,32
1,566,2.5,33
1,1029,2.5,34
1,3593,2.5,35
1,3573,2.5,36
1,1175,2.5,37
1,2903,2.5,38
1,2648,2.5,39
1,33,2.5,40
1,1460,2.5,41
1,1741,2.5,42
1,777,2.5,43
1,856,2.5,44
1,2485,2.5,45
1,87,2.5,46
1,2509,2.5,47
1,130,2.5,48
1,2719,2.5,49
1,228,2.5,50
1,444,2.5,51
1,3449,2.5,52
1,3172,2.5,53
1,1002,2.5,54
1,3651,2.5,55
1,2526,2.5,56
1,66,2.5,57
1,550,2.5,58
1,2060,2.5,59
1,1828,2.5,60
1,1253,2.5,61
1,1974,2.5,62
1,1461,2.5,63
1,1214,2.5,64
1,3633,2.5,65
1,2501,2.5,66
1,2366,2.5,67
1,3169,2.5,68
1,1217,2.5,69
1,3044,2.5,70
1,2547,2.5,71
1,1435,2.5,72
1,2378,2.5,73
1,2426,2.5,74
1,350,2.5,75
1,2857,2.5,76
1,5294,4.0,77
1,6222,4.0,78
1,5601,4.0,79
1,6338,4.0,80
2,5460,2.5,81
2,1789,3.0,82
2,2871,4.0,83
2,1733,5.0,84
2,2027,4.0,85
2,1996,4.0,86
2,3561,3.5,87
2,1028,3.0,88
2,510,3.0,89
2,3593,4.0,90
2,2648,4.0,91
2,2485,4.0,92
2,1790,4.0,93
2,1974,3.0,94
2,3633,3.0,95
2,728,4.0,96
2,1362,3.0,97
2,226,4.0,98
2,3285,2.0,99
2,574,2.0,100
2,845,4.0,101
2,2191,2.0,102
2,2368,1.0,103
2,2047,4.0,104
2,319,5.0,105
2,2099,3.0,106
2,277,4.0,107
2,1090,4.0,108
2,3106,3.0,109
2,2104,3.5,110
2,145,5.0,111
2,913,5.0,112
2,2756,4.0,113
2,2561,2.0,114
2,844,3.0,115
2,2530,5.0,116
2,1600,4.0,117
2,1431,3.0,118
2,1508,3.5,119
2,1434,5.0,120
2,1795,4.0,121
2,2024,3.0,122
2,2088,3.5,123
2,279,3.5,124
2,2560,4.0,125
2,280,3.0,126
2,418,3.0,127
2,1216,5.0,128
2,636,5.0,129
2,428,4.0,130
2,1391,2.0,131
2,1535,1.0,132
2,284,3.5,133
2,1065,2.5,134
2,531,1.0,135
2,251,3.0,136
2,1530,3.5,137
2,1363,3.0,138
2,1369,4.0,139
2,1103,4.5,140
2,1146,5.0,141
2,2948,4.0,142
2,3622,5.0,143
2,2419,4.0,144
2,3370,5.0,145
2,1210,3.0,146
2,2213,4.0,147
2,790,5.0,148
2,3174,5.0,149
2,2997,4.0,150
2,1848,5.0,151
2,3269,4.0,152
2,421,4.5,153
3,6386,5.0,154
3,3391,5.0,155
3,2597,5.0,156
3,6266,2.5,157
3,1789,2.0,158
3,2622,2.0,159
3,997,4.0,160
3,3711,4.0,161
3,3561,5.0,162
3,2830,4.0,163
3,1028,5.0,164
3,3593,5.0,165
3,3121,4.5,166
3,2903,5.0,167
3,1517,5.0,168
3,2648,5.0,169
3,3409,5.0,170
3,2485,5.0,171
3,1790,5.0,172
3,535,3.0,173
3,1828,4.0,174
3,1974,5.0,175
3,1435,2.0,176
3,350,4.0,177
3,163,5.0,178
3,728,5.0,179
3,1612,4.0,180
3,1745,4.0,181
3,1362,4.0,182
3,3285,5.0,183
3,1053,4.0,184
3,1336,5.0,185
3,2898,5.0,186
3,1836,5.0,187
3,1656,5.0,188
3,1313,5.0,189
3,3019,5.0,190
3,1095,5.0,191
3,996,4.0,192
3,2368,4.0,193
3,2047,4.0,194
3,319,5.0,195
3,1954,4.0,196
3,2554,4.0,197
3,1492,3.0,198
3,1148,5.0,199
3,3289,4.0,200
3,917,5.0,201
3,469,5.0,202
3,846,5.0,203
3,1545,5.0,204
3,2409,4.0,205
3,231,4.0,206
3,1683,5.0,207
3,2228,5.0,208
3,2676,5.0,209
3,419,5.0,210
3,1149,4.0,211
3,2502,5.0,212
3,1090,4.0,213
3,3106,5.0,214
3,3360,1.0,215
3,2104,5.0,216
3,318,4.0,217
3,512,5.0,218
3,1969,5.0,219
3,3397,3.0,220
3,872,3.0,221
3,796,5.0,222
3,3135,5.0,223
3,3669,4.0,224
3,913,5.0,225
3,3478,4.0,226
3,2405,5.0,227
4,4064,5.0,228
4,427,5.0,229
4,64,5.0,230
4,482,5.0,231
4,3791,2.5,232
4,3792,2.5,233
4,5359,2.5,234
4,6098,2.5,235
4,6496,2.5,236
4,4768,2.5,237
4,5024,2.5,238
4,6293,2.5,239
4,6155,2.5,240
4,5877,2.5,241
4,6607,2.5,242
4,5403,2.5,243
4,5820,2.5,244
4,5783,2.5,245
4,4367,2.5,246
4,3768,2.5,247
4,6559,2.5,248
4,4499,2.5,249
4,5072,2.5,250
4,5080,2.5,251
4,5477,2.5,252
4,6432,2.5,253
4,4526,2.5,254
4,3910,2.5,255
4,4288,2.5,256
4,4307,2.5,257
4,4491,1.0,258
4,5948,2.5,259
4,5418,2.5,260
4,6118,2.5,261
4,5700,2.5,262
4,4714,2.5,263
4,5026,2.5,264
4,6702,2.5,265
4,4406,2.5,266
4,5947,2.5,267
4,2283,2.5,268
4,2863,2.5,269
4,3258,2.5,270
4,3684,2.5,271
4,1798,2.5,272
4,2215,2.5,273
4,2110,2.5,274
4,275,2.5,275
4,3711,2.5,276
4,3239,2.5,277
4,1733,2.5,278
4,1110,2.5,279
4,3063,2.5,280
4,2027,2.5,281
4,3561,2.5,282
4,1028,2.5,283
4,1161,2.5,284
4,1419,2.5,285
4,510,2.5,286
4,3593,2.5,287
4,1517,2.5,288
4,931,2.5,289
4,1741,2.5,290
4,3176,2.5,291
4,1825,2.5,292
4,2485,2.5,293
4,1790,2.5,294
4,535,2.5,295
4,3633,2.5,296
4,3364,2.5,297
4,350,2.5,298
4,728,2.5,299
4,2854,2.5,300
4,1362,2.5,301
4,1005,2.5,302
4,226,2.5,303
4,1053,2.5,304
4,616,2.5,305
4,2898,2.5,306
4,845,2.5,307
4,234,2.5,308
4,3661,2.5,309
4,1095,2.5,310
4,3377,2.5,311
4,2191,2.5,312
4,2047,2.5,313
4,319,2.5,314
4,1819,2.5,315
4,1954,2.5,316
4,2554,2.5,317
4,865,2.5,318
4,259,2.5,319
4,1354,2.5,320
4,1148,2.5,321
4,3289,2.5,322
4,1430,2.5,323
4,288,2.5,324
4,277,2.5,325
4,2656,2.5,326
4,1090,2.5,327
4,3106,2.5,328
4,512,2.5,329
4,1969,2.5,330
4,3397,2.5,331
4,3438,2.5,332
4,913,2.5,333
4,2722,2.5,334
4,3099,2.5,335
4,807,2.5,336
4,901,2.5,337
4,844,2.5,338
4,1033,2.5,339
4,5027,4.0,340
4,6358,4.0,341
4,5876,4.0,342
4,4405,3.0,343
5,5460,5.0,344
5,1789,5.0,345
5,1952,5.0,346
5,652,5.0,347
5,1733,5.0,348
5,2027,3.0,349
5,3561,4.0,350
5,1028,4.0,351
5,510,3.5,352
5,3593,4.0,353
5,2485,5.0,354
5,1974,3.0,355
5,3633,3.5,356
5,1362,4.0,357
5,226,4.0,358
5,3285,4.0,359
5,574,4.0,360
5,845,3.0,361
5,2191,4.0,362
5,2368,4.0,363
5,2047,5.0,364
5,319,5.0,365
5,2099,3.5,366
5,277,4.0,367
5,1090,2.5,368
5,3106,3.5,369
5,913,3.0,370
5,2756,4.0,371
5,844,3.0,372
5,1600,5.0,373
5,1508,3.0,374
5,1434,5.0,375
5,1795,4.0,376
5,2024,5.0,377
5,2088,5.0,378
5,636,3.5,379
5,1391,4.0,380
5,1535,5.0,381
5,284,3.5,382
5,1065,4.0,383
5,531,5.0,384
5,1530,4.0,385
5,1363,4.5,386
5,1369,3.0,387
5,1103,5.0,388
5,2948,3.0,389
5,3622,4.0,390
5,3370,4.0,391
5,1210,4.0,392
5,790,4.5,393
5,3174,4.0,394
5,2997,4.0,395
5,3269,3.5,396
5,421,5.0,397
5,1348,4.0,398
5,2465,5.0,399
5,273,4.5,400
5,1357,5.0,401
5,3522,4.0,402
5,666,4.0,403
5,47,4.0,404
5,2849,5.0,405
5,2253,5.0,406
5,2862,5.0,407
5,2208,4.5,408
5,1190,3.5,409
5,3136,4.0,410
5,1755,4.0,411
5,899,4.0,412
5,1489,4.0,413
5,564,4.0,414
5,3065,5.0,415
5,1189,3.5,416
6,4008,2.5,417
6,2766,5.0,418
6,381,3.5,419
6,1979,5.0,420
6,2027,3.0,421
6,958,2.0,422
6,1957,3.0,423
6,1161,3.0,424
6,2424,4.5,425
6,1398,3.0,426
6,2487,5.0,427
6,1461,3.5,428
6,2807,3.5,429
6,3250,5.0,430
6,2834,4.0,431
6,226,4.0,432
6,2736,3.5,433
6,3285,3.5,434
6,876,4.5,435
6,1769,3.0,436
6,574,4.0,437
6,845,3.5,438
6,2212,3.5,439
6,2191,4.0,440
6,2799,3.5,441
6,2047,2.5,442
6,319,3.5,443
6,2115,3.5,444
6,211,4.5,445
6,3382,4.5,446
6,288,3.0,447
6,1090,3.0,448
6,2754,3.5,449
6,2680,3.5,450
6,512,3.5,451
6,2071,5.0,452
6,744,4.0,453
6,145,5.0,454
6,913,3.5,455
6,2756,4.5,456
6,807,3.5,457
6,1946,3.0,458
6,1961,4.0,459
6,844,4.0,460
6,3342,5.0,461
6,3419,4.0,462
6,836,4.5,463
6,3379,4.0,464
6,2699,2.0,465
6,1508,3.0,466
6,1434,3.5,467
6,2024,4.0,468
6,2088,4.0,469
6,2195,5.0,470
6,1132,2.5,471
6,1034,4.5,472
6,2340,5.0,473
6,424,3.5,474
6,623,4.0,475
6,643,5.0,476
6,2126,4.5,477
6,251,3.5,478
6,1530,4.5,479
6,2548,3.0,480
6,2466,4.0,481
6,1369,4.0,482
6,1103,4.0,483
6,3007,3.5,484
6,378,4.0,485
6,1833,5.0,486
6,2948,4.5,487
6,3622,4.0,488
6,1991,4.0,489
7,4672,5.0,490
7,1019,5.0,491
7,2567,5.0,492
7,200,5.0,493
7,5876,2.5,494
7,2215,3.0,495
7,2027,4.0,496
7,1028,4.0,497
7,226,2.0,498
7,3285,4.0,499
7,845,4.0,500
7,2191,4.0,501
7,2047,4.0,502
7,3106,3.0,503
7,913,4.0,504
7,844,5.0,505
7,1434,4.0,506
7,2024,4.0,507
7,2088,4.0,508
7,279,4.0,509
7,280,4.0,510
7,531,4.0,511
7,1530,4.0,512
7,1369,5.0,513
7,1103,4.0,514
7,2948,5.0,515
7,3622,4.0,516
7,3370,5.0,517
7,790,4.0,518
7,2997,4.0,519
7,421,4.0,520
7,1348,5.0,521
7,2465,5.0,522
7,1357,4.0,523
7,47,3.0,524
7,2849,5.0,525
7,1597,5.0,526
7,899,4.0,527
7,3065,5.0,528
7,803,4.0,529
7,975,5.0,530
7,3097,4.0,531
7,3327,5.0,532
7,1115,4.0,533
7,2410,5.0,534
7,3257,5.0,535
7,2224,5.0,536
7,3261,5.0,537
7,725,4.0,538
7,3259,5.0,539
7,2687,5.0,540
7,2938,5.0,541
8,4166,5.0,542
8,536,5.0,543
8,3503,5.0,544
8,986,5.0,545
8,4859,5.0,546
8,6052,5.0,547
8,5637,4.5,548
8,5402,2.5,549
8,1733,2.5,550
8,2027,2.5,551
8,1028,2.5,552
8,1161,2.5,553
8,510,2.5,554
8,3593,2.5,555
8,2903,2.5,556
8,2648,2.5,557
8,931,2.5,558
8,3409,2.5,559
8,2485,2.5,560
8,3633,2.5,561
8,652,2.5,562
8,728,2.5,563
8,226,2.5,564
8,3285,2.5,565
8,574,2.5,566
8,845,2.5,567
8,3002,2.5,568
8,2191,2.5,569
8,2985,2.5,570
8,2368,2.5,571
8,2047,2.5,572
8,319,2.5,573
8,2554,2.5,574
8,211,2.5,575
8,1148,2.5,576
8,2099,2.5,577
8,277,2.5,578
8,1090,2.5,579
8,3106,2.5,580
8,512,2.5,581
8,1969,2.5,582
8,796,2.5,583
8,913,2.5,584
8,807,2.5,585
8,844,2.5,586
8,1600,2.5,587
8,1431,2.5,588
8,1508,2.5,589
8,1434,2.5,590
8,1795,2.5,591
8,2024,2.5,592
8,2088,2.5,593
8,279,2.5,594
8,3528,2.5,595
8,2560,2.5,596
8,280,2.5,597
8,418,2.5,598
8,1216,2.5,599
8,3398,2.5,600
8,1391,2.5,601
8,1535,2.5,602
8,284,2.5,603
8,1065,2.5,604
8,1530,2.5,605
8,726,2.5,606
8,1363,2.5,607
8,1146,2.5,608
8,2948,2.5,609
8,3622,2.5,610
8,3370,2.5,611
8,2998,2.5,612
8,1210,2.5,613
8,2213,2.5,614
8,2744,2.5,615
8,2997,2.5,616
8,4858,3.5,617
9,4460,2.5,618
9,2871,5.0,619
9,2215,3.5,620
9,2423,2.5,621
9,2027,3.0,622
9,1996,5.0,623
9,510,3.5,624
9,3593,5.0,625
9,2903,2.0,626
9,2485,3.0,627
9,1790,5.0,628
9,1974,2.0,629
9,3633,2.0,630
9,728,5.0,631
9,1362,3.0,632
9,226,4.0,633
9,3285,4.0,634
9,2191,4.5,635
9,2368,3.0,636
9,2047,2.5,637
9,319,3.5,638
9,2554,5.0,639
9,2099,2.5,640
9,277,3.0,641
9,3106,1.5,642
9,2104,3.5,643
9,913,5.0,644
9,2756,3.0,645
9,2561,3.0,646
9,844,3.0,647
9,1431,5.0,648
9,1508,5.0,649
9,1434,4.0,650
9,1795,5.0,651
9,2024,2.0,652
9,2088,5.0,653
9,279,4.0,654
9,2560,5.0,655
9,280,4.0,656
9,1216,4.5,657
9,636,3.0,658
9,1391,2.0,659
9,1535,3.5,660
9,284,4.0,661
9,1065,3.0,662
9,1851,3.0,663
9,1530,4.5,664
9,1363,4.0,665
9,1369,3.5,666
9,1103,5.0,667
9,2608,4.0,668
9,1146,4.0,669
9,2948,3.5,670
9,3622,4.0,671
9,3370,5.0,672
9,1210,4.5,673
9,790,4.0,674
9,3174,2.5,675
9,2997,4.0,676
9,490,2.5,677
9,421,3.5,678
9,2402,3.0,679
9,1348,4.0,680
9,2465,5.0,681
9,273,3.0,682
9,1874,5.0,683
9,1357,3.5,684
9,3522,2.0,685
9,666,5.0,686
9,47,5.0,687
9,2849,5.0,688
9,3565,3.5,689
9,2253,3.5,690
10,5876,2.5,691
10,2215,5.0,692
10,2027,4.0,693
10,3561,4.0,694
10,1161,4.0,695
10,3593,5.0,696
10,1741,3.0,697
10,2485,4.0,698
10,1974,4.0,699
10,3364,5.0,700
10,652,4.0,701
10,1612,4.0,702
10,1362,2.0,703
10,226,4.0,704
10,3285,4.0,705
10,574,3.0,706
10,845,4.0,707
10,2985,5.0,708
10,2368,3.0,709
10,2047,4.0,710
10,319,4.0,711
10,211,5.0,712
10,2099,5.0,713
10,1090,4.0,714
10,2561,3.0,715
10,807,3.0,716
10,844,3.0,717
10,2530,5.0,718
10,2699,4.0,719
10,1600,3.0,720
10,17,4.0,721
10,1431,4.0,722
10,1508,4.0,723
10,1434,3.0,724
10,3503,4.0,725
10,2024,3.0,726
10,2088,5.0,727
10,279,3.0,728
10,2560,3.0,729
10,339,4.0,730
10,280,3.0,731
10,1216,4.0,732
10,428,5.0,733
10,1535,4.0,734
10,847,4.0,735
10,284,4.0,736
10,1065,5.0,737
10,531,3.0,738
10,1851,4.0,739
10,251,4.0,740
10,1530,3.0,741
10,726,2.0,742
10,1363,4.0,743
10,1686,4.0,744
10,1369,5.0,745
10,1103,3.0,746
10,1427,3.0,747
10,1945,4.0,748
10,2948,4.0,749
10,3622,4.0,750
10,3370,4.0,751
10,1210,4.0,752
10,2213,5.0,753
10,125,5.0,754
10,790,3.0,755
10,2850,5.0,756
10,834,4.0,757
10,3269,4.0,758
10,421,3.0,759
10,1348,4.0,760
10,2465,3.0,761
10,273,3.0,762
10,949,4.0,763
11,5071,5.0,764
11,1369,5.0,765
11,5876,2.5,766
11,2215,4.5,767
11,1733,3.0,768
11,2027,3.5,769
11,1161,4.5,770
11,2485,4.0,771
11,1088,4.0,772
11,728,2.0,773
11,3285,1.5,774
11,574,3.0,775
11,845,4.0,776
11,2368,2.5,777
11,2047,3.0,778
11,277,3.0,779
11,385,4.5,780
11,913,2.5,781
11,2756,4.0,782
11,2561,4.0,783
11,844,4.5,784
11,1972,5.0,785
11,1431,3.5,786
11,1508,3.0,787
11,2088,3.0,788
11,418,4.0,789
11,636,4.5,790
11,284,4.0,791
11,1065,3.0,792
11,1712,4.5,793
11,2466,4.0,794
11,1945,4.0,795
11,29,4.5,796
11,858,3.0,797
11,3622,4.5,798
11,3370,4.0,799
11,790,4.5,800
11,3269,3.5,801
11,3148,4.0,802
11,1348,4.0,803
11,2465,4.0,804
11,273,4.0,805
11,949,5.0,806
11,1357,4.0,807
11,2849,4.5,808
11,2653,5.0,809
11,1952,3.5,810
11,3136,4.5,811
11,2551,4.5,812
11,1777,4.0,813
11,200,4.5,814
11,975,4.5,815
11,3097,4.0,816
11,3327,4.0,817
11,1115,3.5,818
11,3257,3.5,819
11,2224,3.5,820
11,2395,4.0,821
11,725,3.0,822
11,971,2.5,823
11,2687,4.5,824
11,2938,4.5,825
12,6307,2.5,826
12,3290,3.0,827
12,1249,3.0,828
12,3711,3.5,829
12,2202,3.0,830
12,2027,2.5,831
12,3593,3.0,832
12,2749,3.5,833
12,1195,4.0,834
12,867,2.5,835
12,2203,4.0,836
12,3191,3.5,837
12,2485,2.0,838
12,535,2.0,839
12,2526,3.5,840
12,3633,2.5,841
12,3169,3.5,842
12,365,2.0,843
12,652,4.5,844
12,163,3.5,845
12,728,3.5,846
12,1362,2.5,847
12,574,2.0,848
12,1523,3.0,849
12,845,3.0,850
12,1095,4.5,851
12,2837,3.0,852
12,3026,4.0,853
12,2696,3.5,854
12,440,2.5,855
12,2047,3.5,856
12,319,3.5,857
12,1819,2.5,858
12,1948,4.0,859
12,2554,3.0,860
12,865,2.5,861
12,259,3.0,862
12,1354,3.0,863
12,1148,4.0,864
12,3289,3.0,865
12,2286,3.5,866
12,1100,4.0,867
12,2228,4.0,868
12,1149,5.0,869
12,382,2.0,870
12,174,4.0,871
12,1090,3.0,872
12,3106,3.0,873
12,3599,4.0,874
12,2207,4.0,875
12,512,4.5,876
12,1969,3.0,877
12,2949,2.5,878
12,3084,2.0,879
12,3397,2.5,880
12,1584,2.5,881
12,3438,2.5,882
12,796,2.5,883
12,2525,4.0,884
12,2351,4.0,885
12,2750,3.5,886
12,913,3.5,887
12,2756,3.5,888
12,3478,3.0,889
12,3099,1.0,890
12,2561,3.0,891
12,1264,2.5,892
12,2273,2.0,893
12,879,3.5,894
12,1961,2.5,895
12,844,3.0,896
12,1072,2.5,897
12,2438,3.0,898
13,6168,5.0,899
13,6169,5.0,900
13,3909,2.5,901
13,275,3.0,902
13,3561,4.0,903
13,3588,4.0,904
13,845,3.0,905
13,3661,3.0,906
13,2047,3.0,907
13,319,4.0,908
13,2554,5.0,909
13,277,4.0,910
13,1090,3.0,911
13,913,4.0,912
13,2756,4.0,913
13,2561,3.0,914
13,807,3.0,915
13,844,3.0,916
13,2530,5.0,917
13,2699,5.0,918
13,1600,5.0,919
13,17,4.0,920
13,1431,5.0,921
13,1508,4.0,922
13,1434,4.0,923
13,3503,2.0,924
13,2558,3.0,925
13,2024,3.0,926
13,2088,5.0,927
13,279,4.0,928
13,2560,5.0,929
13,452,4.0,930
13,1132,5.0,931
13,280,4.0,932
13,418,4.0,933
13,1391,4.0,934
13,1535,3.0,935
13,847,4.0,936
13,2559,4.0,937
13,1147,4.0,938
13,284,3.0,939
13,795,4.0,940
13,251,5.0,941
13,1530,5.0,942
13,536,4.0,943
13,726,4.0,944
13,2595,4.0,945
13,1363,5.0,946
13,278,3.0,947
13,2999,4.0,948
13,1369,5.0,949
13,1146,4.0,950
13,538,4.0,951
13,2948,5.0,952
13,3622,4.0,953
13,3370,3.0,954
13,2998,5.0,955
13,1210,4.0,956
13,125,3.0,957
13,1984,4.0,958
13,790,3.0,959
13,2144,5.0,960
13,3174,4.0,961
13,2850,5.0,962
13,2730,4.0,963
13,2744,5.0,964
13,2997,4.0,965
13,537,3.0,966
13,684,5.0,967
13,1185,3.0,968
13,1184,3.0,969
13,3269,5.0,970
13,421,4.0,971
13,1348,5.0,972
13,1276,4.0,973
14,4405,2.5,974
14,2863,2.5,975
14,2346,2.5,976
14,2423,2.5,977
14,34,2.5,978
14,2110,2.5,979
14,3063,2.5,980
14,903,2.5,981
14,3561,2.5,982
14,1161,2.5,983
14,3593,2.5,984
14,2485,2.5,985
14,1790,2.5,986
14,3490,2.5,987
14,650,2.5,988
14,526,2.5,989
14,3285,2.5,990
14,574,2.5,991
14,1313,2.5,992
14,319,2.5,993
14,2422,2.5,994
14,3106,2.5,995
14,1976,2.5,996
14,3438,2.5,997
14,913,2.5,998
14,177,2.5,999
14,1627,2.5,1000
14,1600,2.5,1001
14,2534,2.5,1002
14,2259,2.5,1003
14,1795,2.5,1004
14,2024,2.5,1005
14,2560,2.5,1006
14,339,2.5,1007
14,1216,2.5,1008
14,1748,2.5,1009
14,1535,2.5,1010
14,1065,2.5,1011
14,531,2.5,1012
14,1530,2.5,1013
14,2663,2.5,1014
14,1749,2.5,1015
14,1369,2.5,1016
14,1103,2.5,1017
14,3102,2.5,1018
14,2948,2.5,1019
14,3622,2.5,1020
14,2998,2.5,1021
14,2213,2.5,1022
14,3174,2.5,1023
14,2997,2.5,1024
14,684,2.5,1025
14,421,2.5,1026
14,2465,2.5,1027
14,949,2.5,1028
14,1422,2.5,1029
14,47,2.5,1030
14,3484,2.5,1031
14,2849,2.5,1032
14,1709,2.5,1033
14,30,2.5,1034
14,2253,2.5,1035
14,2862,2.5,1036
14,1597,2.5,1037
14,2592,2.5,1038
14,3136,2.5,1039
14,1755,2.5,1040
14,12,2.5,1041
14,899,2.5,1042
14,1620,2.5,1043
14,1272,2.5,1044
14,564,2.5,1045
14,2591,2.5,1046
15,5402,2.5,1047
15,1733,2.5,1048
15,3593,2.5,1049
15,1974,2.5,1050
15,3285,2.5,1051
15,845,2.5,1052
15,2191,2.5,1053
15,2368,2.5,1054
15,319,2.5,1055
15,2554,2.5,1056
15,913,2.5,1057
15,2561,2.5,1058
15,844,2.5,1059
15,1600,2.5,1060
15,1508,2.5,1061
15,1434,2.5,1062
15,1795,2.5,1063
15,2088,2.5,1064
15,2560,2.5,1065
15,1535,2.5,1066
15,1065,2.5,1067
15,531,2.5,1068
15,1530,2.5,1069
15,1369,2.5,1070
15,2948,2.5,1071
15,3622,2.5,1072
15,3174,2.5,1073
15,949,2.5,1074
15,1357,2.5,1075
15,47,2.5,1076
15,2253,2.5,1077
15,2862,2.5,1078
15,899,2.5,1079
15,1489,2.5,1080
15,2567,2.5,1081
15,3327,2.5,1082
15,1115,2.5,1083
15,1019,2.5,1084
15,2224,2.5,1085
15,3261,2.5,1086
15,725,2.5,1087
15,3259,2.5,1088
16,5921,5.0,1089
16,2253,5.0,1090
16,2191,5.0,1091
16,2938,5.0,1092
16,5654,2.5,1093
16,1974,1.0,1094
16,3285,5.0,1095
16,845,2.5,1096
16,2047,5.0,1097
16,2554,2.5,1098
16,913,5.0,1099
16,844,2.5,1100
16,1434,2.5,1101
16,2088,5.0,1102
16,2560,2.5,1103
16,1535,2.5,1104
16,531,2.5,1105
16,1530,5.0,1106
16,1369,5.0,1107
16,1103,2.5,1108
16,2948,5.0,1109
16,3370,2.5,1110
16,421,5.0,1111
16,1348,5.0,1112
16,2465,5.0,1113
16,2862,5.0,1114
16,899,2.5,1115
16,1489,2.5,1116
16,2567,5.0,1117
16,975,5.0,1118
16,1115,5.0,1119
16,1019,5.0,1120
16,3261,2.5,1121
16,3259,2.5,1122
17,4405,2.5,1123
17,2863,3.0,1124
17,2215,4.5,1125
17,3561,4.0,1126
17,2648,3.5,1127
17,3633,4.5,1128
17,3364,3.5,1129
17,652,3.5,1130
17,845,4.5,1131
17,2985,4.0,1132
17,2047,3.5,1133
17,2554,4.0,1134
17,913,5.0,1135
17,2756,3.5,1136
17,844,4.5,1137
17,2530,3.0,1138
17,1600,5.0,1139
17,1504,3.0,1140
17,1431,4.5,1141
17,1508,4.0,1142
17,1795,4.0,1143
17,2088,5.0,1144
17,279,3.5,1145
17,2560,5.0,1146
17,280,4.0,1147
17,2956,4.5,1148
17,636,3.5,1149
17,1535,4.0,1150
17,2920,4.0,1151
17,1065,4.0,1152
17,1220,4.0,1153
17,251,4.5,1154
17,1530,4.5,1155
17,3691,3.0,1156
17,1712,4.5,1157
17,1457,3.5,1158
17,1369,5.0,1159
17,3102,3.5,1160
17,2523,3.5,1161
17,2948,4.0,1162
17,2998,4.0,1163
17,1210,4.0,1164
17,2828,3.0,1165
17,2144,4.5,1166
17,3174,4.0,1167
17,2730,3.5,1168
17,1853,4.0,1169
17,2997,4.0,1170
17,2679,4.5,1171
17,3269,4.0,1172
17,421,4.0,1173
17,1003,4.0,1174
17,1348,5.0,1175
17,1276,4.0,1176
17,160,3.5,1177
17,2465,4.0,1178
17,273,3.5,1179
17,666,3.5,1180
17,3484,3.0,1181
17,2849,4.5,1182
17,3565,3.5,1183
17,1452,4.0,1184
17,2253,3.5,1185
17,3192,4.5,1186
17,2862,4.0,1187
17,551,3.5,1188
17,1186,3.5,1189
17,2208,4.5,1190
17,2592,4.0,1191
17,1280,3.0,1192
17,1190,4.0,1193
17,3136,4.0,1194
17,1755,4.5,1195
18,4211,5.0,1196
18,593,5.0,1197
18,2563,5.0,1198
18,2835,5.0,1199
18,5876,2.5,1200
18,2215,2.5,1201
18,2622,2.5,1202
18,3711,2.5,1203
18,3371,2.5,1204
18,420,2.5,1205
18,1225,4.5,1206
18,1996,5.0,1207
18,3561,4.0,1208
18,1028,3.0,1209
18,3593,3.5,1210
18,1517,2.5,1211
18,1460,2.5,1212
18,2485,3.5,1213
18,87,2.5,1214
18,1974,2.5,1215
18,1612,2.5,1216
18,99,4.0,1217
18,1362,2.5,1218
18,3285,2.5,1219
18,574,2.0,1220
18,1336,2.5,1221
18,2898,2.5,1222
18,234,4.5,1223
18,996,2.5,1224
18,2368,4.0,1225
18,2278,2.5,1226
18,319,2.5,1227
18,259,1.0,1228
18,1148,2.5,1229
18,469,1.0,1230
18,2409,2.5,1231
18,1683,2.5,1232
18,2676,2.5,1233
18,2502,2.5,1234
18,1090,2.0,1235
18,3106,3.0,1236
18,809,5.0,1237
18,2104,2.5,1238
18,457,5.0,1239
18,318,2.5,1240
18,512,1.0,1241
18,1969,5.0,1242
18,3438,2.5,1243
18,449,3.5,1244
18,3669,2.5,1245
18,913,2.5,1246
18,2756,2.5,1247
18,3478,2.5,1248
18,2405,2.5,1249
18,2561,2.5,1250
18,879,2.5,1251
18,2774,2.5,1252
18,2578,2.5,1253
18,2438,2.5,1254
18,1033,2.5,1255
18,3286,2.5,1256
18,2011,2.5,1257
18,965,2.5,1258
18,1671,2.5,1259
18,694,2.5,1260
18,2530,2.5,1261
18,100,2.5,1262
18,877,2.5,1263
18,379,2.5,1264
18,1600,2.5,1265
18,1047,2.5,1266
18,1343,2.5,1267
18,1431,4.5,1268
18,1508,2.5,1269
18,3182,4.0,1270
18,1434,3.5,1271
18,1392,2.5,1272
19,6238,5.0,1273
19,2551,5.0,1274
19,2927,5.0,1275
19,3703,5.0,1276
19,5877,4.0,1277
19,5532,2.5,1278
19,1860,4.0,1279
19,236,2.0,1280
19,2215,4.0,1281
19,2423,2.5,1282
19,34,4.5,1283
19,3239,3.5,1284
19,1733,4.0,1285
19,2027,4.5,1286
19,3063,3.5,1287
19,3561,3.5,1288
19,1957,5.0,1289
19,3593,4.0,1290
19,2648,4.0,1291
19,1632,3.0,1292
19,2485,4.0,1293
19,1790,4.5,1294
19,845,4.5,1295
19,3026,3.0,1296
19,3046,1.5,1297
19,2799,4.0,1298
19,319,3.5,1299
19,2554,4.5,1300
19,211,5.0,1301
19,1492,4.0,1302
19,3106,4.0,1303
19,1090,3.5,1304
19,1969,3.5,1305
19,1631,4.0,1306
19,913,4.0,1307
19,2756,4.5,1308
19,3099,3.0,1309
19,3040,3.5,1310
19,844,4.0,1311
19,3018,4.0,1312
19,1508,4.0,1313
19,2024,5.0,1314
19,2088,5.0,1315
19,2560,4.5,1316
19,2596,2.0,1317
19,428,4.5,1318
19,3081,3.0,1319
19,251,4.5,1320
19,3129,4.5,1321
19,2971,3.5,1322
19,2466,5.0,1323
19,1454,2.0,1324
19,2983,3.5,1325
19,1369,5.0,1326
19,1103,4.0,1327
19,3622,4.5,1328
19,2984,3.5,1329
19,2213,5.0,1330
19,2512,4.0,1331
19,3365,5.0,1332
19,790,4.5,1333
19,2982,3.5,1334
19,1046,4.0,1335
19,834,4.0,1336
19,3269,4.0,1337
19,1312,4.5,1338
19,1348,4.5,1339
19,2465,4.5,1340
19,1357,4.0,1341
19,2849,5.0,1342
19,740,3.0,1343
19,1952,4.5,1344
19,3192,5.0,1345
19,2675,4.0,1346
19,2989,4.0,1347
19,1597,4.5,1348
19,1497,3.5,1349
19,5224,4.0,1350
19,5876,3.0,1351
20,4540,5.0,1352
20,888,5.0,1353
20,2577,5.0,1354
20,1932,5.0,1355
20,6266,2.5,1356
20,2597,2.5,1357
20,2863,2.5,1358
20,1789,5.0,1359
20,2215,2.5,1360
20,1380,2.0,1361
20,3667,1.0,1362
20,2622,2.5,1363
20,997,2.5,1364
20,3711,2.5,1365
20,3468,2.5,1366
20,1733,2.5,1367
20,3063,2.5,1368
20,1028,2.5,1369
20,3593,2.5,1370
20,1175,2.5,1371
20,2903,2.5,1372
20,752,1.0,1373
20,2648,2.5,1374
20,1588,1.0,1375
20,87,5.0,1376
20,1828,2.5,1377
20,1088,2.5,1378
20,3633,2.5,1379
20,1435,2.0,1380
20,652,2.5,1381
20,350,2.5,1382
20,728,2.5,1383
20,1612,2.5,1384
20,1362,2.5,1385
20,574,2.5,1386
20,616,5.0,1387
20,1836,2.5,1388
20,2322,2.5,1389
20,1507,3.0,1390
20,3661,2.5,1391
20,1924,2.5,1392
20,996,2.5,1393
20,2391,2.5,1394
20,3140,2.5,1395
20,2212,2.5,1396
20,2191,5.0,1397
20,2047,2.5,1398
20,319,2.5,1399
20,2554,2.5,1400
20,1148,2.5,1401
20,687,2.5,1402
20,85,2.5,1403
20,277,2.5,1404
20,2502,2.5,1405
20,174,5.0,1406
20,3106,2.5,1407
20,809,5.0,1408
20,2104,2.5,1409
20,2704,2.5,1410
20,512,2.5,1411
20,3397,2.5,1412
20,1584,2.5,1413
20,1994,2.0,1414
20,872,2.5,1415
20,3438,2.5,1416
20,796,1.0,1417
20,947,2.5,1418
20,3669,2.5,1419
20,2756,2.5,1420
20,2709,2.5,1421
20,2561,2.5,1422
20,3032,2.5,1423
20,807,2.5,1424
20,2479,2.5,1425
20,1264,2.5,1426
20,879,2.5,1427
21,6718,2.5,1428
21,3711,4.0,1429
21,2027,4.5,1430
21,3593,5.0,1431
21,2903,5.0,1432
21,1517,5.0,1433
21,2648,4.0,1434
21,87,4.0,1435
21,2501,4.0,1436
21,728,3.5,1437
21,3458,3.0,1438
21,1612,4.0,1439
21,1313,3.0,1440
21,3661,4.0,1441
21,996,2.5,1442
21,2554,5.0,1443
21,865,4.0,1444
21,3289,3.0,1445
21,1545,4.0,1446
21,1430,2.5,1447
21,2676,4.0,1448
21,419,4.5,1449
21,2502,3.0,1450
21,512,3.5,1451
21,1969,2.5,1452
21,3397,1.5,1453
21,796,4.0,1454
21,3669,3.5,1455
21,3478,4.0,1456
21,879,5.0,1457
21,2774,4.0,1458
21,3286,4.0,1459
21,2699,2.5,1460
21,2598,0.5,1461
21,1431,5.0,1462
21,1508,5.0,1463
21,1434,5.0,1464
21,3503,5.0,1465
21,1392,1.5,1466
21,2259,4.5,1467
21,1795,3.0,1468
21,2024,3.0,1469
21,279,5.0,1470
21,3528,4.0,1471
21,540,2.5,1472
21,2560,5.0,1473
21,3539,2.0,1474
21,1350,5.0,1475
21,727,3.5,1476
21,424,5.0,1477
21,280,5.0,1478
21,2260,3.0,1479
21,1390,5.0,1480
21,418,5.0,1481
21,2596,3.0,1482
21,636,5.0,1483
21,428,4.0,1484
21,3398,5.0,1485
21,1317,5.0,1486
21,1391,3.5,1487
21,1147,3.5,1488
21,284,3.5,1489
21,1604,5.0,1490
21,3048,5.0,1491
21,1065,4.0,1492
21,531,4.0,1493
21,795,3.5,1494
21,1829,5.0,1495
21,2571,4.0,1496
21,251,4.5,1497
21,2632,0.5,1498
21,3129,4.0,1499
21,536,4.5,1500
22,6158,2.5,1501
22,2485,3.5,1502
22,3285,4.5,1503
22,1313,4.0,1504
22,2191,2.5,1505
22,2799,4.5,1506
22,2047,3.0,1507
22,319,2.5,1508
22,2228,4.5,1509
22,3360,3.5,1510
22,913,5.0,1511
22,3207,4.5,1512
22,1600,4.0,1513
22,1431,5.0,1514
22,1795,4.0,1515
22,2195,5.0,1516
22,339,3.5,1517
22,1216,3.0,1518
22,1535,5.0,1519
22,251,3.5,1520
22,3062,3.5,1521
22,1369,1.0,1522
22,3622,3.5,1523
22,3370,4.0,1524
22,1210,3.5,1525
22,790,1.5,1526
22,1026,3.5,1527
22,3269,4.0,1528
22,1348,1.5,1529
22,273,2.0,1530
22,949,4.0,1531
22,1357,1.5,1532
22,666,4.0,1533
22,47,3.5,1534
22,30,1.5,1535
22,1452,3.0,1536
22,1597,2.5,1537
22,1280,4.5,1538
22,1755,4.5,1539
22,899,3.5,1540
22,1272,0.5,1541
22,3392,2.5,1542
22,3177,2.0,1543
22,2567,3.5,1544
22,200,3.5,1545
22,1082,2.0,1546
22,2958,2.0,1547
22,975,4.0,1548
22,190,3.0,1549
22,3265,3.5,1550
22,3344,4.0,1551
22,1978,1.0,1552
22,2,4.5,1553
22,3327,2.5,1554
22,1115,4.0,1555
22,2114,5.0,1556
22,1933,4.0,1557
22,2211,5.0,1558
22,2410,3.5,1559
22,481,4.0,1560
22,3257,2.0,1561
22,1019,3.0,1562
22,2224,4.0,1563
22,3261,1.5,1564
22,1487,3.5,1565
22,725,4.0,1566
22,2939,2.5,1567
22,950,2.0,1568
22,2938,3.0,1569
23,5804,5.0,1570
23,2135,5.0,1571
23,2224,5.0,1572
23,1952,5.0,1573
23,3909,2.5,1574
23,275,2.5,1575
23,1362,2.5,1576
23,2368,2.5,1577
23,2799,2.5,1578
23,1148,2.5,1579
23,277,2.5,1580
23,807,2.5,1581
23,844,2.5,1582
23,2699,2.5,1583
23,1431,2.5,1584
23,2024,2.5,1585
23,3528,2.5,1586
23,452,2.5,1587
23,280,2.5,1588
23,428,2.5,1589
23,1065,2.5,1590
23,1530,2.5,1591
23,3710,2.5,1592
23,2595,2.5,1593
23,1363,2.5,1594
23,1686,2.5,1595
23,2999,2.5,1596
23,1369,2.5,1597
23,371,2.5,1598
23,1146,2.5,1599
23,3622,2.5,1600
23,3370,2.5,1601
23,1048,2.5,1602
23,2998,2.5,1603
23,2953,2.5,1604
23,790,2.5,1605
23,2997,2.5,1606
23,1185,2.5,1607
23,1184,2.5,1608
23,1348,2.5,1609
23,1276,2.5,1610
23,273,2.5,1611
23,1187,2.5,1612
23,1357,2.5,1613
23,3522,2.5,1614
23,3484,2.5,1615
23,2190,2.5,1616
23,3565,2.5,1617
23,1188,2.5,1618
23,2253,2.5,1619
23,3703,2.5,1620
23,551,2.5,1621
23,1186,2.5,1622
23,2208,2.5,1623
23,2592,2.5,1624
23,3011,2.5,1625
23,1280,2.5,1626
23,899,2.5,1627
23,1489,2.5,1628
23,2141,2.5,1629
23,986,2.5,1630
23,1183,2.5,1631
23,615,2.5,1632
23,2591,2.5,1633
23,2000,2.5,1634
23,1189,2.5,1635
23,1845,2.5,1636
23,2567,2.5,1637
23,1887,2.5,1638
23,189,2.5,1639
23,2461,2.5,1640
23,803,2.5,1641
23,1087,2.5,1642
23,200,2.5,1643
23,975,2.5,1644
23,3344,2.5,1645
23,4932,4.0,1646
23,4672,4.0,1647
24,4278,2.5,1648
24,4162,2.5,1649
24,5876,2.5,1650
24,2215,4.5,1651
24,1733,3.5,1652
24,1957,4.0,1653
24,2485,3.5,1654
24,2047,4.0,1655
24,2756,4.0,1656
24,844,4.0,1657
24,1434,4.0,1658
24,2088,4.0,1659
24,1065,4.0,1660
24,1530,4.0,1661
24,1686,4.0,1662
24,1369,5.0,1663
24,2948,4.0,1664
24,3622,5.0,1665
24,3370,4.0,1666
24,1348,4.5,1667
24,1357,4.0,1668
24,2849,4.5,1669
24,3386,3.5,1670
24,1537,3.5,1671
24,3066,5.0,1672
24,2015,5.0,1673
24,200,4.0,1674
24,975,4.0,1675
24,1198,4.0,1676
24,2410,5.0,1677
24,1529,4.0,1678
24,2224,5.0,1679
24,1117,4.5,1680
24,237,4.5,1681
24,22,4.0,1682
24,1101,3.0,1683
24,7,4.5,1684
25,6392,5.0,1685
25,3392,5.0,1686
25,994,5.0,1687
25,2438,5.0,1688
25,4656,2.5,1689
25,997,2.0,1690
25,1942,1.5,1691
25,573,5.0,1692
25,3561,4.0,1693
25,1028,2.5,1694
25,2903,3.0,1695
25,752,2.5,1696
25,2648,4.0,1697
25,3409,4.0,1698
25,2485,5.0,1699
25,87,2.0,1700
25,1790,3.5,1701
25,535,1.0,1702
25,3541,2.0,1703
25,728,3.0,1704
25,1613,5.0,1705
25,1362,3.0,1706
25,286,4.0,1707
25,1094,2.0,1708
25,1313,4.5,1709
25,996,2.5,1710
25,3389,4.0,1711
25,2554,5.0,1712
25,1148,5.0,1713
25,3289,2.5,1714
25,231,0.5,1715
25,277,2.5,1716
25,2228,4.5,1717
25,2961,3.0,1718
25,2676,4.0,1719
25,419,3.5,1720
25,382,0.5,1721
25,3602,3.5,1722
25,1090,3.5,1723
25,3106,3.5,1724
25,3360,4.5,1725
25,318,4.0,1726
25,1969,4.0,1727
25,3397,1.5,1728
25,3438,2.5,1729
25,796,2.5,1730
25,913,5.0,1731
25,2756,4.5,1732
25,2561,3.5,1733
25,901,1.5,1734
25,879,4.0,1735
25,2578,3.5,1736
25,3540,2.5,1737
25,3286,5.0,1738
25,422,2.5,1739
25,3112,4.5,1740
25,1096,2.0,1741
25,908,3.5,1742
25,2530,4.0,1743
25,2699,4.5,1744
25,2503,4.5,1745
25,379,2.5,1746
25,1508,4.5,1747
25,1434,3.5,1748
25,2558,2.5,1749
25,2088,5.0,1750
25,496,2.5,1751
25,279,4.0,1752
25,2444,2.5,1753
25,3528,5.0,1754
25,540,2.0,1755
25,2560,5.0,1756
25,244,2.0,1757
25,376,2.0,1758
25,2959,2.0,1759
25,230,2.0,1760
25,3919,4.0,1761
26,5863,5.0,1762
26,3193,5.0,1763
26,1996,5.0,1764
26,3627,5.0,1765
26,5876,2.5,1766
26,2215,5.0,1767
26,3667,4.0,1768
26,3593,4.0,1769
26,33,3.0,1770
26,2485,4.0,1771
26,1974,2.0,1772
26,728,2.0,1773
26,2047,4.0,1774
26,319,3.0,1775
26,2676,4.0,1776
26,2502,3.5,1777
26,3106,4.0,1778
26,1969,4.0,1779
26,3669,4.0,1780
26,2756,3.0,1781
26,807,4.0,1782
26,879,1.5,1783
26,2774,3.0,1784
26,2530,4.5,1785
26,1434,5.0,1786
26,2259,3.5,1787
26,1795,4.0,1788
26,2024,5.0,1789
26,2088,3.0,1790
26,279,2.5,1791
26,452,2.0,1792
26,727,3.0,1793
26,280,2.5,1794
26,418,1.0,1795
26,1216,3.0,1796
26,1391,4.0,1797
26,284,2.5,1798
26,1065,3.0,1799
26,531,2.5,1800
26,2338,2.0,1801
26,795,3.0,1802
26,1829,2.0,1803
26,2571,4.0,1804
26,726,3.0,1805
26,3710,3.0,1806
26,2595,2.0,1807
26,3090,5.0,1808
26,1363,4.0,1809
26,3366,3.0,1810
26,1369,4.0,1811
26,1146,2.0,1812
26,3370,4.0,1813
26,1210,1.0,1814
26,2828,3.5,1815
26,790,3.0,1816
26,2850,3.0,1817
26,2744,3.0,1818
26,2997,2.0,1819
26,1185,4.0,1820
26,1184,1.0,1821
26,1348,3.0,1822
26,3446,1.5,1823
26,1381,3.0,1824
26,1422,3.0,1825
26,1187,2.0,1826
26,2966,3.0,1827
26,1357,5.0,1828
26,3484,1.0,1829
26,2849,5.0,1830
26,1382,4.0,1831
26,3386,4.0,1832
26,2644,3.0,1833
26,1188,3.0,1834
26,2553,1.5,1835
26,551,3.0,1836
26,1186,2.0,1837
26,4774,4.0,1838
27,4752,5.0,1839
27,2938,5.0,1840
27,3370,5.0,1841
27,975,5.0,1842
27,6266,2.5,1843
27,2597,3.5,1844
27,3561,2.5,1845
27,2648,2.5,1846
27,2485,2.5,1847
27,1790,2.5,1848
27,728,2.5,1849
27,845,2.5,1850
27,2047,2.5,1851
27,319,2.5,1852
27,277,2.5,1853
27,1090,2.5,1854
27,3106,2.5,1855
27,913,2.5,1856
27,2756,2.5,1857
27,844,2.5,1858
27,1508,2.5,1859
27,1434,1.0,1860
27,2088,2.5,1861
27,279,2.5,1862
27,280,2.5,1863
27,418,2.5,1864
27,428,2.5,1865
27,1391,2.5,1866
27,251,2.5,1867
27,726,2.5,1868
27,1369,3.0,1869
27,1103,2.5,1870
27,1146,2.5,1871
27,790,2.5,1872
27,2997,2.5,1873
27,834,0.5,1874
27,3269,2.5,1875
27,2402,2.5,1876
27,1348,2.5,1877
27,273,2.5,1878
27,1357,2.5,1879
27,3522,2.5,1880
27,2849,2.5,1881
27,3565,2.5,1882
27,2253,2.5,1883
27,2862,2.5,1884
27,1190,2.5,1885
27,1489,2.5,1886
27,564,2.5,1887
27,3065,2.5,1888
27,1189,2.5,1889
27,2461,2.5,1890
27,3097,2.5,1891
27,3327,2.5,1892
27,1115,2.5,1893
27,3420,2.5,1894
27,2404,2.5,1895
27,2410,2.5,1896
27,1019,2.5,1897
27,2224,2.5,1898
27,3261,2.5,1899
27,1240,2.5,1900
27,725,2.5,1901
27,290,2.5,1902
27,3259,2.5,1903
27,2589,2.5,1904
27,2687,2.5,1905
28,4242,5.0,1906
28,4243,5.0,1907
28,4332,5.0,1908
28,5611,5.0,1909
28,4890,5.0,1910
28,4711,5.0,1911
28,4365,2.5,1912
28,737,2.5,1913
28,3428,2.5,1914
28,1612,2.5,1915
28,3285,2.5,1916
28,845,2.5,1917
28,3002,2.5,1918
28,2391,2.5,1919
28,2191,4.0,1920
28,917,2.5,1921
28,277,2.5,1922
28,2656,5.0,1923
28,2676,2.5,1924
28,2502,2.5,1925
28,2704,2.5,1926
28,318,2.5,1927
28,938,2.5,1928
28,1969,2.5,1929
28,879,5.0,1930
28,2774,2.5,1931
28,2578,2.5,1932
28,1542,5.0,1933
28,844,2.5,1934
28,3286,2.5,1935
28,2011,2.5,1936
28,448,2.5,1937
28,3207,2.5,1938
28,2530,2.5,1939
28,2353,2.5,1940
28,1968,2.5,1941
28,100,2.5,1942
28,3018,5.0,1943
28,3182,5.0,1944
28,1392,2.5,1945
28,1795,5.0,1946
28,3556,2.5,1947
28,1816,5.0,1948
28,460,2.5,1949
28,3528,5.0,1950
28,376,5.0,1951
28,452,2.5,1952
28,2974,5.0,1953
28,1710,2.5,1954
28,2197,2.5,1955
28,1999,5.0,1956
28,1350,2.5,1957
28,727,2.5,1958
28,2515,2.5,1959
28,98,2.5,1960
28,1664,2.5,1961
28,224,5.0,1962
28,1216,2.5,1963
28,1748,2.5,1964
28,2956,5.0,1965
28,636,5.0,1966
28,1502,2.5,1967
28,1391,2.5,1968
28,3401,2.5,1969
28,284,2.5,1970
28,1065,2.5,1971
28,531,2.5,1972
28,2338,2.5,1973
28,945,2.5,1974
28,2705,5.0,1975
28,1829,5.0,1976
28,1813,5.0,1977
28,2878,2.5,1978
28,2743,2.5,1979
28,1152,2.5,1980
28,251,5.0,1981
28,1530,2.5,1982
28,1519,5.0,1983
28,985,2.5,1984
28,6689,4.0,1985
28,4943,4.0,1986
29,4742,5.0,1987
29,1087,5.0,1988
29,1183,5.0,1989
29,1455,5.0,1990
29,6718,2.5,1991
29,3711,5.0,1992
29,2027,3.0,1993
29,1460,4.0,1994
29,1362,5.0,1995
29,2898,4.0,1996
29,234,4.0,1997
29,2047,4.5,1998
29,1954,4.0,1999
29,1148,5.0,2000
29,318,4.5,2001
29,913,4.5,2002
29,2578,4.5,2003
29,2598,4.0,2004
29,17,3.5,2005
29,1434,5.0,2006
29,3503,5.0,2007
29,2024,4.0,2008
29,1350,4.0,2009
29,280,4.5,2010
29,98,4.0,2011
29,1216,3.5,2012
29,2596,4.0,2013
29,2956,5.0,2014
29,636,5.0,2015
29,3398,4.0,2016
29,847,5.0,2017
29,1147,5.0,2018
29,284,3.5,2019
29,1604,3.0,2020
29,1065,4.0,2021
29,2338,5.0,2022
29,1530,5.0,2023
29,3129,4.5,2024
29,726,5.0,2025
29,3710,5.0,2026
29,3222,5.0,2027
29,2595,4.0,2028
29,2971,4.0,2029
29,2770,4.0,2030
29,3090,5.0,2031
29,1363,5.0,2032
29,1503,4.5,2033
29,1369,4.5,2034
29,1427,5.0,2035
29,1945,4.5,2036
29,1146,5.0,2037
29,2731,3.5,2038
29,3049,5.0,2039
29,3622,5.0,2040
29,3370,5.0,2041
29,2828,5.0,2042
29,790,5.0,2043
29,2144,3.5,2044
29,2850,5.0,2045
29,2730,4.0,2046
29,2744,3.5,2047
29,27,4.5,2048
29,2997,5.0,2049
29,1185,5.0,2050
29,3396,3.5,2051
29,2679,4.0,2052
29,1184,5.0,2053
29,3269,3.0,2054
29,2402,4.5,2055
29,1348,5.0,2056
29,3446,5.0,2057
29,1381,3.5,2058
29,273,3.5,2059
29,1187,4.0,2060
29,2966,4.5,2061
29,3522,5.0,2062
29,2849,5.0,2063
30,5866,5.0,2064
30,3196,5.0,2065
30,3259,5.0,2066
30,1489,5.0,2067
30,5867,5.0,2068
30,6158,2.5,2069
30,2485,2.5,2070
30,2047,2.5,2071
30,319,2.5,2072
30,2554,2.5,2073
30,2756,2.5,2074
30,844,2.5,2075
30,1434,2.5,2076
30,1795,2.5,2077
30,2088,2.5,2078
30,2560,2.5,2079
30,1065,2.5,2080
30,1369,2.5,2081
30,2948,2.5,2082
30,3622,2.5,2083
30,3370,2.5,2084
30,3174,2.5,2085
30,1348,2.5,2086
30,1357,2.5,2087
30,2849,2.5,2088
30,2862,2.5,2089
30,2567,2.5,2090
30,975,2.5,2091
30,2,2.5,2092
30,1019,2.5,2093
30,2224,2.5,2094
30,725,2.5,2095
31,6117,5.0,2096
31,3258,5.0,2097
31,1581,5.0,2098
31,2156,5.0,2099
31,2215,5.0,2100
31,3239,2.5,2101
31,2202,2.5,2102
31,2344,2.5,2103
31,3561,2.5,2104
31,1028,2.5,2105
31,1161,2.5,2106
31,1175,2.5,2107
31,2903,2.5,2108
31,1517,2.5,2109
31,2648,2.5,2110
31,1460,2.5,2111
31,931,2.5,2112
31,1278,2.5,2113
31,3176,2.5,2114
31,3409,2.5,2115
31,3576,2.5,2116
31,737,2.5,2117
31,1790,2.5,2118
31,3449,2.5,2119
31,66,2.5,2120
31,1828,2.5,2121
31,3564,2.5,2122
31,1088,2.5,2123
31,3364,2.5,2124
31,3053,2.5,2125
31,652,2.5,2126
31,728,2.5,2127
31,1362,2.5,2128
31,1053,2.5,2129
31,616,2.5,2130
31,2322,2.5,2131
31,1523,2.5,2132
31,845,2.5,2133
31,3661,2.5,2134
31,1924,2.5,2135
31,1095,2.5,2136
31,2837,2.5,2137
31,78,2.5,2138
31,2513,2.5,2139
31,3377,2.5,2140
31,2191,2.5,2141
31,2985,2.5,2142
31,2368,2.5,2143
31,2047,2.5,2144
31,319,2.5,2145
31,1954,2.5,2146
31,865,2.5,2147
31,259,2.5,2148
31,1354,2.5,2149
31,1148,2.5,2150
31,152,2.5,2151
31,1430,2.5,2152
31,85,2.5,2153
31,886,2.5,2154
31,419,2.5,2155
31,382,2.5,2156
31,174,2.5,2157
31,1090,2.5,2158
31,3106,2.5,2159
31,2754,2.5,2160
31,2207,2.5,2161
31,1804,2.5,2162
31,3397,2.5,2163
31,872,2.5,2164
31,1458,2.5,2165
31,3438,2.5,2166
31,796,2.5,2167
31,1850,2.5,2168
31,947,2.5,2169
31,3135,2.5,2170
32,5327,5.0,2171
32,1651,5.0,2172
32,2972,5.0,2173
32,3348,5.0,2174
32,6703,2.5,2175
32,4405,2.5,2176
32,2863,4.5,2177
32,2215,4.5,2178
32,275,4.5,2179
32,1986,4.5,2180
32,2027,3.0,2181
32,2830,3.5,2182
32,1957,4.5,2183
32,510,4.5,2184
32,3088,3.5,2185
32,566,3.5,2186
32,1916,4.0,2187
32,1460,3.5,2188
32,550,4.0,2189
32,1828,4.0,2190
32,1088,4.5,2191
32,2807,5.0,2192
32,1395,3.0,2193
32,337,4.5,2194
32,876,4.0,2195
32,845,5.0,2196
32,234,2.0,2197
32,2278,4.0,2198
32,2799,4.5,2199
32,2047,5.0,2200
32,319,3.0,2201
32,2554,4.5,2202
32,1148,4.5,2203
32,1430,4.5,2204
32,288,4.5,2205
32,277,4.0,2206
32,419,4.5,2207
32,888,4.0,2208
32,1090,3.5,2209
32,2227,4.0,2210
32,3620,4.0,2211
32,3438,4.5,2212
32,2756,4.5,2213
32,2561,4.0,2214
32,1961,5.0,2215
32,3540,4.5,2216
32,844,5.0,2217
32,3286,4.0,2218
32,1671,4.5,2219
32,3207,5.0,2220
32,2530,4.5,2221
32,2699,5.0,2222
32,1972,4.5,2223
32,176,4.0,2224
32,1600,3.0,2225
32,17,4.5,2226
32,1047,3.5,2227
32,1508,3.0,2228
32,1434,3.5,2229
32,1726,4.0,2230
32,2558,4.5,2231
32,3447,4.0,2232
32,2088,4.0,2233
32,1429,5.0,2234
32,3678,4.0,2235
32,2444,2.5,2236
32,995,3.5,2237
32,2560,4.5,2238
32,452,4.5,2239
32,3539,4.5,2240
32,1132,4.5,2241
32,339,4.0,2242
32,108,4.0,2243
32,1710,5.0,2244
32,1999,4.5,2245
32,1350,4.5,2246
32,6681,4.0,2247
32,3833,4.0,2248
32,6238,4.0,2249
33,6110,5.0,2250
33,3257,5.0,2251
33,1369,5.0,2252
33,5876,2.5,2253
33,2215,4.0,2254
33,2648,4.0,2255
33,2485,4.5,2256
33,845,4.5,2257
33,2047,4.0,2258
33,319,2.5,2259
33,386,5.0,2260
33,2554,4.5,2261
33,844,4.5,2262
33,1508,4.0,2263
33,1434,4.5,2264
33,2088,4.0,2265
33,2560,4.5,2266
33,3370,4.5,2267
33,1348,4.0,2268
33,2849,5.0,2269
33,975,4.5,2270
33,2410,4.5,2271
33,2224,3.5,2272
34,6243,5.0,2273
34,2567,5.0,2274
34,1189,5.0,2275
34,2141,5.0,2276
34,4927,2.5,2277
34,1249,5.0,2278
34,510,3.0,2279
34,3593,5.0,2280
34,752,4.0,2281
34,1517,4.0,2282
34,2648,3.0,2283
34,2485,4.0,2284
34,550,3.0,2285
34,2501,4.0,2286
34,3364,4.0,2287
34,3458,3.0,2288
34,1005,3.0,2289
34,3285,4.0,2290
34,1523,3.0,2291
34,845,4.0,2292
34,319,4.0,2293
34,1948,3.0,2294
34,1954,4.0,2295
34,2919,2.0,2296
34,2554,4.0,2297
34,865,3.0,2298
34,3289,3.0,2299
34,846,4.0,2300
34,277,4.0,2301
34,2228,4.0,2302
34,2676,4.0,2303
34,1149,5.0,2304
34,382,3.0,2305
34,2502,4.0,2306
34,3106,4.0,2307
34,2104,4.0,2308
34,1804,3.0,2309
34,3397,1.0,2310
34,796,2.0,2311
34,913,5.0,2312
34,2756,5.0,2313
34,3478,3.0,2314
34,807,3.0,2315
34,901,4.0,2316
34,879,3.0,2317
34,2578,5.0,2318
34,844,5.0,2319
34,2438,4.0,2320
34,1033,1.0,2321
34,3286,3.0,2322
34,1671,3.0,2323
34,1606,4.0,2324
34,3699,4.0,2325
34,2257,3.0,2326
34,3567,4.0,2327
34,3659,2.0,2328
34,2530,4.0,2329
34,2043,3.0,2330
34,2598,2.0,2331
34,1047,3.0,2332
34,1431,5.0,2333
34,1508,4.0,2334
34,1434,4.0,2335
34,3503,4.0,2336
34,1392,4.0,2337
34,3447,3.0,2338
34,2167,4.0,2339
34,2444,2.0,2340
34,3528,3.0,2341
34,540,2.0,2342
34,2560,4.0,2343
34,376,4.0,2344
34,946,2.0,2345
34,2244,3.0,2346
34,339,3.0,2347
34,108,4.0,2348
34,230,2.0,2349
35,5678,5.0,2350
35,1996,5.0,2351
35,2260,5.0,2352
35,964,5.0,2353
35,5679,5.0,2354
35,5258,2.5,2355
35,4405,2.5,2356
35,2863,3.0,2357
35,3400,2.5,2358
35,2408,3.0,2359
35,2304,2.5,2360
35,2622,2.5,2361
35,3711,4.0,2362
35,1986,3.0,2363
35,3561,2.5,2364
35,2830,2.5,2365
35,1028,2.5,2366
35,3232,2.5,2367
35,3593,4.0,2368
35,824,2.5,2369
35,1307,2.5,2370
35,1517,4.0,2371
35,1278,2.5,2372
35,1246,2.0,2373
35,1974,2.5,2374
35,1088,3.0,2375
35,3364,5.0,2376
35,652,2.5,2377
35,350,2.5,2378
35,431,4.0,2379
35,1362,5.0,2380
35,574,2.5,2381
35,3006,2.5,2382
35,3661,2.0,2383
35,3002,3.0,2384
35,2212,2.5,2385
35,2191,5.0,2386
35,2368,2.5,2387
35,2278,2.5,2388
35,2047,2.5,2389
35,319,3.0,2390
35,1954,2.5,2391
35,865,2.5,2392
35,1148,5.0,2393
35,348,2.5,2394
35,3289,2.5,2395
35,1545,2.0,2396
35,277,2.5,2397
35,1090,2.5,2398
35,2104,3.0,2399
35,3438,2.5,2400
35,796,2.0,2401
35,2756,2.5,2402
35,879,2.5,2403
35,422,2.5,2404
35,965,4.0,2405
35,1671,2.5,2406
35,694,4.0,2407
35,2530,2.5,2408
35,2699,2.5,2409
35,3017,5.0,2410
35,1600,5.0,2411
35,1047,2.0,2412
35,1508,2.5,2413
35,1392,2.5,2414
35,2259,1.0,2415
35,2558,2.5,2416
35,1795,1.0,2417
35,3447,2.5,2418
35,2088,4.0,2419
35,3054,2.5,2420
35,2195,5.0,2421
35,279,5.0,2422
35,3528,5.0,2423
35,540,4.0,2424
35,452,2.5,2425
35,1132,4.0,2426
35,4047,4.0,2427
35,4974,4.0,2428
36,5063,2.5,2429
36,1362,2.5,2430
36,2047,2.5,2431
36,2554,2.5,2432
36,1090,2.5,2433
36,512,2.5,2434
36,2756,2.5,2435
36,1508,2.5,2436
36,1434,2.5,2437
36,2024,2.5,2438
36,279,2.5,2439
36,2560,2.5,2440
36,280,2.5,2441
36,636,2.5,2442
36,428,2.5,2443
36,1391,2.5,2444
36,284,2.5,2445
36,1363,2.5,2446
36,1369,2.5,2447
36,3622,2.5,2448
36,3370,2.5,2449
36,2213,2.5,2450
36,790,2.5,2451
36,2744,2.5,2452
36,3269,2.5,2453
36,1348,2.5,2454
36,273,2.5,2455
36,1357,2.5,2456
36,3522,2.5,2457
36,2849,2.5,2458
36,2253,2.5,2459
36,3066,2.5,2460
36,1489,2.5,2461
36,1780,2.5,2462
36,2551,2.5,2463
36,3065,2.5,2464
36,2461,2.5,2465
36,803,2.5,2466
36,1777,2.5,2467
36,200,2.5,2468
36,975,2.5,2469
36,3097,2.5,2470
36,3420,2.5,2471
36,2410,2.5,2472
36,3257,2.5,2473
36,2224,2.5,2474
36,3261,2.5,2475
36,1240,2.5,2476
36,1117,2.5,2477
36,2687,2.5,2478
37,6066,5.0,2479
37,6067,5.0,2480
37,6079,5.0,2481
37,6000,5.0,2482
37,5603,5.0,2483
37,6010,5.0,2484
37,5215,2.5,2485
37,1534,2.5,2486
37,3258,2.5,2487
37,1789,2.5,2488
37,2871,2.5,2489
37,1236,2.5,2490
37,2215,2.5,2491
37,3667,2.5,2492
37,2423,2.5,2493
37,34,2.5,2494
37,2027,2.5,2495
37,1957,2.5,2496
37,3593,2.5,2497
37,2485,2.5,2498
37,3285,2.5,2499
37,1313,2.5,2500
37,1969,2.5,2501
37,3438,2.5,2502
37,2756,2.5,2503
37,2405,2.5,2504
37,2561,2.5,2505
37,2088,2.5,2506
37,1535,2.5,2507
37,531,2.5,2508
37,3129,2.5,2509
37,1369,2.5,2510
37,2948,2.5,2511
37,790,2.5,2512
37,2997,2.5,2513
37,684,2.5,2514
37,2465,2.5,2515
37,1357,2.5,2516
37,2849,2.5,2517
37,2862,2.5,2518
37,2592,2.5,2519
37,3136,2.5,2520
37,899,2.5,2521
37,1489,2.5,2522
37,1272,2.5,2523
37,564,2.5,2524
37,2417,5.0,2525
37,3065,2.5,2526
37,3236,5.0,2527
37,2461,2.5,2528
37,2406,2.5,2529
37,975,2.5,2530
37,2590,2.5,2531
37,2,2.5,2532
37,3327,2.5,2533
37,2404,5.0,2534
37,2342,5.0,2535
37,2410,2.5,2536
37,3257,2.5,2537
37,1927,5.0,2538
37,725,2.5,2539
37,3437,2.5,2540
37,2884,2.5,2541
37,3305,2.5,2542
37,5055,4.0,2543
38,4476,5.0,2544
38,834,5.0,2545
38,2744,5.0,2546
38,2850,5.0,2547
38,5197,2.5,2548
38,1517,3.0,2549
38,3409,3.0,2550
38,728,2.0,2551
38,845,5.0,2552
38,2047,3.0,2553
38,319,3.0,2554
38,2554,5.0,2555
38,1148,4.0,2556
38,277,1.0,2557
38,1090,3.0,2558
38,512,4.0,2559
38,3438,4.0,2560
38,796,2.5,2561
38,2756,5.0,2562
38,2561,1.0,2563
38,844,5.0,2564
38,2699,4.0,2565
38,17,5.0,2566
38,1434,5.0,2567
38,2558,1.0,2568
38,2024,3.0,2569
38,2088,4.0,2570
38,279,4.0,2571
38,2560,5.0,2572
38,280,4.0,2573
38,418,3.0,2574
38,428,4.0,2575
38,1391,3.0,2576
38,1147,5.0,2577
38,726,3.0,2578
38,1686,5.0,2579
38,1369,5.0,2580
38,1146,5.0,2581
38,3370,5.0,2582
38,2998,3.0,2583
38,790,5.0,2584
38,2997,3.0,2585
38,1185,4.0,2586
38,1184,3.0,2587
38,1348,5.0,2588
38,2465,5.0,2589
38,273,4.0,2590
38,1187,3.0,2591
38,1357,2.0,2592
38,2849,5.0,2593
38,1382,5.0,2594
38,2644,5.0,2595
38,1188,2.0,2596
38,1952,4.0,2597
38,3192,5.0,2598
38,1186,5.0,2599
38,325,5.0,2600
38,2592,5.0,2601
38,2552,5.0,2602
38,1190,3.0,2603
38,1490,4.0,2604
38,3066,5.0,2605
38,1489,4.0,2606
38,2141,5.0,2607
38,986,5.0,2608
38,3067,5.0,2609
38,564,5.0,2610
38,1183,5.0,2611
38,2551,5.0,2612
38,3065,5.0,2613
38,1189,4.0,2614
38,2567,5.0,2615
38,189,5.0,2616
38,2461,4.0,2617
39,4405,2.5,2618
39,2863,3.5,2619
39,3258,3.5,2620
39,2871,3.5,2621
39,2215,3.5,2622
39,3667,2.5,2623
39,2423,3.0,2624
39,3711,3.0,2625
39,1733,3.5,2626
39,2027,3.5,2627
39,903,3.0,2628
39,3561,4.0,2629
39,1028,3.5,2630
39,1957,4.0,2631
39,510,4.0,2632
39,566,4.0,2633
39,1517,3.5,2634
39,1741,3.0,2635
39,2424,4.0,2636
39,3176,1.5,2637
39,3527,3.0,2638
39,383,4.5,2639
39,1790,3.5,2640
39,494,3.0,2641
39,2527,5.0,2642
39,2007,3.0,2643
39,3633,2.0,2644
39,3044,3.0,2645
39,1413,3.0,2646
39,652,3.5,2647
39,287,4.0,2648
39,350,3.0,2649
39,1745,3.5,2650
39,226,4.0,2651
39,574,4.0,2652
39,92,3.0,2653
39,2898,3.0,2654
39,69,4.0,2655
39,1914,3.5,2656
39,1656,3.5,2657
39,102,3.0,2658
39,2205,3.5,2659
39,775,4.0,2660
39,1313,2.0,2661
39,2212,2.0,2662
39,3377,4.0,2663
39,2191,2.5,2664
39,2985,5.0,2665
39,2047,4.0,2666
39,1954,3.5,2667
39,1526,5.0,2668
39,259,2.0,2669
39,211,3.5,2670
39,1492,4.0,2671
39,2214,4.0,2672
39,1545,3.5,2673
39,969,4.5,2674
39,1698,3.5,2675
39,2403,4.5,2676
39,2099,4.5,2677
39,3685,3.0,2678
39,2375,3.0,2679
39,1090,2.0,2680
39,3106,2.0,2681
39,2418,2.5,2682
39,2680,3.0,2683
39,318,3.0,2684
39,1969,4.0,2685
39,3620,2.5,2686
39,502,5.0,2687
39,145,4.5,2688
39,3460,3.5,2689
39,3438,3.5,2690
40,6511,5.0,2691
40,3333,5.0,2692
40,479,5.0,2693
40,2260,5.0,2694
40,6283,2.5,2695
40,2622,2.5,2696
40,275,2.5,2697
40,3711,2.5,2698
40,3561,2.5,2699
40,1028,2.5,2700
40,1517,2.5,2701
40,2648,2.5,2702
40,1460,2.5,2703
40,983,2.5,2704
40,130,2.5,2705
40,1974,2.5,2706
40,1088,2.5,2707
40,350,2.5,2708
40,163,2.5,2709
40,728,2.5,2710
40,99,2.5,2711
40,1362,2.5,2712
40,2898,2.5,2713
40,3661,2.5,2714
40,3002,2.5,2715
40,1095,2.5,2716
40,996,2.5,2717
40,319,2.5,2718
40,865,2.5,2719
40,1148,2.5,2720
40,3289,2.5,2721
40,2409,2.5,2722
40,1430,2.5,2723
40,277,2.5,2724
40,2228,2.5,2725
40,2676,2.5,2726
40,2502,2.5,2727
40,1090,2.5,2728
40,3106,2.5,2729
40,457,2.5,2730
40,3397,2.5,2731
40,3438,2.5,2732
40,796,2.5,2733
40,2756,2.5,2734
40,3478,2.5,2735
40,2405,2.5,2736
40,2561,2.5,2737
40,3410,2.5,2738
40,879,2.5,2739
40,2578,2.5,2740
40,1033,2.5,2741
40,3286,2.5,2742
40,422,2.5,2743
40,1671,2.5,2744
40,694,2.5,2745
40,3207,2.5,2746
40,2530,2.5,2747
40,2699,2.5,2748
40,2598,2.5,2749
40,1600,2.5,2750
40,3018,2.5,2751
40,1508,2.5,2752
40,1434,2.5,2753
40,1726,2.5,2754
40,1392,2.5,2755
40,2259,2.5,2756
40,2558,2.5,2757
40,1795,2.5,2758
40,3447,2.5,2759
40,2024,2.5,2760
40,279,2.5,2761
40,3528,2.5,2762
40,540,2.5,2763
40,2560,2.5,2764
40,376,2.5,2765
40,452,2.5,2766
40,3539,2.5,2767
40,5377,4.0,2768
41,4203,5.0,2769
41,582,5.0,2770
41,310,5.0,2771
41,563,5.0,2772
41,6283,2.5,2773
41,2622,5.0,2774
41,3428,3.5,2775
41,728,5.0,2776
41,1612,3.0,2777
41,3285,3.0,2778
41,845,5.0,2779
41,3002,5.0,2780
41,2191,4.0,2781
41,2799,5.0,2782
41,2047,5.0,2783
41,1148,5.0,2784
41,277,5.0,2785
41,2502,4.0,2786
41,174,5.0,2787
41,1090,4.0,2788
41,318,4.0,2789
41,938,4.0,2790
41,3438,5.0,2791
41,796,5.0,2792
41,913,5.0,2793
41,2561,5.0,2794
41,879,5.0,2795
41,844,5.0,2796
41,422,5.0,2797
41,885,4.0,2798
41,2598,5.0,2799
41,17,5.0,2800
41,1508,4.0,2801
41,1434,5.0,2802
41,2558,5.0,2803
41,1795,4.0,2804
41,3447,5.0,2805
41,2024,4.0,2806
41,279,5.0,2807
41,3528,5.0,2808
41,540,4.0,2809
41,2560,5.0,2810
41,452,5.0,2811
41,1710,4.0,2812
41,424,5.0,2813
41,2515,4.0,2814
41,280,5.0,2815
41,224,4.0,2816
41,418,5.0,2817
41,1748,4.0,2818
41,2596,5.0,2819
41,636,5.0,2820
41,428,5.0,2821
41,3398,5.0,2822
41,847,5.0,2823
41,2559,5.0,2824
41,1147,5.0,2825
41,284,5.0,2826
41,1065,5.0,2827
41,2338,5.0,2828
41,795,5.0,2829
41,1829,5.0,2830
41,1152,5.0,2831
41,251,5.0,2832
41,3569,5.0,2833
41,536,5.0,2834
41,726,5.0,2835
41,3710,5.0,2836
41,2595,4.0,2837
41,2971,5.0,2838
41,3000,5.0,2839
41,3090,5.0,2840
41,1749,4.0,2841
41,229,5.0,2842
41,2466,5.0,2843
41,1686,5.0,2844
42,5863,5.0,2845
42,3193,5.0,2846
42,899,5.0,2847
42,3327,5.0,2848
42,4145,2.5,2849
42,6581,2.5,2850
42,4460,2.5,2851
42,2871,2.5,2852
42,510,2.5,2853
42,3364,2.5,2854
42,845,2.5,2855
42,319,2.5,2856
42,2554,2.5,2857
42,2115,2.5,2858
42,913,2.5,2859
42,2530,2.5,2860
42,1431,2.5,2861
42,1508,2.5,2862
42,1726,2.5,2863
42,2560,2.5,2864
42,1132,2.5,2865
42,424,2.5,2866
42,2456,2.5,2867
42,1390,2.5,2868
42,3401,2.5,2869
42,1907,2.5,2870
42,86,2.5,2871
42,1363,2.5,2872
42,1686,2.5,2873
42,3366,2.5,2874
42,1103,2.5,2875
42,3007,2.5,2876
42,378,2.5,2877
42,2948,2.5,2878
42,3622,2.5,2879
42,1210,2.5,2880
42,3247,2.5,2881
42,790,2.5,2882
42,1582,2.5,2883
42,3174,2.5,2884
42,3003,2.5,2885
42,2744,2.5,2886
42,3015,2.5,2887
42,1793,2.5,2888
42,2679,2.5,2889
42,2629,2.5,2890
42,421,2.5,2891
42,2402,2.5,2892
42,1348,2.5,2893
42,2465,2.5,2894
42,3195,2.5,2895
42,949,2.5,2896
42,1151,2.5,2897
42,2966,2.5,2898
42,3522,2.5,2899
42,666,2.5,2900
42,1734,2.5,2901
42,2190,2.5,2902
42,2849,2.5,2903
42,3565,2.5,2904
42,1520,2.5,2905
42,1339,2.5,2906
42,2808,2.5,2907
42,2253,2.5,2908
42,2117,2.5,2909
42,1254,2.5,2910
42,557,2.5,2911
42,2083,2.5,2912
42,2862,2.5,2913
42,2080,2.5,2914
42,3530,2.5,2915
42,2208,2.5,2916
42,667,2.5,2917
42,501,2.5,2918
42,3011,2.5,2919
42,1280,2.5,2920
42,2552,2.5,2921
42,2015,2.5,2922
42,1489,2.5,2923
42,4144,3.0,2924
43,4635,5.0,2925
43,975,5.0,2926
43,4678,2.5,2927
43,1028,4.0,2928
43,3593,4.0,2929
43,2485,5.0,2930
43,1790,3.0,2931
43,574,3.0,2932
43,2368,4.0,2933
43,1090,5.0,2934
43,3106,3.5,2935
43,844,5.0,2936
43,1508,5.0,2937
43,1795,4.0,2938
43,279,4.0,2939
43,280,4.0,2940
43,284,3.0,2941
43,1065,5.0,2942
43,251,2.0,2943
43,1146,3.0,2944
43,2213,4.0,2945
43,790,5.0,2946
43,2997,4.0,2947
43,421,5.0,2948
43,1348,5.0,2949
43,2465,5.0,2950
43,273,5.0,2951
43,3522,4.0,2952
43,2849,5.0,2953
43,2208,4.0,2954
43,3136,3.5,2955
43,899,4.0,2956
43,1489,4.0,2957
43,564,4.5,2958
43,3065,5.0,2959
43,803,5.0,2960
43,200,4.0,2961
43,2,5.0,2962
43,3097,5.0,2963
43,3327,3.0,2964
43,1115,5.0,2965
43,3420,4.0,2966
43,2404,3.5,2967
43,2410,5.0,2968
43,3257,5.0,2969
43,1019,5.0,2970
43,2224,5.0,2971
43,3261,5.0,2972
43,1240,5.0,2973
43,1117,5.0,2974
43,725,5.0,2975
43,290,5.0,2976
43,3259,5.0,2977
44,6158,2.5,2978
44,2485,3.0,2979
44,913,3.0,2980
44,844,3.0,2981
44,1434,3.5,2982
44,1065,3.5,2983
44,1530,3.5,2984
44,1369,4.5,2985
44,3622,4.0,2986
44,1348,4.0,2987
44,2849,5.0,2988
44,899,4.0,2989
44,975,3.5,2990
44,2,3.0,2991
44,3327,3.5,2992
44,2224,3.0,2993
44,725,3.0,2994
45,5525,5.0,2995
45,1851,5.0,2996
45,125,5.0,2997
45,2,5.0,2998
45,4405,4.0,2999
45,2863,2.5,3000
45,845,2.5,3001
45,2513,2.5,3002
45,319,2.5,3003
45,145,2.5,3004
45,913,2.5,3005
45,2088,2.5,3006
45,2195,5.0,3007
45,2560,2.5,3008
45,636,2.5,3009
45,1065,2.5,3010
45,1530,2.5,3011
45,1686,2.5,3012
45,1103,2.5,3013
45,2744,2.5,3014
45,1422,2.5,3015
45,2862,2.5,3016
45,667,2.5,3017
45,1280,2.5,3018
45,3136,2.5,3019
45,1755,2.5,3020
45,1489,2.5,3021
45,3197,2.5,3022
45,2567,2.5,3023
45,3420,2.5,3024
45,2211,2.5,3025
45,1068,2.5,3026
45,3134,2.5,3027
45,155,2.5,3028
46,3869,2.5,3029
46,236,2.5,3030
46,2103,2.5,3031
46,1316,2.5,3032
46,1028,2.5,3033
46,2903,2.5,3034
46,3409,2.5,3035
46,535,2.5,3036
46,728,2.5,3037
46,226,2.5,3038
46,3091,2.5,3039
46,3026,2.5,3040
46,2368,2.5,3041
46,2047,2.5,3042
46,1148,2.5,3043
46,1430,2.5,3044
46,231,2.5,3045
46,419,2.5,3046
46,1090,2.5,3047
46,2104,2.5,3048
46,3397,2.5,3049
46,796,2.5,3050
46,2756,2.5,3051
46,2561,2.5,3052
46,901,2.5,3053
46,2774,2.5,3054
46,2438,2.5,3055
46,3286,2.5,3056
46,422,2.5,3057
46,1963,2.5,3058
46,17,2.5,3059
46,2931,2.5,3060
46,1508,2.5,3061
46,1434,2.5,3062
46,2558,2.5,3063
46,1795,2.5,3064
46,2024,2.5,3065
46,279,2.5,3066
46,540,2.5,3067
46,686,2.5,3068
46,452,2.5,3069
46,1157,2.5,3070
46,108,2.5,3071
46,230,2.5,3072
46,727,2.5,3073
46,280,2.5,3074
46,98,2.5,3075
46,418,2.5,3076
46,1216,2.5,3077
46,3398,2.5,3078
46,1317,2.5,3079
46,2559,2.5,3080
46,1147,2.5,3081
46,284,2.5,3082
46,1604,2.5,3083
46,1428,2.5,3084
46,1065,2.5,3085
46,3643,2.5,3086
46,795,2.5,3087
46,2718,2.5,3088
46,2632,2.5,3089
46,536,2.5,3090
46,726,2.5,3091
46,685,2.5,3092
46,2572,2.5,3093
46,229,2.5,3094
46,2540,2.5,3095
46,2466,2.5,3096
46,278,2.5,3097
46,1054,2.5,3098
46,1009,2.5,3099
46,1503,2.5,3100
46,201,2.5,3101
47,6270,5.0,3102
47,2589,5.0,3103
47,5876,2.5,3104
47,2215,4.0,3105
47,275,3.5,3106
47,1028,3.5,3107
47,3593,3.0,3108
47,2648,4.5,3109
47,931,4.0,3110
47,87,3.5,3111
47,163,4.5,3112
47,728,3.0,3113
47,616,4.0,3114
47,845,5.0,3115
47,3019,5.0,3116
47,2368,2.0,3117
47,2554,5.0,3118
47,1148,4.0,3119
47,277,3.5,3120
47,2228,4.0,3121
47,174,5.0,3122
47,1090,2.5,3123
47,512,4.5,3124
47,1969,3.0,3125
47,3397,2.0,3126
47,3438,4.5,3127
47,796,2.0,3128
47,913,4.0,3129
47,2756,4.5,3130
47,2561,2.5,3131
47,879,3.0,3132
47,844,5.0,3133
47,2438,2.0,3134
47,3286,2.5,3135
47,422,3.0,3136
47,1671,3.0,3137
47,2699,3.5,3138
47,17,4.0,3139
47,1508,4.0,3140
47,1434,3.5,3141
47,3503,4.0,3142
47,2558,2.5,3143
47,2024,4.0,3144
47,2088,4.5,3145
47,279,2.5,3146
47,3528,3.5,3147
47,540,3.0,3148
47,2560,5.0,3149
47,452,2.5,3150
47,727,3.5,3151
47,280,2.5,3152
47,98,4.0,3153
47,1390,4.5,3154
47,418,2.5,3155
47,1216,4.0,3156
47,2596,0.5,3157
47,636,4.0,3158
47,428,5.0,3159
47,3398,3.5,3160
47,1391,3.5,3161
47,847,2.5,3162
47,2559,4.0,3163
47,1147,5.0,3164
47,284,4.0,3165
47,1604,4.0,3166
47,2338,5.0,3167
47,795,2.5,3168
47,1829,3.5,3169
47,2571,3.5,3170
47,536,5.0,3171
47,726,4.0,3172
47,3710,4.0,3173
47,3222,4.5,3174
47,2595,2.0,3175
47,3000,2.5,3176
47,5912,4.0,3177
47,3970,4.0,3178
47,4672,4.0,3179
48,4658,5.0,3180
48,4659,5.0,3181
48,6648,5.0,3182
48,4750,5.0,3183
48,4973,3.0,3184
48,6233,3.0,3185
48,6715,4.0,3186
48,4585,3.0,3187
48,6185,4.0,3188
48,4745,2.5,3189
48,4356,3.0,3190
48,4903,4.5,3191
48,3927,4.0,3192
48,3917,4.5,3193
48,3918,4.5,3194
48,6111,4.5,3195
48,6237,4.5,3196
48,4753,5.0,3197
48,4408,4.0,3198
48,5655,3.0,3199
48,6135,4.0,3200
48,6607,3.5,3201
48,6228,4.5,3202
48,5403,4.0,3203
48,4489,4.0,3204
48,4339,5.0,3205
48,6236,4.5,3206
48,4492,3.5,3207
48,5717,4.0,3208
48,6501,4.0,3209
48,6159,4.0,3210
48,5072,5.0,3211
48,6069,5.0,3212
48,3859,4.0,3213
48,5877,5.0,3214
48,5679,5.0,3215
48,6634,5.0,3216
48,5876,2.5,3217
48,2215,5.0,3218
48,1733,4.0,3219
48,1996,5.0,3220
48,3593,3.5,3221
48,931,3.0,3222
48,2485,4.0,3223
48,1974,3.0,3224
48,3364,3.0,3225
48,728,3.0,3226
48,226,4.0,3227
48,845,4.0,3228
48,3002,3.0,3229
48,996,1.5,3230
48,2047,4.0,3231
48,2554,4.5,3232
48,1090,2.5,3233
48,2561,4.5,3234
48,844,3.5,3235
48,2558,3.0,3236
48,279,4.5,3237
48,2560,4.5,3238
48,280,4.5,3239
48,1216,4.5,3240
48,284,4.0,3241
48,1369,5.0,3242
48,3622,5.0,3243
48,3269,4.0,3244
48,2465,4.0,3245
48,2849,5.0,3246
48,3703,4.0,3247
48,2862,4.0,3248
48,975,4.0,3249
48,3327,4.0,3250
48,2410,5.0,3251
48,3257,4.5,3252
48,2939,5.0,3253
48,2938,5.0,3254
49,6606,5.0,3255
49,6607,5.0,3256
49,5415,5.0,3257
49,5631,5.0,3258
49,4260,3.0,3259
49,5700,4.0,3260
49,6308,2.0,3261
49,6691,4.0,3262
49,3870,3.0,3263
49,5948,3.0,3264
49,4461,4.0,3265
49,5877,5.0,3266
49,4406,3.0,3267
49,5511,2.5,3268
49,5947,2.5,3269
49,2994,5.0,3270
49,275,2.5,3271
49,3711,2.5,3272
49,420,2.5,3273
49,3561,2.5,3274
49,2830,2.5,3275
49,1028,2.5,3276
49,3521,2.5,3277
49,87,2.5,3278
49,1790,2.5,3279
49,3334,2.5,3280
49,550,2.5,3281
49,1828,2.5,3282
49,1974,2.5,3283
49,1217,2.5,3284
49,3364,2.5,3285
49,1435,2.5,3286
49,287,2.5,3287
49,431,2.5,3288
49,1362,2.5,3289
49,3285,2.5,3290
49,1053,2.5,3291
49,1336,2.5,3292
49,3661,2.5,3293
49,3002,2.5,3294
49,996,2.5,3295
49,2191,2.5,3296
49,2368,2.5,3297
49,319,2.5,3298
49,865,2.5,3299
49,3382,2.5,3300
49,3289,2.5,3301
49,277,2.5,3302
49,2228,2.5,3303
49,1090,2.5,3304
49,3106,2.5,3305
49,809,2.5,3306
49,512,2.5,3307
49,3135,2.5,3308
49,913,2.5,3309
49,3501,2.5,3310
49,807,2.5,3311
49,879,2.5,3312
49,1961,2.5,3313
49,2774,2.5,3314
49,3540,2.5,3315
49,1671,2.5,3316
49,694,2.5,3317
49,2530,2.5,3318
49,885,2.5,3319
49,2699,2.5,3320
49,1024,2.5,3321
49,1508,2.5,3322
49,1434,2.5,3323
49,2259,2.5,3324
49,1795,2.5,3325
49,2088,2.5,3326
49,3528,2.5,3327
49,1132,2.5,3328
49,1710,2.5,3329
50,4185,5.0,3330
50,564,5.0,3331
50,277,5.0,3332
50,1240,5.0,3333
50,6574,2.5,3334
50,3561,3.0,3335
50,1028,3.0,3336
50,2648,2.5,3337
50,728,3.0,3338
50,845,4.0,3339
50,2047,4.0,3340
50,319,1.0,3341
50,2756,2.5,3342
50,2561,2.5,3343
50,844,3.0,3344
50,1434,5.0,3345
50,279,3.0,3346
50,2560,3.0,3347
50,280,4.0,3348
50,284,4.0,3349
50,1369,5.0,3350
50,1146,2.5,3351
50,3370,2.5,3352
50,790,4.0,3353
50,2997,2.5,3354
50,1348,4.0,3355
50,2465,5.0,3356
50,273,3.0,3357
50,1357,2.5,3358
50,3522,5.0,3359
50,2849,4.0,3360
50,2253,4.0,3361
50,1190,4.0,3362
50,3065,5.0,3363
50,1189,3.5,3364
50,200,3.0,3365
50,975,3.0,3366
50,3097,4.5,3367
50,3327,5.0,3368
50,3420,5.0,3369
50,2410,2.5,3370
50,3257,5.0,3371
50,1019,3.0,3372
50,725,4.5,3373
50,2938,5.0,3374
51,3724,2.5,3375
51,15,2.5,3376
51,2110,3.0,3377
51,3634,4.0,3378
51,2858,2.0,3379
51,912,2.5,3380
51,1514,1.5,3381
51,903,2.5,3382
51,1517,3.0,3383
51,1903,2.0,3384
51,3031,2.5,3385
51,3513,2.5,3386
51,1131,2.5,3387
51,213,2.5,3388
51,3633,2.5,3389
51,2640,2.5,3390
51,1608,2.5,3391
51,1362,2.5,3392
51,3285,2.5,3393
51,2308,2.5,3394
51,1708,2.5,3395
51,1102,2.5,3396
51,234,2.5,3397
51,2191,2.5,3398
51,2368,2.5,3399
51,319,4.5,3400
51,2099,3.5,3401
51,1308,3.0,3402
51,800,2.5,3403
51,1965,2.5,3404
51,3106,3.0,3405
51,807,3.5,3406
51,1856,2.5,3407
51,879,4.0,3408
51,2578,2.5,3409
51,694,2.5,3410
51,1023,3.5,3411
51,944,3.5,3412
51,1807,3.5,3413
51,1600,3.5,3414
51,3162,2.5,3415
51,1462,2.5,3416
51,2088,4.0,3417
51,183,2.5,3418
51,869,2.5,3419
51,1120,3.5,3420
51,2995,2.5,3421
51,1811,2.5,3422
51,3422,2.5,3423
51,2932,4.0,3424
51,1350,2.5,3425
51,2469,2.5,3426
51,1762,2.5,3427
51,2956,2.5,3428
51,2432,2.5,3429
51,1535,3.0,3430
51,1667,2.5,3431
51,315,4.0,3432
51,533,2.5,3433
51,1897,2.5,3434
51,1332,2.5,3435
51,3547,2.5,3436
51,1829,2.5,3437
51,320,2.5,3438
51,1530,3.5,3439
51,3691,2.5,3440
51,1753,2.5,3441
51,1209,2.5,3442
51,2805,2.5,3443
51,1467,3.0,3444
51,2084,2.5,3445
51,682,2.5,3446
51,2729,2.5,3447
52,5071,5.0,3448
52,1369,5.0,3449
52,5672,2.5,3450
52,1989,4.0,3451
52,3561,3.5,3452
52,2648,3.0,3453
52,535,2.0,3454
52,652,3.5,3455
52,728,2.5,3456
52,1362,3.0,3457
52,226,2.5,3458
52,845,4.5,3459
52,3661,3.5,3460
52,1095,4.5,3461
52,996,2.0,3462
52,2891,1.5,3463
52,2799,2.5,3464
52,2047,4.5,3465
52,319,3.0,3466
52,2554,4.0,3467
52,2656,4.0,3468
52,419,3.5,3469
52,2502,2.0,3470
52,3397,1.5,3471
52,3438,4.5,3472
52,796,2.5,3473
52,2756,3.5,3474
52,1444,4.0,3475
52,2561,4.0,3476
52,901,3.5,3477
52,2774,2.0,3478
52,844,4.0,3479
52,2438,3.5,3480
52,422,2.0,3481
52,3699,4.0,3482
52,2699,4.0,3483
52,2598,1.0,3484
52,1600,4.5,3485
52,1508,4.0,3486
52,2558,3.5,3487
52,2088,4.0,3488
52,279,4.0,3489
52,2560,4.5,3490
52,230,2.5,3491
52,1999,2.5,3492
52,280,4.0,3493
52,2260,4.0,3494
52,418,4.5,3495
52,2596,1.5,3496
52,1469,3.0,3497
52,3398,4.0,3498
52,847,4.0,3499
52,2559,3.5,3500
52,795,4.5,3501
52,251,4.5,3502
52,1530,4.0,3503
52,3691,4.5,3504
52,536,4.0,3505
52,726,3.0,3506
52,3710,4.5,3507
52,2595,3.5,3508
52,1824,4.0,3509
52,229,3.0,3510
52,1363,3.5,3511
52,278,3.0,3512
52,3670,4.0,3513
52,538,4.0,3514
52,3622,4.0,3515
52,3370,4.0,3516
52,1048,3.5,3517
52,2828,3.0,3518
52,3666,3.0,3519
52,2744,3.5,3520
52,1821,3.5,3521
53,5071,5.0,3522
53,1369,5.0,3523
53,2849,5.0,3524
53,1835,5.0,3525
53,6307,2.5,3526
53,3290,3.0,3527
53,1832,4.5,3528
53,34,3.5,3529
53,2994,3.0,3530
53,2202,3.5,3531
53,2027,3.5,3532
53,3561,4.0,3533
53,2648,3.0,3534
53,931,3.5,3535
53,3409,4.0,3536
53,2485,3.5,3537
53,535,3.0,3538
53,1830,3.5,3539
53,3454,3.0,3540
53,728,4.0,3541
53,1053,3.5,3542
53,1689,1.0,3543
53,845,4.0,3544
53,1095,3.5,3545
53,2985,4.0,3546
53,2799,3.5,3547
53,2047,4.0,3548
53,319,2.5,3549
53,1819,3.0,3550
53,2919,1.5,3551
53,2554,4.0,3552
53,3455,2.0,3553
53,957,2.0,3554
53,1148,4.5,3555
53,231,2.5,3556
53,419,3.0,3557
53,3106,3.5,3558
53,3397,3.0,3559
53,3438,4.5,3560
53,796,3.5,3561
53,1854,1.0,3562
53,2756,3.0,3563
53,901,2.5,3564
53,1961,3.5,3565
53,3540,2.0,3566
53,2438,3.5,3567
53,3286,3.5,3568
53,422,3.5,3569
53,1831,4.0,3570
53,932,2.0,3571
53,3699,3.0,3572
53,2699,3.0,3573
53,2598,1.0,3574
53,1508,4.0,3575
53,1016,4.0,3576
53,956,2.0,3577
53,2558,3.5,3578
53,2024,4.0,3579
53,2088,3.5,3580
53,279,4.5,3581
53,2444,2.0,3582
53,540,2.5,3583
53,2560,4.0,3584
53,514,2.5,3585
53,3539,3.0,3586
53,1132,4.0,3587
53,2467,3.5,3588
53,230,3.0,3589
53,727,4.0,3590
53,2515,3.0,3591
53,280,4.5,3592
53,2260,2.5,3593
53,418,4.0,3594
53,2596,1.0,3595
53,3398,3.5,3596
53,847,4.0,3597
53,2559,3.5,3598
54,4407,5.0,3599
54,2862,5.0,3600
54,2883,5.0,3601
54,5295,4.0,3602
54,4406,3.0,3603
54,4405,2.5,3604
54,3667,2.0,3605
54,2622,3.5,3606
54,3634,2.5,3607
54,2027,3.5,3608
54,1028,4.0,3609
54,510,4.5,3610
54,1517,5.0,3611
54,2485,4.5,3612
54,130,5.0,3613
54,3449,3.5,3614
54,3633,3.5,3615
54,2807,2.5,3616
54,350,2.5,3617
54,1395,2.5,3618
54,3491,2.5,3619
54,226,3.5,3620
54,3285,3.5,3621
54,1757,1.5,3622
54,3661,1.5,3623
54,3654,2.5,3624
54,2191,2.5,3625
54,2368,3.0,3626
54,319,4.5,3627
54,1954,2.5,3628
54,865,2.5,3629
54,469,2.5,3630
54,1683,2.5,3631
54,792,2.5,3632
54,913,4.5,3633
54,807,2.5,3634
54,3607,2.5,3635
54,1542,4.0,3636
54,694,2.5,3637
54,3207,2.5,3638
54,885,2.5,3639
54,1160,2.5,3640
54,2043,2.5,3641
54,1600,4.0,3642
54,1047,2.5,3643
54,3447,2.5,3644
54,2024,4.0,3645
54,2328,4.0,3646
54,460,3.5,3647
54,540,2.5,3648
54,2560,4.0,3649
54,452,2.5,3650
54,1132,4.5,3651
54,339,2.5,3652
54,3422,2.5,3653
54,727,2.5,3654
54,1057,2.5,3655
54,1390,3.5,3656
54,861,2.5,3657
54,2956,3.0,3658
54,1450,2.5,3659
54,3656,2.5,3660
54,636,4.5,3661
54,1317,2.5,3662
54,1535,4.0,3663
54,3256,2.5,3664
54,2010,2.5,3665
54,342,2.5,3666
54,531,3.5,3667
54,945,2.5,3668
54,1829,2.5,3669
54,1813,0.5,3670
54,2878,2.5,3671
54,1530,5.0,3672
54,985,4.0,3673
54,1985,2.5,3674
54,1753,2.5,3675
54,5294,4.0,3676
54,5217,4.0,3677
55,6073,5.0,3678
55,3245,5.0,3679
55,1527,5.0,3680
55,2456,5.0,3681
55,4460,2.5,3682
55,2871,2.5,3683
55,2215,4.0,3684
55,1733,2.0,3685
55,2027,2.5,3686
55,1028,4.0,3687
55,1161,5.0,3688
55,510,2.5,3689
55,3593,2.5,3690
55,931,2.5,3691
55,2485,3.0,3692
55,1974,2.5,3693
55,226,2.5,3694
55,3285,3.0,3695
55,845,4.0,3696
55,2368,2.5,3697
55,2047,4.0,3698
55,2115,2.5,3699
55,211,2.5,3700
55,2099,2.5,3701
55,145,4.0,3702
55,3438,2.5,3703
55,913,5.0,3704
55,2756,3.0,3705
55,807,2.5,3706
55,844,3.5,3707
55,17,2.5,3708
55,1434,3.0,3709
55,1795,2.5,3710
55,2088,4.0,3711
55,2195,2.5,3712
55,3054,2.5,3713
55,339,2.5,3714
55,1463,5.0,3715
55,636,2.5,3716
55,428,2.5,3717
55,1391,2.5,3718
55,1535,2.5,3719
55,1065,4.0,3720
55,531,2.5,3721
55,1851,2.5,3722
55,251,4.5,3723
55,1530,2.0,3724
55,1686,2.5,3725
55,1369,4.0,3726
55,1103,2.5,3727
55,1945,2.5,3728
55,2948,2.5,3729
55,3622,4.0,3730
55,3370,3.0,3731
55,1210,2.5,3732
55,2213,2.5,3733
55,3174,2.5,3734
55,834,2.5,3735
55,3269,2.5,3736
55,1347,2.5,3737
55,2402,2.5,3738
55,2465,2.5,3739
55,273,2.5,3740
55,1357,3.5,3741
55,3522,2.5,3742
55,47,2.5,3743
55,2849,4.0,3744
55,1709,2.5,3745
55,1952,2.5,3746
55,3703,2.5,3747
55,3192,2.5,3748
55,2862,2.5,3749
55,1186,2.5,3750
55,2208,2.5,3751
55,501,2.5,3752
55,5473,4.0,3753
56,4525,5.0,3754
56,877,5.0,3755
56,824,5.0,3756
56,219,5.0,3757
56,4405,2.5,3758
56,2863,5.0,3759
56,1789,5.0,3760
56,2103,5.0,3761
56,3667,2.0,3762
56,1229,5.0,3763
56,3711,5.0,3764
56,1986,2.0,3765
56,3371,5.0,3766
56,1989,5.0,3767
56,3561,3.0,3768
56,2607,3.0,3769
56,1028,1.0,3770
56,141,5.0,3771
56,3310,5.0,3772
56,1916,5.0,3773
56,3702,5.0,3774
56,494,5.0,3775
56,3689,5.0,3776
56,550,4.0,3777
56,3495,3.0,3778
56,3588,4.0,3779
56,728,4.0,3780
56,70,4.0,3781
56,764,5.0,3782
56,1362,4.0,3783
56,3302,2.0,3784
56,574,2.0,3785
56,3006,5.0,3786
56,2898,5.0,3787
56,2031,5.0,3788
56,245,4.0,3789
56,234,5.0,3790
56,3661,4.0,3791
56,2212,5.0,3792
56,3377,2.5,3793
56,2191,1.0,3794
56,2368,5.0,3795
56,3680,3.0,3796
56,2278,5.0,3797
56,2047,4.0,3798
56,319,2.0,3799
56,1900,4.0,3800
56,1746,2.5,3801
56,2233,5.0,3802
56,1148,4.0,3803
56,1890,4.0,3804
56,3161,5.0,3805
56,288,4.0,3806
56,2228,3.0,3807
56,886,4.0,3808
56,706,5.0,3809
56,2895,2.5,3810
56,1090,3.0,3811
56,433,5.0,3812
56,809,5.0,3813
56,512,4.0,3814
56,1804,4.0,3815
56,807,4.0,3816
56,2273,5.0,3817
56,2578,5.0,3818
56,3540,4.0,3819
56,1033,4.0,3820
56,3286,5.0,3821
56,1671,4.0,3822
56,694,5.0,3823
56,3421,5.0,3824
56,1704,3.0,3825
56,493,5.0,3826
56,906,5.0,3827
56,3207,5.0,3828
56,885,5.0,3829
57,6354,5.0,3830
57,6355,5.0,3831
57,5042,5.0,3832
57,4665,5.0,3833
57,4653,3.0,3834
57,4772,4.0,3835
57,4805,5.0,3836
57,4810,3.0,3837
57,4367,2.0,3838
57,5117,3.0,3839
57,4872,3.0,3840
57,5957,3.0,3841
57,5695,4.0,3842
57,5173,4.0,3843
57,5171,4.0,3844
57,4880,4.0,3845
57,5629,4.0,3846
57,5874,4.0,3847
57,4433,5.0,3848
57,6142,3.0,3849
57,4387,4.0,3850
57,4353,5.0,3851
57,5689,3.0,3852
57,5056,5.0,3853
57,6069,3.0,3854
57,4775,4.0,3855
57,6634,4.0,3856
57,6379,3.0,3857
57,4780,5.0,3858
57,4788,3.0,3859
57,4339,5.0,3860
57,4753,5.0,3861
57,6055,3.0,3862
57,6111,4.0,3863
57,3717,4.0,3864
57,4461,2.0,3865
57,5877,5.0,3866
57,5461,4.0,3867
57,5752,4.0,3868
57,3963,3.0,3869
57,5072,5.0,3870
57,4636,5.0,3871
57,5211,3.0,3872
57,5890,5.0,3873
57,5460,2.5,3874
57,1789,4.0,3875
57,2871,2.0,3876
57,2215,5.0,3877
57,319,3.0,3878
57,2699,3.0,3879
57,2024,4.0,3880
57,2088,4.0,3881
57,1530,3.0,3882
57,2971,3.0,3883
57,1369,5.0,3884
57,3622,4.0,3885
57,2213,4.0,3886
57,790,5.0,3887
57,1348,4.0,3888
57,1357,5.0,3889
57,2849,5.0,3890
57,3386,3.0,3891
57,740,2.0,3892
57,1952,4.0,3893
57,1139,3.0,3894
57,2859,4.0,3895
57,1490,4.0,3896
57,2015,3.0,3897
57,1489,4.0,3898
57,2958,5.0,3899
57,975,5.0,3900
57,1410,3.0,3901
57,1115,4.0,3902
57,1198,4.0,3903
57,2410,3.0,3904
57,3257,4.0,3905
57,2224,5.0,3906
57,2396,3.0,3907
57,2291,3.0,3908
57,3261,3.0,3909
57,1117,5.0,3910
57,725,5.0,3911
57,1127,3.0,3912
57,2938,5.0,3913
57,2946,4.0,3914
57,1013,3.0,3915
57,72,3.0,3916
57,7,4.0,3917
58,4607,5.0,3918
58,949,5.0,3919
58,2931,5.0,3920
58,2948,5.0,3921
58,5460,2.5,3922
58,1789,3.0,3923
58,3667,4.5,3924
58,66,3.0,3925
58,3588,3.0,3926
58,287,2.0,3927
58,226,4.0,3928
58,1053,2.5,3929
58,574,5.0,3930
58,3019,4.0,3931
58,2212,2.5,3932
58,2368,4.0,3933
58,2799,2.5,3934
58,259,2.5,3935
58,1148,2.5,3936
58,2676,2.0,3937
58,3106,3.0,3938
58,809,3.0,3939
58,3397,1.0,3940
58,661,3.0,3941
58,796,2.0,3942
58,3669,2.5,3943
58,879,2.5,3944
58,2530,2.5,3945
58,1972,4.5,3946
58,1600,4.5,3947
58,1434,2.5,3948
58,1795,2.5,3949
58,2024,4.5,3950
58,2088,2.5,3951
58,452,3.5,3952
58,1792,5.0,3953
58,339,4.5,3954
58,2911,4.0,3955
58,1350,2.5,3956
58,623,3.5,3957
58,1390,5.0,3958
58,224,2.5,3959
58,1216,2.5,3960
58,1317,2.5,3961
58,1866,2.5,3962
58,3256,2.5,3963
58,1147,2.5,3964
58,284,2.5,3965
58,1065,2.5,3966
58,531,4.0,3967
58,1829,2.5,3968
58,2571,2.5,3969
58,1753,2.5,3970
58,3710,2.5,3971
58,2770,4.0,3972
58,3102,2.5,3973
58,3622,5.0,3974
58,3370,5.0,3975
58,1984,2.5,3976
58,2953,2.5,3977
58,1383,2.5,3978
58,2144,2.5,3979
58,3174,2.5,3980
58,1853,2.5,3981
58,27,2.5,3982
58,3396,2.5,3983
58,1770,2.5,3984
58,421,2.5,3985
58,2402,2.5,3986
58,761,2.5,3987
58,1381,4.5,3988
58,160,2.5,3989
58,2465,2.5,3990
58,2966,2.5,3991
59,4565,5.0,3992
59,913,5.0,3993
59,2099,5.0,3994
59,2639,5.0,3995
59,4460,2.5,3996
59,2871,4.0,3997
59,2215,5.0,3998
59,3285,5.0,3999
59,2047,2.0,4000
59,2088,5.0,4001
59,1530,3.0,4002
59,1369,5.0,4003
59,3622,4.0,4004
59,3174,4.0,4005
59,1348,5.0,4006
59,899,5.0,4007
59,975,5.0,4008
59,3327,5.0,4009
59,2410,5.0,4010
59,2224,5.0,4011
59,3261,5.0,4012
59,6141,4.0,4013
60,6513,5.0,4014
60,3484,5.0,4015
60,834,5.0,4016
60,2104,5.0,4017
60,4678,2.5,4018
60,1028,5.0,4019
60,3593,1.0,4020
60,1974,0.5,4021
60,1612,3.0,4022
60,226,5.0,4023
60,3285,3.0,4024
60,845,5.0,4025
60,2368,5.0,4026
60,319,3.0,4027
60,1090,5.0,4028
60,844,5.0,4029
60,2530,2.5,4030
60,1600,4.0,4031
60,1508,5.0,4032
60,1795,5.0,4033
60,2088,5.0,4034
60,279,2.5,4035
60,3528,2.5,4036
60,280,2.5,4037
60,418,2.5,4038
60,1216,5.0,4039
60,636,2.5,4040
60,1391,2.5,4041
60,1065,5.0,4042
60,531,5.0,4043
60,251,2.5,4044
60,1363,2.5,4045
60,1369,5.0,4046
60,1146,2.5,4047
60,2998,2.5,4048
60,2997,2.5,4049
60,2679,4.0,4050
60,3522,2.5,4051
60,666,5.0,4052
60,3565,2.5,4053
60,2567,5.0,4054
60,2461,2.5,4055
60,2290,5.0,4056
60,3420,5.0,4057
60,3261,3.0,4058
60,725,2.0,4059
61,6463,5.0,4060
61,3444,5.0,4061
61,1117,5.0,4062
61,2592,5.0,4063
61,6210,2.5,4064
61,2530,3.5,4065
61,17,4.0,4066
61,1508,4.0,4067
61,1434,4.5,4068
61,1016,3.5,4069
61,2558,3.5,4070
61,2024,3.0,4071
61,2088,4.0,4072
61,279,4.0,4073
61,540,0.5,4074
61,2560,4.0,4075
61,452,4.0,4076
61,727,3.5,4077
61,280,3.5,4078
61,418,3.5,4079
61,2596,0.5,4080
61,2956,3.0,4081
61,636,4.5,4082
61,428,3.5,4083
61,3398,3.0,4084
61,1391,4.0,4085
61,2559,3.0,4086
61,1147,3.5,4087
61,284,3.0,4088
61,1604,4.0,4089
61,1065,3.0,4090
61,2338,3.5,4091
61,795,3.0,4092
61,2571,2.5,4093
61,536,2.0,4094
61,726,3.0,4095
61,3710,4.0,4096
61,2595,0.5,4097
61,2971,4.5,4098
61,3090,4.0,4099
61,1363,2.0,4100
61,278,2.5,4101
61,1503,3.5,4102
61,1369,5.0,4103
61,1427,3.0,4104
61,1146,3.0,4105
61,2731,2.5,4106
61,538,2.0,4107
61,2948,4.5,4108
61,3622,3.5,4109
61,3370,4.0,4110
61,2953,3.0,4111
61,1383,2.5,4112
61,790,5.0,4113
61,2850,4.0,4114
61,2730,4.0,4115
61,2744,3.0,4116
61,537,3.0,4117
61,1185,4.0,4118
61,834,3.0,4119
61,3396,2.5,4120
61,1184,3.5,4121
61,3269,3.5,4122
61,1348,4.0,4123
61,1381,3.5,4124
61,1276,3.5,4125
61,2465,4.5,4126
61,2849,5.0,4127
61,325,4.0,4128
61,975,4.0,4129
62,5142,2.5,4130
62,1434,5.0,4131
62,1795,5.0,4132
62,2088,4.0,4133
62,2560,3.0,4134
62,1530,3.0,4135
62,1369,4.0,4136
62,3370,4.0,4137
62,421,4.0,4138
62,1348,3.0,4139
62,47,4.0,4140
62,2849,4.0,4141
62,2862,4.0,4142
62,1489,4.0,4143
62,2567,4.0,4144
62,1115,4.0,4145
62,1019,4.0,4146
62,2224,4.0,4147
62,3261,5.0,4148
62,2938,5.0,4149
63,5628,5.0,4150
63,5629,5.0,4151
63,5402,2.5,4152
63,1733,2.5,4153
63,573,4.5,4154
63,1028,4.5,4155
63,510,4.5,4156
63,931,4.0,4157
63,2526,4.0,4158
63,652,4.0,4159
63,3285,5.0,4160
63,1523,4.5,4161
63,1924,4.0,4162
63,2191,3.5,4163
63,2799,3.0,4164
63,2047,5.0,4165
63,2554,4.0,4166
63,1492,4.0,4167
63,277,4.0,4168
63,2229,4.5,4169
63,3438,4.0,4170
63,807,4.0,4171
63,2155,4.5,4172
63,3540,3.5,4173
63,2131,4.0,4174
63,3287,3.5,4175
63,2524,3.5,4176
63,17,4.0,4177
63,2534,3.5,4178
63,1016,4.5,4179
63,1093,4.0,4180
63,2088,4.0,4181
63,582,4.5,4182
63,514,4.5,4183
63,3539,3.0,4184
63,2684,3.5,4185
63,1350,4.0,4186
63,2260,4.0,4187
63,2072,4.0,4188
63,428,4.0,4189
63,1866,4.0,4190
63,847,4.0,4191
63,711,3.5,4192
63,795,4.0,4193
63,106,5.0,4194
63,1152,4.0,4195
63,251,5.0,4196
63,1530,3.5,4197
63,2360,4.0,4198
63,2632,4.0,4199
63,3691,4.0,4200
63,3450,4.5,4201
63,726,4.0,4202
63,1522,4.5,4203
63,539,4.5,4204
63,1686,4.0,4205
63,2150,4.0,4206
63,1369,5.0,4207
63,1056,4.5,4208
63,1103,4.5,4209
63,1945,4.5,4210
63,3007,4.0,4211
63,1675,4.5,4212
63,3622,5.0,4213
63,640,5.0,4214
63,884,4.0,4215
63,2354,4.5,4216
63,2213,4.0,4217
63,2512,4.0,4218
63,3663,4.0,4219
63,1582,5.0,4220
63,321,4.5,4221
63,2866,4.5,4222
63,2216,5.0,4223
63,2330,4.0,4224
64,3835,5.0,4225
64,2730,5.0,4226
64,2850,5.0,4227
64,2195,5.0,4228
64,4460,2.5,4229
64,2871,2.5,4230
64,2215,2.5,4231
64,2994,2.5,4232
64,1733,2.5,4233
64,2027,2.5,4234
64,3593,2.5,4235
64,2903,2.5,4236
64,931,2.5,4237
64,1741,2.5,4238
64,1974,2.5,4239
64,1217,2.5,4240
64,1362,2.5,4241
64,226,2.5,4242
64,3285,2.5,4243
64,574,2.5,4244
64,845,2.5,4245
64,234,2.5,4246
64,319,2.5,4247
64,2554,2.5,4248
64,2099,2.5,4249
64,1090,2.5,4250
64,3106,2.5,4251
64,512,2.5,4252
64,913,2.5,4253
64,2756,2.5,4254
64,2561,2.5,4255
64,807,2.5,4256
64,844,2.5,4257
64,1508,2.5,4258
64,1434,2.5,4259
64,2088,2.5,4260
64,279,2.5,4261
64,2560,2.5,4262
64,339,2.5,4263
64,280,2.5,4264
64,98,2.5,4265
64,418,2.5,4266
64,3398,2.5,4267
64,1535,2.5,4268
64,2559,2.5,4269
64,1065,2.5,4270
64,531,2.5,4271
64,2571,2.5,4272
64,1530,2.5,4273
64,726,2.5,4274
64,1363,2.5,4275
64,1369,2.5,4276
64,1103,2.5,4277
64,1427,2.5,4278
64,1945,2.5,4279
64,1146,2.5,4280
64,3622,2.5,4281
64,3370,2.5,4282
64,2213,2.5,4283
64,125,2.5,4284
64,3174,2.5,4285
64,2997,2.5,4286
64,684,2.5,4287
64,1185,2.5,4288
64,2679,2.5,4289
64,1184,2.5,4290
64,3269,2.5,4291
64,421,2.5,4292
64,1348,2.5,4293
64,1276,2.5,4294
64,2465,2.5,4295
64,273,2.5,4296
64,1187,2.5,4297
64,2966,2.5,4298
65,4913,5.0,4299
65,2982,5.0,4300
65,1319,5.0,4301
65,1846,5.0,4302
65,4678,2.5,4303
65,1028,4.0,4304
65,3593,2.5,4305
65,2903,2.5,4306
65,33,2.5,4307
65,3409,2.5,4308
65,2485,2.5,4309
65,87,2.5,4310
65,535,2.5,4311
65,1217,2.5,4312
65,728,4.0,4313
65,2047,2.5,4314
65,319,2.5,4315
65,2554,5.0,4316
65,1148,2.5,4317
65,288,2.5,4318
65,419,4.0,4319
65,174,5.0,4320
65,512,4.0,4321
65,3397,2.5,4322
65,796,4.0,4323
65,2756,5.0,4324
65,2561,2.5,4325
65,807,2.5,4326
65,901,2.5,4327
65,2774,2.5,4328
65,2438,2.5,4329
65,3286,2.5,4330
65,422,2.5,4331
65,2530,5.0,4332
65,2598,2.5,4333
65,1508,2.5,4334
65,2534,2.5,4335
65,2558,2.5,4336
65,3447,2.5,4337
65,2024,4.0,4338
65,279,4.0,4339
65,3528,2.5,4340
65,540,2.5,4341
65,2560,2.5,4342
65,452,2.5,4343
65,3539,2.5,4344
65,339,4.0,4345
65,230,2.5,4346
65,727,2.5,4347
65,280,5.0,4348
65,2260,2.5,4349
65,418,2.5,4350
65,1216,2.5,4351
65,2596,2.5,4352
65,636,2.5,4353
65,428,2.5,4354
65,3398,2.5,4355
65,2559,2.5,4356
65,1147,2.5,4357
65,284,2.5,4358
65,1428,2.5,4359
65,1065,5.0,4360
65,2338,4.0,4361
65,795,2.5,4362
65,2571,2.5,4363
65,2632,2.5,4364
65,536,5.0,4365
65,726,2.5,4366
65,2595,2.5,4367
65,2971,4.0,4368
65,229,2.5,4369
65,1457,2.5,4370
65,1363,2.5,4371
65,278,2.5,4372
65,1503,2.5,4373
65,371,2.5,4374
65,1427,2.5,4375
65,6545,4.0,4376
66,3916,5.0,4377
66,279,5.0,4378
66,280,5.0,4379
66,3257,5.0,4380
66,5876,2.5,4381
66,2215,5.0,4382
66,2648,4.0,4383
66,2554,5.0,4384
66,1090,3.5,4385
66,3106,4.0,4386
66,1508,5.0,4387
66,2560,5.0,4388
66,284,4.5,4389
66,1369,5.0,4390
66,2948,5.0,4391
66,3370,5.0,4392
66,790,5.0,4393
66,2997,4.0,4394
66,3269,4.5,4395
66,1348,5.0,4396
66,273,4.5,4397
66,949,4.0,4398
66,1357,5.0,4399
66,2849,5.0,4400
66,1280,4.0,4401
66,3065,4.5,4402
66,1189,4.0,4403
66,3327,5.0,4404
66,1019,5.0,4405
66,2224,5.0,4406
66,290,5.0,4407
67,4774,5.0,4408
67,1115,5.0,4409
67,1952,5.0,4410
67,2396,5.0,4411
67,6159,3.5,4412
67,6231,2.5,4413
67,2557,4.0,4414
67,14,2.0,4415
67,1789,4.0,4416
67,2215,4.0,4417
67,3224,4.0,4418
67,1733,4.0,4419
67,2027,3.0,4420
67,3266,3.5,4421
67,1028,4.0,4422
67,1161,3.5,4423
67,510,3.0,4424
67,1517,4.0,4425
67,3244,2.5,4426
67,1478,2.0,4427
67,522,2.0,4428
67,2485,4.0,4429
67,444,2.5,4430
67,3449,4.0,4431
67,550,3.0,4432
67,1088,3.0,4433
67,2501,2.0,4434
67,298,3.0,4435
67,521,2.0,4436
67,574,3.0,4437
67,2898,3.0,4438
67,845,4.0,4439
67,2047,3.0,4440
67,319,2.0,4441
67,1492,3.0,4442
67,957,2.0,4443
67,2961,3.0,4444
67,1963,3.0,4445
67,1566,3.5,4446
67,968,3.0,4447
67,2909,4.0,4448
67,296,3.0,4449
67,3018,3.5,4450
67,1434,4.0,4451
67,1016,4.0,4452
67,956,2.5,4453
67,2024,3.5,4454
67,2088,4.0,4455
67,2560,4.0,4456
67,3190,2.5,4457
67,1391,4.0,4458
67,553,2.0,4459
67,2908,2.0,4460
67,284,5.0,4461
67,1065,3.0,4462
67,531,2.0,4463
67,1530,2.5,4464
67,3569,3.5,4465
67,3222,4.0,4466
67,2693,3.0,4467
67,1686,3.0,4468
67,2400,4.0,4469
67,1054,3.0,4470
67,1009,3.0,4471
67,1369,5.0,4472
67,2894,2.5,4473
67,1146,3.0,4474
67,2948,3.5,4475
67,627,3.0,4476
67,3622,4.0,4477
67,3370,4.0,4478
67,2213,4.0,4479
67,2694,3.0,4480
67,2968,3.5,4481
67,955,3.0,4482
67,790,3.0,4483
67,2477,3.5,4484
67,3174,4.0,4485
67,4635,4.0,4486
67,6158,3.0,4487
68,4192,5.0,4488
68,572,5.0,4489
68,794,5.0,4490
68,2659,5.0,4491
68,4656,2.5,4492
68,997,3.0,4493
68,3711,2.5,4494
68,573,5.0,4495
68,1517,5.0,4496
68,87,4.0,4497
68,1974,2.5,4498
68,2501,5.0,4499
68,350,4.0,4500
68,163,3.0,4501
68,1362,3.0,4502
68,3285,2.5,4503
68,876,1.0,4504
68,1757,1.0,4505
68,3661,3.0,4506
68,996,2.0,4507
68,2513,5.0,4508
68,2212,5.0,4509
68,2368,2.5,4510
68,319,2.5,4511
68,865,5.0,4512
68,3289,3.0,4513
68,1683,3.0,4514
68,2228,3.0,4515
68,2502,4.0,4516
68,792,1.0,4517
68,2104,5.0,4518
68,318,2.0,4519
68,872,4.0,4520
68,3478,5.0,4521
68,879,5.0,4522
68,2774,3.0,4523
68,2578,5.0,4524
68,2438,4.0,4525
68,3286,5.0,4526
68,2011,5.0,4527
68,964,1.0,4528
68,965,1.0,4529
68,1671,2.0,4530
68,694,5.0,4531
68,2530,2.0,4532
68,885,4.0,4533
68,2043,1.0,4534
68,2524,5.0,4535
68,379,5.0,4536
68,1047,4.0,4537
68,1431,5.0,4538
68,1434,2.5,4539
68,1392,5.0,4540
68,2558,4.0,4541
68,3447,4.0,4542
68,2088,2.5,4543
68,2328,5.0,4544
68,156,5.0,4545
68,279,2.5,4546
68,2444,5.0,4547
68,1279,4.0,4548
68,2244,4.0,4549
68,452,5.0,4550
68,3539,5.0,4551
68,3422,5.0,4552
68,1350,5.0,4553
68,727,5.0,4554
68,280,2.5,4555
68,1216,5.0,4556
68,636,5.0,4557
68,1391,4.0,4558
68,1535,2.5,4559
68,2559,2.5,4560
68,342,5.0,4561
68,3048,5.0,4562
68,4198,4.0,4563
69,6114,5.0,4564
69,2452,5.0,4565
69,319,5.0,4566
69,1115,5.0,4567
69,5876,2.5,4568
69,2215,5.0,4569
69,2047,4.0,4570
69,1508,2.5,4571
69,2088,5.0,4572
69,1530,5.0,4573
69,2567,4.5,4574
69,3327,4.0,4575
69,2410,5.0,4576
69,1019,4.5,4577
69,2224,5.0,4578
69,725,5.0,4579
70,4450,5.0,4580
70,803,5.0,4581
70,2554,5.0,4582
70,845,5.0,4583
70,4451,5.0,4584
70,6158,2.5,4585
70,2485,2.5,4586
70,3285,2.5,4587
70,2047,2.5,4588
70,2756,2.5,4589
70,844,2.5,4590
70,1508,2.5,4591
70,1434,2.5,4592
70,1795,2.5,4593
70,2088,2.5,4594
70,2560,2.5,4595
70,1065,2.5,4596
70,1369,2.5,4597
70,3370,2.5,4598
70,2849,2.5,4599
70,899,2.5,4600
70,2567,2.5,4601
70,200,2.5,4602
70,2,2.5,4603
70,3327,2.5,4604
71,4752,5.0,4605
71,2938,5.0,4606
71,2392,5.0,4607
71,192,5.0,4608
71,5876,2.5,4609
71,2215,4.5,4610
71,2994,3.5,4611
71,1175,2.5,4612
71,957,4.0,4613
71,1430,5.0,4614
71,3665,4.5,4615
71,956,3.5,4616
71,1429,5.0,4617
71,2886,4.0,4618
71,2908,3.5,4619
71,1428,5.0,4620
71,1758,5.0,4621
71,3222,4.0,4622
71,2770,5.0,4623
71,3090,4.5,4624
71,1562,5.0,4625
71,1686,5.0,4626
71,1054,4.0,4627
71,201,4.5,4628
71,1369,5.0,4629
71,1103,3.0,4630
71,1427,5.0,4631
71,3102,2.5,4632
71,2885,5.0,4633
71,2478,3.0,4634
71,2894,4.0,4635
71,430,5.0,4636
71,212,3.5,4637
71,3370,4.0,4638
71,1244,5.0,4639
71,2016,5.0,4640
71,2213,5.0,4641
71,1145,4.5,4642
71,955,4.0,4643
71,2953,3.0,4644
71,2093,4.5,4645
71,3701,4.0,4646
71,790,4.5,4647
71,2794,5.0,4648
71,2893,5.0,4649
71,3292,3.5,4650
71,2850,5.0,4651
71,2362,4.0,4652
71,1001,4.0,4653
71,1405,3.5,4654
71,1835,3.5,4655
71,1491,5.0,4656
71,3577,3.0,4657
71,432,4.5,4658
71,834,4.0,4659
71,1589,5.0,4660
71,977,5.0,4661
71,1464,5.0,4662
71,1722,5.0,4663
71,3103,5.0,4664
71,3517,4.5,4665
71,2892,5.0,4666
71,1348,4.0,4667
71,1144,5.0,4668
71,2792,4.0,4669
71,2465,5.0,4670
71,2785,5.0,4671
71,1550,5.0,4672
71,3295,5.0,4673
71,672,4.0,4674
71,1122,5.0,4675
71,3457,5.0,4676
71,2329,4.5,4677
71,3005,5.0,4678
71,741,3.5,4679
71,2740,4.0,4680
71,2604,5.0,4681
71,6042,4.0,4682
71,4439,4.0,4683
71,4432,4.0,4684
72,5571,2.5,4685
72,1899,2.5,4686
72,3176,2.5,4687
72,1980,2.5,4688
72,2446,2.5,4689
72,204,2.5,4690
72,2107,2.5,4691
72,2008,2.5,4692
72,2799,2.5,4693
72,319,2.5,4694
72,259,2.5,4695
72,941,2.5,4696
72,782,2.5,4697
72,2504,2.5,4698
72,277,2.5,4699
72,240,2.5,4700
72,3559,2.5,4701
72,807,2.5,4702
72,844,2.5,4703
72,3286,2.5,4704
72,2924,2.5,4705
72,651,2.5,4706
72,1968,2.5,4707
72,1913,2.5,4708
72,379,2.5,4709
72,3018,2.5,4710
72,1431,2.5,4711
72,1508,2.5,4712
72,3503,2.5,4713
72,2024,2.5,4714
72,1682,2.5,4715
72,2904,2.5,4716
72,1132,2.5,4717
72,3626,2.5,4718
72,3504,2.5,4719
72,424,2.5,4720
72,1390,2.5,4721
72,1891,2.5,4722
72,1317,2.5,4723
72,2855,2.5,4724
72,3401,2.5,4725
72,1496,2.5,4726
72,284,2.5,4727
72,1530,2.5,4728
72,3569,2.5,4729
72,3349,2.5,4730
72,3021,2.5,4731
72,1097,2.5,4732
72,539,2.5,4733
72,3222,2.5,4734
72,86,2.5,4735
72,2971,2.5,4736
72,2770,2.5,4737
72,388,2.5,4738
72,2572,2.5,4739
72,2466,2.5,4740
72,2686,2.5,4741
72,2678,2.5,4742
72,920,2.5,4743
72,1375,2.5,4744
72,1369,2.5,4745
72,1056,2.5,4746
72,2582,2.5,4747
72,1945,2.5,4748
72,3007,2.5,4749
72,378,2.5,4750
72,3617,2.5,4751
72,2948,2.5,4752
72,3115,2.5,4753
72,3370,2.5,4754
72,708,2.5,4755
72,8,2.5,4756
72,3365,2.5,4757
73,5170,5.0,4758
73,5171,5.0,4759
73,5790,5.0,4760
73,5056,5.0,4761
73,4775,5.0,4762
73,4673,4.0,4763
73,5403,4.0,4764
73,6228,4.0,4765
73,6069,5.0,4766
73,6665,5.0,4767
73,5192,3.0,4768
73,3844,3.0,4769
73,5042,3.0,4770
73,5143,3.0,4771
73,4339,4.0,4772
73,6236,3.0,4773
73,3714,3.0,4774
73,4718,5.0,4775
73,5717,4.0,4776
73,5890,3.0,4777
73,6501,4.0,4778
73,6634,4.0,4779
73,6159,4.0,4780
73,3963,3.0,4781
73,4636,5.0,4782
73,5072,5.0,4783
73,5402,2.5,4784
73,1733,4.0,4785
73,2485,4.0,4786
73,2047,4.0,4787
73,319,3.0,4788
73,2554,4.0,4789
73,1508,3.0,4790
73,1434,3.0,4791
73,2560,3.0,4792
73,1065,5.0,4793
73,1369,5.0,4794
73,3622,4.0,4795
73,3370,5.0,4796
73,3174,4.0,4797
73,1348,3.0,4798
73,1357,5.0,4799
73,2849,4.0,4800
73,1489,4.0,4801
73,200,3.0,4802
73,975,5.0,4803
73,2,3.0,4804
73,3327,4.0,4805
73,1115,5.0,4806
73,2410,5.0,4807
73,1019,4.0,4808
73,2224,3.0,4809
74,5852,5.0,4810
74,3192,5.0,4811
74,5876,2.5,4812
74,2215,4.0,4813
74,1249,1.0,4814
74,573,4.0,4815
74,3063,3.5,4816
74,2027,2.5,4817
74,2344,3.5,4818
74,3561,3.0,4819
74,1996,2.5,4820
74,510,3.0,4821
74,1029,0.5,4822
74,3593,3.5,4823
74,2648,2.5,4824
74,2424,3.0,4825
74,498,3.0,4826
74,130,4.0,4827
74,3053,4.0,4828
74,431,2.0,4829
74,728,3.5,4830
74,764,1.0,4831
74,1613,4.0,4832
74,1362,2.5,4833
74,1153,1.0,4834
74,2985,3.5,4835
74,2047,4.0,4836
74,2554,4.5,4837
74,145,2.5,4838
74,2088,5.0,4839
74,2560,4.0,4840
74,1065,4.0,4841
74,106,4.5,4842
74,251,4.0,4843
74,1530,4.0,4844
74,3691,4.5,4845
74,1686,3.5,4846
74,1369,4.5,4847
74,2948,2.0,4848
74,3622,5.0,4849
74,2213,4.5,4850
74,2512,3.5,4851
74,606,2.0,4852
74,1347,2.5,4853
74,1348,4.0,4854
74,1276,5.0,4855
74,2465,4.5,4856
74,1357,4.5,4857
74,2849,3.0,4858
74,3565,3.5,4859
74,2253,5.0,4860
74,1952,4.0,4861
74,3138,2.5,4862
74,2859,4.5,4863
74,1597,3.5,4864
74,2472,2.0,4865
74,1280,2.0,4866
74,1190,5.0,4867
74,899,1.0,4868
74,3066,5.0,4869
74,2015,4.0,4870
74,3067,5.0,4871
74,3065,5.0,4872
74,1299,4.5,4873
74,2567,3.5,4874
74,1777,2.5,4875
74,2383,4.5,4876
74,1884,4.0,4877
74,3327,5.0,4878
74,2114,3.5,4879
74,2410,4.0,4880
74,1019,4.0,4881
74,3056,3.5,4882
74,1117,3.5,4883
75,6484,5.0,4884
75,3323,5.0,4885
75,3086,5.0,4886
75,2220,5.0,4887
75,5402,2.5,4888
75,1733,2.5,4889
75,2027,2.5,4890
75,1957,2.5,4891
75,510,2.5,4892
75,3176,2.5,4893
75,1950,2.5,4894
75,1790,2.5,4895
75,1401,2.5,4896
75,524,2.5,4897
75,1612,2.5,4898
75,113,2.5,4899
75,845,2.5,4900
75,918,2.5,4901
75,2799,2.5,4902
75,2047,2.5,4903
75,211,2.5,4904
75,1345,2.5,4905
75,2754,2.5,4906
75,457,2.5,4907
75,2680,2.5,4908
75,2756,2.5,4909
75,3137,2.5,4910
75,1578,2.5,4911
75,2550,2.5,4912
75,844,2.5,4913
75,836,2.5,4914
75,3343,2.5,4915
75,908,2.5,4916
75,3018,2.5,4917
75,2534,2.5,4918
75,1434,2.5,4919
75,3503,2.5,4920
75,1795,2.5,4921
75,2339,2.5,4922
75,2088,2.5,4923
75,3054,2.5,4924
75,1034,2.5,4925
75,1259,2.5,4926
75,2993,2.5,4927
75,254,2.5,4928
75,1390,2.5,4929
75,1216,2.5,4930
75,2126,2.5,4931
75,1866,2.5,4932
75,3256,2.5,4933
75,1114,2.5,4934
75,618,2.5,4935
75,2020,2.5,4936
75,1065,2.5,4937
75,106,2.5,4938
75,1851,2.5,4939
75,2965,2.5,4940
75,1453,2.5,4941
75,2316,2.5,4942
75,1369,2.5,4943
75,371,2.5,4944
75,1358,2.5,4945
75,1945,2.5,4946
75,2948,2.5,4947
75,3622,2.5,4948
75,1992,2.5,4949
75,1991,2.5,4950
75,3370,2.5,4951
75,3296,2.5,4952
75,3365,2.5,4953
75,2610,2.5,4954
75,907,2.5,4955
75,3093,2.5,4956
75,2850,2.5,4957
75,1208,2.5,4958
75,1853,2.5,4959
75,1226,2.5,4960
75,4701,4.0,4961
76,5071,5.0,4962
76,1369,5.0,4963
76,6606,2.5,4964
76,3593,4.5,4965
76,2485,3.5,4966
76,1974,4.0,4967
76,845,4.5,4968
76,2047,4.0,4969
76,3106,4.0,4970
76,512,3.5,4971
76,1969,3.5,4972
76,913,4.5,4973
76,844,4.0,4974
76,17,4.5,4975
76,1431,4.0,4976
76,1434,3.5,4977
76,3503,4.0,4978
76,1795,4.5,4979
76,2024,4.0,4980
76,3054,4.5,4981
76,1216,4.5,4982
76,428,4.5,4983
76,284,4.5,4984
76,1065,4.0,4985
76,251,3.5,4986
76,1686,4.0,4987
76,3370,4.0,4988
76,790,4.5,4989
76,834,4.5,4990
76,949,4.0,4991
76,1357,4.0,4992
76,2849,4.5,4993
76,1952,4.0,4994
76,3011,3.5,4995
76,3066,4.0,4996
76,1489,4.0,4997
76,986,3.5,4998
76,3067,4.0,4999
76,3065,4.0,5000
76,1845,3.5,5001
76,2461,3.5,5002
76,803,3.5,5003
76,200,3.5,5004
76,3327,4.0,5005
76,2224,4.5,5006
77,4013,5.0,5007
77,4014,5.0,5008
77,6576,5.0,5009
77,5890,5.0,5010
77,6545,4.0,5011
77,6546,4.5,5012
77,6142,4.5,5013
77,3844,4.0,5014
77,4516,4.5,5015
77,3933,4.0,5016
77,4791,4.5,5017
77,4792,2.5,5018
77,6056,4.0,5019
77,6109,4.0,5020
77,5815,5.0,5021
77,4632,5.0,5022
77,4842,5.0,5023
77,5198,3.5,5024
77,6309,4.0,5025
77,3936,5.0,5026
77,6501,4.0,5027
77,5255,4.5,5028
77,4425,5.0,5029
77,6237,4.5,5030
77,5137,4.0,5031
77,3873,5.0,5032
77,6239,3.5,5033
77,6061,3.5,5034
77,3917,3.5,5035
77,4420,4.5,5036
77,6048,3.5,5037
77,5913,4.0,5038
77,4339,4.0,5039
77,6236,4.0,5040
77,6228,3.5,5041
77,4542,3.0,5042
77,4544,4.5,5043
77,5442,4.5,5044
77,6409,4.5,5045
77,3874,5.0,5046
77,5997,4.5,5047
77,6259,3.0,5048
77,4528,4.0,5049
77,5960,4.0,5050
77,6258,3.0,5051
77,6261,3.0,5052
77,6271,4.0,5053
77,6373,5.0,5054
77,3977,4.0,5055
77,5042,4.5,5056
77,6665,4.5,5057
77,5717,4.0,5058
77,5876,2.5,5059
77,2215,4.5,5060
77,1996,5.0,5061
77,1517,3.5,5062
77,2485,4.0,5063
77,2047,4.0,5064
77,2554,3.5,5065
77,2756,4.0,5066
77,2561,4.5,5067
77,3410,5.0,5068
77,279,3.5,5069
77,3528,4.5,5070
77,2560,4.0,5071
77,2886,3.0,5072
77,1065,5.0,5073
77,2338,4.5,5074
77,1369,5.0,5075
77,1427,4.0,5076
77,2885,4.5,5077
77,3622,4.0,5078
77,3370,4.5,5079
77,2144,5.0,5080
77,2402,3.5,5081
77,1348,4.5,5082
77,2966,5.0,5083
77,2849,4.0,5084
77,2644,4.0,5085
77,238,5.0,5086
77,2592,3.0,5087
77,3408,4.5,5088
77,2443,4.0,5089
77,866,4.5,5090
77,2397,4.0,5091
77,2591,3.0,5092
77,2551,3.5,5093
77,3562,5.0,5094
77,1777,4.5,5095
77,200,4.0,5096
77,2590,3.0,5097
77,2,5.0,5098
77,3327,4.0,5099
77,2711,5.0,5100
77,239,5.0,5101
77,2224,5.0,5102
77,3261,4.5,5103
77,291,4.0,5104
77,725,4.5,5105
77,776,4.5,5106
77,1570,4.5,5107
77,971,5.0,5108
77,290,5.0,5109
77,2392,3.5,5110
77,2302,4.0,5111
77,1130,4.5,5112
77,2242,4.0,5113
77,2884,4.0,5114
77,1129,2.5,5115
77,2589,4.0,5116
77,781,5.0,5117
77,4352,3.0,5118
78,4355,2.5,5119
78,728,2.5,5120
78,1362,2.5,5121
78,2047,2.5,5122
78,319,2.5,5123
78,277,2.5,5124
78,807,2.5,5125
78,1600,2.5,5126
78,2088,2.5,5127
78,636,2.5,5128
78,1391,2.5,5129
78,284,2.5,5130
78,531,2.5,5131
78,726,2.5,5132
78,1363,2.5,5133
78,1369,2.5,5134
78,1146,2.5,5135
78,3174,2.5,5136
78,2744,2.5,5137
78,2997,2.5,5138
78,273,2.5,5139
78,3484,2.5,5140
78,1709,2.5,5141
78,2253,2.5,5142
78,2862,2.5,5143
78,1186,2.5,5144
78,2208,2.5,5145
78,1280,2.5,5146
78,1190,2.5,5147
78,3136,2.5,5148
78,1755,2.5,5149
78,1272,2.5,5150
78,2990,2.5,5151
78,1189,2.5,5152
78,2567,2.5,5153
78,2461,2.5,5154
78,2,2.5,5155
78,3694,2.5,5156
78,3420,2.5,5157
78,353,2.5,5158
78,1240,2.5,5159
78,725,2.5,5160
78,290,2.5,5161
79,5992,5.0,5162
79,2335,5.0,5163
79,2333,5.0,5164
79,1378,5.0,5165
79,6266,2.5,5166
79,2597,2.0,5167
79,1789,3.5,5168
79,2215,4.0,5169
79,2622,1.5,5170
79,909,4.0,5171
79,3634,2.0,5172
79,2288,4.0,5173
79,3561,3.5,5174
79,2903,2.0,5175
79,1517,3.5,5176
79,2648,2.5,5177
79,3616,5.0,5178
79,3633,2.0,5179
79,728,2.5,5180
79,827,4.0,5181
79,1362,3.0,5182
79,1668,4.5,5183
79,2235,4.0,5184
79,1153,4.5,5185
79,16,4.0,5186
79,3002,1.0,5187
79,2799,4.0,5188
79,2047,2.5,5189
79,319,2.5,5190
79,2554,4.5,5191
79,1148,3.5,5192
79,687,3.5,5193
79,2099,3.0,5194
79,277,3.0,5195
79,2656,4.0,5196
79,25,3.5,5197
79,1090,3.5,5198
79,3106,3.0,5199
79,512,4.0,5200
79,1969,2.5,5201
79,872,2.0,5202
79,3438,3.0,5203
79,796,1.5,5204
79,913,3.5,5205
79,2756,4.5,5206
79,3482,4.5,5207
79,2561,3.5,5208
79,753,4.5,5209
79,2530,2.0,5210
79,1402,3.5,5211
79,1379,3.5,5212
79,675,4.5,5213
79,17,4.5,5214
79,1508,3.5,5215
79,1434,4.0,5216
79,3503,3.5,5217
79,3594,4.0,5218
79,2558,2.0,5219
79,2024,3.0,5220
79,2088,4.5,5221
79,279,4.0,5222
79,2560,4.5,5223
79,686,4.0,5224
79,339,3.0,5225
79,280,4.5,5226
79,335,4.0,5227
79,418,3.0,5228
79,2956,2.0,5229
79,636,4.5,5230
79,428,4.0,5231
79,3398,1.5,5232
79,1391,3.0,5233
79,847,3.0,5234
79,2559,3.5,5235
79,1147,4.0,5236
79,284,4.0,5237
79,1065,3.5,5238
80,5357,5.0,5239
80,5358,5.0,5240
80,6236,5.0,5241
80,5890,5.0,5242
80,4194,3.0,5243
80,4195,2.5,5244
80,4446,2.5,5245
80,5700,2.5,5246
80,3950,2.5,5247
80,5135,2.5,5248
80,5133,2.5,5249
80,5132,2.5,5250
80,5137,5.0,5251
80,6183,5.0,5252
80,5998,2.5,5253
80,5396,2.5,5254
80,5211,5.0,5255
80,4078,2.5,5256
80,5838,2.5,5257
80,6413,5.0,5258
80,4494,2.5,5259
80,5965,2.5,5260
80,5056,2.5,5261
80,4433,5.0,5262
80,5752,2.5,5263
80,6244,2.5,5264
80,6041,2.5,5265
80,5420,2.5,5266
80,5417,2.5,5267
80,5422,5.0,5268
80,4636,2.5,5269
80,4753,2.5,5270
80,6111,2.5,5271
80,6055,5.0,5272
80,5800,2.5,5273
80,5336,2.5,5274
80,4132,2.5,5275
80,5982,2.5,5276
80,4541,5.0,5277
80,4489,2.5,5278
80,4492,5.0,5279
80,4533,2.5,5280
80,3927,2.5,5281
80,5143,2.5,5282
80,4337,2.5,5283
80,4339,2.5,5284
80,5043,2.5,5285
80,4962,5.0,5286
80,3863,2.5,5287
80,4554,2.5,5288
80,4046,2.5,5289
80,6101,2.5,5290
80,6397,5.0,5291
80,3834,5.0,5292
80,5699,2.5,5293
80,2027,2.5,5294
80,1028,5.0,5295
80,306,2.5,5296
80,1053,5.0,5297
80,574,2.5,5298
80,2322,2.5,5299
80,845,2.5,5300
80,2554,5.0,5301
80,1430,2.5,5302
80,419,2.5,5303
80,1149,5.0,5304
80,888,5.0,5305
80,3397,2.5,5306
80,796,2.5,5307
80,2561,5.0,5308
80,807,2.5,5309
80,3410,5.0,5310
80,901,2.5,5311
80,844,5.0,5312
80,2438,2.5,5313
80,2310,2.5,5314
80,843,5.0,5315
80,3268,5.0,5316
80,1434,2.5,5317
80,1726,2.5,5318
80,2558,5.0,5319
80,2088,2.5,5320
80,2195,2.5,5321
80,1429,2.5,5322
80,2560,5.0,5323
80,1132,2.5,5324
80,2340,2.5,5325
80,230,2.5,5326
80,280,2.5,5327
80,418,2.5,5328
80,3398,2.5,5329
80,847,5.0,5330
80,2559,5.0,5331
80,1147,2.5,5332
80,284,2.5,5333
80,1428,2.5,5334
80,531,2.5,5335
80,795,2.5,5336
80,1530,5.0,5337
80,3222,5.0,5338
80,229,5.0,5339
80,1686,5.0,5340
80,278,2.5,5341
80,1369,5.0,5342
80,1427,5.0,5343
80,1146,2.5,5344
80,2731,5.0,5345
80,1383,2.5,5346
80,790,5.0,5347
80,882,2.5,5348
80,2850,2.5,5349
80,2730,5.0,5350
80,537,5.0,5351
80,1185,5.0,5352
80,3396,5.0,5353
80,1661,2.5,5354
80,1184,5.0,5355
80,1348,5.0,5356
80,1381,2.5,5357
80,446,2.5,5358
80,1187,5.0,5359
80,1357,2.5,5360
80,2849,2.5,5361
80,3010,2.5,5362
80,1382,5.0,5363
80,1188,5.0,5364
80,2553,5.0,5365
80,5837,4.0,5366
80,4820,4.0,5367
80,5092,3.0,5368
81,5402,2.5,5369
81,1733,3.0,5370
81,3561,3.0,5371
81,931,3.5,5372
81,2047,3.5,5373
81,2099,5.0,5374
81,277,4.0,5375
81,1090,3.0,5376
81,3438,4.5,5377
81,2756,4.0,5378
81,2561,3.0,5379
81,807,2.5,5380
81,1434,4.5,5381
81,2558,3.0,5382
81,279,5.0,5383
81,280,4.0,5384
81,418,3.0,5385
81,2559,3.0,5386
81,284,4.0,5387
81,726,3.0,5388
81,1369,5.0,5389
81,1146,3.5,5390
81,2948,2.0,5391
81,3370,4.5,5392
81,2998,3.5,5393
81,2744,4.0,5394
81,2997,4.5,5395
81,1348,4.5,5396
81,2465,5.0,5397
81,273,4.0,5398
81,949,3.0,5399
81,3522,4.0,5400
81,2849,5.0,5401
81,1382,4.0,5402
81,2253,4.0,5403
81,564,3.5,5404
81,2461,4.0,5405
81,3444,4.0,5406
81,1019,4.0,5407
82,6285,2.5,5408
82,3280,4.0,5409
82,3285,4.0,5410
82,270,5.0,5411
82,269,5.0,5412
82,319,1.0,5413
82,2554,4.0,5414
82,419,3.0,5415
82,3397,2.0,5416
82,2561,3.0,5417
82,292,2.0,5418
82,1434,3.0,5419
82,3549,5.0,5420
82,2088,4.0,5421
82,2560,4.0,5422
82,418,3.0,5423
82,1065,5.0,5424
82,1369,5.0,5425
82,3370,4.0,5426
82,975,5.0,5427
82,3327,5.0,5428
82,7,5.0,5429
83,4565,5.0,5430
83,4566,5.0,5431
83,6145,5.0,5432
83,5790,5.0,5433
83,4190,4.0,5434
83,4191,5.0,5435
83,6228,5.0,5436
83,4553,5.0,5437
83,5658,3.5,5438
83,3593,4.0,5439
83,3633,5.0,5440
83,3285,4.0,5441
83,3106,4.0,5442
83,1795,4.5,5443
83,2088,5.0,5444
83,2560,5.0,5445
83,1065,5.0,5446
83,531,2.0,5447
83,371,5.0,5448
83,1103,4.0,5449
83,47,3.5,5450
83,617,5.0,5451
83,2253,5.0,5452
83,2862,5.0,5453
83,1755,4.0,5454
83,3065,5.0,5455
83,2567,5.0,5456
83,1559,5.0,5457
83,2,4.5,5458
83,3327,5.0,5459
83,1115,5.0,5460
83,1487,5.0,5461
83,725,5.0,5462
84,5210,5.0,5463
84,5211,5.0,5464
84,3174,5.0,5465
84,5678,3.5,5466
84,5679,5.0,5467
84,5461,5.0,5468
84,4277,5.0,5469
84,6422,5.0,5470
84,6334,5.0,5471
84,4112,5.0,5472
84,5890,4.0,5473
84,6651,5.0,5474
84,4661,5.0,5475
84,3714,5.0,5476
84,4734,4.0,5477
84,6501,5.0,5478
84,5192,4.0,5479
84,5460,2.5,5480
84,2871,4.0,5481
84,1733,3.5,5482
84,498,2.5,5483
84,3285,3.0,5484
84,338,3.0,5485
84,449,3.0,5486
84,2561,3.0,5487
84,807,3.5,5488
84,731,3.0,5489
84,1508,4.0,5490
84,1434,3.5,5491
84,3503,4.0,5492
84,1795,5.0,5493
84,995,3.0,5494
84,1792,4.0,5495
84,683,5.0,5496
84,1999,5.0,5497
84,1216,4.0,5498
84,1535,4.5,5499
84,1065,3.0,5500
84,531,4.5,5501
84,1530,5.0,5502
84,1753,3.0,5503
84,3533,4.0,5504
84,1103,4.0,5505
84,3622,4.0,5506
84,3370,3.0,5507
84,3604,4.0,5508
84,2216,4.0,5509
84,2679,5.0,5510
84,3269,3.0,5511
84,421,4.0,5512
84,3416,5.0,5513
84,1003,5.0,5514
84,666,5.0,5515
84,3638,2.5,5516
84,1709,4.0,5517
84,478,5.0,5518
84,785,3.0,5519
84,500,3.0,5520
84,2862,3.0,5521
84,2452,4.0,5522
84,63,3.0,5523
84,1755,3.0,5524
84,1030,2.5,5525
84,3392,4.0,5526
84,1082,4.0,5527
84,2,3.0,5528
84,3327,5.0,5529
84,3639,5.0,5530
84,2404,4.0,5531
84,631,2.5,5532
84,2224,4.0,5533
84,3259,3.5,5534
85,5852,5.0,5535
85,5853,5.0,5536
85,4585,5.0,5537
85,6069,5.0,5538
85,4267,3.0,5539
85,4268,2.5,5540
85,4269,3.0,5541
85,4266,5.0,5542
85,4271,5.0,5543
85,4411,5.0,5544
85,4412,5.0,5545
85,5665,4.0,5546
85,4636,5.0,5547
85,5422,4.0,5548
85,6135,5.0,5549
85,5808,5.0,5550
85,5809,2.5,5551
85,5806,5.0,5552
85,5807,4.0,5553
85,5810,2.5,5554
85,4863,5.0,5555
85,4862,2.5,5556
85,4865,2.5,5557
85,4867,4.0,5558
85,4864,4.0,5559
85,4871,5.0,5560
85,4861,2.5,5561
85,4869,4.0,5562
85,6634,4.0,5563
85,5243,5.0,5564
85,6048,4.0,5565
85,4353,5.0,5566
85,3950,5.0,5567
85,5133,5.0,5568
85,5132,4.0,5569
85,5137,5.0,5570
85,4337,4.0,5571
85,3971,5.0,5572
85,5442,4.0,5573
85,5042,5.0,5574
85,4339,4.0,5575
85,5717,5.0,5576
85,5072,4.0,5577
85,5877,5.0,5578
85,5434,5.0,5579
85,4775,5.0,5580
85,6323,2.5,5581
85,3781,2.5,5582
85,4111,2.5,5583
85,3804,2.5,5584
85,6220,2.5,5585
85,3975,2.5,5586
85,4410,2.5,5587
85,771,5.0,5588
85,2215,5.0,5589
85,770,5.0,5590
85,2830,4.0,5591
85,931,5.0,5592
85,306,5.0,5593
85,2047,5.0,5594
85,1430,3.0,5595
85,2831,3.0,5596
85,1429,5.0,5597
85,2139,5.0,5598
85,1428,4.0,5599
85,1753,5.0,5600
85,2829,5.0,5601
85,1562,5.0,5602
85,1369,4.0,5603
85,1427,5.0,5604
85,3622,4.0,5605
85,2828,5.0,5606
85,1984,4.0,5607
85,2850,4.0,5608
85,1185,5.0,5609
85,2140,5.0,5610
85,1184,4.0,5611
85,1348,5.0,5612
85,2465,5.0,5613
85,1187,5.0,5614
85,2849,4.0,5615
85,1188,4.0,5616
85,2137,5.0,5617
85,3192,5.0,5618
85,2138,4.0,5619
85,1186,4.0,5620
85,325,5.0,5621
85,1190,5.0,5622
85,2141,5.0,5623
85,1183,4.0,5624
85,1189,4.0,5625
85,1777,4.0,5626
85,975,5.0,5627
85,3097,4.0,5628
85,1115,5.0,5629
85,2410,5.0,5630
85,725,5.0,5631
85,2392,4.0,5632
85,5876,4.0,5633
86,5408,5.0,5634
86,3092,5.0,5635
86,2938,5.0,5636
86,3261,5.0,5637
86,3844,5.0,5638
86,6572,2.5,5639
86,6684,2.5,5640
86,5757,2.5,5641
86,2097,5.0,5642
86,1860,3.0,5643
86,2658,5.0,5644
86,236,5.0,5645
86,1789,5.0,5646
86,1556,1.5,5647
86,2215,3.0,5648
86,3667,5.0,5649
86,2423,4.0,5650
86,2994,2.5,5651
86,275,1.0,5652
86,3711,2.0,5653
86,3634,3.0,5654
86,1733,4.0,5655
86,2027,5.0,5656
86,3561,5.0,5657
86,1028,5.0,5658
86,510,3.0,5659
86,3593,5.0,5660
86,2903,2.0,5661
86,1517,5.0,5662
86,2648,4.0,5663
86,33,2.5,5664
86,931,5.0,5665
86,1741,3.0,5666
86,3409,1.0,5667
86,2485,5.0,5668
86,87,2.0,5669
86,1790,5.0,5670
86,650,3.0,5671
86,1974,5.0,5672
86,1088,5.0,5673
86,3633,3.0,5674
86,1217,5.0,5675
86,3364,4.0,5676
86,652,3.0,5677
86,728,5.0,5678
86,1612,5.0,5679
86,1362,5.0,5680
86,226,3.0,5681
86,3285,5.0,5682
86,574,3.0,5683
86,845,3.0,5684
86,234,4.0,5685
86,3661,4.0,5686
86,3002,2.0,5687
86,2212,3.0,5688
86,2191,5.0,5689
86,2368,3.0,5690
86,2047,4.0,5691
86,319,3.0,5692
86,2554,5.0,5693
86,211,5.0,5694
86,1492,4.0,5695
86,1148,5.0,5696
86,3289,4.0,5697
86,469,2.0,5698
86,2099,3.0,5699
86,288,5.0,5700
86,277,2.0,5701
86,2228,2.0,5702
86,706,4.0,5703
86,1090,5.0,5704
86,3106,5.0,5705
86,2754,5.0,5706
86,2104,5.0,5707
86,318,5.0,5708
86,512,5.0,5709
86,1969,5.0,5710
86,145,3.0,5711
86,3438,5.0,5712
86,796,2.0,5713
86,6385,4.0,5714
86,3843,3.0,5715
87,5585,5.0,5716
87,5586,5.0,5717
87,6093,5.0,5718
87,6188,5.0,5719
87,5616,3.0,5720
87,5617,2.5,5721
87,5326,2.5,5722
87,6004,2.5,5723
87,4344,2.5,5724
87,5614,2.5,5725
87,4931,2.5,5726
87,5514,2.5,5727
87,4251,2.5,5728
87,3854,2.5,5729
87,6662,2.5,5730
87,4482,2.5,5731
87,4753,2.5,5732
87,5566,2.5,5733
87,6271,2.5,5734
87,5960,2.5,5735
87,5864,2.5,5736
87,5422,2.5,5737
87,6258,2.5,5738
87,4649,2.5,5739
87,5315,2.5,5740
87,5312,2.5,5741
87,6259,2.5,5742
87,5314,2.5,5743
87,5047,2.5,5744
87,6261,2.5,5745
87,6078,2.5,5746
87,6185,2.5,5747
87,3790,4.5,5748
87,4914,2.5,5749
87,6665,2.5,5750
87,5358,2.5,5751
87,5399,2.5,5752
87,6265,2.5,5753
87,3918,2.5,5754
87,5045,2.5,5755
87,6528,2.5,5756
87,3917,5.0,5757
87,6236,4.5,5758
87,5192,2.5,5759
87,6269,2.5,5760
87,3977,5.0,5761
87,5653,5.0,5762
87,4041,2.5,5763
87,4745,2.5,5764
87,6669,4.5,5765
87,4741,2.5,5766
87,4604,2.5,5767
87,6465,4.0,5768
87,5563,5.0,5769
87,3894,4.0,5770
87,6507,2.5,5771
87,4603,2.5,5772
87,2903,2.5,5773
87,3176,2.5,5774
87,2485,4.0,5775
87,1088,3.5,5776
87,845,4.5,5777
87,2191,4.5,5778
87,2799,5.0,5779
87,2047,3.0,5780
87,2554,4.5,5781
87,277,4.5,5782
87,2656,2.5,5783
87,419,4.5,5784
87,382,2.5,5785
87,1090,2.5,5786
87,3374,4.5,5787
87,2754,4.5,5788
87,1969,4.0,5789
87,3135,5.0,5790
87,913,2.5,5791
87,2756,5.0,5792
87,2561,2.5,5793
87,807,2.5,5794
87,844,2.5,5795
87,2438,2.5,5796
87,422,2.5,5797
87,2530,2.5,5798
87,2699,5.0,5799
87,2524,2.5,5800
87,2598,2.5,5801
87,1508,2.5,5802
87,1434,2.5,5803
87,948,2.5,5804
87,3503,2.5,5805
87,3584,2.5,5806
87,2558,2.5,5807
87,2088,4.5,5808
87,3556,3.0,5809
87,279,5.0,5810
87,540,2.5,5811
87,2560,4.5,5812
87,452,4.5,5813
87,260,4.0,5814
87,683,2.5,5815
87,230,3.0,5816
87,1459,2.5,5817
87,1350,2.5,5818
87,727,2.5,5819
87,424,4.5,5820
87,2515,2.5,5821
87,280,2.5,5822
87,1390,5.0,5823
87,418,5.0,5824
87,2596,2.5,5825
87,1450,2.5,5826
87,3398,2.5,5827
87,2559,2.5,5828
87,3660,2.5,5829
87,1147,2.5,5830
87,945,5.0,5831
87,1851,2.5,5832
87,251,5.0,5833
87,2632,2.5,5834
87,536,2.5,5835
87,726,2.5,5836
87,3710,2.5,5837
87,2971,4.0,5838
87,3090,2.5,5839
87,229,2.5,5840
87,1686,2.5,5841
87,1940,2.5,5842
87,1369,4.5,5843
87,371,2.5,5844
87,4504,4.0,5845
87,3955,3.0,5846
87,5096,3.0,5847
88,4511,5.0,5848
88,4512,5.0,5849
88,5402,2.5,5850
88,1733,3.5,5851
88,1175,3.5,5852
88,931,3.0,5853
88,130,3.0,5854
88,1362,2.5,5855
88,3002,1.5,5856
88,2047,2.5,5857
88,1954,3.5,5858
88,2554,3.0,5859
88,1148,2.0,5860
88,1890,4.0,5861
88,419,2.0,5862
88,3397,2.0,5863
88,1294,4.0,5864
88,3438,3.0,5865
88,796,3.0,5866
88,2561,4.5,5867
88,2578,4.5,5868
88,1498,4.0,5869
88,2543,3.0,5870
88,422,2.0,5871
88,1671,2.0,5872
88,2925,3.5,5873
88,2699,1.5,5874
88,2562,3.0,5875
88,863,2.5,5876
88,2558,3.0,5877
88,1889,4.0,5878
88,156,2.5,5879
88,279,4.5,5880
88,540,1.5,5881
88,2560,4.0,5882
88,686,4.5,5883
88,3539,2.5,5884
88,1262,2.5,5885
88,280,3.0,5886
88,418,4.5,5887
88,2956,3.5,5888
88,636,2.5,5889
88,3398,2.5,5890
88,2559,3.0,5891
88,553,3.5,5892
88,1147,3.0,5893
88,795,3.5,5894
88,1829,2.5,5895
88,536,4.5,5896
88,3710,2.5,5897
88,855,2.5,5898
88,685,4.5,5899
88,3000,3.0,5900
88,1261,2.0,5901
88,2148,3.0,5902
88,229,2.5,5903
88,1363,3.0,5904
88,278,4.0,5905
88,2999,3.0,5906
88,1369,3.0,5907
88,371,3.5,5908
88,3102,4.0,5909
88,1146,3.5,5910
88,538,3.0,5911
88,3049,4.0,5912
88,3370,3.5,5913
88,1048,3.0,5914
88,2998,3.5,5915
88,1145,3.0,5916
88,1383,3.5,5917
88,1260,2.5,5918
88,2730,3.5,5919
88,2744,3.5,5920
88,27,3.5,5921
88,2997,4.0,5922
89,4460,2.5,5923
89,2871,3.5,5924
89,1236,4.0,5925
89,2215,5.0,5926
89,1249,4.0,5927
89,2110,3.0,5928
89,3711,4.0,5929
89,1733,3.0,5930
89,903,3.5,5931
89,1996,3.0,5932
89,2903,3.5,5933
89,1517,2.5,5934
89,2648,3.0,5935
89,931,3.0,5936
89,87,2.0,5937
89,728,3.5,5938
89,1612,2.5,5939
89,1362,3.5,5940
89,234,2.5,5941
89,996,2.5,5942
89,2047,4.0,5943
89,1819,3.5,5944
89,2919,2.5,5945
89,2554,5.0,5946
89,1148,4.0,5947
89,3289,3.0,5948
89,231,1.0,5949
89,2228,4.0,5950
89,419,3.5,5951
89,1804,3.0,5952
89,3438,3.0,5953
89,796,2.5,5954
89,913,4.0,5955
89,2756,4.0,5956
89,3501,2.0,5957
89,2561,3.0,5958
89,1961,3.0,5959
89,3540,2.5,5960
89,2438,3.5,5961
89,1033,3.0,5962
89,3286,3.0,5963
89,422,3.0,5964
89,1606,4.0,5965
89,3699,3.5,5966
89,3567,3.5,5967
89,2530,5.0,5968
89,885,3.5,5969
89,2699,3.0,5970
89,2598,2.5,5971
89,17,3.5,5972
89,1434,3.5,5973
89,2558,3.0,5974
89,156,3.0,5975
89,279,4.0,5976
89,2444,3.0,5977
89,540,3.0,5978
89,1279,3.0,5979
89,2560,4.5,5980
89,244,3.0,5981
89,3539,3.0,5982
89,683,3.5,5983
89,1820,3.5,5984
89,230,3.0,5985
89,1350,3.5,5986
89,2515,3.0,5987
89,280,4.5,5988
89,2260,3.0,5989
89,418,4.0,5990
89,1216,3.0,5991
89,1748,3.0,5992
89,2596,3.0,5993
89,2956,3.5,5994
89,3656,3.5,5995
90,6633,5.0,5996
90,6634,5.0,5997
90,5461,5.0,5998
90,6595,5.0,5999
90,4290,4.0,6000
90,4636,4.5,6001
90,6069,4.5,6002
90,4673,4.5,6003
90,4337,3.5,6004
90,4339,4.0,6005
90,3971,3.0,6006
90,5735,3.0,6007
90,6444,1.5,6008
90,5148,2.5,6009
90,5150,4.0,6010
90,4802,4.0,6011
90,4246,3.5,6012
90,5221,1.5,6013
90,5072,4.5,6014
90,5850,3.5,6015
90,4714,4.0,6016
90,6061,3.5,6017
90,3993,2.5,6018
90,6215,4.0,6019
90,4256,3.5,6020
90,5263,3.5,6021
90,4842,3.5,6022
90,5570,3.5,6023
90,3760,3.5,6024
90,4023,3.5,6025
90,6309,4.0,6026
90,6178,4.0,6027
90,6357,3.5,6028
90,5068,3.0,6029
90,4775,4.5,6030
90,6582,3.5,6031
90,5135,3.5,6032
90,5133,4.0,6033
90,5132,4.0,6034
90,5137,4.0,6035
90,5037,3.0,6036
90,6368,3.5,6037
90,4150,3.0,6038
90,5382,2.5,6039
90,6054,4.0,6040
90,4418,3.5,6041
90,5211,4.0,6042
90,4404,3.0,6043
90,3929,3.5,6044
90,4880,3.5,6045
90,4186,4.0,6046
90,5460,2.5,6047
90,1789,4.0,6048
90,2707,3.5,6049
90,1430,3.5,6050
90,288,3.5,6051
90,1538,1.5,6052
90,1090,3.5,6053
90,3106,3.5,6054
90,2754,4.0,6055
90,512,3.5,6056
90,2756,3.5,6057
90,3153,3.0,6058
90,2931,4.0,6059
90,1508,4.0,6060
90,2534,4.0,6061
90,1016,4.0,6062
90,6528,2.5,6063
90,2024,4.0,6064
90,1429,4.0,6065
90,1132,4.0,6066
90,1450,2.5,6067
90,1428,4.0,6068
90,1530,4.0,6069
90,3569,3.5,6070
90,3129,4.0,6071
90,2770,3.5,6072
90,518,3.0,6073
90,3013,3.0,6074
90,2691,3.0,6075
90,1009,2.5,6076
90,1369,4.5,6077
90,1427,4.0,6078
90,1945,4.0,6079
90,2204,3.5,6080
90,3622,4.0,6081
90,1711,2.5,6082
90,2077,3.0,6083
90,790,4.0,6084
90,2850,3.5,6085
90,2690,3.5,6086
90,2866,3.5,6087
90,684,4.0,6088
90,2402,3.5,6089
90,3436,1.5,6090
90,2966,3.5,6091
90,1357,4.5,6092
90,2849,4.0,6093
90,2644,4.0,6094
90,5629,4.0,6095
90,3192,3.0,6096
90,3530,3.0,6097
90,2714,3.5,6098
90,325,3.0,6099
90,633,3.5,6100
90,644,3.5,6101
90,3303,3.5,6102
90,1490,4.0,6103
90,2015,4.5,6104
90,1489,4.0,6105
90,564,4.0,6106
90,2000,4.0,6107
90,346,2.5,6108
90,2508,4.0,6109
90,2290,4.5,6110
90,1087,4.0,6111
90,200,3.0,6112
90,975,4.5,6113
90,3097,4.0,6114
90,2769,3.5,6115
90,1115,4.5,6116
90,2864,3.0,6117
90,6594,3.5,6118
90,5688,3.0,6119
91,5751,5.0,6120
91,2088,5.0,6121
91,1530,5.0,6122
91,5211,5.0,6123
91,4405,2.5,6124
91,2863,2.5,6125
91,319,3.5,6126
91,1346,4.0,6127
91,1600,5.0,6128
91,1852,4.0,6129
91,460,4.0,6130
91,3309,4.5,6131
91,1535,4.5,6132
91,2010,4.5,6133
91,531,3.5,6134
91,3349,5.0,6135
91,3262,3.5,6136
91,547,4.5,6137
91,920,5.0,6138
91,1103,4.0,6139
91,74,3.5,6140
91,2998,5.0,6141
91,1582,4.5,6142
91,2997,4.0,6143
91,3589,4.0,6144
91,1756,1.0,6145
91,1348,5.0,6146
91,1886,2.0,6147
91,3522,5.0,6148
91,3565,5.0,6149
91,1532,4.0,6150
91,2862,3.5,6151
91,707,3.5,6152
91,246,4.5,6153
91,501,4.0,6154
91,1537,4.5,6155
91,1755,5.0,6156
91,899,4.5,6157
91,1845,4.0,6158
91,1917,4.0,6159
91,1559,3.5,6160
91,3164,3.5,6161
91,3327,4.5,6162
91,3420,3.5,6163
91,631,4.0,6164
91,2938,4.5,6165
91,2510,3.5,6166
91,5210,3.5,6167
92,4801,5.0,6168
92,1132,5.0,6169
92,2849,5.0,6170
92,6214,0.5,6171
92,6012,5.0,6172
92,5009,5.0,6173
92,4405,2.5,6174
92,2863,3.5,6175
92,1789,4.0,6176
92,2215,5.0,6177
92,3667,2.5,6178
92,2027,2.5,6179
92,903,2.5,6180
92,2288,2.5,6181
92,3561,2.5,6182
92,1028,2.5,6183
92,1161,2.5,6184
92,510,2.5,6185
92,3310,2.5,6186
92,2903,2.5,6187
92,2648,2.5,6188
92,931,2.5,6189
92,1741,2.5,6190
92,3095,2.5,6191
92,2424,2.5,6192
92,1592,2.5,6193
92,1398,2.5,6194
92,2485,2.5,6195
92,130,2.5,6196
92,3449,2.5,6197
92,66,5.0,6198
92,3068,2.5,6199
92,1974,2.5,6200
92,3633,2.5,6201
92,3364,2.5,6202
92,1333,2.5,6203
92,365,2.5,6204
92,652,2.5,6205
92,1005,2.5,6206
92,226,2.5,6207
92,3285,2.5,6208
92,876,2.5,6209
92,574,2.5,6210
92,1523,2.5,6211
92,2455,2.5,6212
92,845,5.0,6213
92,1656,2.5,6214
92,102,2.5,6215
92,234,2.5,6216
92,441,2.5,6217
92,78,2.5,6218
92,191,2.5,6219
92,2191,2.5,6220
92,2799,2.5,6221
92,2047,2.5,6222
92,319,2.5,6223
92,1954,2.5,6224
92,2919,2.5,6225
92,211,2.5,6226
92,3382,2.5,6227
92,957,2.5,6228
92,348,2.5,6229
92,846,2.5,6230
92,288,2.5,6231
92,2228,2.5,6232
92,886,2.5,6233
92,1149,2.5,6234
92,1090,2.5,6235
92,3106,2.5,6236
92,2754,2.5,6237
92,385,2.5,6238
92,3397,2.5,6239
92,796,2.5,6240
92,913,2.5,6241
92,2756,2.5,6242
92,738,2.5,6243
92,6152,4.0,6244
92,6213,3.5,6245
92,5008,3.0,6246
93,5769,5.0,6247
93,5770,5.0,6248
93,6296,2.5,6249
93,3285,4.0,6250
93,845,4.0,6251
93,319,2.5,6252
93,1434,5.0,6253
93,2088,4.5,6254
93,1369,5.0,6255
93,3370,2.5,6256
93,1348,4.5,6257
93,1280,5.0,6258
93,1189,4.0,6259
93,2567,4.5,6260
93,1777,4.5,6261
93,975,4.5,6262
93,3327,4.5,6263
93,5441,4.0,6264
94,5843,5.0,6265
94,5844,5.0,6266
94,4216,5.0,6267
94,3981,5.0,6268
94,4055,5.0,6269
94,5461,5.0,6270
94,6025,4.0,6271
94,5460,2.5,6272
94,87,3.0,6273
94,1362,2.0,6274
94,226,2.0,6275
94,3285,3.0,6276
94,574,4.0,6277
94,2212,5.0,6278
94,319,3.0,6279
94,2554,3.0,6280
94,2104,4.0,6281
94,3478,3.0,6282
94,879,3.0,6283
94,2578,5.0,6284
94,694,4.0,6285
94,2088,4.0,6286
94,2560,3.0,6287
94,1317,5.0,6288
94,2920,4.0,6289
94,1363,3.0,6290
94,2073,4.0,6291
94,1185,5.0,6292
94,1184,5.0,6293
94,273,4.0,6294
94,1187,4.0,6295
94,47,4.0,6296
94,3484,4.0,6297
94,1452,3.0,6298
94,1188,4.0,6299
94,2253,4.0,6300
94,2862,5.0,6301
94,1186,5.0,6302
94,667,4.0,6303
94,1921,5.0,6304
94,3627,4.0,6305
94,1190,4.0,6306
94,1755,4.0,6307
94,12,4.0,6308
94,1490,5.0,6309
94,1489,5.0,6310
94,1183,4.0,6311
94,1189,5.0,6312
94,3197,3.0,6313
94,1559,5.0,6314
94,189,5.0,6315
94,200,4.0,6316
94,1082,5.0,6317
94,975,4.0,6318
94,3344,5.0,6319
94,2,4.0,6320
94,3097,5.0,6321
94,3164,5.0,6322
94,1742,4.0,6323
94,631,4.0,6324
94,2206,4.0,6325
94,2196,4.0,6326
95,6660,5.0,6327
95,6661,5.0,6328
95,5402,2.5,6329
95,1733,2.5,6330
95,1121,2.5,6331
95,2424,2.5,6332
95,2121,2.5,6333
95,1543,2.5,6334
95,2236,2.5,6335
95,626,2.5,6336
95,2094,2.5,6337
95,102,2.5,6338
95,668,2.5,6339
95,2760,2.5,6340
95,1492,2.5,6341
95,1213,2.5,6342
95,844,2.5,6343
95,2964,2.5,6344
95,3379,2.5,6345
95,227,2.5,6346
95,1968,2.5,6347
95,2699,2.5,6348
95,992,2.5,6349
95,101,2.5,6350
95,2024,2.5,6351
95,1618,2.5,6352
95,3658,2.5,6353
95,428,2.5,6354
95,847,2.5,6355
95,1569,2.5,6356
95,531,2.5,6357
95,2666,2.5,6358
95,529,2.5,6359
95,570,2.5,6360
95,1712,2.5,6361
95,1385,2.5,6362
95,1369,2.5,6363
95,1697,2.5,6364
95,443,2.5,6365
95,2951,2.5,6366
95,1582,2.5,6367
95,65,2.5,6368
95,1548,2.5,6369
95,2052,2.5,6370
95,1793,2.5,6371
95,2133,2.5,6372
95,1760,2.5,6373
95,1348,2.5,6374
95,3686,2.5,6375
95,3546,2.5,6376
95,2609,2.5,6377
95,1678,2.5,6378
95,1952,2.5,6379
95,1360,2.5,6380
95,2399,2.5,6381
95,2289,2.5,6382
95,3558,2.5,6383
95,2014,2.5,6384
95,501,2.5,6385
95,1752,2.5,6386
95,1921,2.5,6387
95,2832,2.5,6388
95,1489,2.5,6389
95,639,2.5,6390
95,1620,2.5,6391
95,1238,2.5,6392
95,2035,2.5,6393
95,2845,2.5,6394
95,1887,2.5,6395
95,189,2.5,6396
95,1777,2.5,6397
95,1342,2.5,6398
95,2499,2.5,6399
95,3682,2.5,6400
95,3297,2.5,6401
96,4954,5.0,6402
96,4956,5.0,6403
96,4354,5.0,6404
96,4357,5.0,6405
96,4893,2.5,6406
96,5800,4.0,6407
96,5148,4.0,6408
96,5662,3.5,6409
96,5665,3.5,6410
96,3725,4.5,6411
96,6024,3.0,6412
96,6023,4.0,6413
96,6025,4.0,6414
96,4127,4.0,6415
96,4709,4.0,6416
96,4307,3.0,6417
96,5137,3.0,6418
96,5520,4.0,6419
96,4356,3.5,6420
96,5269,3.0,6421
96,4955,4.0,6422
96,5094,4.0,6423
96,5790,4.0,6424
96,4604,3.0,6425
96,5143,4.5,6426
96,3753,3.5,6427
96,4052,3.5,6428
96,6379,4.5,6429
96,3914,4.5,6430
96,3912,4.0,6431
96,3910,3.0,6432
96,5591,3.0,6433
96,4063,4.0,6434
96,4238,4.5,6435
96,5109,4.0,6436
96,6033,2.5,6437
96,6637,4.0,6438
96,6237,4.0,6439
96,3752,3.5,6440
96,3963,2.5,6441
96,6715,4.0,6442
96,5786,3.0,6443
96,6389,3.5,6444
96,5431,3.5,6445
96,4583,3.0,6446
96,5689,4.0,6447
96,6239,3.5,6448
96,4195,3.0,6449
96,4489,4.0,6450
96,3717,5.0,6451
96,5944,3.0,6452
96,3751,2.5,6453
96,34,3.5,6454
96,275,3.0,6455
96,2280,3.0,6456
96,2903,3.0,6457
96,2648,3.0,6458
96,33,3.5,6459
96,1278,3.0,6460
96,728,3.5,6461
96,845,4.0,6462
96,2368,2.5,6463
96,319,2.5,6464
96,2554,4.0,6465
96,1838,4.0,6466
96,277,4.0,6467
96,624,4.5,6468
96,3438,3.5,6469
96,2756,3.0,6470
96,2561,4.0,6471
96,2774,3.5,6472
96,844,4.0,6473
96,694,3.0,6474
96,17,5.0,6475
96,1434,4.5,6476
96,2088,5.0,6477
96,3054,3.0,6478
96,2560,4.0,6479
96,727,3.5,6480
96,1450,4.0,6481
96,428,4.0,6482
96,1391,4.0,6483
96,251,5.0,6484
96,1985,3.5,6485
96,726,2.5,6486
96,3102,3.5,6487
96,3622,4.0,6488
96,2213,3.5,6489
96,1984,3.5,6490
96,2977,2.5,6491
96,1348,5.0,6492
96,1276,4.0,6493
96,2465,4.0,6494
96,273,4.5,6495
96,1422,3.5,6496
96,3484,3.5,6497
96,2849,3.0,6498
96,1382,4.0,6499
96,3386,4.5,6500
96,2357,3.0,6501
96,3703,4.0,6502
96,492,4.0,6503
96,1597,5.0,6504
96,1921,3.0,6505
96,3627,4.0,6506
96,1755,3.0,6507
96,899,2.5,6508
96,3177,4.0,6509
96,2551,3.5,6510
96,1189,2.5,6511
96,2356,4.0,6512
96,803,3.0,6513
96,3844,1.5,6514
96,975,0.5,6515
96,930,3.0,6516
96,2355,3.5,6517
96,1115,4.0,6518
96,2927,4.0,6519
96,2114,3.0,6520
96,725,4.0,6521
96,6134,4.0,6522
96,5789,3.5,6523
96,5873,3.0,6524
97,5231,5.0,6525
97,1547,5.0,6526
97,1734,5.0,6527
97,1390,5.0,6528
97,5461,5.0,6529
97,6229,2.5,6530
97,2556,5.0,6531
97,275,5.0,6532
97,3633,4.0,6533
97,1362,4.0,6534
97,3285,4.0,6535
97,2191,4.0,6536
97,2368,2.5,6537
97,319,4.0,6538
97,2554,5.0,6539
97,2937,5.0,6540
97,277,5.0,6541
97,2104,3.5,6542
97,2561,4.0,6543
97,844,4.0,6544
97,2530,5.0,6545
97,1600,5.0,6546
97,1795,4.0,6547
97,2088,5.0,6548
97,2560,5.0,6549
97,418,5.0,6550
97,636,5.0,6551
97,1391,4.0,6552
97,1535,4.0,6553
97,1363,4.0,6554
97,2977,5.0,6555
97,421,5.0,6556
97,2402,3.5,6557
97,273,4.0,6558
97,3522,4.5,6559
97,666,5.0,6560
97,3565,5.0,6561
97,2862,5.0,6562
97,1280,4.0,6563
97,1755,5.0,6564
97,2567,5.0,6565
97,2,4.0,6566
97,3420,3.5,6567
97,4891,4.0,6568
97,5460,3.5,6569
98,6127,5.0,6570
98,6128,5.0,6571
98,6665,5.0,6572
98,4871,5.0,6573
98,5536,3.5,6574
98,4958,4.0,6575
98,4869,5.0,6576
98,5192,4.0,6577
98,5431,3.5,6578
98,5631,3.5,6579
98,4195,4.5,6580
98,6239,5.0,6582
98,5695,5.0,6583
98,5922,5.0,6584
98,5927,3.5,6585
98,4489,5.0,6586
98,4967,3.5,6587
98,5858,4.5,6588
98,3963,4.5,6589
98,3989,5.0,6590
98,6228,5.0,6591
98,5288,5.0,6592
98,4477,5.0,6593
98,5464,4.0,6594
98,6236,5.0,6595
98,5853,4.5,6596
98,4492,5.0,6597
98,5960,5.0,6598
98,5315,5.0,6599
98,3844,5.0,6600
98,6259,5.0,6601
98,6514,3.0,6602
98,3971,5.0,6603
98,5700,4.5,6604
98,5218,3.5,6605
98,4556,4.5,6606
98,6135,4.5,6607
98,6133,5.0,6608
98,4975,3.5,6609
98,5312,4.5,6610
98,6297,3.5,6611
98,5658,4.5,6612
98,6261,5.0,6613
98,6258,5.0,6614
98,4528,5.0,6615
98,4186,5.0,6616
98,4290,3.5,6617
98,6271,5.0,6618
98,5752,4.5,6619
98,3977,4.0,6620
98,4405,2.5,6621
98,2863,4.0,6622
98,2871,4.0,6623
98,2215,5.0,6624
98,3667,4.0,6625
98,2994,3.5,6626
98,1733,4.0,6627
98,2027,4.5,6628
98,903,4.5,6629
98,1790,4.0,6630
98,3285,3.5,6631
98,574,4.5,6632
98,845,5.0,6633
98,319,4.5,6634
98,1954,3.5,6635
98,2554,5.0,6636
98,2756,4.0,6637
98,844,5.0,6638
98,1859,3.5,6639
98,1600,5.0,6640
98,1508,4.0,6641
98,2259,3.5,6642
98,2024,5.0,6643
98,2088,4.5,6644
98,2560,5.0,6645
98,339,5.0,6646
98,1535,3.5,6647
98,531,5.0,6648
98,1530,4.0,6649
98,1369,5.0,6650
98,3102,3.5,6651
98,3370,5.0,6652
98,2998,3.5,6653
98,2997,3.5,6654
98,684,3.5,6655
98,834,5.0,6656
98,2465,4.5,6657
98,1422,4.0,6658
98,3484,3.0,6659
98,2849,4.5,6660
98,2253,5.0,6661
98,3192,4.5,6662
98,2862,5.0,6663
98,2208,4.5,6664
98,325,5.0,6665
98,2592,5.0,6666
98,1280,4.0,6667
98,1190,5.0,6668
98,3136,4.5,6669
98,2462,5.0,6670
98,1755,3.0,6671
98,3067,5.0,6672
98,564,5.0,6673
98,2591,5.0,6674
98,2551,5.0,6675
98,3065,4.5,6676
98,1189,5.0,6677
98,2461,5.0,6678
98,200,5.0,6679
98,975,4.5,6680
98,2590,5.0,6681
98,3327,3.5,6682
98,2302,5.0,6683
98,2884,5.0,6684
98,2589,5.0,6685
98,4476,4.0,6686
98,4156,3.0,6687
99,6158,2.5,6688
99,2485,2.5,6689
99,845,2.5,6690
99,2088,2.5,6691
99,1369,2.5,6692
99,2213,2.5,6693
99,1348,2.5,6694
99,1357,2.5,6695
99,47,2.5,6696
99,2849,2.5,6697
99,3386,2.5,6698
99,1952,2.5,6699
99,1190,2.5,6700
99,3066,2.5,6701
99,3067,2.5,6702
99,3065,2.5,6703
99,975,2.5,6704
99,3097,2.5,6705
99,3327,2.5,6706
99,3420,2.5,6707
99,2404,2.5,6708
99,2410,2.5,6709
99,3257,2.5,6710
99,1455,2.5,6711
99,3261,2.5,6712
99,1117,2.5,6713
99,3259,2.5,6714
99,2884,2.5,6715
99,2938,2.5,6716
99,7,2.5,6717
100,5496,5.0,6718
100,5497,5.0,6719
100,5128,5.0,6720
100,5112,5.0,6721
100,3842,4.5,6722
100,5914,4.0,6724
100,6454,4.0,6725
100,6453,4.5,6726
100,5567,3.0,6727
100,4836,3.5,6728
100,4616,4.0,6729
100,4613,3.0,6730
100,6394,3.0,6731
100,4821,4.0,6732
100,3917,4.5,6733
100,3918,4.0,6734
100,4612,4.0,6735
100,4611,3.5,6736
100,6041,4.0,6737
100,4923,3.5,6738
100,6478,3.0,6739
100,6477,3.0,6740
100,6479,3.5,6741
100,6680,4.0,6742
100,6253,3.0,6743
100,4615,3.0,6744
100,4620,3.0,6745
100,4617,3.0,6746
100,4703,4.0,6747
100,3996,2.5,6748
100,5164,3.5,6749
100,4293,2.0,6750
100,4548,3.0,6751
100,5917,4.0,6752
100,5994,3.0,6753
100,5989,2.0,6754
100,5991,4.0,6755
100,5993,3.5,6756
100,5990,5.0,6757
100,4650,5.0,6758
100,4292,3.5,6759
100,4294,4.0,6760
100,5447,4.0,6761
100,5995,5.0,6762
100,6301,3.5,6763
100,4817,4.0,6764
100,4819,4.5,6765
100,5278,3.5,6766
100,6148,5.0,6767
100,6339,3.0,6768
100,4405,2.5,6769
100,2863,4.0,6770
100,2215,5.0,6771
100,2103,2.0,6772
100,2902,2.5,6773
100,2027,4.5,6774
100,931,4.0,6775
100,2485,4.5,6776
100,118,4.0,6777
100,1790,4.5,6778
100,3652,4.0,6779
100,728,3.0,6780
100,574,4.0,6781
100,2898,3.0,6782
100,2322,2.5,6783
100,845,3.0,6784
100,2764,2.5,6785
100,2901,2.5,6786
100,319,3.5,6787
100,1492,5.0,6788
100,957,3.0,6789
100,1148,4.5,6790
100,687,2.0,6791
100,512,4.0,6792
100,3397,3.0,6793
100,3438,4.5,6794
100,2756,3.0,6795
100,2561,5.0,6796
100,807,5.0,6797
100,844,3.0,6798
100,3286,3.5,6799
100,2931,4.5,6800
100,3029,4.0,6801
100,1434,4.0,6802
100,2558,3.5,6803
100,1889,3.0,6804
100,2024,3.0,6805
100,279,4.5,6806
100,686,3.5,6807
100,727,3.5,6808
100,280,4.0,6809
100,194,4.5,6810
100,2559,3.0,6811
100,2908,3.0,6812
100,1147,4.0,6813
100,73,2.5,6814
100,1152,5.0,6815
100,3129,5.0,6816
100,685,4.0,6817
100,2770,5.0,6818
100,2691,5.0,6819
100,2576,3.0,6820
100,1054,4.0,6821
100,1940,3.0,6822
100,1056,5.0,6823
100,1945,5.0,6824
100,1146,4.0,6825
100,3370,4.0,6826
100,1244,3.5,6827
100,708,5.0,6828
100,8,3.5,6829
100,2213,4.5,6830
100,3505,3.0,6831
100,894,3.0,6832
100,1484,2.5,6833
100,3663,4.0,6834
100,2968,4.0,6835
100,955,3.0,6836
100,2953,3.0,6837
100,790,4.5,6838
100,1407,2.5,6839
100,2477,5.0,6840
100,3180,3.5,6841
100,5142,3.0,6842
100,4432,3.0,6843
101,5527,5.0,6844
101,1853,5.0,6845
101,2871,5.0,6846
101,1996,5.0,6847
101,4460,2.5,6848
101,1974,5.0,6849
101,913,4.0,6850
101,1216,4.5,6851
101,1535,4.0,6852
101,3622,5.0,6853
101,975,5.0,6854
101,2224,3.0,6855
102,6221,5.0,6856
102,2547,5.0,6857
102,3114,5.0,6858
102,376,5.0,6859
102,4656,2.5,6860
102,997,0.5,6861
102,3063,4.0,6862
102,1996,4.0,6863
102,3593,5.0,6864
102,33,4.0,6865
102,983,5.0,6866
102,2485,5.0,6867
102,1974,3.0,6868
102,1612,3.0,6869
102,99,3.0,6870
102,1745,3.0,6871
102,3285,3.0,6872
102,996,3.0,6873
102,2502,3.0,6874
102,3106,2.0,6875
102,2104,5.0,6876
102,457,4.0,6877
102,318,3.0,6878
102,1969,4.0,6879
102,3669,3.0,6880
102,2774,4.0,6881
102,2259,4.0,6882
102,2088,2.0,6883
102,3528,3.0,6884
102,2560,4.0,6885
102,1391,3.0,6886
102,1065,4.0,6887
102,3366,3.0,6888
102,2065,5.0,6889
102,3622,4.0,6890
102,2828,3.5,6891
102,3706,4.0,6892
102,1422,3.0,6893
102,666,4.0,6894
102,3111,2.0,6895
102,1597,4.0,6896
102,2443,0.5,6897
102,31,4.0,6898
102,2567,3.5,6899
102,2211,5.0,6900
102,2404,5.0,6901
102,1487,4.0,6902
102,1910,5.0,6903
102,1127,5.0,6904
102,3259,3.5,6905
102,1156,3.0,6906
102,3228,3.0,6907
103,5041,5.0,6908
103,1348,5.0,6909
103,2592,5.0,6910
103,3257,5.0,6911
103,4477,5.0,6912
103,5979,2.5,6913
103,3225,4.5,6914
103,2215,4.5,6915
103,2103,2.0,6916
103,2648,4.0,6917
103,87,4.0,6918
103,2853,3.0,6919
103,728,3.5,6920
103,996,4.0,6921
103,1061,3.5,6922
103,2047,5.0,6923
103,2919,3.0,6924
103,1430,5.0,6925
103,288,4.0,6926
103,2756,4.0,6927
103,932,3.0,6928
103,1434,4.5,6929
103,1051,2.5,6930
103,3539,3.5,6931
103,553,2.5,6932
103,1530,4.0,6933
103,3129,4.0,6934
103,1054,4.5,6935
103,3622,5.0,6936
103,3370,4.5,6937
103,2213,5.0,6938
103,552,5.0,6939
103,834,5.0,6940
103,952,5.0,6941
103,2465,4.5,6942
103,954,4.0,6943
103,2849,5.0,6944
103,2907,4.0,6945
103,551,5.0,6946
103,21,5.0,6947
103,200,4.0,6948
103,975,4.5,6949
103,951,2.5,6950
103,2224,4.5,6951
103,290,5.0,6952
103,2938,5.0,6953
103,4658,4.0,6954
103,4476,3.0,6955
104,5330,5.0,6956
104,5331,5.0,6957
104,6369,5.0,6958
104,5540,5.0,6959
104,5786,5.0,6960
104,6332,5.0,6961
104,6657,5.0,6962
104,3960,5.0,6963
104,4903,5.0,6964
104,5775,5.0,6965
104,4277,5.0,6966
104,5474,5.0,6967
104,5526,5.0,6968
104,5655,4.0,6969
104,4553,4.0,6970
104,6297,2.5,6971
104,4260,3.0,6972
104,3859,4.0,6973
104,6590,2.5,6974
104,5339,2.5,6975
104,4283,2.5,6976
104,2836,2.5,6977
104,1789,2.5,6978
104,3667,2.5,6979
104,1843,2.5,6980
104,2027,4.0,6981
104,1028,4.0,6982
104,510,3.0,6983
104,3593,4.0,6984
104,33,4.0,6985
104,1741,2.5,6986
104,983,2.5,6987
104,2485,4.0,6988
104,3334,4.0,6989
104,650,3.0,6990
104,1974,4.0,6991
104,3169,5.0,6992
104,350,2.5,6993
104,431,2.5,6994
104,1745,2.5,6995
104,226,4.0,6996
104,3285,5.0,6997
104,286,2.5,6998
104,1591,4.0,6999
104,1656,3.5,7000
104,2191,2.5,7001
104,348,2.5,7002
104,338,2.5,7003
104,917,4.0,7004
104,2676,5.0,7005
104,1149,5.0,7006
104,2104,5.0,7007
104,318,5.0,7008
104,449,2.5,7009
104,1037,2.5,7010
104,1542,2.5,7011
104,532,2.5,7012
104,3207,2.5,7013
104,511,2.5,7014
104,3705,2.5,7015
104,3503,2.5,7016
104,1795,5.0,7017
104,2088,5.0,7018
104,3528,2.5,7019
104,2911,2.5,7020
104,2442,2.5,7021
104,424,2.5,7022
104,1216,5.0,7023
104,636,2.5,7024
104,1317,2.5,7025
104,1866,5.0,7026
104,1535,2.5,7027
104,1114,2.5,7028
104,2920,2.5,7029
104,1065,2.5,7030
104,1851,5.0,7031
104,2256,2.5,7032
104,2770,2.5,7033
104,547,2.5,7034
104,1686,2.5,7035
104,3366,5.0,7036
104,1103,2.5,7037
104,1945,2.5,7038
104,3007,2.5,7039
104,2948,4.0,7040
104,75,2.5,7041
104,1210,2.5,7042
104,2828,2.5,7043
104,2953,2.5,7044
104,790,2.5,7045
104,2477,5.0,7046
104,195,2.5,7047
104,1208,4.0,7048
104,3994,4.0,7049
105,4245,5.0,7050
105,4246,5.0,7051
105,4704,5.0,7052
105,6111,5.0,7053
105,4339,5.0,7054
105,5808,3.0,7055
105,5806,4.0,7056
105,5807,4.0,7057
105,5810,4.5,7058
105,5422,4.5,7059
105,4750,5.0,7060
105,4753,4.5,7061
105,6135,4.0,7062
105,5211,4.0,7063
105,5658,2.5,7064
105,4477,3.5,7065
105,4636,5.0,7066
105,3891,4.0,7067
105,5885,3.5,7068
105,4505,3.5,7069
105,4449,4.5,7070
105,6255,3.0,7071
105,5056,4.0,7072
105,6501,4.0,7073
105,5042,4.5,7074
105,5072,4.5,7075
105,4404,4.0,7076
105,5387,4.5,7077
105,5752,4.5,7078
105,5439,3.0,7079
105,6339,4.0,7080
105,4846,4.0,7081
105,4805,4.0,7082
105,5143,4.5,7083
105,4237,4.0,7084
105,5312,5.0,7085
105,5629,4.0,7086
105,4451,4.0,7087
105,6069,5.0,7088
105,5142,2.5,7089
105,1434,4.5,7090
105,2088,4.5,7091
105,2139,3.0,7092
105,1530,4.0,7093
105,1712,4.5,7094
105,1369,4.5,7095
105,1056,4.0,7096
105,834,3.5,7097
105,1348,4.5,7098
105,2465,4.0,7099
105,2222,3.5,7100
105,1357,4.0,7101
105,2849,5.0,7102
105,2742,4.0,7103
105,2137,4.0,7104
105,1952,4.0,7105
105,2138,4.0,7106
105,633,3.5,7107
105,3136,2.5,7108
105,2141,4.5,7109
105,3065,5.0,7110
105,1163,4.0,7111
105,803,4.0,7112
105,2958,4.0,7113
105,975,5.0,7114
105,3097,4.5,7115
105,1761,3.0,7116
105,3327,4.0,7117
105,2864,4.0,7118
105,802,4.5,7119
105,2410,5.0,7120
105,3257,5.0,7121
105,2583,3.0,7122
105,859,3.5,7123
105,2687,4.0,7124
105,2939,5.0,7125
105,2938,4.5,7126
105,64,4.0,7127
106,6423,5.0,7128
106,3417,5.0,7129
106,3459,5.0,7130
106,1369,5.0,7131
106,6424,4.5,7132
106,6487,4.0,7133
106,3825,2.5,7134
106,5402,2.5,7135
106,1733,5.0,7136
106,2027,5.0,7137
106,1028,1.0,7138
106,510,5.0,7139
106,3593,4.0,7140
106,2903,2.0,7141
106,2648,3.0,7142
106,931,4.5,7143
106,3409,3.5,7144
106,2485,2.5,7145
106,1790,4.0,7146
106,1974,5.0,7147
106,728,3.5,7148
106,1612,4.0,7149
106,3285,3.5,7150
106,845,4.5,7151
106,2191,4.0,7152
106,2985,4.5,7153
106,2047,5.0,7154
106,319,3.0,7155
106,211,0.5,7156
106,3106,4.0,7157
106,2104,5.0,7158
106,1969,5.0,7159
106,145,4.0,7160
106,3438,4.5,7161
106,3669,4.5,7162
106,913,4.5,7163
106,2756,5.0,7164
106,807,5.0,7165
106,844,4.0,7166
106,2530,5.0,7167
106,17,2.0,7168
106,1434,4.0,7169
106,3503,4.5,7170
106,1795,5.0,7171
106,2024,4.5,7172
106,2088,4.5,7173
106,3054,4.5,7174
106,1216,5.0,7175
106,3398,4.0,7176
106,1391,2.0,7177
106,1535,4.0,7178
106,284,4.5,7179
106,251,5.0,7180
106,1945,4.0,7181
106,3622,5.0,7182
106,3370,5.0,7183
106,1210,5.0,7184
106,2213,5.0,7185
106,790,5.0,7186
106,834,5.0,7187
106,3269,5.0,7188
106,421,4.0,7189
106,2402,4.0,7190
106,1348,4.5,7191
106,2465,4.0,7192
106,273,3.5,7193
106,1357,5.0,7194
106,666,5.0,7195
106,2849,5.0,7196
106,3565,5.0,7197
106,2644,3.5,7198
106,1952,5.0,7199
106,3192,4.5,7200
106,325,4.0,7201
106,2592,5.0,7202
106,3136,3.5,7203
106,899,4.5,7204
107,5071,5.0,7205
107,1369,5.0,7206
107,2485,5.0,7207
107,6158,2.5,7208
107,2047,2.5,7209
107,319,2.5,7210
107,2554,2.5,7211
107,277,2.5,7212
107,2530,2.5,7213
107,176,2.5,7214
107,1795,2.5,7215
107,3288,3.0,7216
107,995,4.0,7217
107,1794,5.0,7218
107,636,2.5,7219
107,1065,2.5,7220
107,251,2.5,7221
107,726,2.5,7222
107,1363,2.5,7223
107,3370,2.5,7224
107,2465,2.5,7225
107,273,2.5,7226
107,3522,2.5,7227
107,666,2.5,7228
107,47,2.5,7229
107,3565,2.5,7230
107,2253,2.5,7231
107,2862,2.5,7232
107,1842,2.5,7233
107,2208,2.5,7234
107,1190,2.5,7235
107,3136,2.5,7236
107,1755,2.5,7237
107,1189,2.5,7238
107,2567,2.5,7239
107,2461,2.5,7240
107,200,2.5,7241
107,3327,2.5,7242
107,1115,2.5,7243
107,1019,2.5,7244
107,3822,4.0,7245
108,4740,2.5,7246
108,1088,2.5,7247
108,2501,2.5,7248
108,99,2.5,7249
108,1336,2.5,7250
108,2710,2.5,7251
108,2391,2.5,7252
108,3140,2.5,7253
108,2368,2.5,7254
108,2047,4.0,7255
108,2409,2.5,7256
108,277,2.5,7257
108,2502,2.5,7258
108,2774,2.5,7259
108,1159,2.5,7260
108,2831,2.5,7261
108,100,2.5,7262
108,1600,2.5,7263
108,1434,2.5,7264
108,1795,2.5,7265
108,3528,2.5,7266
108,376,2.5,7267
108,1157,2.5,7268
108,3139,2.5,7269
108,3226,2.5,7270
108,847,3.5,7271
108,1065,2.5,7272
108,531,2.5,7273
108,2829,2.5,7274
108,3345,2.5,7275
108,3366,2.5,7276
108,220,2.5,7277
108,1103,2.5,7278
108,2828,2.5,7279
108,3204,2.5,7280
108,3331,2.5,7281
108,2997,2.5,7282
108,3330,2.5,7283
108,3332,2.5,7284
108,273,2.5,7285
108,3333,2.5,7286
108,3522,2.5,7287
108,3484,2.5,7288
108,1970,4.0,7289
108,37,4.0,7290
108,2387,2.5,7291
108,2862,2.5,7292
108,2386,2.5,7293
108,2208,5.0,7294
108,1500,4.0,7295
108,3627,5.0,7296
108,3136,2.5,7297
108,3471,5.0,7298
108,2384,2.5,7299
108,1272,2.5,7300
108,1087,2.5,7301
108,200,2.5,7302
108,2776,2.5,7303
108,3420,2.5,7304
108,1019,2.5,7305
108,2224,5.0,7306
108,3305,2.5,7307
108,2938,2.5,7308
109,6232,5.0,7309
109,6233,5.0,7310
109,6266,2.5,7311
109,2597,0.5,7312
109,3203,2.5,7313
109,2215,3.5,7314
109,3657,3.0,7315
109,2903,2.5,7316
109,1384,3.0,7317
109,3409,3.0,7318
109,535,2.0,7319
109,728,4.0,7320
109,2047,4.5,7321
109,2554,5.0,7322
109,1148,3.0,7323
109,231,1.5,7324
109,419,1.0,7325
109,3397,2.0,7326
109,796,2.5,7327
109,1850,4.0,7328
109,2561,3.5,7329
109,901,1.5,7330
109,2438,3.5,7331
109,422,1.5,7332
109,1606,3.5,7333
109,3567,3.0,7334
109,2699,4.5,7335
109,2558,3.0,7336
109,279,4.0,7337
109,2560,5.0,7338
109,280,4.5,7339
109,418,4.0,7340
109,3398,2.0,7341
109,2559,4.0,7342
109,2139,3.0,7343
109,553,3.0,7344
109,1147,3.0,7345
109,536,5.0,7346
109,229,2.0,7347
109,278,3.5,7348
109,713,5.0,7349
109,1369,3.0,7350
109,1146,3.5,7351
109,2731,2.5,7352
109,538,3.5,7353
109,3399,1.5,7354
109,1383,2.5,7355
109,2850,4.5,7356
109,2730,3.5,7357
109,2744,3.5,7358
109,537,3.0,7359
109,552,5.0,7360
109,2140,3.5,7361
109,1348,4.5,7362
109,1381,3.0,7363
109,1357,4.0,7364
109,2849,5.0,7365
109,3010,1.5,7366
109,1382,3.0,7367
109,2137,3.5,7368
109,2553,2.5,7369
109,3192,5.0,7370
109,2138,3.5,7371
109,551,4.0,7372
109,325,4.0,7373
109,2552,4.0,7374
109,2141,4.5,7375
109,2551,3.5,7376
109,2410,4.5,7377
109,2841,2.5,7378
109,484,3.5,7379
109,237,4.0,7380
110,4497,5.0,7381
110,4498,5.0,7382
110,3375,5.0,7383
110,4455,5.0,7384
110,4997,3.5,7385
110,4998,3.0,7386
110,5078,4.0,7387
110,5157,3.0,7388
110,4330,4.5,7389
110,5481,4.0,7390
110,5841,4.5,7391
110,5020,4.0,7392
110,3785,4.0,7393
110,5544,1.0,7394
110,4212,2.5,7395
110,4621,1.5,7396
110,6159,2.5,7397
110,4471,2.5,7398
110,5884,5.0,7399
110,4876,5.0,7400
110,4448,4.0,7401
110,3910,3.0,7402
110,5875,4.0,7403
110,5823,4.0,7404
110,5700,4.5,7405
110,5062,4.0,7406
110,5660,4.0,7407
110,6426,2.5,7408
110,6160,3.5,7409
110,5340,4.0,7410
110,4467,4.5,7411
110,5801,2.5,7412
110,6570,3.0,7413
110,6027,4.0,7414
110,5582,5.0,7415
110,5234,3.5,7416
110,6646,2.0,7417
110,5500,2.0,7418
110,3987,2.0,7419
110,5238,3.5,7420
110,3786,3.0,7421
110,6009,5.0,7422
110,6563,3.5,7423
110,6716,4.0,7424
110,4602,2.5,7425
110,5464,3.5,7426
110,5344,4.0,7427
110,6464,2.0,7428
110,6625,2.0,7429
110,4722,4.0,7430
110,5385,3.0,7431
110,4196,1.5,7432
110,5293,1.5,7433
110,3986,4.5,7434
110,4235,4.0,7435
110,3739,2.5,7436
110,3738,2.5,7437
110,5060,2.5,7438
110,5455,2.5,7439
110,3735,2.5,7440
110,3734,2.5,7441
110,6337,2.5,7442
110,3733,2.5,7443
110,6450,2.5,7444
110,5966,2.5,7445
110,3732,2.5,7446
110,4163,2.5,7447
110,5252,2.5,7448
110,5924,2.5,7449
110,3215,3.0,7450
110,1979,4.0,7451
110,1878,4.0,7452
110,1387,4.5,7453
110,1733,4.0,7454
110,3624,4.0,7455
110,670,4.0,7456
110,724,3.5,7457
110,80,3.0,7458
110,1028,2.5,7459
110,1957,3.0,7460
110,2737,3.0,7461
110,656,2.0,7462
110,2424,4.5,7463
110,1592,4.0,7464
110,3244,3.5,7465
110,1949,3.5,7466
110,3061,3.5,7467
110,832,2.5,7468
110,2950,3.5,7469
110,247,3.0,7470
110,555,4.0,7471
110,889,3.0,7472
110,3241,3.0,7473
110,1723,3.5,7474
110,1975,1.5,7475
110,3238,3.0,7476
110,1655,3.0,7477
110,1974,2.5,7478
110,1461,3.0,7479
110,3564,4.5,7480
110,5425,3.5,7481
110,3364,3.5,7482
110,3312,4.0,7483
110,3588,3.0,7484
110,3053,3.0,7485
110,3209,2.5,7486
110,3311,4.0,7487
110,6002,4.5,7488
110,1333,3.5,7489
110,2807,4.0,7490
110,6401,3.5,7491
110,1797,3.0,7492
110,1763,2.5,7493
110,2090,5.0,7494
110,5423,4.0,7495
110,5064,2.5,7496
110,3117,3.5,7497
110,6080,4.5,7498
110,5650,4.0,7499
110,5883,3.5,7500
110,4465,3.5,7501
110,3903,3.0,7502
110,5458,3.0,7503
111,5096,5.0,7504
111,5097,5.0,7505
111,3859,5.0,7506
111,6614,5.0,7507
111,5658,4.0,7508
111,5872,2.5,7509
111,4405,2.5,7510
111,2863,2.5,7511
111,1789,4.0,7512
111,2871,3.0,7513
111,1092,2.5,7514
111,3667,3.5,7515
111,1733,3.5,7516
111,2027,4.0,7517
111,1996,4.0,7518
111,1028,2.5,7519
111,3593,2.5,7520
111,2485,4.5,7521
111,66,2.5,7522
111,550,2.5,7523
111,3633,2.5,7524
111,3588,2.5,7525
111,2378,2.5,7526
111,287,2.5,7527
111,728,2.5,7528
111,1362,2.5,7529
111,226,4.5,7530
111,3285,3.0,7531
111,574,2.5,7532
111,845,2.5,7533
111,102,2.5,7534
111,234,2.5,7535
111,3661,2.5,7536
111,3002,4.0,7537
111,996,2.5,7538
111,2212,2.5,7539
111,2191,2.5,7540
111,2368,2.5,7541
111,2799,2.5,7542
111,2047,2.5,7543
111,319,2.5,7544
111,1954,2.5,7545
111,2554,5.0,7546
111,259,2.5,7547
111,211,2.5,7548
111,1492,2.5,7549
111,1148,2.5,7550
111,3289,2.5,7551
111,2099,2.5,7552
111,277,2.5,7553
111,2228,2.5,7554
111,419,2.5,7555
111,1090,2.5,7556
111,3106,2.5,7557
111,809,2.5,7558
111,512,2.5,7559
111,1969,2.5,7560
111,872,2.5,7561
111,3438,2.5,7562
111,913,5.0,7563
111,2561,2.5,7564
111,3607,2.5,7565
111,844,2.5,7566
111,422,2.5,7567
111,268,2.5,7568
111,3039,2.5,7569
111,1600,2.5,7570
111,1431,2.5,7571
111,1508,4.5,7572
111,1434,4.0,7573
111,2558,2.5,7574
111,1795,2.5,7575
111,2024,2.5,7576
111,2088,4.5,7577
111,279,2.5,7578
111,3528,2.5,7579
111,2560,4.0,7580
111,2244,2.5,7581
111,280,2.5,7582
111,4276,4.0,7583
112,6266,2.5,7584
112,2597,3.0,7585
112,1789,4.0,7586
112,2871,3.0,7587
112,2215,4.0,7588
112,2806,2.0,7589
112,3667,1.0,7590
112,1733,4.0,7591
112,1996,4.0,7592
112,1161,4.0,7593
112,2485,4.0,7594
112,3285,4.0,7595
112,1969,4.0,7596
112,2088,4.0,7597
112,1535,3.0,7598
112,531,4.0,7599
112,1357,5.0,7600
112,2224,5.0,7601
112,3308,5.0,7602
113,5525,5.0,7603
113,5526,5.0,7604
113,6528,5.0,7605
113,3989,5.0,7606
113,3920,4.5,7607
113,4357,4.0,7608
113,4048,4.0,7609
113,6061,4.0,7610
113,6185,3.0,7611
113,5065,4.5,7612
113,4898,2.5,7613
113,4821,5.0,7614
113,3927,4.0,7615
113,3918,4.0,7616
113,5695,3.0,7617
113,5288,3.0,7618
113,4157,4.5,7619
113,6135,3.0,7620
113,5218,4.5,7621
113,5790,4.5,7622
113,4055,4.0,7623
113,5143,4.5,7624
113,5474,3.5,7625
113,6665,4.0,7626
113,4785,4.0,7627
113,4718,4.0,7628
113,6634,4.5,7629
113,5211,5.0,7630
113,5587,2.5,7631
113,6038,2.0,7632
113,3876,3.5,7633
113,5379,1.5,7634
113,5391,3.0,7635
113,4464,2.5,7636
113,4693,3.0,7637
113,5649,4.5,7638
113,5901,4.0,7639
113,4521,4.0,7640
113,5006,3.5,7641
113,3893,2.0,7642
113,5930,4.0,7643
113,4447,1.0,7644
113,4056,3.5,7645
113,5175,4.5,7646
113,4147,3.0,7647
113,4918,4.5,7648
113,4446,0.5,7649
113,4263,4.0,7650
113,5763,0.5,7651
113,4195,5.0,7652
113,6033,2.0,7653
113,6117,2.5,7654
113,6118,4.5,7655
113,5877,4.5,7656
113,5700,2.5,7657
113,5198,4.5,7658
113,6313,4.0,7659
113,5415,2.5,7660
113,4421,3.0,7661
113,6411,4.0,7662
113,6159,5.0,7663
113,5486,3.5,7664
113,5018,3.5,7665
113,5709,3.0,7666
113,5655,0.5,7667
113,1041,3.0,7668
113,2378,2.0,7669
113,652,4.0,7670
113,3859,2.5,7671
113,2736,3.5,7672
113,1914,2.5,7673
113,1313,3.5,7674
113,828,2.5,7675
113,2191,2.5,7676
113,2368,2.0,7677
113,3963,3.0,7678
113,6228,3.5,7679
113,1492,4.5,7680
113,85,1.5,7681
113,3106,3.0,7682
113,809,1.0,7683
113,4566,5.0,7684
113,1717,3.0,7685
113,844,3.5,7686
113,422,3.5,7687
113,3207,4.0,7688
113,1972,4.5,7689
113,1600,3.0,7690
113,1508,2.5,7691
113,1434,4.5,7692
113,3503,2.5,7693
113,1795,3.5,7694
113,2024,3.0,7695
113,339,4.0,7696
113,280,4.0,7697
113,418,4.0,7698
113,1535,4.5,7699
113,1065,4.0,7700
113,531,4.5,7701
113,1851,4.5,7702
113,1530,5.0,7703
113,726,4.0,7704
113,1363,4.5,7705
113,2948,4.0,7706
113,3622,4.5,7707
113,3370,4.0,7708
113,1210,2.5,7709
113,3174,4.5,7710
113,2744,4.5,7711
113,3269,3.0,7712
113,421,4.0,7713
113,2402,4.0,7714
113,2465,3.0,7715
113,4408,3.5,7716
113,4194,4.0,7717
113,4820,3.5,7718
113,3858,3.5,7719
113,5017,3.5,7720
113,5654,3.0,7721
114,4450,5.0,7722
114,4451,5.0,7723
114,4566,5.0,7724
114,6529,5.0,7725
114,4903,4.5,7726
114,5475,2.0,7727
114,3725,4.0,7728
114,5030,3.5,7729
114,4996,4.0,7730
114,4408,3.5,7731
114,5461,3.5,7732
114,5679,4.5,7733
114,3887,4.5,7734
114,5442,5.0,7735
114,4178,2.5,7736
114,3852,2.5,7737
114,5029,2.5,7738
114,1789,3.5,7739
114,2871,4.0,7740
114,1236,3.5,7741
114,2215,4.5,7742
114,1733,4.5,7743
114,573,3.0,7744
114,1996,4.5,7745
114,1028,3.0,7746
114,1161,5.0,7747
114,3593,3.5,7748
114,2485,4.0,7749
114,3576,2.5,7750
114,444,4.0,7751
114,616,3.5,7752
114,845,5.0,7753
114,1403,3.5,7754
114,2161,3.0,7755
114,3377,3.5,7756
114,2047,4.0,7757
114,1930,4.0,7758
114,888,3.0,7759
114,174,5.0,7760
114,449,3.5,7761
114,2991,4.0,7762
114,2962,3.5,7763
114,844,5.0,7764
114,3493,2.5,7765
114,2530,3.5,7766
114,1434,5.0,7767
114,3528,3.5,7768
114,3504,4.0,7769
114,418,2.0,7770
114,2528,3.5,7771
114,284,3.5,7772
114,1065,4.0,7773
114,1152,5.0,7774
114,1530,3.5,7775
114,2379,2.5,7776
114,1,3.5,7777
114,726,4.0,7778
114,2971,4.0,7779
114,2770,5.0,7780
114,1363,4.5,7781
114,1686,3.0,7782
114,920,3.0,7783
114,1369,4.0,7784
114,1945,4.5,7785
114,2935,3.5,7786
114,2948,4.5,7787
114,3622,4.5,7788
114,3370,3.0,7789
114,1846,3.5,7790
114,2953,3.5,7791
114,790,3.5,7792
114,3174,2.5,7793
114,27,4.0,7794
114,2216,4.5,7795
114,1835,3.0,7796
114,2320,3.0,7797
114,1348,4.5,7798
114,1276,2.5,7799
114,2785,4.5,7800
114,628,1.5,7801
114,784,2.5,7802
114,1357,5.0,7803
114,1847,4.0,7804
114,3819,4.0,7805
115,4635,5.0,7806
115,975,5.0,7807
115,1369,5.0,7808
115,6606,2.5,7809
115,3593,2.0,7810
115,2485,4.0,7811
115,350,3.0,7812
115,163,5.0,7813
115,728,4.0,7814
115,1745,5.0,7815
115,2368,4.0,7816
115,2047,4.0,7817
115,319,3.0,7818
115,1954,3.0,7819
115,2104,4.0,7820
115,3669,4.0,7821
115,694,3.0,7822
115,98,4.0,7823
115,2402,4.0,7824
115,1422,5.0,7825
115,666,5.0,7826
115,3484,3.0,7827
115,2644,5.0,7828
115,667,4.0,7829
115,3627,5.0,7830
115,1755,5.0,7831
115,12,5.0,7832
115,1559,5.0,7833
115,200,5.0,7834
115,3265,5.0,7835
115,3344,5.0,7836
115,3097,5.0,7837
115,3327,4.0,7838
115,1455,5.0,7839
115,859,5.0,7840
115,2206,4.0,7841
115,349,5.0,7842
115,290,4.0,7843
115,162,5.0,7844
115,1416,5.0,7845
116,6647,5.0,7846
116,6648,5.0,7847
116,5869,5.0,7848
116,5109,5.0,7849
116,6334,5.0,7850
116,5257,4.0,7851
116,6637,5.0,7852
116,5154,5.0,7853
116,5717,4.0,7854
116,6546,5.0,7855
116,3917,5.0,7856
116,5763,5.0,7857
116,4679,5.0,7858
116,5815,5.0,7859
116,5431,3.5,7860
116,5927,4.0,7861
116,3963,3.0,7862
116,5448,5.0,7863
116,5783,4.0,7864
116,3765,5.0,7865
116,5658,4.0,7866
116,6297,4.0,7867
116,5790,4.0,7868
116,3747,4.5,7869
116,6607,3.0,7870
116,4408,5.0,7871
116,5461,4.0,7872
116,6453,5.0,7873
116,5211,5.0,7874
116,4186,5.0,7875
116,5460,2.5,7876
116,3634,3.5,7877
116,1795,3.0,7878
116,1422,3.0,7879
116,2551,4.0,7880
116,5868,4.0,7881
116,5814,3.5,7882
116,4407,3.5,7883
117,5564,5.0,7884
117,3119,5.0,7885
117,2700,5.0,7886
117,3469,5.0,7887
117,4389,3.0,7888
117,4390,3.5,7889
117,4469,5.0,7890
117,5679,5.0,7891
117,6215,4.5,7892
117,6251,4.0,7893
117,4028,5.0,7894
117,5533,4.0,7895
117,5634,4.0,7896
117,4585,4.5,7897
117,5461,4.0,7898
117,4756,4.0,7899
117,5856,4.0,7900
117,4765,3.5,7901
117,6308,3.5,7902
117,4717,2.0,7903
117,3890,4.0,7904
117,5877,4.5,7905
117,5926,4.0,7906
117,4835,4.0,7907
117,6467,3.5,7908
117,5006,0.5,7909
117,6144,4.5,7910
117,5700,4.0,7911
117,4768,4.5,7912
117,5930,3.0,7913
117,6028,3.5,7914
117,3771,3.5,7915
117,6063,3.0,7916
117,6508,5.0,7917
117,5354,2.5,7918
117,5763,4.0,7919
117,3880,4.5,7920
117,6330,4.0,7921
117,6084,4.0,7922
117,5303,4.5,7923
117,4566,4.0,7924
117,4918,4.0,7925
117,6573,2.5,7926
117,5744,3.5,7927
117,6284,3.5,7928
117,5862,2.0,7929
117,5663,4.0,7930
117,3963,3.5,7931
117,6246,3.5,7932
117,4681,4.5,7933
117,4885,2.5,7934
117,4364,3.5,7935
117,4562,4.0,7936
117,5758,2.5,7937
117,5101,3.0,7938
117,5129,2.5,7939
117,5590,2.5,7940
117,4027,2.5,7941
117,374,5.0,7942
117,1860,4.0,7943
117,1789,4.0,7944
117,3290,3.5,7945
117,2258,4.0,7946
117,2215,4.5,7947
117,2408,3.0,7948
117,3483,5.0,7949
117,2423,4.0,7950
117,2622,3.5,7951
117,3239,3.5,7952
117,1986,4.0,7953
117,3468,3.0,7954
117,1110,4.5,7955
117,2475,4.5,7956
117,420,5.0,7957
117,2210,2.0,7958
117,2027,4.0,7959
117,3063,4.5,7960
117,903,5.0,7961
117,1996,5.0,7962
117,1957,4.0,7963
117,1161,4.0,7964
117,3593,4.5,7965
117,1175,3.0,7966
117,1307,1.5,7967
117,2648,4.5,7968
117,33,3.0,7969
117,931,4.5,7970
117,498,5.0,7971
117,983,3.5,7972
117,2485,3.5,7973
117,1982,3.5,7974
117,1107,3.5,7975
117,1394,3.0,7976
117,3114,3.0,7977
117,1197,3.5,7978
117,3449,3.5,7979
117,3490,5.0,7980
117,650,4.0,7981
117,2501,4.0,7982
117,1064,2.0,7983
117,2706,4.0,7984
117,2547,4.0,7985
117,2378,4.0,7986
117,350,2.5,7987
117,2625,2.5,7988
117,163,4.5,7989
117,2361,3.5,7990
117,121,3.5,7991
117,2898,4.0,7992
117,102,3.0,7993
117,1313,0.5,7994
117,1032,4.5,7995
117,3383,4.5,7996
117,3019,4.5,7997
117,1095,4.0,7998
117,996,1.0,7999
117,2617,4.0,8000
117,1204,2.5,8001
117,2985,4.0,8002
117,3165,2.5,8003
117,319,3.5,8004
117,2919,3.0,8005
117,2554,4.0,8006
117,1148,4.5,8007
117,3289,4.0,8008
117,2286,3.5,8009
117,917,4.0,8010
117,2707,4.0,8011
117,2445,3.0,8012
117,1430,4.0,8013
117,4468,4.0,8014
117,6518,3.0,8015
118,5071,5.0,8016
118,5072,5.0,8017
118,4186,5.0,8018
118,4636,5.0,8019
118,5210,4.0,8020
118,5211,4.0,8021
118,4127,5.0,8022
118,6501,4.5,8023
118,4673,4.0,8024
118,5717,4.0,8025
118,5716,3.5,8026
118,1530,4.0,8027
118,492,5.0,8028
118,3327,4.5,8029
118,1019,4.0,8030
119,5896,5.0,8031
119,5897,5.0,8032
119,5695,5.0,8033
119,4718,5.0,8034
119,4667,4.0,8035
119,4353,4.5,8036
119,5399,4.5,8037
119,5081,4.5,8038
119,3844,4.0,8039
119,6501,5.0,8040
119,3887,4.0,8041
119,4147,3.5,8042
119,4741,3.5,8043
119,5665,4.0,8044
119,4585,3.0,8045
119,6453,3.5,8046
119,3910,3.0,8047
119,3912,4.5,8048
119,3914,4.0,8049
119,5717,3.5,8050
119,6665,5.0,8051
119,4636,5.0,8052
119,5629,4.0,8053
119,5056,4.5,8054
119,6261,5.0,8055
119,5997,4.5,8056
119,6607,2.0,8057
119,3971,3.0,8058
119,4337,4.5,8059
119,4339,4.0,8060
119,5874,5.0,8061
119,5673,4.0,8062
119,5557,4.5,8063
119,6159,3.5,8064
119,3782,3.0,8065
119,5600,3.0,8066
119,5042,4.0,8067
119,6135,4.0,8068
119,5700,3.0,8069
119,6715,3.0,8070
119,4988,4.0,8071
119,5072,5.0,8072
119,5877,4.5,8073
119,6549,4.5,8074
119,5876,2.5,8075
119,2215,5.0,8076
119,275,3.0,8077
119,2027,3.0,8078
119,1989,4.0,8079
119,3593,2.0,8080
119,931,3.0,8081
119,2485,3.5,8082
119,1088,3.5,8083
119,1924,3.0,8084
119,2047,3.5,8085
119,277,4.5,8086
119,512,3.5,8087
119,3438,3.5,8088
119,1016,4.0,8089
119,128,3.0,8090
119,2024,3.5,8091
119,1065,3.5,8092
119,2338,4.5,8093
119,251,4.0,8094
119,3090,4.5,8095
119,1369,5.0,8096
119,3370,4.5,8097
119,2213,5.0,8098
119,1984,4.0,8099
119,2850,4.5,8100
119,3015,4.5,8101
119,1348,4.0,8102
119,2465,4.0,8103
119,273,4.0,8104
119,1357,4.5,8105
119,2849,4.0,8106
119,1297,4.0,8107
119,1952,4.0,8108
119,3703,3.0,8109
119,3206,4.5,8110
119,3530,4.5,8111
119,1873,4.5,8112
119,325,3.0,8113
119,2592,5.0,8114
119,200,4.0,8115
119,975,5.0,8116
119,3327,5.0,8117
119,2396,4.0,8118
119,725,4.5,8119
120,4012,5.0,8120
120,364,5.0,8121
120,3174,5.0,8122
120,788,5.0,8123
120,4396,3.5,8124
120,4397,2.5,8125
120,5721,2.5,8126
120,4055,3.0,8127
120,4072,2.5,8128
120,6297,3.5,8129
120,6620,3.0,8130
120,4688,3.0,8131
120,6557,4.0,8132
120,3990,1.0,8133
120,6095,5.0,8134
120,3714,4.0,8135
120,5065,5.0,8136
120,5472,3.0,8137
120,5658,3.0,8138
120,5775,4.0,8139
120,4340,4.0,8140
120,5434,4.0,8141
120,4088,3.0,8142
120,5460,2.5,8143
120,1789,2.5,8144
120,2258,2.5,8145
120,2448,2.5,8146
120,3667,3.0,8147
120,5,2.5,8148
120,875,2.5,8149
120,2830,2.5,8150
120,1916,2.5,8151
120,824,2.5,8152
120,487,2.5,8153
120,2648,2.5,8154
120,3521,2.5,8155
120,3124,2.5,8156
120,2485,2.5,8157
120,256,2.5,8158
120,2947,2.5,8159
120,1901,2.5,8160
120,2231,2.5,8161
120,1653,2.5,8162
120,3020,2.5,8163
120,2018,2.5,8164
120,99,2.5,8165
120,3367,2.5,8166
120,48,2.5,8167
120,1909,2.5,8168
120,3687,5.0,8169
120,81,2.5,8170
120,2031,2.5,8171
120,2513,5.0,8172
120,817,3.0,8173
120,172,2.5,8174
120,2368,3.5,8175
120,765,2.0,8176
120,2278,3.0,8177
120,2420,1.0,8178
120,1499,2.0,8179
120,435,2.5,8180
120,2842,4.0,8181
120,1900,3.0,8182
120,387,4.0,8183
120,990,4.0,8184
120,3070,2.5,8185
120,1524,2.5,8186
120,2937,2.5,8187
120,602,2.5,8188
120,2516,0.5,8189
120,3592,3.0,8190
120,2307,2.0,8191
120,417,3.0,8192
120,2352,2.0,8193
120,706,2.5,8194
120,174,4.0,8195
120,3106,1.0,8196
120,938,2.0,8197
120,2227,4.0,8198
120,624,4.5,8199
120,517,2.5,8200
120,796,3.0,8201
120,93,3.0,8202
120,519,3.0,8203
120,171,3.0,8204
120,2279,3.0,8205
120,3579,1.0,8206
120,295,2.0,8207
120,1977,1.0,8208
120,1170,4.0,8209
120,4504,4.0,8210
120,5657,3.5,8211
121,6434,5.0,8212
121,6435,5.0,8213
121,4006,5.0,8214
121,3923,5.0,8215
121,5821,3.0,8216
121,4110,5.0,8217
121,3836,5.0,8218
121,6017,5.0,8219
121,5389,5.0,8220
121,5034,5.0,8221
121,6503,4.0,8222
121,4675,5.0,8223
121,6428,5.0,8224
121,6431,5.0,8225
121,4549,5.0,8226
121,4550,5.0,8227
121,5215,2.5,8228
121,1534,1.5,8229
121,1327,4.5,8230
121,1079,5.0,8231
121,1080,2.5,8232
121,275,4.5,8233
121,3711,5.0,8234
121,1986,5.0,8235
121,3593,4.0,8236
121,983,5.0,8237
121,130,3.5,8238
121,1883,4.5,8239
121,1828,4.5,8240
121,3414,2.0,8241
121,2501,3.0,8242
121,3183,3.0,8243
121,1217,4.0,8244
121,1435,4.0,8245
121,99,4.0,8246
121,1362,4.0,8247
121,3006,3.5,8248
121,1689,4.0,8249
121,1403,5.0,8250
121,1757,4.0,8251
121,234,4.0,8252
121,3661,4.0,8253
121,1554,5.0,8254
121,2513,4.5,8255
121,729,4.0,8256
121,3377,5.0,8257
121,319,4.0,8258
121,865,5.0,8259
121,3415,2.5,8260
121,1683,4.0,8261
121,277,4.5,8262
121,2502,5.0,8263
121,792,4.0,8264
121,809,5.0,8265
121,1804,4.0,8266
121,449,4.0,8267
121,3478,3.5,8268
121,2405,5.0,8269
121,1296,3.5,8270
121,879,4.0,8271
121,2578,4.0,8272
121,896,5.0,8273
121,1671,3.5,8274
121,282,3.0,8275
121,694,4.5,8276
121,357,5.0,8277
121,3087,5.0,8278
121,3421,5.0,8279
121,3567,4.0,8280
121,3659,5.0,8281
121,3207,4.5,8282
121,2530,3.5,8283
121,2353,5.0,8284
121,2043,3.5,8285
121,3423,5.0,8286
121,1252,4.0,8287
121,2078,5.0,8288
121,1047,5.0,8289
121,1024,5.0,8290
121,1343,5.0,8291
121,3182,5.0,8292
121,1434,5.0,8293
121,3057,4.0,8294
121,2088,5.0,8295
121,582,4.5,8296
121,279,5.0,8297
121,540,4.0,8298
121,895,5.0,8299
121,376,5.0,8300
121,4731,4.0,8301
122,5956,5.0,8302
122,5957,5.0,8303
122,5968,5.0,8304
122,5717,5.0,8305
122,6121,4.0,8306
122,6122,5.0,8307
122,6123,5.0,8308
122,6178,5.0,8309
122,4176,5.0,8310
122,4175,5.0,8311
122,4177,5.0,8312
122,5922,5.0,8313
122,4256,3.0,8314
122,4612,3.0,8315
122,3961,5.0,8316
122,4149,5.0,8317
122,3921,4.0,8318
122,5689,1.0,8319
122,4695,2.0,8320
122,4699,4.0,8321
122,4023,2.0,8322
122,4872,1.0,8323
122,5629,5.0,8324
122,5890,2.0,8325
122,5988,2.5,8326
122,4404,5.0,8327
122,4032,5.0,8328
122,5173,4.5,8329
122,5171,5.0,8330
122,5183,4.0,8331
122,6326,2.0,8332
122,5513,3.0,8333
122,5940,3.5,8334
122,4762,5.0,8335
122,6069,3.5,8336
122,4133,2.5,8337
122,6125,4.0,8338
122,4345,5.0,8339
122,5621,5.0,8340
122,4391,4.0,8341
122,5232,5.0,8342
122,5752,4.0,8343
122,3872,5.0,8344
122,4394,3.0,8345
122,4393,5.0,8346
122,4392,5.0,8347
122,4395,5.0,8348
122,6135,5.0,8349
122,5911,4.5,8350
122,5403,3.5,8351
122,4477,5.0,8352
122,6048,3.0,8353
122,4780,2.0,8354
122,4751,4.0,8355
122,5772,2.5,8356
122,2103,3.5,8357
122,1733,3.5,8358
122,2027,1.0,8359
122,306,3.0,8360
122,764,3.0,8361
122,3109,2.0,8362
122,2898,5.0,8363
122,845,5.0,8364
122,78,4.0,8365
122,319,4.0,8366
122,1148,3.5,8367
122,5135,5.0,8368
122,3438,4.5,8369
122,738,4.0,8370
122,1961,3.5,8371
122,584,4.0,8372
122,844,5.0,8373
122,694,4.5,8374
122,5901,5.0,8375
122,2699,4.0,8376
122,2931,5.0,8377
122,2088,4.0,8378
122,1429,5.0,8379
122,5568,5.0,8380
122,428,4.5,8381
122,847,5.0,8382
122,763,5.0,8383
122,553,5.0,8384
122,1147,5.0,8385
122,1428,5.0,8386
122,2971,1.0,8387
122,2770,5.0,8388
122,2548,4.0,8389
122,1103,5.0,8390
122,1427,4.5,8391
122,3007,5.0,8392
122,1146,5.0,8393
122,2948,5.0,8394
122,3622,5.0,8395
122,3370,5.0,8396
122,2354,5.0,8397
122,762,5.0,8398
122,1995,3.0,8399
122,790,4.0,8400
122,6166,5.0,8401
122,2850,4.5,8402
122,2866,4.5,8403
122,2450,5.0,8404
122,1835,3.0,8405
122,552,5.0,8406
122,834,5.0,8407
122,3055,5.0,8408
122,761,5.0,8409
122,2465,5.0,8410
122,2449,5.0,8411
122,1550,5.0,8412
122,47,5.0,8413
122,1857,5.0,8414
122,2230,3.0,8415
122,503,2.5,8416
122,2329,2.5,8417
122,3683,5.0,8418
122,3386,5.0,8419
122,2848,5.0,8420
122,2253,5.0,8421
122,2001,3.0,8422
122,1952,5.0,8423
122,3703,5.0,8424
122,3192,4.5,8425
122,2859,5.0,8426
122,551,5.0,8427
122,4713,4.0,8428
122,5716,3.5,8429
122,4749,3.0,8430
122,3851,3.0,8431
123,4346,5.0,8432
123,4347,5.0,8433
123,2477,5.0,8434
123,3048,5.0,8435
123,6266,4.0,8436
123,6267,3.0,8437
123,4556,3.5,8438
123,3859,5.0,8439
123,6223,3.5,8440
123,5679,5.0,8441
123,4157,4.0,8442
123,5395,5.0,8443
123,5775,5.0,8444
123,4091,4.0,8445
123,6483,5.0,8446
123,6321,4.0,8447
123,4461,4.0,8448
123,4070,3.5,8449
123,5712,3.0,8450
123,6543,5.0,8451
123,4893,5.0,8452
123,6719,3.0,8453
123,6104,4.5,8454
123,6691,3.0,8455
123,5877,3.5,8456
123,4024,5.0,8457
123,4679,4.5,8458
123,6566,5.0,8459
123,4610,3.0,8460
123,5284,4.5,8461
123,5741,5.0,8462
123,5276,5.0,8463
123,5526,4.0,8464
123,6634,5.0,8465
123,4604,5.0,8466
123,4811,3.5,8467
123,4973,3.5,8468
123,4099,4.0,8469
123,5670,2.5,8470
123,6717,3.5,8471
123,3838,3.5,8472
123,5173,4.5,8473
123,5171,4.5,8474
123,5563,4.0,8475
123,5042,3.5,8476
123,5591,5.0,8477
123,5032,5.0,8478
123,6657,4.0,8479
123,6598,5.0,8480
123,4132,4.5,8481
123,6471,4.0,8482
123,3929,5.0,8483
123,5755,5.0,8484
123,6716,4.0,8485
123,6231,2.5,8486
123,2557,2.5,8487
123,2871,4.0,8488
123,2215,3.5,8489
123,1733,4.0,8490
123,2027,5.0,8491
123,1028,4.5,8492
123,2575,2.5,8493
123,1161,4.0,8494
123,3358,4.0,8495
123,777,2.5,8496
123,2485,4.5,8497
123,3786,5.0,8498
123,5655,3.0,8499
123,3633,3.0,8500
123,6021,1.0,8501
123,1745,2.5,8502
123,3285,5.0,8503
123,845,4.0,8504
123,1230,5.0,8505
123,2212,2.5,8506
123,2368,2.0,8507
123,2047,2.5,8508
123,319,2.5,8509
123,1954,2.5,8510
123,259,2.5,8511
123,1356,2.5,8512
123,5763,4.0,8513
123,277,2.5,8514
123,567,2.5,8515
123,1090,2.0,8516
123,3106,5.0,8517
123,457,2.5,8518
123,1969,5.0,8519
123,3397,2.5,8520
123,145,4.0,8521
123,796,2.5,8522
123,3669,2.5,8523
123,2561,2.5,8524
123,807,2.5,8525
123,2479,2.5,8526
123,901,2.5,8527
123,844,2.5,8528
123,3036,2.5,8529
123,3286,2.5,8530
123,2924,2.5,8531
123,2125,2.5,8532
123,905,2.5,8533
123,906,2.5,8534
123,3035,2.5,8535
123,2636,4.0,8536
123,877,2.5,8537
123,2598,2.5,8538
123,1600,5.0,8539
123,1706,2.5,8540
123,1431,5.0,8541
123,1508,5.0,8542
123,2259,3.0,8543
123,2558,2.5,8544
123,6103,3.5,8545
123,5669,3.5,8546
123,4450,3.0,8547
124,3962,5.0,8548
124,319,5.0,8549
124,975,5.0,8550
124,1369,5.0,8551
124,5716,2.5,8552
124,2047,0.5,8553
125,5754,5.0,8554
125,2092,5.0,8555
125,353,5.0,8556
125,2099,5.0,8557
125,4405,2.5,8558
125,2863,4.0,8559
125,3667,2.5,8560
125,2110,2.5,8561
125,1733,3.0,8562
125,2027,3.5,8563
125,1028,3.0,8564
125,2575,2.0,8565
125,1741,3.0,8566
125,2424,4.5,8567
125,3244,4.0,8568
125,3176,3.0,8569
125,1974,3.5,8570
125,3588,2.5,8571
125,1333,4.0,8572
125,2807,3.5,8573
125,652,3.5,8574
125,226,3.0,8575
125,574,3.0,8576
125,3006,2.5,8577
125,845,2.5,8578
125,2212,2.5,8579
125,1819,2.5,8580
125,2115,4.0,8581
125,259,3.0,8582
125,3289,2.5,8583
125,2754,2.5,8584
125,2680,3.5,8585
125,872,2.5,8586
125,145,4.0,8587
125,879,2.5,8588
125,844,2.5,8589
125,2924,4.0,8590
125,3379,3.5,8591
125,694,2.5,8592
125,3207,4.0,8593
125,1972,4.0,8594
125,1600,2.5,8595
125,1926,4.0,8596
125,1434,2.5,8597
125,2024,3.5,8598
125,452,4.0,8599
125,108,2.5,8600
125,683,2.5,8601
125,1350,2.5,8602
125,1317,2.5,8603
125,1535,2.5,8604
125,1220,4.0,8605
125,945,2.5,8606
125,1530,2.5,8607
125,1753,4.0,8608
125,3222,2.5,8609
125,3000,2.5,8610
125,3090,2.5,8611
125,2345,3.0,8612
125,1363,2.5,8613
125,1686,2.5,8614
125,920,2.5,8615
125,3007,4.5,8616
125,378,2.5,8617
125,1705,2.5,8618
125,2910,2.5,8619
125,2948,4.0,8620
125,3622,4.0,8621
125,2998,2.5,8622
125,1210,4.0,8623
125,3247,2.5,8624
125,708,4.0,8625
125,3365,4.0,8626
125,1984,2.5,8627
125,2953,2.5,8628
125,352,3.0,8629
126,4572,5.0,8630
126,920,5.0,8631
126,2259,5.0,8632
126,1317,5.0,8633
126,6574,2.5,8634
126,3561,2.5,8635
126,3593,4.0,8636
126,33,2.5,8637
126,2424,2.5,8638
126,2485,2.5,8639
126,650,2.5,8640
126,1217,2.5,8641
126,163,2.5,8642
126,1612,2.5,8643
126,3285,4.0,8644
126,574,3.0,8645
126,2985,2.5,8646
126,2368,2.5,8647
126,211,4.0,8648
126,469,2.5,8649
126,2099,4.0,8650
126,2676,4.0,8651
126,1090,2.5,8652
126,3106,2.5,8653
126,809,2.0,8654
126,2754,4.0,8655
126,318,4.0,8656
126,1969,2.5,8657
126,145,4.0,8658
126,449,4.0,8659
126,3669,2.5,8660
126,913,2.5,8661
126,807,2.5,8662
126,2774,2.5,8663
126,3379,2.5,8664
126,1508,2.5,8665
126,1726,4.0,8666
126,1795,5.0,8667
126,2024,2.0,8668
126,2088,5.0,8669
126,2195,5.0,8670
126,3528,2.5,8671
126,98,2.5,8672
126,1216,4.0,8673
126,428,4.0,8674
126,1391,2.5,8675
126,1535,4.0,8676
126,284,2.5,8677
126,1065,2.5,8678
126,531,5.0,8679
126,2571,2.5,8680
126,1851,5.0,8681
126,251,5.0,8682
126,726,2.5,8683
126,3222,2.5,8684
126,3062,4.0,8685
126,1686,4.0,8686
126,3366,4.0,8687
126,1369,2.5,8688
126,1103,2.5,8689
126,1427,2.5,8690
126,1945,2.5,8691
126,378,2.5,8692
126,1146,2.5,8693
126,2948,2.5,8694
126,2213,4.0,8695
126,2828,2.5,8696
126,790,4.0,8697
126,2997,2.5,8698
126,834,5.0,8699
126,3269,2.5,8700
126,421,4.0,8701
126,2402,2.5,8702
126,1348,2.5,8703
126,6545,4.0,8704
127,4045,5.0,8705
127,406,5.0,8706
127,2785,5.0,8707
127,3037,5.0,8708
127,6283,2.5,8709
127,2622,2.5,8710
127,275,2.5,8711
127,3561,2.5,8712
127,2903,2.5,8713
127,2648,2.5,8714
127,1460,2.5,8715
127,931,2.5,8716
127,1278,2.5,8717
127,3409,2.5,8718
127,130,2.5,8719
127,1790,2.5,8720
127,728,2.5,8721
127,3458,2.5,8722
127,1362,2.5,8723
127,234,2.5,8724
127,3002,2.5,8725
127,2368,2.5,8726
127,2047,2.5,8727
127,1954,2.5,8728
127,1148,2.5,8729
127,277,2.5,8730
127,419,2.5,8731
127,1090,2.5,8732
127,512,2.5,8733
127,3397,2.5,8734
127,3438,2.5,8735
127,796,2.5,8736
127,2756,2.5,8737
127,2561,2.5,8738
127,807,2.5,8739
127,2774,2.5,8740
127,2438,2.5,8741
127,3286,2.5,8742
127,422,2.5,8743
127,2699,2.5,8744
127,2598,2.5,8745
127,17,2.5,8746
127,2931,2.5,8747
127,863,2.5,8748
127,3707,2.5,8749
127,1343,2.5,8750
127,1431,2.5,8751
127,1508,2.5,8752
127,3182,2.5,8753
127,1434,2.5,8754
127,1016,2.5,8755
127,956,2.5,8756
127,3057,2.5,8757
127,2558,2.5,8758
127,1795,2.5,8759
127,1784,2.5,8760
127,1093,2.5,8761
127,2024,2.5,8762
127,1429,2.5,8763
127,582,2.5,8764
127,279,2.5,8765
127,2444,2.5,8766
127,540,2.5,8767
127,929,2.5,8768
127,1089,2.5,8769
127,895,2.5,8770
127,390,2.5,8771
127,2560,2.5,8772
127,514,2.5,8773
127,1366,2.5,8774
127,376,2.5,8775
127,452,2.5,8776
127,3539,2.5,8777
127,1132,2.5,8778
127,3139,2.5,8779
127,108,2.5,8780
127,3104,2.5,8781
128,4026,5.0,8782
128,373,5.0,8783
128,3396,5.0,8784
128,3445,5.0,8785
128,6283,2.5,8786
128,2622,2.5,8787
128,3561,2.5,8788
128,1028,3.5,8789
128,2903,2.5,8790
128,1517,2.5,8791
128,1217,2.5,8792
128,728,2.5,8793
128,1612,2.5,8794
128,845,2.5,8795
128,2191,2.5,8796
128,319,3.5,8797
128,2554,4.0,8798
128,1148,2.5,8799
128,1090,2.5,8800
128,512,2.5,8801
128,1969,2.5,8802
128,3397,2.5,8803
128,796,2.5,8804
128,913,3.0,8805
128,2756,2.5,8806
128,2561,2.5,8807
128,879,2.5,8808
128,844,2.5,8809
128,3286,2.5,8810
128,422,2.5,8811
128,1671,2.5,8812
128,1431,2.5,8813
128,1508,3.0,8814
128,1434,3.5,8815
128,2558,2.5,8816
128,1795,3.5,8817
128,279,3.5,8818
128,3528,2.5,8819
128,540,2.5,8820
128,2560,4.5,8821
128,727,2.5,8822
128,280,3.5,8823
128,98,3.5,8824
128,418,2.5,8825
128,2596,2.5,8826
128,428,3.5,8827
128,3398,2.5,8828
128,1391,2.5,8829
128,2559,2.5,8830
128,1147,2.5,8831
128,284,2.5,8832
128,1604,2.5,8833
128,1065,2.5,8834
128,2338,2.5,8835
128,795,2.5,8836
128,1829,2.5,8837
128,2571,4.0,8838
128,251,4.5,8839
128,3129,3.5,8840
128,536,2.5,8841
128,726,2.5,8842
128,3090,2.5,8843
128,229,2.5,8844
128,1363,2.5,8845
128,1686,2.5,8846
128,278,2.5,8847
128,920,2.5,8848
128,2999,2.5,8849
128,1369,5.0,8850
128,371,2.5,8851
128,1427,2.5,8852
128,1146,2.5,8853
128,538,4.0,8854
128,3370,3.5,8855
128,1048,2.5,8856
128,2998,2.5,8857
128,2828,2.5,8858
128,4742,4.0,8859
128,6500,4.0,8860
129,4733,5.0,8861
129,1082,5.0,8862
129,1910,5.0,8863
129,2404,5.0,8864
129,4678,2.5,8865
129,1028,5.0,8866
129,3633,3.5,8867
129,845,5.0,8868
129,2368,4.5,8869
129,913,2.5,8870
129,844,2.5,8871
129,1600,4.5,8872
129,531,5.0,8873
129,1369,2.5,8874
129,1103,4.0,8875
129,3174,3.5,8876
129,421,2.5,8877
129,1348,4.5,8878
129,273,2.5,8879
129,949,4.5,8880
129,1422,2.5,8881
129,666,4.0,8882
129,3484,2.5,8883
129,2849,2.5,8884
129,1709,5.0,8885
129,2253,2.5,8886
129,2862,3.5,8887
129,2208,4.5,8888
129,3136,5.0,8889
129,1755,4.0,8890
129,12,2.5,8891
129,1272,2.5,8892
129,2567,4.5,8893
129,1559,2.5,8894
129,200,2.5,8895
129,2,2.5,8896
129,1019,2.5,8897
129,3134,2.5,8898
129,859,2.5,8899
129,1240,2.5,8900
130,6312,2.5,8901
130,2648,2.5,8902
130,2554,2.5,8903
130,2561,2.5,8904
130,1508,2.5,8905
130,2024,2.5,8906
130,2560,2.5,8907
130,1530,2.5,8908
130,1369,2.5,8909
130,3370,2.5,8910
130,790,2.5,8911
130,1357,2.5,8912
130,2849,2.5,8913
130,2253,2.5,8914
130,2862,2.5,8915
130,899,2.5,8916
130,1489,2.5,8917
130,975,2.5,8918
130,2,2.5,8919
130,3327,2.5,8920
130,1019,2.5,8921
130,2224,2.5,8922
130,2687,2.5,8923
130,2938,2.5,8924
131,4915,5.0,8925
131,1236,5.0,8926
131,1996,5.0,8927
131,1382,5.0,8928
131,3593,2.0,8929
131,2903,3.0,8930
131,2648,5.0,8931
131,3409,5.0,8932
131,728,4.0,8933
131,2554,5.0,8934
131,1148,5.0,8935
131,512,5.0,8936
131,3438,4.0,8937
131,2756,5.0,8938
131,2561,5.0,8939
131,1508,4.0,8940
131,1434,5.0,8941
131,2024,4.0,8942
131,279,5.0,8943
131,3528,4.0,8944
131,2560,5.0,8945
131,280,5.0,8946
131,418,4.0,8947
131,1216,5.0,8948
131,1391,5.0,8949
131,2559,5.0,8950
131,726,5.0,8951
131,1369,5.0,8952
131,1146,5.0,8953
131,3622,5.0,8954
131,790,5.0,8955
131,2744,4.0,8956
131,273,3.0,8957
131,1357,5.0,8958
131,666,5.0,8959
131,2849,5.0,8960
131,3565,5.0,8961
131,2644,5.0,8962
131,2253,5.0,8963
131,2551,4.0,8964
131,2461,5.0,8965
131,1087,5.0,8966
131,200,4.0,8967
131,975,5.0,8968
131,3420,4.0,8969
131,1019,5.0,8970
131,290,4.0,8971
132,3897,5.0,8972
132,262,5.0,8973
132,2088,5.0,8974
132,284,5.0,8975
132,4405,2.5,8976
132,2863,3.0,8977
132,2871,4.0,8978
132,3667,2.0,8979
132,1733,3.0,8980
132,2027,2.0,8981
132,1028,5.0,8982
132,1161,3.0,8983
132,510,3.0,8984
132,3593,5.0,8985
132,2485,5.0,8986
132,3633,3.0,8987
132,574,3.0,8988
132,2368,3.0,8989
132,319,2.0,8990
132,2099,4.0,8991
132,3106,3.0,8992
132,1969,2.0,8993
132,913,4.0,8994
132,1795,5.0,8995
132,2024,3.0,8996
132,3528,5.0,8997
132,418,4.0,8998
132,1535,4.0,8999
132,1065,5.0,9000
132,531,2.0,9001
132,1530,3.0,9002
132,1103,3.0,9003
132,3370,5.0,9004
132,2997,4.0,9005
132,2465,5.0,9006
132,3484,4.0,9007
132,2862,4.0,9008
132,3136,3.0,9009
132,1755,4.0,9010
132,1489,4.0,9011
132,3420,4.0,9012
132,1019,4.0,9013
132,2224,4.0,9014
132,3261,5.0,9015
133,5870,5.0,9016
133,2211,5.0,9017
133,986,5.0,9018
133,1400,5.0,9019
133,6690,2.5,9020
133,3667,2.5,9021
133,3593,2.5,9022
133,2485,2.5,9023
133,226,2.5,9024
133,2736,2.5,9025
133,3285,2.5,9026
133,616,2.5,9027
133,2368,2.5,9028
133,319,2.5,9029
133,259,2.5,9030
133,3106,2.5,9031
133,913,2.5,9032
133,2530,2.5,9033
133,2078,2.5,9034
133,1795,2.5,9035
133,2088,2.5,9036
133,368,2.5,9037
133,1390,2.5,9038
133,224,2.5,9039
133,418,2.5,9040
133,1216,2.5,9041
133,636,2.5,9042
133,428,2.5,9043
133,1535,2.5,9044
133,531,2.5,9045
133,1530,2.5,9046
133,726,2.5,9047
133,1363,2.5,9048
133,1369,2.5,9049
133,2948,2.5,9050
133,1817,2.5,9051
133,3622,2.5,9052
133,3370,2.5,9053
133,3174,2.5,9054
133,1853,2.5,9055
133,2997,2.5,9056
133,2371,2.5,9057
133,2402,2.5,9058
133,949,2.5,9059
133,3522,2.5,9060
133,666,2.5,9061
133,1709,2.5,9062
133,3565,2.5,9063
133,30,2.5,9064
133,2253,2.5,9065
133,1597,2.5,9066
133,501,2.5,9067
133,577,2.5,9068
133,3051,2.5,9069
133,3627,2.5,9070
133,3136,2.5,9071
133,2462,2.5,9072
133,1755,2.5,9073
133,899,5.0,9074
133,3066,2.5,9075
133,1038,2.5,9076
133,3065,2.5,9077
133,3236,2.5,9078
133,3197,2.5,9079
133,2567,2.5,9080
133,2461,2.5,9081
133,2865,2.5,9082
133,1082,2.5,9083
133,3344,2.5,9084
133,2,2.5,9085
133,3097,2.5,9086
133,3164,2.5,9087
133,3327,2.5,9088
133,3420,2.5,9089
133,951,2.5,9090
133,5889,4.0,9091
134,6110,5.0,9092
134,6111,5.0,9093
134,6069,5.0,9094
134,5056,5.0,9095
134,6249,3.0,9096
134,6250,4.5,9097
134,6349,4.0,9098
134,5299,4.0,9099
134,3930,2.5,9100
134,5509,3.5,9101
134,5246,4.5,9102
134,4512,4.0,9103
134,5899,4.5,9104
134,6607,4.0,9105
134,5877,4.5,9106
134,4063,5.0,9107
134,6634,4.5,9108
134,3973,3.0,9109
134,3915,3.5,9110
134,3917,4.5,9111
134,3918,4.0,9112
134,3836,3.5,9113
134,6225,4.0,9114
134,6239,4.0,9115
134,6233,2.5,9116
134,6237,4.0,9117
134,6234,3.5,9118
134,4337,4.0,9119
134,4339,4.5,9120
134,3971,4.0,9121
134,5722,4.0,9122
134,4055,4.0,9123
134,4988,3.5,9124
134,6431,1.5,9125
134,6430,2.0,9126
134,6407,1.5,9127
134,6236,4.5,9128
134,6228,4.5,9129
134,4823,3.0,9130
134,3821,4.0,9131
134,5378,4.0,9132
134,6048,4.5,9133
134,5592,4.5,9134
134,3844,4.5,9135
134,4157,4.0,9136
134,5790,5.0,9137
134,5890,4.0,9138
134,5173,4.0,9139
134,5171,4.5,9140
134,4636,5.0,9141
134,3887,4.5,9142
134,5442,4.5,9143
134,4186,4.0,9144
134,5042,4.5,9145
134,5876,3.5,9146
134,270,5.0,9147
134,996,3.5,9148
134,2513,4.0,9149
134,1123,4.0,9150
134,2554,4.5,9151
134,174,4.0,9152
134,1804,3.5,9153
134,3084,3.0,9154
134,1294,4.0,9155
134,796,3.0,9156
134,3501,3.5,9157
134,3405,1.5,9158
134,2561,4.0,9159
134,2273,3.0,9160
134,3540,3.0,9161
134,2962,3.0,9162
134,964,3.5,9163
134,965,3.5,9164
134,960,3.5,9165
134,1096,3.5,9166
134,1282,3.0,9167
134,3423,1.5,9168
134,1449,2.0,9169
134,3182,3.5,9170
134,5396,4.0,9171
134,2558,2.5,9172
134,5752,4.5,9173
134,279,4.5,9174
134,2560,4.5,9175
134,3539,3.5,9176
134,3139,3.0,9177
134,3422,2.0,9178
134,3104,3.0,9179
134,1262,3.0,9180
134,1350,3.5,9181
134,280,4.0,9182
134,2260,2.0,9183
134,2124,3.0,9184
134,1450,3.5,9185
134,3656,4.0,9186
134,636,4.0,9187
134,2747,1.5,9188
134,1391,3.5,9189
134,2559,3.5,9190
134,553,3.5,9191
134,284,3.5,9192
134,1220,4.0,9193
134,2705,1.5,9194
134,5211,5.0,9195
134,3691,4.5,9196
134,3246,3.0,9197
134,569,3.5,9198
134,985,3.5,9199
134,536,4.0,9200
134,330,3.0,9201
134,726,3.5,9202
134,3710,3.5,9203
134,1261,3.0,9204
134,2148,2.5,9205
134,1803,3.5,9206
134,278,3.5,9207
134,2108,3.5,9208
134,5055,4.0,9209
134,6714,3.5,9210
134,6134,3.0,9211
135,4488,5.0,9212
135,845,5.0,9213
135,844,5.0,9214
135,1369,5.0,9215
135,5460,2.5,9216
135,1789,2.5,9217
135,452,3.5,9218
135,369,4.0,9219
135,2330,4.0,9220
135,2933,3.5,9221
135,1272,4.0,9222
135,975,5.0,9223
135,3265,5.0,9224
135,2,5.0,9225
135,1761,3.5,9226
135,961,3.0,9227
135,2410,5.0,9228
135,725,5.0,9229
136,6395,5.0,9230
136,3398,5.0,9231
136,2591,5.0,9232
136,2338,5.0,9233
136,3960,4.0,9234
136,5479,3.5,9235
136,4461,4.0,9236
136,4460,2.5,9237
136,3593,3.0,9238
136,728,4.5,9239
136,3285,4.0,9240
136,2368,3.0,9241
136,319,2.5,9242
136,1148,5.0,9243
136,3397,3.0,9244
136,796,3.0,9245
136,2561,5.0,9246
136,901,1.5,9247
136,2438,4.5,9248
136,422,3.0,9249
136,2598,1.0,9250
136,2558,4.0,9251
136,1795,4.5,9252
136,2088,2.5,9253
136,279,5.0,9254
136,540,1.5,9255
136,2560,5.0,9256
136,230,2.0,9257
136,2515,3.0,9258
136,280,5.0,9259
136,98,4.5,9260
136,418,4.5,9261
136,1216,5.0,9262
136,2596,3.0,9263
136,2559,4.0,9264
136,1147,4.5,9265
136,284,4.0,9266
136,1065,2.5,9267
136,795,4.5,9268
136,536,4.0,9269
136,726,5.0,9270
136,2595,3.0,9271
136,229,4.0,9272
136,278,4.0,9273
136,1146,5.0,9274
136,2731,3.0,9275
136,538,5.0,9276
136,3622,5.0,9277
136,1383,3.0,9278
136,2730,3.0,9279
136,2744,4.5,9280
136,537,4.0,9281
136,3396,3.0,9282
136,2679,5.0,9283
136,1381,2.5,9284
136,273,4.5,9285
136,816,2.5,9286
136,3522,5.0,9287
136,666,5.0,9288
136,2594,2.0,9289
136,3565,5.0,9290
136,1382,4.5,9291
136,2253,5.0,9292
136,2553,3.5,9293
136,551,5.0,9294
136,2592,5.0,9295
136,2552,4.5,9296
136,2462,5.0,9297
136,3066,5.0,9298
136,2551,4.5,9299
136,3065,5.0,9300
136,2461,5.0,9301
136,1087,5.0,9302
136,975,2.5,9303
136,3959,3.5,9304
137,5127,5.0,9305
137,1423,5.0,9306
137,3537,5.0,9307
137,1805,5.0,9308
137,6266,2.5,9309
137,2597,0.5,9310
137,2648,3.0,9311
137,1825,3.0,9312
137,2047,3.0,9313
137,1819,4.0,9314
137,3438,1.0,9315
137,3286,1.0,9316
137,2699,1.0,9317
137,2598,0.5,9318
137,1820,5.0,9319
137,2515,2.0,9320
137,2596,3.0,9321
137,847,3.0,9322
137,2338,2.0,9323
137,2595,1.0,9324
137,1824,4.0,9325
137,1369,3.0,9326
137,858,3.0,9327
137,2850,2.0,9328
137,1821,3.0,9329
137,1348,1.0,9330
137,3470,2.0,9331
137,2594,1.0,9332
137,2849,2.0,9333
137,3192,4.0,9334
137,1823,2.0,9335
137,325,1.0,9336
137,2592,5.0,9337
137,657,2.0,9338
137,644,4.0,9339
137,565,0.5,9340
137,2323,3.0,9341
137,2591,5.0,9342
137,1365,1.0,9343
137,1777,4.0,9344
137,1822,3.0,9345
137,1699,4.0,9346
137,930,5.0,9347
137,2590,5.0,9348
137,1011,3.0,9349
137,2601,1.0,9350
137,329,1.0,9351
137,1818,4.0,9352
137,326,3.0,9353
137,1370,2.0,9354
137,328,5.0,9355
137,324,4.0,9356
137,2243,2.0,9357
137,2651,1.0,9358
137,3437,2.0,9359
137,2646,1.0,9360
137,2650,1.0,9361
137,2302,3.0,9362
137,2649,2.0,9363
137,2884,5.0,9364
137,2647,4.0,9365
137,3276,1.0,9366
137,2589,4.0,9367
137,323,4.0,9368
138,5628,5.0,9369
138,5629,5.0,9370
138,5297,5.0,9371
138,6499,5.0,9372
138,4367,3.5,9373
138,4872,3.5,9374
138,5173,4.0,9375
138,5957,4.5,9376
138,4433,4.5,9377
138,5695,3.5,9378
138,5171,4.5,9379
138,5890,4.5,9380
138,5056,4.0,9381
138,4747,3.5,9382
138,4786,4.0,9383
138,5742,5.0,9384
138,5058,3.0,9385
138,5410,4.0,9386
138,5796,4.0,9387
138,5367,3.5,9389
138,5893,4.0,9390
138,6379,5.0,9391
138,5317,4.0,9392
138,6280,4.0,9393
138,4491,3.0,9394
138,6517,4.5,9395
138,6645,3.5,9396
138,4546,4.0,9397
138,4080,5.0,9398
138,5563,4.5,9399
138,6389,4.5,9400
138,5123,4.0,9401
138,3811,4.0,9402
138,5653,4.0,9403
138,6657,4.0,9404
138,5269,4.0,9405
138,5655,3.5,9406
138,6142,4.0,9407
138,3844,3.5,9408
138,5474,3.5,9409
138,4718,4.0,9410
138,6159,3.5,9411
138,6072,4.0,9412
138,5700,4.0,9413
138,3978,5.0,9414
138,4715,4.0,9415
138,4775,4.5,9416
138,3820,4.0,9418
138,3821,3.0,9419
138,3824,2.5,9420
138,4460,2.5,9421
138,2871,3.5,9422
138,2027,4.0,9423
138,3244,4.0,9424
138,2485,3.5,9425
138,1790,3.0,9426
138,1974,3.5,9427
138,2191,4.0,9428
138,174,3.0,9429
138,3135,4.0,9430
138,1578,4.0,9431
138,1795,3.5,9432
138,2024,3.5,9433
138,2088,4.0,9434
138,3054,4.0,9435
138,2911,4.0,9436
138,2126,4.0,9437
138,1391,2.5,9438
138,332,3.0,9439
138,3028,3.5,9440
138,1065,4.0,9441
138,2971,3.5,9442
138,3062,4.0,9443
138,3366,4.0,9444
138,1358,3.0,9445
138,2512,3.5,9446
138,790,4.5,9447
138,3093,4.0,9448
138,1357,4.0,9449
138,3386,5.0,9450
138,740,3.5,9451
138,1490,4.0,9452
138,899,4.5,9453
138,1489,4.5,9454
138,129,4.5,9455
138,2225,4.0,9456
138,1887,4.5,9457
138,200,3.5,9458
138,1699,3.5,9459
138,930,3.5,9460
138,3278,4.0,9461
138,1410,4.0,9462
138,1115,4.5,9463
138,1619,4.0,9464
138,2224,4.5,9465
138,3474,4.0,9466
138,608,4.0,9467
138,2291,4.5,9468
138,3261,4.0,9469
138,3637,3.5,9470
138,1091,3.5,9471
138,3485,4.5,9472
138,611,5.0,9473
138,1049,4.0,9474
138,447,5.0,9475
138,842,3.0,9476
138,3308,4.5,9477
138,3259,4.0,9478
138,162,4.0,9479
138,891,4.0,9480
138,3965,5.0,9481
138,1416,4.0,9482
138,2081,5.0,9483
138,64,4.0,9484
138,22,4.5,9485
138,2757,5.0,9486
138,822,4.5,9487
138,51,4.0,9488
138,3679,4.5,9489
138,2544,3.5,9490
138,1527,4.0,9491
138,3404,4.5,9492
138,3784,4.0,9493
138,5463,3.0,9494
139,4230,5.0,9495
139,4231,5.0,9496
139,2938,5.0,9497
139,22,5.0,9498
139,6266,2.5,9499
139,2597,3.5,9500
139,374,4.0,9501
139,1860,3.5,9502
139,2863,3.5,9503
139,3258,4.0,9504
139,1789,3.5,9505
139,1556,3.0,9506
139,2871,3.5,9507
139,1236,3.5,9508
139,2215,4.5,9509
139,3667,3.5,9510
139,2423,4.0,9511
139,2994,3.5,9512
139,275,4.0,9513
139,3634,3.5,9514
139,2202,4.0,9515
139,1733,4.5,9516
139,2027,5.0,9517
139,3561,4.0,9518
139,1996,4.0,9519
139,3593,4.5,9520
139,3573,0.5,9521
139,931,4.5,9522
139,2203,4.0,9523
139,3176,3.5,9524
139,1825,3.5,9525
139,2485,5.0,9526
139,650,4.0,9527
139,1088,3.5,9528
139,3633,4.5,9529
139,350,3.5,9530
139,163,3.5,9531
139,3458,3.5,9532
139,367,3.0,9533
139,1053,4.0,9534
139,1073,3.0,9535
139,845,5.0,9536
139,3026,4.0,9537
139,2047,5.0,9538
139,1819,4.5,9539
139,259,3.5,9540
139,1509,3.5,9541
139,277,4.5,9542
139,1158,2.0,9543
139,1090,4.0,9544
139,2207,4.5,9545
139,3438,5.0,9546
139,913,5.0,9547
139,3099,3.5,9548
139,1578,4.5,9549
139,1159,2.5,9550
139,844,5.0,9551
139,1072,3.5,9552
139,2011,2.0,9553
139,2924,4.0,9554
139,1859,3.0,9555
139,1715,4.0,9556
139,2699,3.5,9557
139,2598,3.0,9558
139,3018,5.0,9559
139,1508,4.5,9560
139,3447,4.0,9561
139,2088,5.0,9562
139,2024,4.0,9563
139,1089,3.0,9564
139,1157,3.5,9565
139,3190,2.0,9566
139,1820,5.0,9567
139,2515,3.5,9568
139,2260,4.5,9569
139,1390,4.0,9570
139,2596,3.5,9571
139,3729,4.0,9572
140,6047,5.0,9573
140,6048,5.0,9574
140,3670,5.0,9575
140,4575,5.0,9576
140,6184,3.0,9577
140,6185,4.0,9578
140,6306,3.0,9579
140,5695,4.0,9580
140,5230,4.0,9581
140,4403,4.0,9582
140,6256,4.5,9583
140,4154,4.0,9584
140,4493,4.0,9585
140,5200,3.0,9586
140,6556,3.0,9587
140,6364,4.0,9588
140,6363,3.0,9589
140,6365,3.0,9590
140,4585,4.0,9591
140,4783,4.0,9592
140,4753,5.0,9593
140,5064,3.0,9594
140,5065,4.0,9595
140,6583,3.0,9596
140,5184,3.0,9597
140,4341,4.0,9598
140,5978,4.0,9599
140,5819,3.0,9600
140,4755,3.0,9601
140,5792,3.0,9602
140,5493,4.0,9603
140,5235,3.0,9604
140,4770,3.0,9605
140,4492,4.0,9606
140,4641,3.0,9607
140,4643,3.0,9608
140,4639,3.0,9609
140,4640,4.0,9610
140,4646,3.0,9611
140,4645,3.0,9612
140,4862,4.0,9613
140,4865,3.0,9614
140,4867,3.0,9615
140,4863,4.0,9616
140,4861,3.0,9617
140,4864,5.0,9618
140,4869,3.0,9619
140,4871,4.0,9620
140,6352,3.0,9621
140,6353,3.0,9622
140,4636,5.0,9623
140,6111,5.0,9624
140,4605,3.0,9625
140,6034,3.0,9626
140,5671,3.0,9627
140,5678,2.5,9628
140,1996,4.0,9629
140,2903,4.0,9630
140,1460,3.0,9631
140,931,4.0,9632
140,983,3.0,9633
140,535,2.0,9634
140,1518,3.0,9635
140,3541,3.0,9636
140,2706,4.0,9637
140,728,4.0,9638
140,1362,3.0,9639
140,1501,3.0,9640
140,1094,3.0,9641
140,1073,3.0,9642
140,245,3.0,9643
140,3091,2.0,9644
140,1554,3.0,9645
140,440,4.0,9646
140,1123,4.0,9647
140,319,4.0,9648
140,2919,4.0,9649
140,1767,2.0,9650
140,2554,4.0,9651
140,3455,3.0,9652
140,957,3.0,9653
140,1148,5.0,9654
140,3289,3.0,9655
140,917,4.0,9656
140,2445,3.0,9657
140,1545,4.0,9658
140,846,4.0,9659
140,231,2.0,9660
140,1815,4.0,9661
140,419,3.0,9662
140,382,3.0,9663
140,2945,3.0,9664
140,2704,3.0,9665
140,2119,3.0,9666
140,3397,2.0,9667
140,1458,3.0,9668
140,3438,4.0,9669
140,796,4.0,9670
140,1854,2.0,9671
140,2722,3.0,9672
140,2756,4.0,9673
140,3501,3.0,9674
140,2561,4.0,9675
140,2299,2.0,9676
140,901,3.0,9677
140,3540,3.0,9678
140,844,4.0,9679
140,1072,3.0,9680
140,2438,4.0,9681
140,3286,4.0,9682
140,963,3.0,9683
140,964,4.0,9684
140,422,3.0,9685
140,965,3.0,9686
140,2831,3.0,9687
140,932,3.0,9688
140,1859,3.0,9689
140,1096,3.0,9690
140,3699,4.0,9691
140,1871,3.0,9692
140,885,3.0,9693
140,2861,4.0,9694
140,3128,2.0,9695
140,100,3.0,9696
140,379,3.0,9697
140,2598,3.0,9698
140,1600,4.0,9699
140,1449,3.0,9700
140,5928,4.0,9701
140,4074,3.0,9702
140,5972,3.0,9703
140,5098,3.0,9704
141,5402,2.5,9705
141,1733,2.5,9706
141,2027,2.5,9707
141,3561,2.5,9708
141,1028,2.5,9709
141,2903,2.5,9710
141,2648,2.5,9711
141,931,2.5,9712
141,1741,2.5,9713
141,2485,2.5,9714
141,1217,2.5,9715
141,226,2.5,9716
141,1053,2.5,9717
141,616,2.5,9718
141,845,2.5,9719
141,234,2.5,9720
141,3002,2.5,9721
141,2368,2.5,9722
141,2047,2.5,9723
141,2554,2.5,9724
141,1148,2.5,9725
141,469,2.5,9726
141,1430,2.5,9727
141,277,2.5,9728
141,2676,2.5,9729
141,1090,2.5,9730
141,3106,2.5,9731
141,318,2.5,9732
141,1969,2.5,9733
141,3397,2.5,9734
141,3438,2.5,9735
141,796,2.5,9736
141,913,2.5,9737
141,2756,2.5,9738
141,2561,2.5,9739
141,807,2.5,9740
141,844,2.5,9741
141,3286,2.5,9742
141,2699,2.5,9743
141,49,2.5,9744
141,17,2.5,9745
141,1508,2.5,9746
141,2394,2.5,9747
141,2259,2.5,9748
141,2558,2.5,9749
141,1093,2.5,9750
141,2024,2.5,9751
141,279,2.5,9752
141,165,2.5,9753
141,2560,2.5,9754
141,686,2.5,9755
141,683,2.5,9756
141,1820,2.5,9757
141,727,2.5,9758
141,280,2.5,9759
141,418,2.5,9760
141,2747,2.5,9761
141,1172,2.5,9762
141,428,2.5,9763
141,3398,2.5,9764
141,1502,2.5,9765
141,2306,2.5,9766
141,1391,2.5,9767
141,2559,2.5,9768
141,1147,2.5,9769
141,1077,2.5,9770
141,284,2.5,9771
141,1604,2.5,9772
141,972,2.5,9773
141,1065,2.5,9774
141,2338,2.5,9775
141,795,2.5,9776
141,1829,2.5,9777
142,3935,5.0,9778
142,290,5.0,9779
142,2396,5.0,9780
142,3066,5.0,9781
142,5741,5.0,9782
142,4788,5.0,9783
142,5716,2.5,9784
142,2047,4.0,9785
142,2554,4.0,9786
142,2351,4.5,9787
142,1686,3.5,9788
142,790,3.5,9789
142,3015,5.0,9790
142,2465,5.0,9791
142,1357,4.5,9792
142,2849,4.5,9793
142,3565,5.0,9794
142,192,3.5,9795
142,2253,4.5,9796
142,2080,5.0,9797
142,899,3.0,9798
142,615,4.5,9799
142,2383,4.5,9800
142,1884,5.0,9801
142,1115,4.0,9802
142,1117,4.0,9803
142,1127,5.0,9804
142,2392,4.0,9805
142,5740,3.0,9806
143,5296,5.0,9807
143,5297,5.0,9808
143,6403,5.0,9809
143,4942,5.0,9810
143,5461,5.0,9811
143,4233,4.0,9812
143,3859,3.0,9813
143,5448,3.0,9814
143,3815,5.0,9815
143,5833,4.0,9816
143,5679,3.0,9817
143,4406,5.0,9818
143,4145,4.0,9819
143,4405,2.5,9820
143,2863,5.0,9821
143,1789,5.0,9822
143,2994,5.0,9823
143,170,5.0,9824
143,1996,3.0,9825
143,510,4.0,9826
143,3593,4.0,9827
143,226,3.0,9828
143,3285,5.0,9829
143,845,5.0,9830
143,2191,4.0,9831
143,3106,3.0,9832
143,844,5.0,9833
143,3062,3.0,9834
143,1369,4.0,9835
143,3403,5.0,9836
143,1426,5.0,9837
143,1724,5.0,9838
143,615,4.0,9839
143,116,5.0,9840
144,4452,5.0,9841
144,4453,5.0,9842
144,4400,2.5,9843
144,768,2.5,9844
144,844,2.5,9845
144,1434,2.5,9846
144,1530,2.5,9847
144,421,2.5,9848
144,1348,2.5,9849
144,2862,2.5,9850
144,2567,2.5,9851
144,812,4.0,9852
144,1019,2.5,9853
145,5857,5.0,9854
145,2208,5.0,9855
145,4002,2.5,9856
145,4003,3.5,9857
145,6634,4.0,9858
145,3989,3.5,9859
145,6301,4.0,9860
145,4056,3.0,9861
145,5387,4.0,9862
145,3927,3.0,9863
145,5072,5.0,9864
145,6236,3.5,9865
145,4718,4.0,9866
145,5192,3.5,9867
145,5143,4.0,9868
145,5752,4.5,9869
146,5556,5.0,9870
146,5557,5.0,9871
146,5658,5.0,9872
146,3714,5.0,9873
146,4806,3.0,9874
146,4807,3.5,9875
146,5056,5.0,9876
146,4244,3.0,9877
146,6011,2.5,9878
146,4379,5.0,9879
146,5276,3.0,9880
146,4105,5.0,9881
146,5183,5.0,9882
146,4636,5.0,9883
146,5853,1.0,9884
146,3722,3.0,9885
146,4946,4.5,9886
146,6566,5.0,9887
146,5897,5.0,9888
146,5007,2.0,9889
146,4250,4.0,9890
146,6720,3.5,9891
146,5065,4.5,9892
146,3756,1.5,9893
146,5667,3.0,9894
146,5434,3.0,9895
146,5761,4.0,9896
146,5072,5.0,9897
146,5436,4.0,9898
146,5211,1.0,9899
146,4595,4.0,9900
146,4612,4.0,9901
146,6069,5.0,9902
146,5666,2.5,9903
146,1988,3.0,9904
146,2350,2.5,9905
146,1314,2.0,9906
146,636,4.0,9907
146,2098,4.0,9908
146,1753,3.0,9909
146,3710,3.5,9910
146,1363,4.5,9911
146,1048,4.0,9912
146,38,1.5,9913
146,1357,5.0,9914
146,492,5.0,9915
146,3206,5.0,9916
146,3192,1.0,9917
146,1500,5.0,9918
146,1134,3.5,9919
146,12,3.0,9920
146,1272,4.5,9921
146,2906,4.0,9922
146,975,5.0,9923
146,3344,5.0,9924
146,2410,5.0,9925
146,631,3.0,9926
146,4635,4.0,9927
146,4378,3.5,9928
147,5021,5.0,9929
147,1328,5.0,9930
147,2224,5.0,9931
147,582,5.0,9932
147,6283,2.5,9933
147,2622,2.5,9934
147,275,2.5,9935
147,1733,2.5,9936
147,2027,2.5,9937
147,3561,2.5,9938
147,80,2.5,9939
147,3593,2.5,9940
147,1175,2.5,9941
147,2648,2.5,9942
147,33,2.5,9943
147,931,2.5,9944
147,1278,2.5,9945
147,306,2.5,9946
147,1825,2.5,9947
147,3409,2.5,9948
147,2485,2.5,9949
147,3576,2.5,9950
147,383,2.5,9951
147,1790,2.5,9952
147,2947,2.5,9953
147,2036,2.5,9954
147,66,2.5,9955
147,550,2.5,9956
147,2274,2.5,9957
147,1461,2.5,9958
147,3169,2.5,9959
147,2378,2.5,9960
147,2269,2.5,9961
147,163,2.5,9962
147,728,2.5,9963
147,99,2.5,9964
147,1501,2.5,9965
147,1053,2.5,9966
147,3109,2.5,9967
147,616,2.5,9968
147,2898,2.5,9969
147,2322,2.5,9970
147,845,2.5,9971
147,249,2.5,9972
147,69,2.5,9973
147,102,2.5,9974
147,2764,2.5,9975
147,1757,2.5,9976
147,234,2.5,9977
147,3019,2.5,9978
147,1095,2.5,9979
147,1554,2.5,9980
147,828,2.5,9981
147,2513,2.5,9982
147,1232,2.5,9983
147,3026,2.5,9984
147,2191,2.5,9985
147,1123,2.5,9986
147,1819,2.5,9987
147,1954,2.5,9988
147,1767,2.5,9989
147,2554,2.5,9990
147,259,2.5,9991
147,1354,2.5,9992
147,957,2.5,9993
147,1148,2.5,9994
147,348,2.5,9995
147,152,2.5,9996
147,846,2.5,9997
147,1430,2.5,9998
147,635,2.5,9999
147,231,2.5,10000
147,277,2.5,10001
147,208,2.5,10002
147,174,2.5,10003
147,1090,2.5,10004
147,3106,2.5,10005
147,6495,4.0,10006
148,4607,5.0,10007
148,4608,5.0,10008
148,2769,5.0,10009
148,3308,5.0,10010
148,4636,4.5,10011
148,5236,2.5,10012
148,1556,4.0,10013
148,934,3.5,10014
148,2520,5.0,10015
148,2871,3.0,10016
148,1236,3.0,10017
148,691,3.0,10018
148,3667,4.0,10019
148,1843,2.5,10020
148,3585,4.0,10021
148,1996,5.0,10022
148,1028,4.5,10023
148,3593,5.0,10024
148,3506,4.0,10025
148,856,4.0,10026
148,498,5.0,10027
148,1642,3.0,10028
148,1634,4.0,10029
148,1645,3.5,10030
148,1636,4.0,10031
148,1633,4.0,10032
148,983,3.5,10033
148,2485,3.0,10034
148,3576,4.0,10035
148,3114,2.0,10036
148,3428,3.5,10037
148,650,4.0,10038
148,1974,5.0,10039
148,808,3.5,10040
148,2501,4.0,10041
148,2706,3.5,10042
148,1844,3.5,10043
148,163,4.5,10044
148,728,3.0,10045
148,1612,4.0,10046
148,1745,4.0,10047
148,226,4.0,10048
148,3285,5.0,10049
148,286,4.0,10050
148,121,0.5,10051
148,1094,3.0,10052
148,696,2.5,10053
148,1338,4.0,10054
148,1656,3.5,10055
148,1313,2.0,10056
148,1095,4.5,10057
148,1554,2.0,10058
148,2617,3.5,10059
148,3614,4.0,10060
148,828,5.0,10061
148,3654,3.0,10062
148,2985,5.0,10063
148,2368,3.0,10064
148,2047,3.5,10065
148,319,4.0,10066
148,469,3.0,10067
148,1545,4.5,10068
148,2676,4.0,10069
148,2502,4.0,10070
148,706,3.5,10071
148,3106,4.0,10072
148,2104,3.0,10073
148,457,4.5,10074
148,318,4.5,10075
148,2207,3.0,10076
148,1969,3.0,10077
148,1640,3.0,10078
148,1641,5.0,10079
148,1638,3.5,10080
148,1631,4.0,10081
148,1649,4.0,10082
148,449,4.0,10083
148,3669,4.0,10084
148,4758,4.0,10085
148,6035,4.0,10086
148,4879,4.0,10087
148,4635,3.5,10088
149,3909,2.5,10089
149,275,2.5,10090
149,1362,2.0,10091
149,234,2.5,10092
149,277,3.0,10093
149,1090,3.0,10094
149,3438,3.5,10095
149,2561,4.0,10096
149,1508,3.0,10097
149,1434,3.0,10098
149,2558,3.5,10099
149,2088,4.5,10100
149,279,4.5,10101
149,280,4.0,10102
149,2559,4.0,10103
149,1829,4.0,10104
149,726,4.0,10105
149,2595,0.5,10106
149,1363,4.0,10107
149,1503,4.0,10108
149,1369,4.0,10109
149,3102,4.0,10110
149,3622,3.0,10111
149,3370,4.5,10112
149,1048,4.0,10113
149,2998,4.5,10114
149,790,4.5,10115
149,2730,3.5,10116
149,2744,3.5,10117
149,2997,4.5,10118
149,1185,5.0,10119
149,2679,4.5,10120
149,1184,5.0,10121
149,3269,2.0,10122
149,1348,4.5,10123
149,1276,4.0,10124
149,2465,5.0,10125
149,273,4.0,10126
149,1187,4.5,10127
149,3522,4.5,10128
149,2849,4.0,10129
149,1709,5.0,10130
149,1520,4.5,10131
149,1188,4.5,10132
149,2253,5.0,10133
149,2862,3.5,10134
149,551,4.5,10135
149,1186,4.5,10136
149,2208,2.5,10137
149,577,4.0,10138
149,1873,4.0,10139
149,325,4.0,10140
149,2592,5.0,10141
149,3011,5.0,10142
149,2552,4.0,10143
149,1190,3.0,10144
149,2462,4.5,10145
149,1755,4.0,10146
149,3066,5.0,10147
149,2141,5.0,10148
149,3067,4.5,10149
149,564,4.5,10150
149,1183,4.5,10151
149,2551,3.5,10152
149,3065,4.0,10153
149,2000,4.5,10154
149,1189,4.0,10155
149,1845,4.0,10156
149,2567,3.5,10157
149,2461,4.5,10158
149,1271,1.5,10159
149,1777,4.0,10160
149,2958,4.0,10161
150,4405,5.0,10162
150,4406,5.0,10163
150,5869,5.0,10164
150,5248,5.0,10165
150,3786,5.0,10166
150,6460,2.5,10167
150,5557,3.5,10168
150,4591,3.5,10169
150,5815,5.0,10170
150,5345,3.5,10171
150,6265,3.5,10172
150,6301,2.5,10173
150,5324,5.0,10174
150,5205,5.0,10175
150,6284,2.5,10176
150,4970,4.0,10177
150,5434,5.0,10178
150,5431,4.0,10179
150,5631,3.5,10180
150,6461,2.0,10181
150,4529,5.0,10182
150,4022,4.0,10183
150,5682,5.0,10184
150,5509,3.5,10185
150,4199,2.5,10186
150,4698,5.0,10187
150,4969,3.5,10188
150,4796,3.5,10189
150,6264,5.0,10190
150,6259,5.0,10191
150,6641,2.5,10192
150,4177,5.0,10193
150,4290,5.0,10194
150,5659,4.5,10195
150,5960,5.0,10196
150,4955,5.0,10197
150,6678,2.5,10198
150,5415,2.5,10199
150,3910,5.0,10200
150,6258,5.0,10201
150,3722,3.5,10202
150,6720,5.0,10203
150,5242,4.5,10204
150,5280,4.5,10205
150,6128,3.5,10206
150,3775,5.0,10207
150,4244,3.5,10208
150,4973,3.5,10209
150,3867,3.5,10210
150,4649,3.5,10211
150,5521,2.5,10212
150,4461,3.0,10213
150,6719,5.0,10214
150,5198,5.0,10215
150,6313,3.0,10216
150,6643,5.0,10217
150,4195,3.0,10218
150,4489,5.0,10219
150,6033,3.0,10220
150,3963,4.0,10221
150,6228,5.0,10222
150,3912,5.0,10223
150,4745,3.0,10224
150,6237,5.0,10225
150,4492,5.0,10226
150,6233,5.0,10227
150,3917,5.0,10228
150,6236,5.0,10229
150,3918,5.0,10230
150,4048,3.5,10231
150,4250,5.0,10232
150,6234,5.0,10233
150,5065,4.0,10234
150,5072,3.0,10235
150,4967,3.5,10236
150,3920,3.0,10237
150,4975,4.0,10238
150,6334,5.0,10239
150,3914,5.0,10240
150,6542,2.0,10241
150,6514,3.5,10242
150,5378,5.0,10243
150,5094,3.5,10244
150,5922,5.0,10245
150,4408,5.0,10246
150,577,2.5,10247
150,6261,5.0,10248
150,5047,5.0,10249
150,4958,3.0,10250
150,5868,4.0,10251
150,5204,3.5,10252
150,4968,3.5,10253
151,3764,5.0,10254
151,3765,5.0,10255
151,5876,2.5,10256
151,2215,2.5,10257
151,2485,2.5,10258
151,319,2.5,10259
151,2554,2.5,10260
151,2560,2.5,10261
151,2849,2.5,10262
151,975,2.5,10263
151,3327,2.5,10264
151,2224,2.5,10265
152,4827,5.0,10266
152,4828,5.0,10267
152,5138,5.0,10268
152,5312,5.0,10269
152,4566,4.0,10270
152,6607,4.0,10271
152,4636,4.5,10272
152,6159,3.5,10273
152,5679,5.0,10274
152,5402,2.5,10275
152,1733,3.5,10276
152,1996,5.0,10277
152,3593,4.0,10278
152,1517,2.5,10279
152,2648,2.5,10280
152,2485,3.5,10281
152,1974,4.0,10282
152,3633,2.5,10283
152,728,2.5,10284
152,1362,2.5,10285
152,3285,4.5,10286
152,2368,3.0,10287
152,319,3.0,10288
152,2104,2.5,10289
152,913,4.0,10290
152,807,2.5,10291
152,1431,4.5,10292
152,1434,2.5,10293
152,3528,2.5,10294
152,418,2.5,10295
152,1216,2.5,10296
152,1391,2.5,10297
152,284,2.5,10298
152,1152,3.0,10299
152,251,2.5,10300
152,1530,2.5,10301
152,1363,2.5,10302
152,1369,2.5,10303
152,1103,2.5,10304
152,1146,2.5,10305
152,3370,3.5,10306
152,2998,2.5,10307
152,3174,5.0,10308
152,2997,2.5,10309
152,2679,2.5,10310
152,3269,2.5,10311
152,421,5.0,10312
152,2402,2.5,10313
152,2465,2.5,10314
152,273,2.5,10315
152,3522,2.5,10316
152,666,2.5,10317
152,3565,2.5,10318
152,2644,2.5,10319
152,2253,2.5,10320
152,2862,3.5,10321
152,1186,2.5,10322
152,2592,2.5,10323
152,1280,2.5,10324
152,1190,2.5,10325
152,1755,2.5,10326
152,899,2.5,10327
152,3066,2.5,10328
152,1489,2.5,10329
152,564,2.5,10330
152,1183,2.5,10331
152,3065,4.0,10332
152,1189,2.5,10333
152,2567,2.5,10334
152,2461,2.5,10335
152,975,4.5,10336
152,2,2.5,10337
152,3097,2.5,10338
152,3420,2.5,10339
152,1019,2.5,10340
152,1455,2.5,10341
152,1240,2.5,10342
152,725,2.5,10343
152,290,2.5,10344
152,2804,2.5,10345
152,2884,2.5,10346
152,2589,2.5,10347
152,5789,4.0,10348
153,4501,5.0,10349
153,4502,5.0,10350
153,5815,5.0,10351
153,5072,5.0,10352
153,6501,4.5,10353
153,4775,5.0,10354
153,4157,5.0,10355
153,5211,5.0,10356
153,3927,5.0,10357
153,4566,5.0,10358
153,5526,5.0,10359
153,5460,2.5,10360
153,1789,4.0,10361
153,3711,3.5,10362
153,1733,4.0,10363
153,574,3.0,10364
153,2099,3.0,10365
153,1535,3.0,10366
153,1348,4.0,10367
153,653,3.5,10368
153,666,4.5,10369
153,47,3.0,10370
153,899,4.0,10371
153,1272,3.0,10372
153,2,3.0,10373
154,5516,5.0,10374
154,5517,5.0,10375
154,6339,5.0,10376
154,4351,5.0,10377
154,4054,3.0,10378
154,4055,5.0,10380
154,5699,2.5,10381
154,2027,3.0,10382
154,1028,3.0,10383
154,3593,2.0,10384
154,2485,4.0,10385
154,1974,3.0,10386
154,3285,5.0,10387
154,2088,5.0,10388
154,1535,4.0,10389
154,1065,5.0,10390
154,531,5.0,10391
154,1369,5.0,10392
154,2948,5.0,10393
154,3622,5.0,10394
154,3370,4.0,10395
154,790,5.0,10396
154,2997,5.0,10397
154,421,5.0,10398
154,1348,2.0,10399
154,2465,5.0,10400
154,1357,5.0,10401
154,666,4.0,10402
154,2253,5.0,10403
154,2862,4.0,10404
154,1597,5.0,10405
154,1489,4.0,10406
154,2567,5.0,10407
154,200,2.0,10408
154,975,3.0,10409
154,3327,4.0,10410
154,3420,3.0,10411
154,2410,5.0,10412
154,1019,5.0,10413
154,2224,3.0,10414
154,3261,5.0,10415
154,725,4.0,10416
154,2687,5.0,10417
154,2938,5.0,10418
154,4350,4.0,10419
155,4774,5.0,10420
155,4775,5.0,10421
155,5853,5.0,10422
155,6228,5.0,10423
155,4801,3.0,10424
155,4802,5.0,10425
155,5278,3.5,10426
155,4532,4.5,10427
155,5922,4.0,10428
155,6314,4.0,10429
155,4136,4.0,10430
155,4175,3.5,10431
155,4177,5.0,10432
155,4649,4.5,10433
155,6542,5.0,10434
155,5065,3.5,10435
155,6225,4.5,10436
155,6236,4.5,10437
155,6239,4.0,10438
155,4821,4.0,10439
155,4337,4.0,10440
155,4179,4.0,10441
155,4828,5.0,10442
155,5211,4.0,10443
155,5072,4.0,10444
155,5442,4.0,10445
155,6634,5.0,10446
155,3799,3.0,10447
155,4741,2.0,10448
155,4743,5.0,10449
155,3867,3.0,10450
155,5813,2.0,10451
155,5812,4.0,10452
155,5815,4.5,10453
155,5631,3.5,10454
155,6111,5.0,10455
155,4780,5.0,10456
155,3914,3.5,10457
155,3714,4.0,10458
155,6135,5.0,10459
155,5042,5.0,10460
155,4387,5.0,10461
155,6665,3.5,10462
155,4946,4.5,10463
155,4691,4.0,10464
155,4339,5.0,10465
155,5738,3.5,10466
155,3844,4.0,10467
155,5399,3.0,10468
155,5403,3.5,10469
155,3963,2.5,10470
155,4186,4.0,10471
155,6185,4.0,10473
155,5551,2.5,10474
155,5402,2.5,10475
155,1733,3.5,10476
155,1088,2.0,10477
155,234,3.0,10478
155,319,2.5,10479
155,1954,3.5,10480
155,2554,5.0,10481
155,152,3.0,10482
155,687,2.5,10483
155,2078,3.5,10484
155,2560,4.5,10485
155,686,3.5,10486
155,1132,5.0,10487
155,2146,2.0,10488
155,1152,5.0,10489
155,1530,4.0,10490
155,3569,3.0,10491
155,685,4.5,10492
155,3090,3.0,10493
155,1363,3.5,10494
155,2145,4.0,10495
155,1369,4.0,10496
155,1146,4.0,10497
155,3622,5.0,10498
155,3370,3.5,10499
155,2213,4.5,10500
155,2144,4.5,10501
155,881,4.5,10502
155,2850,4.0,10503
155,1040,4.0,10504
155,552,3.5,10505
155,1589,3.5,10506
155,3269,3.5,10507
155,1348,5.0,10508
155,2465,5.0,10509
155,273,3.5,10510
155,3522,5.0,10511
155,2849,5.0,10512
155,2253,4.0,10513
155,2653,4.0,10514
155,1952,5.0,10515
155,557,4.0,10516
155,3192,5.0,10517
155,2859,5.0,10518
155,551,5.0,10519
155,2552,4.5,10520
155,504,4.0,10521
155,986,4.5,10522
155,1272,4.5,10523
155,564,4.0,10524
155,2551,4.0,10525
155,2284,5.0,10526
155,1777,4.0,10527
155,1087,5.0,10528
155,200,4.0,10529
155,2,4.0,10530
155,1115,5.0,10531
155,3257,5.0,10532
155,1117,5.0,10533
155,2335,5.0,10534
155,2334,4.0,10535
155,2333,4.0,10536
155,2331,5.0,10537
155,5992,3.0,10538
156,6262,2.5,10539
156,6266,2.5,10540
156,2597,0.5,10541
156,2215,3.5,10542
156,845,3.0,10543
156,913,2.5,10544
156,2598,1.0,10545
156,2596,0.5,10546
156,2338,2.0,10547
156,251,4.5,10548
156,1369,3.0,10549
156,790,2.0,10550
156,1348,3.5,10551
156,2849,3.5,10552
156,3565,2.5,10553
156,1952,2.0,10554
156,3192,1.5,10555
156,2592,2.5,10556
156,3066,5.0,10557
156,3067,4.5,10558
156,2591,0.5,10559
156,3065,5.0,10560
156,975,3.0,10561
156,2590,1.5,10562
156,3097,4.0,10563
156,1115,3.5,10564
156,1198,3.5,10565
156,2396,4.0,10566
156,2700,3.5,10567
156,3261,4.5,10568
156,725,3.0,10569
156,290,4.0,10570
156,2251,3.0,10571
156,2302,3.0,10572
156,3308,4.0,10573
156,720,2.5,10574
156,2881,2.5,10575
156,2884,5.0,10576
156,175,4.0,10577
156,162,5.0,10578
156,237,4.0,10579
156,2589,5.0,10580
156,597,2.5,10581
156,2938,0.5,10582
156,22,5.0,10583
156,822,3.5,10584
156,1551,4.0,10585
156,7,4.0,10586
156,2265,4.0,10587
156,554,5.0,10588
157,5589,5.0,10589
157,1920,5.0,10590
157,1945,5.0,10591
157,5758,5.0,10592
157,6565,3.5,10593
157,6566,4.0,10594
157,5890,3.5,10595
157,3849,2.5,10596
157,4553,3.0,10597
157,4537,2.0,10598
157,6281,4.0,10599
157,6069,2.5,10600
157,4636,4.0,10601
157,6602,2.0,10602
157,6048,4.0,10603
157,4753,2.0,10604
157,5031,4.0,10605
157,4408,3.0,10606
157,4151,3.0,10607
157,6548,3.5,10608
157,6384,4.0,10609
157,5403,3.5,10610
157,4423,5.0,10611
157,4318,4.0,10612
157,5218,4.0,10613
157,6653,3.5,10614
157,6404,2.0,10615
157,3838,4.0,10616
157,6634,4.0,10617
157,5126,3.5,10618
157,5211,3.5,10619
157,4088,4.0,10620
157,4132,4.0,10621
157,5799,1.0,10622
157,4734,3.5,10623
157,6339,2.0,10624
157,5284,4.0,10625
157,4785,4.0,10626
157,5443,3.0,10627
157,5526,3.5,10628
157,5288,4.0,10629
157,5595,2.5,10630
157,4404,3.5,10631
157,6236,3.0,10632
157,6239,3.5,10633
157,5286,5.0,10634
157,3859,2.5,10635
157,5011,3.0,10636
157,5474,1.5,10637
157,5557,3.5,10638
157,6215,2.5,10639
157,6309,3.0,10640
157,5659,3.0,10641
157,4655,2.0,10642
157,6167,2.5,10643
157,5402,2.5,10644
157,1733,3.5,10645
157,6575,3.0,10646
157,1778,3.0,10647
157,4745,2.0,10648
157,1341,4.0,10649
157,4120,3.0,10650
157,1600,4.0,10651
157,5192,3.0,10652
157,2534,2.5,10653
157,2560,3.0,10654
157,1535,4.0,10655
157,1851,3.5,10656
157,1530,3.5,10657
157,2948,4.0,10658
157,5599,2.0,10659
157,2551,3.5,10660
157,6577,2.0,10661
157,4775,3.0,10662
157,2864,3.5,10663
157,3640,3.5,10664
157,3340,3.5,10665
157,2224,3.5,10666
157,6362,3.5,10667
157,2687,2.0,10668
157,6383,3.5,10669
157,5594,3.5,10670
157,6361,3.0,10671
158,5527,5.0,10672
158,1853,5.0,10673
158,259,5.0,10674
158,1390,5.0,10675
158,4915,2.5,10676
158,1236,2.5,10677
158,2215,2.5,10678
158,2423,2.5,10679
158,34,2.5,10680
158,2994,2.5,10681
158,3239,2.5,10682
158,2202,2.5,10683
158,420,2.5,10684
158,3063,2.5,10685
158,2027,2.5,10686
158,2344,2.5,10687
158,2288,2.5,10688
158,1996,2.5,10689
158,3561,2.5,10690
158,1161,2.5,10691
158,510,2.5,10692
158,3593,2.5,10693
158,1175,2.5,10694
158,33,2.5,10695
158,1398,2.5,10696
158,3176,2.5,10697
158,2485,2.5,10698
158,737,2.5,10699
158,1790,2.5,10700
158,2947,2.5,10701
158,1326,2.5,10702
158,650,2.5,10703
158,550,2.5,10704
158,1974,2.5,10705
158,1217,2.5,10706
158,1435,2.5,10707
158,350,2.5,10708
158,163,2.5,10709
158,99,2.5,10710
158,3285,2.5,10711
158,286,2.5,10712
158,616,2.5,10713
158,3661,2.5,10714
158,1554,2.5,10715
158,828,2.5,10716
158,3026,2.5,10717
158,3377,2.5,10718
158,3382,2.5,10719
158,3289,2.5,10720
158,1509,2.5,10721
158,85,2.5,10722
158,1683,2.5,10723
158,3106,2.5,10724
158,2754,2.5,10725
158,3360,2.5,10726
158,318,2.5,10727
158,938,2.5,10728
158,512,2.5,10729
158,1969,2.5,10730
158,3397,2.5,10731
158,872,2.5,10732
158,3460,2.5,10733
158,1781,2.5,10734
158,3438,2.5,10735
158,796,2.5,10736
158,3135,2.5,10737
158,449,2.5,10738
158,913,2.5,10739
158,2756,2.5,10740
158,3501,2.5,10741
158,3099,2.5,10742
158,807,2.5,10743
158,2774,2.5,10744
158,2578,2.5,10745
158,2962,2.5,10746
158,1542,2.5,10747
159,5652,5.0,10748
159,3135,5.0,10749
159,498,5.0,10750
159,1712,5.0,10751
159,6690,2.5,10752
159,3667,2.5,10753
159,2994,2.5,10754
159,1733,2.5,10755
159,1028,2.5,10756
159,1161,2.5,10757
159,510,2.5,10758
159,3593,2.5,10759
159,33,2.5,10760
159,983,2.5,10761
159,130,2.5,10762
159,1790,2.5,10763
159,3428,2.5,10764
159,3449,2.5,10765
159,650,2.5,10766
159,1974,2.5,10767
159,1088,2.5,10768
159,3633,2.5,10769
159,1217,2.5,10770
159,3458,2.5,10771
159,3491,2.5,10772
159,1612,2.5,10773
159,99,2.5,10774
159,1745,2.5,10775
159,845,2.5,10776
159,3661,2.5,10777
159,3002,2.5,10778
159,2368,2.5,10779
159,2047,2.5,10780
159,319,2.5,10781
159,2502,2.5,10782
159,174,2.5,10783
159,3106,2.5,10784
159,809,2.5,10785
159,2754,2.5,10786
159,3360,2.5,10787
159,2104,2.5,10788
159,318,2.5,10789
159,1969,2.5,10790
159,3438,2.5,10791
159,3669,2.5,10792
159,2756,2.5,10793
159,844,2.5,10794
159,1600,2.5,10795
159,17,2.5,10796
159,1434,2.5,10797
159,3503,2.5,10798
159,1392,2.5,10799
159,1795,2.5,10800
159,2088,2.5,10801
159,3054,2.5,10802
159,3528,2.5,10803
159,339,2.5,10804
159,108,2.5,10805
159,98,2.5,10806
159,1216,2.5,10807
159,1391,2.5,10808
159,847,2.5,10809
159,3028,2.5,10810
159,1604,2.5,10811
159,1065,2.5,10812
159,531,2.5,10813
159,2571,2.5,10814
159,251,2.5,10815
159,3222,2.5,10816
159,2770,2.5,10817
159,3000,2.5,10818
159,3090,2.5,10819
159,3062,2.5,10820
159,3366,2.5,10821
160,5772,2.5,10822
160,2103,4.0,10823
160,2423,2.5,10824
160,2027,2.5,10825
160,3285,1.0,10826
160,2047,3.0,10827
160,2919,2.5,10828
160,2554,4.5,10829
160,158,3.0,10830
160,277,3.5,10831
160,2754,4.0,10832
160,2207,3.5,10833
160,363,4.5,10834
160,3662,2.5,10835
160,1578,4.5,10836
160,844,3.5,10837
160,3207,1.5,10838
160,2918,3.5,10839
160,2975,3.0,10840
160,227,2.5,10841
160,2310,4.0,10842
160,1305,4.0,10843
160,94,3.5,10844
160,1359,3.0,10845
160,3515,3.5,10846
160,3156,3.0,10847
160,3582,4.5,10848
160,1078,3.5,10849
160,863,3.0,10850
160,2059,4.5,10851
160,1508,4.0,10852
160,1795,5.0,10853
160,2088,2.5,10854
160,582,4.0,10855
160,2444,3.0,10856
160,614,3.5,10857
160,2560,4.0,10858
160,2974,4.0,10859
160,1714,3.0,10860
160,3190,3.0,10861
160,727,3.5,10862
160,45,2.5,10863
160,2126,5.0,10864
160,2049,2.5,10865
160,18,3.0,10866
160,3256,2.0,10867
160,1065,4.0,10868
160,748,3.0,10869
160,1947,1.5,10870
160,1530,3.5,10871
160,2068,3.0,10872
160,3132,4.0,10873
160,2200,3.5,10874
160,1877,3.5,10875
160,1625,3.5,10876
160,6,3.0,10877
160,1703,3.5,10878
160,2483,3.5,10879
160,2460,3.5,10880
160,3516,3.5,10881
160,278,3.0,10882
160,2232,3.5,10883
160,596,1.5,10884
160,1058,4.0,10885
160,1810,3.5,10886
160,1369,1.5,10887
160,1358,4.5,10888
160,220,3.0,10889
160,2062,3.0,10890
160,1228,4.0,10891
160,1118,3.0,10892
160,2988,3.5,10893
160,3543,3.0,10894
161,6283,2.5,10895
161,2622,2.5,10896
161,275,2.5,10897
161,3711,2.5,10898
161,1028,2.5,10899
161,2903,2.5,10900
161,2648,2.5,10901
161,931,2.5,10902
161,3409,2.5,10903
161,1790,2.5,10904
161,66,2.5,10905
161,3588,2.5,10906
161,728,2.5,10907
161,1362,2.5,10908
161,1005,2.5,10909
161,574,2.5,10910
161,616,2.5,10911
161,845,2.5,10912
161,3002,2.5,10913
161,2191,2.5,10914
161,2047,2.5,10915
161,319,2.5,10916
161,1954,2.5,10917
161,2554,2.5,10918
161,3382,2.5,10919
161,1148,2.5,10920
161,3289,2.5,10921
161,277,2.5,10922
161,2228,2.5,10923
161,174,2.5,10924
161,1090,2.5,10925
161,3106,2.5,10926
161,512,2.5,10927
161,3397,2.5,10928
161,2756,2.5,10929
161,2561,2.5,10930
161,879,2.5,10931
161,844,2.5,10932
161,3286,2.5,10933
161,422,2.5,10934
161,1671,2.5,10935
161,2530,2.5,10936
161,2699,2.5,10937
161,17,2.5,10938
161,1431,2.5,10939
161,1508,2.5,10940
161,1434,2.5,10941
161,3503,2.5,10942
161,2558,2.5,10943
161,2024,2.5,10944
161,279,2.5,10945
161,540,2.5,10946
161,2560,2.5,10947
161,452,2.5,10948
161,727,2.5,10949
161,280,2.5,10950
161,418,2.5,10951
161,2596,2.5,10952
161,636,2.5,10953
161,3398,2.5,10954
161,1317,2.5,10955
161,1391,2.5,10956
161,847,2.5,10957
161,2559,2.5,10958
161,1147,2.5,10959
161,284,2.5,10960
161,1604,2.5,10961
161,2338,2.5,10962
161,795,2.5,10963
161,1829,2.5,10964
161,2571,2.5,10965
161,251,2.5,10966
161,1530,2.5,10967
162,4460,5.0,10968
162,4461,5.0,10969
162,5461,5.0,10970
162,6445,2.5,10971
162,5532,2.5,10972
162,1860,3.5,10973
162,2863,2.0,10974
162,1789,2.0,10975
162,3290,2.5,10976
162,2871,4.0,10977
162,2258,1.5,10978
162,2215,3.5,10979
162,2408,2.0,10980
162,2994,3.0,10981
162,2280,2.5,10982
162,1733,4.0,10983
162,2027,3.5,10984
162,33,3.0,10985
162,1278,4.0,10986
162,118,3.0,10987
162,2509,0.5,10988
162,130,3.0,10989
162,1790,4.0,10990
162,82,0.5,10991
162,3397,2.5,10992
162,2756,4.0,10993
162,2561,4.0,10994
162,2558,3.5,10995
162,279,3.5,10996
162,280,3.0,10997
162,3398,3.0,10998
162,2559,3.5,10999
162,2691,3.5,11000
162,1369,5.0,11001
162,2731,3.0,11002
162,2850,4.0,11003
162,2730,4.0,11004
162,2690,3.5,11005
162,2744,3.0,11006
162,3396,3.0,11007
162,2849,4.5,11008
162,3386,4.0,11009
162,2553,2.5,11010
162,2552,4.0,11011
162,2551,4.0,11012
162,975,5.0,11013
162,1019,4.0,11014
162,2395,4.0,11015
162,611,5.0,11016
163,6615,5.0,11017
163,3360,5.0,11018
163,1600,5.0,11019
163,1535,5.0,11020
163,4433,2.5,11021
163,6592,2.5,11022
163,6718,2.5,11023
163,3711,2.5,11024
163,1175,2.5,11025
163,1825,2.5,11026
163,2485,2.5,11027
163,3373,2.5,11028
163,1836,2.5,11029
163,102,2.5,11030
163,2985,2.5,11031
163,2047,2.5,11032
163,319,2.5,11033
163,3382,2.5,11034
163,1430,2.5,11035
163,174,2.5,11036
163,457,2.5,11037
163,512,2.5,11038
163,879,2.5,11039
163,2699,2.5,11040
163,877,2.5,11041
163,17,2.5,11042
163,3707,2.5,11043
163,2088,2.5,11044
163,1429,2.5,11045
163,279,2.5,11046
163,2019,2.5,11047
163,452,2.5,11048
163,1999,2.5,11049
163,280,2.5,11050
163,847,2.5,11051
163,2139,2.5,11052
163,1428,2.5,11053
163,1065,2.5,11054
163,2571,2.5,11055
163,1530,2.5,11056
163,3129,2.5,11057
163,3710,2.5,11058
163,3090,2.5,11059
163,1824,2.5,11060
163,278,2.5,11061
163,1054,2.5,11062
163,1369,2.5,11063
163,220,2.5,11064
163,1103,2.5,11065
163,1427,2.5,11066
163,3306,2.5,11067
163,356,2.5,11068
163,29,2.5,11069
163,430,2.5,11070
163,3663,2.5,11071
163,955,2.5,11072
163,1383,2.5,11073
163,790,2.5,11074
163,1407,2.5,11075
163,2850,2.5,11076
163,2866,2.5,11077
163,2744,2.5,11078
163,27,2.5,11079
163,684,2.5,11080
163,2140,2.5,11081
163,952,2.5,11082
163,1661,2.5,11083
163,3269,2.5,11084
163,851,2.5,11085
163,1348,2.5,11086
163,1381,2.5,11087
163,3274,2.5,11088
163,3706,2.5,11089
163,3202,2.5,11090
163,1357,2.5,11091
163,1939,2.5,11092
163,4432,3.0,11093
164,5785,5.0,11094
164,5786,5.0,11095
164,4894,5.0,11096
164,5775,5.0,11097
164,5678,2.5,11098
164,5679,2.5,11099
164,5168,2.5,11100
164,5858,2.5,11101
164,4718,2.5,11102
164,3887,2.5,11103
164,4610,2.5,11104
164,4219,2.5,11105
164,4279,2.5,11106
164,4102,2.5,11107
164,5750,2.5,11108
164,3806,2.5,11109
164,5518,2.5,11110
164,5526,2.5,11111
164,5162,2.5,11112
164,3811,2.5,11113
164,6200,2.5,11114
164,4949,2.5,11115
164,4191,2.5,11116
164,4958,2.5,11117
164,4609,2.5,11118
164,3728,2.5,11119
164,4612,2.5,11120
164,4611,2.5,11121
164,5887,5.0,11122
164,6322,5.0,11123
164,4339,2.5,11124
164,5468,2.5,11125
164,4566,4.5,11126
164,4636,2.5,11127
164,4451,2.5,11128
164,5439,2.5,11129
164,4708,5.0,11130
164,6350,3.5,11131
164,3870,3.0,11132
164,5097,5.0,11133
164,4388,0.5,11134
164,4845,4.0,11135
164,4799,2.5,11136
164,5674,2.5,11137
164,6181,2.5,11138
164,4063,2.5,11139
164,4618,1.5,11140
164,6118,2.5,11141
164,6084,5.0,11142
164,4748,2.5,11143
164,4406,3.5,11144
164,5094,2.5,11145
164,5123,2.5,11146
164,6313,2.5,11147
164,5199,2.5,11148
164,4623,2.5,11149
164,3869,3.0,11150
164,3258,2.5,11151
164,5877,4.5,11152
164,1617,2.5,11153
164,1092,2.5,11154
164,2994,2.5,11155
164,275,2.5,11156
164,2952,2.5,11157
164,573,2.5,11158
164,1996,2.5,11159
164,1666,2.5,11160
164,3506,2.5,11161
164,2648,2.5,11162
164,1460,2.5,11163
164,1588,2.5,11164
164,983,2.5,11165
164,87,2.5,11166
164,2509,2.5,11167
164,737,2.5,11168
164,6519,4.0,11169
164,6523,4.0,11170
164,1828,2.5,11171
164,3633,2.5,11172
164,2501,2.5,11173
164,2618,4.0,11174
164,3364,2.5,11175
164,4071,3.5,11176
164,1613,2.5,11177
164,1005,2.5,11178
164,6297,5.0,11179
164,2089,2.5,11180
164,1274,2.5,11181
164,1094,2.5,11182
164,845,2.5,11183
164,3661,2.5,11184
164,3002,2.5,11185
164,1095,2.5,11186
164,996,1.0,11187
164,3489,2.5,11188
164,5407,5.0,11189
164,319,5.0,11190
164,5626,4.0,11191
164,1808,2.5,11192
164,380,2.5,11193
164,865,2.5,11194
164,1838,2.5,11195
164,3059,2.5,11196
164,849,2.5,11197
164,2532,2.5,11198
164,2937,2.5,11199
164,277,2.5,11200
164,3592,2.5,11201
164,25,2.5,11202
164,318,2.5,11203
164,3669,2.5,11204
164,2709,2.5,11205
164,3047,2.5,11206
164,3482,2.5,11207
164,171,2.5,11208
164,1444,2.5,11209
164,2056,2.5,11210
164,2479,2.5,11211
164,879,2.5,11212
164,844,2.5,11213
164,3557,2.5,11214
164,360,2.5,11215
164,4627,4.0,11216
164,5774,4.0,11217
164,5886,3.5,11218
164,4159,3.5,11219
164,5217,3.5,11220
164,4296,3.0,11221
164,5152,3.0,11222
164,5256,3.0,11223
165,5372,5.0,11224
165,3083,5.0,11225
165,951,5.0,11226
165,2242,5.0,11227
165,5876,2.5,11228
165,2215,5.0,11229
165,2423,3.0,11230
165,2485,5.0,11231
165,3364,4.0,11232
165,2554,4.0,11233
165,1504,3.5,11234
165,1508,3.0,11235
165,2560,5.0,11236
165,1348,5.0,11237
165,949,4.0,11238
165,2849,5.0,11239
165,3175,5.0,11240
165,1884,3.0,11241
165,326,3.0,11242
165,3056,3.5,11243
165,2224,4.0,11244
165,3261,3.5,11245
165,3069,5.0,11246
165,3259,4.0,11247
165,2884,4.0,11248
165,2589,4.0,11249
165,2938,5.0,11250
165,1400,5.0,11251
165,554,5.0,11252
165,613,4.0,11253
166,4795,5.0,11254
166,4796,5.0,11255
166,6041,5.0,11256
166,4904,5.0,11257
166,6471,4.5,11258
166,4741,0.5,11259
166,5399,3.5,11260
166,3753,4.0,11261
166,4290,3.5,11262
166,3749,5.0,11263
166,6648,5.0,11264
166,3910,0.5,11265
166,4387,3.5,11266
166,6720,4.0,11267
166,5957,4.0,11268
166,4088,4.5,11269
166,4865,4.5,11270
166,4817,4.0,11271
166,4494,4.0,11272
166,4337,4.5,11273
166,5173,5.0,11274
166,3775,4.0,11275
166,5526,4.5,11276
166,5318,4.0,11277
166,5853,5.0,11278
166,5315,4.5,11279
166,4132,4.0,11280
166,5305,4.0,11281
166,5358,5.0,11282
166,5314,5.0,11283
166,5954,4.0,11284
166,4477,5.0,11285
166,5442,4.0,11287
166,4048,2.0,11288
166,6578,4.5,11289
166,5629,3.0,11290
166,5874,4.5,11291
166,4186,4.0,11292
166,3912,1.5,11293
166,4063,4.5,11294
166,3795,4.0,11295
166,5763,3.5,11296
166,6542,4.0,11297
166,5858,4.0,11298
166,3887,4.5,11299
166,4958,4.0,11300
166,4250,4.0,11301
166,6185,4.0,11302
166,6061,4.0,11303
166,5464,2.0,11304
166,5876,2.5,11305
166,2215,3.0,11306
166,275,0.5,11307
166,2027,3.0,11308
166,1996,5.0,11309
166,3593,4.0,11310
166,33,4.0,11311
166,2485,3.0,11312
166,1790,2.0,11313
166,1088,0.5,11314
166,1217,4.0,11315
166,3364,5.0,11316
166,1612,4.0,11317
166,226,3.5,11318
166,574,4.0,11319
166,845,4.0,11320
166,2047,4.5,11321
166,2554,5.0,11322
166,2099,3.5,11323
166,277,1.5,11324
166,3106,3.0,11325
166,457,4.5,11326
166,145,4.0,11327
166,913,5.0,11328
166,2756,4.5,11329
166,844,4.0,11330
166,1508,4.5,11331
166,2024,3.0,11332
166,2088,4.0,11333
166,279,4.5,11334
166,2560,4.0,11335
166,280,5.0,11336
166,418,2.0,11337
166,636,4.0,11338
166,428,4.5,11339
166,847,4.0,11340
166,1147,4.0,11341
166,284,4.0,11342
166,1851,4.5,11343
166,251,4.5,11344
166,3710,4.0,11345
166,3090,3.5,11346
166,1686,5.0,11347
166,1369,5.0,11348
166,1103,4.0,11349
166,2948,4.0,11350
166,3622,4.0,11351
166,3370,4.0,11352
166,2213,4.5,11353
166,125,4.0,11354
166,2953,4.0,11355
166,790,4.0,11356
166,3174,4.5,11357
166,2850,4.5,11358
166,2997,3.5,11359
166,684,3.5,11360
166,834,5.0,11361
166,3269,4.0,11362
166,421,4.5,11363
166,2402,4.0,11364
166,1348,4.5,11365
166,949,3.5,11366
166,1187,4.5,11367
166,1357,4.0,11368
166,3522,4.0,11369
166,2849,4.5,11370
166,3565,4.5,11371
166,1952,3.0,11372
166,3192,5.0,11373
166,2859,3.5,11374
166,592,3.5,11375
166,2208,4.0,11376
166,501,4.0,11377
166,5678,4.0,11378
166,4450,3.0,11379
167,6312,2.5,11380
167,2648,5.0,11381
167,2485,5.0,11382
167,3285,3.0,11383
167,574,3.0,11384
167,2047,2.0,11385
167,319,1.0,11386
167,1090,1.0,11387
167,3106,2.0,11388
167,2104,1.0,11389
167,2756,5.0,11390
167,1508,2.0,11391
167,1434,1.0,11392
167,2024,4.0,11393
167,2088,2.0,11394
167,1216,1.0,11395
167,1535,0.5,11396
167,284,3.0,11397
167,1065,1.0,11398
167,1363,2.0,11399
167,1369,4.0,11400
167,3370,4.0,11401
167,3174,1.0,11402
167,2997,5.0,11403
167,421,4.5,11404
167,2465,1.0,11405
167,273,1.0,11406
167,1357,5.0,11407
167,3522,3.0,11408
167,666,5.0,11409
167,2849,4.5,11410
167,2253,2.5,11411
167,2862,2.0,11412
167,1190,4.0,11413
167,3136,3.0,11414
167,1755,5.0,11415
167,1489,3.0,11416
167,1189,5.0,11417
167,803,2.0,11418
167,200,0.5,11419
167,975,1.5,11420
167,2,5.0,11421
167,2224,3.0,11422
167,3261,1.0,11423
167,1117,4.0,11424
167,725,5.0,11425
167,2687,1.0,11426
167,2938,3.0,11427
168,4628,5.0,11428
168,964,5.0,11429
168,1272,5.0,11430
168,1901,5.0,11431
168,5757,2.5,11432
168,2097,2.0,11433
168,2346,3.0,11434
168,1789,5.0,11435
168,1556,2.0,11436
168,2520,4.5,11437
168,3391,2.0,11438
168,2871,4.5,11439
168,1236,3.0,11440
168,2285,4.5,11441
168,2215,3.5,11442
168,2806,3.5,11443
168,2408,2.0,11444
168,2221,1.0,11445
168,1092,3.0,11446
168,3284,2.5,11447
168,642,3.5,11448
168,2304,2.0,11449
168,2423,3.5,11450
168,1785,2.5,11451
168,2110,3.5,11452
168,2622,2.5,11453
168,2994,5.0,11454
168,3711,3.0,11455
168,2057,1.5,11456
168,2280,4.0,11457
168,1733,5.0,11458
168,3625,1.5,11459
168,420,4.5,11460
168,3283,2.0,11461
168,3063,4.0,11462
168,1996,5.0,11463
168,2830,2.5,11464
168,1028,3.0,11465
168,3593,4.5,11466
168,3506,1.0,11467
168,1307,2.5,11468
168,1684,2.5,11469
168,966,1.5,11470
168,498,3.0,11471
168,3521,3.0,11472
168,414,4.0,11473
168,407,3.0,11474
168,394,5.0,11475
168,2485,4.0,11476
168,630,2.5,11477
168,737,4.0,11478
168,1197,2.0,11479
168,650,3.5,11480
168,3689,1.0,11481
168,2471,5.0,11482
168,3414,1.0,11483
168,2501,5.0,11484
168,2547,4.5,11485
168,1349,5.0,11486
168,3458,3.5,11487
168,1362,3.5,11488
168,3282,2.0,11489
168,121,3.0,11490
168,2507,4.0,11491
168,1334,2.0,11492
168,1757,2.5,11493
168,3661,3.0,11494
168,2710,1.5,11495
168,3440,1.0,11496
168,2391,4.0,11497
168,2047,4.0,11498
168,319,4.0,11499
168,2554,5.0,11500
168,2409,4.5,11501
168,1509,3.0,11502
168,1683,3.5,11503
168,4124,4.0,11504
169,5857,5.0,11505
169,2208,5.0,11506
169,339,5.0,11507
169,1115,5.0,11508
169,4835,5.0,11509
169,4460,2.5,11510
169,2871,3.0,11511
169,1733,3.5,11512
169,1028,2.0,11513
169,931,4.0,11514
169,130,5.0,11515
169,3633,3.5,11516
169,287,3.0,11517
169,226,5.0,11518
169,574,3.5,11519
169,3006,2.0,11520
169,2031,5.0,11521
169,845,5.0,11522
169,3661,2.5,11523
169,2212,3.0,11524
169,2368,3.0,11525
169,319,4.0,11526
169,174,4.0,11527
169,3106,2.5,11528
169,807,2.5,11529
169,1542,3.5,11530
169,844,5.0,11531
169,3207,4.0,11532
169,1972,4.0,11533
169,877,4.0,11534
169,1600,5.0,11535
169,3029,4.5,11536
169,1795,3.0,11537
169,636,4.0,11538
169,1535,3.5,11539
169,284,4.0,11540
169,531,4.0,11541
169,2571,5.0,11542
169,1530,4.0,11543
169,1753,4.0,11544
169,685,4.0,11545
169,1363,4.0,11546
169,1663,3.5,11547
169,1103,3.0,11548
169,3102,4.0,11549
169,3306,3.5,11550
169,2948,4.0,11551
169,2213,5.0,11552
169,125,3.0,11553
169,1984,4.0,11554
169,790,4.0,11555
169,3331,3.0,11556
169,3174,4.0,11557
169,2216,3.0,11558
169,3015,4.0,11559
169,421,4.0,11560
169,3023,4.0,11561
169,273,3.5,11562
169,1422,3.0,11563
169,3202,3.0,11564
169,3522,5.0,11565
169,666,3.0,11566
169,47,4.0,11567
169,3484,3.0,11568
169,2190,5.0,11569
169,30,3.5,11570
169,3703,4.0,11571
169,266,5.0,11572
169,3206,4.0,11573
169,2986,3.0,11574
169,461,2.5,11575
169,2138,3.5,11576
169,2862,4.0,11577
169,1724,5.0,11578
169,1873,3.0,11579
169,5182,4.0,11580
169,4945,4.0,11581
169,4834,3.5,11582
170,6709,5.0,11583
170,3691,5.0,11584
170,3049,5.0,11585
170,1616,5.0,11586
170,6117,2.5,11587
170,3258,3.0,11588
170,573,4.5,11589
170,752,3.5,11590
170,2485,3.0,11591
170,1613,4.0,11592
170,2047,4.0,11593
170,319,2.5,11594
170,2554,3.5,11595
170,2656,3.0,11596
170,3397,1.0,11597
170,2561,3.5,11598
170,753,4.0,11599
170,3594,4.5,11600
170,2558,3.5,11601
170,2088,4.5,11602
170,2217,4.0,11603
170,279,3.0,11604
170,2444,3.0,11605
170,2560,4.5,11606
170,1476,3.5,11607
170,999,3.5,11608
170,280,3.0,11609
170,2260,2.5,11610
170,2074,3.5,11611
170,2559,2.5,11612
170,1941,4.0,11613
170,284,3.5,11614
170,2338,4.0,11615
170,106,4.0,11616
170,726,3.5,11617
170,3710,3.5,11618
170,1522,2.5,11619
170,2595,3.0,11620
170,2178,3.0,11621
170,1803,2.0,11622
170,1363,2.5,11623
170,2073,3.5,11624
170,545,3.5,11625
170,544,3.5,11626
170,3102,2.5,11627
170,1277,3.5,11628
170,1876,2.5,11629
170,1048,2.5,11630
170,762,4.0,11631
170,1846,3.0,11632
170,2929,3.0,11633
170,773,3.5,11634
170,3650,4.0,11635
170,2180,2.5,11636
170,1320,2.5,11637
170,3064,3.0,11638
170,185,2.0,11639
170,2184,2.0,11640
170,2176,2.0,11641
170,1521,4.0,11642
170,1247,2.5,11643
170,774,4.0,11644
170,2317,3.0,11645
170,1770,3.5,11646
170,3446,4.0,11647
170,3023,3.5,11648
170,761,3.0,11649
170,772,3.0,11650
170,186,2.5,11651
170,628,3.0,11652
170,2637,3.5,11653
170,2164,3.0,11654
170,3522,4.0,11655
170,1222,4.0,11656
170,2168,4.0,11657
170,5309,4.0,11658
171,3764,5.0,11659
171,47,5.0,11660
171,940,5.0,11661
171,486,5.0,11662
171,4460,2.5,11663
171,2871,4.0,11664
171,2215,3.5,11665
171,2423,3.0,11666
171,1733,4.0,11667
171,1996,4.0,11668
171,574,4.5,11669
171,1313,4.0,11670
171,172,4.0,11671
171,469,3.0,11672
171,2099,3.0,11673
171,2104,4.5,11674
171,744,4.0,11675
171,3438,4.0,11676
171,3669,3.5,11677
171,913,4.0,11678
171,2957,3.5,11679
171,2963,3.0,11680
171,2454,4.0,11681
171,3503,4.0,11682
171,2088,4.0,11683
171,2195,4.5,11684
171,3054,4.5,11685
171,2126,2.5,11686
171,531,4.0,11687
171,2118,3.5,11688
171,2965,4.0,11689
171,1103,3.5,11690
171,2512,3.5,11691
171,790,4.0,11692
171,1026,3.5,11693
171,1357,3.5,11694
171,1452,3.5,11695
171,3583,4.5,11696
171,1488,4.0,11697
171,24,3.5,11698
171,899,4.0,11699
171,2015,2.0,11700
171,1620,4.5,11701
171,1780,3.5,11702
171,439,4.0,11703
171,2225,3.5,11704
171,3236,3.5,11705
171,168,3.5,11706
171,1342,4.5,11707
171,693,4.0,11708
171,520,4.5,11709
171,975,4.0,11710
171,2,4.0,11711
171,2358,4.0,11712
171,1410,3.5,11713
171,699,4.5,11714
171,459,3.5,11715
171,110,4.0,11716
171,468,3.5,11717
171,2410,3.0,11718
171,272,4.0,11719
171,607,4.0,11720
171,2224,4.0,11721
171,2291,4.0,11722
171,150,4.5,11723
171,3615,4.0,11724
171,471,4.0,11725
171,2804,3.5,11726
171,2938,3.5,11727
171,1912,3.0,11728
171,1531,5.0,11729
171,1549,3.5,11730
171,3904,4.0,11731
172,5191,5.0,11732
172,5192,5.0,11733
172,6501,5.0,11734
172,3522,4.0,11735
172,1709,5.0,11736
172,30,3.0,11737
172,2253,5.0,11738
172,3206,3.0,11739
172,2862,5.0,11740
172,1755,4.0,11741
172,12,3.0,11742
172,1489,2.0,11743
172,986,5.0,11744
172,1272,2.0,11745
172,564,4.0,11746
172,2461,4.0,11747
172,561,5.0,11748
172,3097,2.0,11749
172,1115,2.0,11750
172,3420,3.0,11751
172,3257,5.0,11752
172,1019,5.0,11753
172,3056,4.0,11754
172,2224,1.0,11755
172,2396,5.0,11756
172,1143,4.0,11757
172,3615,2.0,11758
172,3196,3.0,11759
172,3437,2.5,11760
172,290,4.0,11761
172,898,5.0,11762
172,3259,3.0,11763
172,22,5.0,11764
172,7,2.0,11765
172,1400,4.0,11766
172,613,4.0,11767
172,3369,5.0,11768
173,5973,5.0,11769
173,5974,5.0,11770
173,6668,5.0,11772
173,3924,2.5,11773
173,5067,3.5,11774
173,6157,4.0,11775
173,4129,4.5,11776
173,4921,4.0,11777
173,6061,5.0,11778
173,4903,5.0,11779
173,4277,3.5,11780
173,5422,5.0,11781
173,5436,5.0,11782
173,5312,4.5,11783
173,4433,4.5,11784
173,5448,4.0,11785
173,5922,4.0,11786
173,4408,3.5,11787
173,6607,3.0,11788
173,5171,4.5,11789
173,5056,4.5,11790
173,4673,5.0,11791
173,6665,3.5,11792
173,3844,3.0,11794
173,5474,4.5,11795
173,4339,5.0,11796
173,4718,4.0,11797
173,5890,4.0,11798
173,6159,4.5,11799
173,6606,2.5,11800
173,3593,3.0,11801
173,498,4.5,11802
173,2485,4.5,11803
173,3373,1.5,11804
173,1364,3.5,11805
173,2676,2.5,11806
173,3106,4.0,11807
173,1795,4.5,11808
173,1216,5.0,11809
173,2139,3.0,11810
173,1065,4.0,11811
173,2746,1.5,11812
173,3370,3.5,11813
173,790,4.5,11814
173,2482,4.0,11815
173,2140,3.5,11816
173,2402,5.0,11817
173,160,3.5,11818
173,1357,4.5,11819
173,666,3.5,11820
173,2849,5.0,11821
173,2253,4.0,11822
173,2137,4.0,11823
173,2138,4.0,11824
173,2862,3.5,11825
173,2818,4.0,11826
173,1755,5.0,11827
173,3066,5.0,11828
173,1489,4.5,11829
173,2141,4.5,11830
173,3067,4.5,11831
173,3223,3.5,11832
173,3065,4.5,11833
173,200,3.5,11834
173,3097,5.0,11835
173,1019,5.0,11836
173,2224,4.0,11837
173,1240,4.0,11838
174,3713,5.0,11839
174,3714,5.0,11840
174,6236,5.0,11841
174,4193,5.0,11842
174,3796,3.5,11843
174,5147,4.0,11844
174,4317,4.5,11845
174,4960,3.0,11846
174,4323,4.0,11847
174,6154,3.0,11848
174,4541,2.5,11849
174,5146,3.5,11850
174,6179,0.5,11851
174,4161,3.0,11852
174,5670,3.5,11853
174,4985,3.5,11854
174,5941,3.5,11855
174,3783,3.5,11856
174,5203,3.0,11857
174,4385,4.0,11858
174,5404,1.5,11859
174,5714,4.0,11860
174,6203,4.5,11861
174,4660,2.5,11862
174,6614,4.0,11863
174,4394,3.5,11864
174,5687,3.5,11865
174,6580,4.0,11866
174,6308,3.0,11867
174,4833,4.0,11868
174,3862,1.5,11869
174,6065,3.5,11870
174,4683,4.0,11871
174,4554,3.0,11872
174,5135,4.0,11873
174,6174,4.5,11874
174,6254,4.0,11875
174,4046,3.5,11876
174,4956,4.0,11877
174,6101,4.0,11878
174,5345,3.5,11879
174,6394,2.5,11880
174,6175,4.5,11881
174,6284,3.5,11882
174,4056,3.0,11883
174,4529,3.5,11884
174,4052,3.0,11885
174,5486,3.0,11886
174,3912,3.5,11887
174,4437,3.0,11888
174,5899,4.5,11889
174,5460,2.5,11890
174,1789,4.0,11891
174,3290,3.0,11892
174,2215,4.0,11893
174,1380,4.5,11894
174,2622,3.5,11895
174,3711,4.0,11896
174,573,5.0,11897
174,1996,4.5,11898
174,2903,3.5,11899
174,752,4.0,11900
174,1517,4.0,11901
174,2648,3.5,11902
174,1278,4.0,11903
174,3409,4.0,11904
174,87,3.0,11905
174,2509,0.5,11906
174,2526,4.5,11907
174,3633,3.5,11908
174,2501,4.5,11909
174,146,3.5,11910
174,728,4.0,11911
174,764,3.5,11912
174,1362,4.0,11913
174,1523,3.0,11914
174,845,4.0,11915
174,3091,1.5,11916
174,3140,3.5,11917
174,2047,4.0,11918
174,319,3.5,11919
174,2919,2.5,11920
174,2554,5.0,11921
174,1148,4.5,11922
174,3289,3.0,11923
174,2409,3.5,11924
174,1430,4.0,11925
174,231,1.5,11926
174,277,3.5,11927
174,2228,4.5,11928
174,419,3.5,11929
174,572,4.0,11930
174,888,2.5,11931
174,2502,4.5,11932
174,706,4.0,11933
174,703,4.5,11934
174,3397,2.5,11935
174,1294,3.5,11936
174,3438,4.0,11937
174,796,3.0,11938
174,913,5.0,11939
174,2722,3.5,11940
174,2756,4.0,11941
174,1444,3.5,11942
174,2561,4.0,11943
174,3607,4.0,11944
174,2479,3.0,11945
174,2273,3.5,11946
174,901,3.0,11947
174,879,3.5,11948
174,2774,3.0,11949
174,2578,4.0,11950
174,532,3.0,11951
174,2438,4.0,11952
174,1033,4.0,11953
174,2011,3.5,11954
174,422,3.0,11955
174,1671,3.5,11956
174,3567,4.0,11957
174,2530,4.0,11958
174,1282,3.0,11959
174,1443,4.0,11960
174,1160,4.0,11961
174,2043,4.0,11962
174,4086,4.0,11963
174,6393,4.0,11964
174,5898,3.0,11965
175,4249,2.5,11966
175,636,2.5,11967
175,531,2.5,11968
175,1363,2.5,11969
175,421,2.5,11970
175,666,2.5,11971
175,2849,2.5,11972
175,3303,2.5,11973
175,46,2.5,11974
175,2567,2.5,11975
175,3344,2.5,11976
175,353,2.5,11977
175,3134,2.5,11978
175,725,2.5,11979
176,6429,5.0,11980
176,6430,5.0,11981
176,3928,5.0,11982
176,6248,5.0,11983
176,3775,4.0,11984
176,4250,4.0,11985
176,6185,0.5,11986
176,5097,4.5,11987
176,4762,5.0,11988
176,5288,4.0,11989
176,4157,5.0,11990
176,6236,5.0,11991
176,6297,4.0,11992
176,6634,4.0,11993
176,4636,5.0,11994
176,5877,3.0,11995
176,6117,2.5,11996
176,3258,2.5,11997
176,2047,2.5,11998
176,288,2.5,11999
176,913,2.5,12000
176,1434,2.5,12001
176,1535,3.0,12002
176,1530,2.5,12003
176,1369,2.5,12004
176,421,2.5,12005
176,47,2.5,12006
176,2253,2.5,12007
176,899,2.5,12008
176,803,4.5,12009
176,6247,4.0,12010
176,6633,3.5,12011
177,4460,2.5,12012
177,2871,4.0,12013
177,1733,3.0,12014
177,2027,4.0,12015
177,510,4.0,12016
177,3593,3.0,12017
177,2485,2.0,12018
177,1974,3.0,12019
177,1612,3.0,12020
177,3285,3.0,12021
177,2191,3.0,12022
177,2985,2.0,12023
177,2368,3.0,12024
177,2047,3.0,12025
177,319,3.0,12026
177,211,5.0,12027
177,3106,1.0,12028
177,145,4.0,12029
177,913,5.0,12030
177,2024,4.0,12031
177,2088,5.0,12032
177,3054,2.5,12033
177,3528,3.0,12034
177,1065,4.0,12035
177,1851,5.0,12036
177,1530,1.0,12037
177,1103,3.0,12038
177,1945,3.0,12039
177,3622,5.0,12040
177,3370,5.0,12041
177,1210,4.0,12042
177,2213,5.0,12043
177,790,5.0,12044
177,421,5.0,12045
177,949,4.0,12046
177,2644,5.0,12047
177,3703,5.0,12048
177,1597,3.0,12049
177,1755,4.0,12050
177,1490,5.0,12051
177,1489,5.0,12052
177,564,5.0,12053
177,1887,3.0,12054
177,803,4.0,12055
177,1777,5.0,12056
177,2290,5.0,12057
177,200,5.0,12058
177,930,4.0,12059
177,2,3.0,12060
177,2410,5.0,12061
177,3257,5.0,12062
177,2224,5.0,12063
177,3261,4.0,12064
177,859,4.0,12065
177,2804,4.0,12066
177,3259,5.0,12067
178,4407,5.0,12068
178,2862,5.0,12069
178,845,5.0,12070
178,2567,5.0,12071
178,4488,2.5,12072
178,2047,2.5,12073
178,844,2.5,12074
179,3744,5.0,12075
179,26,5.0,12076
179,3535,5.0,12077
179,694,5.0,12078
179,4405,2.5,12079
179,2863,5.0,12080
179,2215,5.0,12081
179,2622,5.0,12082
179,3711,3.0,12083
179,2202,5.0,12084
179,2027,1.0,12085
179,3561,2.0,12086
179,1028,5.0,12087
179,510,1.0,12088
179,1962,3.0,12089
179,1517,3.0,12090
179,1460,1.0,12091
179,2485,5.0,12092
179,87,2.0,12093
179,1790,1.0,12094
179,66,2.0,12095
179,3633,3.0,12096
179,3169,5.0,12097
179,728,5.0,12098
179,3491,4.0,12099
179,298,3.0,12100
179,845,2.0,12101
179,2764,4.0,12102
179,3019,2.0,12103
179,1095,5.0,12104
179,305,2.5,12105
179,191,4.0,12106
179,2191,1.0,12107
179,2047,2.0,12108
179,1767,1.0,12109
179,2554,2.0,12110
179,2115,5.0,12111
179,211,4.0,12112
179,1148,2.0,12113
179,1430,2.0,12114
179,231,3.0,12115
179,277,1.0,12116
179,2961,2.0,12117
179,1235,1.0,12118
179,3605,3.0,12119
179,1090,5.0,12120
179,3106,1.0,12121
179,2754,2.0,12122
179,2680,1.0,12123
179,512,1.0,12124
179,3397,1.0,12125
179,1294,5.0,12126
179,872,1.0,12127
179,3438,5.0,12128
179,796,3.0,12129
179,947,2.0,12130
179,3135,1.0,12131
179,913,5.0,12132
179,3478,2.0,12133
179,3099,2.0,12134
179,2561,4.0,12135
179,3607,1.0,12136
179,879,2.0,12137
179,2578,1.0,12138
179,844,1.0,12139
179,2438,1.0,12140
179,1033,3.0,12141
179,454,1.0,12142
179,422,4.0,12143
179,1671,2.0,12144
179,1606,4.0,12145
179,3665,3.0,12146
179,1963,4.0,12147
179,3567,3.0,12148
179,3207,4.0,12149
179,2530,5.0,12150
180,4635,5.0,12151
180,4636,5.0,12152
180,4780,5.0,12153
180,3840,5.0,12154
180,5609,3.0,12155
180,5610,3.0,12156
180,6582,4.0,12157
180,4109,4.5,12158
180,6279,4.0,12159
180,4802,4.0,12160
180,4667,4.5,12161
180,4849,3.5,12162
180,4850,4.0,12163
180,3763,4.0,12164
180,6454,3.5,12165
180,4069,4.0,12166
180,4809,3.5,12167
180,4841,3.0,12168
180,4840,3.5,12169
180,3742,3.5,12170
180,4842,4.0,12171
180,3746,2.5,12172
180,4828,5.0,12173
180,6041,5.0,12174
180,4673,5.0,12175
180,5461,4.0,12176
180,4775,5.0,12177
180,5853,5.0,12178
180,6609,5.0,12179
180,3775,4.5,12180
180,4290,4.5,12181
180,5673,4.0,12182
180,4134,4.0,12183
180,6000,3.5,12184
180,6256,4.0,12185
180,5950,4.5,12186
180,4753,5.0,12187
180,6048,4.5,12188
180,6470,4.5,12189
180,6111,5.0,12190
180,5890,4.5,12191
180,4186,5.0,12192
180,6135,5.0,12193
180,5897,5.0,12194
180,5460,2.5,12195
180,1789,4.0,12196
180,1989,4.0,12197
180,1175,3.5,12198
180,3438,2.5,12199
180,1016,4.5,12200
180,1132,4.0,12201
180,1065,3.5,12202
180,1152,5.0,12203
180,3569,4.0,12204
180,2616,4.0,12205
180,1369,5.0,12206
180,29,2.5,12207
180,125,4.5,12208
180,2968,3.0,12209
180,790,4.5,12210
180,27,3.5,12211
180,684,4.5,12212
180,2967,3.5,12213
180,2465,5.0,12214
180,2777,4.0,12215
180,2966,4.0,12216
180,1937,3.0,12217
180,192,5.0,12218
180,3206,5.0,12219
180,3192,5.0,12220
180,1138,3.5,12221
180,3595,5.0,12222
180,46,4.0,12223
180,564,5.0,12224
180,3451,4.5,12225
180,2284,4.5,12226
180,975,5.0,12227
180,2383,5.0,12228
180,1115,5.0,12229
180,2342,3.5,12230
180,1174,4.0,12231
180,3257,5.0,12232
180,1019,5.0,12233
180,2224,4.5,12234
180,59,4.0,12235
180,474,4.5,12236
180,1117,5.0,12237
180,2586,4.0,12238
180,3437,3.5,12239
180,2392,4.5,12240
180,2938,5.0,12241
181,4276,5.0,12242
181,4277,5.0,12243
181,5486,5.0,12244
181,6228,5.0,12245
181,6506,2.5,12246
181,4191,4.5,12247
181,4295,3.0,12248
181,4297,3.0,12249
181,5461,3.5,12250
181,4930,2.5,12251
181,3907,2.5,12252
181,274,2.0,12253
181,1789,3.5,12254
181,573,4.5,12255
181,87,1.5,12256
181,2554,4.0,12257
181,913,4.5,12258
181,688,3.0,12259
181,35,1.5,12260
181,1369,4.5,12261
181,3480,2.5,12262
181,689,3.0,12263
181,2402,3.0,12264
181,666,3.0,12265
181,595,3.5,12266
181,6227,4.0,12267
182,5664,5.0,12268
182,5665,5.0,12269
182,4965,3.5,12270
182,4966,2.5,12271
182,6469,3.5,12272
182,6427,4.0,12273
182,5922,5.0,12274
182,6634,5.0,12275
182,5072,3.0,12276
182,5065,4.5,12277
182,4157,4.5,12278
182,4250,4.0,12279
182,6228,3.5,12280
182,5064,3.0,12281
182,5063,2.5,12282
182,1362,3.0,12283
182,3687,4.0,12284
182,2554,3.5,12285
182,636,4.0,12286
182,531,4.5,12287
182,3450,3.5,12288
182,1363,4.5,12289
182,1369,3.0,12290
182,3622,5.0,12291
182,1984,4.0,12292
182,2253,5.0,12293
182,3420,4.0,12294
182,5921,4.0,12295
183,4062,5.0,12296
183,4063,5.0,12297
183,3912,5.0,12298
183,3914,5.0,12299
183,6228,4.0,12300
183,6236,4.0,12301
183,3971,4.0,12302
183,3977,5.0,12303
183,3848,2.5,12304
183,210,1.0,12305
183,3711,4.0,12306
183,1986,0.5,12307
183,3468,1.0,12308
183,3310,1.0,12309
183,1962,1.0,12310
183,931,3.0,12311
183,87,1.0,12312
183,1982,1.5,12313
183,1790,2.0,12314
183,2526,2.5,12315
183,1518,2.0,12316
183,1828,3.0,12317
183,431,1.5,12318
183,728,1.0,12319
183,1362,3.0,12320
183,298,1.0,12321
183,1053,4.5,12322
183,2898,2.0,12323
183,845,4.0,12324
183,249,1.0,12325
183,2764,1.0,12326
183,3661,2.0,12327
183,996,0.5,12328
183,1123,3.5,12329
183,2047,4.0,12330
183,319,3.0,12331
183,1767,1.0,12332
183,2554,4.0,12333
183,2445,0.5,12334
183,1430,3.0,12335
183,231,1.5,12336
183,277,1.0,12337
183,2228,3.0,12338
183,886,2.0,12339
183,382,1.0,12340
183,703,4.0,12341
183,1090,2.0,12342
183,512,4.0,12343
183,1584,2.0,12344
183,3438,3.5,12345
183,2525,2.0,12346
183,2756,4.0,12347
183,3501,2.0,12348
183,1444,4.0,12349
183,2273,1.0,12350
183,2578,3.0,12351
183,3540,1.5,12352
183,844,4.0,12353
183,1033,2.0,12354
183,1096,2.0,12355
183,3659,3.0,12356
183,753,3.0,12357
183,1627,2.0,12358
183,2530,2.0,12359
183,885,3.0,12360
183,2699,3.5,12361
183,2524,2.0,12362
183,2560,4.0,12363
183,428,4.0,12364
183,273,5.0,12365
183,1688,3.0,12366
183,3565,3.5,12367
183,1382,3.5,12368
183,3453,3.5,12369
183,2253,4.0,12370
183,2653,3.0,12371
183,1173,2.0,12372
183,461,2.5,12373
183,2138,3.5,12374
183,2907,3.5,12375
183,551,4.0,12376
184,3881,5.0,12377
184,248,5.0,12378
184,3360,5.0,12379
184,2545,5.0,12380
184,4460,2.5,12381
184,2871,2.5,12382
184,2215,2.5,12383
184,2423,2.5,12384
184,2994,2.5,12385
184,3711,2.5,12386
184,2280,2.5,12387
184,1733,2.5,12388
184,2027,2.5,12389
184,903,2.5,12390
184,1028,2.5,12391
184,1161,2.5,12392
184,510,2.5,12393
184,3593,2.5,12394
184,2903,2.5,12395
184,1517,2.5,12396
184,2648,2.5,12397
184,931,2.5,12398
184,1278,2.5,12399
184,983,2.5,12400
184,3409,2.5,12401
184,2485,2.5,12402
184,87,2.5,12403
184,130,2.5,12404
184,728,2.5,12405
184,226,2.5,12406
184,574,2.5,12407
184,3006,2.5,12408
184,2898,2.5,12409
184,1757,2.5,12410
184,234,2.5,12411
184,996,2.5,12412
184,2191,2.5,12413
184,2047,2.5,12414
184,1954,2.5,12415
184,3289,2.5,12416
184,277,2.5,12417
184,3397,2.5,12418
184,796,2.5,12419
184,2561,2.5,12420
184,879,2.5,12421
184,422,2.5,12422
184,694,2.5,12423
184,2558,2.5,12424
184,2195,2.5,12425
184,156,2.5,12426
184,279,2.5,12427
184,995,2.5,12428
184,1031,2.5,12429
184,683,2.5,12430
184,727,2.5,12431
184,280,2.5,12432
184,861,2.5,12433
184,2956,2.5,12434
184,636,2.5,12435
184,1391,2.5,12436
184,2559,2.5,12437
184,1077,2.5,12438
184,2878,2.5,12439
184,1530,2.5,12440
184,1753,2.5,12441
184,536,2.5,12442
184,726,2.5,12443
184,3710,2.5,12444
184,278,2.5,12445
184,1369,2.5,12446
184,3102,2.5,12447
184,2910,2.5,12448
184,2731,2.5,12449
184,2948,2.5,12450
184,3370,2.5,12451
184,125,2.5,12452
185,4642,5.0,12453
185,4643,5.0,12454
185,5077,5.0,12455
185,5955,5.0,12456
185,6399,2.5,12457
185,4260,2.0,12458
185,4904,2.0,12459
185,4514,5.0,12460
185,5910,5.0,12461
185,3752,2.0,12462
185,5679,5.0,12463
185,5480,3.0,12464
185,4053,1.0,12465
185,5570,2.0,12466
185,6304,5.0,12467
185,5320,3.0,12468
185,4454,5.0,12469
185,4016,2.0,12470
185,4978,3.0,12471
185,6163,5.0,12472
185,4633,1.0,12473
185,6180,1.0,12474
185,6421,2.0,12475
185,4728,1.0,12476
185,5794,1.0,12477
185,6638,4.0,12478
185,3925,3.0,12479
185,6099,5.0,12480
185,3773,5.0,12481
185,4180,3.0,12482
185,6278,5.0,12483
185,4458,3.0,12484
185,3967,3.0,12485
185,6589,3.0,12486
185,6309,4.0,12487
185,6084,3.0,12488
185,4329,2.5,12489
185,6037,2.5,12490
185,5072,2.5,12491
185,3870,4.0,12492
185,3900,1.0,12493
185,5853,5.0,12494
185,5115,2.5,12495
185,4007,3.0,12496
185,5124,1.0,12497
185,4441,1.0,12498
185,5116,2.5,12499
185,6100,2.5,12500
185,4562,3.0,12501
185,3765,5.0,12502
185,4202,5.0,12503
185,3869,2.5,12504
185,236,4.0,12505
185,3400,1.0,12506
185,2296,2.5,12507
185,2423,3.0,12508
185,34,2.0,12509
185,1006,2.5,12510
185,1713,2.5,12511
185,2457,2.5,12512
185,1733,3.0,12513
185,1739,3.0,12514
185,2147,2.5,12515
185,801,3.0,12516
185,2624,2.5,12517
185,3532,5.0,12518
185,2210,4.0,12519
185,573,5.0,12520
185,2027,1.0,12521
185,3063,5.0,12522
185,1996,5.0,12523
185,3578,3.0,12524
185,336,3.0,12525
185,2660,2.5,12526
185,451,2.0,12527
185,3593,5.0,12528
185,3573,1.0,12529
185,1322,2.5,12530
185,33,3.0,12531
185,1759,2.5,12532
185,712,3.0,12533
185,3181,5.0,12534
185,498,3.0,12535
185,983,5.0,12536
185,148,2.5,12537
185,1931,3.0,12538
185,2485,1.0,12539
185,118,1.0,12540
185,1603,4.0,12541
185,436,2.5,12542
185,130,2.5,12543
185,1107,4.0,12544
185,1000,2.5,12545
185,3449,3.0,12546
185,3428,2.0,12547
185,1326,5.0,12548
185,1372,2.0,12549
185,650,2.0,12550
185,2436,2.5,12551
185,1922,2.5,12552
185,2838,4.0,12553
185,147,2.5,12554
185,1974,2.0,12555
185,690,2.5,12556
185,3590,2.5,12557
185,808,2.0,12558
185,3082,2.5,12559
185,962,3.0,12560
185,2618,3.0,12561
185,1693,3.0,12562
185,3531,5.0,12563
185,2706,3.0,12564
185,3237,5.0,12565
185,2584,2.0,12566
185,1217,2.0,12567
185,2547,4.0,12568
185,2261,2.0,12569
185,163,1.0,12570
185,1799,3.0,12571
185,3458,3.0,12572
185,2301,2.5,12573
185,1612,2.0,12574
185,3038,3.0,12575
185,2300,4.0,12576
185,6351,4.0,12577
185,5076,3.0,12578
185,5602,3.0,12579
185,6282,3.0,12580
185,4545,3.0,12581
186,4113,5.0,12582
186,4114,5.0,12583
186,5865,5.0,12584
186,5229,5.0,12585
186,5729,5.0,12586
186,4821,4.0,12587
186,5835,5.0,12588
186,4788,5.0,12589
186,3893,5.0,12590
186,6312,2.5,12591
186,2648,4.0,12592
186,3176,4.0,12593
186,3364,4.0,12594
186,2161,4.0,12595
186,3214,5.0,12596
186,3291,5.0,12597
186,3377,4.0,12598
186,319,3.0,12599
186,2554,4.0,12600
186,2228,5.0,12601
186,2756,2.5,12602
186,1600,4.0,12603
186,1508,2.5,12604
186,2560,5.0,12605
186,1390,3.0,12606
186,2948,5.0,12607
186,3249,3.0,12608
186,949,4.0,12609
186,666,5.0,12610
186,2190,5.0,12611
186,2862,2.5,12612
186,1280,4.0,12613
186,3236,3.0,12614
186,2567,5.0,12615
186,2114,4.0,12616
186,2211,5.0,12617
186,3134,3.0,12618
186,1487,4.0,12619
186,1910,4.0,12620
186,159,4.0,12621
187,6485,5.0,12622
187,3460,5.0,12623
187,1483,5.0,12624
187,1926,5.0,12625
187,4460,2.5,12626
187,2871,4.5,12627
187,1249,3.0,12628
187,34,3.5,12629
187,275,3.5,12630
187,3711,2.5,12631
187,3561,3.5,12632
187,1028,5.0,12633
187,3593,5.0,12634
187,2903,3.0,12635
187,2648,3.0,12636
187,33,4.0,12637
187,867,3.5,12638
187,1741,4.5,12639
187,1825,2.0,12640
187,3409,4.5,12641
187,2485,4.0,12642
187,1790,4.5,12643
187,1974,2.5,12644
187,3364,4.0,12645
187,652,4.0,12646
187,365,5.0,12647
187,3458,3.5,12648
187,1362,3.0,12649
187,337,3.0,12650
187,2834,4.0,12651
187,3285,3.0,12652
187,574,3.0,12653
187,845,3.5,12654
187,2513,4.5,12655
187,3026,3.0,12656
187,2368,3.5,12657
187,3046,1.0,12658
187,2047,1.0,12659
187,3676,3.5,12660
187,319,2.5,12661
187,865,2.0,12662
187,211,3.0,12663
187,2732,4.0,12664
187,1148,4.5,12665
187,3289,3.5,12666
187,846,4.0,12667
187,2099,3.5,12668
187,288,3.0,12669
187,2228,4.5,12670
187,1090,3.0,12671
187,3106,4.0,12672
187,3360,2.5,12673
187,2104,3.0,12674
187,1969,3.0,12675
187,1584,2.0,12676
187,1738,4.0,12677
187,2505,2.0,12678
187,3438,4.5,12679
187,879,1.5,12680
187,1961,3.5,12681
187,1542,3.0,12682
187,844,2.5,12683
187,2011,4.0,12684
187,1671,4.5,12685
187,2257,2.0,12686
187,603,0.5,12687
187,2530,4.0,12688
187,2699,1.0,12689
187,2043,4.0,12690
187,1600,3.5,12691
187,1047,1.5,12692
187,1508,4.0,12693
187,1434,3.5,12694
187,1795,3.0,12695
187,3447,3.0,12696
187,3932,4.0,12697
187,5414,4.0,12698
188,5789,5.0,12699
188,5790,5.0,12700
188,3424,5.0,12701
188,1357,5.0,12702
188,5630,2.5,12703
188,5631,4.0,12704
188,4186,4.5,12705
188,3918,5.0,12706
188,6236,5.0,12707
188,6159,4.5,12708
188,5434,3.5,12709
188,3772,2.5,12710
189,4427,5.0,12711
189,4428,5.0,12712
189,4531,5.0,12713
189,4257,5.0,12714
189,4456,4.0,12715
189,5346,5.0,12716
189,5409,5.0,12717
189,5177,3.0,12718
189,5295,4.0,12719
189,4431,5.0,12720
189,6195,5.0,12721
189,4348,5.0,12722
189,3857,4.0,12723
189,4040,5.0,12724
189,6088,5.0,12725
189,6070,5.0,12726
189,5803,5.0,12727
189,6014,3.5,12728
189,6015,4.0,12729
189,6016,5.0,12730
189,6652,4.0,12731
189,6489,5.0,12732
189,4662,4.0,12733
189,6579,4.0,12734
189,6454,4.0,12735
189,4521,3.0,12736
189,4566,5.0,12737
189,5625,2.0,12738
189,4252,5.0,12739
189,3725,3.0,12740
189,5138,3.0,12741
189,4023,5.0,12742
189,6560,5.0,12743
189,4059,4.0,12744
189,4157,3.0,12745
189,4886,5.0,12746
189,3845,3.0,12747
189,4325,5.0,12748
189,5279,5.0,12749
189,5987,3.0,12750
189,4087,3.0,12751
189,6713,4.0,12752
189,5265,4.0,12753
189,3883,3.0,12754
189,6584,4.0,12755
189,6483,3.0,12756
189,4961,5.0,12757
189,6185,5.0,12758
189,3718,4.0,12759
189,5167,4.0,12760
189,4637,5.0,12761
189,5925,2.5,12762
189,2258,3.0,12763
189,210,3.0,12764
189,275,5.0,12765
189,3634,2.0,12766
189,1387,3.0,12767
189,2027,3.0,12768
189,2288,5.0,12769
189,2344,3.0,12770
189,3561,2.0,12771
189,1957,5.0,12772
189,1161,5.0,12773
189,3232,3.0,12774
189,3121,5.0,12775
189,2424,5.0,12776
189,3244,5.0,12777
189,2132,5.0,12778
189,2485,3.0,12779
189,2753,4.0,12780
189,1326,5.0,12781
189,3633,4.0,12782
189,1217,3.0,12783
189,2236,3.0,12784
189,728,4.0,12785
189,1005,4.0,12786
189,226,5.0,12787
189,1323,4.0,12788
189,1501,2.0,12789
189,574,4.0,12790
189,2898,5.0,12791
189,835,2.0,12792
189,845,4.0,12793
189,3383,3.0,12794
189,3326,3.0,12795
189,78,3.0,12796
189,2239,4.0,12797
189,2191,3.0,12798
189,172,3.0,12799
189,2985,5.0,12800
189,2368,5.0,12801
189,2759,4.0,12802
189,1192,2.0,12803
189,2047,4.0,12804
189,319,4.0,12805
189,1954,4.0,12806
189,3299,5.0,12807
189,211,5.0,12808
189,3382,5.0,12809
189,1354,2.0,12810
189,1148,3.0,12811
189,3188,4.0,12812
189,469,4.0,12813
189,1430,4.0,12814
189,687,3.0,12815
189,277,4.0,12816
189,783,3.0,12817
189,419,3.0,12818
189,1090,3.0,12819
189,2775,5.0,12820
189,2754,5.0,12821
189,512,5.0,12822
189,1969,5.0,12823
189,1880,3.0,12824
189,2781,5.0,12825
189,872,3.0,12826
189,1458,1.0,12827
189,3460,4.0,12828
189,796,3.0,12829
189,3073,4.0,12830
189,913,5.0,12831
189,738,1.0,12832
189,1408,5.0,12833
189,1111,4.0,12834
189,5959,3.0,12835
189,4472,3.0,12836
189,4744,3.0,12837
189,5685,3.0,12838
190,3907,2.5,12839
190,274,2.5,12840
190,3203,2.5,12841
190,2149,2.5,12842
190,3657,2.5,12843
190,2622,2.5,12844
190,275,2.5,12845
190,2903,2.5,12846
190,1384,2.5,12847
190,2648,2.5,12848
190,3409,2.5,12849
190,2485,2.5,12850
190,87,2.5,12851
190,130,2.5,12852
190,1982,2.5,12853
190,535,2.5,12854
190,650,2.5,12855
190,2526,2.5,12856
190,1828,2.5,12857
190,3541,2.5,12858
190,2661,2.5,12859
190,146,2.5,12860
190,1217,2.5,12861
190,3454,2.5,12862
190,728,2.5,12863
190,99,2.5,12864
190,764,2.5,12865
190,1362,2.5,12866
190,3285,2.5,12867
190,1512,2.5,12868
190,1523,2.5,12869
190,845,2.5,12870
190,2401,2.5,12871
190,3091,2.5,12872
190,1796,2.5,12873
190,133,2.5,12874
190,2414,2.5,12875
190,1948,2.5,12876
190,2554,2.5,12877
190,865,2.5,12878
190,1148,2.5,12879
190,3289,2.5,12880
190,309,2.5,12881
190,231,2.5,12882
190,1475,2.5,12883
190,277,2.5,12884
190,2228,2.5,12885
190,419,2.5,12886
190,703,2.5,12887
190,938,2.5,12888
190,1804,2.5,12889
190,3397,2.5,12890
190,1881,2.5,12891
190,796,2.5,12892
190,1850,2.5,12893
190,3478,2.5,12894
190,1444,2.5,12895
190,2561,2.5,12896
190,1194,2.5,12897
190,2479,2.5,12898
190,901,2.5,12899
190,879,2.5,12900
190,2578,2.5,12901
190,3540,2.5,12902
190,844,2.5,12903
190,2438,2.5,12904
190,1033,2.5,12905
190,1671,2.5,12906
190,1606,2.5,12907
190,3112,2.5,12908
190,2896,2.5,12909
190,3567,2.5,12910
190,3207,2.5,12911
191,4774,5.0,12912
191,4775,5.0,12913
191,4553,5.0,12915
191,5335,3.0,12916
191,5336,3.0,12917
191,4611,3.5,12918
191,3927,4.0,12919
191,4988,3.5,12920
191,6157,3.5,12921
191,4503,3.0,12922
191,5513,4.0,12923
191,6349,3.0,12924
191,4266,3.0,12925
191,4683,2.0,12926
191,3821,4.0,12927
191,5088,4.0,12928
191,5387,4.0,12929
191,5358,4.0,12930
191,5874,5.0,12931
191,4356,4.0,12932
191,5056,4.5,12933
191,6634,5.0,12934
191,3844,3.5,12935
191,4339,5.0,12936
191,6215,4.0,12937
191,5613,4.0,12938
191,3887,5.0,12939
191,5526,5.0,12940
191,5004,4.0,12941
191,6224,3.5,12942
191,5945,4.0,12943
191,4700,3.5,12944
191,6467,4.0,12945
191,5624,4.0,12946
191,4426,3.5,12947
191,3775,5.0,12948
191,6177,4.0,12949
191,4718,5.0,12950
191,6125,5.0,12951
191,6607,4.0,12952
191,5790,5.0,12953
191,3795,5.0,12954
191,6601,4.0,12955
191,5658,5.0,12956
191,4783,4.0,12957
191,4353,4.0,12958
191,5166,3.0,12959
191,5953,4.0,12960
191,4849,3.5,12961
191,6313,5.0,12962
191,5442,4.5,12963
191,5180,4.0,12964
191,4280,2.5,12965
191,6606,2.5,12966
191,3593,4.0,12967
191,1175,3.5,12968
191,3576,3.5,12969
191,3449,4.0,12970
191,3588,4.0,12971
191,728,4.0,12972
191,1612,4.0,12973
191,2507,4.0,12974
191,3019,4.0,12975
191,1123,4.0,12976
191,174,4.0,12977
191,2754,4.5,12978
191,145,5.0,12979
191,2756,4.0,12980
191,2561,4.5,12981
191,1033,2.0,12982
191,3030,4.0,12983
191,2078,4.0,12984
191,445,4.0,12985
191,2534,4.0,12986
191,2868,3.5,12987
191,284,4.0,12988
191,1065,5.0,12989
191,1851,5.0,12990
191,251,5.0,12991
191,2829,3.0,12992
191,3129,4.0,12993
191,2926,3.5,12994
191,1712,4.0,12995
191,1686,4.0,12996
191,1945,4.0,12997
191,858,3.0,12998
191,1310,4.0,12999
191,3622,5.0,13000
191,3247,4.0,13001
191,2354,4.0,13002
191,2213,5.0,13003
191,125,5.0,13004
191,28,3.0,13005
191,3272,3.5,13006
191,3174,5.0,13007
191,2690,3.0,13008
191,2482,3.5,13009
191,2216,4.5,13010
191,1835,4.0,13011
191,1661,3.0,13012
191,669,2.5,13013
191,2966,5.0,13014
191,1357,4.5,13015
191,47,4.0,13016
191,2849,5.0,13017
191,1297,3.5,13018
191,2644,5.0,13019
191,2282,4.0,13020
191,2907,3.5,13021
191,1485,3.0,13022
191,3136,5.0,13023
191,12,3.0,13024
191,899,5.0,13025
191,2933,4.0,13026
191,3066,5.0,13027
191,1777,4.5,13028
191,3216,4.0,13029
191,1087,5.0,13030
191,200,3.5,13031
191,2,5.0,13032
191,2003,4.0,13033
191,1115,5.0,13034
191,3612,4.5,13035
191,725,4.0,13036
191,3259,5.0,13037
191,6633,4.0,13038
191,6312,3.5,13039
191,6026,3.0,13040
192,6500,5.0,13041
192,3327,5.0,13042
192,1369,5.0,13043
192,3975,2.5,13044
192,2756,3.0,13045
192,1434,4.0,13046
192,1065,4.0,13047
192,3174,4.0,13048
192,47,3.0,13049
192,2849,4.0,13050
192,2253,2.5,13051
192,200,4.0,13052
192,2,5.0,13053
192,1019,5.0,13054
193,4465,5.0,13055
193,829,5.0,13056
193,2799,5.0,13057
193,3365,5.0,13058
193,4466,4.5,13059
193,4505,3.5,13060
193,5106,5.0,13061
193,4460,2.5,13062
193,2871,3.5,13063
193,3667,0.5,13064
193,1733,2.0,13065
193,2424,3.5,13066
193,2287,4.0,13067
193,777,3.5,13068
193,2821,4.0,13069
193,1255,2.0,13070
193,2527,4.0,13071
193,1401,5.0,13072
193,574,3.0,13073
193,2656,3.0,13074
193,145,4.5,13075
193,1578,3.5,13076
193,836,4.0,13077
193,3613,3.5,13078
193,3207,4.0,13079
193,3442,4.0,13080
193,2636,2.5,13081
193,3594,3.5,13082
193,2195,3.5,13083
193,1535,3.0,13084
193,531,4.0,13085
193,1813,3.0,13086
193,106,4.0,13087
193,2847,2.5,13088
193,2523,3.5,13089
193,3296,4.0,13090
193,3650,3.5,13091
193,1046,3.5,13092
193,2629,3.0,13093
193,3249,3.5,13094
193,2190,4.0,13095
193,2934,4.0,13096
193,1280,4.0,13097
193,2567,5.0,13098
193,189,3.5,13099
193,1342,4.5,13100
193,2211,4.5,13101
193,3623,3.0,13102
193,607,5.0,13103
193,2194,5.0,13104
193,859,3.5,13105
193,1487,3.5,13106
193,1910,3.5,13107
193,563,4.5,13108
193,1928,4.0,13109
193,4504,3.0,13110
194,6266,2.5,13111
194,2597,3.5,13112
194,2215,4.0,13113
194,1249,3.5,13114
194,210,2.5,13115
194,3468,1.0,13116
194,573,4.0,13117
194,3561,4.0,13118
194,3593,3.0,13119
194,752,3.5,13120
194,2674,4.0,13121
194,931,3.0,13122
194,4,4.0,13123
194,2485,3.5,13124
194,87,1.5,13125
194,737,2.5,13126
194,3364,3.5,13127
194,3170,4.0,13128
194,298,3.0,13129
194,270,5.0,13130
194,775,4.0,13131
194,234,2.0,13132
194,2047,3.5,13133
194,2919,1.5,13134
194,831,2.5,13135
194,1994,3.0,13136
194,2756,3.0,13137
194,507,2.5,13138
194,1444,2.5,13139
194,2561,3.0,13140
194,3410,3.5,13141
194,1438,4.5,13142
194,1627,2.5,13143
194,117,3.0,13144
194,1972,4.0,13145
194,1600,4.0,13146
194,2167,2.5,13147
194,1279,3.0,13148
194,514,2.5,13149
194,686,3.5,13150
194,1034,3.5,13151
194,1318,4.5,13152
194,2515,2.0,13153
194,3656,3.0,13154
194,2074,3.5,13155
194,1469,1.5,13156
194,636,4.0,13157
194,2882,1.0,13158
194,553,2.0,13159
194,284,3.0,13160
194,2179,3.0,13161
194,106,4.5,13162
194,1530,4.0,13163
194,1519,3.5,13164
194,3691,4.0,13165
194,3090,3.5,13166
194,2148,3.0,13167
194,2691,2.5,13168
194,1239,3.0,13169
194,2983,3.0,13170
194,1369,4.5,13171
194,3690,5.0,13172
194,3102,3.5,13173
194,3622,3.5,13174
194,3370,3.0,13175
194,225,4.0,13176
194,2069,4.0,13177
194,125,4.0,13178
194,3663,2.5,13179
194,2319,4.0,13180
194,2730,3.5,13181
194,2690,3.0,13182
194,2317,3.5,13183
195,6565,5.0,13184
195,3344,5.0,13185
195,2211,5.0,13186
195,1382,5.0,13187
195,6690,2.5,13188
195,3667,2.5,13189
195,275,2.5,13190
195,3711,2.5,13191
195,2027,2.5,13192
195,1161,2.5,13193
195,1517,2.5,13194
195,931,2.5,13195
195,1741,2.5,13196
195,3633,2.5,13197
195,1362,2.5,13198
195,226,2.5,13199
195,845,2.5,13200
195,2047,2.5,13201
195,211,2.5,13202
195,3289,2.5,13203
195,2099,2.5,13204
195,2228,2.5,13205
195,1969,2.5,13206
195,145,2.5,13207
195,913,2.5,13208
195,807,2.5,13209
195,844,2.5,13210
195,2530,2.5,13211
195,1600,2.5,13212
195,17,2.5,13213
195,1508,2.5,13214
195,1434,2.5,13215
195,2558,2.5,13216
195,1795,2.5,13217
195,2088,2.5,13218
195,279,2.5,13219
195,3528,2.5,13220
195,2560,2.5,13221
195,280,2.5,13222
195,98,2.5,13223
195,636,2.5,13224
195,428,2.5,13225
195,847,2.5,13226
195,2559,2.5,13227
195,284,2.5,13228
195,1065,2.5,13229
195,531,2.5,13230
195,251,2.5,13231
195,1530,2.5,13232
195,536,2.5,13233
195,3710,2.5,13234
195,1363,2.5,13235
195,1369,2.5,13236
195,2998,2.5,13237
195,1210,2.5,13238
195,125,2.5,13239
195,3174,2.5,13240
195,2730,2.5,13241
195,2744,2.5,13242
195,2997,2.5,13243
195,1185,2.5,13244
195,2679,2.5,13245
195,1184,2.5,13246
195,421,2.5,13247
195,1348,2.5,13248
195,2465,2.5,13249
195,273,2.5,13250
195,1187,2.5,13251
195,3522,2.5,13252
195,666,2.5,13253
195,47,2.5,13254
195,3484,2.5,13255
195,2849,2.5,13256
195,1709,2.5,13257
195,3565,2.5,13258
195,1452,2.5,13259
196,3926,5.0,13260
196,284,5.0,13261
196,2088,5.0,13262
196,913,5.0,13263
196,4194,3.5,13264
196,4195,2.5,13265
196,5783,3.0,13266
196,5890,2.5,13267
196,6133,3.5,13268
196,6719,2.5,13269
196,4928,3.0,13270
196,3747,3.0,13271
196,6308,3.5,13272
196,4406,1.5,13273
196,6332,3.5,13274
196,5763,3.5,13275
196,5701,2.5,13276
196,4405,2.5,13277
196,2280,0.5,13278
196,2648,3.0,13279
196,3264,3.5,13280
196,550,2.0,13281
196,3364,3.5,13282
196,163,4.0,13283
196,1362,3.0,13284
196,3285,2.5,13285
196,2368,2.5,13286
196,319,3.5,13287
196,2554,4.0,13288
196,2099,3.5,13289
196,277,3.5,13290
196,419,3.5,13291
196,1090,3.5,13292
196,318,3.5,13293
196,1969,3.0,13294
196,3478,4.5,13295
196,2561,3.5,13296
196,879,1.5,13297
196,1702,3.5,13298
196,422,3.0,13299
196,3112,4.5,13300
196,2257,2.5,13301
196,3646,1.5,13302
196,2840,2.5,13303
196,2530,4.5,13304
196,100,3.5,13305
196,2043,1.5,13306
196,1600,3.5,13307
196,1431,3.0,13308
196,1508,3.0,13309
196,2259,2.5,13310
196,1795,3.5,13311
196,3447,3.5,13312
196,279,3.5,13313
196,3260,1.0,13314
196,2560,4.0,13315
196,376,2.5,13316
196,2244,2.0,13317
196,2028,5.0,13318
196,280,4.5,13319
196,98,3.5,13320
196,224,3.5,13321
196,418,4.0,13322
196,1216,3.0,13323
196,636,2.5,13324
196,1535,2.5,13325
196,1147,3.5,13326
196,1065,3.0,13327
196,531,2.0,13328
196,2098,3.0,13329
196,645,3.5,13330
196,2613,1.5,13331
196,106,3.5,13332
196,1530,3.5,13333
196,985,2.5,13334
196,2944,1.5,13335
196,1363,3.0,13336
196,1103,5.0,13337
196,1146,4.0,13338
196,1277,3.0,13339
196,6124,4.0,13340
196,3959,4.0,13341
197,3962,5.0,13342
197,3963,5.0,13343
197,6244,5.0,13344
197,4956,5.0,13345
197,4195,4.0,13346
197,5211,5.0,13347
197,4766,4.5,13348
197,4936,4.0,13349
197,4679,4.5,13350
197,6283,2.5,13351
197,2622,4.5,13352
197,420,5.0,13353
197,3561,4.0,13354
197,3593,5.0,13355
197,1517,4.0,13356
197,1974,2.5,13357
197,3633,4.0,13358
197,3285,3.0,13359
197,2191,2.5,13360
197,913,2.5,13361
197,2530,3.5,13362
197,1795,4.0,13363
197,2088,5.0,13364
197,1065,4.0,13365
197,1369,2.5,13366
197,2862,4.5,13367
197,1280,4.0,13368
197,2567,5.0,13369
197,725,5.0,13370
197,1910,4.0,13371
197,1533,4.0,13372
197,5832,4.0,13373
198,6062,2.5,13374
198,2408,2.5,13375
198,1989,2.5,13376
198,1893,2.5,13377
198,2923,2.5,13378
198,2802,2.5,13379
198,1362,2.5,13380
198,2898,2.5,13381
198,1523,2.5,13382
198,1924,2.5,13383
198,996,2.5,13384
198,3387,2.5,13385
198,2047,2.5,13386
198,319,2.5,13387
198,2554,2.5,13388
198,1148,2.5,13389
198,3289,2.5,13390
198,917,2.5,13391
198,2756,2.5,13392
198,2598,2.5,13393
198,2067,2.5,13394
198,2088,2.5,13395
198,483,2.5,13396
198,3050,2.5,13397
198,2560,2.5,13398
198,2244,2.5,13399
198,1618,2.5,13400
198,1318,2.5,13401
198,1350,2.5,13402
198,2515,2.5,13403
198,2596,2.5,13404
198,1147,2.5,13405
198,2595,2.5,13406
198,3574,2.5,13407
198,1363,2.5,13408
198,2130,2.5,13409
198,739,2.5,13410
198,1557,2.5,13411
198,1146,2.5,13412
198,3049,2.5,13413
198,215,2.5,13414
198,3015,2.5,13415
198,537,2.5,13416
198,3601,2.5,13417
198,273,2.5,13418
198,527,2.5,13419
198,2249,2.5,13420
198,3671,2.5,13421
198,1864,2.5,13422
198,2671,2.5,13423
198,2581,2.5,13424
198,2332,2.5,13425
198,735,2.5,13426
198,935,2.5,13427
198,3530,2.5,13428
198,3011,2.5,13429
198,3185,2.5,13430
198,3441,2.5,13431
198,1679,2.5,13432
198,1183,2.5,13433
198,1189,2.5,13434
198,930,2.5,13435
198,3327,2.5,13436
198,1580,2.5,13437
198,3420,2.5,13438
198,1729,2.5,13439
198,2396,2.5,13440
198,1879,2.5,13441
198,2643,2.5,13442
198,2336,2.5,13443
198,41,2.5,13444
198,1049,2.5,13445
198,2335,2.5,13446
199,6631,5.0,13447
199,3621,5.0,13448
199,127,5.0,13449
199,339,5.0,13450
199,5678,3.5,13451
199,5679,5.0,13452
199,4461,4.0,13453
199,4909,2.5,13454
199,6530,3.5,13455
199,4225,4.0,13456
199,6691,1.5,13457
199,5944,3.0,13458
199,5100,2.5,13459
199,3823,3.5,13460
199,5218,4.0,13461
199,6607,4.5,13462
199,4585,4.0,13463
199,5655,5.0,13464
199,3928,0.5,13465
199,6182,2.5,13466
199,3772,2.5,13467
199,5412,2.5,13468
199,4460,2.5,13469
199,3667,1.5,13470
199,3593,4.5,13471
199,1517,4.0,13472
199,2821,4.0,13473
199,498,5.0,13474
199,983,3.0,13475
199,2485,4.5,13476
199,87,2.5,13477
199,3495,1.0,13478
199,3364,4.0,13479
199,1217,3.5,13480
199,574,4.0,13481
199,3674,1.0,13482
199,845,4.0,13483
199,1313,4.0,13484
199,2554,5.0,13485
199,3289,4.5,13486
199,917,3.5,13487
199,2228,4.5,13488
199,2676,4.5,13489
199,1840,0.5,13490
199,1235,2.0,13491
199,3602,3.5,13492
199,2104,4.0,13493
199,2491,2.5,13494
199,1106,3.0,13495
199,449,4.0,13496
199,3669,4.0,13497
199,2991,3.0,13498
199,2561,4.0,13499
199,2762,5.0,13500
199,879,4.0,13501
199,2011,1.5,13502
199,2530,4.0,13503
199,3143,1.5,13504
199,3653,4.0,13505
199,1885,2.0,13506
199,2573,4.0,13507
199,2364,3.5,13508
199,2394,1.5,13509
199,1795,4.0,13510
199,2120,3.0,13511
199,2560,5.0,13512
199,3422,5.0,13513
199,604,3.0,13514
199,2993,3.0,13515
199,1216,4.0,13516
199,1172,3.0,13517
199,736,2.5,13518
199,1393,3.0,13519
199,1839,2.0,13520
199,1065,4.5,13521
199,945,4.0,13522
199,3229,1.5,13523
199,2571,0.5,13524
199,1813,3.0,13525
199,2743,3.5,13526
199,1841,2.5,13527
199,806,4.0,13528
199,351,3.0,13529
199,4296,4.0,13530
200,5530,5.0,13531
200,1858,5.0,13532
200,1561,5.0,13533
200,1560,5.0,13534
200,5876,2.5,13535
200,2215,5.0,13536
200,87,5.0,13537
200,2274,5.0,13538
200,2542,5.0,13539
200,3688,5.0,13540
200,3479,5.0,13541
200,3302,5.0,13542
200,3524,5.0,13543
200,234,5.0,13544
200,319,5.0,13545
200,2566,5.0,13546
200,2497,5.0,13547
200,886,5.0,13548
200,3242,5.0,13549
200,2324,5.0,13550
200,2972,5.0,13551
200,1242,5.0,13552
200,3410,5.0,13553
200,879,5.0,13554
200,610,2.5,13555
200,1033,5.0,13556
200,1671,5.0,13557
200,1341,5.0,13558
200,638,5.0,13559
200,649,5.0,13560
200,2530,5.0,13561
200,3324,5.0,13562
200,885,5.0,13563
200,1160,5.0,13564
200,877,5.0,13565
200,1600,5.0,13566
200,1449,5.0,13567
200,1047,5.0,13568
200,1504,5.0,13569
200,122,5.0,13570
200,1466,5.0,13571
200,156,5.0,13572
200,279,5.0,13573
200,841,5.0,13574
200,540,5.0,13575
200,1737,5.0,13576
200,2019,5.0,13577
200,3141,5.0,13578
200,119,5.0,13579
200,1748,5.0,13580
200,2956,5.0,13581
200,1450,5.0,13582
200,2074,5.0,13583
200,1891,5.0,13584
200,636,5.0,13585
200,2341,5.0,13586
200,1535,5.0,13587
200,3256,2.5,13588
200,222,5.0,13589
200,2790,2.5,13590
200,342,5.0,13591
200,1220,5.0,13592
200,1829,5.0,13593
200,3465,5.0,13594
200,1813,5.0,13595
200,106,5.0,13596
200,2878,5.0,13597
200,2480,2.5,13598
200,1530,5.0,13599
200,569,5.0,13600
200,985,5.0,13601
200,161,5.0,13602
200,3575,5.0,13603
200,179,5.0,13604
200,2913,5.0,13605
200,2716,5.0,13606
200,5780,4.0,13607
200,5485,4.0,13608
201,6129,5.0,13609
201,2463,5.0,13610
201,6704,3.0,13611
201,6705,2.5,13612
201,4805,2.5,13613
201,6461,2.5,13614
201,6460,2.5,13615
201,5379,2.5,13616
201,6357,2.5,13617
201,6616,2.5,13618
201,5283,2.5,13619
201,5186,2.5,13620
201,5369,2.5,13621
201,5565,2.5,13622
201,3879,2.5,13623
201,4143,2.5,13624
201,6131,2.5,13625
201,5150,2.5,13626
201,5052,2.5,13627
201,6509,2.5,13628
201,6694,2.5,13629
201,4697,2.5,13630
201,4182,2.5,13631
201,6510,2.5,13632
201,5919,2.5,13633
201,5051,2.5,13634
201,4175,2.5,13635
201,5806,2.5,13636
201,4899,2.5,13637
201,4952,2.5,13638
201,4647,2.5,13639
201,6693,2.5,13640
201,5447,2.5,13641
201,4526,2.5,13642
201,4605,2.5,13643
201,5265,2.5,13644
201,6673,2.5,13645
201,5148,2.5,13646
201,4222,2.5,13647
201,3801,2.5,13648
201,5013,2.5,13649
201,5360,2.5,13650
201,6686,2.5,13651
201,6462,2.5,13652
201,5156,2.5,13653
201,4920,2.5,13654
201,6512,2.5,13655
201,4683,2.5,13656
201,4115,2.5,13657
201,5807,2.5,13658
201,5562,2.5,13659
201,3807,2.5,13660
201,5155,2.5,13661
201,5876,2.5,13662
201,2215,2.5,13663
201,1249,2.5,13664
201,3667,2.5,13665
201,275,2.5,13666
201,3711,2.5,13667
201,2344,2.5,13668
201,1028,2.5,13669
201,510,2.5,13670
201,3593,2.5,13671
201,752,2.5,13672
201,1460,2.5,13673
201,87,2.5,13674
201,3616,2.5,13675
201,1790,2.5,13676
201,2947,2.5,13677
201,650,2.5,13678
201,1974,2.5,13679
201,3633,2.5,13680
201,1217,2.5,13681
201,3364,2.5,13682
201,2547,2.5,13683
201,728,2.5,13684
201,1612,2.5,13685
201,1745,2.5,13686
201,1362,2.5,13687
201,3285,2.5,13688
201,1495,2.5,13689
201,1053,2.5,13690
201,319,2.5,13691
201,3059,2.5,13692
201,1148,2.5,13693
201,85,2.5,13694
201,277,2.5,13695
201,3106,2.5,13696
201,3360,2.5,13697
201,2104,2.5,13698
201,796,2.5,13699
201,3135,2.5,13700
201,3669,2.5,13701
201,1702,2.5,13702
201,1542,2.5,13703
201,2880,2.5,13704
201,1033,2.5,13705
201,694,2.5,13706
201,877,2.5,13707
201,1047,2.5,13708
201,1795,2.5,13709
201,3447,2.5,13710
201,2088,2.5,13711
201,3054,2.5,13712
201,279,2.5,13713
201,3528,2.5,13714
201,1089,2.5,13715
201,244,2.5,13716
201,683,2.5,13717
201,1350,2.5,13718
201,727,2.5,13719
201,280,2.5,13720
201,418,2.5,13721
201,1216,2.5,13722
201,1450,2.5,13723
201,636,2.5,13724
201,3398,2.5,13725
201,1502,2.5,13726
201,1727,2.5,13727
201,3226,2.5,13728
201,1391,2.5,13729
201,1535,2.5,13730
201,1275,2.5,13731
201,3660,2.5,13732
201,1147,2.5,13733
201,1065,2.5,13734
201,6132,4.0,13735
201,5044,3.0,13736
201,6127,3.0,13737
201,6221,3.0,13738
202,6541,5.0,13739
202,6542,5.0,13740
202,4649,5.0,13741
202,5521,5.0,13742
202,5248,5.0,13744
202,5916,4.0,13745
202,6686,5.0,13746
202,4176,3.0,13747
202,4175,5.0,13748
202,4177,5.0,13749
202,6578,5.0,13750
202,4019,5.0,13751
202,4522,4.0,13752
202,5005,5.0,13753
202,5985,4.0,13754
202,5986,3.0,13755
202,4197,4.0,13756
202,4515,3.0,13757
202,3898,5.0,13758
202,4291,3.0,13759
202,4063,2.0,13760
202,3813,5.0,13761
202,4720,5.0,13762
202,4721,5.0,13763
202,5417,4.0,13764
202,5422,4.0,13765
202,5811,5.0,13766
202,5971,5.0,13767
202,4224,5.0,13768
202,5936,3.0,13769
202,5935,4.0,13770
202,6259,3.0,13771
202,5960,3.0,13772
202,4528,3.0,13773
202,6261,3.0,13774
202,6271,3.0,13775
202,6258,3.0,13776
202,6586,5.0,13777
202,4759,5.0,13778
202,4223,4.0,13779
202,4221,4.0,13780
202,4222,4.0,13781
202,5312,2.5,13782
202,4862,4.0,13783
202,4865,4.0,13784
202,4867,4.0,13785
202,4863,4.0,13786
202,4861,4.0,13787
202,4864,4.0,13788
202,4871,4.0,13789
202,6229,2.5,13790
202,6230,5.0,13791
202,5877,5.0,13792
202,4928,3.0,13793
202,6159,4.0,13794
202,2879,3.0,13795
202,1790,4.0,13796
202,5655,3.0,13797
202,6648,5.0,13798
202,264,5.0,13799
202,2268,3.0,13800
202,2267,4.0,13801
202,5476,4.0,13802
202,2837,3.0,13803
202,319,4.0,13804
202,5626,5.0,13805
202,6228,5.0,13806
202,913,5.0,13807
202,2561,3.0,13808
202,5506,5.0,13809
202,2840,5.0,13810
202,279,3.0,13811
202,165,5.0,13812
202,1279,4.0,13813
202,6236,5.0,13814
202,2244,4.0,13815
202,280,3.0,13816
202,553,3.0,13817
202,1069,5.0,13818
202,3575,5.0,13819
202,1369,3.0,13820
202,4952,5.0,13821
202,3049,5.0,13822
202,2326,3.0,13823
202,2312,5.0,13824
202,873,4.0,13825
202,5731,5.0,13826
202,2839,5.0,13827
202,3666,5.0,13828
202,2997,3.0,13829
202,5931,5.0,13830
202,1185,4.0,13831
202,2819,4.0,13832
202,1184,4.0,13833
202,3332,3.0,13834
202,1276,5.0,13835
202,3333,3.0,13836
202,1187,4.0,13837
202,3522,5.0,13838
202,6514,3.0,13839
202,2817,4.0,13840
202,2941,5.0,13841
202,1188,4.0,13842
202,2818,4.0,13843
202,1186,4.0,13844
202,2592,3.0,13845
202,1311,5.0,13846
202,2820,5.0,13847
202,1190,4.0,13848
202,3508,3.0,13849
202,986,5.0,13850
202,3098,4.0,13851
202,1183,4.0,13852
202,2591,3.0,13853
202,1189,4.0,13854
202,1845,5.0,13855
202,2143,5.0,13856
202,6513,4.0,13857
202,4174,3.5,13858
202,4951,3.5,13859
202,4868,3.0,13860
203,5699,2.5,13861
203,2027,3.5,13862
203,3561,3.5,13863
203,1790,4.0,13864
203,1094,0.5,13865
203,319,2.5,13866
203,3289,1.5,13867
203,1090,2.5,13868
203,913,3.5,13869
203,1508,4.0,13870
203,2070,1.5,13871
203,2260,2.5,13872
203,106,4.5,13873
203,1530,3.5,13874
203,2663,3.5,13875
203,2148,2.0,13876
203,1659,4.5,13877
203,125,4.0,13878
203,3064,4.5,13879
203,1521,5.0,13880
203,2317,5.0,13881
203,3269,4.0,13882
203,273,3.5,13883
203,949,4.0,13884
203,2849,3.0,13885
203,1520,5.0,13886
203,2443,4.0,13887
203,3708,4.0,13888
203,2461,5.0,13889
203,3445,5.0,13890
203,3193,5.0,13891
203,3327,5.0,13892
203,1115,5.0,13893
203,353,4.0,13894
203,3257,5.0,13895
203,1049,4.0,13896
204,3805,5.0,13897
204,3806,5.0,13898
204,6363,5.0,13899
204,6365,5.0,13900
204,6686,3.5,13901
204,5099,2.5,13902
204,6462,3.0,13903
204,3995,5.0,13904
204,4295,3.0,13905
204,5310,4.0,13906
204,4395,3.0,13907
204,5899,4.0,13908
204,4699,4.5,13909
204,5884,5.0,13910
204,6396,4.0,13911
204,6461,5.0,13912
204,5515,2.5,13913
204,3821,4.5,13914
204,4415,5.0,13915
204,4416,3.0,13916
204,5305,4.5,13917
204,4119,3.5,13918
204,4297,4.0,13919
204,6309,4.0,13920
204,4277,4.5,13921
204,6125,5.0,13922
204,4583,5.0,13923
204,5922,4.5,13924
204,5629,4.5,13925
204,3989,3.5,13926
204,6228,4.0,13927
204,6142,4.5,13928
204,6069,5.0,13929
204,4928,3.0,13930
204,3977,4.0,13931
204,6634,5.0,13932
204,4339,5.0,13933
204,6267,3.5,13934
204,5679,4.5,13935
204,6665,4.5,13936
204,6284,3.5,13937
204,5403,4.5,13938
204,5522,5.0,13939
204,3765,4.0,13940
204,6266,2.5,13941
204,2597,3.5,13942
204,1249,3.0,13943
204,1617,4.0,13944
204,2622,3.5,13945
204,1733,5.0,13946
204,3114,2.5,13947
204,1612,4.5,13948
204,2554,4.0,13949
204,348,4.5,13950
204,2228,4.0,13951
204,174,4.5,13952
204,2704,3.0,13953
204,2756,4.0,13954
204,1392,2.5,13955
204,3447,3.0,13956
204,339,3.5,13957
204,688,3.0,13958
204,3398,4.0,13959
204,2705,1.5,13960
204,689,4.0,13961
204,3622,5.0,13962
204,3370,4.5,13963
204,3666,3.5,13964
204,774,5.0,13965
204,3446,5.0,13966
204,761,3.0,13967
204,772,3.0,13968
204,666,4.5,13969
204,2849,5.0,13970
204,2644,4.0,13971
204,2253,4.5,13972
204,1952,4.5,13973
204,930,4.5,13974
204,2410,5.0,13975
204,3261,4.5,13976
204,1049,4.5,13977
204,2804,3.5,13978
204,3259,5.0,13979
204,2220,5.0,13980
204,159,3.5,13981
204,3994,4.0,13982
204,5678,3.5,13983
205,4771,5.0,13984
205,2946,5.0,13985
205,2931,5.0,13986
205,2410,5.0,13987
205,5894,2.5,13988
205,3203,2.5,13989
205,2215,2.5,13990
205,2485,2.5,13991
205,1333,2.5,13992
205,845,2.5,13993
205,2554,2.5,13994
205,2754,2.5,13995
205,1804,2.5,13996
205,3438,2.5,13997
205,2273,2.5,13998
205,879,2.5,13999
205,2578,2.5,14000
205,3540,2.5,14001
205,1671,2.5,14002
205,638,2.5,14003
205,3207,2.5,14004
205,2530,2.5,14005
205,3653,2.5,14006
205,100,2.5,14007
205,1449,2.5,14008
205,1047,2.5,14009
205,1504,2.5,14010
205,2534,2.5,14011
205,1434,2.5,14012
205,1016,2.5,14013
205,1392,2.5,14014
205,3057,2.5,14015
205,3447,2.5,14016
205,2088,2.5,14017
205,2444,2.5,14018
205,3167,2.5,14019
205,3198,2.5,14020
205,2560,2.5,14021
205,376,2.5,14022
205,2244,2.5,14023
205,3539,2.5,14024
205,1132,2.5,14025
205,1820,2.5,14026
205,1350,2.5,14027
205,727,2.5,14028
205,418,2.5,14029
205,2956,2.5,14030
205,1450,2.5,14031
205,1469,2.5,14032
205,636,2.5,14033
205,1391,2.5,14034
205,3401,2.5,14035
205,847,2.5,14036
205,3570,2.5,14037
205,2139,2.5,14038
205,2010,2.5,14039
205,1147,2.5,14040
205,284,2.5,14041
205,1604,2.5,14042
205,1065,2.5,14043
205,3643,2.5,14044
205,795,2.5,14045
205,1829,2.5,14046
205,2878,2.5,14047
205,1152,2.5,14048
205,1851,2.5,14049
205,1530,2.5,14050
205,2632,2.5,14051
205,985,2.5,14052
205,1985,2.5,14053
205,1753,2.5,14054
205,3450,2.5,14055
205,536,2.5,14056
205,3710,2.5,14057
205,1712,2.5,14058
205,539,2.5,14059
205,6588,4.0,14060
206,6164,5.0,14061
206,3265,5.0,14062
206,585,5.0,14063
206,2658,5.0,14064
206,6319,2.5,14065
206,1789,4.0,14066
206,2215,5.0,14067
206,1595,5.0,14068
206,1395,3.5,14069
206,226,2.5,14070
206,2047,3.0,14071
206,974,3.0,14072
206,1369,5.0,14073
206,1473,3.5,14074
206,2567,4.0,14075
206,200,4.0,14076
206,975,3.5,14077
206,3420,4.0,14078
206,2938,5.0,14079
207,5782,5.0,14080
207,5783,5.0,14081
207,4076,5.0,14082
207,4916,5.0,14083
207,5877,3.5,14084
207,4973,4.0,14085
207,4915,2.5,14086
207,1236,3.0,14087
207,2215,3.5,14088
207,2423,2.5,14089
207,2110,4.0,14090
207,3634,3.0,14091
207,442,2.5,14092
207,1278,2.5,14093
207,1901,3.0,14094
207,3541,4.0,14095
207,3633,3.5,14096
207,574,2.5,14097
207,2322,2.5,14098
207,3002,4.0,14099
207,319,4.0,14100
207,2502,2.5,14101
207,3106,2.5,14102
207,2561,2.5,14103
207,3421,2.5,14104
207,2699,4.0,14105
207,3423,2.5,14106
207,1392,2.5,14107
207,279,2.5,14108
207,3422,2.5,14109
207,683,2.5,14110
207,280,2.5,14111
207,418,2.5,14112
207,1450,2.5,14113
207,1391,2.5,14114
207,795,2.5,14115
207,536,2.5,14116
207,229,2.5,14117
207,371,2.5,14118
207,2828,2.5,14119
207,3331,2.5,14120
207,2730,2.5,14121
207,27,2.5,14122
207,3330,2.5,14123
207,1348,2.5,14124
207,3332,2.5,14125
207,273,2.5,14126
207,3333,2.5,14127
207,47,3.5,14128
207,3484,2.5,14129
207,2849,2.5,14130
207,1382,2.5,14131
207,2553,2.5,14132
207,557,4.0,14133
207,1221,2.5,14134
207,2592,2.5,14135
207,1280,2.5,14136
207,2552,2.5,14137
207,3136,2.5,14138
207,3101,2.5,14139
207,3098,2.5,14140
207,2591,2.5,14141
207,2551,2.5,14142
207,2567,2.5,14143
207,2590,2.5,14144
207,3097,4.0,14145
207,1019,2.5,14146
207,2589,2.5,14147
207,4972,3.0,14148
208,5789,5.0,14149
208,3174,5.0,14150
208,899,5.0,14151
208,3327,5.0,14152
208,5211,4.5,14153
208,5790,4.0,14154
208,5210,3.0,14155
208,1530,4.5,14156
208,1369,4.5,14157
208,975,4.0,14158
209,6266,5.0,14159
209,2597,5.0,14160
209,2998,5.0,14161
209,726,5.0,14162
209,728,2.5,14163
209,574,2.5,14164
209,234,2.5,14165
209,319,2.5,14166
209,3106,2.5,14167
209,512,2.5,14168
209,807,2.5,14169
209,1431,2.5,14170
209,1508,2.5,14171
209,3503,2.5,14172
209,280,2.5,14173
209,418,2.5,14174
209,636,2.5,14175
209,2559,2.5,14176
209,1220,2.5,14177
209,1363,2.5,14178
209,1146,2.5,14179
209,3370,2.5,14180
209,790,2.5,14181
209,2744,2.5,14182
209,2997,2.5,14183
209,1185,2.5,14184
209,3269,2.5,14185
209,1348,2.5,14186
209,273,2.5,14187
209,3522,2.5,14188
209,666,2.5,14189
209,2849,2.5,14190
209,3565,2.5,14191
209,1382,2.5,14192
209,2644,2.5,14193
209,1188,2.5,14194
209,2253,2.5,14195
209,1186,2.5,14196
209,1190,2.5,14197
209,1755,2.5,14198
209,986,2.5,14199
209,1272,2.5,14200
209,564,2.5,14201
209,1189,2.5,14202
209,1845,2.5,14203
209,2461,2.5,14204
209,3327,2.5,14205
209,1115,2.5,14206
209,3420,2.5,14207
209,3444,2.5,14208
209,1019,2.5,14209
209,1240,2.5,14210
209,2589,2.5,14211
209,2687,2.5,14212
210,6515,5.0,14213
210,3486,5.0,14214
210,667,5.0,14215
210,421,5.0,14216
210,6516,5.0,14217
210,4279,5.0,14218
210,5543,4.0,14219
210,6116,2.5,14220
210,4124,2.5,14221
210,2806,5.0,14222
210,510,4.0,14223
210,3593,3.5,14224
210,2485,4.5,14225
210,650,4.5,14226
210,1974,5.0,14227
210,1088,3.5,14228
210,845,4.0,14229
210,2191,4.0,14230
210,2368,2.5,14231
210,319,4.0,14232
210,1545,3.5,14233
210,2228,5.0,14234
210,3120,4.0,14235
210,1090,3.5,14236
210,2754,4.0,14237
210,3360,4.0,14238
210,2104,4.0,14239
210,3669,4.0,14240
210,2756,3.5,14241
210,1795,5.0,14242
210,2655,4.0,14243
210,1216,4.5,14244
210,531,5.0,14245
210,3077,5.0,14246
210,825,3.0,14247
210,1103,4.0,14248
210,2948,5.0,14249
210,1210,3.5,14250
210,717,5.0,14251
210,2402,5.0,14252
210,949,5.0,14253
210,666,5.0,14254
210,3484,4.0,14255
210,2208,4.0,14256
210,3066,5.0,14257
210,2813,5.0,14258
210,1489,5.0,14259
210,3067,5.0,14260
210,1183,5.0,14261
210,3065,5.0,14262
210,2567,4.5,14263
210,1869,4.0,14264
210,1087,5.0,14265
210,200,4.0,14266
210,975,3.5,14267
210,509,3.5,14268
210,3420,5.0,14269
210,1019,5.0,14270
210,476,5.0,14271
210,2981,4.0,14272
210,2349,3.5,14273
211,3911,5.0,14274
211,276,5.0,14275
211,2763,5.0,14276
211,5790,5.0,14277
211,4723,3.5,14278
211,4724,4.0,14279
211,5763,4.0,14280
211,4217,4.0,14281
211,4277,4.0,14282
211,5201,5.0,14283
211,4408,4.0,14284
211,4676,4.0,14285
211,5528,5.0,14286
211,3908,3.0,14287
211,5877,5.0,14288
211,5281,5.0,14289
211,6542,4.0,14290
211,6159,3.5,14291
211,4421,3.0,14292
211,4489,5.0,14293
211,4492,5.0,14294
211,6211,4.5,14295
211,5554,2.5,14296
211,3907,2.5,14297
211,2622,3.0,14298
211,5,4.0,14299
211,1161,2.5,14300
211,1957,3.0,14301
211,931,5.0,14302
211,3633,3.0,14303
211,431,2.0,14304
211,3285,4.0,14305
211,845,5.0,14306
211,2191,3.0,14307
211,2368,2.0,14308
211,348,3.5,14309
211,936,3.5,14310
211,288,2.5,14311
211,913,3.5,14312
211,2657,4.0,14313
211,844,5.0,14314
211,2530,4.5,14315
211,1801,4.0,14316
211,1600,4.0,14317
211,1431,4.0,14318
211,2560,5.0,14319
211,1664,3.5,14320
211,1535,4.0,14321
211,531,3.5,14322
211,1851,3.5,14323
211,1966,0.5,14324
211,251,4.0,14325
211,1530,5.0,14326
211,1753,4.5,14327
211,2965,4.0,14328
211,3710,4.5,14329
211,2770,4.0,14330
211,3013,4.0,14331
211,1103,3.5,14332
211,2523,3.5,14333
211,2948,4.5,14334
211,125,4.0,14335
211,2477,3.0,14336
211,684,4.0,14337
211,3322,4.0,14338
211,1589,3.5,14339
211,1571,3.5,14340
211,3534,4.0,14341
211,1447,4.5,14342
211,3202,4.0,14343
211,3522,4.0,14344
211,1219,4.0,14345
211,2800,5.0,14346
211,2986,4.0,14347
211,2208,4.0,14348
211,501,4.0,14349
211,625,3.5,14350
211,88,4.0,14351
211,1280,4.0,14352
211,3537,3.5,14353
211,2427,4.0,14354
211,189,3.5,14355
211,4128,4.0,14356
211,6158,3.5,14357
212,5894,2.5,14358
212,3203,2.5,14359
212,2215,2.5,14360
212,2103,2.5,14361
212,3561,2.5,14362
212,1028,2.5,14363
212,1161,2.5,14364
212,3593,2.5,14365
212,931,2.5,14366
212,1741,2.5,14367
212,2424,2.5,14368
212,1398,2.5,14369
212,3244,2.5,14370
212,2485,2.5,14371
212,444,2.5,14372
212,3588,2.5,14373
212,3053,2.5,14374
212,845,2.5,14375
212,2985,2.5,14376
212,2047,2.5,14377
212,211,2.5,14378
212,1150,2.5,14379
212,2099,2.5,14380
212,174,2.5,14381
212,2754,2.5,14382
212,3360,2.5,14383
212,3620,2.5,14384
212,624,2.5,14385
212,3438,2.5,14386
212,2756,2.5,14387
212,571,2.5,14388
212,844,2.5,14389
212,836,2.5,14390
212,3379,2.5,14391
212,2021,2.5,14392
212,3207,2.5,14393
212,2530,2.5,14394
212,1302,2.5,14395
212,2699,2.5,14396
212,1135,2.5,14397
212,927,2.5,14398
212,17,2.5,14399
212,863,2.5,14400
212,1024,2.5,14401
212,1508,2.5,14402
212,2534,2.5,14403
212,1434,2.5,14404
212,1016,2.5,14405
212,1795,2.5,14406
212,2024,2.5,14407
212,2088,2.5,14408
212,1132,2.5,14409
212,339,2.5,14410
212,993,2.5,14411
212,2442,2.5,14412
212,1391,2.5,14413
212,2920,2.5,14414
212,1077,2.5,14415
212,284,2.5,14416
212,2878,2.5,14417
212,1152,2.5,14418
212,1530,2.5,14419
212,3222,2.5,14420
212,3090,2.5,14421
212,2345,2.5,14422
212,2466,2.5,14423
212,1369,2.5,14424
212,1056,2.5,14425
212,2885,2.5,14426
212,2910,2.5,14427
212,3370,2.5,14428
212,884,2.5,14429
212,2213,2.5,14430
213,5245,5.0,14431
213,5246,5.0,14432
213,5568,5.0,14433
213,4534,3.5,14434
213,4535,5.0,14435
213,6691,5.0,14436
213,5211,5.0,14437
213,5072,5.0,14438
213,5107,4.0,14439
213,6665,4.0,14440
213,3929,5.0,14441
213,4679,5.0,14442
213,6033,5.0,14443
213,4157,5.0,14444
213,4625,2.5,14445
213,6690,2.5,14446
213,3667,5.0,14447
213,1891,5.0,14448
213,3048,5.0,14449
214,5460,5.0,14450
214,1789,5.0,14451
214,6592,2.5,14452
214,2871,5.0,14453
214,1974,4.0,14454
214,3529,5.0,14455
214,574,5.0,14456
214,2513,5.0,14457
214,2212,5.0,14458
214,2047,5.0,14459
214,319,5.0,14460
214,1954,5.0,14461
214,872,2.0,14462
214,1317,4.0,14463
214,1535,1.0,14464
214,2920,3.0,14465
214,3077,3.0,14466
214,2477,4.0,14467
214,2744,5.0,14468
214,2977,5.0,14469
214,1040,4.0,14470
214,421,4.0,14471
214,1003,5.0,14472
214,2570,4.0,14473
214,1422,5.0,14474
214,1151,5.0,14475
214,666,4.0,14476
214,47,1.0,14477
214,3484,5.0,14478
214,2644,4.0,14479
214,238,5.0,14480
214,1724,5.0,14481
214,2452,3.0,14482
214,667,5.0,14483
214,633,5.0,14484
214,2552,5.0,14485
214,3627,5.0,14486
214,3136,5.0,14487
214,1755,5.0,14488
214,12,5.0,14489
214,743,3.0,14490
214,1489,5.0,14491
214,3525,5.0,14492
214,1272,5.0,14493
214,3392,5.0,14494
214,1845,5.0,14495
214,3197,5.0,14496
214,1559,5.0,14497
214,2461,5.0,14498
214,200,3.0,14499
214,1082,5.0,14500
214,2958,5.0,14501
214,190,5.0,14502
214,2,5.0,14503
214,3164,4.0,14504
214,509,2.0,14505
214,3420,5.0,14506
214,1607,2.0,14507
214,2114,5.0,14508
214,2404,5.0,14509
214,631,5.0,14510
214,3134,5.0,14511
214,59,5.0,14512
214,1455,4.5,14513
214,2723,4.0,14514
214,859,5.0,14515
214,2804,3.0,14516
214,1137,3.0,14517
214,2490,5.0,14518
214,3259,4.0,14519
214,1129,5.0,14520
214,3305,3.0,14521
214,2890,4.0,14522
214,2938,4.0,14523
215,4276,5.0,14524
215,4277,5.0,14525
215,3765,5.0,14526
215,4022,5.0,14527
215,3859,3.5,14528
215,5783,4.5,14529
215,6641,4.0,14530
215,4604,3.0,14531
215,6313,4.0,14532
215,5655,3.0,14533
215,6643,5.0,14534
215,4462,4.0,14535
215,6297,3.5,14536
215,5671,1.5,14537
215,5036,4.5,14538
215,6593,3.0,14539
215,6637,5.0,14540
215,5242,4.0,14541
215,4451,4.0,14542
215,4636,4.0,14543
215,3714,4.0,14544
215,4994,3.5,14545
215,5786,4.0,14546
215,5285,5.0,14547
215,5474,4.5,14548
215,5570,3.0,14549
215,3795,4.0,14550
215,5752,5.0,14551
215,3747,3.5,14552
215,5434,4.5,14553
215,4265,4.0,14554
215,6197,3.5,14555
215,6427,5.0,14556
215,6040,5.0,14557
215,4559,4.0,14558
215,5591,5.0,14559
215,5307,5.0,14560
215,4353,5.0,14561
215,6543,4.0,14562
215,4553,5.0,14563
215,3775,4.0,14564
215,6501,5.0,14565
215,3969,4.0,14566
215,4775,4.0,14567
215,6708,5.0,14568
215,4157,2.0,14569
215,5316,5.0,14570
215,6295,4.0,14571
215,3741,4.0,14572
215,4461,3.0,14573
215,6196,2.5,14574
215,3592,5.0,14575
215,531,2.0,14576
215,3060,5.0,14577
215,666,5.0,14578
215,3580,3.0,14579
215,2381,5.0,14580
215,3525,4.0,14581
215,1896,3.0,14582
215,6707,4.0,14583
215,3764,3.5,14584
215,5035,3.5,14585
215,5433,3.5,14586
216,4118,5.0,14587
216,2804,5.0,14588
216,224,5.0,14589
216,457,5.0,14590
216,3909,2.5,14591
216,275,3.5,14592
216,728,3.5,14593
216,574,2.5,14594
216,270,4.5,14595
216,1795,3.0,14596
216,2088,3.5,14597
216,3528,3.5,14598
216,1216,3.5,14599
216,1065,2.5,14600
216,1530,2.5,14601
216,2256,3.5,14602
216,3450,3.5,14603
216,3366,3.0,14604
216,1103,3.5,14605
216,3102,4.0,14606
216,3370,3.5,14607
216,884,3.5,14608
216,3663,3.0,14609
216,2828,3.5,14610
216,3204,3.0,14611
216,3174,3.0,14612
216,834,1.5,14613
216,421,3.5,14614
216,2465,3.5,14615
216,1422,2.0,14616
216,2051,2.0,14617
216,47,3.0,14618
216,2844,3.5,14619
216,667,3.5,14620
216,501,3.5,14621
216,577,3.5,14622
216,1280,4.0,14623
216,3136,2.5,14624
216,1755,2.5,14625
216,2141,4.0,14626
216,1780,3.5,14627
216,3151,3.5,14628
216,2567,4.0,14629
216,975,2.0,14630
216,3344,3.5,14631
216,3420,3.0,14632
216,1933,4.0,14633
216,2835,2.5,14634
216,3134,3.0,14635
216,725,3.0,14636
217,6164,5.0,14637
217,6165,5.0,14638
217,4958,5.0,14639
217,5492,5.0,14640
217,5491,3.5,14641
217,5072,4.0,14642
217,4636,5.0,14643
217,6069,5.0,14644
217,5877,3.5,14645
217,5876,2.5,14646
217,1369,4.0,14647
217,5071,4.0,14648
218,3754,5.0,14649
218,36,5.0,14650
218,106,5.0,14651
218,1586,5.0,14652
218,3962,2.5,14653
218,319,5.0,14654
218,913,5.0,14655
218,844,4.5,14656
218,1508,3.5,14657
218,5271,4.0,14658
219,5678,5.0,14659
219,1996,5.0,14660
219,1369,5.0,14661
219,5679,5.0,14662
219,5460,2.5,14663
219,1789,3.5,14664
219,3711,3.0,14665
219,1733,2.0,14666
219,3593,4.0,14667
219,931,5.0,14668
219,2485,5.0,14669
219,650,1.0,14670
219,574,2.0,14671
219,234,2.5,14672
219,2047,3.0,14673
219,2554,3.0,14674
219,1492,3.5,14675
219,2228,3.5,14676
219,2502,3.0,14677
219,3106,3.0,14678
219,2754,2.5,14679
219,512,3.0,14680
219,1969,2.5,14681
219,3438,4.5,14682
219,2756,4.0,14683
219,2561,3.5,14684
219,807,2.0,14685
219,1671,4.0,14686
219,2530,4.0,14687
219,2699,3.0,14688
219,1434,3.0,14689
219,3503,3.5,14690
219,2088,5.0,14691
219,279,4.0,14692
219,3528,3.5,14693
219,2560,4.0,14694
219,280,4.5,14695
219,418,4.5,14696
219,2596,3.0,14697
219,636,4.5,14698
219,1391,3.5,14699
219,2559,4.0,14700
219,1147,3.5,14701
219,284,3.0,14702
219,1065,4.0,14703
219,2338,3.5,14704
219,536,4.5,14705
219,3222,4.0,14706
219,2595,3.0,14707
219,3090,4.0,14708
219,1363,3.0,14709
219,1686,4.0,14710
219,278,5.0,14711
219,1146,3.5,14712
219,538,4.0,14713
219,3370,4.0,14714
219,1048,3.5,14715
219,1383,4.5,14716
219,790,4.5,14717
219,2850,4.5,14718
219,2744,4.0,14719
219,537,4.5,14720
219,3269,4.5,14721
219,1348,5.0,14722
219,1381,3.0,14723
219,2465,4.0,14724
219,2966,3.0,14725
219,3522,4.5,14726
219,2849,5.0,14727
219,3565,3.5,14728
219,1382,4.0,14729
219,2253,5.0,14730
219,1952,3.0,14731
219,3192,4.0,14732
219,2859,3.5,14733
220,4733,5.0,14734
220,1082,5.0,14735
220,3174,5.0,14736
220,899,5.0,14737
220,4249,2.5,14738
220,636,5.0,14739
220,2402,3.0,14740
220,2862,4.0,14741
220,2208,2.0,14742
220,1280,5.0,14743
220,1190,5.0,14744
220,1755,4.0,14745
220,2567,5.0,14746
220,975,4.0,14747
220,4870,4.0,14748
221,4445,5.0,14749
221,807,5.0,14750
221,1827,5.0,14751
221,3370,5.0,14752
221,6336,1.0,14753
221,5876,2.5,14754
221,2215,5.0,14755
221,80,4.0,14756
221,752,5.0,14757
221,87,3.0,14758
221,1506,1.0,14759
221,2501,2.5,14760
221,3285,5.0,14761
221,754,2.5,14762
221,1505,1.0,14763
221,996,2.0,14764
221,3026,2.5,14765
221,2047,5.0,14766
221,755,2.5,14767
221,2502,2.5,14768
221,1055,2.5,14769
221,2699,3.0,14770
221,2598,2.0,14771
221,1270,2.5,14772
221,3018,4.0,14773
221,751,2.5,14774
221,2596,2.0,14775
221,3226,2.5,14776
221,2338,4.0,14777
221,2142,2.5,14778
221,3222,4.0,14779
221,2595,3.0,14780
221,1686,2.5,14781
221,1369,4.0,14782
221,1876,5.0,14783
221,2213,4.0,14784
221,790,5.0,14785
221,2982,2.5,14786
221,1348,5.0,14787
221,2849,5.0,14788
221,192,4.0,14789
221,2137,4.0,14790
221,735,5.0,14791
221,2592,5.0,14792
221,3136,3.0,14793
221,1490,4.0,14794
221,3066,5.0,14795
221,3043,4.0,14796
221,1489,5.0,14797
221,2141,4.0,14798
221,3067,5.0,14799
221,2591,5.0,14800
221,3065,5.0,14801
221,1087,2.5,14802
221,975,5.0,14803
221,2590,4.0,14804
221,3097,4.0,14805
221,1198,5.0,14806
221,2410,5.0,14807
221,838,2.5,14808
221,3257,5.0,14809
221,2224,5.0,14810
221,3261,5.0,14811
221,3123,4.0,14812
221,2302,5.0,14813
221,2810,4.0,14814
221,2884,5.0,14815
221,2589,5.0,14816
221,2431,4.0,14817
221,6335,3.5,14818
222,6621,5.0,14819
222,6622,5.0,14820
222,5178,5.0,14821
222,6123,5.0,14822
222,6272,3.5,14823
222,6273,2.5,14825
222,5461,2.5,14826
222,5114,2.5,14827
222,4038,2.5,14828
222,5647,2.5,14830
222,4408,2.5,14831
222,4406,2.5,14832
222,5219,2.5,14833
222,5655,2.5,14834
222,6159,2.5,14835
222,5192,2.5,14836
222,6169,2.5,14837
222,5640,2.5,14838
222,6694,2.5,14839
222,5358,2.5,14842
222,5731,2.5,14843
222,4021,2.5,14844
222,6187,2.5,14845
222,4494,3.0,14846
222,6122,2.5,14847
222,6125,2.5,14848
222,5165,2.5,14849
222,6261,2.5,14850
222,4819,2.5,14851
222,5135,2.5,14852
222,4614,2.5,14853
222,953,2.5,14854
222,1008,2.5,14855
222,3448,2.5,14856
222,2863,2.5,14857
222,1789,2.5,14858
222,2103,2.5,14859
222,3711,2.5,14860
222,2027,2.5,14861
222,2648,2.5,14862
222,931,2.5,14863
222,306,2.5,14864
222,2485,2.5,14865
222,535,2.5,14866
222,1974,2.5,14867
222,3495,2.5,14868
222,728,2.5,14869
222,1523,2.5,14870
222,3002,2.5,14871
222,924,2.5,14872
222,2887,2.5,14873
222,151,2.5,14874
222,2047,2.5,14875
222,1767,2.5,14876
222,957,2.5,14877
222,1148,2.5,14878
222,2122,2.5,14879
222,1430,2.5,14880
222,687,2.5,14881
222,231,2.5,14882
222,288,2.5,14883
222,419,2.5,14884
222,174,2.5,14885
222,3411,2.5,14886
222,2104,2.5,14887
222,1536,2.5,14888
222,512,2.5,14889
222,3397,2.5,14890
222,1994,5.0,14891
222,1458,2.5,14892
222,796,2.5,14893
222,947,2.5,14894
222,188,2.5,14895
222,361,2.5,14896
222,844,2.5,14897
222,2771,2.5,14898
222,1606,2.5,14899
222,932,2.5,14900
222,2896,2.5,14901
222,1963,2.5,14902
222,1611,2.5,14903
222,534,2.5,14904
222,3423,2.5,14905
222,379,2.5,14906
222,2598,2.5,14907
222,1600,2.5,14908
222,1449,2.5,14909
222,17,2.5,14910
222,2931,2.5,14911
222,364,2.5,14912
222,794,2.5,14913
222,1706,2.5,14914
222,2247,2.5,14915
222,1431,2.5,14916
222,1508,2.5,14917
222,1434,2.5,14918
222,1392,2.5,14919
222,956,2.5,14920
222,3447,2.5,14921
222,716,2.5,14922
222,1093,2.5,14923
222,2024,2.5,14924
222,1429,2.5,14925
222,5380,4.0,14926
223,5134,5.0,14927
223,5135,5.0,14928
223,5133,5.0,14929
223,5132,5.0,14930
223,5137,5.0,14931
223,6453,5.0,14932
223,6454,5.0,14933
223,4579,5.0,14934
223,4580,4.5,14935
223,4726,2.5,14936
223,4790,5.0,14937
223,3950,5.0,14938
223,5440,2.0,14939
223,3939,5.0,14940
223,3938,3.5,14941
223,4703,3.0,14942
223,4616,3.0,14943
223,4615,2.0,14944
223,4613,4.0,14945
223,6120,3.5,14946
223,5715,3.0,14947
223,6680,2.5,14948
223,3996,2.5,14949
223,5918,5.0,14950
223,4577,3.0,14951
223,4576,4.0,14952
223,5917,4.0,14953
223,4382,4.0,14954
223,5994,3.0,14955
223,4578,5.0,14956
223,5991,4.0,14957
223,5993,5.0,14958
223,5990,4.0,14959
223,4292,4.0,14960
223,4650,4.0,14961
223,5995,4.0,14962
223,4294,4.0,14963
223,5497,4.0,14964
223,5498,4.0,14965
223,5495,4.0,14966
223,5499,4.0,14967
223,5500,4.0,14968
223,5494,4.0,14969
223,4138,4.0,14970
223,4750,4.0,14971
223,6359,4.0,14972
223,4339,4.0,14973
223,4753,3.0,14974
223,5461,3.5,14975
223,5460,2.5,14976
223,1789,3.5,14977
223,2448,3.5,14978
223,306,5.0,14979
223,1825,4.0,14980
223,118,2.5,14981
223,298,5.0,14982
223,2764,2.5,14983
223,1819,4.0,14984
223,926,5.0,14985
223,1767,2.0,14986
223,1074,2.5,14987
223,1430,5.0,14988
223,2045,3.0,14989
223,2949,5.0,14990
223,3438,5.0,14991
223,927,4.5,14992
223,296,3.5,14993
223,2247,5.0,14994
223,1429,5.0,14995
223,686,4.0,14996
223,1820,4.0,14997
223,1428,5.0,14998
223,685,4.0,14999
223,1824,4.0,15000
223,1054,3.0,15001
223,1427,5.0,15002
223,2894,3.0,15003
223,955,2.0,15004
223,2893,4.0,15005
223,1821,4.0,15006
223,952,4.0,15007
223,2892,5.0,15008
223,505,4.0,15009
223,954,3.0,15010
223,2849,4.0,15011
223,1823,4.0,15012
223,940,4.0,15013
223,750,4.0,15014
223,2700,4.0,15015
223,2336,3.0,15016
223,3437,5.0,15017
223,2335,5.0,15018
223,2246,4.0,15019
223,991,4.0,15020
223,2334,4.0,15021
223,2333,4.0,15022
223,2331,4.0,15023
223,2939,4.0,15024
223,2938,3.0,15025
223,4596,4.0,15026
224,4488,5.0,15027
224,4489,5.0,15028
224,1711,5.0,15029
224,3699,5.0,15030
224,6307,3.0,15031
224,6308,2.5,15032
224,4461,4.0,15033
224,6387,2.5,15034
224,4928,4.0,15035
224,4666,3.0,15036
224,5646,4.0,15037
224,6546,3.0,15038
224,4718,4.0,15039
224,6504,2.0,15040
224,6438,2.0,15041
224,6294,3.0,15042
224,5677,2.0,15043
224,5022,2.0,15044
224,4434,3.0,15045
224,4094,2.0,15046
224,4095,4.0,15047
224,3892,3.0,15048
224,3780,2.0,15049
224,6585,3.0,15050
224,6458,2.0,15051
224,5908,4.0,15052
224,6049,3.0,15053
224,5048,1.0,15054
224,5049,2.0,15055
224,4275,2.0,15056
224,5368,3.0,15057
224,5915,1.0,15058
224,3910,2.0,15059
224,4853,2.0,15060
224,6691,4.0,15061
224,6687,2.0,15062
224,5976,3.0,15063
224,4463,2.0,15064
224,4125,2.0,15065
224,4082,2.0,15066
224,6084,3.0,15067
224,5882,1.0,15068
224,5725,2.0,15069
224,5477,2.0,15070
224,5451,2.0,15071
224,4947,3.0,15072
224,4768,4.0,15073
224,4748,3.0,15074
224,4300,3.0,15075
224,4835,4.0,15076
224,4255,3.0,15077
224,6719,4.0,15078
224,6240,3.0,15079
224,5713,3.0,15080
224,4844,1.0,15081
224,6437,2.5,15082
224,3426,2.0,15083
224,2063,2.0,15084
224,3290,2.0,15085
224,771,4.0,15086
224,2871,4.0,15087
224,3391,2.0,15088
224,1015,3.0,15089
224,1798,2.0,15090
224,2628,3.0,15091
224,126,2.0,15092
224,2806,2.0,15093
224,1249,4.0,15094
224,791,3.0,15095
224,258,3.0,15096
224,2872,2.0,15097
224,2221,1.0,15098
224,2780,2.0,15099
224,1273,3.0,15100
224,2050,2.0,15101
224,3571,3.0,15102
224,3475,2.0,15103
224,1092,3.0,15104
224,3667,4.0,15105
224,3380,2.0,15106
224,691,3.0,15107
224,463,2.0,15108
224,642,3.0,15109
224,2423,3.0,15110
224,1785,2.0,15111
224,1177,2.0,15112
224,3224,3.0,15113
224,3213,1.0,15114
224,1329,2.0,15115
224,770,5.0,15116
224,275,2.0,15117
224,9,2.0,15118
224,3711,4.0,15119
224,1178,3.0,15120
224,316,4.0,15121
224,3468,2.0,15122
224,1733,5.0,15123
224,1110,4.0,15124
224,1436,3.0,15125
224,573,5.0,15126
224,57,2.0,15127
224,2027,3.0,15128
224,903,4.0,15129
224,2607,2.0,15130
224,2393,3.0,15131
224,1028,4.0,15132
224,1161,4.0,15133
224,510,4.0,15134
224,1605,3.0,15135
224,3538,2.0,15136
224,663,2.0,15137
224,3568,1.0,15138
224,2903,3.0,15139
224,2489,3.0,15140
224,2648,4.0,15141
224,931,5.0,15142
224,1278,3.0,15143
224,1267,2.0,15144
224,1246,1.0,15145
224,306,4.0,15146
224,2424,3.0,15147
224,1243,4.0,15148
224,3176,4.0,15149
224,856,3.0,15150
224,1825,3.0,15151
224,2241,2.0,15152
224,1404,3.0,15153
224,2485,4.0,15154
224,4834,4.0,15155
224,4036,4.0,15156
224,4843,3.0,15157
224,4948,3.0,15158
224,3812,3.0,15159
225,4215,5.0,15160
225,600,5.0,15161
225,4855,5.0,15162
225,940,5.0,15163
225,4854,3.0,15164
225,4753,4.0,15165
225,6634,2.5,15166
225,5800,3.5,15167
225,5786,3.5,15168
225,4772,3.5,15169
225,4361,4.5,15170
225,5233,5.0,15171
225,5123,4.0,15172
225,4172,3.5,15173
225,3931,5.0,15174
225,5591,3.5,15175
225,6553,5.0,15176
225,3841,2.5,15177
225,4636,3.0,15178
225,5884,5.0,15179
225,6033,3.0,15180
225,6639,4.0,15181
225,3896,3.0,15182
225,4106,2.5,15183
225,6032,2.5,15184
225,2368,3.0,15185
225,261,3.0,15186
225,1098,1.0,15187
225,863,3.5,15188
225,339,3.0,15189
225,1866,2.0,15190
225,1056,3.5,15191
225,3622,2.5,15192
225,289,5.0,15193
225,2402,2.5,15194
225,1357,3.0,15195
225,733,4.5,15196
225,3631,4.0,15197
225,1921,3.5,15198
225,3177,3.5,15199
225,2290,5.0,15200
225,975,3.0,15201
225,193,2.5,15202
225,2114,3.5,15203
225,1529,3.5,15204
225,2369,5.0,15205
225,2331,5.0,15206
225,549,3.5,15207
225,1416,4.0,15208
225,2938,4.0,15209
225,2946,3.5,15210
225,1551,5.0,15211
225,1179,5.0,15212
225,2220,5.0,15213
225,7,5.0,15214
225,3254,5.0,15215
225,2779,5.0,15216
225,3497,4.0,15217
225,1973,3.5,15218
225,6552,4.0,15219
226,5938,5.0,15220
226,5939,5.0,15221
226,6142,5.0,15222
226,6111,5.0,15223
226,5042,3.5,15224
226,5877,5.0,15225
226,5700,3.5,15226
226,6159,4.0,15227
226,5403,5.0,15228
226,6308,4.5,15229
226,4180,4.0,15230
226,4751,4.0,15231
226,4186,3.0,15232
226,4750,4.0,15233
226,4753,4.5,15234
226,4433,3.5,15235
226,4145,4.0,15236
226,6575,4.5,15237
226,6561,3.5,15238
226,4706,4.0,15239
226,4444,2.0,15240
226,5691,3.5,15241
226,6414,3.0,15242
226,6297,3.0,15243
226,4209,3.0,15244
226,4290,4.0,15245
226,4394,4.0,15246
226,5064,2.5,15247
226,3831,2.0,15248
226,5272,2.0,15249
226,4195,4.5,15250
226,6202,4.5,15251
226,6205,4.0,15252
226,3867,4.0,15253
226,4473,2.5,15254
226,3839,3.0,15255
226,6149,4.0,15256
226,4319,4.0,15257
226,4508,1.5,15258
226,3846,1.0,15259
226,4973,5.0,15260
226,5424,4.0,15261
226,4783,4.5,15262
226,3963,3.0,15263
226,4247,1.5,15264
226,6610,4.0,15265
226,5631,2.0,15266
226,4061,2.0,15267
226,4060,3.5,15268
226,4839,5.0,15269
226,4099,3.5,15270
226,6307,2.5,15271
226,3290,4.5,15272
226,1733,5.0,15273
226,2027,3.5,15274
226,3561,4.5,15275
226,2485,4.0,15276
226,591,3.0,15277
226,764,4.0,15278
226,1362,3.0,15279
226,1123,4.5,15280
226,319,3.0,15281
226,1954,2.0,15282
226,3289,4.5,15283
226,152,3.5,15284
226,2707,4.5,15285
226,3359,4.0,15286
226,4057,4.0,15287
226,231,2.0,15288
226,862,1.5,15289
226,6374,4.0,15290
226,1815,4.5,15291
226,3106,2.0,15292
226,426,2.0,15293
226,425,3.5,15294
226,634,1.5,15295
226,790,3.5,15296
226,684,4.0,15297
226,1348,3.5,15298
226,564,3.0,15299
226,2271,4.0,15300
226,556,4.0,15301
226,3257,3.5,15302
226,3261,3.5,15303
226,2940,4.0,15304
226,2939,4.0,15305
226,5876,4.0,15306
226,6201,3.5,15307
226,4098,3.5,15308
226,6110,3.0,15309
226,6367,3.0,15310
227,4156,5.0,15311
227,531,5.0,15312
227,2212,5.0,15313
227,47,5.0,15314
227,5782,4.0,15315
227,5783,5.0,15316
227,3989,5.0,15317
227,3836,4.0,15318
227,5790,5.0,15319
227,2110,5.0,15320
227,1028,4.0,15321
227,1741,3.0,15322
227,234,3.0,15323
227,2756,2.5,15324
227,844,2.0,15325
227,1600,2.5,15326
227,339,5.0,15327
227,1391,5.0,15328
227,1530,2.5,15329
227,3174,5.0,15330
227,2730,4.0,15331
227,3484,5.0,15332
227,30,2.5,15333
227,2862,2.5,15334
227,1755,5.0,15335
227,1272,3.5,15336
227,2,2.5,15337
228,4435,5.0,15338
228,4436,5.0,15339
228,4773,5.0,15340
228,6366,5.0,15341
228,4857,4.0,15342
228,4461,4.0,15343
228,5877,4.0,15344
228,5403,4.5,15345
228,4750,5.0,15346
228,4753,5.0,15347
228,4718,4.0,15348
228,4187,3.5,15349
228,4679,3.5,15350
228,4129,4.0,15351
228,6607,4.0,15352
228,5700,4.5,15353
228,5634,4.0,15354
228,6467,4.5,15355
228,5274,4.0,15356
228,4065,4.5,15357
228,5211,5.0,15358
228,3753,3.5,15359
228,5858,3.5,15360
228,4903,4.5,15361
228,4839,5.0,15362
228,5436,5.0,15363
228,5788,4.0,15364
228,5175,4.0,15365
228,3963,3.5,15366
228,6453,2.5,15367
228,4475,3.5,15368
228,4918,4.0,15370
228,5269,4.0,15371
228,6527,2.0,15372
228,5002,3.0,15373
228,5254,3.5,15374
228,4594,3.5,15375
228,4148,3.5,15376
228,5474,4.5,15377
228,5288,4.0,15378
228,6086,3.5,15379
228,4145,3.5,15380
228,6160,4.0,15381
228,5108,2.5,15382
228,6215,2.5,15383
228,5520,4.0,15384
228,5591,3.5,15385
228,5065,4.0,15386
228,6148,4.5,15387
228,5599,4.0,15388
228,4460,2.5,15389
228,2871,4.0,15390
228,2215,4.0,15391
228,34,3.0,15392
228,1733,4.5,15393
228,2027,4.5,15394
228,3304,3.5,15395
228,1028,3.5,15396
228,1957,4.0,15397
228,510,3.5,15398
228,566,3.5,15399
228,3593,4.0,15400
228,33,3.5,15401
228,931,3.0,15402
228,2424,3.5,15403
228,1398,4.0,15404
228,498,4.0,15405
228,2487,4.0,15406
228,3449,4.5,15407
228,1333,3.0,15408
228,1362,3.5,15409
228,1095,3.5,15410
228,172,4.5,15411
228,2985,4.0,15412
228,319,3.5,15413
228,2115,4.0,15414
228,1492,4.0,15415
228,1838,4.0,15416
228,2638,3.5,15417
228,3438,2.5,15418
228,1961,3.5,15419
228,836,3.5,15420
228,1600,4.0,15421
228,2534,3.5,15422
228,1795,4.5,15423
228,3054,4.0,15424
228,516,3.5,15425
228,1216,4.5,15426
228,2074,4.0,15427
228,1114,3.5,15428
228,1065,4.0,15429
228,1530,5.0,15430
228,2965,5.0,15431
228,1712,4.5,15432
228,2548,3.5,15433
228,1363,4.0,15434
228,2073,4.0,15435
228,125,3.0,15436
228,2492,4.0,15437
228,2477,4.5,15438
228,3502,2.0,15439
228,47,4.0,15440
228,2230,3.0,15441
228,1709,2.5,15442
228,1568,3.5,15443
228,557,4.0,15444
228,2897,3.5,15445
228,1360,2.5,15446
228,2862,2.5,15447
228,2208,3.5,15448
228,2472,3.0,15449
228,1921,3.5,15450
228,1755,5.0,15451
228,1925,4.0,15452
228,1587,4.0,15453
228,1869,3.0,15454
228,1180,4.0,15455
228,793,4.5,15456
228,427,4.5,15457
228,2939,5.0,15458
228,2938,5.0,15459
228,4474,3.0,15460
229,6481,5.0,15461
229,6482,5.0,15462
229,5446,5.0,15463
229,5181,5.0,15464
229,5186,3.0,15465
229,5187,3.0,15466
229,6473,3.0,15467
229,4755,3.0,15468
229,4168,3.0,15469
229,4437,3.0,15470
229,3912,3.0,15471
229,3910,3.0,15472
229,6720,3.0,15473
229,6719,3.0,15474
229,4928,3.0,15475
229,6556,3.0,15476
229,5314,3.0,15477
229,5312,3.0,15478
229,4661,2.5,15479
229,4326,3.0,15480
229,4634,3.0,15481
229,5869,3.5,15482
229,6514,3.0,15483
229,4967,3.0,15484
229,4975,3.0,15485
229,4430,3.0,15486
229,5472,3.0,15487
229,4655,3.0,15488
229,3867,2.0,15489
229,5784,2.0,15490
229,3990,2.0,15491
229,5702,3.0,15492
229,5541,3.0,15493
229,6405,2.0,15494
229,6406,2.0,15495
229,6407,2.0,15496
229,5434,3.0,15497
229,6427,3.0,15498
229,5288,3.0,15499
229,5658,4.0,15500
229,3765,4.0,15501
229,5211,3.0,15502
229,6428,3.0,15503
229,6431,3.0,15504
229,6430,3.0,15505
229,5189,2.0,15506
229,5188,2.0,15507
229,5190,2.0,15508
229,5721,3.0,15509
229,6346,3.0,15510
229,5025,3.0,15511
229,5876,2.5,15512
229,2215,4.0,15513
229,1249,3.0,15514
229,2697,3.0,15515
229,275,3.0,15516
229,2470,3.0,15517
229,3711,3.0,15518
229,2057,3.0,15519
229,931,4.0,15520
229,1901,4.0,15521
229,3321,4.0,15522
229,3689,3.0,15523
229,2471,4.0,15524
229,3541,3.0,15525
229,3302,3.0,15526
229,1094,3.0,15527
229,3006,2.0,15528
229,709,3.0,15529
229,3406,2.0,15530
229,2031,4.0,15531
229,3524,3.0,15532
229,234,2.0,15533
229,3150,3.0,15534
229,1123,4.0,15535
229,3407,2.0,15536
229,926,4.0,15537
229,1900,4.0,15538
229,3455,3.0,15539
229,3118,3.0,15540
229,341,2.0,15541
229,2113,2.0,15542
229,277,3.0,15543
229,886,4.0,15544
229,2227,3.0,15545
229,2949,3.0,15546
229,796,3.0,15547
229,2722,3.0,15548
229,3008,3.0,15549
229,3405,2.0,15550
229,3032,3.0,15551
229,3036,2.0,15552
229,3421,3.0,15553
229,885,4.0,15554
229,3035,2.0,15555
229,927,4.0,15556
229,3423,3.0,15557
229,1600,3.0,15558
229,1784,3.0,15559
229,138,3.0,15560
229,995,3.0,15561
229,540,3.0,15562
229,3422,3.0,15563
229,3034,2.0,15564
229,1794,3.0,15565
229,1502,3.0,15566
229,1530,3.0,15567
229,1753,3.0,15568
229,3710,3.0,15569
229,974,3.0,15570
229,1503,3.0,15571
229,1369,4.0,15572
229,788,3.0,15573
229,2998,3.0,15574
229,2997,3.0,15575
229,2029,3.0,15576
229,1003,2.5,15577
229,47,4.0,15578
229,3484,3.0,15579
229,3136,4.0,15580
229,3066,3.0,15581
229,3065,3.0,15582
229,3197,3.5,15583
229,3420,3.0,15584
229,5572,4.0,15585
229,5014,3.0,15586
230,6485,5.0,15587
230,6486,5.0,15588
230,5107,5.0,15589
230,5526,5.0,15590
230,4884,3.0,15591
230,4885,3.0,15592
230,4517,2.5,15593
230,4214,2.5,15594
230,6503,2.5,15595
230,5783,0.5,15596
230,4670,4.5,15597
230,6536,4.0,15598
230,6288,4.5,15599
230,4309,2.5,15600
230,4288,5.0,15601
230,6219,4.5,15602
230,5665,3.0,15603
230,5718,4.0,15604
230,6107,4.0,15605
230,4050,2.5,15606
230,4052,3.0,15607
230,6556,3.0,15608
230,6024,3.0,15609
230,6194,4.5,15610
230,6023,4.0,15611
230,6607,4.0,15612
230,5709,4.0,15613
230,3862,2.0,15614
230,5640,3.5,15615
230,4680,2.5,15616
230,4604,3.0,15617
230,6313,3.0,15618
230,6176,0.5,15619
230,5364,2.5,15620
230,4639,3.0,15621
230,5363,3.0,15622
230,4645,3.5,15623
230,5275,4.0,15624
230,6538,4.0,15625
230,4643,3.0,15626
230,4981,2.5,15627
230,6159,5.0,15628
230,5486,1.0,15629
230,3859,2.0,15630
230,6698,2.5,15631
230,6050,4.0,15632
230,3902,5.0,15633
230,5622,4.0,15634
230,6414,2.0,15635
230,3803,3.5,15636
230,5289,2.5,15637
230,6140,2.5,15638
230,6309,3.5,15639
230,4321,4.0,15640
230,6005,2.5,15641
230,2346,3.0,15642
230,1789,3.0,15643
230,2110,0.5,15644
230,3634,2.0,15645
230,420,2.5,15646
230,1996,5.0,15647
230,3514,4.0,15648
230,1029,2.5,15649
230,3593,4.0,15650
230,2903,3.0,15651
230,1692,2.5,15652
230,2506,0.5,15653
230,2648,3.0,15654
230,2623,4.5,15655
230,4574,4.5,15656
230,1588,4.0,15657
230,1291,2.5,15658
230,983,3.0,15659
230,3521,4.0,15660
230,2485,5.0,15661
230,87,1.0,15662
230,2048,4.0,15663
230,2036,4.0,15664
230,2471,2.5,15665
230,1828,2.5,15666
230,3414,2.0,15667
230,3541,3.0,15668
230,2501,3.0,15669
230,2706,1.0,15670
230,1944,4.0,15671
230,2441,4.0,15672
230,1349,2.5,15673
230,3458,4.0,15674
230,1745,1.5,15675
230,2538,4.0,15676
230,226,2.0,15677
230,3285,4.5,15678
230,574,4.0,15679
230,270,5.0,15680
230,3674,2.5,15681
230,696,2.5,15682
230,1867,4.0,15683
230,2537,4.5,15684
230,3661,2.5,15685
230,3002,2.0,15686
230,2536,4.0,15687
230,996,2.0,15688
230,2391,3.0,15689
230,1204,3.0,15690
230,2239,3.0,15691
230,2368,3.0,15692
230,3680,1.5,15693
230,319,3.5,15694
230,1767,0.5,15695
230,1148,3.0,15696
230,1890,2.5,15697
230,469,2.0,15698
230,3587,2.0,15699
230,231,2.0,15700
230,3685,3.0,15701
230,157,3.5,15702
230,167,4.0,15703
230,886,2.0,15704
230,2676,3.5,15705
230,419,3.5,15706
230,2502,3.5,15707
230,792,2.0,15708
230,1090,3.5,15709
230,2104,5.0,15710
230,2704,2.5,15711
230,512,3.5,15712
230,4573,3.5,15713
230,5507,3.0,15714
230,4658,3.0,15715
230,4812,3.0,15716
231,5430,5.0,15717
231,3102,5.0,15718
231,2998,5.0,15719
231,1820,5.0,15720
231,4971,2.5,15721
231,3001,5.0,15722
231,1789,5.0,15723
231,2423,3.0,15724
231,2110,5.0,15725
231,931,5.0,15726
231,245,5.0,15727
231,512,5.0,15728
231,1458,4.0,15729
231,3438,5.0,15730
231,2273,4.0,15731
231,49,4.0,15732
231,1508,5.0,15733
231,1459,4.0,15734
231,1748,4.0,15735
231,1469,3.0,15736
231,763,5.0,15737
231,531,5.0,15738
231,1530,5.0,15739
231,1753,5.0,15740
231,179,4.0,15741
231,1609,4.0,15742
231,1749,5.0,15743
231,1824,5.0,15744
231,1457,5.0,15745
231,538,5.0,15746
231,3370,5.0,15747
231,3663,5.0,15748
231,2017,5.0,15749
231,2144,5.0,15750
231,1782,5.0,15751
231,1821,5.0,15752
231,2672,5.0,15753
231,2367,3.0,15754
231,2795,5.0,15755
231,2001,5.0,15756
231,2452,4.0,15757
231,1371,3.0,15758
231,2272,5.0,15759
231,1873,5.0,15760
231,2592,5.0,15761
231,3011,5.0,15762
231,21,5.0,15763
231,2793,5.0,15764
231,2906,4.0,15765
231,1104,4.0,15766
231,818,5.0,15767
231,2782,5.0,15768
231,1306,5.0,15769
231,933,4.0,15770
231,1352,4.0,15771
232,6664,5.0,15772
232,3370,5.0,15773
232,3438,5.0,15774
232,1369,5.0,15775
232,6266,2.5,15776
232,2597,2.5,15777
232,308,2.5,15778
232,1789,2.5,15779
232,2871,2.5,15780
232,2215,2.5,15781
232,3667,2.5,15782
232,275,2.5,15783
232,2902,2.5,15784
232,2027,2.5,15785
232,1108,2.5,15786
232,1028,2.5,15787
232,2154,2.5,15788
232,3548,2.5,15789
232,1741,2.5,15790
232,650,2.5,15791
232,1575,2.5,15792
232,2501,2.5,15793
232,163,2.5,15794
232,1395,2.5,15795
232,728,2.5,15796
232,2058,2.5,15797
232,2901,2.5,15798
232,234,2.5,15799
232,3002,2.5,15800
232,3168,2.5,15801
232,2212,2.5,15802
232,704,2.5,15803
232,2368,2.5,15804
232,151,2.5,15805
232,2278,2.5,15806
232,319,2.5,15807
232,1354,2.5,15808
232,2286,2.5,15809
232,288,2.5,15810
232,277,2.5,15811
232,1574,2.5,15812
232,706,2.5,15813
232,1754,2.5,15814
232,872,2.5,15815
232,3336,2.5,15816
232,959,2.5,15817
232,53,2.5,15818
232,807,2.5,15819
232,1264,2.5,15820
232,769,2.5,15821
232,2273,2.5,15822
232,694,2.5,15823
232,1573,2.5,15824
232,3035,2.5,15825
232,1747,2.5,15826
232,2598,2.5,15827
232,1270,2.5,15828
232,1047,2.5,15829
232,1434,2.5,15830
232,1392,2.5,15831
232,2024,2.5,15832
232,3462,2.5,15833
232,2153,2.5,15834
232,2152,2.5,15835
232,452,2.5,15836
232,1350,2.5,15837
232,727,2.5,15838
232,973,2.5,15839
232,1572,2.5,15840
232,705,2.5,15841
232,1502,2.5,15842
232,1391,2.5,15843
232,3418,2.5,15844
232,972,2.5,15845
232,1428,2.5,15846
232,2338,2.5,15847
232,5889,4.0,15848
233,5207,5.0,15849
233,1525,5.0,15850
233,5403,1.0,15851
233,4460,2.5,15852
233,2871,2.0,15853
233,510,1.0,15854
233,3285,0.5,15855
233,69,3.5,15856
233,3142,2.5,15857
233,2115,2.5,15858
233,941,4.0,15859
233,1492,3.5,15860
233,1969,3.5,15861
233,937,2.0,15862
233,145,3.0,15863
233,3075,3.0,15864
233,205,1.0,15865
233,1508,3.0,15866
233,2024,1.0,15867
233,2088,3.5,15868
233,3054,3.0,15869
233,2195,3.0,15870
233,3167,2.0,15871
233,3528,2.0,15872
233,1216,2.5,15873
233,2920,4.0,15874
233,3028,2.5,15875
233,1065,3.5,15876
233,1966,2.5,15877
233,1530,2.0,15878
233,2101,3.0,15879
233,1712,3.0,15880
233,3222,2.0,15881
233,2971,2.5,15882
233,749,1.0,15883
233,3062,2.0,15884
233,1945,3.5,15885
233,1577,4.0,15886
233,2948,2.5,15887
233,3370,2.5,15888
233,1210,1.0,15889
233,884,1.5,15890
233,2213,1.0,15891
233,2458,3.5,15892
233,790,2.0,15893
233,3174,0.5,15894
233,206,3.5,15895
233,1116,3.0,15896
233,1552,3.5,15897
233,1312,2.5,15898
233,2465,3.0,15899
233,505,1.0,15900
233,1357,3.0,15901
233,124,4.0,15902
233,47,1.5,15903
233,3603,4.0,15904
233,3386,3.5,15905
233,2848,2.5,15906
233,1952,4.0,15907
233,2859,3.5,15908
233,501,3.5,15909
233,243,2.5,15910
233,79,4.0,15911
233,340,4.0,15912
233,2015,3.0,15913
233,1620,3.0,15914
233,1780,3.5,15915
233,3277,3.5,15916
233,3179,3.5,15917
233,803,4.0,15918
233,2290,0.5,15919
233,3278,3.5,15920
233,1115,0.5,15921
233,2683,5.0,15922
233,1198,4.0,15923
233,4298,4.0,15924
233,5402,3.5,15925
234,5311,5.0,15926
234,3065,5.0,15927
234,3067,5.0,15928
234,3066,5.0,15929
234,5322,2.5,15930
234,1622,2.5,15931
234,34,2.5,15932
234,2622,2.5,15933
234,1733,2.5,15934
234,573,2.5,15935
234,3561,2.5,15936
234,1996,2.5,15937
234,1028,2.5,15938
234,752,2.5,15939
234,1517,2.5,15940
234,33,2.5,15941
234,1278,2.5,15942
234,2485,2.5,15943
234,130,2.5,15944
234,1790,2.5,15945
234,1974,2.5,15946
234,1088,2.5,15947
234,3364,2.5,15948
234,652,2.5,15949
234,163,2.5,15950
234,1053,2.5,15951
234,574,2.5,15952
234,2372,2.5,15953
234,1836,2.5,15954
234,845,2.5,15955
234,269,2.5,15956
234,441,2.5,15957
234,2191,2.5,15958
234,2799,2.5,15959
234,2047,2.5,15960
234,319,2.5,15961
234,2554,2.5,15962
234,3382,2.5,15963
234,2099,2.5,15964
234,1149,2.5,15965
234,512,2.5,15966
234,1969,2.5,15967
234,3135,2.5,15968
234,1346,2.5,15969
234,913,2.5,15970
234,2756,2.5,15971
234,879,2.5,15972
234,2578,2.5,15973
234,844,2.5,15974
234,2438,2.5,15975
234,2924,2.5,15976
234,1671,2.5,15977
234,885,2.5,15978
234,823,2.5,15979
234,1600,2.5,15980
234,1431,2.5,15981
234,1434,2.5,15982
234,1113,2.5,15983
234,2024,2.5,15984
234,2088,2.5,15985
234,3528,2.5,15986
234,2560,2.5,15987
234,2911,2.5,15988
234,1350,2.5,15989
234,424,2.5,15990
234,1216,2.5,15991
234,1891,2.5,15992
234,636,2.5,15993
234,3398,2.5,15994
234,1391,2.5,15995
234,1535,2.5,15996
234,342,2.5,15997
234,1065,2.5,15998
234,531,2.5,15999
234,1220,2.5,16000
234,945,2.5,16001
234,1829,2.5,16002
235,4484,5.0,16003
235,4485,5.0,16004
235,4017,5.0,16005
235,5482,5.0,16006
235,5786,5.0,16007
235,5744,4.0,16008
235,5351,5.0,16009
235,4663,5.0,16010
235,4694,4.0,16011
235,5301,4.0,16012
235,5689,5.0,16013
235,5699,2.5,16014
235,2027,5.0,16015
235,1028,4.0,16016
235,2648,5.0,16017
235,1974,5.0,16018
235,574,4.0,16019
235,2191,5.0,16020
235,970,2.5,16021
235,2368,3.0,16022
235,2047,4.0,16023
235,319,3.0,16024
235,1492,2.5,16025
235,2895,2.5,16026
235,3106,3.0,16027
235,796,2.5,16028
235,2756,4.0,16029
235,2561,3.0,16030
235,1578,2.5,16031
235,844,3.0,16032
235,1508,3.0,16033
235,1434,3.0,16034
235,1795,5.0,16035
235,2024,5.0,16036
235,2088,5.0,16037
235,279,2.0,16038
235,2560,5.0,16039
235,280,4.0,16040
235,2260,2.5,16041
235,1216,5.0,16042
235,2126,2.5,16043
235,1065,4.0,16044
235,531,4.0,16045
235,2473,2.5,16046
235,1851,2.5,16047
235,1530,5.0,16048
235,2768,2.5,16049
235,2971,2.5,16050
235,229,2.5,16051
235,1624,2.5,16052
235,2466,2.5,16053
235,1686,2.5,16054
235,278,2.5,16055
235,423,2.5,16056
235,1369,4.0,16057
235,1103,4.0,16058
235,378,2.5,16059
235,2948,4.0,16060
235,3370,5.0,16061
235,1210,2.5,16062
235,790,4.0,16063
235,1590,2.5,16064
235,3093,2.5,16065
235,2997,3.0,16066
235,68,2.5,16067
235,834,2.5,16068
235,3269,4.0,16069
235,421,5.0,16070
235,1348,3.0,16071
235,2465,5.0,16072
235,1357,5.0,16073
235,3522,2.5,16074
235,3581,2.5,16075
235,47,3.0,16076
235,2849,4.0,16077
235,2664,2.5,16078
235,3386,2.5,16079
235,2253,5.0,16080
235,740,2.5,16081
235,2553,2.5,16082
235,557,2.5,16083
235,2859,2.5,16084
235,2083,4.0,16085
235,2862,3.0,16086
235,6385,4.0,16087
236,6171,5.0,16088
236,2496,5.0,16089
236,3463,5.0,16090
236,2433,5.0,16091
236,5460,2.5,16092
236,1789,2.5,16093
236,2871,2.5,16094
236,3667,2.5,16095
236,2110,2.5,16096
236,3711,2.5,16097
236,2280,2.5,16098
236,1108,2.5,16099
236,2830,2.5,16100
236,1028,2.5,16101
236,1916,2.5,16102
236,2648,3.5,16103
236,1517,1.5,16104
236,33,2.5,16105
236,1460,3.5,16106
236,931,4.5,16107
236,1278,2.5,16108
236,2485,2.5,16109
236,3114,2.5,16110
236,3564,2.5,16111
236,3541,2.5,16112
236,2501,2.5,16113
236,652,2.5,16114
236,1395,2.5,16115
236,764,2.5,16116
236,1362,2.5,16117
236,3006,2.5,16118
236,845,2.5,16119
236,245,2.5,16120
236,3661,2.5,16121
236,3466,2.5,16122
236,2985,2.5,16123
236,1123,2.5,16124
236,2047,2.5,16125
236,319,2.5,16126
236,865,2.5,16127
236,1148,2.5,16128
236,3289,2.5,16129
236,3161,2.5,16130
236,1683,2.5,16131
236,277,2.5,16132
236,2228,2.5,16133
236,886,2.5,16134
236,2502,2.5,16135
236,1090,2.5,16136
236,3411,2.5,16137
236,3697,2.5,16138
236,1804,2.5,16139
236,872,2.5,16140
236,1458,2.5,16141
236,3438,2.5,16142
236,2756,2.5,16143
236,3478,2.5,16144
236,2405,2.5,16145
236,2561,2.5,16146
236,2479,2.5,16147
236,879,2.5,16148
236,2774,2.5,16149
236,3540,2.5,16150
236,844,2.5,16151
236,3036,2.5,16152
236,3286,2.5,16153
236,1671,2.5,16154
236,694,2.5,16155
236,3421,2.5,16156
236,1237,2.5,16157
236,3035,2.5,16158
236,3467,2.5,16159
236,2043,2.5,16160
236,877,2.5,16161
236,3423,2.5,16162
236,2524,2.5,16163
236,2598,2.5,16164
236,4774,4.0,16165
237,5633,5.0,16166
237,5634,5.0,16167
237,6069,5.0,16168
237,6505,5.0,16169
237,6469,4.0,16170
237,5505,3.5,16171
237,4671,3.5,16172
237,5042,4.0,16173
237,5220,3.5,16174
237,4201,4.0,16175
237,5629,3.5,16176
237,4313,4.0,16177
237,6111,4.0,16178
237,5874,4.5,16179
237,6715,4.5,16180
237,5962,1.0,16181
237,6143,3.0,16182
237,4753,4.0,16183
237,5752,3.5,16184
237,5040,3.5,16185
237,5954,4.5,16186
237,6573,4.5,16187
237,5445,4.0,16188
237,6634,4.5,16189
237,5072,4.5,16190
237,6501,4.0,16191
237,6142,4.5,16192
237,4942,2.5,16193
237,5689,5.0,16194
237,4636,3.5,16195
237,4635,3.5,16196
238,6260,5.0,16197
238,2592,5.0,16198
238,2215,5.0,16199
238,981,5.0,16200
238,5876,2.5,16201
238,2903,5.0,16202
238,87,2.5,16203
238,1088,5.0,16204
238,728,5.0,16205
238,845,4.5,16206
238,3661,2.5,16207
238,996,2.5,16208
238,2554,5.0,16209
238,1148,2.5,16210
238,3289,2.5,16211
238,796,2.5,16212
238,2561,4.0,16213
238,2774,3.5,16214
238,844,5.0,16215
238,2598,4.0,16216
238,1434,4.0,16217
238,2558,2.5,16218
238,279,2.5,16219
238,2560,5.0,16220
238,727,4.0,16221
238,280,2.5,16222
238,418,2.5,16223
238,2596,4.0,16224
238,636,2.5,16225
238,3398,4.0,16226
238,3226,2.5,16227
238,1391,5.0,16228
238,2559,5.0,16229
238,1147,2.5,16230
238,795,2.5,16231
238,2705,2.5,16232
238,2829,5.0,16233
238,536,2.5,16234
238,726,5.0,16235
238,3710,2.5,16236
238,2595,4.0,16237
238,1363,2.5,16238
238,278,2.5,16239
238,1146,2.5,16240
238,538,2.5,16241
238,3049,2.5,16242
238,2828,5.0,16243
238,2730,2.5,16244
238,2744,2.5,16245
238,537,2.5,16246
238,1185,2.5,16247
238,2679,2.5,16248
238,1184,2.5,16249
238,1276,5.0,16250
238,1422,5.0,16251
238,1187,2.5,16252
238,3565,2.5,16253
238,1520,2.5,16254
238,1188,2.5,16255
238,2253,2.5,16256
238,551,2.5,16257
238,1186,2.5,16258
238,3011,2.5,16259
238,2960,3.5,16260
238,2552,2.5,16261
238,1190,2.5,16262
238,2462,2.5,16263
238,2384,5.0,16264
238,1030,2.5,16265
238,2141,5.0,16266
238,986,2.5,16267
238,980,5.0,16268
238,1183,2.5,16269
238,1587,2.5,16270
238,4815,4.0,16271
239,4146,5.0,16272
239,512,5.0,16273
239,3127,5.0,16274
239,834,5.0,16275
239,5559,4.0,16276
239,6634,5.0,16277
239,5954,5.0,16278
239,6574,2.5,16279
239,3561,4.0,16280
239,2047,4.5,16281
239,1090,4.0,16282
239,2699,4.0,16283
239,1508,4.0,16284
239,1434,3.5,16285
239,2088,5.0,16286
239,2911,5.0,16287
239,1216,5.0,16288
239,428,4.5,16289
239,1391,4.0,16290
239,284,3.0,16291
239,1065,4.0,16292
239,531,3.5,16293
239,2473,4.5,16294
239,251,5.0,16295
239,1369,4.5,16296
239,2948,3.5,16297
239,3622,5.0,16298
239,884,5.0,16299
239,790,3.5,16300
239,2850,4.0,16301
239,2997,4.0,16302
239,2465,5.0,16303
239,2112,2.5,16304
239,273,4.0,16305
239,1874,4.0,16306
239,1357,4.0,16307
239,3522,4.0,16308
239,666,5.0,16309
239,2849,5.0,16310
239,2253,4.0,16311
239,1952,4.5,16312
239,3192,4.5,16313
239,2862,3.5,16314
239,2208,4.5,16315
239,325,4.5,16316
239,1280,5.0,16317
239,1190,4.0,16318
239,899,5.0,16319
239,1272,3.5,16320
239,1183,4.5,16321
239,1189,4.5,16322
239,2567,5.0,16323
239,2290,5.0,16324
239,200,4.5,16325
239,975,5.0,16326
239,3097,4.0,16327
239,3327,5.0,16328
239,2404,3.5,16329
239,556,4.0,16330
239,1019,3.5,16331
239,2291,1.0,16332
239,3261,5.0,16333
239,1117,4.0,16334
239,3259,4.5,16335
239,5558,3.0,16336
240,5210,5.0,16337
240,5211,5.0,16338
240,3914,5.0,16339
240,2730,5.0,16340
240,4651,2.5,16341
240,4652,5.0,16342
240,6193,4.0,16343
240,6192,5.0,16344
240,6276,4.0,16345
240,4994,5.0,16346
240,6254,5.0,16347
240,5235,2.0,16348
240,4691,5.0,16349
240,5186,5.0,16350
240,6526,5.0,16351
240,4343,5.0,16352
240,3991,5.0,16353
240,4919,5.0,16354
240,5439,3.0,16355
240,5501,4.0,16356
240,4033,3.0,16357
240,5662,4.0,16358
240,5573,2.5,16359
240,3801,5.0,16360
240,5929,5.0,16361
240,6476,5.0,16362
240,6682,5.0,16363
240,4995,3.0,16364
240,4503,5.0,16365
240,4104,4.0,16366
240,5907,5.0,16367
240,5280,5.0,16368
240,3864,5.0,16369
240,4808,5.0,16370
240,4661,1.0,16371
240,4207,5.0,16372
240,3867,1.0,16373
240,5156,5.0,16374
240,5665,5.0,16375
240,5148,5.0,16376
240,3912,5.0,16377
240,4499,3.0,16378
240,6396,5.0,16379
240,5093,5.0,16380
240,4988,5.0,16381
240,5376,5.0,16382
240,5427,5.0,16383
240,4356,5.0,16384
240,4632,5.0,16385
240,4828,5.0,16386
240,4799,5.0,16387
240,5429,5.0,16388
240,5091,5.0,16389
240,4288,1.0,16390
240,3915,5.0,16391
240,5460,2.5,16392
240,1789,5.0,16393
240,2215,5.0,16394
240,2110,5.0,16395
240,275,4.0,16396
240,3239,2.0,16397
240,2280,2.0,16398
240,1307,3.0,16399
240,931,5.0,16400
240,1741,2.0,16401
240,2914,5.0,16402
240,1901,5.0,16403
240,728,5.0,16404
240,234,1.0,16405
240,1554,2.0,16406
240,2799,4.0,16407
240,1954,2.0,16408
240,2554,5.0,16409
240,2518,4.0,16410
240,277,5.0,16411
240,3438,5.0,16412
240,3501,5.0,16413
240,2561,4.0,16414
240,2578,5.0,16415
240,3421,5.0,16416
240,1135,5.0,16417
240,3423,5.0,16418
240,2517,5.0,16419
240,2259,1.0,16420
240,2558,3.0,16421
240,279,5.0,16422
240,2560,5.0,16423
240,376,3.0,16424
240,3422,5.0,16425
240,683,1.0,16426
240,1710,5.0,16427
240,280,5.0,16428
240,2260,5.0,16429
240,98,5.0,16430
240,1748,5.0,16431
240,2956,5.0,16432
240,1450,5.0,16433
240,636,5.0,16434
240,3398,5.0,16435
240,1502,5.0,16436
240,2559,3.0,16437
240,342,5.0,16438
240,1152,5.0,16439
240,1530,5.0,16440
240,1985,4.0,16441
240,536,5.0,16442
240,3090,5.0,16443
240,1749,5.0,16444
240,229,5.0,16445
240,1457,5.0,16446
240,278,5.0,16447
240,1369,5.0,16448
240,3102,5.0,16449
240,858,5.0,16450
240,538,5.0,16451
240,3622,4.0,16452
240,2998,3.0,16453
240,3663,5.0,16454
240,1984,5.0,16455
240,1383,5.0,16456
240,2744,5.0,16457
240,537,5.0,16458
240,1040,5.0,16459
240,2679,5.0,16460
240,851,3.0,16461
240,1003,1.0,16462
240,1381,5.0,16463
240,273,5.0,16464
240,3764,4.0,16465
240,6191,3.0,16466
240,5829,3.0,16467
240,4264,3.0,16468
241,4527,5.0,16469
241,4528,5.0,16470
241,5815,5.0,16471
241,3918,5.0,16472
241,4847,3.0,16473
241,4848,4.0,16474
241,4177,4.0,16475
241,4649,4.0,16476
241,6542,5.0,16477
241,5065,2.5,16478
241,6226,2.5,16479
241,6225,3.5,16480
241,6239,3.0,16481
241,6713,3.0,16482
241,4339,5.0,16483
241,3971,3.5,16484
241,6634,4.5,16485
241,3914,4.0,16486
241,3977,4.0,16487
241,6267,3.0,16488
241,3742,5.0,16489
241,4408,3.5,16490
241,5461,4.0,16491
241,5312,4.5,16492
241,5877,5.0,16493
241,6582,4.0,16494
241,6691,1.5,16495
241,4025,4.5,16496
241,4063,4.0,16497
241,6575,4.0,16498
241,3910,3.5,16499
241,6313,5.0,16500
241,6411,4.0,16501
241,5486,2.5,16502
241,4487,4.0,16503
241,4165,3.5,16504
241,4167,3.0,16505
241,4745,4.0,16506
241,5321,3.5,16508
241,5880,3.0,16509
241,6627,4.5,16510
241,5738,5.0,16511
241,4288,5.0,16512
241,3830,3.0,16513
241,3747,3.5,16514
241,5631,3.0,16515
241,3867,3.0,16516
241,4946,4.5,16517
241,4290,4.0,16518
241,3714,4.0,16519
241,6522,2.5,16520
241,5825,5.0,16521
241,4670,5.0,16522
241,5336,4.0,16523
241,6266,3.5,16524
241,275,3.5,16525
241,3561,4.0,16526
241,1088,4.0,16527
241,3633,4.5,16528
241,1053,4.0,16529
241,5361,1.5,16530
241,4489,5.0,16531
241,3884,2.5,16532
241,4083,4.0,16533
241,234,3.0,16534
241,4108,4.0,16535
241,5404,3.0,16536
241,4973,4.0,16537
241,4756,4.0,16538
241,4291,4.5,16539
241,840,4.0,16540
241,4075,3.5,16541
241,4104,4.0,16542
241,5717,4.5,16543
241,3963,4.5,16544
241,5494,4.0,16545
241,1954,3.0,16546
241,6228,5.0,16547
241,5175,5.0,16548
241,1148,5.0,16549
241,3799,3.5,16550
241,4293,4.5,16551
241,231,2.5,16552
241,277,4.5,16553
241,419,4.5,16554
241,1090,4.0,16555
241,796,3.0,16556
241,4566,5.0,16557
241,2756,4.0,16558
241,2561,5.0,16559
241,901,1.0,16560
241,4492,4.5,16561
241,2438,4.5,16562
241,422,3.0,16563
241,2078,5.0,16564
241,2598,0.5,16565
241,1508,4.5,16566
241,2558,4.0,16567
241,187,3.0,16568
241,2160,5.0,16569
241,279,5.0,16570
241,6236,5.0,16571
241,4292,3.5,16572
241,683,5.0,16573
241,230,2.5,16574
241,280,5.0,16575
241,418,3.5,16576
241,2146,1.5,16577
241,2596,3.5,16578
241,2514,4.0,16579
241,3398,5.0,16580
241,2559,4.0,16581
241,3983,3.5,16582
241,1147,5.0,16583
241,2338,3.5,16584
241,795,3.0,16585
241,536,3.5,16586
241,5876,4.0,16587
241,6410,3.5,16588
241,4974,3.5,16589
241,5191,3.0,16590
241,5949,3.0,16591
242,4635,5.0,16592
242,975,5.0,16593
242,1369,5.0,16594
242,2592,5.0,16595
242,6268,2.5,16596
242,2598,1.0,16597
242,2596,1.5,16598
242,2595,2.5,16599
242,2591,2.0,16600
242,2590,2.5,16601
242,2302,3.0,16602
242,2884,4.5,16603
242,2589,3.5,16604
243,4582,5.0,16605
243,4583,5.0,16606
243,5474,5.0,16607
243,5790,5.0,16608
243,4636,5.0,16609
243,6634,5.0,16610
243,4775,5.0,16611
243,4451,5.0,16612
243,5473,2.5,16613
243,1795,3.0,16614
243,3622,5.0,16615
243,3174,5.0,16616
243,803,5.0,16617
243,975,5.0,16618
243,930,4.0,16619
243,1115,5.0,16620
244,4407,5.0,16621
244,4408,5.0,16622
244,5218,5.0,16623
244,4055,5.0,16624
244,3844,2.5,16625
244,5211,3.0,16626
244,5072,4.0,16627
244,6307,2.5,16628
244,3290,4.5,16629
244,997,3.5,16630
244,2994,2.0,16631
244,2009,4.0,16632
244,3711,4.0,16633
244,3634,3.5,16634
244,1517,4.0,16635
244,3409,3.0,16636
244,2509,1.0,16637
244,535,3.0,16638
244,2526,4.5,16639
244,3633,5.0,16640
244,728,3.0,16641
244,760,2.0,16642
244,1362,4.0,16643
244,226,3.0,16644
244,3002,4.0,16645
244,1554,2.0,16646
244,996,5.0,16647
244,3466,4.0,16648
244,2047,2.0,16649
244,319,4.0,16650
244,865,4.0,16651
244,3289,4.0,16652
244,2445,3.5,16653
244,231,2.0,16654
244,419,2.0,16655
244,3620,3.5,16656
244,796,2.0,16657
244,2525,3.5,16658
244,2750,4.0,16659
244,2756,4.0,16660
244,3478,4.0,16661
244,2685,2.0,16662
244,3501,2.5,16663
244,2405,3.5,16664
244,3607,3.0,16665
244,2479,3.5,16666
244,879,4.5,16667
244,2343,3.0,16668
244,2724,2.0,16669
244,3286,2.5,16670
244,422,3.0,16671
244,1671,3.0,16672
244,694,3.0,16673
244,1160,4.5,16674
244,3467,4.0,16675
244,2043,2.0,16676
244,2524,3.0,16677
244,379,1.5,16678
244,1047,3.5,16679
244,2725,4.0,16680
244,1392,3.5,16681
244,759,4.0,16682
244,2558,3.0,16683
244,716,4.0,16684
244,279,5.0,16685
244,2444,3.5,16686
244,540,3.5,16687
244,3611,3.5,16688
244,165,4.0,16689
244,2560,4.0,16690
244,244,3.0,16691
244,1366,3.0,16692
244,376,1.5,16693
244,2244,3.0,16694
244,452,4.5,16695
244,683,4.5,16696
244,230,3.5,16697
244,1350,3.0,16698
244,1999,4.0,16699
244,727,2.5,16700
244,6629,4.0,16701
245,5357,5.0,16702
245,5358,5.0,16703
245,5850,5.0,16704
245,830,5.0,16705
245,6415,3.0,16706
245,6416,5.0,16707
245,6003,5.0,16708
245,6087,5.0,16709
245,5061,5.0,16710
245,4101,4.5,16711
245,6209,5.0,16712
245,5523,5.0,16713
245,4551,5.0,16714
245,3943,5.0,16715
245,4926,5.0,16716
245,4664,5.0,16717
245,5693,5.0,16718
245,5620,5.0,16719
245,5579,5.0,16720
245,5569,4.5,16721
245,5502,5.0,16722
245,5268,5.0,16723
245,4619,5.0,16724
245,4581,5.0,16725
245,6274,5.0,16726
245,5826,5.0,16727
245,3982,5.0,16728
245,6343,4.5,16729
245,4153,5.0,16730
245,5686,5.0,16731
245,4131,5.0,16732
245,3797,5.0,16733
245,3778,5.0,16734
245,6356,4.5,16735
245,6275,4.0,16736
245,6245,4.0,16737
245,5469,4.5,16738
245,4702,5.0,16739
245,5411,5.0,16740
245,4592,4.0,16741
245,5449,5.0,16742
245,5426,5.0,16743
245,6505,5.0,16744
245,4588,5.0,16745
245,3980,5.0,16746
245,6181,5.0,16747
245,6105,4.0,16748
245,4333,4.0,16749
245,5798,4.0,16750
245,5606,4.0,16751
245,5756,5.0,16752
245,5632,5.0,16753
245,4322,5.0,16754
245,5828,4.0,16755
245,5366,5.0,16756
245,5292,2.5,16757
245,6146,2.5,16758
245,2476,5.0,16759
245,2005,5.0,16760
245,892,5.0,16761
245,3354,4.0,16762
245,1012,5.0,16763
245,1053,5.0,16764
245,3235,5.0,16765
245,480,5.0,16766
245,1662,5.0,16767
245,3116,5.0,16768
245,1248,5.0,16769
245,3184,5.0,16770
245,654,4.0,16771
245,3512,5.0,16772
245,3233,5.0,16773
245,3186,4.0,16774
245,2022,5.0,16775
245,893,4.0,16776
245,2439,4.0,16777
245,250,3.5,16778
245,2425,5.0,16779
245,2796,4.5,16780
245,1826,5.0,16781
245,3240,5.0,16782
245,3217,4.0,16783
245,2568,4.0,16784
245,3133,5.0,16785
245,2102,4.0,16786
245,787,2.5,16787
245,2603,4.0,16788
245,3511,3.0,16789
245,2109,4.0,16790
245,166,5.0,16791
245,3536,5.0,16792
245,1233,5.0,16793
245,255,3.5,16794
245,2869,2.5,16795
245,3155,3.0,16796
245,523,5.0,16797
245,331,5.0,16798
245,2751,5.0,16799
245,216,3.5,16800
245,2758,5.0,16801
245,921,4.0,16802
245,2088,4.0,16803
245,2928,5.0,16804
245,1812,4.0,16805
245,939,4.0,16806
245,928,5.0,16807
245,1955,5.0,16808
245,1858,3.5,16809
245,2413,3.0,16810
245,3518,5.0,16811
245,714,4.0,16812
245,1292,4.0,16813
245,1315,3.0,16814
245,3270,5.0,16815
245,3125,4.0,16816
245,1494,3.0,16817
245,2004,5.0,16818
245,2717,5.0,16819
245,2905,4.0,16820
245,2305,5.0,16821
245,2070,5.0,16822
245,1084,3.0,16823
245,56,3.5,16824
245,3131,4.0,16825
245,19,5.0,16826
245,429,4.0,16827
245,506,4.0,16828
245,3294,5.0,16829
245,5267,4.0,16830
245,4895,3.5,16831
245,4979,3.0,16832
245,5530,3.0,16833
245,3726,3.0,16834
246,4283,2.5,16835
246,2836,4.0,16836
246,2215,4.5,16837
246,3667,4.0,16838
246,1996,4.0,16839
246,2485,4.0,16840
246,3172,4.0,16841
246,1435,2.5,16842
246,226,2.5,16843
246,2898,2.5,16844
246,234,3.5,16845
246,3661,2.5,16846
246,1232,3.5,16847
246,1954,2.5,16848
246,3106,5.0,16849
246,3438,4.0,16850
246,2756,2.5,16851
246,1600,2.5,16852
246,2259,2.5,16853
246,339,4.5,16854
246,1535,2.5,16855
246,1530,4.0,16856
246,1663,2.5,16857
246,788,5.0,16858
246,3370,2.5,16859
246,2213,5.0,16860
246,2997,5.0,16861
246,684,2.5,16862
246,1144,5.0,16863
246,273,5.0,16864
246,3202,4.0,16865
246,47,4.0,16866
246,3484,5.0,16867
246,2862,2.5,16868
246,1873,4.5,16869
246,3627,2.5,16870
246,3136,5.0,16871
246,1755,5.0,16872
246,12,2.5,16873
246,1272,5.0,16874
246,1845,5.0,16875
246,1559,2.5,16876
246,631,5.0,16877
246,1019,2.5,16878
246,1240,5.0,16879
246,2206,2.5,16880
246,3615,2.5,16881
246,3196,2.5,16882
246,971,2.5,16883
247,5863,5.0,16884
247,5864,5.0,16885
247,6217,5.0,16887
247,6133,5.0,16888
247,5698,5.0,16889
247,5401,2.5,16890
247,1732,2.5,16891
247,2863,2.5,16892
247,1898,2.5,16893
247,3514,2.5,16894
247,1870,2.5,16895
247,130,2.5,16896
247,196,2.5,16897
247,698,2.5,16898
247,641,2.5,16899
247,3394,2.5,16900
247,2012,2.5,16901
247,3633,2.5,16902
247,3105,2.5,16903
247,1373,2.5,16904
247,197,2.5,16905
247,764,2.5,16906
247,1323,2.5,16907
247,3609,2.5,16908
247,199,2.5,16909
247,91,2.5,16910
247,3194,4.0,16911
247,319,2.5,16912
247,1954,2.5,16913
247,259,2.5,16914
247,548,2.5,16915
247,2970,2.5,16916
247,1149,2.5,16917
247,2486,2.5,16918
247,1090,2.5,16919
247,3166,2.5,16920
247,1304,2.5,16921
247,1081,2.5,16922
247,1804,2.5,16923
247,659,2.5,16924
247,3410,2.5,16925
247,1961,2.5,16926
247,1072,2.5,16927
247,3632,2.5,16928
247,1943,2.5,16929
247,3200,2.5,16930
247,198,2.5,16931
247,1386,2.5,16932
247,1863,2.5,16933
247,61,2.5,16934
247,1508,2.5,16935
247,1795,2.5,16936
247,1062,2.5,16937
247,165,2.5,16938
247,660,2.5,16939
247,3600,2.5,16940
247,62,2.5,16941
247,1737,2.5,16942
247,339,2.5,16943
247,604,2.5,16944
247,1710,2.5,16945
247,919,2.5,16946
247,60,2.5,16947
247,3434,2.5,16948
247,332,2.5,16949
247,1535,2.5,16950
247,763,2.5,16951
247,120,2.5,16952
247,531,2.5,16953
247,1814,2.5,16954
247,495,2.5,16955
247,1353,2.5,16956
247,529,2.5,16957
247,1004,2.5,16958
247,115,2.5,16959
247,2770,2.5,16960
247,2548,2.5,16961
247,1803,2.5,16962
247,6632,4.0,16963
248,6235,5.0,16964
248,2560,5.0,16965
248,3714,5.0,16966
248,4941,3.5,16967
248,4942,3.5,16968
248,5922,5.0,16969
248,5815,5.0,16970
248,5246,5.0,16971
248,4151,5.0,16972
248,6643,3.0,16973
248,5730,5.0,16974
248,5324,4.0,16975
248,4674,3.5,16976
248,5437,3.0,16977
248,4792,3.5,16978
248,6133,5.0,16979
248,4698,5.0,16980
248,5280,5.0,16981
248,5378,4.0,16982
248,6217,5.0,16983
248,3910,4.0,16984
248,6228,5.0,16985
248,6111,5.0,16986
248,2278,5.0,16987
248,3159,5.0,16988
248,3158,5.0,16989
248,2257,5.0,16990
248,1600,5.0,16991
248,1047,4.0,16992
248,1031,4.0,16993
248,2956,4.0,16994
248,1829,5.0,16995
248,179,3.0,16996
248,3000,3.5,16997
248,1367,3.5,16998
248,2999,3.5,16999
248,1369,4.0,17000
248,3102,4.5,17001
248,788,4.0,17002
248,2998,3.5,17003
248,1565,4.0,17004
248,2997,4.0,17005
248,2679,5.0,17006
248,1276,5.0,17007
248,3202,4.5,17008
248,666,4.0,17009
248,2849,2.5,17010
248,1709,4.0,17011
248,1155,4.0,17012
248,2862,5.0,17013
248,2208,4.0,17014
248,1280,2.5,17015
248,3136,4.0,17016
248,1755,5.0,17017
248,3066,2.5,17018
248,3067,2.5,17019
248,3065,2.5,17020
248,2567,4.0,17021
248,1869,4.0,17022
248,1978,3.5,17023
248,3097,3.5,17024
248,3327,4.0,17025
248,2206,3.5,17026
248,725,2.5,17027
248,1910,4.0,17028
248,290,5.0,17029
248,2242,3.0,17030
248,2884,2.5,17031
248,2589,2.5,17032
248,1736,4.0,17033
248,5657,4.0,17034
248,6132,3.5,17035
249,4784,5.0,17036
249,4785,5.0,17037
249,4636,5.0,17038
249,2948,4.0,17039
249,975,5.0,17040
250,5071,5.0,17041
250,1369,5.0,17042
250,2211,5.0,17043
250,844,5.0,17044
250,5947,2.5,17045
250,2283,3.5,17046
250,3400,1.5,17047
250,2520,4.0,17048
250,2258,3.5,17049
250,2285,2.5,17050
250,1249,3.5,17051
250,3667,2.5,17052
250,2110,4.0,17053
250,210,2.5,17054
250,2994,3.0,17055
250,275,5.0,17056
250,3711,4.5,17057
250,420,4.0,17058
250,3381,2.5,17059
250,3063,4.0,17060
250,903,5.0,17061
250,3561,4.0,17062
250,2830,4.0,17063
250,3088,2.5,17064
250,1916,3.0,17065
250,3593,4.0,17066
250,3506,3.5,17067
250,1517,4.0,17068
250,1460,3.0,17069
250,931,4.0,17070
250,1278,3.5,17071
250,966,2.5,17072
250,983,2.5,17073
250,3521,2.5,17074
250,2485,4.5,17075
250,3052,3.0,17076
250,3576,4.5,17077
250,2128,2.5,17078
250,3114,2.5,17079
250,2947,2.5,17080
250,1901,3.5,17081
250,3428,2.5,17082
250,650,2.5,17083
250,3651,2.0,17084
250,2036,3.5,17085
250,2471,2.5,17086
250,526,4.0,17087
250,1217,3.0,17088
250,431,3.5,17089
250,1612,2.5,17090
250,3491,3.5,17091
250,99,3.5,17092
250,1362,3.5,17093
250,3285,3.0,17094
250,1501,4.0,17095
250,845,5.0,17096
250,234,3.5,17097
250,2710,2.0,17098
250,1554,2.5,17099
250,2899,4.0,17100
250,3440,2.5,17101
250,2617,4.0,17102
250,3614,3.5,17103
250,2513,4.0,17104
250,2368,3.5,17105
250,319,3.5,17106
250,1364,4.0,17107
250,1900,2.0,17108
250,865,5.0,17109
250,917,2.0,17110
250,277,5.0,17111
250,2676,2.5,17112
250,1090,3.0,17113
250,3106,3.5,17114
250,809,2.5,17115
250,3360,3.5,17116
250,2104,3.5,17117
250,5343,4.0,17118
250,5504,4.0,17119
250,6110,4.0,17120
251,4156,5.0,17121
251,531,5.0,17122
251,1190,5.0,17123
251,339,5.0,17124
251,5402,2.5,17125
251,1733,2.5,17126
251,2485,2.5,17127
251,650,2.5,17128
251,2681,2.5,17129
251,2212,2.5,17130
251,319,2.5,17131
251,2104,2.5,17132
251,3669,2.5,17133
251,963,2.5,17134
251,964,5.0,17135
251,965,2.5,17136
251,1392,2.5,17137
251,1795,2.5,17138
251,2956,2.5,17139
251,1391,5.0,17140
251,2829,2.5,17141
251,2828,2.5,17142
251,3174,2.5,17143
251,1422,2.5,17144
251,666,2.5,17145
251,1186,2.5,17146
251,2552,2.5,17147
251,3627,2.5,17148
251,3136,2.5,17149
251,1755,2.5,17150
251,1559,2.5,17151
251,3164,2.5,17152
251,2404,2.5,17153
251,631,2.5,17154
251,971,2.5,17155
251,2804,2.5,17156
251,3259,2.5,17157
251,3369,2.5,17158
251,4628,4.0,17159
252,4678,5.0,17160
252,4679,5.0,17161
252,4408,5.0,17162
252,5042,5.0,17163
252,6501,4.0,17164
252,4227,3.0,17165
252,3860,3.0,17166
252,4228,4.0,17167
252,4955,5.0,17168
252,6128,4.0,17169
252,3593,2.5,17170
252,574,4.0,17171
252,636,2.5,17172
252,1065,4.0,17173
252,2997,3.5,17174
252,1185,2.5,17175
252,2679,2.5,17176
252,1184,2.5,17177
252,1187,2.5,17178
252,666,2.5,17179
252,3565,2.5,17180
252,1188,2.5,17181
252,2253,2.5,17182
252,2862,4.0,17183
252,1186,2.5,17184
252,3011,2.5,17185
252,1190,2.5,17186
252,1183,2.5,17187
252,1189,2.5,17188
252,2461,2.5,17189
253,6134,5.0,17190
253,2465,5.0,17191
253,1348,5.0,17192
253,1357,5.0,17193
253,6666,2.5,17194
253,3371,3.5,17195
253,3561,3.5,17196
253,3563,3.0,17197
253,3183,3.0,17198
253,1612,3.0,17199
253,1554,3.5,17200
253,2047,3.5,17201
253,3161,3.5,17202
253,174,4.0,17203
253,1090,4.0,17204
253,3360,3.5,17205
253,938,3.5,17206
253,3372,3.0,17207
253,1963,4.0,17208
253,863,3.0,17209
253,3018,3.0,17210
253,1024,3.5,17211
253,1508,4.5,17212
253,3182,4.0,17213
253,1434,4.0,17214
253,2024,3.0,17215
253,3528,3.5,17216
253,702,3.5,17217
253,998,2.5,17218
253,18,2.5,17219
253,1065,4.0,17220
253,67,4.0,17221
253,3016,4.0,17222
253,1152,4.0,17223
253,1369,4.0,17224
253,1103,3.5,17225
253,1945,4.0,17226
253,2948,2.0,17227
253,3622,4.0,17228
253,3370,4.5,17229
253,2213,4.0,17230
253,2512,4.0,17231
253,894,4.0,17232
253,3663,3.5,17233
253,790,4.0,17234
253,2690,3.5,17235
253,1782,3.5,17236
253,2997,4.0,17237
253,3015,3.5,17238
253,1550,3.5,17239
253,3706,3.5,17240
253,2849,4.5,17241
253,3355,4.0,17242
253,2245,4.0,17243
253,1297,3.5,17244
253,281,3.5,17245
253,860,2.5,17246
253,13,4.5,17247
253,1952,3.5,17248
253,1254,4.0,17249
253,3206,4.0,17250
253,2859,3.5,17251
253,551,4.0,17252
253,819,4.0,17253
253,2654,3.0,17254
253,2046,3.5,17255
253,2384,4.0,17256
253,564,4.0,17257
253,1783,3.5,17258
253,561,4.0,17259
253,1087,4.0,17260
253,200,3.5,17261
253,975,4.0,17262
253,190,4.0,17263
253,6068,4.0,17264
254,5071,5.0,17265
254,5072,5.0,17266
254,4233,5.0,17267
254,3097,5.0,17268
254,4232,3.5,17269
254,4636,5.0,17270
254,6719,3.5,17271
254,5876,2.5,17272
254,2215,4.0,17273
254,3711,3.5,17274
254,975,5.0,17275
254,2224,5.0,17276
254,5421,4.0,17277
255,4276,5.0,17278
255,4277,5.0,17279
255,2948,5.0,17280
255,4636,5.0,17281
255,5876,3.5,17282
255,5877,4.0,17283
255,3795,5.0,17284
255,5171,5.0,17286
255,5239,4.0,17287
255,4145,4.0,17288
255,5056,4.0,17289
255,3910,3.0,17290
255,6543,4.0,17291
255,4157,3.5,17292
255,3714,4.0,17293
255,4942,1.5,17294
255,6159,4.0,17295
255,6719,3.0,17296
255,6069,4.0,17297
255,4353,5.0,17298
255,5291,3.5,17299
255,4898,4.0,17300
255,5318,5.0,17301
255,5763,5.0,17302
255,5858,4.5,17303
255,4745,4.0,17304
255,5192,3.5,17305
255,6665,3.0,17306
255,6142,4.0,17307
255,5658,4.0,17308
255,6256,3.0,17309
255,5138,5.0,17310
255,4673,4.0,17311
255,5211,5.0,17312
255,6244,5.0,17313
255,4662,5.0,17314
255,6133,5.0,17315
255,5072,5.0,17316
255,4608,5.0,17317
255,4946,5.0,17318
255,4447,3.0,17319
255,6175,3.0,17320
255,4524,0.5,17321
255,3989,5.0,17322
255,6514,4.0,17323
255,3765,5.0,17324
255,5002,5.0,17325
255,6135,5.0,17326
255,4553,5.0,17327
255,5042,5.0,17328
255,5126,4.0,17329
255,4460,2.5,17330
255,2871,3.0,17331
255,2622,2.5,17332
255,2994,1.5,17333
255,275,3.0,17334
255,542,5.0,17335
255,3561,4.0,17336
255,3244,2.5,17337
255,1558,4.0,17338
255,3285,3.0,17339
255,3661,3.0,17340
255,1554,4.0,17341
255,2513,3.0,17342
255,3377,5.0,17343
255,2799,5.0,17344
255,319,4.0,17345
255,2554,5.0,17346
255,1969,3.5,17347
255,449,4.0,17348
255,2561,5.0,17349
255,844,4.0,17350
255,1600,5.0,17351
255,279,5.0,17352
255,2560,5.0,17353
255,280,5.0,17354
255,1390,4.0,17355
255,3398,5.0,17356
255,1065,5.0,17357
255,531,3.5,17358
255,726,4.0,17359
255,2910,5.0,17360
255,3622,5.0,17361
255,470,5.0,17362
255,3174,5.0,17363
255,1853,5.0,17364
255,2744,3.5,17365
255,684,4.0,17366
255,273,4.0,17367
255,1357,4.0,17368
255,2849,5.0,17369
255,1709,2.0,17370
255,1601,3.0,17371
255,2862,4.0,17372
255,1280,5.0,17373
255,1190,5.0,17374
255,6500,4.0,17375
255,5191,3.5,17376
255,6132,3.5,17377
256,5789,5.0,17378
256,5790,5.0,17379
256,6544,5.0,17380
256,2985,5.0,17381
256,6707,3.5,17382
256,6708,4.0,17383
256,3747,3.5,17384
256,5680,4.5,17385
256,6377,2.5,17386
256,4199,3.5,17387
256,3722,4.0,17388
256,6334,5.0,17389
256,5763,3.5,17390
256,4959,2.5,17391
256,5838,4.5,17392
256,3989,4.0,17393
256,4003,3.5,17394
256,4898,3.5,17395
256,3927,4.5,17396
256,5783,3.0,17397
256,5958,4.5,17398
256,4679,3.5,17399
256,4553,4.0,17400
256,5371,2.0,17401
256,5782,2.5,17402
256,3588,3.5,17403
256,2212,3.5,17404
256,3324,3.5,17405
256,452,4.0,17406
256,1770,3.5,17407
256,3627,4.0,17408
256,7,4.5,17409
256,5814,4.0,17410
256,4897,3.5,17411
256,5370,3.0,17412
257,4386,5.0,17413
257,2859,5.0,17414
257,2850,5.0,17415
257,325,5.0,17416
257,5699,2.5,17417
257,2027,4.0,17418
257,2756,5.0,17419
257,1945,4.0,17420
257,3370,5.0,17421
257,2213,5.0,17422
257,2849,5.0,17423
257,564,4.0,17424
257,3065,5.0,17425
257,975,5.0,17426
257,2410,5.0,17427
257,1117,5.0,17428
258,4156,5.0,17429
258,531,5.0,17430
258,3066,5.0,17431
258,5933,2.5,17432
258,5402,2.5,17433
258,1733,5.0,17434
258,3088,4.0,17435
258,845,5.0,17436
258,957,2.0,17437
258,1148,4.0,17438
258,419,3.0,17439
258,382,2.0,17440
258,512,4.0,17441
258,3397,2.0,17442
258,913,5.0,17443
258,2756,3.0,17444
258,2561,4.0,17445
258,901,2.0,17446
258,844,5.0,17447
258,2438,4.0,17448
258,932,3.0,17449
258,2109,3.0,17450
258,1600,5.0,17451
258,1449,3.0,17452
258,956,3.0,17453
258,2558,4.0,17454
258,279,5.0,17455
258,540,2.0,17456
258,280,4.0,17457
258,2260,3.0,17458
258,418,5.0,17459
258,1748,5.0,17460
258,1450,3.0,17461
258,2921,3.0,17462
258,2559,4.0,17463
258,2908,3.0,17464
258,1147,4.0,17465
258,3450,5.0,17466
258,536,3.0,17467
258,1749,4.0,17468
258,1054,4.0,17469
258,2983,5.0,17470
258,3102,5.0,17471
258,1146,4.0,17472
258,2731,3.0,17473
258,2984,4.0,17474
258,3663,2.5,17475
258,955,3.0,17476
258,1076,3.0,17477
258,2982,4.0,17478
258,2730,3.0,17479
258,952,3.0,17480
258,3023,4.0,17481
258,2357,5.0,17482
258,2553,4.0,17483
258,2907,5.0,17484
258,2552,3.0,17485
258,3067,5.0,17486
258,2551,3.0,17487
258,3065,5.0,17488
258,2356,5.0,17489
258,2906,3.0,17490
258,2355,5.0,17491
258,3025,4.0,17492
258,3024,3.0,17493
258,3022,4.0,17494
258,6232,4.0,17495
259,5172,5.0,17496
259,1490,5.0,17497
259,1489,5.0,17498
259,2291,5.0,17499
259,6296,2.5,17500
259,3285,4.0,17501
259,2047,4.0,17502
259,913,4.0,17503
259,2922,2.0,17504
259,2078,3.0,17505
259,2024,4.0,17506
259,1369,5.0,17507
259,3370,4.0,17508
259,2134,3.0,17509
259,2860,4.0,17510
259,2788,4.0,17511
259,556,5.0,17512
259,1117,4.0,17513
259,22,5.0,17514
259,2757,5.0,17515
259,3544,3.0,17516
259,7,5.0,17517
259,2431,5.0,17518
259,2481,4.0,17519
260,6565,5.0,17520
260,6566,5.0,17521
260,6516,5.0,17522
260,4324,5.0,17523
260,6124,2.5,17524
260,6125,5.0,17525
260,5540,5.0,17526
260,5655,5.0,17527
260,6369,5.0,17528
260,4903,5.0,17529
260,5743,5.0,17530
260,4502,4.5,17531
260,4842,5.0,17532
260,3742,5.0,17533
260,5878,2.5,17534
260,4785,2.5,17535
260,4975,5.0,17536
260,4821,5.0,17537
260,4395,5.0,17538
260,5487,4.5,17539
260,6248,5.0,17540
260,4506,5.0,17541
260,4168,4.5,17542
260,6332,4.5,17543
260,5752,5.0,17544
260,5474,5.0,17545
260,4569,5.0,17546
260,4659,4.0,17547
260,5486,4.0,17548
260,4262,5.0,17549
260,5088,5.0,17550
260,3929,5.0,17551
260,5415,2.0,17552
260,4354,4.0,17553
260,4357,5.0,17554
260,4636,5.0,17555
260,4119,5.0,17556
260,3714,5.0,17557
260,4486,4.5,17558
260,4244,5.0,17559
260,4499,4.0,17560
260,5436,5.0,17561
260,6309,5.0,17562
260,5599,5.0,17563
260,4356,4.5,17564
260,4940,5.0,17565
260,4864,5.0,17566
260,4871,5.0,17567
260,5072,5.0,17568
260,4088,4.5,17569
260,4679,5.0,17570
260,4353,2.5,17571
260,6142,4.0,17572
260,3765,4.0,17573
260,5678,2.5,17574
260,1996,4.0,17575
260,1028,5.0,17576
260,1741,2.0,17577
260,2485,5.0,17578
260,87,4.0,17579
260,66,5.0,17580
260,728,4.5,17581
260,1313,4.0,17582
260,3019,5.0,17583
260,996,4.0,17584
260,917,5.0,17585
260,288,5.0,17586
260,2676,4.5,17587
260,457,4.5,17588
260,1726,5.0,17589
260,1795,5.0,17590
260,2088,5.0,17591
260,3054,5.0,17592
260,540,4.5,17593
260,727,4.0,17594
260,1216,5.0,17595
260,861,5.0,17596
260,1866,5.0,17597
260,1535,5.0,17598
260,531,5.0,17599
260,2571,5.0,17600
260,2878,4.5,17601
260,5526,5.0,17602
260,726,5.0,17603
260,2082,5.0,17604
260,1803,4.5,17605
260,1895,5.0,17606
260,2876,4.5,17607
260,1369,5.0,17608
260,1146,5.0,17609
260,2948,5.0,17610
260,3370,5.0,17611
260,2778,5.0,17612
260,3272,5.0,17613
260,3174,5.0,17614
260,27,5.0,17615
260,2997,5.0,17616
260,2216,5.0,17617
260,851,4.0,17618
260,1003,4.0,17619
260,2402,5.0,17620
260,761,5.0,17621
260,3079,4.0,17622
260,2966,5.0,17623
260,4442,4.0,17624
260,47,4.0,17625
260,1452,5.0,17626
260,5395,5.0,17627
260,501,5.0,17628
260,1190,5.0,17629
260,1755,5.0,17630
260,1925,5.0,17631
260,1620,5.0,17632
260,3673,5.0,17633
260,803,5.0,17634
260,2290,5.0,17635
260,1082,5.0,17636
260,975,5.0,17637
260,3344,5.0,17638
260,2,5.0,17639
260,509,5.0,17640
260,1987,5.0,17641
260,3452,5.0,17642
260,631,5.0,17643
260,4784,4.0,17644
260,5654,3.5,17645
260,4939,3.0,17646
260,5087,3.0,17647
261,5194,5.0,17648
261,1513,5.0,17649
261,3014,5.0,17650
261,3122,5.0,17651
261,4460,2.5,17652
261,2871,2.5,17653
261,2215,2.5,17654
261,1986,2.5,17655
261,1733,2.5,17656
261,573,2.5,17657
261,2027,2.5,17658
261,1996,2.5,17659
261,1028,2.5,17660
261,3121,2.5,17661
261,2903,2.5,17662
261,2648,2.5,17663
261,2485,2.5,17664
261,130,2.5,17665
261,2501,2.5,17666
261,728,2.5,17667
261,3491,2.5,17668
261,1094,2.5,17669
261,1336,2.5,17670
261,845,2.5,17671
261,234,2.5,17672
261,3661,2.5,17673
261,1095,2.5,17674
261,996,2.5,17675
261,2212,2.5,17676
261,2191,2.5,17677
261,2799,2.5,17678
261,2047,2.5,17679
261,319,2.5,17680
261,1954,2.5,17681
261,2919,2.5,17682
261,2554,2.5,17683
261,259,2.5,17684
261,211,2.5,17685
261,1354,2.5,17686
261,1148,2.5,17687
261,3289,2.5,17688
261,635,2.5,17689
261,2656,2.5,17690
261,2676,2.5,17691
261,419,2.5,17692
261,2502,2.5,17693
261,174,2.5,17694
261,3360,2.5,17695
261,512,2.5,17696
261,1804,2.5,17697
261,3397,2.5,17698
261,872,2.5,17699
261,1458,2.5,17700
261,3438,2.5,17701
261,796,2.5,17702
261,2756,2.5,17703
261,2561,2.5,17704
261,3410,2.5,17705
261,901,2.5,17706
261,2578,2.5,17707
261,844,2.5,17708
261,2438,2.5,17709
261,3286,2.5,17710
261,422,2.5,17711
261,1606,2.5,17712
261,3112,2.5,17713
261,1096,2.5,17714
261,3699,2.5,17715
261,885,2.5,17716
261,227,2.5,17717
261,100,2.5,17718
261,2598,2.5,17719
261,17,2.5,17720
261,1504,2.5,17721
261,863,2.5,17722
261,1431,2.5,17723
261,1434,2.5,17724
261,3745,4.0,17725
261,5245,4.0,17726
261,4103,4.0,17727
261,3913,4.0,17728
262,5699,2.5,17729
262,2027,4.0,17730
262,1028,2.5,17731
262,510,4.0,17732
262,2903,2.0,17733
262,931,0.5,17734
262,3042,4.0,17735
262,712,2.5,17736
262,555,3.5,17737
262,130,4.0,17738
262,1893,4.0,17739
262,3542,4.0,17740
262,2513,4.0,17741
262,2191,3.5,17742
262,798,4.0,17743
262,2799,3.5,17744
262,3395,3.5,17745
262,2115,4.0,17746
262,259,3.0,17747
262,2772,3.5,17748
262,1492,5.0,17749
262,3382,3.0,17750
262,1149,4.0,17751
262,174,4.0,17752
262,2754,4.0,17753
262,145,4.5,17754
262,2756,2.5,17755
262,807,3.5,17756
262,2689,4.0,17757
262,2578,3.5,17758
262,3040,3.5,17759
262,2013,4.0,17760
262,3419,2.0,17761
262,2924,3.0,17762
262,462,3.5,17763
262,3207,4.0,17764
262,2530,4.0,17765
262,1972,4.0,17766
262,17,4.0,17767
262,3029,3.5,17768
262,1434,4.0,17769
262,3319,3.0,17770
262,2024,3.5,17771
262,2088,4.0,17772
262,582,4.0,17773
262,2076,3.5,17774
262,390,2.5,17775
262,2064,3.0,17776
262,2340,3.0,17777
262,2752,4.0,17778
262,797,4.0,17779
262,1331,1.5,17780
262,1065,4.0,17781
262,257,1.0,17782
262,1035,3.0,17783
262,2971,3.5,17784
262,3388,4.0,17785
262,804,4.0,17786
262,1363,3.5,17787
262,3062,4.0,17788
262,1399,2.0,17789
262,3007,3.0,17790
262,1146,4.0,17791
262,1301,3.0,17792
262,472,3.5,17793
262,3622,4.0,17794
262,3370,3.5,17795
262,2984,3.0,17796
262,1210,3.5,17797
262,2951,3.0,17798
262,2953,3.0,17799
262,790,4.5,17800
262,2982,3.5,17801
263,4654,5.0,17802
263,995,5.0,17803
263,1753,5.0,17804
263,353,5.0,17805
263,5925,2.5,17806
263,2258,3.0,17807
263,2622,4.0,17808
263,275,4.0,17809
263,3711,4.0,17810
263,1986,4.0,17811
263,1028,3.0,17812
263,3541,3.0,17813
263,1362,3.0,17814
263,226,2.0,17815
263,286,3.0,17816
263,709,3.0,17817
263,140,3.0,17818
263,2047,4.0,17819
263,1900,2.0,17820
263,2409,3.0,17821
263,277,4.0,17822
263,886,4.0,17823
263,419,2.0,17824
263,3242,2.0,17825
263,174,3.0,17826
263,3106,2.5,17827
263,2104,2.0,17828
263,139,3.0,17829
263,2561,4.0,17830
263,2273,3.0,17831
263,3540,3.0,17832
263,144,3.0,17833
263,963,3.0,17834
263,964,3.0,17835
263,965,3.0,17836
263,3207,3.0,17837
263,885,4.0,17838
263,877,3.0,17839
263,364,4.0,17840
263,2259,3.0,17841
263,1795,2.0,17842
263,221,2.0,17843
263,3447,3.0,17844
263,279,4.0,17845
263,138,3.0,17846
263,3528,3.0,17847
263,946,4.0,17848
263,359,4.0,17849
263,3539,3.0,17850
263,280,4.0,17851
263,1576,2.0,17852
263,1748,5.0,17853
263,1599,3.0,17854
263,1391,3.0,17855
263,1535,2.0,17856
263,3570,2.0,17857
263,2559,3.0,17858
263,553,4.0,17859
263,2139,4.0,17860
263,945,4.0,17861
263,795,4.0,17862
263,2571,3.0,17863
263,1985,4.0,17864
263,536,4.0,17865
263,3710,4.0,17866
263,3090,3.0,17867
263,1749,5.0,17868
263,1562,3.0,17869
263,2148,3.0,17870
263,1686,3.0,17871
263,278,4.0,17872
263,609,3.0,17873
263,1058,4.0,17874
263,1369,5.0,17875
263,3102,4.0,17876
264,4838,5.0,17877
264,2965,5.0,17878
264,1313,5.0,17879
264,4258,2.5,17880
264,646,5.0,17881
264,1517,4.0,17882
264,1790,4.0,17883
264,1041,1.0,17884
264,3642,4.0,17885
264,319,4.0,17886
264,1948,4.0,17887
264,469,4.0,17888
264,2099,5.0,17889
264,2228,4.0,17890
264,449,4.0,17891
264,1671,3.0,17892
264,1168,3.0,17893
264,2530,4.0,17894
264,379,4.0,17895
264,1431,4.0,17896
264,1508,4.0,17897
264,1902,5.0,17898
264,2088,5.0,17899
264,2195,4.0,17900
264,636,4.0,17901
264,688,4.0,17902
264,2010,4.0,17903
264,1065,4.0,17904
264,3450,4.0,17905
264,1363,4.0,17906
264,371,4.0,17907
264,689,4.0,17908
264,3145,5.0,17909
264,640,4.0,17910
264,2512,4.0,17911
264,834,5.0,17912
264,2741,4.0,17913
264,2679,4.0,17914
264,851,3.0,17915
264,421,4.0,17916
264,3249,5.0,17917
264,1258,4.0,17918
264,3195,4.0,17919
264,1422,5.0,17920
264,562,4.0,17921
264,3522,4.0,17922
264,666,4.0,17923
264,2992,4.0,17924
264,2190,5.0,17925
264,1330,4.0,17926
264,2621,4.0,17927
264,2989,5.0,17928
264,551,4.0,17929
264,2208,4.0,17930
264,667,4.0,17931
264,1894,4.0,17932
264,1280,5.0,17933
264,3136,4.0,17934
264,2462,4.0,17935
264,12,4.0,17936
264,899,4.0,17937
264,354,5.0,17938
264,2015,4.0,17939
264,3325,4.0,17940
264,986,4.0,17941
264,586,4.0,17942
264,129,4.0,17943
264,1845,4.0,17944
264,2427,4.0,17945
264,2567,5.0,17946
264,202,4.0,17947
264,1559,4.0,17948
264,1787,3.0,17949
264,2461,4.0,17950
264,4941,4.0,17951
265,4915,5.0,17952
265,1236,5.0,17953
265,2215,5.0,17954
265,2597,5.0,17955
265,5757,2.5,17956
265,2097,3.0,17957
265,2027,4.0,17958
265,1996,5.0,17959
265,3561,3.5,17960
265,510,4.5,17961
265,3593,5.0,17962
265,2903,3.5,17963
265,2648,4.0,17964
265,2485,4.0,17965
265,1790,5.0,17966
265,728,4.5,17967
265,1362,3.5,17968
265,3285,3.0,17969
265,2368,4.0,17970
265,2047,3.0,17971
265,319,4.0,17972
265,2554,5.0,17973
265,1090,3.5,17974
265,3106,5.0,17975
265,2104,3.5,17976
265,913,5.0,17977
265,2756,4.0,17978
265,2561,5.0,17979
265,844,3.0,17980
265,2530,4.5,17981
265,1431,4.0,17982
265,1508,4.0,17983
265,1434,5.0,17984
265,1795,4.0,17985
265,2088,5.0,17986
265,279,5.0,17987
265,3528,5.0,17988
265,2560,5.0,17989
265,280,5.0,17990
265,418,5.0,17991
265,1216,5.0,17992
265,636,5.0,17993
265,1391,3.5,17994
265,284,4.0,17995
265,1065,5.0,17996
265,251,5.0,17997
265,726,4.0,17998
265,1363,5.0,17999
265,1369,5.0,18000
265,1103,5.0,18001
265,1146,5.0,18002
265,3370,5.0,18003
265,2213,5.0,18004
265,790,5.0,18005
265,3269,5.0,18006
265,421,4.0,18007
265,2402,4.0,18008
265,1348,4.0,18009
265,2465,4.0,18010
265,273,4.0,18011
265,1357,5.0,18012
265,3522,5.0,18013
265,666,4.0,18014
265,2849,5.0,18015
265,3565,5.0,18016
265,2253,5.0,18017
265,1952,5.0,18018
265,2862,4.0,18019
265,1280,5.0,18020
265,1190,3.0,18021
265,3136,1.0,18022
265,1755,4.0,18023
265,899,5.0,18024
265,1489,5.0,18025
266,5473,5.0,18026
266,1795,5.0,18027
266,3608,5.0,18028
266,3285,5.0,18029
266,5877,4.5,18030
266,5876,3.5,18031
266,1380,2.5,18032
266,3634,2.5,18033
266,573,2.5,18034
266,1517,2.5,18035
266,2648,2.5,18036
266,931,2.5,18037
266,87,2.5,18038
266,1974,2.5,18039
266,3541,2.5,18040
266,3633,2.5,18041
266,163,2.5,18042
266,728,2.5,18043
266,574,2.5,18044
266,2494,2.5,18045
266,1153,2.5,18046
266,1757,2.5,18047
266,3002,2.5,18048
266,996,2.5,18049
266,78,2.5,18050
266,2368,2.5,18051
266,2696,2.5,18052
266,2799,2.5,18053
266,2047,2.5,18054
266,319,2.5,18055
266,2554,2.5,18056
266,2286,2.5,18057
266,1545,2.5,18058
266,635,2.5,18059
266,3551,2.5,18060
266,2228,2.5,18061
266,2676,2.5,18062
266,2502,2.5,18063
266,1090,2.5,18064
266,3106,2.5,18065
266,809,2.5,18066
266,512,2.5,18067
266,872,2.5,18068
266,3669,2.5,18069
266,913,2.5,18070
266,2756,2.5,18071
266,3478,2.5,18072
266,738,2.5,18073
266,1408,2.5,18074
266,1444,2.5,18075
266,879,2.5,18076
266,3540,2.5,18077
266,3286,2.5,18078
266,1409,2.5,18079
266,1671,2.5,18080
266,448,2.5,18081
266,694,2.5,18082
266,1096,2.5,18083
266,620,2.5,18084
266,3412,2.5,18085
266,379,2.5,18086
266,2573,2.5,18087
266,3507,2.5,18088
266,799,2.5,18089
266,1449,2.5,18090
266,1508,2.5,18091
266,1434,2.5,18092
266,1623,2.5,18093
266,1093,2.5,18094
266,2088,2.5,18095
266,2328,2.5,18096
266,1429,2.5,18097
266,2167,2.5,18098
266,2560,2.5,18099
266,3539,2.5,18100
266,2023,2.5,18101
266,2969,2.5,18102
266,4980,4.0,18103
266,4171,4.0,18104
267,4901,5.0,18105
267,1215,5.0,18106
267,3591,5.0,18107
267,95,5.0,18108
267,5772,2.5,18109
267,2103,2.5,18110
267,2806,2.5,18111
267,2423,2.5,18112
267,871,2.5,18113
267,3711,2.5,18114
267,2202,2.5,18115
267,1733,2.5,18116
267,2027,2.5,18117
267,3561,2.5,18118
267,1028,2.5,18119
267,566,2.5,18120
267,3593,2.5,18121
267,3121,2.5,18122
267,2903,2.5,18123
267,2648,2.5,18124
267,1460,2.5,18125
267,3095,2.5,18126
267,306,2.5,18127
267,3244,2.5,18128
267,3176,2.5,18129
267,1980,2.5,18130
267,856,2.5,18131
267,1558,2.5,18132
267,1825,2.5,18133
267,3409,2.5,18134
267,2485,2.5,18135
267,383,2.5,18136
267,228,2.5,18137
267,1790,2.5,18138
267,535,2.5,18139
267,66,2.5,18140
267,1974,2.5,18141
267,1461,2.5,18142
267,1214,2.5,18143
267,3541,2.5,18144
267,1088,2.5,18145
267,1217,2.5,18146
267,3364,2.5,18147
267,1944,2.5,18148
267,1435,2.5,18149
267,3231,2.5,18150
267,3652,2.5,18151
267,1333,2.5,18152
267,652,2.5,18153
267,3027,2.5,18154
267,163,2.5,18155
267,728,2.5,18156
267,3458,2.5,18157
267,3491,2.5,18158
267,1612,2.5,18159
267,99,2.5,18160
267,1362,2.5,18161
267,3354,2.5,18162
267,226,2.5,18163
267,1769,2.5,18164
267,1053,2.5,18165
267,2915,2.5,18166
267,574,2.5,18167
267,616,2.5,18168
267,2498,2.5,18169
267,845,2.5,18170
267,2421,2.5,18171
267,1656,2.5,18172
267,102,2.5,18173
267,234,2.5,18174
267,1563,2.5,18175
267,3091,2.5,18176
267,1095,2.5,18177
267,1554,2.5,18178
267,589,2.5,18179
267,2161,2.5,18180
267,3214,2.5,18181
268,4285,5.0,18182
268,680,5.0,18183
268,1005,5.0,18184
268,981,5.0,18185
268,3748,2.5,18186
268,3749,2.5,18187
268,3753,2.5,18188
268,3750,2.5,18189
268,6469,3.5,18190
268,5904,2.5,18191
268,5905,3.0,18192
268,5783,2.5,18193
268,5588,2.5,18194
268,4028,3.0,18196
268,5734,3.0,18197
268,5415,3.5,18198
268,5692,4.0,18199
268,5111,4.0,18200
268,5160,3.5,18201
268,5695,0.5,18202
268,5163,2.5,18203
268,6641,3.0,18204
268,5540,4.5,18205
268,6555,0.5,18206
268,6691,3.5,18207
268,6030,2.0,18208
268,5691,4.0,18209
268,5107,5.0,18210
268,5854,3.0,18211
268,5909,3.5,18212
268,3766,1.5,18213
268,3762,1.5,18214
268,4631,0.5,18215
268,4627,3.5,18216
268,4362,4.0,18217
268,4629,3.5,18218
268,5927,4.0,18219
268,5877,4.5,18220
268,6575,4.0,18221
268,6318,2.5,18222
268,4745,3.0,18223
268,5192,4.5,18224
268,5319,5.0,18225
268,4995,4.5,18226
268,4994,2.0,18227
268,5084,4.0,18228
268,4422,3.0,18229
268,5790,5.0,18230
268,6329,1.5,18231
268,6370,2.5,18232
268,4173,3.0,18233
268,6291,4.0,18234
268,6077,5.0,18235
268,5656,4.0,18236
268,5549,2.5,18237
268,4027,2.5,18238
268,2110,2.5,18239
268,33,0.5,18240
268,983,5.0,18241
268,5709,4.0,18242
268,3633,5.0,18243
268,99,2.5,18244
268,3285,2.5,18245
268,845,2.5,18246
268,2688,5.0,18247
268,319,2.5,18248
268,1815,2.5,18249
268,792,2.5,18250
268,913,5.0,18251
268,2972,2.5,18252
268,6413,3.5,18253
268,4630,1.0,18254
268,250,2.5,18255
268,166,2.5,18256
268,117,2.5,18257
268,4830,5.0,18258
268,1600,2.5,18259
268,1431,2.5,18260
268,3888,4.0,18261
268,2088,2.5,18262
268,376,3.5,18263
268,98,5.0,18264
268,1391,5.0,18265
268,531,2.5,18266
268,106,5.0,18267
268,1530,5.0,18268
268,1369,2.5,18269
268,1103,5.0,18270
268,3663,2.5,18271
268,3666,2.5,18272
268,421,2.5,18273
268,5041,4.0,18274
268,6468,3.5,18275
268,6640,3.5,18276
268,4626,3.5,18277
268,5903,3.0,18278
269,6110,5.0,18279
269,3257,5.0,18280
269,674,5.0,18281
269,2410,5.0,18282
269,5055,2.5,18283
269,1357,5.0,18284
269,3340,5.0,18285
269,6547,4.0,18286
270,4567,5.0,18287
270,916,5.0,18288
270,4964,5.0,18289
270,2769,5.0,18290
270,4124,3.5,18291
270,4125,2.5,18292
270,4495,3.5,18293
270,5679,4.5,18294
270,4916,3.5,18295
270,5926,3.5,18296
270,3870,3.0,18297
270,4096,3.0,18298
270,4792,3.0,18299
270,5461,4.0,18300
270,4461,4.0,18301
270,6084,4.0,18302
270,6197,3.5,18303
270,4768,3.0,18304
270,6457,3.0,18305
270,5773,3.0,18306
270,3963,5.0,18307
270,4063,4.0,18308
270,4477,5.0,18309
270,5613,5.0,18310
270,4591,4.0,18311
270,4025,3.5,18312
270,5818,4.0,18313
270,4078,4.0,18314
270,5223,4.0,18315
270,5710,3.5,18316
270,5877,5.0,18317
270,6530,2.5,18318
270,5244,0.5,18319
270,4763,4.0,18320
270,3752,4.5,18321
270,3753,3.5,18322
270,6063,2.5,18323
270,3809,4.5,18324
270,4570,4.0,18325
270,4569,4.0,18326
270,5599,4.0,18327
270,5593,4.5,18328
270,5634,4.5,18329
270,4947,3.0,18330
270,6691,3.0,18331
270,5090,4.0,18332
270,6022,2.0,18333
270,5486,4.0,18334
270,4942,3.0,18335
270,4459,3.0,18336
270,4693,3.0,18337
270,6001,2.5,18338
270,6119,3.0,18339
270,5846,3.0,18340
270,3869,2.5,18341
270,236,3.0,18342
270,2520,3.5,18343
270,1236,3.5,18344
270,2258,3.5,18345
270,2215,5.0,18346
270,2103,3.0,18347
270,1273,3.0,18348
270,1380,4.0,18349
270,3667,3.0,18350
270,2423,4.0,18351
270,2622,2.0,18352
270,2994,3.0,18353
270,275,4.0,18354
270,3239,3.5,18355
270,2202,3.5,18356
270,1743,5.0,18357
270,1110,3.5,18358
270,573,4.0,18359
270,848,3.5,18360
270,2027,4.0,18361
270,3561,3.5,18362
270,1996,4.5,18363
270,2344,2.5,18364
270,1028,3.5,18365
270,1957,4.5,18366
270,3593,4.0,18367
270,824,3.0,18368
270,2903,3.0,18369
270,33,3.5,18370
270,498,4.0,18371
270,2485,4.5,18372
270,465,3.0,18373
270,3334,4.0,18374
270,1974,2.5,18375
270,2706,3.5,18376
270,3255,3.0,18377
270,1041,3.0,18378
270,1435,1.0,18379
270,2807,2.0,18380
270,137,1.5,18381
270,2857,2.0,18382
270,431,3.5,18383
270,728,3.0,18384
270,2447,3.0,18385
270,1612,4.0,18386
270,1745,3.0,18387
270,3285,4.0,18388
270,1053,2.5,18389
270,2268,1.0,18390
270,2898,4.0,18391
270,2311,2.0,18392
270,1689,0.5,18393
270,845,4.0,18394
270,1656,3.0,18395
270,102,3.5,18396
270,234,2.5,18397
270,2267,2.0,18398
270,3440,3.0,18399
270,1286,4.5,18400
270,2047,4.0,18401
270,319,5.0,18402
270,2554,4.5,18403
270,2783,3.0,18404
270,5222,4.0,18405
270,5485,3.5,18406
270,5817,3.0,18407
271,5711,5.0,18408
271,2041,5.0,18409
271,145,5.0,18410
271,1619,5.0,18411
271,5322,2.5,18412
271,5323,3.5,18413
271,5682,4.0,18414
271,4353,4.0,18415
271,6102,3.5,18416
271,4556,3.0,18417
271,5464,3.5,18418
271,4911,3.5,18419
271,4461,4.5,18420
271,5097,4.0,18421
271,5835,3.5,18422
271,4066,4.0,18423
271,6198,4.0,18424
271,5624,4.0,18425
271,6683,3.5,18426
271,6501,4.0,18427
271,6691,2.5,18428
271,3832,4.5,18429
271,4835,4.5,18430
271,4679,4.0,18431
271,6254,4.0,18432
271,4460,2.5,18433
271,2871,4.0,18434
271,1622,3.5,18435
271,3667,2.0,18436
271,852,3.5,18437
271,903,3.0,18438
271,1028,4.0,18439
271,1161,4.5,18440
271,141,2.5,18441
271,510,4.0,18442
271,3095,3.0,18443
271,2978,3.5,18444
271,777,3.5,18445
271,1790,3.0,18446
271,1696,1.5,18447
271,2236,4.0,18448
271,287,2.5,18449
271,1745,2.5,18450
271,3285,3.5,18451
271,375,3.5,18452
271,286,4.0,18453
271,574,4.5,18454
271,172,5.0,18455
271,2191,4.5,18456
271,2368,3.0,18457
271,2047,4.0,18458
271,319,3.5,18459
271,1526,3.5,18460
271,2115,5.0,18461
271,259,3.0,18462
271,3382,4.5,18463
271,809,2.0,18464
271,624,5.0,18465
271,2468,4.0,18466
271,3460,4.5,18467
271,1264,3.0,18468
271,2578,4.0,18469
271,2924,4.0,18470
271,3379,3.5,18471
271,1508,2.5,18472
271,1434,3.5,18473
271,3584,4.0,18474
271,1726,4.5,18475
271,1795,3.0,18476
271,2024,4.0,18477
271,2088,5.0,18478
271,683,2.5,18479
271,1390,4.0,18480
271,1216,2.5,18481
271,3275,3.5,18482
271,3488,5.0,18483
271,284,2.5,18484
271,531,4.0,18485
271,251,4.0,18486
271,1530,4.5,18487
271,1753,2.5,18488
271,2101,4.0,18489
271,1103,2.5,18490
271,1945,4.0,18491
271,2948,5.0,18492
271,3370,4.5,18493
271,1210,4.5,18494
271,790,4.0,18495
271,3174,4.0,18496
271,2574,2.5,18497
271,1853,4.0,18498
271,2997,2.5,18499
271,546,5.0,18500
271,1046,3.5,18501
271,1775,5.0,18502
271,2521,4.0,18503
271,3794,4.0,18504
271,5681,3.0,18505
272,4530,5.0,18506
272,880,5.0,18507
272,870,5.0,18508
272,1598,5.0,18509
272,4624,2.5,18510
272,5876,2.5,18511
272,2215,5.0,18512
272,275,2.0,18513
272,3561,4.5,18514
272,1517,2.5,18515
272,2485,5.0,18516
272,3219,4.0,18517
272,3564,2.5,18518
272,574,3.0,18519
272,1757,3.0,18520
272,3002,3.0,18521
272,996,1.0,18522
272,3654,3.5,18523
272,2368,2.5,18524
272,319,3.0,18525
272,2554,3.5,18526
272,865,2.5,18527
272,3289,2.5,18528
272,248,4.0,18529
272,277,2.0,18530
272,1235,2.5,18531
272,1090,3.5,18532
272,3106,3.5,18533
272,809,2.5,18534
272,3620,1.5,18535
272,913,5.0,18536
272,3478,2.5,18537
272,738,2.5,18538
272,2561,2.5,18539
272,879,2.5,18540
272,1702,4.0,18541
272,2578,3.5,18542
272,1717,2.5,18543
272,2957,5.0,18544
272,1671,2.5,18545
272,1721,3.5,18546
272,2257,2.5,18547
272,3567,3.0,18548
272,3337,2.0,18549
272,3207,5.0,18550
272,2530,3.0,18551
272,885,1.5,18552
272,1302,3.0,18553
272,1160,3.0,18554
272,1593,3.5,18555
272,100,3.0,18556
272,2043,2.5,18557
272,877,3.5,18558
272,2598,2.5,18559
272,1600,5.0,18560
272,1047,2.5,18561
272,3447,2.5,18562
272,279,2.5,18563
272,460,4.0,18564
272,1279,1.0,18565
272,2560,5.0,18566
272,946,2.5,18567
272,3422,2.5,18568
272,683,3.5,18569
272,230,2.0,18570
272,1350,2.5,18571
272,3034,0.5,18572
272,2515,2.5,18573
272,280,2.5,18574
272,98,3.0,18575
272,119,2.5,18576
272,2596,2.5,18577
272,1891,3.0,18578
272,1535,5.0,18579
272,2936,3.5,18580
272,2338,2.5,18581
272,945,2.5,18582
272,795,2.5,18583
273,5348,5.0,18584
273,5349,5.0,18585
273,5888,5.0,18586
273,5583,5.0,18587
273,6498,4.0,18588
273,4856,5.0,18589
273,4892,4.0,18590
273,6642,2.5,18591
273,3633,2.5,18592
273,1362,2.5,18593
273,319,2.5,18594
273,2554,2.5,18595
273,3472,4.0,18596
273,2560,2.5,18597
273,636,2.5,18598
273,3710,2.5,18599
273,1363,2.5,18600
273,1908,5.0,18601
273,1185,2.5,18602
273,2223,5.0,18603
273,2679,2.5,18604
273,3522,2.5,18605
273,666,2.5,18606
273,3565,2.5,18607
273,1188,2.5,18608
273,2253,2.5,18609
273,1674,5.0,18610
273,667,2.5,18611
273,3011,2.5,18612
273,1280,2.5,18613
273,1190,2.5,18614
273,986,2.5,18615
273,1183,2.5,18616
273,1189,2.5,18617
273,1845,2.5,18618
273,2567,2.5,18619
273,2461,2.5,18620
273,2211,2.5,18621
273,3444,2.5,18622
273,3056,2.5,18623
273,3134,2.5,18624
273,1910,2.5,18625
273,1207,4.0,18626
273,77,5.0,18627
274,4092,5.0,18628
274,461,5.0,18629
274,1019,5.0,18630
274,1189,5.0,18631
274,4636,5.0,18632
274,4103,2.5,18633
274,2799,3.0,18634
274,2024,4.0,18635
274,3691,3.5,18636
274,2971,5.0,18637
274,3365,4.0,18638
274,790,5.0,18639
274,3015,5.0,18640
274,1185,5.0,18641
274,1184,4.0,18642
274,1187,3.0,18643
274,1357,5.0,18644
274,2190,4.0,18645
274,1188,4.0,18646
274,2083,4.0,18647
274,1186,4.0,18648
274,1280,4.0,18649
274,1190,5.0,18650
274,1488,4.0,18651
274,1490,4.0,18652
274,1489,4.0,18653
274,1183,5.0,18654
274,2567,5.0,18655
274,1777,4.0,18656
274,975,5.0,18657
274,1410,3.0,18658
274,1933,5.0,18659
274,2211,4.0,18660
274,2224,5.0,18661
274,2194,4.0,18662
274,2291,5.0,18663
274,1117,4.0,18664
274,1487,4.0,18665
274,1910,5.0,18666
274,563,4.0,18667
274,1928,3.0,18668
274,2240,4.0,18669
274,2687,4.0,18670
274,597,3.0,18671
274,4635,3.0,18672
275,6714,5.0,18673
275,6715,5.0,18674
275,5072,5.0,18675
275,4704,5.0,18676
275,5874,2.5,18677
275,5042,2.5,18678
275,6135,2.5,18679
275,3765,2.5,18680
275,5557,2.5,18681
275,5439,2.5,18682
275,6427,2.5,18683
275,6111,2.5,18684
275,5690,2.5,18685
275,5890,2.5,18686
275,5071,2.5,18687
275,1369,2.5,18688
275,1056,2.5,18689
275,2016,2.5,18690
275,2213,2.5,18691
275,1348,2.5,18692
275,2465,2.5,18693
275,47,2.5,18694
275,3703,2.5,18695
275,1873,2.5,18696
275,975,2.5,18697
275,1761,2.5,18698
275,3420,2.5,18699
275,2410,2.5,18700
275,3257,2.5,18701
275,2224,2.5,18702
275,1117,2.5,18703
276,3988,5.0,18704
276,339,5.0,18705
276,2099,5.0,18706
276,89,5.0,18707
276,4283,2.5,18708
276,2836,2.5,18709
276,1789,4.0,18710
276,2493,2.5,18711
276,3667,2.5,18712
276,1733,2.5,18713
276,1161,5.0,18714
276,2485,5.0,18715
276,3019,2.5,18716
276,319,2.5,18717
276,2554,2.5,18718
276,1148,2.5,18719
276,3360,2.5,18720
276,145,2.5,18721
276,913,2.5,18722
276,2756,2.5,18723
276,988,2.5,18724
276,1444,2.5,18725
276,2561,2.5,18726
276,3439,2.5,18727
276,2728,5.0,18728
276,2043,2.5,18729
276,1434,2.5,18730
276,1929,2.5,18731
276,1795,2.5,18732
276,279,2.5,18733
276,2560,2.5,18734
276,1034,2.5,18735
276,2752,4.0,18736
276,280,2.5,18737
276,418,2.5,18738
276,1216,2.5,18739
276,3656,2.5,18740
276,636,2.5,18741
276,779,2.5,18742
276,2920,2.5,18743
276,284,2.5,18744
276,73,2.5,18745
276,531,2.5,18746
276,106,2.5,18747
276,1519,2.5,18748
276,3691,2.5,18749
276,1712,2.5,18750
276,1363,2.5,18751
276,1751,2.5,18752
276,1103,2.5,18753
276,1146,2.5,18754
276,3617,2.5,18755
276,472,2.5,18756
276,3622,2.5,18757
276,3370,2.5,18758
276,1210,2.5,18759
276,790,2.5,18760
276,1582,2.5,18761
276,3650,2.5,18762
276,1348,2.5,18763
276,446,2.5,18764
276,949,2.5,18765
276,3522,2.5,18766
276,2844,2.5,18767
276,2849,2.5,18768
276,3565,2.5,18769
276,2800,2.5,18770
276,2644,2.5,18771
276,2253,2.5,18772
276,44,2.5,18773
276,492,2.5,18774
276,1036,2.5,18775
276,622,2.5,18776
276,1597,2.5,18777
277,5694,5.0,18778
277,5695,5.0,18779
277,5403,5.0,18780
277,4191,5.0,18781
277,4725,2.5,18782
277,5460,2.5,18783
277,1789,2.5,18784
277,1996,4.0,18785
277,757,2.5,18786
277,2526,5.0,18787
277,1007,1.0,18788
277,99,3.5,18789
277,1362,3.5,18790
277,3688,3.0,18791
277,574,2.5,18792
277,2898,3.5,18793
277,1523,3.5,18794
277,1095,5.0,18795
277,996,2.0,18796
277,2191,0.5,18797
277,2047,5.0,18798
277,3289,3.0,18799
277,174,4.5,18800
277,512,4.0,18801
277,2949,2.5,18802
277,3438,2.5,18803
277,2756,4.0,18804
277,3501,2.5,18805
277,2561,3.0,18806
277,1033,2.5,18807
277,422,3.0,18808
277,1096,2.0,18809
277,2257,2.5,18810
277,753,2.5,18811
277,3412,2.5,18812
277,100,3.5,18813
277,2043,2.5,18814
277,3268,2.5,18815
277,2524,4.0,18816
277,296,2.5,18817
277,2598,2.5,18818
277,1600,3.5,18819
277,1047,2.5,18820
277,1504,3.0,18821
277,1466,2.5,18822
277,1434,2.5,18823
277,3503,4.0,18824
277,1392,2.0,18825
277,327,2.5,18826
277,956,2.5,18827
277,3057,2.5,18828
277,2558,2.5,18829
277,3447,2.5,18830
277,2024,2.5,18831
277,2088,5.0,18832
277,2167,2.5,18833
277,279,2.5,18834
277,751,2.5,18835
277,2444,2.5,18836
277,540,2.5,18837
277,1298,2.0,18838
277,1089,2.5,18839
277,2560,2.5,18840
277,244,2.5,18841
277,2815,2.5,18842
277,514,2.5,18843
277,376,2.5,18844
277,2244,2.5,18845
277,1119,2.5,18846
277,683,4.0,18847
277,1820,2.5,18848
277,1262,2.5,18849
277,230,2.5,18850
277,1459,2.5,18851
277,1999,2.5,18852
277,1350,2.5,18853
277,4752,4.0,18854
277,5402,3.5,18855
278,4774,5.0,18856
278,1115,5.0,18857
278,725,5.0,18858
278,3257,5.0,18859
278,6633,3.0,18860
278,6634,4.0,18861
278,6165,3.5,18862
278,4805,4.0,18863
278,5629,4.5,18864
278,5624,4.0,18865
278,4267,2.5,18866
278,2830,2.5,18867
278,1972,2.5,18868
278,863,2.5,18869
278,2259,2.5,18870
278,2878,2.5,18871
278,3450,2.5,18872
278,1712,2.5,18873
278,1369,2.5,18874
278,1103,2.5,18875
278,1427,2.5,18876
278,3622,4.0,18877
278,2213,2.5,18878
278,2982,2.5,18879
278,3174,2.5,18880
278,851,2.5,18881
278,1348,2.5,18882
278,2465,2.5,18883
278,47,2.5,18884
278,1952,4.5,18885
278,266,2.5,18886
278,3206,2.5,18887
278,2452,2.5,18888
278,1873,2.5,18889
278,3303,2.5,18890
278,3136,2.5,18891
278,1272,2.5,18892
278,975,2.5,18893
278,3265,3.5,18894
278,2,2.5,18895
278,3327,2.5,18896
278,1019,2.5,18897
278,971,2.5,18898
278,4804,3.5,18899
279,5894,2.5,18900
279,3203,2.5,18901
279,2658,2.5,18902
279,3571,2.5,18903
279,3063,2.5,18904
279,2830,2.5,18905
279,1175,2.5,18906
279,2903,2.5,18907
279,931,2.5,18908
279,867,2.5,18909
279,2485,2.5,18910
279,87,2.5,18911
279,3576,2.5,18912
279,1790,2.5,18913
279,535,2.5,18914
279,1518,2.5,18915
279,550,2.5,18916
279,1828,2.5,18917
279,464,2.5,18918
279,728,2.5,18919
279,1362,2.5,18920
279,1053,2.5,18921
279,2322,2.5,18922
279,845,2.5,18923
279,2692,2.5,18924
279,245,2.5,18925
279,3661,2.5,18926
279,3140,2.5,18927
279,2047,2.5,18928
279,1767,2.5,18929
279,2554,2.5,18930
279,865,2.5,18931
279,957,2.5,18932
279,1148,2.5,18933
279,1150,2.5,18934
279,3289,2.5,18935
279,2445,2.5,18936
279,1430,2.5,18937
279,687,2.5,18938
279,231,2.5,18939
279,277,2.5,18940
279,2228,2.5,18941
279,1149,2.5,18942
279,382,2.5,18943
279,1142,2.5,18944
279,1140,2.5,18945
279,3058,2.5,18946
279,1141,2.5,18947
279,1700,2.5,18948
279,3397,2.5,18949
279,1584,2.5,18950
279,796,2.5,18951
279,1850,2.5,18952
279,947,2.5,18953
279,1854,2.5,18954
279,2722,2.5,18955
279,3501,2.5,18956
279,2561,2.5,18957
279,807,2.5,18958
279,879,2.5,18959
279,2578,2.5,18960
279,3540,2.5,18961
279,844,2.5,18962
279,1033,2.5,18963
279,2791,2.5,18964
279,1671,2.5,18965
279,1606,2.5,18966
279,2831,2.5,18967
279,932,2.5,18968
279,3432,2.5,18969
279,1859,2.5,18970
279,2530,2.5,18971
279,2699,2.5,18972
280,5876,2.5,18973
280,2215,3.5,18974
280,2648,2.5,18975
280,2485,2.5,18976
280,87,1.0,18977
280,130,3.0,18978
280,3633,3.0,18979
280,234,2.0,18980
280,1954,2.0,18981
280,2554,3.5,18982
280,2756,4.0,18983
280,376,3.0,18984
280,727,3.0,18985
280,284,3.5,18986
280,3710,2.5,18987
280,371,3.5,18988
280,3622,5.0,18989
280,3370,4.5,18990
280,2144,3.5,18991
280,2216,5.0,18992
280,2966,5.0,18993
280,3136,4.0,18994
280,866,4.0,18995
280,564,4.0,18996
280,200,4.5,18997
280,975,4.0,18998
280,3327,3.5,18999
280,1019,3.5,19000
281,5787,5.0,19001
281,2115,5.0,19002
281,2948,5.0,19003
281,136,5.0,19004
281,4460,2.5,19005
281,2871,2.5,19006
281,3561,2.5,19007
281,1161,2.5,19008
281,2533,2.5,19009
281,130,2.5,19010
281,2527,2.5,19011
281,66,2.5,19012
281,2236,2.5,19013
281,2807,2.5,19014
281,574,2.5,19015
281,1958,2.5,19016
281,1043,2.5,19017
281,2031,2.5,19018
281,172,2.5,19019
281,319,2.5,19020
281,211,2.5,19021
281,792,2.5,19022
281,1090,2.5,19023
281,2754,2.5,19024
281,3460,2.5,19025
281,145,2.5,19026
281,913,2.5,19027
281,2924,2.5,19028
281,448,2.5,19029
281,906,2.5,19030
281,3030,2.5,19031
281,1972,2.5,19032
281,1388,2.5,19033
281,2078,2.5,19034
281,1600,2.5,19035
281,1508,2.5,19036
281,2088,2.5,19037
281,2665,2.5,19038
281,683,2.5,19039
281,2429,2.5,19040
281,2515,2.5,19041
281,3656,2.5,19042
281,1502,2.5,19043
281,1535,2.5,19044
281,763,2.5,19045
281,284,2.5,19046
281,531,2.5,19047
281,2878,2.5,19048
281,1530,2.5,19049
281,1934,2.5,19050
281,1985,2.5,19051
281,1753,2.5,19052
281,179,2.5,19053
281,3710,2.5,19054
281,3000,2.5,19055
281,2548,2.5,19056
281,1367,2.5,19057
281,1009,2.5,19058
281,1503,2.5,19059
281,2999,2.5,19060
281,1369,2.5,19061
281,1663,2.5,19062
281,1103,2.5,19063
281,3629,2.5,19064
281,2910,2.5,19065
281,3149,2.5,19066
281,788,2.5,19067
281,3370,2.5,19068
281,2998,2.5,19069
281,2630,2.5,19070
281,2787,2.5,19071
281,762,2.5,19072
281,1984,2.5,19073
281,2953,2.5,19074
282,5751,5.0,19075
282,5752,5.0,19076
282,3795,5.0,19077
282,845,5.0,19078
282,5444,3.5,19079
282,5445,4.5,19080
282,6715,4.5,19081
282,4408,4.0,19082
282,4461,3.5,19083
282,3841,4.0,19084
282,5948,3.5,19085
282,5877,4.5,19086
282,3936,4.0,19087
282,4300,3.0,19088
282,5011,3.5,19089
282,4500,3.5,19090
282,5086,4.0,19091
282,4331,4.0,19092
282,6587,3.5,19093
282,5403,4.0,19094
282,5415,4.0,19095
282,6313,4.0,19096
282,6048,5.0,19097
282,5474,4.0,19098
282,4743,4.0,19099
282,5700,3.5,19100
282,4880,4.5,19101
282,5600,2.5,19102
282,5695,4.0,19103
282,4145,4.5,19104
282,6056,5.0,19105
282,6379,5.0,19106
282,6339,4.5,19107
282,4751,4.0,19108
282,4750,5.0,19109
282,6575,3.0,19110
282,5125,2.0,19111
282,4773,4.0,19112
282,4753,4.5,19113
282,6069,4.5,19114
282,6529,3.5,19115
282,5387,5.0,19116
282,4090,3.5,19117
282,6607,3.0,19118
282,6159,4.5,19119
282,4235,4.0,19120
282,4254,4.0,19121
282,5365,5.0,19122
282,5422,4.0,19123
282,3887,4.5,19124
282,6598,4.0,19125
282,5211,5.0,19126
282,4262,4.5,19127
282,5947,2.5,19128
282,2283,3.5,19129
282,2871,3.5,19130
282,691,3.0,19131
282,1733,4.0,19132
282,2027,4.0,19133
282,3561,3.0,19134
282,510,4.5,19135
282,1419,2.0,19136
282,3593,3.0,19137
282,2648,4.0,19138
282,931,4.0,19139
282,1870,3.5,19140
282,777,4.0,19141
282,2485,4.5,19142
282,1790,4.0,19143
282,66,4.5,19144
282,1088,3.0,19145
282,1274,3.5,19146
282,574,4.0,19147
282,616,4.0,19148
282,2047,4.5,19149
282,319,4.0,19150
282,1492,4.5,19151
282,348,4.5,19152
282,687,3.5,19153
282,1695,5.0,19154
282,1969,4.0,19155
282,512,3.5,19156
282,1294,3.5,19157
282,145,5.0,19158
282,3438,4.0,19159
282,2756,5.0,19160
282,844,4.5,19161
282,2699,4.0,19162
282,1972,5.0,19163
282,820,3.0,19164
282,3018,4.0,19165
282,3584,4.0,19166
282,3503,5.0,19167
282,1016,4.0,19168
282,1392,2.0,19169
282,1795,4.0,19170
282,2024,4.0,19171
282,279,4.0,19172
282,3528,3.5,19173
282,3462,2.0,19174
282,2560,4.5,19175
282,686,4.0,19176
282,452,4.0,19177
282,1792,4.0,19178
282,339,5.0,19179
282,3504,3.5,19180
282,280,4.5,19181
282,418,4.5,19182
282,3656,4.0,19183
282,1317,3.0,19184
282,1391,4.0,19185
282,847,4.5,19186
282,1114,4.0,19187
282,3048,5.0,19188
282,1065,4.5,19189
282,251,4.5,19190
282,1530,5.0,19191
282,3569,4.5,19192
282,1985,3.5,19193
282,5834,4.0,19194
282,5463,3.0,19195
283,4635,5.0,19196
283,975,5.0,19197
283,2224,5.0,19198
283,3622,5.0,19199
283,5071,2.5,19200
283,1369,2.5,19201
284,3721,5.0,19202
284,12,5.0,19203
284,1755,5.0,19204
284,2465,5.0,19205
284,3951,2.5,19206
284,308,2.5,19207
284,1789,4.0,19208
284,2520,2.5,19209
284,2258,2.5,19210
284,2622,2.5,19211
284,2952,2.5,19212
284,903,2.5,19213
284,3561,2.5,19214
284,2830,2.5,19215
284,1666,2.5,19216
284,3593,2.5,19217
284,1517,2.5,19218
284,33,2.5,19219
284,922,2.5,19220
284,983,2.5,19221
284,3521,2.5,19222
284,3616,2.5,19223
284,650,2.5,19224
284,1461,2.5,19225
284,2501,2.5,19226
284,3458,2.5,19227
284,1362,2.5,19228
284,226,2.5,19229
284,3285,2.5,19230
284,121,2.5,19231
284,574,2.5,19232
284,234,2.5,19233
284,2513,2.5,19234
284,2368,2.5,19235
284,2278,2.5,19236
284,319,2.5,19237
284,1954,2.5,19238
284,211,2.5,19239
284,348,2.5,19240
284,917,2.5,19241
284,886,2.5,19242
284,419,2.5,19243
284,2502,2.5,19244
284,1090,2.5,19245
284,3106,2.5,19246
284,2104,2.5,19247
284,318,2.5,19248
284,938,2.5,19249
284,807,2.5,19250
284,2578,2.5,19251
284,1542,2.5,19252
284,1033,2.5,19253
284,1671,2.5,19254
284,694,2.5,19255
284,885,2.5,19256
284,1449,2.5,19257
284,1024,2.5,19258
284,1508,2.5,19259
284,1392,2.5,19260
284,1889,2.5,19261
284,2088,2.5,19262
284,156,2.5,19263
284,3539,2.5,19264
284,683,2.5,19265
284,1999,2.5,19266
284,727,2.5,19267
284,1664,2.5,19268
284,2411,2.5,19269
284,636,2.5,19270
284,2747,2.5,19271
284,428,2.5,19272
284,1391,2.5,19273
284,1535,2.5,19274
284,284,2.5,19275
284,531,2.5,19276
284,1829,2.5,19277
284,1530,5.0,19278
284,3713,4.0,19279
285,6249,5.0,19280
285,6250,5.0,19281
285,3989,5.0,19282
285,3988,4.0,19283
285,3963,4.0,19284
285,6607,3.0,19285
285,5246,4.0,19286
285,6453,3.0,19287
285,4566,4.0,19288
285,6159,4.0,19289
285,5877,3.0,19290
285,5461,4.0,19291
285,5460,2.5,19292
285,1789,4.0,19293
285,2215,3.0,19294
285,573,4.0,19295
285,3593,3.0,19296
285,2485,4.0,19297
285,3072,3.0,19298
285,270,5.0,19299
285,2047,4.0,19300
285,319,4.0,19301
285,3106,2.0,19302
285,3438,3.0,19303
285,913,4.0,19304
285,2756,3.0,19305
285,2088,5.0,19306
285,339,5.0,19307
285,3048,4.0,19308
285,531,4.0,19309
285,2253,3.0,19310
285,3273,5.0,19311
285,1884,4.0,19312
286,4405,2.5,19313
286,2863,2.5,19314
286,2346,2.5,19315
286,2871,2.5,19316
286,1028,2.5,19317
286,3633,2.5,19318
286,234,2.5,19319
286,3002,2.5,19320
286,319,2.5,19321
286,1600,2.5,19322
286,1434,2.5,19323
286,339,2.5,19324
286,3710,2.5,19325
286,1363,2.5,19326
286,3622,2.5,19327
286,2998,2.5,19328
286,3174,2.5,19329
286,2997,2.5,19330
286,1185,2.5,19331
286,421,2.5,19332
286,949,2.5,19333
286,2966,2.5,19334
286,666,2.5,19335
286,47,2.5,19336
286,1188,2.5,19337
286,2253,2.5,19338
286,2862,2.5,19339
286,1186,2.5,19340
286,2208,2.5,19341
286,2592,2.5,19342
286,1190,2.5,19343
286,1755,2.5,19344
286,1272,2.5,19345
286,1183,2.5,19346
286,1189,2.5,19347
286,1559,2.5,19348
286,2461,2.5,19349
286,2,2.5,19350
286,3420,2.5,19351
286,2342,2.5,19352
286,3444,2.5,19353
286,631,2.5,19354
286,1019,2.5,19355
286,1240,2.5,19356
286,3615,2.5,19357
286,725,2.5,19358
286,2589,2.5,19359
287,3861,5.0,19360
287,231,5.0,19361
287,3043,5.0,19362
287,1429,5.0,19363
287,5532,2.5,19364
287,1860,3.5,19365
287,997,2.5,19366
287,1996,4.0,19367
287,2830,3.5,19368
287,3593,4.0,19369
287,2903,3.0,19370
287,2648,3.5,19371
287,1460,2.5,19372
287,931,3.5,19373
287,1278,3.5,19374
287,306,3.0,19375
287,2485,3.0,19376
287,650,3.5,19377
287,1217,4.0,19378
287,163,3.5,19379
287,3458,4.0,19380
287,996,3.0,19381
287,1123,3.0,19382
287,2047,3.0,19383
287,2554,3.0,19384
287,1430,4.0,19385
287,2228,3.5,19386
287,174,4.0,19387
287,3397,2.5,19388
287,796,3.0,19389
287,2756,4.0,19390
287,2561,2.5,19391
287,2774,3.5,19392
287,422,3.0,19393
287,1671,3.5,19394
287,2831,3.0,19395
287,1859,3.0,19396
287,2530,3.0,19397
287,3017,3.0,19398
287,1434,3.5,19399
287,1016,4.0,19400
287,1392,3.0,19401
287,3447,2.5,19402
287,279,4.5,19403
287,540,3.0,19404
287,1279,2.5,19405
287,2560,4.0,19406
287,376,3.5,19407
287,3539,3.5,19408
287,1132,4.0,19409
287,3139,3.0,19410
287,230,3.0,19411
287,1459,2.5,19412
287,1350,3.5,19413
287,280,5.0,19414
287,98,3.5,19415
287,418,3.0,19416
287,2596,1.5,19417
287,1450,3.5,19418
287,636,3.5,19419
287,3398,3.5,19420
287,1391,3.5,19421
287,2559,3.0,19422
287,553,3.5,19423
287,3048,3.0,19424
287,1428,3.0,19425
287,1829,3.0,19426
287,2829,3.5,19427
287,536,3.0,19428
287,2379,3.5,19429
287,1522,3.5,19430
287,2595,3.0,19431
287,2148,3.5,19432
287,229,3.0,19433
287,1457,4.0,19434
287,4184,4.0,19435
287,4866,4.0,19436
288,5876,5.0,19437
288,5877,5.0,19438
288,2047,5.0,19439
288,844,4.5,19440
288,4490,4.0,19441
289,6636,5.0,19442
289,6637,5.0,19443
289,4405,4.0,19444
289,2863,5.0,19445
289,1789,2.0,19446
289,2215,3.0,19447
289,2088,2.5,19448
289,1369,2.5,19449
289,2218,3.0,19450
290,5657,5.0,19451
290,3136,5.0,19452
290,666,5.0,19453
290,1755,5.0,19454
290,6159,5.0,19455
290,4405,2.5,19456
290,2863,5.0,19457
290,3633,5.0,19458
290,226,5.0,19459
290,3285,5.0,19460
290,319,5.0,19461
290,2554,5.0,19462
290,3106,5.0,19463
290,2560,5.0,19464
290,2253,5.0,19465
290,2862,5.0,19466
290,2,5.0,19467
290,6158,3.5,19468
291,4565,5.0,19469
291,913,5.0,19470
291,5833,5.0,19471
291,3296,5.0,19472
291,4281,4.0,19473
291,4282,4.0,19474
291,6506,3.5,19475
291,5752,5.0,19476
291,5251,3.5,19477
291,5842,5.0,19478
291,4297,3.5,19479
291,6251,3.5,19480
291,3844,4.0,19481
291,5126,4.0,19482
291,5490,4.0,19483
291,6530,3.5,19484
291,6607,4.0,19485
291,4145,4.0,19486
291,6492,5.0,19487
291,3776,2.5,19488
291,4144,2.5,19489
291,6606,3.5,19490
291,6491,3.0,19491
292,5287,5.0,19492
292,5288,5.0,19493
292,5700,5.0,19494
292,4668,5.0,19495
292,5072,4.0,19496
292,5324,3.5,19497
292,5403,3.5,19498
292,6159,3.0,19499
292,5717,3.5,19500
292,3715,4.0,19501
292,5402,2.5,19502
292,1733,3.5,19503
292,2027,4.0,19504
292,4,4.0,19505
292,2485,3.0,19506
292,2047,3.5,19507
292,1600,3.5,19508
292,1017,3.0,19509
292,1369,4.0,19510
292,1626,3.5,19511
293,4352,5.0,19512
293,4353,5.0,19513
293,975,5.0,19514
293,531,5.0,19515
293,5576,2.5,19516
293,4156,2.5,19517
293,3327,5.0,19518
293,725,5.0,19519
293,4635,4.0,19520
294,6633,5.0,19521
294,3622,5.0,19522
294,3177,5.0,19523
294,5306,2.5,19524
294,1613,5.0,19525
294,2530,2.5,19526
294,2560,2.5,19527
294,1390,5.0,19528
294,1216,2.5,19529
294,1317,3.0,19530
294,1065,2.5,19531
294,1152,2.5,19532
294,1530,2.5,19533
294,3296,2.5,19534
294,1210,2.5,19535
294,8,2.5,19536
294,3174,5.0,19537
294,2482,2.5,19538
294,3279,2.5,19539
294,2402,2.5,19540
294,2465,2.5,19541
294,949,2.5,19542
294,1422,2.5,19543
294,2201,3.0,19544
294,2190,2.5,19545
294,1952,2.5,19546
294,3206,2.5,19547
294,1280,2.5,19548
294,1921,2.5,19549
294,1190,2.5,19550
294,12,2.5,19551
294,899,2.5,19552
294,1489,2.5,19553
294,3525,2.5,19554
294,3065,2.5,19555
294,2567,2.5,19556
294,1559,2.5,19557
294,2290,2.5,19558
294,1082,4.0,19559
294,2958,2.5,19560
294,975,2.5,19561
294,169,2.5,19562
294,3164,2.5,19563
294,3327,5.0,19564
294,1115,2.5,19565
294,1933,2.5,19566
294,2404,2.5,19567
294,2410,4.0,19568
294,1019,2.5,19569
294,3261,4.0,19570
294,859,2.5,19571
294,1199,2.5,19572
294,349,2.5,19573
294,648,2.5,19574
294,600,2.5,19575
294,3259,2.5,19576
294,549,5.0,19577
294,1416,2.5,19578
294,159,5.0,19579
294,173,5.0,19580
294,4171,4.0,19581
295,5071,5.0,19582
295,5072,5.0,19583
295,3174,5.0,19584
295,3206,5.0,19585
295,5433,3.0,19586
295,5434,3.0,19587
295,3989,4.0,19588
295,5038,4.0,19589
295,6210,2.5,19590
295,2530,4.0,19591
295,176,3.0,19592
295,995,3.0,19593
295,339,4.0,19594
295,2878,2.5,19595
295,1530,3.0,19596
295,1753,3.0,19597
295,1369,5.0,19598
295,2910,5.0,19599
295,3622,5.0,19600
295,3331,2.5,19601
295,3330,2.5,19602
295,3009,4.0,19603
295,3333,2.5,19604
295,949,3.0,19605
295,3484,2.5,19606
295,899,5.0,19607
295,2545,3.0,19608
295,3157,5.0,19609
295,5789,4.0,19610
296,4029,5.0,19611
296,4030,5.0,19612
296,2410,5.0,19613
296,5700,5.0,19614
296,6315,3.0,19615
296,6316,3.0,19616
296,6630,4.0,19617
296,5676,3.0,19618
296,5059,3.0,19619
296,5461,4.0,19620
296,6111,4.0,19621
296,6571,3.0,19622
296,4598,3.5,19623
296,4028,5.0,19624
296,6086,4.0,19625
296,6355,3.0,19626
296,5963,4.0,19627
296,6208,3.5,19628
296,5033,3.5,19629
296,4034,3.0,19630
296,6297,4.0,19631
296,6379,3.0,19632
296,6281,4.0,19633
296,4387,4.0,19634
296,6072,3.0,19635
296,5169,4.5,19636
296,3984,4.0,19637
296,4311,2.5,19638
296,4662,3.0,19639
296,4424,5.0,19640
296,5073,5.0,19641
296,3893,3.0,19642
296,6165,4.5,19643
296,6256,3.0,19644
296,5173,4.0,19645
296,3832,3.0,19646
296,4973,4.0,19647
296,5629,3.5,19648
296,4975,5.0,19649
296,5288,3.5,19650
296,6125,3.0,19651
296,6142,5.0,19652
296,4195,4.5,19653
296,5474,2.0,19654
296,5890,4.0,19655
296,6137,4.0,19656
296,4496,1.0,19657
296,6619,4.0,19658
296,4872,4.5,19659
296,6672,3.5,19660
296,5618,4.0,19661
296,5028,4.0,19662
296,6080,4.0,19663
296,5529,4.0,19664
296,5954,1.5,19665
296,4027,4.0,19666
296,374,5.0,19667
296,1789,4.0,19668
296,2215,4.0,19669
296,3667,4.0,19670
296,3113,4.0,19671
296,34,4.0,19672
296,3224,2.5,19673
296,1229,2.5,19674
296,1539,4.0,19675
296,2761,4.0,19676
296,170,3.0,19677
296,3634,4.0,19678
296,1287,2.5,19679
296,3371,3.0,19680
296,1733,4.5,19681
296,2027,5.0,19682
296,3561,4.0,19683
296,80,4.0,19684
296,1028,3.0,19685
296,1161,4.0,19686
296,510,4.0,19687
296,3232,3.0,19688
296,3593,4.0,19689
296,3520,2.5,19690
296,3187,3.0,19691
296,33,2.5,19692
296,931,3.0,19693
296,854,3.0,19694
296,2588,4.0,19695
296,2424,4.0,19696
296,3244,3.0,19697
296,3176,2.5,19698
296,1809,2.5,19699
296,777,2.5,19700
296,207,1.0,19701
296,850,1.0,19702
296,2485,4.0,19703
296,130,5.0,19704
296,3576,4.0,19705
296,1166,2.5,19706
296,1389,3.5,19707
296,1790,3.0,19708
296,1255,2.0,19709
296,1855,4.0,19710
296,2947,3.0,19711
296,3449,2.5,19712
296,650,2.5,19713
296,66,2.5,19714
296,2853,5.0,19715
296,1974,2.5,19716
296,1461,3.5,19717
296,3633,4.0,19718
296,2501,2.5,19719
296,3596,3.5,19720
296,235,2.5,19721
296,1844,2.5,19722
296,1217,3.0,19723
296,857,3.0,19724
296,3044,3.0,19725
296,2547,2.5,19726
296,2807,2.5,19727
296,652,3.5,19728
296,287,2.0,19729
296,2426,3.0,19730
296,914,3.5,19731
296,2269,2.5,19732
296,431,4.0,19733
296,3012,2.0,19734
296,3458,4.0,19735
296,1612,2.5,19736
296,1007,3.5,19737
296,2500,4.0,19738
296,4934,3.0,19739
296,6640,3.0,19740
296,4658,3.0,19741
297,6631,5.0,19742
297,3621,5.0,19743
297,2786,5.0,19744
297,263,5.0,19745
297,6148,4.5,19746
297,5876,2.5,19747
297,2215,2.5,19748
297,3224,3.0,19749
297,275,3.0,19750
297,1733,3.5,19751
297,2027,3.5,19752
297,3561,3.0,19753
297,2903,2.5,19754
297,2648,2.5,19755
297,931,2.5,19756
297,3409,2.5,19757
297,2485,3.5,19758
297,3576,2.5,19759
297,535,2.5,19760
297,66,2.5,19761
297,550,2.5,19762
297,1974,3.0,19763
297,2378,2.5,19764
297,728,2.5,19765
297,1362,2.5,19766
297,1053,2.5,19767
297,1523,2.5,19768
297,845,2.5,19769
297,3019,2.5,19770
297,191,2.5,19771
297,2985,2.5,19772
297,2047,4.0,19773
297,319,3.0,19774
297,1819,2.5,19775
297,2554,2.5,19776
297,1492,2.5,19777
297,1148,2.5,19778
297,1430,2.5,19779
297,687,2.5,19780
297,277,2.5,19781
297,2228,2.5,19782
297,382,2.5,19783
297,888,2.5,19784
297,1090,2.5,19785
297,2754,2.5,19786
297,3360,2.5,19787
297,318,2.5,19788
297,2207,2.5,19789
297,512,2.5,19790
297,1969,2.5,19791
297,2949,2.5,19792
297,3397,2.5,19793
297,145,2.5,19794
297,3438,2.5,19795
297,796,2.5,19796
297,1850,2.5,19797
297,3135,2.5,19798
297,913,3.5,19799
297,2756,4.0,19800
297,2561,3.5,19801
297,807,2.5,19802
297,2273,2.5,19803
297,901,2.5,19804
297,844,4.0,19805
297,1072,2.5,19806
297,2438,2.5,19807
297,3286,2.5,19808
297,422,2.5,19809
297,1671,2.5,19810
297,1606,2.5,19811
297,2896,2.5,19812
297,1963,2.5,19813
297,1627,2.5,19814
297,2530,2.5,19815
297,885,2.5,19816
297,1968,2.5,19817
297,2699,2.5,19818
297,3017,2.5,19819
297,6147,3.0,19820
298,5876,2.5,19821
298,2215,3.0,19822
298,2348,4.0,19823
298,856,2.0,19824
298,2485,3.0,19825
298,3449,5.0,19826
298,2807,5.0,19827
298,652,3.0,19828
298,1005,4.0,19829
298,226,4.0,19830
298,2191,3.0,19831
298,2047,4.0,19832
298,319,1.0,19833
298,203,5.0,19834
298,211,5.0,19835
298,1492,4.0,19836
298,1021,4.0,19837
298,3382,4.0,19838
298,2189,5.0,19839
298,2188,5.0,19840
298,2895,3.0,19841
298,2754,5.0,19842
298,457,3.0,19843
298,3189,4.0,19844
298,1779,4.0,19845
298,2024,4.0,19846
298,2088,5.0,19847
298,582,4.0,19848
298,103,5.0,19849
298,847,3.0,19850
298,3222,5.0,19851
298,491,3.0,19852
298,1066,5.0,19853
298,2948,3.0,19854
298,3370,5.0,19855
298,1181,5.0,19856
298,443,4.0,19857
298,790,4.0,19858
298,2492,5.0,19859
298,2721,5.0,19860
298,528,5.0,19861
298,1283,3.0,19862
298,1793,2.0,19863
298,2133,1.5,19864
298,3328,4.0,19865
298,104,5.0,19866
298,2823,5.0,19867
298,2667,3.0,19868
298,421,5.0,19869
298,1348,4.5,19870
298,2465,5.0,19871
298,543,5.0,19872
298,3362,5.0,19873
298,1357,5.0,19874
298,2849,5.0,19875
298,1355,2.0,19876
298,3566,2.5,19877
298,2587,3.0,19878
298,3703,4.0,19879
298,557,5.0,19880
298,3192,3.5,19881
298,2859,4.0,19882
298,2080,5.0,19883
298,3530,5.0,19884
298,1112,5.0,19885
298,2833,4.0,19886
298,3572,3.0,19887
298,325,3.0,19888
298,1740,4.5,19889
298,2745,5.0,19890
298,625,4.0,19891
298,3303,2.0,19892
298,1488,4.0,19893
299,4552,5.0,19894
299,899,5.0,19895
299,1028,5.0,19896
299,2560,5.0,19897
299,3740,2.5,19898
299,4460,2.5,19899
299,2871,5.0,19900
299,2215,4.0,19901
299,275,1.0,19902
299,3711,3.5,19903
299,2027,3.5,19904
299,1996,5.0,19905
299,3593,3.5,19906
299,33,4.0,19907
299,2485,3.5,19908
299,1790,3.5,19909
299,3364,5.0,19910
299,1612,4.0,19911
299,1005,5.0,19912
299,226,2.0,19913
299,574,3.5,19914
299,845,5.0,19915
299,234,3.5,19916
299,2799,2.5,19917
299,1954,3.5,19918
299,2554,5.0,19919
299,1148,3.5,19920
299,3289,3.5,19921
299,2099,4.0,19922
299,277,3.0,19923
299,2228,4.0,19924
299,2676,4.0,19925
299,2502,1.0,19926
299,3106,4.0,19927
299,457,4.0,19928
299,1969,3.0,19929
299,796,2.5,19930
299,913,5.0,19931
299,2561,5.0,19932
299,844,4.0,19933
299,2530,3.0,19934
299,1972,3.0,19935
299,2558,4.0,19936
299,1795,5.0,19937
299,2088,5.0,19938
299,279,4.0,19939
299,3528,3.5,19940
299,1034,3.0,19941
299,3422,5.0,19942
299,280,4.0,19943
299,98,3.0,19944
299,418,5.0,19945
299,1216,5.0,19946
299,636,5.0,19947
299,3398,2.0,19948
299,1391,4.0,19949
299,847,3.5,19950
299,2559,2.5,19951
299,1147,3.0,19952
299,284,3.0,19953
299,1065,5.0,19954
299,795,4.0,19955
299,1829,4.0,19956
299,2571,3.0,19957
299,251,2.5,19958
299,1530,5.0,19959
299,3691,5.0,19960
299,3710,5.0,19961
299,3090,3.5,19962
299,1363,2.5,19963
299,2999,4.0,19964
299,1369,5.0,19965
299,1103,5.0,19966
299,1427,5.0,19967
299,1146,5.0,19968
299,581,3.5,19969
299,5273,4.0,19970
299,5870,4.0,19971
299,4672,4.0,19972
300,4784,5.0,19973
300,4785,5.0,19974
300,4314,5.0,19975
300,4958,5.0,19976
300,4583,4.5,19977
300,3730,3.5,19978
300,4686,4.0,19979
300,5736,3.0,19980
300,6411,4.0,19981
300,5847,4.0,19982
300,6472,3.0,19983
300,5942,3.5,19984
300,5260,3.5,19985
300,5269,3.0,19986
300,6628,3.5,19987
300,5288,4.0,19988
300,5644,3.0,19989
300,6683,4.0,19990
300,6328,4.0,19991
300,3847,4.0,19992
300,3895,4.0,19993
300,6601,3.5,19994
300,5781,4.0,19995
300,4260,4.0,19996
300,4781,4.0,19997
300,4042,3.0,19998
300,6086,4.0,19999
300,5415,3.0,20000
300,6607,4.0,20001
300,4145,4.0,20002
300,4679,4.0,20003
300,5862,2.0,20004
300,4050,3.5,20005
300,5822,3.0,20006
300,6494,3.0,20007
300,5403,4.0,20008
300,5846,3.5,20009
300,5976,3.0,20010
300,5451,3.5,20011
300,3779,4.0,20012
300,5406,3.5,20013
300,5895,3.5,20014
300,4799,4.0,20015
300,4408,3.5,20016
300,3832,4.0,20017
300,3712,3.5,20018
300,3795,4.5,20019
300,6497,3.0,20020
300,5011,4.0,20021
300,4290,4.0,20022
300,3979,4.0,20023
300,6266,2.5,20024
300,2597,3.0,20025
300,3203,3.5,20026
300,1789,3.5,20027
300,691,3.5,20028
300,1785,3.5,20029
300,3224,3.0,20030
300,2622,3.5,20031
300,275,4.5,20032
300,2541,4.0,20033
300,3711,4.0,20034
300,2202,3.5,20035
300,3468,3.0,20036
300,1733,4.0,20037
300,2157,3.0,20038
300,420,3.5,20039
300,2210,2.0,20040
300,2027,3.0,20041
300,1028,4.0,20042
300,510,4.0,20043
300,3593,4.0,20044
300,2903,4.0,20045
300,1384,2.0,20046
300,2648,4.0,20047
300,931,4.0,20048
300,1741,3.0,20049
300,1278,3.5,20050
300,2203,4.0,20051
300,2424,4.0,20052
300,1588,3.0,20053
300,1825,4.0,20054
300,2593,3.5,20055
300,3409,4.0,20056
300,2485,4.0,20057
300,118,4.0,20058
300,383,3.0,20059
300,1790,4.0,20060
300,256,2.0,20061
300,2947,4.0,20062
300,662,3.0,20063
300,535,3.0,20064
300,3368,3.0,20065
300,494,3.0,20066
300,3428,4.0,20067
300,650,4.0,20068
300,580,2.0,20069
300,2036,3.5,20070
300,1883,3.5,20071
300,1518,2.5,20072
300,1974,3.0,20073
300,3541,2.0,20074
300,1088,4.0,20075
300,2673,2.0,20076
300,3183,3.5,20077
300,3169,4.0,20078
300,3454,3.0,20079
300,3053,4.0,20080
300,3588,3.5,20081
300,2547,4.0,20082
300,1435,2.0,20083
300,2807,3.0,20084
300,2129,3.0,20085
300,350,3.0,20086
300,163,3.0,20087
300,464,2.0,20088
300,728,3.0,20089
300,3491,4.0,20090
300,1362,4.0,20091
300,298,3.5,20092
300,226,3.5,20093
300,3285,3.0,20094
300,1501,3.5,20095
300,1053,3.0,20096
300,5010,4.0,20097
300,4320,3.0,20098
301,4352,5.0,20099
301,4353,5.0,20100
301,4126,3.0,20101
301,4127,5.0,20102
301,5398,4.5,20103
301,4105,5.0,20104
301,6566,5.0,20105
301,4312,3.5,20106
301,6634,4.5,20107
301,5211,5.0,20108
301,5397,2.5,20109
301,1727,4.5,20110
301,1530,5.0,20111
301,3622,4.5,20112
301,2800,5.0,20113
301,492,5.0,20114
301,3344,5.0,20115
301,2843,3.5,20116
301,725,5.0,20117
302,6388,5.0,20118
302,3308,5.0,20119
302,2047,5.0,20120
302,3484,5.0,20121
302,4267,2.5,20122
302,2830,2.5,20123
302,3593,2.5,20124
302,498,2.5,20125
302,983,2.5,20126
302,2485,3.0,20127
302,650,2.5,20128
302,2501,3.0,20129
302,1217,2.0,20130
302,2547,2.5,20131
302,163,4.0,20132
302,1612,2.5,20133
302,1745,2.0,20134
302,3285,3.0,20135
302,2391,2.5,20136
302,3140,2.5,20137
302,917,2.5,20138
302,2676,4.0,20139
302,2502,4.5,20140
302,706,4.0,20141
302,809,3.5,20142
302,2104,4.0,20143
302,2704,1.0,20144
302,318,2.5,20145
302,449,2.5,20146
302,3669,2.5,20147
302,2405,2.5,20148
302,2774,2.5,20149
302,2831,2.5,20150
302,2530,2.5,20151
302,3707,2.5,20152
302,1434,2.5,20153
302,1392,2.5,20154
302,2259,2.5,20155
302,1795,4.0,20156
302,3528,2.5,20157
302,376,2.5,20158
302,339,2.5,20159
302,3139,2.5,20160
302,98,2.5,20161
302,1216,4.0,20162
302,1172,2.5,20163
302,3226,4.0,20164
302,1866,4.0,20165
302,1391,2.5,20166
302,697,2.5,20167
302,1065,2.5,20168
302,531,2.5,20169
302,2705,0.5,20170
302,2571,2.5,20171
302,2743,2.5,20172
302,2829,4.0,20173
302,3450,4.5,20174
302,805,2.5,20175
302,1,2.5,20176
302,3345,2.5,20177
302,1363,2.5,20178
302,220,2.5,20179
302,1103,2.5,20180
302,1945,2.5,20181
302,1397,2.5,20182
302,3370,2.5,20183
302,2213,4.0,20184
302,700,2.5,20185
302,3663,2.5,20186
302,2828,4.0,20187
302,3204,2.5,20188
302,915,4.0,20189
302,790,4.0,20190
302,3174,2.5,20191
302,2811,2.5,20192
302,982,2.5,20193
303,5678,5.0,20194
303,1996,5.0,20195
303,2871,5.0,20196
303,1146,5.0,20197
303,5460,2.5,20198
303,1789,4.0,20199
303,2215,5.0,20200
303,3711,4.0,20201
303,130,1.0,20202
303,234,2.5,20203
303,3002,4.0,20204
303,1954,1.5,20205
303,2502,1.0,20206
303,694,2.0,20207
303,1600,3.0,20208
303,339,3.5,20209
303,3422,3.0,20210
303,2956,2.5,20211
303,531,4.0,20212
303,1530,4.0,20213
303,1753,4.0,20214
303,3174,4.0,20215
303,27,3.0,20216
303,2997,4.0,20217
303,684,3.0,20218
303,851,1.0,20219
303,2849,4.0,20220
303,2644,2.5,20221
303,3136,2.5,20222
303,3164,1.5,20223
303,1115,5.0,20224
303,3196,2.5,20225
304,4752,5.0,20226
304,2938,5.0,20227
304,2767,5.0,20228
304,2211,5.0,20229
304,5634,2.5,20230
304,5679,2.5,20231
304,6307,2.5,20232
304,3290,2.5,20233
304,3711,2.5,20234
304,1996,2.5,20235
304,2830,2.5,20236
304,1028,2.5,20237
304,1957,2.5,20238
304,3593,2.5,20239
304,2648,2.5,20240
304,931,2.5,20241
304,983,2.5,20242
304,130,2.5,20243
304,1790,2.5,20244
304,3428,2.5,20245
304,1974,2.5,20246
304,1217,2.5,20247
304,1612,2.5,20248
304,1613,2.5,20249
304,1362,2.5,20250
304,1005,2.5,20251
304,1053,2.5,20252
304,574,2.5,20253
304,616,2.5,20254
304,845,2.5,20255
304,3094,2.5,20256
304,234,2.5,20257
304,2191,2.5,20258
304,2799,2.5,20259
304,2047,2.5,20260
304,319,2.5,20261
304,2554,2.5,20262
304,2115,2.5,20263
304,259,2.5,20264
304,211,2.5,20265
304,1492,2.5,20266
304,3382,2.5,20267
304,1148,2.5,20268
304,3289,2.5,20269
304,231,2.5,20270
304,2099,2.5,20271
304,277,2.5,20272
304,2676,2.5,20273
304,2502,2.5,20274
304,3106,2.5,20275
304,3360,2.5,20276
304,3397,2.5,20277
304,145,2.5,20278
304,3135,2.5,20279
304,913,2.5,20280
304,2756,2.5,20281
304,2561,2.5,20282
304,807,2.5,20283
304,901,2.5,20284
304,2774,2.5,20285
304,3540,2.5,20286
304,844,2.5,20287
304,2924,2.5,20288
304,422,2.5,20289
304,1671,2.5,20290
304,2699,2.5,20291
304,2598,2.5,20292
304,2558,2.5,20293
304,1795,2.5,20294
304,3447,2.5,20295
304,2088,2.5,20296
304,3054,2.5,20297
304,279,2.5,20298
304,540,2.5,20299
304,2560,2.5,20300
304,230,2.5,20301
304,1350,2.5,20302
304,2515,2.5,20303
304,280,2.5,20304
304,5619,4.0,20305
304,5678,3.0,20306
305,4868,5.0,20307
305,1189,5.0,20308
305,1464,5.0,20309
305,3421,5.0,20310
305,5782,2.5,20311
305,2110,2.5,20312
305,1517,2.5,20313
305,1362,2.5,20314
305,234,2.5,20315
305,3661,2.5,20316
305,319,2.5,20317
305,2228,2.5,20318
305,2560,2.5,20319
305,452,2.5,20320
305,3422,2.5,20321
305,1710,2.5,20322
305,636,2.5,20323
305,531,2.5,20324
305,3710,2.5,20325
305,1363,2.5,20326
305,2828,2.5,20327
305,2679,2.5,20328
305,1187,2.5,20329
305,2966,2.5,20330
305,3522,2.5,20331
305,666,2.5,20332
305,1709,2.5,20333
305,30,2.5,20334
305,1188,2.5,20335
305,2862,2.5,20336
305,1186,2.5,20337
305,63,2.5,20338
305,1190,2.5,20339
305,3136,2.5,20340
305,1755,2.5,20341
305,2397,2.5,20342
305,986,2.5,20343
305,1272,2.5,20344
305,1183,2.5,20345
305,1845,2.5,20346
305,2461,2.5,20347
305,2,2.5,20348
305,3444,2.5,20349
305,3134,2.5,20350
305,859,2.5,20351
305,1240,2.5,20352
305,1416,2.5,20353
306,4054,5.0,20354
306,4055,5.0,20355
306,4673,5.0,20356
306,5695,5.0,20357
306,3963,4.5,20358
306,5211,4.0,20359
306,4746,4.0,20360
306,3714,5.0,20361
306,5100,1.5,20362
306,5574,1.5,20363
306,4595,2.0,20364
306,6637,5.0,20365
306,5378,4.0,20366
306,4949,4.5,20367
306,5192,4.0,20368
306,5702,3.0,20369
306,4307,4.0,20370
306,3765,3.5,20371
306,5257,4.0,20372
306,3742,3.5,20373
306,6607,1.0,20374
306,4408,5.0,20375
306,4946,5.0,20376
306,5460,2.5,20377
306,1789,4.5,20378
306,366,4.0,20379
306,809,3.0,20380
306,1600,4.0,20381
306,376,3.0,20382
306,1999,4.5,20383
306,1535,3.5,20384
306,2712,1.5,20385
306,1422,3.5,20386
306,1873,4.0,20387
306,3136,4.5,20388
306,3327,3.5,20389
306,725,3.0,20390
306,4945,4.0,20391
306,4948,3.5,20392
307,5751,5.0,20393
307,2088,5.0,20394
307,2567,5.0,20395
307,2770,5.0,20396
307,6439,2.5,20397
307,6440,3.0,20398
307,6069,4.0,20399
307,5237,2.5,20400
307,5962,2.5,20401
307,3910,3.5,20402
307,4657,1.5,20403
307,4904,3.5,20404
307,4191,4.5,20405
307,4385,4.0,20406
307,6607,3.0,20407
307,4604,3.5,20408
307,6159,4.0,20409
307,4610,3.5,20410
307,6313,4.0,20411
307,4643,3.5,20412
307,6411,3.0,20413
307,5486,3.0,20414
307,5464,4.5,20415
307,4727,3.5,20416
307,4059,3.5,20417
307,4165,2.5,20418
307,4154,3.0,20419
307,4824,3.5,20420
307,4802,4.5,20421
307,4882,2.0,20422
307,4881,2.5,20423
307,4883,3.0,20424
307,6663,3.5,20425
307,6381,4.0,20426
307,5236,3.0,20427
307,1556,2.0,20428
307,2304,1.0,20429
307,997,1.5,20430
307,275,3.5,20431
307,573,4.5,20432
307,3593,2.5,20433
307,2903,3.5,20434
307,752,4.0,20435
307,2648,4.0,20436
307,983,3.5,20437
307,3409,3.0,20438
307,2485,4.0,20439
307,87,1.5,20440
307,1790,4.0,20441
307,535,2.5,20442
307,3428,3.0,20443
307,650,3.0,20444
307,3651,3.0,20445
307,1974,3.5,20446
307,3541,2.0,20447
307,1088,2.0,20448
307,1217,3.5,20449
307,2547,3.0,20450
307,1435,1.5,20451
307,163,3.0,20452
307,728,3.5,20453
307,1362,4.5,20454
307,3285,3.5,20455
307,1094,3.5,20456
307,996,2.0,20457
307,2047,4.5,20458
307,319,4.0,20459
307,2554,5.0,20460
307,1150,3.5,20461
307,3289,4.0,20462
307,1430,4.5,20463
307,2676,3.0,20464
307,703,5.0,20465
307,3106,4.0,20466
307,2704,2.5,20467
307,1969,3.5,20468
307,512,4.0,20469
307,796,3.0,20470
307,3540,1.5,20471
307,3286,3.5,20472
307,1096,3.5,20473
307,908,5.0,20474
307,2598,1.0,20475
307,1203,2.0,20476
307,1392,3.0,20477
307,1795,4.0,20478
307,1093,3.5,20479
307,1429,3.0,20480
307,3528,3.5,20481
307,2560,4.5,20482
307,3539,2.5,20483
307,1202,2.5,20484
307,1132,4.5,20485
307,727,4.0,20486
307,424,3.5,20487
307,1075,3.0,20488
307,1216,4.0,20489
307,2596,2.5,20490
307,1391,3.5,20491
307,284,4.0,20492
307,1428,4.5,20493
307,1065,5.0,20494
307,795,3.5,20495
307,2705,3.0,20496
307,2571,4.0,20497
307,2632,2.0,20498
307,4316,4.0,20499
307,6380,3.5,20500
308,3962,5.0,20501
308,3963,5.0,20502
308,5103,5.0,20503
308,5464,5.0,20504
308,5465,4.0,20505
308,5138,5.0,20506
308,6297,5.0,20507
308,6133,5.0,20508
308,4461,5.0,20509
308,4460,2.5,20510
308,2871,5.0,20511
308,1790,4.5,20512
308,650,4.0,20513
308,3285,5.0,20514
308,319,3.5,20515
308,288,5.0,20516
308,419,2.0,20517
308,3106,3.0,20518
308,624,4.0,20519
308,913,4.5,20520
308,1431,5.0,20521
308,2088,5.0,20522
308,428,2.5,20523
308,795,5.0,20524
308,2571,2.5,20525
308,3127,1.0,20526
308,2847,5.0,20527
308,1397,5.0,20528
308,3622,5.0,20529
308,2574,2.0,20530
308,1853,2.0,20531
308,3433,4.0,20532
308,2892,2.0,20533
308,816,3.5,20534
308,2966,4.0,20535
308,2844,3.0,20536
308,2190,4.0,20537
308,1724,2.5,20538
308,2714,4.0,20539
308,2015,5.0,20540
308,1489,4.5,20541
308,3230,3.0,20542
308,2461,5.0,20543
308,200,3.0,20544
308,975,3.5,20545
308,190,5.0,20546
308,3097,4.0,20547
308,1052,3.5,20548
308,1619,4.0,20549
308,1019,3.0,20550
308,1791,4.0,20551
308,3759,4.0,20552
309,5210,5.0,20553
309,1530,5.0,20554
309,1904,5.0,20555
309,6196,2.5,20556
309,2520,3.0,20557
309,317,4.0,20558
309,1229,5.0,20559
309,997,2.0,20560
309,275,4.0,20561
309,283,4.0,20562
309,3298,5.0,20563
309,3561,4.0,20564
309,130,4.0,20565
309,576,2.0,20566
309,319,5.0,20567
309,1090,5.0,20568
309,2453,5.0,20569
309,1237,4.0,20570
309,3173,5.0,20571
309,1508,4.0,20572
309,1268,3.0,20573
309,1200,4.0,20574
309,3090,4.0,20575
309,1363,4.0,20576
309,1048,5.0,20577
309,2630,4.0,20578
309,3477,5.0,20579
309,1040,3.0,20580
309,2679,3.0,20581
309,3522,5.0,20582
309,666,4.0,20583
309,1709,5.0,20584
309,3565,5.0,20585
309,3355,3.0,20586
309,2253,4.0,20587
309,2907,5.0,20588
309,667,5.0,20589
309,577,3.0,20590
309,355,5.0,20591
309,1755,4.0,20592
309,1559,4.0,20593
309,3327,4.0,20594
309,3420,5.0,20595
309,631,4.0,20596
309,1240,5.0,20597
309,780,5.0,20598
309,898,5.0,20599
309,1596,4.0,20600
309,3664,5.0,20601
309,3263,4.0,20602
310,4879,5.0,20603
310,4880,5.0,20604
310,2392,5.0,20605
310,428,5.0,20606
310,6690,3.5,20607
310,6691,3.0,20608
310,6700,4.0,20609
310,3910,2.5,20610
310,5088,4.0,20611
310,3936,3.5,20612
310,6173,3.0,20613
310,5403,3.5,20614
310,4780,3.5,20615
310,3714,2.0,20616
310,6313,3.0,20617
310,6138,3.0,20618
310,6166,3.0,20619
310,4327,2.5,20620
310,6159,2.5,20621
310,5900,3.0,20622
310,4179,4.0,20623
310,5871,4.0,20624
310,4842,3.0,20625
310,5173,4.0,20626
310,4608,3.0,20627
310,5171,3.5,20628
310,5904,1.5,20629
310,5717,4.5,20630
310,4785,4.0,20631
310,5876,2.5,20632
310,2215,3.5,20633
310,2485,2.0,20634
310,99,1.5,20635
310,845,4.5,20636
310,2799,3.0,20637
310,319,2.5,20638
310,2554,2.5,20639
310,3289,2.5,20640
310,2756,2.5,20641
310,1182,2.5,20642
310,844,2.5,20643
310,710,2.5,20644
310,2088,2.5,20645
310,2560,2.5,20646
310,1530,2.5,20647
310,3090,2.5,20648
310,1369,2.5,20649
310,3622,2.5,20650
310,790,2.5,20651
310,2492,3.0,20652
310,1185,2.5,20653
310,1184,2.5,20654
310,1348,2.5,20655
310,2465,2.5,20656
310,1187,2.5,20657
310,1357,2.5,20658
310,2230,3.0,20659
310,2849,2.5,20660
310,1188,2.5,20661
310,557,4.0,20662
310,2862,2.5,20663
310,1186,2.5,20664
310,2592,2.5,20665
310,1190,2.5,20666
310,3136,2.5,20667
310,1183,2.5,20668
310,3065,2.5,20669
310,1189,2.5,20670
310,2567,2.5,20671
310,975,2.5,20672
310,1115,2.5,20673
310,3257,2.5,20674
310,2224,2.5,20675
310,3261,2.5,20676
310,725,2.5,20677
310,1127,2.0,20678
310,2032,2.5,20679
310,2938,2.5,20680
310,6699,4.0,20681
310,5870,3.5,20682
311,3871,5.0,20683
311,237,5.0,20684
311,3107,5.0,20685
311,2086,5.0,20686
311,6054,4.5,20687
311,6135,5.0,20688
311,5139,2.5,20689
311,2602,5.0,20690
311,270,5.0,20691
311,2047,4.0,20692
311,1430,3.0,20693
311,2656,3.0,20694
311,703,4.5,20695
311,2025,4.0,20696
311,1504,4.5,20697
311,3549,5.0,20698
311,582,4.5,20699
311,279,3.5,20700
311,1432,4.0,20701
311,271,5.0,20702
311,719,3.0,20703
311,1530,4.5,20704
311,3691,4.5,20705
311,1067,4.0,20706
311,2944,1.0,20707
311,491,3.0,20708
311,455,4.5,20709
311,2108,3.0,20710
311,2065,4.5,20711
311,1369,5.0,20712
311,1427,3.0,20713
311,1165,5.0,20714
311,1277,3.0,20715
311,1433,5.0,20716
311,1953,5.0,20717
311,2213,4.0,20718
311,2839,2.5,20719
311,3003,4.0,20720
311,3015,4.5,20721
311,2465,5.0,20722
311,3245,3.5,20723
311,1151,3.5,20724
311,1865,4.0,20725
311,1050,4.5,20726
311,1173,2.5,20727
311,1892,4.5,20728
311,1280,4.0,20729
311,1837,4.5,20730
311,2141,3.5,20731
311,2356,3.0,20732
311,2958,4.5,20733
311,975,5.0,20734
311,488,1.5,20735
311,3327,3.5,20736
311,1115,4.5,20737
311,362,5.0,20738
311,1933,4.5,20739
311,1932,5.0,20740
311,3257,5.0,20741
311,2395,4.5,20742
311,829,5.0,20743
311,3045,3.5,20744
311,563,4.0,20745
311,991,3.0,20746
311,1725,4.5,20747
311,2939,4.5,20748
311,2938,5.0,20749
311,2373,4.0,20750
311,2040,3.5,20751
311,1179,5.0,20752
311,3679,4.5,20753
311,7,5.0,20754
311,6053,3.0,20755
312,4779,5.0,20756
312,4780,5.0,20757
312,5427,5.0,20758
312,5429,5.0,20759
312,5431,2.5,20760
312,4337,2.5,20762
312,3977,2.5,20763
312,4339,2.5,20764
312,5790,2.5,20765
312,4091,2.5,20766
312,6287,2.5,20767
312,6355,2.5,20768
312,6181,2.5,20769
312,5193,2.5,20770
312,3992,2.5,20771
312,5607,2.5,20772
312,5176,2.5,20773
312,5143,2.5,20774
312,4205,2.5,20775
312,5772,2.5,20776
312,2103,2.5,20777
312,2027,2.5,20778
312,510,2.5,20779
312,3593,2.5,20780
312,2485,5.0,20781
312,728,2.5,20782
312,319,2.5,20783
312,913,2.5,20784
312,2756,2.5,20785
312,694,2.5,20786
312,583,2.5,20787
312,2699,2.5,20788
312,343,2.5,20789
312,1434,2.5,20790
312,2259,2.5,20791
312,2088,5.0,20792
312,460,2.5,20793
312,683,2.5,20794
312,1748,2.5,20795
312,1493,2.5,20796
312,1934,2.5,20797
312,1749,2.5,20798
312,1686,2.5,20799
312,1510,2.5,20800
312,3102,2.5,20801
312,2948,2.5,20802
312,3622,2.5,20803
312,2512,2.5,20804
312,3174,2.5,20805
312,2850,2.5,20806
312,949,2.5,20807
312,2849,2.5,20808
312,3281,2.5,20809
312,2862,2.5,20810
312,1873,2.5,20811
312,3627,2.5,20812
312,1755,2.5,20813
312,3445,2.5,20814
312,3344,2.5,20815
312,3420,2.5,20816
312,1742,2.5,20817
312,2224,2.5,20818
312,1117,5.0,20819
312,2206,2.5,20820
313,3774,5.0,20821
313,3775,5.0,20822
313,4871,5.0,20823
313,5072,5.0,20824
313,5762,3.0,20825
313,5763,5.0,20826
313,5216,3.0,20827
313,5838,5.0,20828
313,5056,5.0,20829
313,5461,4.0,20830
313,5897,5.0,20831
313,5943,3.0,20832
313,5631,4.0,20833
313,5126,4.5,20834
313,5171,5.0,20835
313,4983,3.5,20836
313,3747,5.0,20837
313,3887,5.0,20838
313,4169,4.0,20839
313,4189,5.0,20840
313,4107,3.0,20841
313,4402,1.0,20842
313,5396,4.0,20843
313,5467,2.0,20844
313,5023,5.0,20845
313,4239,4.0,20846
313,4865,5.0,20847
313,4867,2.5,20848
313,4864,4.0,20849
313,4861,2.5,20850
313,4869,5.0,20851
313,5752,2.5,20852
313,4970,5.0,20853
313,4969,5.0,20854
313,4975,5.0,20855
313,4447,2.0,20856
313,5288,5.0,20857
313,5702,5.0,20858
313,4898,5.0,20859
313,4608,5.0,20860
313,4052,3.0,20861
313,4055,5.0,20862
313,6159,5.0,20863
313,6598,5.0,20864
313,6089,5.0,20865
313,5249,5.0,20866
313,4277,5.0,20867
313,5800,5.0,20868
313,6320,4.0,20869
313,3870,5.0,20870
313,4662,5.0,20871
313,5927,4.0,20872
313,5235,2.0,20873
313,3989,5.0,20874
313,5215,2.5,20875
313,1534,3.0,20876
313,1789,4.0,20877
313,4679,2.0,20878
313,6072,3.0,20879
313,5833,2.0,20880
313,2099,5.0,20881
313,5649,5.0,20882
313,6546,5.0,20883
313,1065,5.0,20884
313,868,3.0,20885
313,1813,5.0,20886
313,1293,3.5,20887
313,3000,5.0,20888
313,2999,5.0,20889
313,2997,5.0,20890
313,949,5.0,20891
313,1422,4.5,20892
313,1187,5.0,20893
313,30,5.0,20894
313,1188,2.5,20895
313,4925,5.0,20896
313,1186,4.0,20897
313,4279,5.0,20898
313,4553,5.0,20899
313,1183,2.5,20900
313,200,5.0,20901
313,5055,4.0,20902
313,5837,3.5,20903
313,5466,3.5,20904
313,6158,3.5,20905
313,5648,3.0,20906
314,4752,5.0,20907
314,4753,5.0,20908
314,4780,5.0,20909
314,3872,5.0,20910
314,5209,4.5,20911
314,4750,4.0,20912
314,6069,4.0,20913
314,5312,3.5,20914
314,6271,3.5,20915
314,6133,4.0,20916
314,5752,5.0,20917
314,4339,3.5,20918
314,4353,4.5,20919
314,5378,3.5,20920
314,6501,5.0,20921
314,4408,4.0,20922
314,4406,3.5,20923
314,4405,2.5,20924
314,3871,4.0,20925
314,5377,3.5,20926
315,4352,5.0,20927
315,725,5.0,20928
315,1612,5.0,20929
315,2368,5.0,20930
315,5402,2.5,20931
315,1733,2.5,20932
315,3687,2.5,20933
315,531,2.5,20934
315,3430,2.5,20935
315,47,2.5,20936
315,1755,2.5,20937
315,2567,2.5,20938
315,1559,2.5,20939
315,3420,2.5,20940
315,1607,2.5,20941
316,4488,5.0,20942
316,4489,5.0,20943
316,6501,5.0,20944
316,4553,5.0,20945
316,6634,2.5,20946
316,5461,2.5,20947
316,6528,2.5,20948
316,6172,4.0,20949
316,4084,3.0,20950
316,6616,4.0,20951
316,4347,3.0,20952
316,5297,2.0,20953
316,5653,3.0,20954
316,5879,4.0,20955
316,6055,4.0,20956
316,4775,3.0,20957
316,3927,2.5,20958
316,6111,3.0,20959
316,4636,4.0,20960
316,5526,4.0,20961
316,5318,4.0,20962
316,5679,3.0,20963
316,5460,2.5,20964
316,1789,2.5,20965
316,1996,3.0,20966
316,845,4.5,20967
316,3360,4.0,20968
316,512,4.0,20969
316,1969,2.5,20970
316,1804,2.5,20971
316,3397,2.5,20972
316,872,2.5,20973
316,796,2.5,20974
316,3135,3.0,20975
316,449,3.0,20976
316,3669,2.5,20977
316,913,2.5,20978
316,2722,2.5,20979
316,2756,2.5,20980
316,3478,2.5,20981
316,1037,2.5,20982
316,2405,2.5,20983
316,2561,2.5,20984
316,807,2.5,20985
316,1578,2.5,20986
316,1264,2.5,20987
316,2774,2.5,20988
316,2578,2.5,20989
316,3075,2.5,20990
316,844,2.5,20991
316,1498,2.5,20992
316,1707,2.5,20993
316,3286,2.5,20994
316,2011,2.5,20995
316,964,2.5,20996
316,422,2.5,20997
316,965,2.5,20998
316,1671,2.5,20999
316,448,2.5,21000
316,1096,2.5,21001
316,1963,2.5,21002
316,638,2.5,21003
316,3659,2.5,21004
316,3207,2.5,21005
316,2530,2.5,21006
316,3324,2.5,21007
316,1302,2.5,21008
316,2861,2.5,21009
316,3017,2.5,21010
316,2043,2.5,21011
316,2219,4.0,21012
316,379,2.5,21013
316,2573,2.5,21014
316,2598,2.5,21015
316,1047,2.5,21016
316,1504,2.5,21017
316,794,2.5,21018
316,863,2.5,21019
316,3707,2.5,21020
316,3018,2.5,21021
316,1295,2.5,21022
316,3029,2.5,21023
316,1434,2.5,21024
316,1016,2.5,21025
316,3503,2.5,21026
316,1726,2.5,21027
316,1392,2.5,21028
316,2259,2.5,21029
316,3057,2.5,21030
316,2558,2.5,21031
316,1795,2.5,21032
316,3447,2.5,21033
316,2024,2.5,21034
316,2088,2.5,21035
316,2195,2.5,21036
316,5182,4.0,21037
317,5079,5.0,21038
317,1374,5.0,21039
317,1862,5.0,21040
317,294,5.0,21041
317,6158,2.5,21042
317,2485,2.5,21043
317,3285,2.5,21044
317,2614,2.5,21045
317,3661,2.5,21046
317,319,2.5,21047
317,1148,2.5,21048
317,2561,2.5,21049
317,2530,2.5,21050
317,1434,2.5,21051
317,2558,2.5,21052
317,1795,2.5,21053
317,279,2.5,21054
317,2560,2.5,21055
317,452,2.5,21056
317,280,2.5,21057
317,418,2.5,21058
317,1216,2.5,21059
317,636,2.5,21060
317,3398,2.5,21061
317,1391,2.5,21062
317,2559,2.5,21063
317,1147,2.5,21064
317,531,2.5,21065
317,795,2.5,21066
317,536,2.5,21067
317,726,2.5,21068
317,1363,2.5,21069
317,1146,2.5,21070
317,2744,2.5,21071
317,1185,2.5,21072
317,1184,2.5,21073
317,1187,2.5,21074
317,3522,2.5,21075
317,666,2.5,21076
317,2849,2.5,21077
317,1709,2.5,21078
317,3565,2.5,21079
317,1382,2.5,21080
317,1188,2.5,21081
317,2253,2.5,21082
317,1186,2.5,21083
317,667,2.5,21084
317,2592,2.5,21085
317,3011,2.5,21086
317,1280,2.5,21087
317,3066,2.5,21088
317,2141,2.5,21089
317,986,2.5,21090
317,3067,2.5,21091
317,564,2.5,21092
317,1183,2.5,21093
317,3065,2.5,21094
317,1189,2.5,21095
317,1845,2.5,21096
317,2567,2.5,21097
317,200,2.5,21098
317,975,2.5,21099
317,2590,2.5,21100
317,2187,2.5,21101
317,3327,2.5,21102
317,3444,2.5,21103
317,2410,2.5,21104
317,3056,2.5,21105
317,2224,2.5,21106
317,3134,2.5,21107
317,1455,2.5,21108
317,3261,2.5,21109
317,1240,2.5,21110
317,1117,2.5,21111
318,6718,2.5,21112
318,3711,3.0,21113
318,542,3.5,21114
318,420,3.5,21115
318,1028,3.0,21116
318,3593,3.0,21117
318,922,3.0,21118
318,3409,3.0,21119
318,1107,3.0,21120
318,550,3.5,21121
318,1518,2.5,21122
318,3541,3.0,21123
318,3364,4.0,21124
318,1435,1.0,21125
318,728,3.5,21126
318,1612,3.5,21127
318,99,3.5,21128
318,1362,3.5,21129
318,1005,3.5,21130
318,1523,2.0,21131
318,3466,2.5,21132
318,1988,2.0,21133
318,1767,3.0,21134
318,2554,5.0,21135
318,865,3.0,21136
318,1148,4.5,21137
318,231,2.5,21138
318,419,3.0,21139
318,382,3.0,21140
318,318,4.0,21141
318,1294,4.5,21142
318,1106,1.0,21143
318,796,3.5,21144
318,1850,4.0,21145
318,2561,4.0,21146
318,901,3.0,21147
318,2774,3.0,21148
318,2578,4.0,21149
318,3540,3.5,21150
318,2543,2.5,21151
318,422,3.5,21152
318,1671,3.0,21153
318,1606,4.0,21154
318,3112,4.5,21155
318,2530,4.0,21156
318,2861,2.0,21157
318,166,3.5,21158
318,927,4.0,21159
318,2524,3.0,21160
318,2562,3.5,21161
318,1024,4.5,21162
318,3182,3.5,21163
318,1434,4.0,21164
318,2558,3.0,21165
318,2088,3.0,21166
318,1429,3.5,21167
318,2167,4.0,21168
318,279,4.5,21169
318,3260,3.5,21170
318,2444,3.5,21171
318,540,2.0,21172
318,1279,3.0,21173
318,2560,4.0,21174
318,376,4.0,21175
318,2959,3.5,21176
318,3539,3.5,21177
318,3104,3.5,21178
318,230,3.0,21179
318,1350,3.0,21180
318,727,4.0,21181
318,280,4.0,21182
318,1075,4.0,21183
318,98,4.0,21184
319,3901,5.0,21185
319,270,5.0,21186
319,2215,5.0,21187
319,5876,2.5,21188
319,2994,0.5,21189
319,3634,4.0,21190
319,1996,4.0,21191
319,2648,4.5,21192
319,1446,4.5,21193
319,3285,3.0,21194
319,1313,2.0,21195
319,2554,5.0,21196
319,277,4.5,21197
319,174,5.0,21198
319,1969,3.0,21199
319,913,5.0,21200
319,694,3.5,21201
319,1443,4.0,21202
319,1434,4.5,21203
319,1392,2.5,21204
319,1795,3.0,21205
319,2560,5.0,21206
319,515,3.5,21207
319,2956,3.5,21208
319,636,4.0,21209
319,1391,3.5,21210
319,2920,4.0,21211
319,1231,5.0,21212
319,409,5.0,21213
319,106,4.0,21214
319,3691,2.5,21215
319,3174,4.0,21216
319,421,4.5,21217
319,160,3.5,21218
319,273,4.0,21219
319,666,4.0,21220
319,735,5.0,21221
319,1755,4.0,21222
319,2397,3.0,21223
319,2567,4.0,21224
319,520,2.0,21225
320,5837,2.5,21226
320,2195,5.0,21227
320,1686,5.0,21228
320,1887,5.0,21229
321,5876,2.5,21230
321,2215,2.5,21231
321,1028,2.5,21232
321,1684,2.5,21233
321,2648,2.5,21234
321,2485,2.5,21235
321,121,2.5,21236
321,845,2.5,21237
321,1656,2.5,21238
321,2191,2.5,21239
321,319,2.5,21240
321,3059,2.5,21241
321,1148,2.5,21242
321,2286,2.5,21243
321,1430,2.5,21244
321,288,2.5,21245
321,277,2.5,21246
321,2228,2.5,21247
321,3341,2.5,21248
321,3438,2.5,21249
321,2756,2.5,21250
321,844,2.5,21251
321,694,2.5,21252
321,2257,2.5,21253
321,2530,2.5,21254
321,2043,2.5,21255
321,1508,2.5,21256
321,1434,2.5,21257
321,279,2.5,21258
321,108,2.5,21259
321,683,2.5,21260
321,1999,2.5,21261
321,2226,2.5,21262
321,280,2.5,21263
321,1664,2.5,21264
321,2956,2.5,21265
321,636,2.5,21266
321,428,2.5,21267
321,1317,2.5,21268
321,1391,2.5,21269
321,3256,2.5,21270
321,112,2.5,21271
321,1147,2.5,21272
321,265,2.5,21273
321,284,2.5,21274
321,3048,2.5,21275
321,1065,2.5,21276
321,251,2.5,21277
321,758,2.5,21278
321,1363,2.5,21279
321,1686,2.5,21280
321,920,2.5,21281
321,1369,2.5,21282
321,1103,2.5,21283
321,3102,2.5,21284
321,1146,2.5,21285
321,430,2.5,21286
321,3049,2.5,21287
321,3622,2.5,21288
321,3370,2.5,21289
321,2998,2.5,21290
321,708,2.5,21291
321,8,2.5,21292
321,2828,2.5,21293
321,2968,2.5,21294
321,790,2.5,21295
321,2144,2.5,21296
321,1582,2.5,21297
321,3174,2.5,21298
321,2477,2.5,21299
321,3352,2.5,21300
321,2730,2.5,21301
321,2690,2.5,21302
322,5473,5.0,21303
322,5474,5.0,21304
322,5763,5.0,21305
322,6071,5.0,21306
322,5706,2.5,21307
322,5484,3.0,21308
322,3720,3.5,21309
322,4085,3.5,21310
322,6136,3.5,21311
322,4555,3.0,21312
322,5120,3.0,21313
322,4992,2.0,21314
322,6344,3.0,21315
322,4359,3.5,21316
322,6420,4.0,21317
322,5745,3.0,21318
322,3954,3.0,21319
322,5436,3.0,21320
322,6566,4.0,21321
322,5032,3.5,21322
322,3828,3.0,21323
322,4888,2.5,21324
322,3942,3.0,21325
322,4229,4.0,21326
322,5334,3.5,21327
322,5703,2.0,21328
322,6298,3.0,21329
322,4929,2.5,21330
322,4963,3.5,21331
322,5405,4.0,21332
322,4875,3.0,21333
322,4852,3.5,21334
322,5578,5.0,21335
322,4358,4.0,21336
322,3765,4.0,21337
322,4408,4.0,21338
322,4157,4.0,21339
322,5788,4.0,21340
322,5520,3.0,21341
322,5211,4.0,21342
322,5328,4.0,21343
322,5877,4.0,21344
322,4406,3.0,21345
322,4405,2.5,21346
322,2863,3.0,21347
322,2215,4.0,21348
322,1285,3.5,21349
322,1652,4.0,21350
322,3163,3.0,21351
322,2115,4.0,21352
322,1838,3.0,21353
322,2099,3.0,21354
322,2033,2.0,21355
322,1176,3.5,21356
322,1795,4.0,21357
322,300,3.0,21358
322,531,4.0,21359
322,2030,2.0,21360
322,1530,4.0,21361
322,1196,3.0,21362
322,1303,2.0,21363
322,3300,3.0,21364
322,1735,4.0,21365
322,1802,3.0,21366
322,2631,3.0,21367
322,902,3.0,21368
322,1206,2.5,21369
322,313,3.0,21370
322,732,3.5,21371
322,47,4.0,21372
322,1250,2.5,21373
322,1660,3.5,21374
322,450,3.5,21375
322,181,3.0,21376
322,11,3.5,21377
322,2412,3.0,21378
322,2862,4.0,21379
322,730,4.0,21380
322,3314,4.0,21381
322,612,4.0,21382
322,2464,3.5,21383
322,1755,3.0,21384
322,1905,5.0,21385
322,1412,3.0,21386
322,1342,3.5,21387
322,3344,4.0,21388
322,5762,3.0,21389
323,6299,5.0,21390
323,2632,5.0,21391
323,2958,5.0,21392
323,2392,5.0,21393
323,5143,5.0,21394
323,5460,2.5,21395
323,1789,5.0,21396
323,2408,2.0,21397
323,1733,5.0,21398
323,2674,5.0,21399
323,1278,5.0,21400
323,3521,1.0,21401
323,728,5.0,21402
323,1362,3.0,21403
323,1935,5.0,21404
323,305,4.0,21405
323,2391,5.0,21406
323,2047,5.0,21407
323,319,4.0,21408
323,2554,2.0,21409
323,1788,5.0,21410
323,1430,5.0,21411
323,2409,4.0,21412
323,2656,3.0,21413
323,2555,4.0,21414
323,2756,5.0,21415
323,2405,5.0,21416
323,1242,2.0,21417
323,3540,5.0,21418
323,2564,5.0,21419
323,753,4.0,21420
323,3182,1.0,21421
323,1434,5.0,21422
323,2558,4.0,21423
323,1429,4.0,21424
323,279,3.0,21425
323,2560,3.0,21426
323,2959,1.0,21427
323,339,5.0,21428
323,1318,5.0,21429
323,1425,2.5,21430
323,636,2.5,21431
323,2559,2.5,21432
323,1428,2.5,21433
323,531,2.5,21434
323,3425,2.5,21435
323,106,2.5,21436
323,1530,5.0,21437
323,3691,3.0,21438
323,3450,2.5,21439
323,1363,2.5,21440
323,1369,5.0,21441
323,3690,2.5,21442
323,1427,2.5,21443
323,3487,2.5,21444
323,955,2.5,21445
323,3338,2.0,21446
323,3174,5.0,21447
323,1208,2.0,21448
323,537,2.5,21449
323,1773,2.5,21450
323,2407,2.5,21451
323,2385,2.5,21452
323,1348,3.0,21453
323,1276,2.5,21454
323,2465,4.0,21455
323,105,2.5,21456
323,1164,5.0,21457
323,2390,2.5,21458
323,954,2.5,21459
323,666,2.5,21460
323,47,5.0,21461
323,3484,4.0,21462
323,2389,2.5,21463
323,2849,4.0,21464
323,2388,2.5,21465
323,2553,2.5,21466
323,3968,4.0,21467
323,5142,3.0,21468
324,5311,5.0,21469
324,3065,5.0,21470
324,1190,5.0,21471
324,2567,5.0,21472
324,6199,3.5,21473
324,6200,5.0,21474
324,4673,2.5,21475
324,6086,2.5,21476
324,4226,2.5,21477
324,4502,2.5,21478
324,3747,5.0,21479
324,4414,3.0,21480
324,5768,4.5,21481
324,3795,5.0,21482
324,5763,4.0,21483
324,5000,4.0,21484
324,6624,2.5,21485
324,5510,2.5,21486
324,6436,2.5,21487
324,5876,2.5,21488
324,2215,2.5,21489
324,909,2.5,21490
324,3616,5.0,21491
324,3002,2.5,21492
324,2799,2.5,21493
324,3592,2.5,21494
324,2530,2.5,21495
324,2636,2.5,21496
324,1431,2.5,21497
324,2560,2.5,21498
324,3422,2.5,21499
324,2124,2.5,21500
324,2920,2.5,21501
324,1065,4.5,21502
324,531,2.5,21503
324,1803,2.5,21504
324,2073,2.5,21505
324,371,2.5,21506
324,3102,2.5,21507
324,2948,2.5,21508
324,2997,2.5,21509
324,1046,2.5,21510
324,1793,2.5,21511
324,84,2.5,21512
324,1003,2.5,21513
324,2402,2.5,21514
324,3249,2.5,21515
324,3446,2.5,21516
324,949,2.5,21517
324,3638,2.5,21518
324,2190,2.5,21519
324,1709,2.5,21520
324,2644,2.5,21521
324,2066,2.5,21522
324,1597,2.5,21523
324,577,2.5,21524
324,1755,2.5,21525
324,899,2.5,21526
324,1489,2.5,21527
324,2814,2.5,21528
324,3179,2.5,21529
324,588,2.5,21530
324,3297,2.5,21531
324,2,2.5,21532
324,3164,2.5,21533
324,3623,2.5,21534
324,1997,2.5,21535
324,2042,2.5,21536
324,1915,2.5,21537
324,1487,2.5,21538
324,725,2.5,21539
324,2586,5.0,21540
324,4784,4.0,21541
325,6110,5.0,21542
325,3257,5.0,21543
325,3192,5.0,21544
325,2939,5.0,21545
325,3716,3.0,21546
325,3717,4.5,21547
325,4802,3.5,21548
325,6665,3.0,21549
325,4063,4.0,21550
325,3887,5.0,21551
325,5894,2.5,21552
325,3203,3.0,21553
325,1307,3.5,21554
325,306,4.0,21555
325,1825,3.0,21556
325,3409,3.0,21557
325,2485,3.5,21558
325,2947,3.5,21559
325,535,3.0,21560
325,845,3.0,21561
325,1819,3.0,21562
325,844,3.0,21563
325,1443,4.0,21564
325,279,3.5,21565
325,540,1.0,21566
325,1132,3.5,21567
325,1820,4.0,21568
325,280,3.0,21569
325,418,3.0,21570
325,1748,3.5,21571
325,428,4.0,21572
325,1428,3.0,21573
325,2298,2.5,21574
325,795,3.0,21575
325,251,5.0,21576
325,536,3.0,21577
325,3222,3.5,21578
325,1749,2.5,21579
325,229,1.5,21580
325,278,3.0,21581
325,1369,2.5,21582
325,1056,3.0,21583
325,1427,3.5,21584
325,3102,3.5,21585
325,3370,3.0,21586
325,2213,4.0,21587
325,1383,4.0,21588
325,2982,1.0,21589
325,2492,3.0,21590
325,2297,2.5,21591
325,2744,3.0,21592
325,1821,3.0,21593
325,3211,2.5,21594
325,2293,2.5,21595
325,1348,4.5,21596
325,1381,3.0,21597
325,2465,4.0,21598
325,273,1.5,21599
325,2849,4.5,21600
325,1382,3.5,21601
325,2295,2.5,21602
325,557,3.0,21603
325,344,3.0,21604
325,2294,2.5,21605
325,2292,3.5,21606
325,1822,3.0,21607
325,975,4.0,21608
325,3097,4.0,21609
325,2410,3.5,21610
325,2940,3.5,21611
325,1117,4.0,21612
325,427,3.0,21613
325,2938,2.5,21614
325,7,4.5,21615
325,5964,4.0,21616
326,4635,5.0,21617
326,4636,5.0,21618
326,6069,5.0,21619
326,5439,5.0,21620
326,5790,4.0,21621
326,5042,4.5,21622
326,4842,4.5,21623
326,4186,4.5,21624
326,3844,4.0,21625
326,4339,4.5,21626
326,6379,3.5,21627
326,5442,4.0,21628
326,6715,4.0,21629
326,5874,4.0,21630
326,6135,5.0,21631
326,4775,5.0,21632
326,5206,4.0,21633
326,6041,4.0,21634
326,5403,4.0,21635
326,6094,3.5,21636
326,4353,4.5,21637
326,5402,2.5,21638
326,1733,4.0,21639
326,2213,4.5,21640
326,3174,4.0,21641
326,1348,4.5,21642
326,2465,5.0,21643
326,2966,4.5,21644
326,2849,4.5,21645
326,3386,3.5,21646
326,3703,4.0,21647
326,564,4.5,21648
326,1777,4.0,21649
326,200,4.0,21650
326,975,4.5,21651
326,1761,4.0,21652
326,2383,4.0,21653
326,1115,5.0,21654
326,2433,3.5,21655
326,2410,5.0,21656
326,1564,4.0,21657
326,725,4.5,21658
326,6068,3.0,21659
327,5789,5.0,21660
327,3174,5.0,21661
327,2956,5.0,21662
327,4538,2.5,21663
327,887,2.0,21664
327,3711,3.0,21665
327,2830,4.0,21666
327,983,3.5,21667
327,1828,4.0,21668
327,2075,3.0,21669
327,3170,5.0,21670
327,2930,3.0,21671
327,286,4.0,21672
327,574,2.5,21673
327,234,2.5,21674
327,2212,4.0,21675
327,2368,4.0,21676
327,2985,3.0,21677
327,3680,2.0,21678
327,2047,5.0,21679
327,319,4.0,21680
327,3289,3.0,21681
327,1890,4.0,21682
327,886,3.0,21683
327,792,2.0,21684
327,2136,2.0,21685
327,938,3.0,21686
327,1804,3.0,21687
327,43,3.0,21688
327,2479,2.0,21689
327,879,4.0,21690
327,1218,1.0,21691
327,3036,2.0,21692
327,2543,1.0,21693
327,2791,1.0,21694
327,2900,4.0,21695
327,3677,2.0,21696
327,3421,2.0,21697
327,2530,3.0,21698
327,885,3.0,21699
327,2748,2.0,21700
327,3035,2.0,21701
327,42,3.5,21702
327,3423,2.0,21703
327,1449,4.0,21704
327,1047,5.0,21705
327,1706,4.0,21706
327,2677,2.0,21707
327,1795,4.0,21708
327,1889,4.0,21709
327,841,3.0,21710
327,3528,4.0,21711
327,1737,3.5,21712
327,2959,3.0,21713
327,2244,2.0,21714
327,452,5.0,21715
327,359,3.0,21716
327,339,5.0,21717
327,3139,3.0,21718
327,3422,2.0,21719
327,1710,5.0,21720
327,1262,3.0,21721
327,1350,2.0,21722
327,3034,3.0,21723
327,2124,2.0,21724
327,1450,4.0,21725
327,2074,2.0,21726
327,636,3.0,21727
327,2747,2.0,21728
327,1391,2.5,21729
327,2882,3.0,21730
327,763,3.0,21731
327,2920,4.0,21732
327,2790,1.0,21733
327,342,4.0,21734
327,6032,4.0,21735
328,5217,5.0,21736
328,1535,5.0,21737
328,2580,5.0,21738
328,2032,5.0,21739
328,4460,2.5,21740
328,2871,3.0,21741
328,1733,3.0,21742
328,1741,1.0,21743
328,1974,3.0,21744
328,574,3.0,21745
328,102,3.0,21746
328,469,5.0,21747
328,2099,2.0,21748
328,2756,2.5,21749
328,807,2.0,21750
328,2454,5.0,21751
328,2219,4.0,21752
328,1600,3.5,21753
328,2088,3.0,21754
328,339,4.0,21755
328,1257,3.0,21756
328,1530,4.0,21757
328,3129,3.0,21758
328,1751,2.5,21759
328,3370,3.0,21760
328,2998,4.0,21761
328,3315,3.5,21762
328,3356,5.0,21763
328,3174,3.0,21764
328,2850,3.5,21765
328,3269,4.0,21766
328,2402,4.0,21767
328,989,4.0,21768
328,135,3.5,21769
328,2849,3.5,21770
328,1018,3.5,21771
328,1452,4.0,21772
328,1256,4.0,21773
328,266,2.5,21774
328,2859,4.0,21775
328,1597,4.0,21776
328,3700,3.5,21777
328,1190,5.0,21778
328,2462,5.0,21779
328,46,4.0,21780
328,1620,3.5,21781
328,3525,4.0,21782
328,3293,3.5,21783
328,2315,5.0,21784
328,180,5.0,21785
328,3344,3.0,21786
328,2,4.0,21787
328,3327,4.0,21788
328,1306,3.0,21789
328,2404,4.0,21790
328,1448,3.0,21791
328,2549,3.0,21792
328,1455,4.0,21793
328,3384,3.0,21794
328,3615,4.0,21795
328,2586,5.0,21796
328,1071,3.0,21797
328,153,5.0,21798
328,3357,4.0,21799
328,554,3.5,21800
329,4234,5.0,21801
329,616,5.0,21802
329,1369,5.0,21803
329,437,5.0,21804
329,5018,3.5,21805
329,6307,2.5,21806
329,3290,4.0,21807
329,2215,5.0,21808
329,2994,5.0,21809
329,275,4.0,21810
329,2202,2.0,21811
329,3468,3.0,21812
329,1225,5.0,21813
329,3063,3.5,21814
329,2027,4.5,21815
329,1996,3.5,21816
329,2830,2.0,21817
329,3266,5.0,21818
329,1029,2.0,21819
329,3593,3.5,21820
329,2903,2.0,21821
329,2648,2.0,21822
329,33,4.5,21823
329,1460,2.0,21824
329,931,4.0,21825
329,2327,5.0,21826
329,1741,2.5,21827
329,854,2.0,21828
329,2424,2.5,21829
329,1398,5.0,21830
329,1223,3.5,21831
329,3244,3.5,21832
329,777,2.0,21833
329,498,5.0,21834
329,3409,2.0,21835
329,2485,4.0,21836
329,3576,5.0,21837
329,3114,3.0,21838
329,3428,3.0,21839
329,3334,4.0,21840
329,650,2.0,21841
329,3044,5.0,21842
329,1044,5.0,21843
329,1745,5.0,21844
329,2736,5.0,21845
329,3285,5.0,21846
329,845,4.0,21847
329,3019,5.0,21848
329,1956,3.5,21849
329,2513,5.0,21850
329,2191,2.5,21851
329,1123,4.0,21852
329,2047,4.5,21853
329,2919,2.0,21854
329,2554,4.5,21855
329,2115,5.0,21856
329,3299,5.0,21857
329,211,3.0,21858
329,1492,4.0,21859
329,3289,3.5,21860
329,338,3.5,21861
329,1545,4.0,21862
329,2099,5.0,21863
329,2228,5.0,21864
329,567,4.0,21865
329,3360,3.0,21866
329,2104,4.0,21867
329,826,3.0,21868
329,3135,5.0,21869
329,3669,5.0,21870
329,1578,2.0,21871
329,1434,5.0,21872
329,3584,4.0,21873
329,3503,5.0,21874
329,1795,4.5,21875
329,2088,5.0,21876
329,3528,5.0,21877
329,3970,4.0,21878
329,5017,3.5,21879
330,6633,5.0,21880
330,6634,5.0,21881
330,5056,5.0,21882
330,5072,5.0,21883
330,6439,3.5,21884
330,6440,2.5,21885
330,5192,4.0,21886
330,5922,5.0,21887
330,5960,3.5,21888
330,4718,4.5,21889
330,6259,4.0,21890
330,4528,4.0,21891
330,6258,3.5,21892
330,6261,4.5,21893
330,6297,2.5,21894
330,6271,3.5,21895
330,3714,3.5,21896
330,6501,4.0,21897
330,3870,3.0,21898
330,6287,4.5,21899
330,5461,2.5,21900
330,5877,5.0,21901
330,4543,3.5,21902
330,4542,3.0,21903
330,4544,3.0,21904
330,6575,3.5,21905
330,5944,2.5,21906
330,6137,4.5,21907
330,6138,5.0,21908
330,5075,3.5,21909
330,5399,3.5,21910
330,6453,4.0,21911
330,6454,4.0,21912
330,4863,4.0,21913
330,4862,3.5,21914
330,4865,4.0,21915
330,4867,4.0,21916
330,4864,3.5,21917
330,4871,4.5,21918
330,3874,4.5,21919
330,4861,3.0,21920
330,4869,4.0,21921
330,4235,3.0,21922
330,3853,3.5,21923
330,6538,4.0,21924
330,6370,3.0,21925
330,5900,2.5,21926
330,4179,3.5,21927
330,5042,4.5,21928
330,5383,3.5,21929
330,4050,2.0,21930
330,4799,3.5,21931
330,4451,3.5,21932
330,6051,4.0,21933
330,3869,2.5,21934
330,5700,4.5,21935
330,4268,3.5,21936
330,4849,3.0,21937
330,4585,4.5,21938
330,4129,5.0,21939
330,6159,3.5,21940
330,3786,2.5,21941
330,1612,4.5,21942
330,234,3.5,21943
330,2985,3.5,21944
330,5083,3.5,21945
330,319,3.5,21946
330,913,1.5,21947
330,2088,4.5,21948
330,727,3.0,21949
330,726,3.0,21950
330,5304,2.5,21951
330,4813,4.5,21952
330,4841,3.0,21953
330,4433,5.0,21954
330,4840,4.0,21955
330,4814,5.0,21956
330,4842,5.0,21957
330,6309,4.0,21958
330,5897,4.5,21959
330,6058,4.0,21960
330,6059,5.0,21961
330,5191,4.0,21962
330,6500,3.5,21963
330,5074,3.5,21964
330,6057,3.0,21965
331,5149,5.0,21966
331,1448,5.0,21967
331,725,5.0,21968
331,1764,5.0,21969
331,5699,2.5,21970
331,2027,4.0,21971
331,33,4.0,21972
331,931,2.0,21973
331,1655,2.5,21974
331,1765,3.0,21975
331,3091,1.5,21976
331,2047,4.0,21977
331,3382,2.5,21978
331,1430,2.5,21979
331,277,3.0,21980
331,2228,4.5,21981
331,174,3.5,21982
331,1090,2.5,21983
331,1406,1.0,21984
331,3397,1.0,21985
331,3032,2.5,21986
331,807,3.0,21987
331,984,2.5,21988
331,1961,4.0,21989
331,2924,2.0,21990
331,462,2.0,21991
331,2524,2.5,21992
331,799,1.0,21993
331,2598,2.5,21994
331,1508,3.0,21995
331,1016,4.0,21996
331,2558,3.0,21997
331,3447,4.5,21998
331,2024,3.5,21999
331,1429,2.5,22000
331,279,4.0,22001
331,540,1.5,22002
331,946,2.5,22003
331,1350,4.0,22004
331,280,4.0,22005
331,2260,4.0,22006
331,1390,5.0,22007
331,3398,1.5,22008
331,2980,2.5,22009
331,2139,2.5,22010
331,3048,3.0,22011
331,1428,2.5,22012
331,2338,4.5,22013
331,945,2.5,22014
331,2634,2.5,22015
331,1414,2.5,22016
331,2768,2.5,22017
331,1154,2.5,22018
331,3222,3.0,22019
331,2770,4.0,22020
331,2548,4.0,22021
331,3090,2.5,22022
331,278,3.0,22023
331,1861,1.5,22024
331,1503,3.0,22025
331,839,2.5,22026
331,2765,3.0,22027
331,1369,5.0,22028
331,1056,4.0,22029
331,1427,2.5,22030
331,378,4.0,22031
331,788,2.5,22032
331,538,4.0,22033
331,2948,2.5,22034
331,3115,2.5,22035
331,3370,5.0,22036
331,2382,2.0,22037
331,541,3.5,22038
331,8,2.5,22039
331,1128,3.0,22040
331,873,2.0,22041
331,1484,3.0,22042
331,5889,4.0,22043
332,3865,5.0,22044
332,3866,5.0,22045
332,6648,5.0,22046
332,6130,5.0,22047
332,6131,3.0,22048
332,6128,5.0,22049
332,6133,5.0,22050
332,5761,4.0,22051
332,4447,5.0,22052
332,6233,1.0,22053
332,6237,2.0,22054
332,6234,2.0,22055
332,6036,2.0,22056
332,4523,2.0,22057
332,6013,2.0,22058
332,4608,5.0,22059
332,4785,4.0,22060
332,5097,5.0,22061
332,4102,4.0,22062
332,4279,5.0,22063
332,4461,4.0,22064
332,4460,2.5,22065
332,2871,4.0,22066
332,1028,3.0,22067
332,3593,3.0,22068
332,350,2.0,22069
332,2834,4.0,22070
332,876,3.0,22071
332,1523,2.5,22072
332,845,4.0,22073
332,1765,1.0,22074
332,377,3.0,22075
332,319,3.5,22076
332,1954,3.0,22077
332,913,4.0,22078
332,807,3.0,22079
332,844,3.0,22080
332,100,3.5,22081
332,1434,3.5,22082
332,1795,4.0,22083
332,2088,5.0,22084
332,2195,3.0,22085
332,1298,4.0,22086
332,1279,4.0,22087
332,376,4.5,22088
332,98,4.5,22089
332,1390,5.0,22090
332,2956,3.0,22091
332,998,3.0,22092
332,1391,4.0,22093
332,1866,3.0,22094
332,3256,4.0,22095
332,2790,2.5,22096
332,1065,4.0,22097
332,2571,3.0,22098
332,874,2.0,22099
332,2965,4.5,22100
332,3450,5.0,22101
332,1522,2.5,22102
332,3000,5.0,22103
332,3090,4.0,22104
332,2999,5.0,22105
332,1369,4.0,22106
332,2797,4.0,22107
332,2377,2.0,22108
332,1277,5.0,22109
332,2948,4.0,22110
332,3622,4.5,22111
332,3370,3.5,22112
332,2998,5.0,22113
332,2828,3.0,22114
332,2839,4.0,22115
332,2319,4.0,22116
332,3174,5.0,22117
332,2997,5.0,22118
332,252,2.5,22119
332,1344,3.5,22120
332,1521,2.5,22121
332,2275,3.5,22122
332,1770,4.0,22123
332,421,4.0,22124
332,1348,4.0,22125
332,1276,5.0,22126
332,2465,5.0,22127
332,949,5.0,22128
332,598,3.0,22129
332,5906,4.0,22130
332,6129,3.0,22131
333,5776,5.0,22132
333,5777,5.0,22133
333,6419,5.0,22134
333,4303,2.5,22135
333,3869,2.5,22136
333,236,2.5,22137
333,2258,2.5,22138
333,1622,2.5,22139
333,2264,2.5,22140
333,3284,2.5,22141
333,2448,2.5,22142
333,2423,2.5,22143
333,3224,2.5,22144
333,2994,2.5,22145
333,1479,2.5,22146
333,3371,2.5,22147
333,1733,2.5,22148
333,1739,2.5,22149
333,3283,2.5,22150
333,848,2.5,22151
333,3063,2.5,22152
333,2027,2.5,22153
333,2344,2.5,22154
333,1957,2.5,22155
333,1419,2.5,22156
333,1938,2.5,22157
333,566,2.5,22158
333,1029,2.5,22159
333,3593,2.5,22160
333,3573,2.5,22161
333,3121,2.5,22162
333,2903,2.5,22163
333,2648,2.5,22164
333,33,2.5,22165
333,1741,2.5,22166
333,854,2.5,22167
333,1246,2.5,22168
333,3095,2.5,22169
333,1870,2.5,22170
333,1398,2.5,22171
333,3244,2.5,22172
333,2132,2.5,22173
333,3176,2.5,22174
333,3181,2.5,22175
333,856,2.5,22176
333,498,2.5,22177
333,2487,2.5,22178
333,983,2.5,22179
333,1825,2.5,22180
333,1193,2.5,22181
333,3409,2.5,22182
333,2485,2.5,22183
333,118,2.5,22184
333,3576,2.5,22185
333,383,2.5,22186
333,2719,2.5,22187
333,444,2.5,22188
333,1790,2.5,22189
333,3114,2.5,22190
333,2947,2.5,22191
333,1677,2.5,22192
333,2527,2.5,22193
333,3449,2.5,22194
333,3428,2.5,22195
333,3172,2.5,22196
333,1326,2.5,22197
333,3334,2.5,22198
333,650,2.5,22199
333,757,2.5,22200
333,2036,2.5,22201
333,976,2.5,22202
333,550,2.5,22203
333,1461,2.5,22204
333,2501,2.5,22205
333,1064,2.5,22206
333,3255,2.5,22207
333,1041,2.5,22208
333,6327,4.0,22209
334,5598,5.0,22210
334,1923,5.0,22211
334,1042,5.0,22212
334,3691,5.0,22213
334,5580,2.5,22214
334,1906,4.0,22215
334,2739,3.5,22216
334,1665,5.0,22217
334,1666,3.5,22218
334,2648,5.0,22219
334,3616,3.5,22220
334,2579,3.5,22221
334,1362,3.0,22222
334,1668,4.5,22223
334,2735,4.0,22224
334,319,4.0,22225
334,2554,3.0,22226
334,25,4.5,22227
334,2561,4.0,22228
334,2578,3.0,22229
334,2530,2.0,22230
334,1600,5.0,22231
334,2560,3.5,22232
334,376,2.5,22233
334,636,3.0,22234
334,1363,3.0,22235
334,666,3.0,22236
334,489,3.0,22237
334,30,3.5,22238
334,2253,3.0,22239
334,735,4.0,22240
334,2862,5.0,22241
334,1280,4.0,22242
334,1755,4.0,22243
334,2567,5.0,22244
334,2,4.0,22245
334,2211,3.0,22246
334,1240,3.0,22247
335,5699,5.0,22248
335,5700,5.0,22249
335,3752,5.0,22250
335,5759,5.0,22251
335,4754,3.5,22252
335,6530,2.5,22253
335,6084,3.5,22254
335,5877,4.0,22255
335,5679,4.0,22256
335,5445,4.5,22257
335,5584,2.5,22258
335,5757,2.5,22259
335,2097,2.0,22260
335,2215,4.0,22261
335,2423,3.5,22262
335,34,4.0,22263
335,1733,4.0,22264
335,2027,4.5,22265
335,1996,4.0,22266
335,3593,4.0,22267
335,3506,2.0,22268
335,2903,2.5,22269
335,2648,4.0,22270
335,2501,3.5,22271
335,3183,2.0,22272
335,728,3.0,22273
335,3458,1.0,22274
335,616,4.0,22275
335,845,5.0,22276
335,3019,3.5,22277
335,3002,3.5,22278
335,1095,4.0,22279
335,996,2.5,22280
335,2696,3.0,22281
335,2799,3.5,22282
335,2047,4.0,22283
335,319,3.5,22284
335,1954,3.5,22285
335,2919,2.5,22286
335,2554,5.0,22287
335,1148,3.5,22288
335,1430,4.0,22289
335,231,3.0,22290
335,277,4.0,22291
335,2228,4.0,22292
335,419,3.0,22293
335,382,3.0,22294
335,174,5.0,22295
335,3106,3.5,22296
335,2207,3.5,22297
335,512,3.5,22298
335,1969,4.0,22299
335,3397,0.5,22300
335,872,4.0,22301
335,3438,4.5,22302
335,796,3.5,22303
335,3135,3.5,22304
335,2351,4.0,22305
335,913,4.5,22306
335,2756,4.5,22307
335,2561,4.5,22308
335,807,3.0,22309
335,901,3.0,22310
335,1961,3.0,22311
335,3540,2.0,22312
335,844,4.0,22313
335,2438,4.0,22314
335,3286,3.5,22315
335,422,1.0,22316
335,1606,4.0,22317
335,1859,2.0,22318
335,1096,3.0,22319
335,1963,3.0,22320
335,3567,3.5,22321
335,2598,3.5,22322
335,17,4.0,22323
335,863,3.5,22324
335,3182,4.0,22325
335,1434,4.0,22326
335,3503,4.5,22327
335,1392,3.5,22328
335,2558,2.5,22329
335,1093,3.5,22330
335,2088,5.0,22331
335,5539,4.0,22332
335,4789,4.0,22333
335,5136,4.0,22334
336,4779,5.0,22335
336,1117,5.0,22336
336,1210,5.0,22337
336,2687,5.0,22338
336,5699,2.5,22339
336,2027,2.5,22340
336,1028,2.5,22341
336,3285,2.5,22342
336,2368,2.5,22343
336,2047,2.5,22344
336,1434,2.5,22345
336,2024,2.5,22346
336,2088,2.5,22347
336,1065,4.5,22348
336,531,2.5,22349
336,1369,2.5,22350
336,1103,2.5,22351
336,3622,2.5,22352
336,3370,2.5,22353
336,790,2.5,22354
336,421,2.5,22355
336,1348,2.5,22356
336,2465,2.5,22357
336,1357,2.5,22358
336,1489,2.5,22359
336,3065,2.5,22360
336,200,2.5,22361
336,975,2.5,22362
336,3097,2.5,22363
336,3327,2.5,22364
336,1115,2.5,22365
336,3420,2.5,22366
336,2410,2.5,22367
336,3257,2.5,22368
336,1019,2.5,22369
336,2224,2.5,22370
336,3261,2.5,22371
336,2938,2.5,22372
337,3754,5.0,22373
337,36,5.0,22374
337,2978,5.0,22375
337,1241,5.0,22376
337,5460,2.5,22377
337,1789,4.0,22378
337,771,4.0,22379
337,2871,3.0,22380
337,2215,3.0,22381
337,3571,2.5,22382
337,2110,2.0,22383
337,2622,5.0,22384
337,770,3.0,22385
337,3711,3.0,22386
337,3561,4.0,22387
337,2830,2.5,22388
337,1028,4.0,22389
337,1161,4.0,22390
337,3593,2.0,22391
337,2903,2.5,22392
337,1517,2.5,22393
337,1460,2.5,22394
337,1741,2.5,22395
337,1278,4.0,22396
337,1588,4.0,22397
337,983,3.0,22398
337,2485,3.0,22399
337,130,2.5,22400
337,1107,2.5,22401
337,3490,3.0,22402
337,3364,3.0,22403
337,3588,2.5,22404
337,2236,2.5,22405
337,652,2.5,22406
337,1362,5.0,22407
337,574,3.0,22408
337,709,2.5,22409
337,1523,2.5,22410
337,3661,2.5,22411
337,1796,2.5,22412
337,3140,2.5,22413
337,2368,2.5,22414
337,2278,4.0,22415
337,2047,2.5,22416
337,319,2.5,22417
337,2554,4.0,22418
337,865,2.5,22419
337,85,4.0,22420
337,1683,2.5,22421
337,1090,2.5,22422
337,3360,2.5,22423
337,2227,2.5,22424
337,2949,3.0,22425
337,624,2.5,22426
337,145,2.5,22427
337,3501,2.5,22428
337,171,2.5,22429
337,2561,2.5,22430
337,807,2.5,22431
337,2273,2.5,22432
337,879,2.5,22433
337,1671,2.5,22434
337,2831,2.5,22435
337,638,2.5,22436
337,2530,2.5,22437
337,2699,2.5,22438
337,2636,2.5,22439
337,3692,5.0,22440
337,2909,2.5,22441
337,1600,3.0,22442
337,17,2.5,22443
337,1508,2.5,22444
337,1434,2.5,22445
337,1392,2.5,22446
337,2558,2.5,22447
337,1795,2.5,22448
337,4497,4.0,22449
338,6574,5.0,22450
338,6575,5.0,22451
338,5064,5.0,22452
338,4489,5.0,22453
338,3977,5.0,22454
338,4104,2.5,22455
338,4356,2.5,22456
338,6063,2.0,22457
338,5679,4.0,22458
338,4460,2.5,22459
338,2871,3.5,22460
338,2408,2.0,22461
338,997,2.5,22462
338,420,3.0,22463
338,3561,4.0,22464
338,1996,4.0,22465
338,1307,2.5,22466
338,2648,4.0,22467
338,1278,2.5,22468
338,1020,2.5,22469
338,3521,2.5,22470
338,2485,4.5,22471
338,1883,2.5,22472
338,550,2.5,22473
338,1974,2.5,22474
338,3414,2.5,22475
338,3633,2.5,22476
338,2501,2.5,22477
338,1217,4.0,22478
338,1435,2.0,22479
338,350,2.5,22480
338,728,2.5,22481
338,1612,2.5,22482
338,1362,2.5,22483
338,2681,2.5,22484
338,845,2.5,22485
338,2710,2.5,22486
338,1095,2.5,22487
338,996,3.0,22488
338,3440,2.5,22489
338,2799,2.5,22490
338,1354,2.5,22491
338,846,4.0,22492
338,1430,2.5,22493
338,2409,2.5,22494
338,1815,2.5,22495
338,85,2.5,22496
338,886,2.5,22497
338,3242,2.5,22498
338,2502,2.5,22499
338,174,2.5,22500
338,1090,2.5,22501
338,3411,2.5,22502
338,512,2.5,22503
338,3438,2.5,22504
338,3135,2.5,22505
338,913,4.5,22506
338,2756,5.0,22507
338,3501,2.5,22508
338,2405,2.5,22509
338,3032,2.5,22510
338,807,2.5,22511
338,1946,2.5,22512
338,3410,2.5,22513
338,879,2.5,22514
338,2774,3.5,22515
338,2962,2.5,22516
338,1159,2.5,22517
338,844,4.0,22518
338,2438,2.5,22519
338,3286,2.5,22520
338,1451,2.5,22521
338,963,2.5,22522
338,964,2.5,22523
338,965,2.5,22524
338,1234,2.5,22525
338,694,2.5,22526
338,250,2.5,22527
338,1096,2.5,22528
338,3699,2.5,22529
338,753,2.5,22530
338,2530,2.5,22531
338,5508,4.0,22532
338,3889,4.0,22533
339,6333,5.0,22534
339,2679,5.0,22535
339,512,5.0,22536
339,2253,5.0,22537
339,5460,2.5,22538
339,1789,3.5,22539
339,2215,4.0,22540
339,1362,2.5,22541
339,1148,2.5,22542
339,277,2.5,22543
339,1090,2.5,22544
339,3438,2.5,22545
339,1600,2.5,22546
339,2558,2.5,22547
339,279,2.5,22548
339,2560,2.5,22549
339,280,2.5,22550
339,418,2.5,22551
339,1216,2.5,22552
339,636,5.0,22553
339,1391,2.5,22554
339,2559,2.5,22555
339,531,2.5,22556
339,1530,4.0,22557
339,1363,2.5,22558
339,1369,4.5,22559
339,1146,2.5,22560
339,3174,4.0,22561
339,2744,2.5,22562
339,2465,4.5,22563
339,273,2.5,22564
339,3522,2.5,22565
339,3565,2.5,22566
339,1382,2.5,22567
339,3011,2.5,22568
339,3136,4.0,22569
339,1755,3.5,22570
339,1272,3.5,22571
339,1087,2.5,22572
339,975,4.5,22573
339,2,4.0,22574
339,3097,2.5,22575
339,2404,2.5,22576
339,3444,2.5,22577
340,5876,5.0,22578
340,5877,5.0,22579
340,6296,3.5,22580
340,6297,2.5,22581
340,4775,4.0,22582
340,3714,2.5,22583
340,6427,3.0,22584
340,6679,4.0,22585
340,5881,5.0,22586
340,5790,4.5,22587
340,4636,4.0,22588
340,2774,5.0,22589
340,1535,2.0,22590
340,531,5.0,22591
340,3174,4.5,22592
340,975,4.0,22593
340,1115,4.0,22594
340,4051,4.0,22595
341,4672,5.0,22596
341,4673,5.0,22597
341,5890,5.0,22598
341,5717,5.0,22599
341,5461,5.0,22600
341,5460,3.5,22601
341,2047,5.0,22602
341,1019,4.5,22603
341,2224,5.0,22604
342,5341,5.0,22605
342,3078,5.0,22606
342,1600,5.0,22607
342,2104,5.0,22608
342,3772,2.5,22613
342,2622,4.5,22614
342,1028,3.5,22615
342,752,5.0,22616
342,3499,2.5,22617
342,3351,5.0,22618
342,319,5.0,22619
342,2554,5.0,22620
342,277,5.0,22621
342,792,4.0,22622
342,807,4.0,22623
342,964,5.0,22624
342,694,5.0,22625
342,1135,4.0,22626
342,2259,4.0,22627
342,676,4.0,22628
342,1795,5.0,22629
342,2088,5.0,22630
342,2195,5.0,22631
342,183,2.5,22632
342,2995,5.0,22633
342,280,5.0,22634
342,636,5.0,22635
342,1063,5.0,22636
342,1391,5.0,22637
342,1535,5.0,22638
342,2559,5.0,22639
342,2139,5.0,22640
342,531,4.0,22641
342,726,5.0,22642
342,1457,5.0,22643
342,2374,5.0,22644
342,1369,5.0,22645
342,1103,5.0,22646
342,1427,5.0,22647
342,3102,5.0,22648
342,253,4.0,22649
342,2828,5.0,22650
342,2140,4.5,22651
342,2679,5.0,22652
342,1003,3.5,22653
342,1276,5.0,22654
342,160,5.0,22655
342,273,4.0,22656
342,23,5.0,22657
342,1511,3.0,22658
342,47,4.5,22659
342,3484,4.0,22660
342,2190,5.0,22661
342,629,3.0,22662
342,32,4.5,22663
342,2138,5.0,22664
342,667,5.0,22665
342,501,5.0,22666
342,1280,5.0,22667
342,1190,5.0,22668
342,3136,3.5,22669
342,1755,5.0,22670
342,12,2.5,22671
342,564,4.5,22672
342,31,5.0,22673
342,116,4.0,22674
342,2567,5.0,22675
342,725,5.0,22676
342,4384,4.0,22677
343,5460,2.5,22678
343,1789,2.5,22679
343,771,2.5,22680
343,2215,2.5,22681
343,2110,2.5,22682
343,210,2.5,22683
343,275,2.5,22684
343,3711,2.5,22685
343,1733,2.5,22686
343,2648,2.5,22687
343,931,2.5,22688
343,270,2.5,22689
343,845,2.5,22690
343,2047,2.5,22691
343,319,2.5,22692
343,1954,2.5,22693
343,2554,2.5,22694
343,1090,2.5,22695
343,3438,2.5,22696
343,2756,2.5,22697
343,2561,2.5,22698
343,844,2.5,22699
343,1508,2.5,22700
343,1434,2.5,22701
343,2558,2.5,22702
343,1795,2.5,22703
343,2024,2.5,22704
343,2088,2.5,22705
343,279,2.5,22706
343,2560,2.5,22707
343,452,2.5,22708
343,3422,2.5,22709
343,280,2.5,22710
343,636,2.5,22711
343,1391,2.5,22712
343,2559,2.5,22713
343,3048,2.5,22714
343,1530,2.5,22715
343,536,2.5,22716
343,3090,2.5,22717
343,278,2.5,22718
343,1369,2.5,22719
343,3102,2.5,22720
343,1146,2.5,22721
343,538,2.5,22722
343,3622,2.5,22723
343,3370,2.5,22724
343,2828,2.5,22725
343,790,2.5,22726
343,2850,2.5,22727
343,2730,2.5,22728
343,2744,2.5,22729
343,537,2.5,22730
343,684,2.5,22731
343,1185,2.5,22732
343,3269,2.5,22733
343,1348,2.5,22734
343,273,2.5,22735
343,1187,2.5,22736
343,3202,2.5,22737
343,2966,2.5,22738
343,1357,2.5,22739
343,2849,2.5,22740
343,1520,2.5,22741
343,1382,2.5,22742
343,2644,2.5,22743
343,1188,2.5,22744
343,2253,2.5,22745
343,2553,2.5,22746
343,557,2.5,22747
343,461,2.5,22748
343,551,2.5,22749
343,2208,2.5,22750
344,4868,5.0,22751
344,1189,5.0,22752
344,6317,2.5,22753
344,2656,2.5,22754
344,3220,2.5,22755
344,2599,2.5,22756
344,1773,2.5,22757
344,266,2.5,22758
344,2452,2.5,22759
344,1134,2.5,22760
344,63,2.5,22761
344,899,2.5,22762
344,2545,2.5,22763
344,3560,2.5,22764
344,3508,2.5,22765
344,2873,2.5,22766
344,3392,2.5,22767
344,2461,2.5,22768
344,1082,2.5,22769
344,3119,2.5,22770
344,1602,2.5,22771
344,1115,2.5,22772
344,2127,2.5,22773
344,2404,2.5,22774
344,2600,2.5,22775
344,2410,2.5,22776
344,2755,2.5,22777
344,2870,2.5,22778
344,1564,2.5,22779
344,2224,2.5,22780
344,725,2.5,22781
344,1477,2.5,22782
344,109,2.5,22783
344,4806,4.0,22784
345,5259,5.0,22785
345,1578,5.0,22786
345,3691,5.0,22787
345,3348,5.0,22788
345,4405,2.5,22789
345,2863,2.5,22790
345,1789,2.5,22791
345,2871,2.5,22792
345,2423,2.5,22793
345,1733,2.5,22794
345,2027,2.5,22795
345,1028,2.5,22796
345,1161,2.5,22797
345,2648,2.5,22798
345,1741,2.5,22799
345,2424,2.5,22800
345,498,2.5,22801
345,2485,2.5,22802
345,494,2.5,22803
345,3334,2.5,22804
345,3633,2.5,22805
345,3364,2.5,22806
345,1778,2.5,22807
345,3285,2.5,22808
345,1274,2.5,22809
345,574,2.5,22810
345,477,2.5,22811
345,845,2.5,22812
345,102,2.5,22813
345,234,2.5,22814
345,2513,2.5,22815
345,2212,2.5,22816
345,2191,2.5,22817
345,2985,2.5,22818
345,2047,2.5,22819
345,319,2.5,22820
345,2554,2.5,22821
345,3059,2.5,22822
345,3693,2.5,22823
345,2099,2.5,22824
345,2459,2.5,22825
345,288,2.5,22826
345,277,2.5,22827
345,2895,2.5,22828
345,3411,2.5,22829
345,2104,2.5,22830
345,457,2.5,22831
345,139,2.5,22832
345,1969,2.5,22833
345,2119,2.5,22834
345,2468,2.5,22835
345,3438,2.5,22836
345,3073,2.5,22837
345,913,2.5,22838
345,2756,2.5,22839
345,1728,2.5,22840
345,2561,2.5,22841
345,844,2.5,22842
345,632,2.5,22843
345,144,2.5,22844
345,3419,2.5,22845
345,2924,2.5,22846
345,836,2.5,22847
345,3379,2.5,22848
345,694,2.5,22849
345,908,2.5,22850
345,2257,2.5,22851
345,638,2.5,22852
345,2530,2.5,22853
345,885,2.5,22854
345,227,2.5,22855
345,143,2.5,22856
345,1972,2.5,22857
345,2043,2.5,22858
345,877,2.5,22859
345,2909,2.5,22860
346,4784,5.0,22861
346,2948,5.0,22862
346,2410,5.0,22863
346,3054,5.0,22864
346,4460,2.5,22865
346,2871,3.0,22866
346,2215,2.5,22867
346,1273,1.5,22868
346,2994,1.5,22869
346,1733,2.5,22870
346,1225,3.5,22871
346,3063,1.5,22872
346,3561,3.5,22873
346,1028,3.5,22874
346,1161,4.0,22875
346,1957,5.0,22876
346,510,2.0,22877
346,3514,3.0,22878
346,1962,1.0,22879
346,3593,0.5,22880
346,824,3.0,22881
346,3121,3.0,22882
346,33,0.5,22883
346,931,3.0,22884
346,2424,3.5,22885
346,856,3.0,22886
346,3494,3.0,22887
346,414,1.5,22888
346,397,2.0,22889
346,391,2.0,22890
346,401,0.5,22891
346,407,2.0,22892
346,394,3.5,22893
346,2485,3.0,22894
346,3096,3.5,22895
346,130,1.5,22896
346,1107,0.5,22897
346,1790,1.5,22898
346,3449,1.0,22899
346,1875,3.0,22900
346,3334,4.0,22901
346,2539,3.0,22902
346,1974,4.0,22903
346,1461,3.5,22904
346,3364,2.5,22905
346,1217,3.5,22906
346,3053,3.0,22907
346,1435,0.5,22908
346,3147,3.0,22909
346,287,0.5,22910
346,3443,2.0,22911
346,3458,0.5,22912
346,1612,1.5,22913
346,226,3.0,22914
346,3285,4.0,22915
346,102,3.0,22916
346,2191,0.5,22917
346,3201,2.5,22918
346,798,4.5,22919
346,2047,4.0,22920
346,3492,1.5,22921
346,319,1.5,22922
346,2276,4.5,22923
346,1150,1.5,22924
346,846,3.5,22925
346,3106,3.0,22926
346,2754,2.0,22927
346,512,3.5,22928
346,3135,2.5,22929
346,913,4.5,22930
346,2546,0.5,22931
346,807,1.5,22932
346,810,3.5,22933
346,2962,3.0,22934
346,1951,3.0,22935
346,1963,3.5,22936
346,2314,4.0,22937
347,6074,5.0,22938
347,3247,5.0,22939
347,2291,5.0,22940
347,2032,5.0,22941
347,3769,2.5,22942
347,4520,2.5,22943
347,872,5.0,22944
347,3438,5.0,22945
347,17,5.0,22946
347,2971,5.0,22947
347,1427,5.0,22948
347,3033,5.0,22949
347,192,5.0,22950
347,40,5.0,22951
347,3192,5.0,22952
347,2958,5.0,22953
347,190,5.0,22954
347,2383,5.0,22955
347,556,5.0,22956
347,2410,5.0,22957
347,481,5.0,22958
347,1019,5.0,22959
347,2224,5.0,22960
347,59,5.0,22961
347,2395,5.0,22962
347,3509,5.0,22963
347,1117,5.0,22964
347,725,5.0,22965
347,878,5.0,22966
347,2151,5.0,22967
347,3339,5.0,22968
347,3437,5.0,22969
347,290,5.0,22970
347,2804,5.0,22971
347,2392,5.0,22972
347,438,5.0,22973
347,2242,5.0,22974
347,2240,3.5,22975
347,2687,3.5,22976
347,822,3.5,22977
347,2734,5.0,22978
347,2265,5.0,22979
347,4352,4.0,22980
348,5046,2.5,22981
348,1351,4.0,22982
348,3711,3.0,22983
348,1161,4.0,22984
348,867,3.0,22985
348,1278,5.0,22986
348,1362,5.0,22987
348,1523,3.0,22988
348,1149,4.0,22989
348,2279,1.0,22990
348,2972,2.0,22991
348,3379,3.0,22992
348,1671,3.0,22993
348,2530,4.0,22994
348,1600,4.0,22995
348,3447,3.0,22996
348,2088,5.0,22997
348,582,5.0,22998
348,2801,5.0,22999
348,1279,4.0,23000
348,2959,5.0,23001
348,1350,5.0,23002
348,636,5.0,23003
348,3427,5.0,23004
348,342,3.0,23005
348,1829,4.0,23006
348,1530,3.0,23007
348,3246,3.0,23008
348,985,4.0,23009
348,3710,3.0,23010
348,1522,3.0,23011
348,2798,3.0,23012
348,2944,3.0,23013
348,1363,5.0,23014
348,609,2.0,23015
348,2108,3.0,23016
348,371,4.0,23017
348,220,3.0,23018
348,1048,5.0,23019
348,125,5.0,23020
348,3160,2.5,23021
348,2839,3.0,23022
348,352,4.0,23023
348,1344,3.0,23024
348,1040,2.0,23025
348,1521,5.0,23026
348,834,4.0,23027
348,2317,4.0,23028
348,2029,4.0,23029
348,2116,2.0,23030
348,1960,2.0,23031
348,2679,5.0,23032
348,853,3.0,23033
348,3446,4.0,23034
348,1571,3.0,23035
348,446,3.0,23036
348,3313,4.0,23037
348,3522,5.0,23038
348,47,4.0,23039
348,489,4.0,23040
348,456,4.0,23041
348,1520,5.0,23042
348,2434,4.0,23043
348,347,3.0,23044
348,345,3.0,23045
348,434,4.0,23046
348,2986,5.0,23047
348,1173,4.0,23048
348,2044,4.0,23049
348,1321,5.0,23050
348,551,5.0,23051
348,587,5.0,23052
348,1465,4.0,23053
349,4804,5.0,23054
349,2958,5.0,23055
349,975,5.0,23056
349,725,5.0,23057
349,5460,2.5,23058
349,1789,3.5,23059
349,3290,2.5,23060
349,275,2.0,23061
349,3711,2.5,23062
349,1460,2.5,23063
349,1828,2.5,23064
349,3289,3.5,23065
349,277,2.5,23066
349,2054,3.5,23067
349,422,3.0,23068
349,1047,3.0,23069
349,1434,3.5,23070
349,2558,4.0,23071
349,279,3.5,23072
349,540,3.0,23073
349,3050,2.5,23074
349,1132,4.0,23075
349,230,3.0,23076
349,1459,3.0,23077
349,280,4.0,23078
349,418,3.0,23079
349,3398,3.5,23080
349,2559,3.0,23081
349,1147,3.5,23082
349,795,4.0,23083
349,1829,3.5,23084
349,1530,4.5,23085
349,536,3.0,23086
349,3710,3.5,23087
349,229,3.5,23088
349,2702,3.0,23089
349,1457,3.5,23090
349,278,2.5,23091
349,1369,4.0,23092
349,1146,4.0,23093
349,2731,3.5,23094
349,538,3.5,23095
349,3049,3.0,23096
349,1048,3.5,23097
349,3399,3.0,23098
349,1383,3.0,23099
349,2730,4.5,23100
349,479,4.0,23101
349,2744,3.5,23102
349,537,5.0,23103
349,834,3.5,23104
349,3396,3.5,23105
349,2679,4.0,23106
349,1348,3.5,23107
349,1381,3.0,23108
349,273,2.5,23109
349,2055,3.0,23110
349,47,4.5,23111
349,3010,4.0,23112
349,1382,3.5,23113
349,3355,4.0,23114
349,2053,5.0,23115
349,2208,3.0,23116
349,2592,5.0,23117
349,1280,3.5,23118
349,1284,3.0,23119
349,2591,3.0,23120
349,2567,4.0,23121
349,1456,3.5,23122
349,189,1.0,23123
349,2290,4.5,23124
349,200,2.5,23125
349,2590,3.5,23126
349,2,5.0,23127
349,3327,3.0,23128
350,5876,5.0,23129
350,2215,5.0,23130
350,1508,5.0,23131
350,2088,2.5,23132
350,1530,2.5,23133
350,725,2.5,23134
351,3794,5.0,23135
351,145,5.0,23136
351,636,5.0,23137
351,2099,5.0,23138
351,4460,2.5,23139
351,2871,4.0,23140
351,2258,3.0,23141
351,2215,5.0,23142
351,1249,2.5,23143
351,3667,2.5,23144
351,2994,3.5,23145
351,275,2.0,23146
351,3711,3.0,23147
351,1733,3.5,23148
351,1028,3.5,23149
351,510,4.5,23150
351,3593,3.5,23151
351,2648,4.0,23152
351,2485,5.0,23153
351,845,4.5,23154
351,2047,2.5,23155
351,2831,3.0,23156
351,3017,3.5,23157
351,2043,3.5,23158
351,1600,4.0,23159
351,1795,4.5,23160
351,2024,2.5,23161
351,2088,3.5,23162
351,279,4.0,23163
351,2560,4.5,23164
351,1792,2.5,23165
351,339,4.0,23166
351,3034,1.0,23167
351,280,5.0,23168
351,1216,4.0,23169
351,2956,2.0,23170
351,3656,3.5,23171
351,1065,4.0,23172
351,251,4.0,23173
351,2145,1.0,23174
351,1369,3.5,23175
351,472,2.0,23176
351,3622,4.5,23177
351,1210,3.0,23178
351,2144,2.5,23179
351,3174,3.0,23180
351,2997,4.0,23181
351,684,3.0,23182
351,421,3.5,23183
351,3023,1.0,23184
351,273,3.0,23185
351,949,5.0,23186
351,47,4.0,23187
351,2604,1.5,23188
351,2849,4.5,23189
351,3565,2.5,23190
351,1452,2.5,23191
351,2862,3.0,23192
351,1597,4.0,23193
351,667,2.5,23194
351,2592,3.5,23195
351,2552,3.5,23196
351,1755,3.0,23197
351,12,3.5,23198
351,899,4.0,23199
351,3236,4.0,23200
351,975,4.5,23201
351,1978,2.5,23202
351,2,3.0,23203
351,3193,4.0,23204
351,3327,4.5,23205
351,2404,2.5,23206
351,1174,2.5,23207
351,2410,3.0,23208
351,3257,5.0,23209
352,4915,2.5,23210
352,1236,4.5,23211
352,1622,5.0,23212
352,1380,4.0,23213
352,420,3.5,23214
352,3063,4.5,23215
352,1028,4.5,23216
352,3593,4.5,23217
352,498,5.0,23218
352,2501,4.5,23219
352,1745,3.0,23220
352,1073,1.0,23221
352,1772,1.5,23222
352,1338,4.0,23223
352,1354,1.0,23224
352,1683,3.0,23225
352,2620,2.0,23226
352,1486,2.5,23227
352,3336,2.5,23228
352,1717,5.0,23229
352,2543,1.0,23230
352,2398,1.0,23231
352,2747,2.5,23232
352,688,4.0,23233
352,531,4.5,23234
352,2666,1.0,23235
352,3129,4.0,23236
352,3709,2.0,23237
352,2483,2.0,23238
352,1367,2.5,23239
352,3435,2.5,23240
352,1718,2.5,23241
352,689,4.0,23242
352,212,2.0,23243
352,2789,3.5,23244
352,1782,2.5,23245
352,1719,2.5,23246
352,1835,1.5,23247
352,1771,2.5,23248
352,1716,2.5,23249
352,1348,3.0,23250
352,3332,3.0,23251
352,525,4.0,23252
352,456,3.5,23253
352,3010,2.0,23254
352,1382,4.0,23255
352,1452,4.0,23256
352,1766,4.0,23257
352,2387,4.0,23258
352,2846,1.0,23259
352,2386,3.5,23260
352,2443,3.0,23261
352,2384,4.5,23262
352,1421,2.0,23263
352,2701,4.0,23264
352,1070,1.0,23265
352,3500,3.5,23266
352,3526,2.0,23267
352,2682,3.5,23268
352,3210,3.0,23269
352,329,2.0,23270
352,3221,1.0,23271
352,1415,2.0,23272
352,2643,3.5,23273
352,71,3.5,23274
352,3630,4.0,23275
352,916,2.5,23276
352,3437,2.0,23277
352,2773,2.5,23278
352,1418,3.0,23279
352,1417,1.5,23280
352,923,2.0,23281
352,458,3.5,23282
353,6626,5.0,23283
353,3615,5.0,23284
353,3539,5.0,23285
353,3437,5.0,23286
353,6267,4.5,23287
353,6266,3.0,23288
353,2597,4.5,23289
353,2215,5.0,23290
353,2622,2.5,23291
353,3634,4.5,23292
353,2027,3.5,23293
353,3593,4.0,23294
353,1460,2.5,23295
353,931,4.5,23296
353,1278,2.5,23297
353,2485,4.5,23298
353,3633,5.0,23299
353,616,2.5,23300
353,3002,4.5,23301
353,319,4.5,23302
353,419,2.5,23303
353,1090,4.0,23304
353,3106,2.5,23305
353,796,2.5,23306
353,913,4.0,23307
353,2756,2.5,23308
353,879,2.5,23309
353,844,2.5,23310
353,2438,2.5,23311
353,3286,2.5,23312
353,422,2.5,23313
353,1671,2.5,23314
353,694,4.5,23315
353,2530,2.5,23316
353,2598,4.0,23317
353,1508,4.5,23318
353,1434,4.5,23319
353,2558,2.5,23320
353,279,2.5,23321
353,3528,4.0,23322
353,540,2.5,23323
353,2560,2.5,23324
353,452,2.5,23325
353,1350,2.5,23326
353,280,2.5,23327
353,418,2.5,23328
353,1216,2.5,23329
353,2596,4.0,23330
353,636,2.5,23331
353,3398,2.5,23332
353,1391,3.5,23333
353,2559,2.5,23334
353,1147,2.5,23335
353,2338,4.5,23336
353,795,2.5,23337
353,1829,2.5,23338
353,1530,2.5,23339
353,2632,2.5,23340
353,536,2.5,23341
353,726,2.5,23342
353,3710,2.5,23343
353,2595,4.5,23344
353,2971,2.5,23345
353,3000,2.5,23346
353,3090,4.5,23347
353,229,2.5,23348
353,1363,2.5,23349
353,1686,2.5,23350
353,278,2.5,23351
353,3366,2.5,23352
353,1503,2.5,23353
353,2999,2.5,23354
353,1369,2.5,23355
353,371,2.5,23356
353,1427,2.5,23357
353,1146,2.5,23358
353,538,2.5,23359
353,5241,4.0,23360
353,4338,4.0,23361
354,4352,5.0,23362
354,4353,5.0,23363
354,4339,5.0,23364
354,4476,3.0,23365
354,4477,4.0,23366
354,5143,3.5,23367
354,3971,4.0,23368
354,3977,3.5,23369
354,4863,2.5,23370
354,4862,2.5,23371
354,4865,2.5,23372
354,4867,2.5,23373
354,4864,2.5,23374
354,4871,2.5,23375
354,4861,2.5,23376
354,4869,2.5,23377
354,6174,3.5,23378
354,6175,3.0,23379
354,5211,4.0,23380
354,6145,3.5,23381
354,6302,3.5,23382
354,6237,4.0,23383
354,6608,4.5,23384
354,4673,4.5,23385
354,4122,2.0,23386
354,5720,4.0,23387
354,6211,4.0,23388
354,5827,4.0,23389
354,6233,4.0,23390
354,6228,4.5,23391
354,6236,4.5,23392
354,4437,3.5,23393
354,4438,3.0,23394
354,3918,4.0,23395
354,4356,3.5,23396
354,4354,3.0,23397
354,4357,3.5,23398
354,6710,4.5,23399
354,4190,2.5,23400
354,573,2.5,23401
354,1517,2.5,23402
354,2501,3.5,23403
354,728,3.5,23404
354,2554,4.5,23405
354,277,2.5,23406
354,2502,3.0,23407
354,3397,2.5,23408
354,796,3.5,23409
354,2756,3.5,23410
354,2561,4.0,23411
354,2635,3.5,23412
354,844,2.5,23413
354,2530,4.0,23414
354,2598,2.5,23415
354,1434,3.5,23416
354,3594,4.5,23417
354,2558,4.0,23418
354,2167,4.0,23419
354,279,2.5,23420
354,2560,4.5,23421
354,727,3.0,23422
354,280,4.0,23423
354,2596,2.5,23424
354,2559,2.5,23425
354,1147,2.5,23426
354,2338,2.5,23427
354,795,3.0,23428
354,485,2.0,23429
354,106,3.5,23430
354,1530,4.0,23431
354,2632,2.5,23432
354,3691,4.5,23433
354,726,3.5,23434
354,2595,2.5,23435
354,278,2.5,23436
354,1146,2.5,23437
354,1185,2.5,23438
354,834,4.0,23439
354,1184,2.5,23440
354,273,2.5,23441
354,1187,2.5,23442
354,2055,4.0,23443
354,2849,4.5,23444
354,1188,2.5,23445
354,2053,2.5,23446
354,1186,2.5,23447
354,325,4.0,23448
354,2592,2.5,23449
354,1190,2.5,23450
354,1183,2.5,23451
354,2591,2.5,23452
354,1189,2.5,23453
354,2590,2.5,23454
354,2867,2.5,23455
354,1019,4.5,23456
354,3346,2.5,23457
354,725,4.5,23458
354,2302,2.5,23459
354,2884,2.5,23460
354,3253,2.5,23461
354,3218,2.5,23462
354,2589,2.5,23463
354,3252,2.5,23464
354,1983,2.5,23465
355,4232,5.0,23466
355,615,5.0,23467
355,3257,5.0,23468
355,3308,5.0,23469
355,5876,2.5,23470
355,2215,4.5,23471
355,2903,3.0,23472
355,2648,4.0,23473
355,3409,3.5,23474
355,2485,4.0,23475
355,728,3.0,23476
355,1523,2.0,23477
355,845,4.5,23478
355,2554,4.5,23479
355,382,2.0,23480
355,722,3.0,23481
355,913,5.0,23482
355,2273,2.0,23483
355,844,4.0,23484
355,3464,3.0,23485
355,863,3.5,23486
355,3018,4.0,23487
355,2088,5.0,23488
355,279,3.5,23489
355,2560,4.5,23490
355,2856,3.5,23491
355,280,4.0,23492
355,1450,2.5,23493
355,636,5.0,23494
355,1391,3.5,23495
355,3660,3.0,23496
355,2695,3.5,23497
355,3048,4.0,23498
355,1065,4.0,23499
355,945,3.5,23500
355,1829,3.5,23501
355,1152,4.5,23502
355,1471,3.5,23503
355,3710,3.5,23504
355,1522,3.5,23505
355,2281,4.0,23506
355,2616,3.5,23507
355,1363,3.5,23508
355,1239,3.0,23509
355,1369,4.5,23510
355,1675,3.0,23511
355,2522,3.5,23512
355,1472,3.5,23513
355,3622,5.0,23514
355,3370,4.0,23515
355,1048,3.5,23516
355,2111,2.5,23517
355,1470,4.0,23518
355,2976,3.5,23519
355,1711,3.0,23520
355,1846,3.5,23521
355,1383,3.0,23522
355,2839,3.0,23523
355,790,4.0,23524
355,2977,4.0,23525
355,3267,3.0,23526
355,1185,4.0,23527
355,1251,3.5,23528
355,1133,2.0,23529
355,1521,3.5,23530
355,301,2.5,23531
355,1247,2.5,23532
355,774,3.5,23533
355,2252,3.5,23534
355,1269,3.0,23535
355,2679,3.5,23536
355,1770,4.0,23537
355,3269,4.0,23538
355,421,4.5,23539
355,2402,5.0,23540
355,1348,4.0,23541
355,3037,0.5,23542
355,6092,4.0,23543
356,3975,5.0,23544
356,3977,5.0,23545
356,6048,5.0,23546
356,6359,5.0,23547
356,5422,5.0,23548
356,6389,5.0,23549
356,6111,5.0,23551
356,5072,5.0,23552
356,4832,5.0,23553
356,3844,5.0,23554
356,3838,5.0,23555
356,6047,4.0,23556
357,5414,5.0,23557
357,5415,5.0,23558
357,4648,5.0,23559
357,4058,5.0,23560
357,4460,2.5,23561
357,2871,3.0,23562
357,1776,1.0,23563
357,3667,2.0,23564
357,1733,3.0,23565
357,3561,3.0,23566
357,3593,4.0,23567
357,3095,3.0,23568
357,2978,2.0,23569
357,3176,3.0,23570
357,2132,3.0,23571
357,2485,5.0,23572
357,1546,4.0,23573
357,1677,4.0,23574
357,2527,4.0,23575
357,2270,3.0,23576
357,1326,4.0,23577
357,1974,3.0,23578
357,3588,1.0,23579
357,1333,5.0,23580
357,2807,3.0,23581
357,365,3.0,23582
357,226,2.0,23583
357,2376,5.0,23584
357,3285,5.0,23585
357,876,1.0,23586
357,1124,3.0,23587
357,1095,5.0,23588
357,2985,5.0,23589
357,2368,2.0,23590
357,259,3.0,23591
357,1545,5.0,23592
357,1288,5.0,23593
357,3171,4.0,23594
357,913,5.0,23595
357,3419,4.0,23596
357,3271,4.0,23597
357,1795,4.0,23598
357,453,4.0,23599
357,2585,4.0,23600
357,142,5.0,23601
357,358,4.0,23602
357,3488,5.0,23603
357,2868,3.0,23604
357,3077,5.0,23605
357,3598,5.0,23606
357,2877,3.0,23607
357,2948,5.0,23608
357,1027,3.0,23609
357,3370,2.0,23610
357,2077,0.5,23611
357,334,3.0,23612
357,233,5.0,23613
357,3230,5.0,23614
357,333,1.0,23615
357,933,5.0,23616
357,673,5.0,23617
357,621,4.0,23618
357,2826,4.0,23619
357,2708,5.0,23620
357,3390,4.0,23621
357,1201,4.0,23622
357,164,4.0,23623
357,373,4.0,23624
357,3393,5.0,23625
357,3085,4.0,23626
357,162,5.0,23627
357,2713,4.0,23628
357,1437,1.0,23629
357,1868,5.0,23630
358,6633,5.0,23631
358,6634,5.0,23632
358,4608,4.0,23633
358,5771,2.5,23634
358,5876,2.5,23635
358,2215,4.5,23636
358,1460,1.5,23637
358,414,3.5,23638
358,407,4.0,23639
358,401,2.5,23640
358,397,4.0,23641
358,391,3.0,23642
358,394,3.0,23643
358,2485,4.0,23644
358,396,3.0,23645
358,1594,4.0,23646
358,410,3.5,23647
358,2088,4.0,23648
358,3054,4.5,23649
358,1132,3.5,23650
358,1216,4.0,23651
358,413,3.0,23652
358,399,4.0,23653
358,400,3.5,23654
358,409,4.0,23655
358,2971,4.0,23656
358,416,4.0,23657
358,415,3.0,23658
358,790,4.0,23659
358,412,2.0,23660
358,398,3.5,23661
358,3269,4.0,23662
358,2849,4.0,23663
358,3386,4.0,23664
358,2253,4.0,23665
358,3126,3.0,23666
358,2410,5.0,23667
358,3261,3.0,23668
358,6184,4.0,23669
358,4607,3.5,23670
359,5419,5.0,23671
359,3100,5.0,23672
359,3101,5.0,23673
359,3099,5.0,23674
359,5137,5.0,23675
359,4405,2.5,23676
359,2863,3.5,23677
359,1789,5.0,23678
359,306,3.0,23679
359,535,2.5,23680
359,2165,4.0,23681
359,3317,2.5,23682
359,2799,5.0,23683
359,2554,5.0,23684
359,1430,3.5,23685
359,2174,3.5,23686
359,1606,4.5,23687
359,2182,4.0,23688
359,2181,2.5,23689
359,1429,5.0,23690
359,2167,2.5,23691
359,540,3.0,23692
359,1670,5.0,23693
359,2560,5.0,23694
359,2183,3.5,23695
359,280,4.5,23696
359,466,5.0,23697
359,1669,5.0,23698
359,2179,3.0,23699
359,1428,5.0,23700
359,2172,3.0,23701
359,2178,5.0,23702
359,1427,5.0,23703
359,2177,4.5,23704
359,3622,5.0,23705
359,3365,5.0,23706
359,2744,3.0,23707
359,537,4.0,23708
359,1872,5.0,23709
359,2186,3.5,23710
359,273,3.0,23711
359,2164,3.0,23712
359,2190,5.0,23713
359,2168,5.0,23714
359,2849,5.0,23715
359,2185,5.0,23716
359,1690,3.0,23717
359,2173,3.5,23718
359,1263,5.0,23719
359,1834,5.0,23720
359,2852,5.0,23721
359,2171,3.0,23722
359,1280,5.0,23723
359,2166,3.5,23724
359,1964,5.0,23725
359,3066,5.0,23726
359,2170,4.0,23727
359,3098,4.0,23728
359,2668,3.5,23729
359,1335,5.0,23730
359,1774,5.0,23731
359,2169,3.5,23732
359,3177,5.0,23733
359,1515,5.0,23734
359,2248,3.0,23735
359,107,3.5,23736
359,2917,3.0,23737
359,3361,5.0,23738
359,2567,5.0,23739
359,2163,3.0,23740
359,2162,4.0,23741
359,975,5.0,23742
359,1911,3.5,23743
359,2175,3.5,23744
359,2535,3.5,23745
359,5585,4.0,23746
359,5136,3.0,23747
360,6053,5.0,23748
360,2395,5.0,23749
360,1430,5.0,23750
360,2730,5.0,23751
360,5751,3.5,23752
360,5752,4.5,23753
360,5689,5.0,23754
360,5282,4.0,23755
360,3723,4.0,23756
360,5877,4.5,23757
360,4667,4.5,23758
360,5442,4.0,23759
360,5403,4.0,23760
360,6111,5.0,23761
360,6634,5.0,23762
360,5211,5.0,23763
360,4440,4.5,23764
360,3717,5.0,23765
360,6135,5.0,23766
360,5876,2.5,23767
360,931,4.0,23768
360,306,3.5,23769
360,118,3.0,23770
360,2706,1.0,23771
360,3169,4.0,23772
360,728,3.0,23773
360,298,3.0,23774
360,2047,5.0,23775
360,926,3.5,23776
360,2704,1.0,23777
360,2756,4.0,23778
360,3665,3.0,23779
360,1963,4.0,23780
360,927,4.0,23781
360,296,2.5,23782
360,1429,5.0,23783
360,727,4.5,23784
360,280,4.5,23785
360,428,4.0,23786
360,1428,5.0,23787
360,73,3.0,23788
360,2705,1.5,23789
360,726,4.0,23790
360,1369,5.0,23791
360,1427,5.0,23792
360,2731,4.0,23793
360,3370,4.0,23794
360,1383,4.0,23795
360,3331,4.0,23796
360,2744,4.0,23797
360,3330,3.5,23798
360,834,4.5,23799
360,1348,4.0,23800
360,3332,3.5,23801
360,1381,4.0,23802
360,2465,4.5,23803
360,3333,3.5,23804
360,47,4.0,23805
360,3484,3.0,23806
360,2849,5.0,23807
360,1382,4.5,23808
360,2357,4.0,23809
360,2253,5.0,23810
360,2553,4.0,23811
360,325,5.0,23812
360,2552,4.0,23813
360,3080,4.0,23814
360,3066,4.5,23815
360,297,4.0,23816
360,3067,4.0,23817
360,3329,3.5,23818
360,2551,4.0,23819
360,3065,5.0,23820
360,2356,4.5,23821
360,200,3.5,23822
360,2355,4.5,23823
360,193,4.5,23824
360,1115,4.0,23825
360,3420,3.5,23826
360,1198,4.0,23827
360,5705,4.0,23828
361,4156,5.0,23829
361,4157,5.0,23830
361,5471,5.0,23831
361,4958,5.0,23832
361,4742,3.5,23833
361,4743,5.0,23834
361,6497,2.5,23837
361,6619,3.0,23838
361,5838,4.0,23839
361,4170,3.0,23840
361,4186,3.5,23842
361,5790,3.5,23843
361,5228,3.0,23844
361,4828,5.0,23845
361,5470,2.5,23846
361,3108,3.0,23847
361,2195,4.0,23848
361,1152,5.0,23849
361,547,3.0,23850
361,3174,3.5,23851
361,1280,5.0,23852
361,3471,2.5,23853
361,3043,3.0,23854
361,564,3.5,23855
361,3612,3.0,23856
361,4957,4.0,23857
361,5789,3.0,23858
362,4419,5.0,23859
362,776,5.0,23860
362,201,5.0,23861
362,1056,5.0,23862
362,3767,2.5,23863
362,6452,2.5,23864
362,3869,2.5,23865
362,236,3.0,23866
362,3571,2.5,23867
362,275,4.0,23868
362,2830,2.5,23869
362,1460,3.0,23870
362,931,4.0,23871
362,1982,3.0,23872
362,3114,1.5,23873
362,728,4.0,23874
362,3458,4.5,23875
362,2898,3.0,23876
362,3614,3.5,23877
362,687,3.0,23878
362,277,3.0,23879
362,174,4.0,23880
362,512,4.0,23881
362,2949,2.0,23882
362,1458,3.0,23883
362,3438,3.5,23884
362,3135,4.0,23885
362,2756,3.5,23886
362,807,2.0,23887
362,17,4.0,23888
362,2247,2.5,23889
362,1434,3.5,23890
362,2558,2.5,23891
362,2024,3.5,23892
362,279,3.5,23893
362,686,3.0,23894
362,452,3.5,23895
362,1132,3.5,23896
362,1459,2.5,23897
362,727,2.5,23898
362,280,4.0,23899
362,2260,3.5,23900
362,98,3.5,23901
362,1748,3.5,23902
362,3398,3.5,23903
362,1391,2.0,23904
362,284,2.0,23905
362,1428,3.0,23906
362,1065,3.5,23907
362,2338,1.0,23908
362,2571,3.5,23909
362,1152,4.0,23910
362,1530,4.0,23911
362,3569,3.5,23912
362,2632,1.5,23913
362,2829,4.0,23914
362,536,2.0,23915
362,726,3.5,23916
362,3222,4.5,23917
362,2595,1.0,23918
362,685,3.5,23919
362,3000,3.0,23920
362,3090,3.0,23921
362,1749,3.5,23922
362,2540,3.5,23923
362,1457,3.0,23924
362,1686,2.5,23925
362,278,1.5,23926
362,1503,3.0,23927
362,2983,4.0,23928
362,2999,1.5,23929
362,1369,5.0,23930
362,1427,4.0,23931
362,3102,2.5,23932
362,1945,4.0,23933
362,1146,3.5,23934
362,858,4.0,23935
363,5039,5.0,23936
363,1347,5.0,23937
363,7,5.0,23938
363,1179,5.0,23939
363,4410,2.5,23940
363,771,4.0,23941
363,2215,4.0,23942
363,770,3.5,23943
363,2830,2.5,23944
363,752,4.0,23945
363,498,3.5,23946
363,1701,4.0,23947
363,2002,4.0,23948
363,1772,2.0,23949
363,845,5.0,23950
363,217,3.0,23951
363,2047,4.0,23952
363,815,3.0,23953
363,277,3.0,23954
363,2228,4.0,23955
363,833,3.5,23956
363,1099,4.0,23957
363,475,3.0,23958
363,512,3.5,23959
363,681,3.0,23960
363,1481,3.5,23961
363,2351,3.5,23962
363,913,3.5,23963
363,814,3.5,23964
363,844,4.5,23965
363,679,3.5,23966
363,1963,3.5,23967
363,1438,4.0,23968
363,753,4.0,23969
363,813,3.0,23970
363,1691,4.5,23971
363,2430,3.0,23972
363,978,3.5,23973
363,1508,3.5,23974
363,3182,4.0,23975
363,585,4.0,23976
363,3503,3.0,23977
363,2738,4.0,23978
363,2641,3.5,23979
363,1474,3.0,23980
363,2024,3.5,23981
363,2088,4.0,23982
363,302,3.5,23983
363,895,3.0,23984
363,1480,3.5,23985
363,214,4.0,23986
363,2254,4.0,23987
363,3539,3.0,23988
363,3476,4.0,23989
363,1318,4.0,23990
363,1768,3.0,23991
363,1350,3.5,23992
363,2669,2.5,23993
363,677,3.0,23994
363,2260,3.0,23995
363,1057,3.0,23996
363,2072,3.5,23997
363,1216,3.5,23998
363,1469,3.0,23999
363,636,4.5,24000
363,2415,3.5,24001
363,428,4.0,24002
363,1442,2.0,24003
363,1391,3.0,24004
363,3429,3.0,24005
363,1411,3.0,24006
363,1227,3.5,24007
363,304,4.0,24008
363,678,3.0,24009
363,2790,3.0,24010
363,284,3.5,24011
363,2179,4.0,24012
363,4854,4.0,24013
363,4851,4.0,24014
363,4286,4.0,24015
363,4951,4.0,24016
363,5085,4.0,24017
364,5210,5.0,24018
364,5211,5.0,24019
364,6569,5.0,24020
364,1597,5.0,24021
364,4039,3.5,24022
364,5214,4.0,24023
364,6212,4.5,24024
364,5851,5.0,24025
364,3814,5.0,24026
364,4031,5.0,24027
364,5333,4.0,24028
364,5723,5.0,24029
364,3929,4.0,24030
364,4406,3.0,24031
364,6376,5.0,24032
364,5157,4.0,24033
364,4991,5.0,24034
364,4835,5.0,24035
364,5749,2.0,24036
364,5748,2.5,24037
364,1733,3.0,24038
364,1989,4.0,24039
364,3178,3.0,24040
364,647,4.0,24041
364,2212,4.0,24042
364,211,4.0,24043
364,2318,4.0,24044
364,2006,4.0,24045
364,223,4.0,24046
364,1600,5.0,24047
364,1434,3.0,24048
364,2024,3.0,24049
364,2076,4.0,24050
364,108,5.0,24051
364,2956,4.0,24052
364,3656,4.0,24053
364,636,4.0,24054
364,3622,5.0,24055
364,3696,4.0,24056
364,2998,5.0,24057
364,684,4.0,24058
364,160,5.0,24059
364,1709,5.0,24060
364,3206,4.0,24061
364,2986,5.0,24062
364,2208,3.0,24063
364,1626,4.0,24064
364,1272,5.0,24065
364,564,3.0,24066
364,3344,5.0,24067
364,1978,5.0,24068
364,3327,4.0,24069
364,1580,5.0,24070
364,2211,5.0,24071
364,1742,4.0,24072
364,1019,5.0,24073
364,2206,4.0,24074
364,3615,5.0,24075
364,725,5.0,24076
364,1910,4.0,24077
364,1129,5.0,24078
364,5213,4.0,24079
364,6375,3.5,24080
365,5071,5.0,24081
365,5072,5.0,24082
365,4772,5.0,24083
365,5247,4.0,24085
365,5248,3.0,24086
365,3834,3.0,24087
365,5369,2.5,24088
365,5431,3.5,24089
365,4704,4.0,24090
365,4900,3.0,24091
365,4022,3.5,24092
365,5733,4.0,24093
365,6348,3.0,24094
365,5816,3.0,24095
365,5202,3.0,24096
365,4357,3.5,24097
365,4018,3.0,24098
365,5509,2.0,24099
365,6493,1.0,24100
365,3788,4.0,24101
365,3927,2.0,24102
365,3789,5.0,24103
365,4176,4.0,24104
365,6234,4.0,24105
365,3946,1.0,24106
365,5793,3.0,24107
365,6600,4.0,24108
365,4586,1.0,24109
365,6202,3.5,24110
365,6469,4.5,24111
365,4617,3.0,24112
365,5715,3.5,24113
365,6474,3.5,24114
365,5732,4.0,24115
365,5109,2.0,24116
365,6396,2.0,24117
365,5727,4.0,24118
365,4310,1.0,24119
365,4250,4.0,24120
365,5148,3.5,24121
365,3787,3.0,24122
365,4292,4.0,24123
365,6112,3.5,24124
365,4483,3.0,24125
365,6111,5.0,24126
365,6557,3.5,24127
365,4218,3.0,24128
365,4887,2.0,24129
365,3802,2.0,24130
365,5827,3.0,24131
365,3879,2.0,24132
365,4697,2.0,24133
365,4808,2.5,24134
365,4584,2.5,24135
365,931,3.5,24136
365,1478,2.0,24137
365,87,3.5,24138
365,2192,3.0,24139
365,2526,1.0,24140
365,3541,4.0,24141
365,728,4.5,24142
365,1919,4.0,24143
365,1362,2.0,24144
365,1523,2.0,24145
365,303,4.0,24146
365,3661,3.5,24147
365,1819,4.0,24148
365,386,4.0,24149
365,3234,4.0,24150
365,2554,5.0,24151
365,957,3.0,24152
365,2445,3.0,24153
365,687,4.0,24154
365,2045,3.5,24155
365,2525,3.5,24156
365,2561,3.5,24157
365,3540,4.0,24158
365,3076,3.0,24159
365,2484,3.5,24160
365,960,3.5,24161
365,932,1.0,24162
365,2125,3.0,24163
365,1096,2.5,24164
365,1963,4.5,24165
365,2816,3.0,24166
365,1135,2.5,24167
365,3586,4.0,24168
365,2524,4.0,24169
365,1918,3.0,24170
365,1047,2.0,24171
365,2209,5.0,24172
365,2247,3.0,24173
365,1434,3.0,24174
365,811,0.5,24175
365,921,4.0,24176
365,2558,3.0,24177
365,156,2.0,24178
365,2167,3.0,24179
365,2444,3.5,24180
365,2875,3.0,24181
365,1279,4.0,24182
365,2560,4.5,24183
365,244,2.0,24184
365,2815,3.0,24185
365,686,4.0,24186
365,2244,3.0,24187
365,3539,3.5,24188
365,131,3.0,24189
365,2124,3.0,24190
365,1450,3.5,24191
365,2074,4.0,24192
365,636,4.0,24193
365,3154,4.0,24194
365,3398,2.0,24195
365,1391,2.0,24196
365,697,1.0,24197
365,55,1.0,24198
365,2882,1.0,24199
365,2559,4.0,24200
365,3456,3.5,24201
365,132,4.0,24202
365,284,2.0,24203
365,134,5.0,24204
365,1829,2.0,24205
365,4338,4.0,24206
365,6347,3.5,24207
365,6232,3.0,24208
366,6466,5.0,24209
366,6467,5.0,24210
366,6297,5.0,24211
366,6691,5.0,24212
366,6501,3.5,24213
366,5658,3.5,24214
366,4762,3.5,24215
366,5876,2.5,24216
366,2215,5.0,24217
366,3667,2.0,24218
366,1028,3.5,24219
366,3593,3.0,24220
366,2648,2.5,24221
366,2485,3.5,24222
366,3449,2.5,24223
366,3285,3.0,24224
366,2368,3.5,24225
366,2047,4.0,24226
366,319,1.0,24227
366,1508,3.0,24228
366,1065,4.0,24229
366,1103,3.5,24230
366,2948,4.0,24231
366,3622,4.5,24232
366,790,5.0,24233
366,2465,4.0,24234
366,1357,5.0,24235
366,2849,4.5,24236
366,3136,3.5,24237
366,3327,3.5,24238
366,2410,4.5,24239
366,2224,4.0,24240
367,4116,5.0,24241
367,482,5.0,24242
367,773,5.0,24243
367,5795,5.0,24244
367,4565,3.5,24245
367,4566,2.5,24246
367,5840,5.0,24247
367,6516,2.5,24248
367,5679,4.5,24249
367,4175,2.5,24251
367,4903,2.5,24252
367,4738,2.5,24253
367,6174,2.0,24254
367,4304,5.0,24255
367,6692,3.0,24256
367,4089,4.5,24257
367,5070,5.0,24258
367,5261,2.5,24259
367,5737,3.0,24260
367,6611,4.0,24261
367,6644,3.5,24262
367,3910,5.0,24263
367,4401,4.5,24264
367,4349,1.0,24265
367,4308,4.0,24266
367,5300,1.0,24267
367,4417,5.0,24268
367,4335,4.5,24269
367,4803,2.5,24270
367,4056,5.0,24271
367,4305,0.5,24272
367,5575,2.5,24273
367,4737,2.5,24274
367,1086,2.5,24275
367,1996,4.5,24276
367,2501,2.0,24277
367,3668,3.0,24278
367,1025,5.0,24279
367,3584,5.0,24280
367,3447,3.0,24281
367,2560,4.5,24282
367,452,2.5,24283
367,260,4.5,24284
367,2752,0.5,24285
367,993,4.0,24286
367,2039,2.0,24287
367,218,4.5,24288
367,314,4.0,24289
367,1650,1.0,24290
367,3481,4.0,24291
367,1553,2.5,24292
367,3402,4.5,24293
367,636,2.5,24294
367,3597,5.0,24295
367,1544,3.5,24296
367,3647,3.5,24297
367,1530,5.0,24298
367,3636,3.5,24299
367,1290,5.0,24300
367,229,2.5,24301
367,1363,3.5,24302
367,1146,2.5,24303
367,858,2.5,24304
367,723,1.0,24305
367,2997,1.0,24306
367,2741,5.0,24307
367,2670,3.5,24308
367,2698,3.5,24309
367,1579,2.5,24310
367,1849,5.0,24311
367,3565,5.0,24312
367,1382,2.5,24313
367,1541,5.0,24314
367,1254,4.0,24315
367,1597,5.0,24316
367,2428,2.0,24317
367,899,5.0,24318
367,1368,5.0,24319
367,986,3.5,24320
367,3608,0.5,24321
367,3708,0.5,24322
367,2567,5.0,24323
367,1559,1.5,24324
367,561,3.5,24325
367,2284,0.5,24326
367,3265,5.0,24327
367,864,5.0,24328
367,3327,4.0,24329
367,1169,4.5,24330
367,1115,3.0,24331
367,5839,4.0,24332
367,4334,3.5,24333
368,5837,5.0,24334
368,5838,5.0,24335
368,5330,3.0,24336
368,5331,2.5,24337
368,6597,3.0,24338
368,6267,3.0,24339
368,4265,3.0,24340
368,6454,4.0,24341
368,4090,5.0,24342
368,4429,2.5,24343
368,4518,3.0,24344
368,5461,4.0,24345
368,4802,4.0,24346
368,4406,3.5,24347
368,4408,3.5,24348
368,4873,2.5,24349
368,3870,2.5,24350
368,4975,4.0,24351
368,4893,4.5,24352
368,3992,0.5,24353
368,4073,5.0,24354
368,4923,2.0,24355
368,6702,2.5,24356
368,4220,3.5,24357
368,4461,4.0,24358
368,6308,3.0,24359
368,4684,5.0,24360
368,4977,2.0,24361
368,4130,3.0,24362
368,5926,3.5,24363
368,5951,1.5,24364
368,5877,5.0,24365
368,4768,1.5,24366
368,6585,3.0,24367
368,4284,3.5,24368
368,4928,4.0,24369
368,6063,3.0,24370
368,4077,2.5,24371
368,4255,1.5,24372
368,4748,4.0,24373
368,6691,2.5,24374
368,6286,1.0,24375
368,4300,3.0,24376
368,6659,2.5,24377
368,6266,2.5,24378
368,2597,3.0,24379
368,236,2.5,24380
368,2863,3.5,24381
368,1789,4.0,24382
368,3684,2.5,24383
368,3290,3.0,24384
368,2871,4.0,24385
368,2258,3.5,24386
368,2285,1.5,24387
368,2408,3.0,24388
368,3571,3.0,24389
368,1092,4.5,24390
368,642,2.5,24391
368,2280,2.5,24392
368,1110,1.5,24393
368,420,2.5,24394
368,2210,2.5,24395
368,605,3.5,24396
368,3506,4.0,24397
368,867,3.0,24398
368,1193,2.5,24399
368,1656,2.5,24400
368,435,5.0,24401
368,2775,2.5,24402
368,3004,2.0,24403
368,1132,4.0,24404
368,2786,5.0,24405
368,1244,2.0,24406
368,2997,4.0,24407
368,2977,4.5,24408
368,653,3.0,24409
368,1036,5.0,24410
368,2862,3.5,24411
368,499,3.0,24412
368,979,2.5,24413
368,786,2.5,24414
368,673,3.5,24415
368,3437,4.0,24416
368,6596,3.5,24417
369,4156,5.0,24418
369,4157,5.0,24419
369,6267,5.0,24420
369,5877,5.0,24421
369,5976,3.0,24422
369,5404,1.5,24423
369,3862,3.0,24424
369,5403,4.5,24425
369,4909,2.5,24426
369,5638,2.5,24427
369,5486,3.0,24428
369,6674,3.5,24429
369,4585,4.5,24430
369,6109,4.0,24431
369,4693,4.0,24432
369,5489,4.5,24433
369,5855,3.5,24434
369,5275,4.0,24435
369,6411,4.5,24436
369,6616,4.5,24437
369,6159,4.0,24438
369,5893,2.0,24439
369,5088,4.5,24440
369,6577,4.0,24441
369,3928,4.0,24442
369,5661,3.5,24443
369,5123,4.5,24445
369,5240,2.5,24446
369,5242,3.5,24447
369,6297,3.0,24448
369,4084,3.0,24449
369,6185,4.0,24450
369,4262,3.5,24451
369,4165,3.5,24452
369,3859,3.0,24453
369,5561,4.0,24454
369,5141,2.5,24455
369,4712,3.5,24456
369,4591,3.0,24457
369,6472,4.5,24458
369,4291,2.5,24459
369,3974,4.0,24460
369,5137,4.5,24461
369,6520,4.5,24462
369,6266,2.5,24463
369,1789,4.5,24464
369,3290,4.0,24465
369,2871,4.0,24466
369,1249,3.5,24467
369,1273,4.0,24468
369,3667,2.0,24469
369,2423,3.5,24470
369,2994,3.0,24471
369,3711,4.0,24472
369,3239,3.0,24473
369,1387,3.0,24474
369,3063,3.0,24475
369,2027,4.0,24476
369,2288,3.0,24477
369,3561,3.5,24478
369,2344,3.5,24479
369,605,3.0,24480
369,3266,2.5,24481
369,1028,4.0,24482
369,510,4.0,24483
369,3232,3.5,24484
369,1962,2.5,24485
369,566,3.0,24486
369,3593,4.5,24487
369,3573,0.5,24488
369,3506,2.5,24489
369,3121,4.0,24490
369,2903,3.0,24491
369,1307,3.0,24492
369,2648,4.5,24493
369,1741,4.0,24494
369,1223,2.0,24495
369,983,3.5,24496
369,1790,3.5,24497
369,3428,3.0,24498
369,2526,4.0,24499
369,550,2.5,24500
369,1828,4.5,24501
369,1974,3.0,24502
369,3588,3.0,24503
369,2547,3.0,24504
369,431,2.5,24505
369,728,4.5,24506
369,764,3.5,24507
369,1323,3.0,24508
369,2930,3.5,24509
369,574,3.0,24510
369,616,1.0,24511
369,2898,3.0,24512
369,2311,3.5,24513
369,1689,0.5,24514
369,6204,4.0,24515
369,4642,4.0,24516
369,6150,4.0,24517
369,4261,4.0,24518
369,5970,4.0,24519
369,4692,3.5,24520
369,4164,3.5,24521
370,6241,5.0,24522
370,6242,5.0,24523
370,1709,5.0,24524
370,4597,2.5,24525
370,4598,2.5,24526
370,4447,3.5,24527
370,4942,2.5,24528
370,3910,4.5,24529
370,4356,3.0,24530
370,5461,4.0,24531
370,6428,2.5,24532
370,6431,4.0,24533
370,6430,4.5,24534
370,4406,2.5,24535
370,4481,2.5,24536
370,5082,4.0,24537
370,4558,2.5,24538
370,5042,4.5,24539
370,3882,2.5,24540
370,5872,3.5,24541
370,5227,3.0,24542
370,4244,3.0,24543
370,4307,4.0,24544
370,4279,3.5,24545
370,4277,4.0,24546
370,4195,2.5,24547
370,4946,3.5,24548
370,6334,2.5,24549
370,3714,2.5,24550
370,3722,3.5,24551
370,5436,4.0,24552
370,5752,4.5,24553
370,5846,3.0,24554
370,5779,4.0,24555
370,5877,5.0,24556
370,6284,5.0,24557
370,4152,4.5,24558
370,5434,4.5,24559
370,4869,2.5,24560
370,5019,3.5,24561
370,6244,4.0,24562
370,4000,4.5,24563
370,5743,2.5,24564
370,4405,2.5,24565
370,2863,2.5,24566
370,1789,4.0,24567
370,2215,5.0,24568
370,1658,2.0,24569
370,2622,5.0,24570
370,2994,2.5,24571
370,275,4.5,24572
370,3711,5.0,24573
370,2202,3.0,24574
370,931,2.5,24575
370,1901,2.5,24576
370,3633,2.5,24577
370,728,3.0,24578
370,1362,2.5,24579
370,226,4.0,24580
370,574,2.5,24581
370,845,2.5,24582
370,1554,2.5,24583
370,2212,3.5,24584
370,319,2.5,24585
370,1900,2.5,24586
370,2554,2.5,24587
370,1148,2.5,24588
370,248,2.5,24589
370,3592,2.5,24590
370,3106,2.5,24591
370,809,3.5,24592
370,2104,2.5,24593
370,913,2.5,24594
370,2874,2.5,24595
370,3478,4.5,24596
370,1376,4.0,24597
370,2479,2.5,24598
370,879,2.5,24599
370,1542,3.0,24600
370,844,2.5,24601
370,2106,4.0,24602
370,1671,2.5,24603
370,694,4.0,24604
370,2900,2.5,24605
370,3421,2.5,24606
370,906,2.5,24607
370,2325,2.5,24608
370,2530,4.5,24609
370,2699,4.5,24610
370,1135,4.5,24611
370,968,2.5,24612
370,117,2.5,24613
370,2043,2.5,24614
370,3423,4.0,24615
370,1600,5.0,24616
370,1615,2.5,24617
370,1431,2.5,24618
370,1508,4.5,24619
370,3584,2.5,24620
370,811,2.5,24621
370,3594,2.5,24622
370,3447,2.5,24623
370,2088,4.5,24624
370,594,2.5,24625
370,156,2.5,24626
370,279,4.5,24627
370,3260,3.5,24628
370,3050,4.0,24629
370,165,2.5,24630
370,2560,2.5,24631
370,2244,2.5,24632
370,1318,2.5,24633
370,3422,4.5,24634
370,2028,5.0,24635
370,1710,2.5,24636
370,1350,2.5,24637
370,5421,4.0,24638
370,5012,4.0,24639
370,5357,4.0,24640
370,5739,4.0,24641
370,5433,3.5,24642
370,4557,3.0,24643
371,5876,5.0,24644
371,1431,5.0,24646
371,5223,5.0,24647
371,5460,2.5,24648
371,5461,3.5,24649
371,5830,4.0,24650
371,4748,3.5,24651
371,4928,4.0,24652
371,5211,4.5,24653
371,5877,5.0,24665
371,1789,3.5,24666
371,2215,5.0,24667
371,1249,4.0,24668
371,1092,3.5,24669
371,1530,4.5,24670
371,2190,4.0,24671
371,1541,5.0,24672
371,5222,4.0,24673
372,6141,5.0,24674
372,3261,5.0,24675
372,1489,5.0,24676
372,3257,5.0,24677
372,5402,4.0,24678
372,1733,4.5,24679
372,573,4.5,24680
372,2027,4.5,24681
372,3561,3.0,24682
372,1962,3.0,24683
372,3593,3.5,24684
372,3409,2.5,24685
372,616,1.0,24686
372,2733,1.5,24687
372,2047,3.5,24688
372,2554,4.0,24689
372,1492,3.5,24690
372,277,2.5,24691
372,3106,3.0,24692
372,1090,2.5,24693
372,2722,1.5,24694
372,2561,3.0,24695
372,807,3.0,24696
372,2273,1.5,24697
372,879,2.0,24698
372,1033,2.5,24699
372,1963,3.0,24700
372,2078,4.0,24701
372,2524,3.0,24702
372,2598,0.5,24703
372,1047,2.0,24704
372,863,3.5,24705
372,3018,3.5,24706
372,1431,3.5,24707
372,1508,3.5,24708
372,1726,3.5,24709
372,1392,3.0,24710
372,2558,3.0,24711
372,2088,4.0,24712
372,2024,3.5,24713
372,2167,3.0,24714
372,279,2.5,24715
372,3050,1.5,24716
372,2560,4.0,24717
372,2959,3.0,24718
372,2244,1.0,24719
372,452,1.0,24720
372,424,3.5,24721
372,280,3.5,24722
372,418,2.5,24723
372,2596,0.5,24724
372,1450,2.5,24725
372,636,3.5,24726
372,3398,3.0,24727
372,2855,3.0,24728
372,1391,4.0,24729
372,1535,3.5,24730
372,847,3.0,24731
372,2559,3.0,24732
372,1147,2.0,24733
372,284,4.5,24734
372,1065,4.0,24735
372,1220,2.0,24736
372,1829,2.5,24737
372,106,4.0,24738
372,2511,1.5,24739
372,1530,4.5,24740
372,3691,4.0,24741
372,2193,4.0,24742
372,536,3.0,24743
372,539,2.0,24744
372,3222,3.5,24745
372,2595,1.5,24746
372,2971,3.5,24747
372,2770,3.5,24748
372,1614,4.5,24749
372,2691,2.5,24750
373,3941,5.0,24751
373,299,5.0,24752
373,2824,5.0,24753
373,2091,5.0,24754
373,5421,3.0,24755
373,5422,4.0,24756
373,5417,3.0,24757
373,5009,4.5,24758
373,4406,4.0,24759
373,5545,1.0,24760
373,6671,4.0,24761
373,5860,2.5,24762
373,5877,3.0,24763
373,4594,5.0,24764
373,4408,5.0,24765
373,6159,3.0,24766
373,5457,2.5,24767
373,6512,1.5,24768
373,5747,4.0,24769
373,4776,3.0,24770
373,3877,3.5,24771
373,5802,5.0,24772
373,3957,3.0,24773
373,5805,5.0,24774
373,4044,5.0,24775
373,4405,2.5,24776
373,2863,4.0,24777
373,2215,3.0,24778
373,1316,4.5,24779
373,1028,3.5,24780
373,2903,3.0,24781
373,2648,3.5,24782
373,33,2.0,24783
373,1278,3.5,24784
373,2132,5.0,24785
373,414,2.0,24786
373,407,2.0,24787
373,401,3.0,24788
373,394,2.5,24789
373,391,2.0,24790
373,2485,3.0,24791
373,130,4.0,24792
373,3044,3.0,24793
373,242,3.5,24794
373,1435,2.0,24795
373,2236,4.0,24796
373,3231,4.0,24797
373,226,3.5,24798
373,3285,4.0,24799
373,1053,3.5,24800
373,574,4.0,24801
373,845,4.0,24802
373,3661,0.5,24803
373,2191,4.0,24804
373,2368,3.0,24805
373,319,3.0,24806
373,404,2.5,24807
373,396,2.5,24808
373,392,2.5,24809
373,403,2.5,24810
373,402,2.5,24811
373,1744,3.5,24812
373,123,4.0,24813
373,2619,3.0,24814
373,560,4.0,24815
373,3106,3.5,24816
373,2680,5.0,24817
373,512,2.0,24818
373,913,4.0,24819
373,2756,3.5,24820
373,1264,2.5,24821
373,1167,2.5,24822
373,844,4.0,24823
373,2087,4.0,24824
373,694,2.5,24825
373,905,4.0,24826
373,906,3.0,24827
373,904,4.0,24828
373,2652,3.0,24829
373,2996,2.5,24830
373,1431,3.0,24831
373,1434,3.5,24832
373,408,2.5,24833
373,410,2.5,24834
373,411,2.5,24835
373,2024,4.0,24836
373,2088,4.0,24837
373,1648,3.0,24838
373,2076,4.0,24839
373,1279,2.5,24840
373,390,1.0,24841
373,376,2.0,24842
373,314,3.0,24843
373,405,2.5,24844
373,395,2.5,24845
373,389,2.5,24846
373,393,2.5,24847
373,5859,4.0,24848
373,4593,3.5,24849
374,4407,5.0,24850
374,2862,5.0,24851
374,5171,5.0,24852
374,1600,5.0,24853
374,3794,3.0,24854
374,3795,4.0,24855
374,5790,4.5,24856
374,5948,3.5,24857
374,6676,4.5,24858
374,6320,3.0,24859
374,4732,0.5,24860
374,6041,5.0,24861
374,3777,3.0,24862
374,5438,3.5,24863
374,5185,2.5,24864
374,6207,2.0,24865
374,4734,4.5,24866
374,4158,3.5,24867
374,6113,4.5,24868
374,4659,2.0,24869
374,4415,3.0,24870
374,4416,3.5,24871
374,6719,3.0,24872
374,5658,4.0,24873
374,6543,4.5,24874
374,4360,2.5,24875
374,4536,2.5,24876
374,4673,5.0,24877
374,5376,4.0,24878
374,3722,4.0,24879
374,5378,5.0,24880
374,6407,1.0,24881
374,6675,2.5,24882
374,3376,4.5,24883
374,2658,3.0,24884
374,3634,2.5,24885
374,542,2.0,24886
374,1517,0.5,24887
374,1632,2.5,24888
374,1643,2.5,24889
374,1630,2.5,24890
374,1645,2.5,24891
374,1646,2.5,24892
374,1636,2.5,24893
374,1635,2.5,24894
374,1634,2.5,24895
374,1642,2.5,24896
374,513,4.0,24897
374,3498,0.5,24898
374,3616,4.5,24899
374,2529,2.0,24900
374,2370,0.5,24901
374,3031,2.5,24902
374,213,3.5,24903
374,1883,3.0,24904
374,1828,3.0,24905
374,1205,2.0,24906
374,2075,5.0,24907
374,2037,3.0,24908
374,3499,3.0,24909
374,1608,3.5,24910
374,307,4.0,24911
374,1629,4.0,24912
374,764,3.0,24913
374,1362,2.0,24914
374,2930,2.0,24915
374,1274,5.0,24916
374,1094,3.0,24917
374,2812,1.0,24918
374,1523,2.0,24919
374,3406,0.5,24920
374,2308,2.0,24921
374,2365,2.0,24922
374,2437,1.0,24923
374,3645,0.5,24924
374,114,3.0,24925
374,3407,0.5,24926
374,1808,2.0,24927
374,865,2.0,24928
374,3059,4.0,24929
374,3118,3.0,24930
374,1289,3.0,24931
374,3289,4.0,24932
374,2445,3.0,24933
374,85,2.0,24934
374,2095,1.0,24935
374,2822,2.0,24936
374,2228,2.0,24937
374,174,4.0,24938
374,3620,4.0,24939
374,20,0.5,24940
374,1804,1.0,24941
374,145,4.0,24942
374,1641,2.5,24943
374,1647,2.5,24944
374,1639,2.5,24945
374,1637,2.5,24946
374,1644,2.5,24947
374,1638,2.5,24948
374,1631,2.5,24949
374,5170,4.0,24950
374,5947,3.5,24951
374,4672,3.5,24952
375,3935,5.0,24953
375,290,5.0,24954
375,5468,5.0,24955
375,2809,5.0,24956
375,5386,2.5,24957
375,5387,4.5,24958
375,5952,3.0,24959
375,6033,3.5,24960
375,3795,4.0,24961
375,5631,3.5,24962
375,4003,4.5,24963
375,5635,3.0,24964
375,4406,3.0,24965
375,5461,4.0,24966
375,5738,3.5,24967
375,6665,4.5,24968
375,5877,4.5,24969
375,4829,4.0,24970
375,6308,2.5,24971
375,6159,4.5,24972
375,6607,3.0,24973
375,6063,2.0,24974
375,5434,3.0,24975
375,6697,5.0,24976
375,5211,5.0,24977
375,5717,5.0,24978
375,4591,4.0,24979
375,5266,3.0,24980
375,4599,2.5,24981
375,6719,5.0,24982
375,4556,3.0,24983
375,4657,3.0,24984
375,5663,3.5,24985
375,3752,3.5,24986
375,4145,4.0,24987
375,5403,5.0,24988
375,6691,2.0,24989
375,4553,5.0,24990
375,4405,2.5,24991
375,2863,3.0,24992
375,34,3.5,24993
375,1986,3.5,24994
375,2288,3.0,24995
375,1175,2.5,24996
375,2648,2.5,24997
375,3409,2.5,24998
375,2485,4.5,24999
375,99,3.0,25000
375,764,4.0,25001
375,1362,4.0,25002
375,574,3.0,25003
375,2898,4.0,25004
375,2368,3.5,25005
375,2727,2.5,25006
375,1954,3.5,25007
375,1294,2.5,25008
375,145,4.0,25009
375,1337,2.5,25010
375,2078,3.5,25011
375,590,2.5,25012
375,1712,4.5,25013
375,974,5.0,25014
375,3622,5.0,25015
375,1145,2.5,25016
375,1405,2.5,25017
375,684,3.5,25018
375,1464,2.5,25019
375,3269,4.0,25020
375,1144,2.5,25021
375,47,4.0,25022
375,2849,5.0,25023
375,3683,2.5,25024
375,1959,3.0,25025
375,622,2.5,25026
375,899,5.0,25027
375,46,2.5,25028
375,1583,3.0,25029
375,1115,5.0,25030
375,1174,2.5,25031
375,725,2.5,25032
375,5210,4.0,25033
375,4002,3.5,25034
375,5716,3.5,25035
375,5630,3.0,25036
376,4937,5.0,25037
376,1265,5.0,25038
376,2888,5.0,25039
376,1039,5.0,25040
376,6296,3.0,25041
376,6297,3.0,25042
376,6332,4.0,25043
376,5679,4.0,25044
376,3960,2.5,25045
376,6135,2.5,25046
376,4916,4.0,25047
376,5877,3.5,25048
376,3757,3.5,25049
376,4129,4.5,25050
376,4188,4.0,25051
376,5303,4.0,25052
376,6441,0.5,25053
376,4973,4.0,25054
376,4915,2.5,25055
376,1236,4.0,25056
376,2215,3.5,25057
376,1996,4.0,25058
376,498,4.5,25059
376,3285,3.0,25060
376,3002,4.0,25061
376,2676,4.0,25062
376,318,2.0,25063
376,568,4.0,25064
376,39,3.5,25065
376,1567,4.5,25066
376,2465,2.5,25067
376,5302,3.5,25068
377,3810,5.0,25069
377,3811,5.0,25070
377,5913,5.0,25071
377,3257,5.0,25072
377,5894,3.0,25073
377,5895,3.0,25074
377,5831,3.5,25075
377,5206,4.0,25076
377,5137,4.0,25077
377,5132,2.5,25078
377,5133,3.0,25079
377,5135,3.5,25080
377,4306,4.5,25081
377,5849,3.0,25082
377,5359,2.5,25083
377,5355,4.0,25084
377,5356,2.0,25085
377,5358,5.0,25086
377,4702,3.0,25087
377,4880,4.5,25088
377,6443,2.5,25089
377,5920,3.5,25090
377,5381,3.5,25091
377,6402,2.0,25092
377,5519,2.0,25093
377,4707,4.0,25094
377,5497,3.5,25095
377,5499,4.5,25096
377,5651,4.5,25097
377,6529,2.0,25098
377,4337,1.5,25099
377,4547,1.0,25100
377,5696,2.5,25101
377,3813,2.0,25102
377,5820,3.5,25103
377,6151,3.0,25104
377,6153,4.0,25105
377,4589,4.0,25106
377,5535,2.0,25107
377,5531,1.0,25108
377,5533,3.0,25109
377,6534,2.0,25110
377,4753,5.0,25111
377,4696,4.0,25112
377,5536,3.0,25113
377,4816,2.0,25114
377,4907,1.0,25115
377,5679,3.5,25116
377,4905,1.5,25117
377,4498,5.0,25118
377,4137,3.0,25119
377,6382,3.0,25120
377,4999,3.5,25121
377,4328,2.0,25122
377,6399,3.0,25123
377,5113,2.5,25124
377,6257,2.5,25125
377,5548,2.5,25126
377,4009,2.5,25127
377,5984,2.5,25128
377,5534,2.5,25129
377,4908,2.5,25130
377,6263,2.5,25131
377,5121,2.5,25132
377,5550,2.5,25133
377,6446,2.5,25134
377,5053,2.5,25135
377,5119,2.5,25136
377,3808,2.5,25137
377,3731,2.5,25138
377,6455,2.5,25139
377,6456,2.5,25140
377,6064,2.5,25141
377,3737,2.5,25142
377,5537,2.5,25143
377,5719,2.5,25144
377,5767,2.5,25145
377,4677,2.5,25146
377,3966,2.5,25147
377,4011,2.5,25148
377,4010,2.5,25149
377,5546,2.5,25150
377,6447,2.5,25151
377,5459,2.5,25152
377,5969,2.5,25153
377,5552,2.5,25154
377,4822,2.5,25155
377,4121,2.5,25156
377,5645,2.5,25157
377,6531,2.5,25158
377,4831,2.5,25159
377,5131,2.5,25160
377,5066,2.5,25161
377,6449,2.5,25162
377,6448,2.5,25163
377,6612,2.5,25164
377,4644,2.5,25165
377,4690,2.5,25166
377,4889,2.5,25167
377,5902,2.5,25168
377,4568,2.5,25169
377,4757,2.5,25170
377,5553,2.5,25171
377,6311,2.5,25172
377,5538,2.5,25173
377,6442,2.5,25174
377,3431,2.5,25175
377,3203,3.0,25176
377,1860,3.0,25177
377,3400,3.0,25178
377,1798,2.0,25179
377,4125,2.5,25180
377,2408,2.5,25181
377,1249,4.0,25182
377,3571,2.5,25183
377,691,2.5,25184
377,5976,2.0,25185
377,3752,4.0,25186
377,1136,2.0,25187
377,1720,3.0,25188
377,2110,3.0,25189
377,210,3.0,25190
377,4519,3.0,25191
377,2009,2.5,25192
377,3711,4.0,25193
377,1479,1.5,25194
377,3634,2.0,25195
377,6020,2.0,25196
377,3550,2.0,25197
377,5403,2.0,25198
377,1110,3.5,25199
377,4050,2.0,25200
377,848,3.5,25201
377,5700,4.0,25202
377,3063,3.5,25203
377,1996,3.5,25204
377,2344,2.5,25205
377,1108,3.0,25206
377,3561,4.0,25207
377,3071,3.5,25208
377,821,3.0,25209
377,3304,1.5,25210
377,1028,3.5,25211
377,1161,2.5,25212
377,510,4.0,25213
377,3310,3.5,25214
377,3232,3.0,25215
377,742,2.5,25216
377,566,3.5,25217
377,3545,1.5,25218
377,2277,2.0,25219
377,3593,4.0,25220
377,3121,3.5,25221
377,1175,2.0,25222
377,2903,3.5,25223
377,1307,2.0,25224
377,1517,3.5,25225
377,2648,4.0,25226
377,33,4.0,25227
377,1460,3.0,25228
377,931,3.5,25229
377,1741,2.0,25230
377,1278,3.0,25231
377,2203,3.5,25232
377,3095,2.5,25233
377,306,3.0,25234
377,966,1.5,25235
377,2424,4.0,25236
377,1020,2.5,25237
377,3244,4.0,25238
377,712,2.0,25239
377,4129,4.0,25240
377,983,2.0,25241
377,1825,3.0,25242
377,3521,2.5,25243
377,3409,3.5,25244
377,4705,3.0,25245
377,2485,4.5,25246
377,4906,3.5,25247
377,5975,3.5,25248
377,5728,3.5,25249
377,5848,3.0,25250
377,5050,3.0,25251
377,6019,3.0,25252
378,6613,5.0,25253
378,3606,5.0,25254
378,353,5.0,25255
378,3622,5.0,25256
378,5678,4.0,25257
378,5679,4.5,25258
378,6031,3.5,25259
378,3883,4.0,25260
378,5926,4.0,25261
378,4406,4.0,25262
378,3910,4.0,25263
378,4638,2.5,25264
378,4405,2.5,25265
378,1065,2.5,25266
379,4181,5.0,25267
379,558,5.0,25268
379,352,5.0,25269
379,354,5.0,25270
379,5772,2.5,25271
379,2103,5.0,25272
379,2622,5.0,25273
379,1161,3.5,25274
379,931,3.0,25275
379,2047,5.0,25276
379,2099,4.5,25277
379,3438,2.5,25278
379,807,3.5,25279
379,879,3.0,25280
379,1972,5.0,25281
379,1600,5.0,25282
379,1829,4.0,25283
379,1530,5.0,25284
379,3691,5.0,25285
379,1753,5.0,25286
379,3710,4.0,25287
379,3000,5.0,25288
379,2999,5.0,25289
379,1103,5.0,25290
379,3102,5.0,25291
379,3370,3.5,25292
379,2998,5.0,25293
379,125,4.5,25294
379,3174,5.0,25295
379,2997,5.0,25296
379,1185,5.0,25297
379,766,4.0,25298
379,1184,5.0,25299
379,421,5.0,25300
379,1187,5.0,25301
379,3522,5.0,25302
379,47,4.0,25303
379,3638,5.0,25304
379,1709,5.0,25305
379,1188,5.0,25306
379,2862,4.5,25307
379,1186,5.0,25308
379,2208,5.0,25309
379,667,3.0,25310
379,1280,5.0,25311
379,1190,5.0,25312
379,3136,3.5,25313
379,1755,5.0,25314
379,12,5.0,25315
379,899,4.0,25316
379,1272,5.0,25317
379,1183,5.0,25318
379,3177,5.0,25319
379,1189,5.0,25320
379,2958,5.0,25321
379,1978,5.0,25322
379,2,5.0,25323
379,2383,5.0,25324
379,1115,5.0,25325
379,3420,5.0,25326
379,631,5.0,25327
379,353,5.0,25328
379,1240,5.0,25329
379,725,5.0,25330
379,1127,5.0,25331
379,780,3.0,25332
380,4635,5.0,25333
380,4636,5.0,25334
380,5072,5.0,25335
380,5623,4.0,25336
380,5624,4.0,25337
380,6715,4.5,25338
380,4566,4.0,25339
380,5573,4.0,25340
380,5763,3.5,25342
380,6540,3.0,25343
380,6418,3.5,25344
380,5588,3.5,25345
380,5434,4.0,25346
380,3743,4.0,25347
380,5159,3.0,25348
380,3870,3.0,25349
380,6060,4.0,25350
380,5760,4.5,25351
380,4300,4.0,25352
380,5403,4.0,25353
380,3952,3.5,25354
380,3834,5.0,25355
380,3836,5.0,25356
380,4748,3.0,25357
380,6609,3.0,25358
380,4760,3.5,25359
380,6524,3.0,25360
380,4556,3.5,25361
380,5764,4.0,25362
380,3845,4.5,25363
380,5944,3.0,25364
380,4710,4.0,25365
380,5861,4.5,25366
380,6313,3.5,25367
380,3973,5.0,25368
380,4767,2.5,25369
380,4478,3.0,25370
380,4898,4.0,25371
380,4798,3.5,25372
380,4005,3.5,25373
380,5629,4.0,25374
380,4433,4.0,25375
380,4828,4.0,25376
380,6601,4.0,25377
380,5347,3.5,25378
380,5250,3.5,25379
380,6634,4.0,25380
380,5752,4.5,25381
380,5874,4.0,25382
380,3775,4.0,25383
380,5738,3.5,25384
380,5442,4.5,25385
380,3887,4.5,25386
380,3869,2.5,25387
380,236,3.0,25388
380,308,3.5,25389
380,1092,3.0,25390
380,2280,3.0,25391
380,1733,4.0,25392
380,903,3.5,25393
380,3088,3.5,25394
380,4585,4.5,25395
380,4944,2.0,25396
380,3588,4.0,25397
380,2955,3.5,25398
380,1563,3.5,25399
380,2099,3.5,25400
380,1672,3.5,25401
380,913,4.0,25402
380,2078,3.5,25403
380,2943,3.5,25404
380,2088,4.5,25405
380,1152,4.0,25406
380,4700,3.5,25407
380,3014,3.5,25408
380,1369,5.0,25409
380,1945,4.0,25410
380,3619,3.5,25411
380,4601,3.0,25412
380,5605,5.0,25413
380,3622,4.0,25414
380,1210,4.0,25415
380,6075,3.5,25416
380,2213,4.0,25417
380,2976,3.5,25418
380,5350,4.5,25419
380,6459,3.0,25420
380,5042,4.5,25421
380,1468,2.5,25422
380,3523,3.0,25423
380,3313,3.5,25424
380,4874,3.5,25425
380,3765,5.0,25426
380,4314,4.0,25427
380,1109,2.5,25428
380,1952,4.0,25429
380,3703,4.5,25430
380,3335,3.0,25431
380,5853,5.0,25432
380,4387,4.0,25433
380,3595,3.0,25434
380,1059,4.0,25435
380,6554,3.0,25436
380,3243,4.0,25437
380,975,5.0,25438
380,2100,4.0,25439
380,5724,3.0,25440
380,6501,4.0,25441
380,2864,3.0,25442
380,5572,3.5,25443
380,3972,3.5,25444
380,4600,3.5,25445
380,4584,3.0,25446
381,4054,5.0,25447
381,4055,5.0,25448
381,5110,5.0,25449
381,3906,5.0,25450
381,5313,4.0,25451
381,5314,5.0,25452
381,6244,4.0,25453
381,4420,3.5,25454
381,6248,2.5,25455
381,6093,4.5,25456
381,4354,3.0,25457
381,4356,3.0,25458
381,5151,2.5,25459
381,4357,3.5,25460
381,5937,3.5,25461
381,3937,4.0,25462
381,5399,3.5,25463
381,6041,4.0,25464
381,4408,3.0,25465
381,3878,4.0,25466
381,4269,2.0,25467
381,6256,3.5,25468
381,5562,4.0,25469
381,6656,4.0,25470
381,6096,4.5,25471
381,6217,4.5,25472
381,6650,4.0,25473
381,5791,5.0,25474
381,5934,4.0,25475
381,5461,3.0,25476
381,5922,4.0,25477
381,5218,3.5,25478
381,4775,3.5,25479
381,5439,2.5,25480
381,3837,2.0,25481
381,5858,3.5,25482
381,5659,2.5,25483
381,6135,4.0,25484
381,4339,4.5,25485
381,3971,4.0,25486
381,5658,3.5,25487
381,4266,3.5,25488
381,5501,3.0,25489
381,4735,1.0,25490
381,4610,3.0,25491
381,6379,4.5,25492
381,4862,3.5,25493
381,4863,4.0,25494
381,4865,3.5,25495
381,4867,3.5,25496
381,4861,3.0,25497
381,4864,4.0,25498
381,4871,4.0,25499
381,4950,4.0,25500
381,3761,2.5,25501
381,5057,2.5,25502
381,5462,2.5,25503
381,4369,2.5,25504
381,4270,2.5,25505
381,4372,2.5,25506
381,4370,2.5,25507
381,4376,2.5,25508
381,4368,2.5,25509
381,4374,2.5,25510
381,4564,2.5,25511
381,3798,2.5,25512
381,5118,2.5,25513
381,5478,2.5,25514
381,4736,2.5,25515
381,5483,2.5,25516
381,3816,2.5,25517
381,4373,2.5,25518
381,4371,2.5,25519
381,4375,2.5,25520
381,5460,2.5,25521
381,5877,4.0,25522
381,5773,3.0,25523
381,5403,3.0,25524
381,5700,3.5,25525
381,4556,3.0,25526
381,6575,2.5,25527
381,1028,4.5,25528
381,4835,4.5,25529
381,510,3.0,25530
381,4187,2.5,25531
381,2903,2.0,25532
381,6313,4.0,25533
381,6086,4.0,25534
381,6159,4.0,25535
381,130,3.5,25536
381,5106,4.5,25537
381,66,3.0,25538
381,1088,3.0,25539
381,1217,3.0,25540
381,728,3.0,25541
381,3458,1.0,25542
381,226,4.0,25543
381,3302,1.5,25544
381,2898,2.0,25545
381,1010,2.0,25546
381,5670,1.0,25547
381,4918,4.5,25548
381,5717,4.0,25549
381,3849,4.0,25550
381,6345,3.0,25551
381,5763,4.0,25552
381,5448,1.0,25553
381,809,3.5,25554
381,5775,3.5,25555
381,4088,3.5,25556
381,3795,5.0,25557
381,184,2.0,25558
381,745,1.5,25559
381,4688,2.5,25560
381,2561,2.5,25561
381,2972,2.5,25562
381,844,3.0,25563
381,6683,3.5,25564
381,694,3.5,25565
381,6211,3.5,25566
381,1600,4.0,25567
381,5138,4.0,25568
381,128,2.5,25569
381,3855,2.0,25570
381,5752,5.0,25571
381,582,4.5,25572
381,452,2.0,25573
381,339,3.0,25574
381,5671,1.5,25575
381,727,3.0,25576
381,1216,3.5,25577
381,5011,3.5,25578
381,1391,3.5,25579
381,1535,3.5,25580
381,3146,1.5,25581
381,847,4.0,25582
381,3856,3.0,25583
381,3028,4.0,25584
381,284,3.5,25585
381,4718,2.5,25586
381,4157,4.0,25587
381,2571,2.5,25588
381,2878,2.5,25589
381,5642,2.5,25590
381,5628,4.0,25591
381,6649,3.5,25592
381,5641,3.5,25593
381,5357,3.0,25594
381,4860,3.0,25595
381,5122,3.0,25596
382,5762,5.0,25597
382,5763,5.0,25598
382,5274,5.0,25599
382,5284,5.0,25600
382,5877,2.5,25601
382,5042,2.5,25602
382,6719,2.5,25606
382,6720,2.5,25607
382,5198,2.5,25608
382,6608,2.5,25609
382,6244,2.5,25611
382,4956,2.5,25612
382,6318,2.5,25615
382,4955,2.5,25616
382,3755,2.5,25617
382,6710,2.5,25620
382,6145,2.5,25621
382,5089,2.5,25622
382,6648,2.5,25624
382,4863,2.5,25625
382,4862,2.5,25626
382,4865,2.5,25627
382,4867,2.5,25628
382,4864,2.5,25629
382,4871,2.5,25630
382,4861,2.5,25631
382,3832,2.5,25632
382,4869,2.5,25633
382,5867,2.5,25634
382,5899,2.5,25635
382,6520,2.5,25636
382,5168,2.5,25637
382,5211,2.5,25638
382,5064,2.5,25640
382,5065,2.5,25641
382,6228,2.5,25643
382,6236,2.5,25644
382,5753,2.5,25645
382,4489,2.5,25646
382,4492,2.5,25647
382,5876,2.5,25648
382,2215,2.5,25649
382,3711,2.5,25650
382,1517,2.5,25651
382,1278,2.5,25652
382,3364,2.5,25653
382,3491,2.5,25654
382,1362,2.5,25655
382,845,2.5,25656
382,2554,2.5,25657
382,865,2.5,25658
382,1148,2.5,25659
382,2099,2.5,25660
382,2228,2.5,25661
382,2656,2.5,25662
382,419,2.5,25663
382,2680,2.5,25664
382,2756,2.5,25665
382,2561,2.5,25666
382,844,2.5,25667
382,2438,2.5,25668
382,422,2.5,25669
382,2530,2.5,25670
382,1047,2.5,25671
382,3594,2.5,25672
382,2558,2.5,25673
382,279,2.5,25674
382,1279,2.5,25675
382,2560,2.5,25676
382,230,2.5,25677
382,280,2.5,25678
382,418,2.5,25679
382,636,2.5,25680
382,3398,2.5,25681
382,2559,2.5,25682
382,1147,2.5,25683
382,795,2.5,25684
382,106,2.5,25685
382,1530,2.5,25686
382,3691,2.5,25687
382,536,2.5,25688
382,3710,2.5,25689
382,1522,2.5,25690
382,3000,2.5,25691
382,229,2.5,25692
382,1363,2.5,25693
382,278,2.5,25694
382,2999,2.5,25695
382,1146,2.5,25696
382,1277,2.5,25697
382,538,2.5,25698
382,3622,2.5,25699
382,1048,2.5,25700
382,2998,2.5,25701
382,2997,2.5,25702
382,1185,2.5,25703
382,1521,2.5,25704
382,1184,2.5,25705
382,1348,2.5,25706
382,1276,2.5,25707
382,36,2.5,25708
382,1187,2.5,25709
382,3522,2.5,25710
382,3565,2.5,25711
382,1520,2.5,25712
382,1188,2.5,25713
382,1597,2.5,25714
382,1186,2.5,25715
382,1190,2.5,25716
382,3066,2.5,25717
382,3067,2.5,25718
382,1183,2.5,25719
382,1587,2.5,25720
382,4953,3.0,25721
383,3774,5.0,25722
383,3775,5.0,25723
383,5144,5.0,25724
383,6683,5.0,25725
383,3998,3.5,25726
383,3999,3.0,25727
383,5838,4.0,25728
383,4878,2.5,25729
383,5766,2.5,25730
383,6551,3.0,25731
383,4434,3.0,25732
383,6504,3.0,25733
383,5967,3.5,25734
383,4100,4.0,25735
383,5442,4.5,25736
383,3762,3.5,25737
383,5555,3.5,25738
383,4510,3.0,25739
383,5218,5.0,25740
383,6372,3.5,25741
383,4274,3.5,25742
383,5403,3.5,25743
383,6156,3.5,25744
383,6161,3.0,25745
383,5015,3.0,25746
383,4922,5.0,25747
383,4679,4.0,25748
383,4413,3.5,25749
383,5542,3.5,25750
383,6634,4.0,25751
383,4797,2.0,25752
383,5088,4.0,25753
383,6655,3.5,25754
383,5161,3.5,25755
383,3747,3.0,25756
383,4239,4.0,25757
383,5262,4.0,25758
383,6490,3.0,25759
383,5456,3.5,25760
383,4918,5.0,25761
383,5996,3.5,25762
383,6162,3.0,25763
383,4409,3.0,25764
383,5362,2.0,25765
383,5069,3.0,25766
383,5659,2.5,25767
383,5512,3.0,25768
383,4157,4.0,25769
383,5858,4.0,25770
383,4206,1.5,25771
383,6310,4.0,25772
383,3928,2.0,25773
383,4263,5.0,25774
383,4874,3.5,25775
383,6126,2.5,25776
383,5765,2.5,25777
383,1175,2.5,25778
383,1786,3.5,25779
383,6408,3.5,25780
383,322,2.0,25781
383,695,2.5,25782
383,2645,4.0,25783
383,3496,4.0,25784
383,1362,3.0,25785
383,226,2.5,25786
383,3285,3.5,25787
383,574,4.0,25788
383,2031,5.0,25789
383,1085,4.0,25790
383,1482,3.0,25791
383,234,3.0,25792
383,1621,3.5,25793
383,2212,3.0,25794
383,2368,4.0,25795
383,319,2.5,25796
383,1954,2.5,25797
383,635,2.5,25798
383,809,3.0,25799
383,900,2.5,25800
383,1060,3.5,25801
383,1281,3.5,25802
383,2954,4.0,25803
383,3363,3.5,25804
383,511,2.5,25805
383,1972,4.0,25806
383,1600,4.0,25807
383,2250,4.0,25808
383,1926,5.0,25809
383,1726,3.5,25810
383,2337,3.5,25811
383,3989,4.0,25812
383,5325,3.5,25813
383,1231,5.0,25814
383,2571,4.0,25815
383,1530,4.0,25816
383,778,2.5,25817
383,1993,3.0,25818
383,311,4.0,25819
383,1224,4.0,25820
383,5441,4.0,25821
383,4509,3.5,25822
383,6633,3.5,25823
383,4289,3.0,25824
384,3794,5.0,25825
384,3795,5.0,25826
384,3849,5.0,25827
384,5453,5.0,25828
384,5452,3.5,25829
384,4377,4.0,25830
384,5393,4.5,25831
384,6716,4.0,25832
384,6617,3.0,25833
384,5673,3.5,25834
384,4583,4.0,25835
384,3840,4.5,25836
384,5002,5.0,25837
384,5874,4.5,25838
384,3827,3.0,25839
384,6212,4.0,25840
384,5697,3.5,25841
384,6568,4.0,25842
384,5871,4.5,25843
384,5394,2.5,25844
384,5392,3.5,25845
384,3826,4.0,25846
384,5352,3.5,25847
384,4536,4.0,25848
384,5653,3.5,25849
384,6244,4.0,25850
384,4461,3.5,25851
384,4147,3.5,25852
384,4315,3.5,25853
384,6400,4.0,25854
384,5526,4.0,25855
384,6537,3.0,25856
384,5179,4.5,25857
384,5773,3.5,25858
384,4263,3.5,25859
384,6585,2.0,25860
384,5634,4.0,25861
384,4477,3.5,25862
384,3719,3.0,25863
384,5683,2.5,25864
384,4195,2.5,25865
384,3872,4.5,25866
384,3929,4.0,25867
384,5675,4.0,25868
384,5726,3.5,25869
384,4236,3.5,25870
384,4210,4.0,25871
384,5403,4.5,25872
384,4272,4.0,25873
384,6376,4.5,25874
384,5592,4.5,25875
384,6451,2.5,25876
384,4460,2.5,25877
384,2871,3.5,25878
384,2103,3.5,25879
384,3571,2.0,25880
384,3224,2.5,25881
384,4910,4.0,25882
384,6284,2.5,25883
384,2994,3.0,25884
384,3985,3.0,25885
384,3371,2.0,25886
384,1733,4.5,25887
384,2662,2.5,25888
384,2027,4.5,25889
384,1989,3.5,25890
384,2607,4.0,25891
384,3347,4.0,25892
384,80,3.0,25893
384,4679,3.5,25894
384,1957,4.0,25895
384,3519,3.0,25896
384,10,3.0,25897
384,925,2.0,25898
384,2485,4.0,25899
384,312,1.0,25900
384,130,3.5,25901
384,2026,3.5,25902
384,3702,2.5,25903
384,3449,3.0,25904
384,3264,3.0,25905
384,550,2.0,25906
384,2061,2.0,25907
384,5668,3.5,25908
384,1088,3.0,25909
384,789,4.5,25910
384,652,3.5,25911
384,3809,3.0,25912
384,337,4.0,25913
384,2834,3.5,25914
384,2531,4.0,25915
384,3089,3.5,25916
384,83,2.5,25917
384,574,2.5,25918
384,2495,3.0,25919
384,616,3.0,25920
384,845,5.0,25921
384,3002,2.5,25922
384,3644,2.5,25923
384,1554,2.5,25924
384,3641,3.0,25925
384,1555,3.5,25926
384,2034,4.0,25927
384,2513,3.5,25928
384,1990,4.0,25929
384,2047,4.5,25930
384,96,3.0,25931
384,211,4.5,25932
384,3382,4.0,25933
384,3041,3.0,25934
384,178,4.0,25935
384,467,3.0,25936
384,1680,3.0,25937
384,3161,3.5,25938
384,277,3.0,25939
384,174,4.0,25940
384,261,2.5,25941
384,512,3.5,25942
384,3620,3.0,25943
384,744,4.0,25944
384,3316,2.5,25945
384,1981,2.5,25946
384,145,4.5,25947
384,4527,4.0,25948
384,5001,3.5,25949
384,4982,3.5,25950
384,4079,3.0,25951
384,4342,3.0,25952
384,5708,3.0,25953
385,6158,5.0,25954
385,6159,5.0,25955
385,4353,5.0,25956
385,5871,5.0,25957
385,4941,3.5,25958
385,4942,4.5,25959
385,6635,4.0,25960
385,5983,4.0,25961
385,5416,4.0,25962
385,5813,3.0,25963
385,5812,4.5,25964
385,5815,5.0,25965
385,5265,5.0,25966
385,3802,5.0,25967
385,4745,4.0,25968
385,6575,5.0,25969
385,5192,4.5,25970
385,5299,5.0,25971
385,6595,4.5,25972
385,5845,4.0,25973
385,5846,3.0,25974
385,6309,3.5,25975
385,6061,5.0,25976
385,6324,4.5,25977
385,4739,4.5,25978
385,4788,4.0,25979
385,6244,4.0,25980
385,4104,4.0,25981
385,6078,4.5,25982
385,4958,4.5,25983
385,5849,4.5,25984
385,5729,5.0,25985
385,6469,4.5,25986
385,5892,3.5,25987
385,5634,4.5,25988
385,4903,4.0,25989
385,6228,5.0,25990
385,5378,4.5,25991
385,2485,5.0,25992
385,3247,4.0,25993
385,4787,4.0,25994
385,5298,3.5,25995
385,4957,3.5,25996
385,5891,3.0,25997
386,6117,5.0,25998
386,3258,5.0,25999
386,2423,5.0,26000
386,2015,5.0,26001
386,6118,4.0,26002
386,6084,3.0,26003
386,3711,2.5,26004
386,3593,5.0,26005
386,1517,2.5,26006
386,2648,5.0,26007
386,2485,5.0,26008
386,1790,2.5,26009
386,1974,4.0,26010
386,3633,2.5,26011
386,728,2.5,26012
386,1362,2.5,26013
386,574,2.5,26014
386,3002,2.5,26015
386,2368,2.5,26016
386,319,2.5,26017
386,2554,2.5,26018
386,1148,2.5,26019
386,469,2.5,26020
386,277,2.5,26021
386,2228,2.5,26022
386,1090,2.5,26023
386,3106,2.5,26024
386,2104,2.5,26025
386,512,2.5,26026
386,1969,5.0,26027
386,796,2.5,26028
386,3669,2.5,26029
386,913,5.0,26030
386,2756,2.5,26031
386,2561,2.5,26032
386,1508,2.5,26033
386,1434,2.5,26034
386,2558,2.5,26035
386,1795,2.5,26036
386,2088,2.5,26037
386,2195,2.5,26038
386,279,2.5,26039
386,3528,2.5,26040
386,2560,5.0,26041
386,280,2.5,26042
386,418,2.5,26043
386,1216,5.0,26044
386,636,2.5,26045
386,3398,2.5,26046
386,1391,2.5,26047
386,2559,2.5,26048
386,1147,2.5,26049
386,284,2.5,26050
386,1065,2.5,26051
386,531,2.5,26052
386,251,5.0,26053
386,536,2.5,26054
386,726,2.5,26055
386,1363,2.5,26056
386,1146,2.5,26057
386,2948,5.0,26058
386,2998,2.5,26059
386,2744,2.5,26060
386,2997,5.0,26061
386,2679,2.5,26062
386,421,2.5,26063
386,2402,2.5,26064
386,273,5.0,26065
386,949,5.0,26066
386,3522,2.5,26067
386,666,2.5,26068
386,3484,2.5,26069
386,1709,2.5,26070
386,3565,2.5,26071
386,1382,2.5,26072
386,2253,2.5,26073
386,6083,3.0,26074
387,3713,5.0,26075
387,2,5.0,26076
387,1272,5.0,26077
387,1434,5.0,26078
387,5433,3.5,26079
387,5434,3.5,26080
387,6108,3.5,26081
387,6135,5.0,26082
387,5442,5.0,26083
387,6142,4.5,26084
387,6069,5.0,26085
387,4398,5.0,26086
387,5977,5.0,26087
387,4840,3.5,26088
387,4842,3.5,26089
387,6417,4.5,26090
387,4132,3.5,26091
387,4655,5.0,26092
387,3844,3.5,26093
387,6300,5.0,26094
387,5894,2.5,26095
387,3203,3.5,26096
387,3290,3.5,26097
387,1249,3.5,26098
387,997,2.5,26099
387,275,3.5,26100
387,3711,5.0,26101
387,1445,3.0,26102
387,3239,3.0,26103
387,2202,4.5,26104
387,2237,2.5,26105
387,2280,3.0,26106
387,3468,4.0,26107
387,1800,1.5,26108
387,420,5.0,26109
387,3672,1.0,26110
387,573,4.0,26111
387,903,5.0,26112
387,2344,3.0,26113
387,1108,4.0,26114
387,2830,5.0,26115
387,2198,1.0,26116
387,3593,3.0,26117
387,824,5.0,26118
387,2903,3.0,26119
387,2648,5.0,26120
387,33,2.0,26121
387,1460,3.5,26122
387,931,4.0,26123
387,1278,5.0,26124
387,1446,2.5,26125
387,306,5.0,26126
387,922,2.5,26127
387,1588,3.5,26128
387,777,2.0,26129
387,983,5.0,26130
387,3409,3.0,26131
387,3227,3.0,26132
387,87,3.0,26133
387,2435,1.0,26134
387,2509,2.0,26135
387,1107,4.0,26136
387,1790,4.0,26137
387,3114,3.0,26138
387,535,3.0,26139
387,2370,2.0,26140
387,715,3.5,26141
387,2123,3.0,26142
387,1974,3.0,26143
387,3541,4.5,26144
387,3698,0.5,26145
387,3681,1.5,26146
387,146,4.0,26147
387,728,4.0,26148
387,764,4.0,26149
387,1362,4.0,26150
387,2308,3.0,26151
387,234,3.0,26152
387,2416,2.0,26153
387,3466,2.0,26154
387,319,5.0,26155
387,2414,2.0,26156
387,2554,5.0,26157
387,3455,3.5,26158
387,1148,4.0,26159
387,1545,2.0,26160
387,1430,5.0,26161
387,231,2.5,26162
387,277,5.0,26163
387,419,3.0,26164
387,2704,2.0,26165
387,318,3.5,26166
387,2038,5.0,26167
387,5441,4.0,26168
387,4654,3.5,26169
388,5210,5.0,26170
388,1530,5.0,26171
388,834,5.0,26172
388,1452,5.0,26173
388,4590,3.0,26174
388,4591,2.5,26175
388,4989,4.0,26176
388,6719,3.0,26177
388,5056,4.0,26178
388,5957,3.0,26179
388,4142,3.0,26180
388,5603,2.0,26181
388,3844,4.0,26182
388,5460,2.5,26183
388,1789,3.0,26184
388,3290,2.0,26185
388,3391,1.0,26186
388,2215,3.0,26187
388,3711,3.0,26188
388,1828,1.0,26189
388,2898,2.0,26190
388,3528,4.0,26191
388,1535,3.0,26192
388,3425,3.0,26193
388,1888,5.0,26194
388,1300,4.0,26195
388,1357,4.0,26196
388,803,4.0,26197
388,200,4.0,26198
388,509,3.0,26199
388,2291,3.0,26200
388,5055,4.0,26201
388,5602,3.5,26202
389,5648,5.0,26203
389,1972,5.0,26204
389,5547,2.5,26205
389,5454,2.5,26206
389,6005,2.5,26207
389,2346,2.5,26208
389,2520,2.5,26209
389,2703,2.5,26210
389,2622,1.0,26211
389,420,2.5,26212
389,2027,2.5,26213
389,1028,2.5,26214
389,3514,2.5,26215
389,3593,2.5,26216
389,2987,2.5,26217
389,1175,2.5,26218
389,33,2.5,26219
389,1741,2.5,26220
389,983,2.5,26221
389,2485,2.5,26222
389,87,2.5,26223
389,650,4.0,26224
389,550,2.5,26225
389,3414,2.5,26226
389,1461,4.0,26227
389,1088,4.5,26228
389,1217,2.5,26229
389,3588,2.5,26230
389,1349,2.5,26231
389,431,3.5,26232
389,3458,2.5,26233
389,3491,2.5,26234
389,99,2.5,26235
389,764,2.5,26236
389,3285,2.5,26237
389,286,2.5,26238
389,2238,2.5,26239
389,616,2.5,26240
389,2031,2.5,26241
389,3524,2.5,26242
389,1591,2.5,26243
389,102,2.5,26244
389,1757,2.5,26245
389,234,3.0,26246
389,942,2.5,26247
389,3661,2.5,26248
389,3002,4.0,26249
389,2710,2.5,26250
389,1554,2.5,26251
389,3150,2.0,26252
389,3440,4.0,26253
389,1628,3.0,26254
389,2513,5.0,26255
389,3654,2.5,26256
389,987,2.5,26257
389,1694,3.0,26258
389,2191,3.0,26259
389,2985,4.0,26260
389,2368,2.5,26261
389,3680,4.0,26262
389,3704,1.0,26263
389,1171,2.5,26264
389,2047,5.0,26265
389,3152,2.5,26266
389,319,3.5,26267
389,1954,4.0,26268
389,259,2.5,26269
389,211,2.5,26270
389,1746,2.5,26271
389,3382,2.5,26272
389,2085,2.5,26273
389,469,2.5,26274
389,2409,3.5,26275
389,1815,3.0,26276
389,85,4.0,26277
389,3353,2.5,26278
389,2347,2.5,26279
390,4092,5.0,26280
390,4093,5.0,26281
390,4683,5.0,26282
390,5897,5.0,26283
390,3800,4.0,26284
390,5815,3.5,26285
390,4271,2.5,26286
390,5153,3.0,26287
390,5646,3.5,26288
390,4451,4.5,26289
390,5422,4.0,26290
390,6125,4.0,26291
390,5169,4.5,26292
390,4958,4.0,26293
390,5871,4.0,26294
390,4745,3.0,26295
390,5192,3.5,26296
390,3714,3.5,26297
390,4912,4.0,26298
390,6701,2.5,26299
390,3890,4.0,26300
390,4297,3.5,26301
390,4636,4.0,26302
390,4659,2.5,26303
390,4903,5.0,26304
390,3887,5.0,26305
390,4658,2.5,26306
390,996,2.5,26307
390,1090,3.0,26308
390,1969,3.5,26309
390,1033,1.5,26310
390,1508,3.5,26311
390,1216,5.0,26312
390,251,5.0,26313
390,253,4.0,26314
390,689,3.5,26315
390,2828,2.5,26316
390,2144,3.5,26317
390,3683,2.5,26318
390,1452,3.0,26319
390,3206,3.5,26320
390,461,3.0,26321
390,2979,4.0,26322
390,1280,4.0,26323
390,1488,4.5,26324
390,803,4.5,26325
390,975,4.0,26326
390,2,3.5,26327
390,3097,4.0,26328
390,2211,4.0,26329
390,154,4.0,26330
390,3259,4.0,26331
390,3713,4.0,26332
391,5636,5.0,26333
391,1961,5.0,26334
391,3869,2.5,26335
391,236,2.5,26336
391,2215,2.5,26337
391,2622,2.5,26338
391,1733,2.5,26339
391,3593,2.5,26340
391,33,2.5,26341
391,983,2.5,26342
391,3409,2.5,26343
391,2501,2.5,26344
391,728,2.5,26345
391,2898,2.5,26346
391,1836,2.5,26347
391,1095,2.5,26348
391,1554,2.5,26349
391,2554,2.5,26350
391,1148,2.5,26351
391,2409,2.5,26352
391,1430,2.5,26353
391,2502,2.5,26354
391,3360,2.5,26355
391,512,2.5,26356
391,3397,2.5,26357
391,796,2.5,26358
391,913,2.5,26359
391,2756,2.5,26360
391,2405,2.5,26361
391,2774,2.5,26362
391,1033,2.5,26363
391,3286,2.5,26364
391,2699,2.5,26365
391,1795,2.5,26366
391,1502,2.5,26367
391,1503,2.5,26368
391,1146,2.5,26369
391,982,2.5,26370
391,2051,2.5,26371
391,2912,2.5,26372
391,981,2.5,26373
391,980,2.5,26374
391,979,2.5,26375
392,6227,5.0,26376
392,2554,5.0,26377
392,339,5.0,26378
392,1777,5.0,26379
392,6110,4.0,26380
392,6111,5.0,26381
392,5679,3.0,26382
392,4933,4.0,26383
392,4055,4.0,26384
392,6376,4.5,26385
392,4380,4.0,26386
392,4273,5.0,26387
392,4608,4.5,26389
392,4461,3.0,26390
392,6256,3.5,26391
392,6048,4.0,26392
392,5855,3.0,26393
392,4226,5.0,26394
392,6691,2.0,26395
392,4067,4.0,26396
392,6084,3.5,26397
392,3868,4.5,26398
392,5288,4.0,26399
392,5095,3.5,26400
392,5861,3.5,26401
392,4556,4.0,26402
392,4835,4.5,26403
392,5104,5.0,26404
392,5105,4.5,26405
392,6109,4.0,26406
392,6206,4.5,26407
392,6086,4.0,26408
392,6008,4.0,26409
392,6159,4.0,26410
392,3765,3.5,26411
392,5088,4.5,26412
392,3714,2.5,26413
392,5032,4.0,26414
392,4904,2.0,26415
392,6236,5.0,26416
392,6634,3.0,26417
392,4643,1.5,26418
392,5999,4.0,26419
392,6470,5.0,26420
392,6627,5.0,26421
392,3775,5.0,26422
392,5503,1.5,26423
392,6582,2.5,26424
392,4460,2.5,26425
392,2871,3.0,26426
392,3667,2.0,26427
392,2423,3.5,26428
392,1387,3.5,26429
392,903,4.0,26430
392,1996,3.0,26431
392,1161,4.5,26432
392,3232,4.0,26433
392,1916,2.5,26434
392,2903,2.0,26435
392,2648,3.0,26436
392,1278,3.5,26437
392,2424,4.0,26438
392,1588,2.5,26439
392,983,1.5,26440
392,3409,3.0,26441
392,130,2.5,26442
392,66,2.0,26443
392,2501,2.5,26444
392,1217,2.0,26445
392,3588,2.5,26446
392,99,2.5,26447
392,764,2.5,26448
392,1362,2.5,26449
392,1005,2.5,26450
392,3006,2.5,26451
392,2898,2.5,26452
392,845,2.5,26453
392,234,2.5,26454
392,3661,2.5,26455
392,2825,2.5,26456
392,3019,4.5,26457
392,996,2.5,26458
392,2391,2.5,26459
392,2368,2.5,26460
392,2696,2.5,26461
392,1123,3.5,26462
392,2047,4.0,26463
392,1954,2.5,26464
392,2919,2.5,26465
392,865,2.5,26466
392,1492,2.5,26467
392,3628,2.5,26468
392,3059,2.5,26469
392,248,2.5,26470
392,152,3.5,26471
392,917,2.5,26472
392,2409,2.5,26473
392,1424,2.5,26474
392,635,2.5,26475
392,3693,2.5,26476
392,687,2.5,26477
392,231,2.5,26478
392,1509,2.5,26479
392,1815,2.5,26480
392,3685,2.5,26481
392,1266,2.5,26482
392,85,2.5,26483
392,288,2.5,26484
392,277,2.5,26485
392,2519,2.5,26486
392,2228,2.5,26487
392,419,2.5,26488
392,382,2.5,26489
392,1681,2.5,26490
392,1158,2.5,26491
392,3413,2.5,26492
392,1673,2.5,26493
392,2502,2.5,26494
393,4917,5.0,26495
393,4918,5.0,26496
393,4353,5.0,26497
393,4418,5.0,26498
393,5312,4.0,26499
393,5790,5.0,26500
393,3977,4.0,26501
393,4339,4.5,26502
393,6501,4.5,26503
393,4819,4.0,26504
393,4356,2.5,26505
393,6396,3.0,26506
393,6394,2.0,26507
393,4683,2.5,26508
393,4785,3.5,26509
393,4399,3.5,26510
393,4119,1.5,26511
393,4678,2.5,26512
393,1028,3.5,26513
393,2903,3.0,26514
393,728,2.5,26515
393,2985,4.0,26516
393,319,2.5,26517
393,1148,4.0,26518
393,3397,2.0,26519
393,2756,4.0,26520
393,1033,2.5,26521
393,1434,2.5,26522
393,2560,3.5,26523
393,3398,3.0,26524
393,767,3.5,26525
393,1369,4.5,26526
393,2948,3.5,26527
393,3174,5.0,26528
393,2866,3.0,26529
393,1348,3.5,26530
393,2849,4.5,26531
393,3065,4.0,26532
393,3327,4.5,26533
393,725,4.5,26534
393,2804,1.5,26535
394,4774,5.0,26536
394,4775,5.0,26537
394,4003,5.0,26538
394,3794,3.5,26540
394,3795,3.5,26541
394,5284,4.0,26542
394,4226,4.5,26543
394,5211,3.5,26544
394,5877,5.0,26545
394,4563,3.5,26546
394,5775,4.5,26547
394,5423,2.5,26548
394,6695,3.0,26549
394,5288,4.0,26550
394,6607,2.5,26551
394,4877,3.5,26552
394,4553,5.0,26553
394,4158,3.5,26554
394,5415,3.5,26555
394,5003,2.0,26556
394,5073,3.5,26557
394,5072,5.0,26558
394,3989,3.5,26559
394,6601,4.0,26560
394,4268,3.0,26561
394,4385,3.5,26562
394,4001,5.0,26563
394,4004,4.5,26564
394,4135,1.5,26565
394,4691,4.0,26566
394,5332,4.0,26567
394,5100,3.0,26568
394,4796,4.0,26569
394,6111,5.0,26570
394,6297,5.0,26571
394,4240,3.5,26572
394,5158,4.0,26573
394,5198,4.0,26574
394,5016,3.5,26575
394,5702,2.5,26576
394,4160,1.0,26577
394,4800,3.5,26578
394,5612,3.5,26579
394,4833,4.5,26580
394,4571,3.5,26581
394,5577,2.0,26582
394,6525,2.5,26583
394,3775,3.0,26584
394,5000,5.0,26585
394,4874,3.0,26586
394,3875,5.0,26587
394,5581,1.5,26588
394,5876,2.5,26589
394,3593,2.5,26590
394,752,3.5,26591
394,6643,3.0,26592
394,2640,4.0,26593
394,6218,3.5,26594
394,1324,2.5,26595
394,1600,4.0,26596
394,1657,4.0,26597
394,339,3.5,26598
394,1897,3.0,26599
394,5253,5.0,26600
394,5790,4.0,26601
394,1464,4.0,26602
394,629,3.5,26603
394,4353,5.0,26604
394,5774,4.0,26605
394,5414,3.5,26606
394,4795,3.5,26607
394,4352,3.0,26608
395,3948,2.5,26609
395,306,2.5,26610
395,1825,2.5,26611
395,1193,2.5,26612
395,2485,2.5,26613
395,1819,2.5,26614
395,926,2.5,26615
395,1430,2.5,26616
395,277,2.5,26617
395,932,2.5,26618
395,3665,2.5,26619
395,1963,2.5,26620
395,1434,2.5,26621
395,1429,2.5,26622
395,1820,2.5,26623
395,3570,2.5,26624
395,1496,2.5,26625
395,2908,2.5,26626
395,284,2.5,26627
395,1428,2.5,26628
395,2098,2.5,26629
395,1712,2.5,26630
395,1686,2.5,26631
395,1054,2.5,26632
395,1427,2.5,26633
395,884,2.5,26634
395,2213,2.5,26635
395,3663,2.5,26636
395,3003,2.5,26637
395,2744,2.5,26638
395,2262,2.5,26639
395,3015,2.5,26640
395,834,2.5,26641
395,952,2.5,26642
395,2892,2.5,26643
395,1348,2.5,26644
395,619,2.5,26645
395,2465,2.5,26646
395,273,2.5,26647
395,1357,2.5,26648
395,954,2.5,26649
395,2849,2.5,26650
395,3453,2.5,26651
395,1952,2.5,26652
395,3703,2.5,26653
395,3206,2.5,26654
395,37,2.5,26655
395,238,2.5,26656
395,434,2.5,26657
395,2859,2.5,26658
395,2907,2.5,26659
395,2552,2.5,26660
395,3066,2.5,26661
395,2141,2.5,26662
395,21,2.5,26663
395,3067,2.5,26664
395,564,2.5,26665
395,3177,2.5,26666
395,3065,2.5,26667
395,2906,2.5,26668
395,803,2.5,26669
395,2284,2.5,26670
395,1087,2.5,26671
395,200,2.5,26672
395,2958,2.5,26673
395,975,2.5,26674
395,3097,2.5,26675
395,3420,2.5,26676
395,1818,2.5,26677
395,1198,2.5,26678
395,2410,2.5,26679
395,3257,2.5,26680
395,607,2.5,26681
396,4761,5.0,26682
396,1103,5.0,26683
396,3307,5.0,26684
396,3386,5.0,26685
396,4460,2.5,26686
396,2871,2.5,26687
396,2215,2.5,26688
396,275,2.5,26689
396,3239,2.5,26690
396,3468,2.5,26691
396,420,2.5,26692
396,3063,2.5,26693
396,2027,2.5,26694
396,3561,2.5,26695
396,3266,2.5,26696
396,1028,2.5,26697
396,1957,2.5,26698
396,1161,2.5,26699
396,510,2.5,26700
396,442,2.5,26701
396,3593,3.5,26702
396,1517,2.5,26703
396,2648,2.5,26704
396,1460,2.5,26705
396,931,2.5,26706
396,306,2.5,26707
396,2424,2.5,26708
396,3176,2.5,26709
396,2821,2.5,26710
396,1825,3.0,26711
396,3409,2.5,26712
396,2485,2.5,26713
396,3576,2.5,26714
396,737,2.5,26715
396,1790,2.5,26716
396,535,1.5,26717
396,3449,2.5,26718
396,1326,2.5,26719
396,1974,2.5,26720
396,3541,2.5,26721
396,1088,2.5,26722
396,3169,2.5,26723
396,146,2.5,26724
396,1435,2.5,26725
396,2807,2.5,26726
396,3147,2.5,26727
396,652,2.5,26728
396,350,2.5,26729
396,2269,2.5,26730
396,163,2.5,26731
396,728,2.5,26732
396,1612,2.5,26733
396,3491,2.5,26734
396,99,2.5,26735
396,2889,2.5,26736
396,226,2.5,26737
396,3285,2.5,26738
396,1495,2.5,26739
396,286,2.5,26740
396,3109,2.5,26741
396,574,2.5,26742
396,1073,2.5,26743
396,616,2.5,26744
396,2898,2.5,26745
396,2455,2.5,26746
396,845,2.5,26747
396,2764,2.5,26748
396,1924,2.5,26749
396,3019,2.5,26750
396,3002,2.5,26751
396,1095,2.5,26752
396,1554,2.5,26753
396,996,2.5,26754
396,2513,2.5,26755
396,3026,3.5,26756
396,1694,2.5,26757
396,2191,2.5,26758
396,3975,4.0,26759
397,5837,5.0,26760
397,5838,5.0,26761
397,3259,5.0,26762
397,3285,5.0,26763
397,5679,4.0,26764
397,5678,2.5,26765
397,3886,4.0,26766
398,5585,5.0,26767
398,5586,5.0,26768
398,3905,5.0,26769
398,3800,5.0,26770
398,3770,5.0,26771
398,6318,4.0,26772
398,4191,4.0,26773
398,6710,4.0,26774
398,4049,2.5,26775
398,420,2.5,26776
398,573,4.0,26777
398,3593,3.5,26778
398,2799,4.0,26779
398,435,4.0,26780
398,2656,4.0,26781
398,1969,3.0,26782
398,1516,5.0,26783
398,2774,4.0,26784
398,54,5.0,26785
398,3554,4.0,26786
398,3553,4.0,26787
398,3552,5.0,26788
398,3226,4.0,26789
398,1065,4.0,26790
398,106,4.0,26791
398,3691,4.0,26792
398,1293,3.5,26793
398,890,4.0,26794
398,371,4.0,26795
398,3690,5.0,26796
398,1126,2.5,26797
398,2642,5.0,26798
398,1125,4.0,26799
398,2402,4.0,26800
398,3079,4.0,26801
398,735,4.0,26802
398,2474,3.5,26803
398,1280,5.0,26804
398,2567,5.0,26805
398,671,5.0,26806
398,3461,4.0,26807
398,2211,5.0,26808
398,1068,4.0,26809
398,1487,4.5,26810
398,5196,4.0,26811
399,3869,2.5,26812
399,236,3.0,26813
399,1249,4.0,26814
399,2622,3.0,26815
399,275,4.5,26816
399,2830,3.0,26817
399,3506,3.0,26818
399,1517,4.0,26819
399,1278,3.0,26820
399,2485,4.0,26821
399,3364,4.5,26822
399,1362,4.5,26823
399,1005,3.5,26824
399,1274,4.5,26825
399,1153,4.5,26826
399,996,2.5,26827
399,319,4.5,26828
399,2554,3.5,26829
399,865,4.0,26830
399,917,3.0,26831
399,277,4.5,26832
399,2228,3.5,26833
399,886,3.0,26834
399,2104,2.5,26835
399,1346,3.5,26836
399,3478,3.0,26837
399,3501,3.5,26838
399,1444,3.5,26839
399,2561,4.5,26840
399,879,3.5,26841
399,2578,3.0,26842
399,1033,2.5,26843
399,694,3.0,26844
399,908,3.5,26845
399,2257,3.5,26846
399,357,5.0,26847
399,2840,3.0,26848
399,2530,4.0,26849
399,100,3.0,26850
399,42,2.0,26851
399,1047,3.0,26852
399,3182,3.0,26853
399,2259,2.5,26854
399,3594,3.5,26855
399,2558,3.5,26856
399,2313,3.5,26857
399,2088,3.5,26858
399,279,4.0,26859
399,2444,3.0,26860
399,995,2.5,26861
399,3528,3.0,26862
399,2560,3.5,26863
399,244,3.0,26864
399,376,3.5,26865
399,2244,3.5,26866
399,683,3.0,26867
399,1459,4.0,26868
399,1999,3.5,26869
399,280,3.5,26870
399,98,4.0,26871
399,1216,4.0,26872
399,1748,4.5,26873
399,2956,3.0,26874
399,1450,3.5,26875
399,636,4.5,26876
399,1172,2.5,26877
399,1391,3.0,26878
399,2882,3.0,26879
399,2559,3.5,26880
399,763,2.5,26881
399,553,3.0,26882
399,1829,3.5,26883
399,106,3.5,26884
400,4336,5.0,26885
400,2850,5.0,26886
400,2849,5.0,26887
400,2644,5.0,26888
400,4941,2.5,26889
400,2994,4.5,26890
400,1996,5.0,26891
400,2485,3.0,26892
400,287,3.0,26893
400,234,3.5,26894
400,2502,4.0,26895
400,2088,3.5,26896
400,279,4.5,26897
400,452,4.0,26898
400,280,5.0,26899
400,1391,3.0,26900
400,2559,4.0,26901
400,1369,5.0,26902
400,1427,4.5,26903
400,3370,5.0,26904
400,2998,4.5,26905
400,1383,4.5,26906
400,2730,4.5,26907
400,2997,3.5,26908
400,3269,3.0,26909
400,2966,5.0,26910
400,3185,5.0,26911
400,2552,3.5,26912
400,3136,5.0,26913
400,2551,4.0,26914
400,1115,4.5,26915
400,3420,5.0,26916
400,290,4.0,26917
401,5435,5.0,26918
401,5436,5.0,26919
401,5056,5.0,26920
401,6261,5.0,26921
401,4186,3.0,26922
401,5072,5.0,26923
401,6501,4.0,26924
401,3714,4.0,26925
401,6309,3.5,26926
401,5246,5.0,26927
401,5557,3.0,26928
401,5442,4.0,26929
401,6236,5.0,26930
401,5042,5.0,26931
401,4718,4.0,26932
401,5890,5.0,26933
401,6135,4.5,26934
401,4290,4.0,26935
401,4339,5.0,26936
401,4636,5.0,26937
401,6453,4.0,26938
401,4489,5.0,26939
401,4492,4.0,26940
401,5596,4.0,26941
401,6313,4.5,26942
401,4956,3.5,26943
401,3910,3.5,26944
401,4585,3.5,26945
401,6159,5.0,26946
401,6607,4.0,26947
401,4145,4.0,26948
401,5403,4.5,26949
401,5679,5.0,26950
401,5461,4.0,26951
401,5877,5.0,26952
401,5460,2.5,26953
401,275,3.5,26954
401,1733,4.5,26955
401,510,4.0,26956
401,3593,4.0,26957
401,3121,4.0,26958
401,2648,4.5,26959
401,931,3.5,26960
401,1278,3.5,26961
401,2485,5.0,26962
401,845,5.0,26963
401,3438,4.0,26964
401,844,4.0,26965
401,2560,5.0,26966
401,3048,5.0,26967
401,1065,4.0,26968
401,1369,5.0,26969
401,684,4.0,26970
401,1348,5.0,26971
401,2465,4.5,26972
401,1357,4.5,26973
401,2849,5.0,26974
401,2644,3.5,26975
401,1873,3.0,26976
401,2592,5.0,26977
401,1755,4.0,26978
401,564,3.0,26979
401,1777,4.0,26980
401,975,5.0,26981
401,2,4.0,26982
401,3327,4.0,26983
401,2224,5.0,26984
401,5876,4.0,26985
401,5678,3.5,26986
402,4479,5.0,26987
402,4480,5.0,26988
402,6297,5.0,26989
402,4461,5.0,26990
402,4451,4.0,26991
402,5752,5.0,26993
402,5643,2.5,26994
402,3829,3.0,26995
402,6308,3.0,26996
402,4942,3.0,26997
402,5102,2.5,26998
402,6139,4.0,26999
402,6575,3.0,27000
402,6290,3.5,27001
402,5962,2.0,27002
402,5877,3.0,27003
402,4764,2.5,27004
402,6061,5.0,27005
402,3752,4.0,27006
402,3887,4.0,27007
402,4574,3.5,27008
402,6259,3.5,27009
402,4566,3.5,27010
402,3714,3.0,27011
402,4808,3.0,27012
402,6289,4.0,27013
402,5544,2.5,27014
402,4145,3.5,27015
402,5056,3.0,27016
402,4199,4.0,27017
402,5303,2.5,27018
402,4909,1.5,27019
402,4268,3.0,27020
402,6486,3.5,27021
402,6332,4.0,27022
402,6045,3.0,27023
402,6046,3.0,27024
402,4254,3.0,27025
402,5488,2.0,27026
402,5932,3.5,27027
402,4043,3.5,27028
402,5448,3.5,27029
402,6044,3.0,27030
402,6043,3.0,27031
402,6440,3.0,27032
402,6389,3.5,27033
402,6564,1.5,27034
402,4769,2.0,27035
402,6143,2.5,27036
402,6607,4.0,27037
402,6307,2.5,27038
402,3290,3.0,27039
402,2871,4.0,27040
402,2215,3.0,27041
402,2304,2.0,27042
402,34,4.0,27043
402,2994,3.0,27044
402,2627,3.5,27045
402,1225,1.5,27046
402,3063,2.5,27047
402,3561,3.0,27048
402,2830,3.0,27049
402,510,4.0,27050
402,3593,4.0,27051
402,1870,2.5,27052
402,922,3.5,27053
402,498,4.0,27054
402,983,2.5,27055
402,3521,2.5,27056
402,3409,3.0,27057
402,414,2.0,27058
402,407,2.0,27059
402,1396,2.5,27060
402,2485,4.0,27061
402,87,2.5,27062
402,3373,2.0,27063
402,1105,1.5,27064
402,2509,0.5,27065
402,837,2.0,27066
402,747,2.0,27067
402,1790,2.5,27068
402,3114,2.0,27069
402,241,3.5,27070
402,559,2.0,27071
402,3428,3.0,27072
402,3334,3.5,27073
402,3495,1.0,27074
402,464,1.5,27075
402,3285,4.0,27076
402,3002,2.5,27077
402,2891,2.5,27078
402,1289,3.5,27079
402,2263,3.5,27080
402,1806,2.0,27081
402,2676,4.0,27082
402,3106,3.5,27083
402,1106,2.5,27084
402,2468,4.0,27085
402,3460,3.5,27086
402,913,3.5,27087
402,2774,3.0,27088
402,3610,2.5,27089
402,1967,2.5,27090
402,1135,3.0,27091
402,182,3.0,27092
402,384,3.5,27093
402,2259,2.0,27094
402,1685,2.0,27095
402,2088,5.0,27096
402,2720,3.5,27097
402,578,2.0,27098
402,3618,1.5,27099
402,251,4.0,27100
402,1,3.0,27101
402,3555,1.5,27102
402,76,2.0,27103
402,1146,4.0,27104
402,2626,4.0,27105
402,640,3.0,27106
402,2997,3.0,27107
402,546,2.0,27108
402,3589,3.5,27109
402,2402,5.0,27110
402,4450,4.0,27111
402,5170,3.0,27112
403,5961,5.0,27113
403,2303,5.0,27114
403,3962,2.5,27115
403,319,3.0,27116
403,211,4.0,27117
403,3301,3.5,27118
403,1149,4.5,27119
403,3655,3.5,27120
403,1014,3.5,27121
403,624,4.0,27122
403,3208,4.5,27123
403,223,2.5,27124
403,1730,2.5,27125
403,3675,3.0,27126
403,1325,4.0,27127
403,701,4.0,27128
403,3074,3.0,27129
403,1712,4.0,27130
403,3199,3.0,27131
403,2948,5.0,27132
403,472,5.0,27133
403,708,4.0,27134
403,3180,4.5,27135
403,3473,3.5,27136
403,911,3.5,27137
403,3706,3.5,27138
403,97,3.5,27139
403,1309,3.0,27140
403,575,3.5,27141
403,266,4.0,27142
403,1532,3.5,27143
403,1597,4.5,27144
403,2208,3.0,27145
403,3185,2.5,27146
403,2726,4.0,27147
403,3384,5.0,27148
403,658,2.0,27149
403,1441,4.0,27150
404,5889,5.0,27151
404,2224,5.0,27152
404,2592,5.0,27153
404,1369,5.0,27154
404,4779,3.0,27155
404,4780,4.5,27156
404,4494,4.5,27157
404,5563,5.0,27158
404,4387,5.0,27159
404,4553,5.0,27160
404,4451,5.0,27161
404,6371,2.5,27162
404,6715,4.0,27163
404,4880,5.0,27164
404,5448,4.0,27165
404,4241,1.5,27166
404,5034,2.5,27167
404,6654,4.0,27168
404,5689,5.0,27169
404,5853,5.0,27170
404,4814,3.5,27171
404,5700,4.0,27172
404,4841,4.0,27173
404,4840,4.0,27174
404,4842,4.5,27175
404,6138,4.0,27176
404,5474,4.5,27177
404,6332,3.5,27178
404,5874,5.0,27179
404,6069,4.5,27180
404,4903,5.0,27181
404,5900,3.0,27182
404,6166,5.0,27183
404,4179,5.0,27184
404,4154,3.5,27185
404,4995,3.0,27186
404,5957,4.5,27187
404,4984,2.0,27188
404,3818,5.0,27189
404,4561,4.5,27190
404,5183,4.0,27191
404,5960,5.0,27192
404,4528,4.5,27193
404,6271,4.5,27194
404,6264,3.5,27195
404,6259,4.5,27196
404,6695,3.0,27197
404,5486,4.0,27198
404,5629,4.0,27199
404,4610,4.0,27200
404,6469,4.5,27201
404,4872,4.5,27202
404,6309,3.5,27203
404,5699,2.5,27204
404,2027,4.0,27205
404,87,3.5,27206
404,728,4.0,27207
404,2710,2.5,27208
404,277,3.5,27209
404,2676,3.5,27210
404,706,2.5,27211
404,174,4.5,27212
404,3106,4.0,27213
404,318,3.5,27214
404,512,4.0,27215
404,1994,4.0,27216
404,599,2.0,27217
404,3669,3.0,27218
404,2709,2.5,27219
404,171,5.0,27220
404,2784,3.0,27221
404,2273,3.0,27222
404,2578,3.5,27223
404,50,3.5,27224
404,2598,3.5,27225
404,863,3.5,27226
404,3029,1.0,27227
404,1434,4.5,27228
404,1795,4.5,27229
404,279,4.0,27230
404,2942,4.0,27231
404,3139,3.0,27232
404,2916,3.0,27233
404,727,4.5,27234
404,2515,3.5,27235
404,98,3.0,27236
404,756,3.5,27237
404,2596,3.0,27238
404,3226,3.0,27239
404,847,4.5,27240
404,2338,4.0,27241
404,2705,3.0,27242
404,3205,3.5,27243
404,3450,4.5,27244
404,1293,4.0,27245
404,726,5.0,27246
404,3222,4.5,27247
404,2595,3.5,27248
404,2971,4.5,27249
404,1340,3.5,27250
404,910,4.5,27251
404,2466,4.0,27252
404,201,4.0,27253
404,1427,4.0,27254
404,3510,1.0,27255
404,3370,4.5,27256
404,8,2.5,27257
404,2828,4.0,27258
404,3204,4.0,27259
404,2968,4.0,27260
404,38,3.5,27261
404,790,4.0,27262
404,2158,2.5,27263
404,2159,2.5,27264
404,1320,3.5,27265
404,2482,3.5,27266
404,2216,4.0,27267
404,3817,4.0,27268
404,4386,3.5,27269
404,4902,3.5,27270
405,5630,5.0,27271
405,5631,5.0,27272
405,3964,5.0,27273
405,5948,5.0,27274
405,5264,4.0,27275
405,5211,5.0,27276
405,5763,4.0,27277
405,4835,5.0,27278
405,4353,5.0,27279
405,5746,4.0,27280
405,4513,4.0,27281
405,6603,4.5,27282
405,5415,4.5,27283
405,6697,3.5,27284
405,4200,3.0,27285
405,5042,4.0,27286
405,5635,4.5,27287
405,4587,3.5,27288
405,5947,2.5,27289
405,2658,3.5,27290
405,236,1.0,27291
405,2215,5.0,27292
405,3667,3.0,27293
405,1733,3.5,27294
405,2903,4.0,27295
405,931,5.0,27296
405,1278,4.0,27297
405,883,3.5,27298
405,1377,5.0,27299
405,3248,4.5,27300
405,3364,5.0,27301
405,3491,2.0,27302
405,574,4.5,27303
405,3687,5.0,27304
405,2633,4.0,27305
405,2615,3.0,27306
405,1555,4.0,27307
405,2212,3.5,27308
405,2191,3.5,27309
405,624,4.0,27310
405,2722,3.5,27311
405,2195,4.5,27312
405,1132,4.0,27313
405,372,4.5,27314
405,897,4.0,27315
405,3013,2.5,27316
405,1369,4.5,27317
405,3622,4.5,27318
405,473,4.0,27319
405,606,3.0,27320
405,579,3.0,27321
405,492,4.0,27322
405,501,4.0,27323
405,1873,4.5,27324
405,899,4.0,27325
405,2565,3.0,27326
405,370,5.0,27327
405,5837,4.0,27328
405,6696,3.5,27329
406,4945,5.0,27330
406,1272,5.0,27331
406,1090,5.0,27332
406,1755,5.0,27333
406,4622,2.5,27334
406,3869,2.5,27335
406,236,4.0,27336
406,2863,1.0,27337
406,2346,3.0,27338
406,1789,5.0,27339
406,2408,0.5,27340
406,3667,5.0,27341
406,1996,4.0,27342
406,3458,2.0,27343
406,226,3.0,27344
406,574,3.0,27345
406,234,4.0,27346
406,348,3.0,27347
406,2676,2.0,27348
406,512,3.0,27349
406,965,4.0,27350
406,1508,4.0,27351
406,1434,3.5,27352
406,3584,4.0,27353
406,3528,3.0,27354
406,1792,2.0,27355
406,339,4.0,27356
406,683,3.0,27357
406,1999,3.0,27358
406,3034,1.0,27359
406,1748,5.0,27360
406,1391,3.0,27361
406,2920,3.0,27362
406,531,5.0,27363
406,2705,1.0,27364
406,2571,4.0,27365
406,2878,3.0,27366
406,1530,3.0,27367
406,1749,5.0,27368
406,3533,4.0,27369
406,2540,3.0,27370
406,3102,3.0,27371
406,1146,3.0,27372
406,2079,5.0,27373
406,2730,4.0,27374
406,27,3.0,27375
406,2679,3.0,27376
406,421,3.0,27377
406,1003,3.0,27378
406,2465,5.0,27379
406,1422,5.0,27380
406,954,3.0,27381
406,47,2.5,27382
406,1709,3.0,27383
406,30,5.0,27384
406,1452,3.0,27385
406,2644,4.0,27386
406,2452,3.0,27387
406,1687,5.0,27388
406,63,3.0,27389
406,3627,3.0,27390
406,2933,2.0,27391
406,3392,3.0,27392
406,31,3.0,27393
406,52,4.0,27394
406,803,5.0,27395
406,1082,3.5,27396
406,3119,3.0,27397
406,2,5.0,27398
406,2451,5.0,27399
406,1306,3.0,27400
406,631,3.0,27401
406,2224,3.0,27402
406,2392,5.0,27403
407,5210,5.0,27404
407,1530,5.0,27405
407,290,5.0,27406
407,6236,5.0,27407
407,4784,4.0,27408
407,4785,4.0,27409
407,5467,4.5,27410
407,6061,5.0,27411
407,5944,2.5,27412
407,6086,4.0,27413
407,5461,2.5,27415
407,5345,5.0,27416
407,4461,2.5,27417
407,4300,2.5,27418
407,5877,5.0,27419
407,4956,2.5,27420
407,6705,2.5,27421
407,6033,2.5,27422
407,4928,5.0,27423
407,6185,4.0,27424
407,5297,3.5,27425
407,4556,3.0,27426
407,6691,3.5,27427
407,5783,3.0,27428
407,4084,3.0,27429
407,5434,2.5,27430
407,4910,4.5,27431
407,3795,4.5,27432
407,4835,4.5,27433
407,6039,4.0,27434
407,4679,2.5,27435
407,4262,3.5,27436
407,5337,4.0,27437
407,4745,4.5,27438
407,5403,4.5,27439
407,3793,2.5,27440
407,6008,4.0,27441
407,5763,4.0,27442
407,4420,4.0,27443
407,4921,5.0,27444
407,6575,4.0,27445
407,5192,4.0,27446
407,6719,5.0,27447
407,6598,5.0,27448
407,6634,5.0,27450
407,5526,4.0,27451
407,6252,3.5,27452
407,5023,4.0,27453
407,6211,4.0,27454
407,4132,3.0,27455
407,3997,3.5,27456
407,5557,3.0,27457
407,3989,3.5,27458
407,5460,2.5,27459
407,903,3.0,27460
407,3561,4.0,27461
407,6313,2.5,27462
407,4585,2.5,27463
407,5415,1.0,27464
407,1278,2.5,27465
407,6159,4.0,27466
407,66,3.5,27467
407,6228,5.0,27468
407,5899,4.5,27469
407,1090,4.5,27470
407,6303,4.0,27471
407,5138,5.0,27472
407,1508,4.0,27473
407,1792,4.5,27474
407,2851,3.0,27475
407,4048,4.0,27476
407,5218,3.5,27477
407,3991,3.5,27478
407,4157,5.0,27479
407,1753,2.5,27480
407,4294,3.5,27481
407,6665,4.0,27482
407,6599,2.5,27483
407,2029,2.5,27484
407,3269,4.0,27485
407,4608,5.0,27486
407,4867,3.5,27487
407,4408,2.5,27488
407,4246,4.0,27489
407,2380,4.0,27490
407,5242,2.5,27491
407,6697,4.0,27492
407,3844,2.5,27493
407,4775,4.5,27494
407,4927,3.5,27495
407,6007,3.5,27496
407,5217,3.0,27497
408,6500,5.0,27498
408,6501,5.0,27499
408,5890,5.0,27500
408,5072,5.0,27501
408,3832,3.0,27502
408,4302,5.0,27503
408,6712,3.0,27504
408,6029,3.0,27505
408,4265,3.0,27506
408,4248,3.0,27507
408,5400,4.0,27508
408,5432,5.0,27509
408,5403,4.0,27510
408,4406,3.0,27511
408,6106,1.0,27512
408,5461,4.0,27513
408,3940,5.0,27514
408,4639,5.0,27515
408,4645,5.0,27516
408,6048,5.0,27517
408,6189,2.0,27518
408,5409,4.0,27519
408,4105,3.0,27520
408,5447,5.0,27521
408,6717,3.0,27522
408,6254,4.0,27523
408,4521,5.0,27524
408,6056,3.0,27525
408,4499,3.0,27526
408,5665,5.0,27527
408,5091,5.0,27528
408,3722,3.0,27529
408,5094,5.0,27530
408,4921,4.0,27531
408,5064,3.0,27532
408,4408,3.0,27533
408,5922,4.0,27534
408,3844,4.0,27535
408,4780,4.0,27536
408,5173,5.0,27537
408,5171,5.0,27538
408,6051,4.0,27539
408,6067,3.5,27540
408,6634,5.0,27541
408,4667,5.0,27542
408,4307,5.0,27543
408,6514,2.5,27544
408,3842,5.0,27545
408,3912,2.5,27546
408,3914,3.0,27547
408,3976,4.0,27548
408,4405,2.5,27549
408,2863,3.0,27550
408,1789,4.0,27551
408,1733,4.0,27552
408,931,3.0,27553
408,1362,3.0,27554
408,692,5.0,27555
408,3661,3.0,27556
408,2047,3.0,27557
408,277,2.5,27558
408,872,5.0,27559
408,1264,4.0,27560
408,2578,4.0,27561
408,694,5.0,27562
408,799,4.0,27563
408,2598,1.0,27564
408,1449,3.0,27565
408,1731,4.0,27566
408,1016,5.0,27567
408,2515,2.0,27568
408,1750,5.0,27569
408,1748,5.0,27570
408,1450,4.0,27571
408,194,5.0,27572
408,2139,5.0,27573
408,2595,1.0,27574
408,1749,4.0,27575
408,1369,3.0,27576
408,3102,4.0,27577
408,2363,3.0,27578
408,3622,5.0,27579
408,3696,3.0,27580
408,3370,5.0,27581
408,2440,1.0,27582
408,1984,5.0,27583
408,2482,3.0,27584
408,1439,4.0,27585
408,3015,4.0,27586
408,2140,5.0,27587
408,851,3.0,27588
408,1348,5.0,27589
408,1381,5.0,27590
408,273,3.0,27591
408,637,3.0,27592
408,653,3.0,27593
408,666,5.0,27594
408,3484,2.5,27595
408,1440,4.0,27596
408,2800,3.0,27597
408,1382,5.0,27598
408,2606,5.0,27599
408,2253,4.0,27600
408,1601,5.0,27601
408,2137,5.0,27602
408,3130,4.0,27603
408,2605,5.0,27604
408,2138,5.0,27605
408,2862,3.0,27606
408,2907,5.0,27607
408,1212,3.0,27608
408,2592,5.0,27609
408,1311,5.0,27610
408,12,3.0,27611
408,1490,5.0,27612
408,2973,4.0,27613
408,1489,5.0,27614
408,2397,3.0,27615
408,2701,5.0,27616
408,2141,5.0,27617
408,980,5.0,27618
408,564,5.0,27619
408,3320,5.0,27620
408,52,5.0,27621
408,6360,4.0,27622
408,5428,3.0,27623
408,3934,3.0,27624
409,5762,5.0,27625
409,5763,5.0,27626
409,5597,5.0,27627
409,4015,5.0,27628
409,5290,4.0,27629
409,5011,3.0,27630
409,6169,2.0,27631
409,5128,3.0,27632
409,4778,2.5,27633
409,6378,2.5,27634
409,5524,2.5,27635
409,6090,3.5,27636
409,6096,2.5,27637
409,4777,3.0,27638
409,4837,2.5,27639
409,4363,4.0,27640
409,4068,3.0,27641
409,6671,3.5,27642
409,4507,2.5,27643
409,5212,3.0,27644
409,6277,2.0,27645
409,4301,3.0,27646
409,6186,2.5,27647
409,6569,4.0,27648
409,4155,4.0,27649
409,6467,3.5,27650
409,5384,4.0,27651
409,3849,4.0,27652
409,3885,4.0,27653
409,4935,3.5,27654
409,4825,3.0,27655
409,6097,3.5,27656
409,6685,3.0,27657
409,4872,4.0,27658
409,5117,4.0,27659
409,5171,4.0,27660
409,5260,3.5,27661
409,6453,3.0,27662
409,5464,3.0,27663
409,4574,3.0,27664
409,4269,2.5,27665
409,4290,2.5,27666
409,4585,3.5,27667
409,4500,4.0,27668
409,5318,3.5,27669
409,5563,2.5,27670
409,4141,3.0,27671
409,5608,3.0,27672
409,6391,3.0,27673
409,5413,4.0,27674
409,6018,3.5,27675
409,3869,2.5,27676
409,236,2.0,27677
409,2611,2.0,27678
409,3385,2.5,27679
409,2027,3.5,27680
409,1957,4.0,27681
409,3593,3.5,27682
409,3121,2.0,27683
409,2648,2.5,27684
409,1460,2.5,27685
409,931,3.5,27686
409,2424,4.0,27687
409,922,3.0,27688
409,712,2.5,27689
409,856,4.0,27690
409,2485,3.5,27691
409,3576,4.0,27692
409,746,3.0,27693
409,1790,3.0,27694
409,3449,3.5,27695
409,2234,3.5,27696
409,550,3.0,27697
409,655,2.5,27698
409,1936,3.0,27699
409,1461,4.0,27700
409,3,3.0,27701
409,1610,2.5,27702
409,1435,2.5,27703
409,2807,4.5,27704
409,652,3.5,27705
409,3458,3.0,27706
409,3354,2.0,27707
409,226,3.0,27708
409,1676,2.5,27709
409,3110,3.5,27710
409,1162,2.5,27711
409,1656,3.5,27712
409,2614,4.0,27713
409,2764,2.5,27714
409,601,2.0,27715
409,1554,2.5,27716
409,2827,2.5,27717
409,734,4.0,27718
409,2199,2.5,27719
409,2513,2.5,27720
409,2047,2.5,27721
409,319,3.5,27722
409,941,4.0,27723
409,211,4.0,27724
409,467,3.0,27725
409,2409,2.5,27726
409,136,3.5,27727
409,943,3.0,27728
409,1022,4.5,27729
409,2099,4.0,27730
409,1540,1.5,27731
409,967,1.5,27732
409,706,2.5,27733
409,2488,2.5,27734
409,2754,4.0,27735
409,508,3.0,27736
409,3649,2.0,27737
409,3460,4.0,27738
409,530,3.0,27739
409,3438,3.0,27740
409,1083,4.0,27741
409,1191,4.0,27742
409,2405,2.5,27743
409,807,4.0,27744
409,3350,2.5,27745
409,1578,3.5,27746
409,267,2.5,27747
409,665,2.5,27748
409,4139,4.0,27749
409,6606,3.0,27750
409,5140,3.0,27751
410,6210,5.0,27752
410,2530,5.0,27753
410,2552,5.0,27754
410,2047,5.0,27755
410,5894,2.5,27756
410,3203,5.0,27757
410,1789,4.0,27758
410,3290,3.0,27759
410,2903,5.0,27760
410,2648,5.0,27761
410,3409,5.0,27762
410,535,3.0,27763
410,728,4.0,27764
410,845,5.0,27765
410,3091,1.0,27766
410,2554,5.0,27767
410,1148,5.0,27768
410,231,2.0,27769
410,419,4.0,27770
410,3397,3.0,27771
410,3438,5.0,27772
410,796,3.0,27773
410,2756,5.0,27774
410,2561,5.0,27775
410,901,2.0,27776
410,2438,5.0,27777
410,422,1.0,27778
410,2558,4.0,27779
410,279,5.0,27780
410,540,2.0,27781
410,2560,5.0,27782
410,230,3.0,27783
410,280,5.0,27784
410,418,5.0,27785
410,3398,4.0,27786
410,2559,4.0,27787
410,1147,4.0,27788
410,3048,5.0,27789
410,795,4.0,27790
410,536,5.0,27791
410,229,4.0,27792
410,278,4.0,27793
410,1146,5.0,27794
410,538,5.0,27795
410,3399,2.0,27796
410,1383,3.0,27797
410,2850,5.0,27798
410,2730,5.0,27799
410,2744,5.0,27800
410,537,5.0,27801
410,3396,4.0,27802
410,1381,5.0,27803
410,2966,5.0,27804
410,3010,3.0,27805
410,1382,5.0,27806
410,2644,5.0,27807
410,325,4.0,27808
410,2592,5.0,27809
410,2551,5.0,27810
411,6110,5.0,27811
411,3257,5.0,27812
411,1045,5.0,27813
411,1101,5.0,27814
411,4750,5.0,27815
411,4753,5.0,27816
411,4584,2.5,27817
411,931,3.0,27818
411,2548,3.0,27819
411,2492,4.0,27820
411,2850,3.0,27821
411,2230,3.0,27822
411,2849,4.0,27823
411,557,4.0,27824
411,325,4.0,27825
411,1198,4.0,27826
411,2939,5.0,27827
411,2938,5.0,27828
411,2321,4.0,27829
411,4749,3.0,27830
412,5751,5.0,27831
412,2088,5.0,27832
412,510,5.0,27833
412,2096,5.0,27834
412,4405,2.5,27835
412,2863,3.5,27836
412,3561,2.5,27837
412,1028,4.0,27838
412,3593,2.5,27839
412,2903,2.5,27840
412,3409,3.5,27841
412,2485,4.5,27842
412,1790,3.5,27843
412,3633,4.5,27844
412,728,0.5,27845
412,1362,3.0,27846
412,3002,4.5,27847
412,319,3.0,27848
412,2554,4.0,27849
412,1148,3.5,27850
412,1090,3.5,27851
412,2104,3.5,27852
412,796,2.5,27853
412,913,4.5,27854
412,2756,2.5,27855
412,2561,2.5,27856
412,2530,5.0,27857
412,1508,4.5,27858
412,2558,3.5,27859
412,1795,4.5,27860
412,279,3.5,27861
412,3528,4.0,27862
412,2560,4.0,27863
412,339,4.5,27864
412,280,4.0,27865
412,98,3.0,27866
412,418,5.0,27867
412,1216,5.0,27868
412,636,5.0,27869
412,3398,3.5,27870
412,1391,3.5,27871
412,1535,2.5,27872
412,2559,3.0,27873
412,1147,3.0,27874
412,1065,4.0,27875
412,251,5.0,27876
412,1530,4.0,27877
412,536,4.5,27878
412,726,2.5,27879
412,1363,4.0,27880
412,1686,4.5,27881
412,1103,5.0,27882
412,1146,3.5,27883
412,3622,4.0,27884
412,2998,5.0,27885
412,2850,3.0,27886
412,2744,3.5,27887
412,2997,4.5,27888
412,1185,3.5,27889
412,2679,4.0,27890
412,3269,4.0,27891
412,421,4.5,27892
412,2465,4.5,27893
412,1187,4.0,27894
412,1357,4.0,27895
412,3484,2.0,27896
412,2849,3.5,27897
412,3565,4.5,27898
412,1382,4.0,27899
412,1452,4.0,27900
412,2862,5.0,27901
412,1597,4.5,27902
412,1186,4.0,27903
412,2208,4.5,27904
412,2592,4.5,27905
413,5923,5.0,27906
413,2255,5.0,27907
413,1052,5.0,27908
413,3945,5.0,27909
413,4729,3.5,27910
413,4730,4.5,27911
413,5591,2.5,27912
413,5317,3.5,27913
413,4253,5.0,27914
413,6266,2.5,27915
413,2597,3.0,27916
413,293,4.5,27917
413,1860,3.5,27918
413,236,2.5,27919
413,2863,3.0,27920
413,3258,4.0,27921
413,2063,2.0,27922
413,2871,3.0,27923
413,2215,4.0,27924
413,1380,2.5,27925
413,2622,4.0,27926
413,1733,2.5,27927
413,420,3.0,27928
413,3063,3.0,27929
413,1971,3.0,27930
413,2027,2.5,27931
413,1989,3.0,27932
413,1316,4.0,27933
413,1996,4.0,27934
413,2344,3.0,27935
413,958,3.0,27936
413,1028,3.5,27937
413,510,3.5,27938
413,1962,2.5,27939
413,3593,5.0,27940
413,2903,3.0,27941
413,931,3.5,27942
413,2424,4.0,27943
413,922,2.5,27944
413,3176,3.5,27945
413,856,4.0,27946
413,1825,3.0,27947
413,3521,1.0,27948
413,2485,2.5,27949
413,87,1.0,27950
413,118,2.0,27951
413,1790,3.0,27952
413,3114,3.0,27953
413,3449,3.0,27954
413,1875,4.5,27955
413,1002,2.5,27956
413,757,3.5,27957
413,550,3.5,27958
413,2359,1.5,27959
413,2838,5.0,27960
413,2274,1.0,27961
413,2706,1.5,27962
413,1435,2.0,27963
413,2807,4.0,27964
413,285,1.0,27965
413,3147,3.0,27966
413,350,3.0,27967
413,226,3.5,27968
413,3285,3.0,27969
413,616,4.0,27970
413,1836,4.0,27971
413,845,4.0,27972
413,1554,3.0,27973
413,149,2.0,27974
413,172,4.0,27975
413,2191,3.0,27976
413,970,3.0,27977
413,2047,2.5,27978
413,319,1.5,27979
413,259,3.0,27980
413,338,4.0,27981
413,635,3.0,27982
413,1361,2.5,27983
413,2309,4.0,27984
413,174,4.5,27985
413,3106,4.0,27986
413,664,2.0,27987
413,5532,4.0,27988
413,4443,4.0,27989
413,6475,4.0,27990
413,4716,4.0,27991
413,4897,4.0,27992
414,4156,5.0,27993
414,4157,5.0,27994
414,6006,5.0,27995
414,6086,5.0,27996
414,5208,4.0,27997
414,5700,4.0,27998
414,5877,3.5,27999
414,5054,4.0,28000
414,4835,3.5,28001
414,6716,3.5,28002
414,6366,1.5,28003
414,6683,4.0,28004
414,4353,4.0,28005
414,5604,4.0,28006
414,4183,4.0,28007
414,6558,2.5,28008
414,5563,3.5,28009
414,6080,4.0,28010
414,5032,4.0,28011
414,6091,3.5,28012
414,6297,3.0,28013
414,5861,3.5,28014
414,4687,3.0,28015
414,5225,4.0,28016
414,6376,3.5,28017
414,6054,4.0,28018
414,3821,4.0,28019
414,4104,3.5,28020
414,5653,3.0,28021
414,3929,3.5,28022
414,5520,4.0,28023
414,4689,3.5,28024
414,4493,3.0,28025
414,4685,3.0,28026
414,5218,4.0,28027
414,6331,4.0,28028
414,5982,3.0,28029
414,4420,3.0,28030
414,5388,3.0,28031
414,6627,3.0,28032
414,4489,4.5,28033
414,5270,3.5,28034
414,6078,3.0,28035
414,4896,3.5,28036
414,4377,3.0,28037
414,5448,3.5,28038
414,4898,4.5,28039
414,3956,3.5,28040
414,6340,4.0,28041
414,5387,5.0,28042
414,5755,4.5,28043
414,5876,2.5,28044
414,2215,3.5,28045
414,2348,3.5,28046
414,2027,4.0,28047
414,3304,1.5,28048
414,1161,3.5,28049
414,1528,4.0,28050
414,566,3.0,28051
414,2424,4.0,28052
414,3542,2.5,28053
414,3250,4.0,28054
414,3285,3.0,28055
414,574,3.0,28056
414,2322,3.0,28057
414,845,4.5,28058
414,918,2.5,28059
414,2799,3.5,28060
414,3251,3.5,28061
414,3382,3.5,28062
414,1838,4.0,28063
414,846,3.0,28064
414,288,3.5,28065
414,174,4.0,28066
414,3106,3.5,28067
414,2754,3.5,28068
414,744,3.0,28069
414,145,4.0,28070
414,3135,3.0,28071
414,810,3.5,28072
414,3040,4.0,28073
414,3379,4.5,28074
414,1211,3.5,28075
414,111,4.0,28076
414,1434,5.0,28077
414,1016,2.5,28078
414,1795,4.0,28079
414,2024,3.5,28080
414,2088,4.5,28081
414,1820,3.5,28082
414,516,4.5,28083
414,727,2.5,28084
414,424,3.0,28085
414,1390,2.5,28086
414,428,2.5,28087
414,1535,4.0,28088
414,112,4.0,28089
414,847,2.5,28090
414,531,4.5,28091
414,2338,3.0,28092
414,1851,4.0,28093
414,251,4.0,28094
414,1530,2.5,28095
414,726,3.0,28096
414,1712,5.0,28097
414,3222,4.0,28098
414,2595,2.5,28099
414,2971,4.0,28100
414,3090,3.0,28101
414,1363,4.0,28102
414,1686,2.5,28103
414,90,3.5,28104
414,1945,4.0,28105
414,378,5.0,28106
414,1146,3.0,28107
414,2948,5.0,28108
414,3622,5.0,28109
414,3370,4.0,28110
414,1210,4.5,28111
414,1585,3.5,28112
414,790,4.0,28113
414,3003,4.0,28114
414,2744,2.0,28115
414,3211,3.5,28116
414,4719,3.0,28117
415,4749,5.0,28118
415,4750,5.0,28119
415,3365,5.0,28120
415,4785,5.0,28121
415,4779,3.0,28122
415,4780,5.0,28123
415,6086,4.0,28124
415,5533,3.0,28125
415,5032,4.0,28126
415,4461,4.0,28127
415,5877,4.5,28128
415,6607,3.5,28129
415,5318,4.0,28130
415,3795,4.5,28131
415,5415,3.0,28132
415,6467,5.0,28133
415,5434,4.0,28134
415,4610,4.0,28135
415,5893,3.0,28136
415,4970,3.5,28137
415,4969,3.5,28138
415,3887,4.5,28139
415,4967,4.0,28140
415,4975,4.0,28141
415,4489,5.0,28143
415,6575,4.0,28144
415,5324,4.0,28145
415,4025,3.5,28146
415,4157,4.5,28147
415,5173,4.5,28148
415,5171,4.5,28149
415,3838,4.5,28150
415,5700,5.0,28151
415,5526,4.0,28152
415,4788,4.0,28153
415,6113,3.5,28154
415,6634,5.0,28155
415,5563,4.0,28156
415,4263,4.0,28157
415,4604,3.5,28158
415,6618,2.5,28159
415,6313,4.0,28160
415,4670,3.5,28161
415,4037,4.0,28162
415,4606,3.0,28163
415,5797,4.5,28165
415,5145,4.0,28166
415,4880,5.0,28167
415,4956,4.0,28168
415,4383,4.0,28169
415,6159,4.5,28170
415,6677,3.5,28171
415,5532,2.5,28172
415,1860,3.0,28173
415,3593,3.5,28174
415,2903,3.5,28175
415,2648,4.0,28176
415,1278,4.0,28177
415,550,3.5,28178
415,3588,3.5,28179
415,2807,4.5,28180
415,728,2.5,28181
415,1495,3.5,28182
415,574,4.0,28183
415,3378,3.5,28184
415,234,3.0,28185
415,3661,3.5,28186
415,3026,3.5,28187
415,3377,4.5,28188
415,2368,3.0,28189
415,2887,3.5,28190
415,2799,4.0,28191
415,2047,4.5,28192
415,319,4.0,28193
415,1954,1.5,28194
415,2554,4.0,28195
415,3455,3.0,28196
415,865,3.5,28197
415,3382,4.0,28198
415,4819,3.0,28199
415,419,2.5,28200
415,1090,3.0,28201
415,3106,3.5,28202
415,809,3.5,28203
415,2754,4.0,28204
415,512,4.0,28205
415,3397,2.0,28206
415,2756,4.0,28207
415,2561,4.0,28208
415,807,2.5,28209
415,901,1.5,28210
415,2578,2.5,28211
415,2962,2.5,28212
415,844,2.5,28213
415,2438,2.5,28214
415,1033,2.5,28215
415,4686,4.0,28216
415,422,2.5,28217
415,1671,2.5,28218
415,3567,2.5,28219
415,3207,4.0,28220
415,2530,2.5,28221
415,1245,3.0,28222
415,2699,4.0,28223
415,379,2.5,28224
415,2598,2.5,28225
415,718,4.0,28226
415,863,2.5,28227
415,3018,2.5,28228
415,1508,2.5,28229
415,3182,2.5,28230
415,1434,2.5,28231
415,1016,4.5,28232
415,6466,4.0,28233
415,6085,3.5,28234
415,4488,3.5,28235
415,4669,3.5,28236
415,4818,3.0,28237
416,5832,5.0,28238
416,2191,5.0,28239
416,2862,5.0,28240
416,845,5.0,28241
416,4488,2.5,28242
416,319,4.0,28243
416,844,5.0,28244
416,1508,4.0,28245
416,1530,5.0,28246
416,3370,3.0,28247
416,421,3.0,28248
416,3327,5.0,28249
416,2224,3.0,28250
417,6216,5.0,28251
417,6217,5.0,28252
417,6634,5.0,28253
417,4031,5.0,28254
417,6633,4.0,28255
417,4636,5.0,28256
417,4406,2.5,28257
417,5461,3.5,28258
417,5877,5.0,28259
417,4785,4.5,28260
417,6325,5.0,28261
417,3953,4.0,28262
417,4088,5.0,28263
417,6111,5.0,28264
417,6033,4.0,28265
417,5218,4.0,28266
417,4461,4.0,28267
417,4976,3.0,28268
417,6691,3.0,28269
417,6567,2.0,28270
417,4835,3.0,28271
417,5783,2.0,28272
417,6719,2.0,28273
417,6115,3.0,28274
417,5155,3.0,28275
417,4869,3.5,28276
417,4470,2.0,28277
417,6377,4.0,28278
417,5219,4.0,28279
417,6284,3.0,28280
417,4539,5.0,28281
417,6674,3.0,28282
417,4186,3.0,28283
417,4924,3.5,28284
417,6630,4.5,28285
417,5257,3.5,28286
417,6412,1.5,28287
417,5011,4.5,28288
417,5704,5.0,28289
417,5512,3.5,28290
417,6623,3.0,28291
417,4105,4.5,28292
417,4811,3.0,28293
417,4674,3.0,28294
417,5649,3.5,28295
417,3949,4.5,28296
417,4307,5.0,28297
417,6331,4.5,28298
417,4262,3.0,28299
417,4199,2.5,28300
417,5376,3.5,28301
417,6662,2.0,28302
417,4446,1.5,28303
417,5684,2.5,28304
417,6591,2.5,28305
417,4299,2.5,28306
417,5824,2.5,28307
417,6433,2.5,28308
417,4405,2.5,28309
417,2863,2.5,28310
417,1789,3.5,28311
417,2871,4.0,28312
417,2215,5.0,28313
417,3667,3.0,28314
417,2110,2.0,28315
417,2622,3.0,28316
417,3711,2.0,28317
417,3634,2.0,28318
417,1161,3.0,28319
417,3310,1.5,28320
417,1916,1.0,28321
417,1460,3.0,28322
417,1278,4.0,28323
417,1998,2.5,28324
417,2485,4.0,28325
417,494,2.0,28326
417,66,3.0,28327
417,1883,2.0,28328
417,2075,2.0,28329
417,3633,1.0,28330
417,2501,3.5,28331
417,3105,3.0,28332
417,1844,3.5,28333
417,3588,3.0,28334
417,1395,1.0,28335
417,728,3.0,28336
417,764,2.0,28337
417,1362,2.0,28338
417,3354,3.0,28339
417,574,2.0,28340
417,2031,5.0,28341
417,1757,0.5,28342
417,2803,4.0,28343
417,3661,2.0,28344
417,3002,5.0,28345
417,3635,5.0,28346
417,2212,4.0,28347
417,2368,4.0,28348
417,319,3.0,28349
417,3059,2.0,28350
417,2233,5.0,28351
417,886,3.0,28352
417,2676,4.0,28353
417,2502,4.0,28354
417,809,3.5,28355
417,457,5.0,28356
417,1536,4.0,28357
417,938,2.0,28358
417,3620,4.5,28359
417,872,3.0,28360
417,807,1.5,28361
417,844,1.0,28362
417,3036,3.0,28363
417,694,5.0,28364
417,2105,4.5,28365
417,2266,4.0,28366
417,721,3.5,28367
417,885,5.0,28368
417,3035,3.0,28369
417,1972,3.5,28370
417,1600,3.0,28371
417,1449,3.0,28372
417,1047,2.0,28373
417,1024,3.0,28374
417,3057,4.0,28375
417,3678,3.0,28376
417,2959,3.0,28377
417,339,2.0,28378
417,1034,3.5,28379
417,683,2.5,28380
417,1710,3.5,28381
417,4784,3.5,28382
417,4287,3.0,28383
417,5778,3.0,28384
417,4974,3.0,28385
418,6633,5.0,28386
418,6634,5.0,28387
418,4793,5.0,28388
418,4239,5.0,28389
418,4408,4.0,28390
418,3899,4.5,28391
418,4553,5.0,28392
418,5981,4.0,28393
418,4208,3.5,28394
418,5980,2.5,28395
418,1622,2.5,28396
418,1875,2.5,28397
418,2799,2.5,28398
418,2115,4.5,28399
418,1594,4.5,28400
418,209,2.5,28401
418,1941,3.5,28402
418,1907,4.0,28403
418,2770,3.0,28404
418,1420,3.0,28405
418,219,3.0,28406
418,47,4.5,28407
418,3355,2.5,28408
418,2117,5.0,28409
418,2208,4.0,28410
418,667,3.5,28411
418,1837,5.0,28412
418,2000,2.5,28413
418,1342,5.0,28414
418,3327,4.5,28415
418,110,4.5,28416
418,940,4.0,28417
418,607,3.5,28418
418,3134,2.5,28419
418,725,2.5,28420
418,563,4.0,28421
418,1928,3.5,28422
418,2612,2.5,28423
418,232,3.5,28424
418,2569,3.5,28425
418,2715,2.5,28426
418,7,2.5,28427
418,4407,4.0,28428
419,6604,5.0,28429
419,6605,5.0,28430
419,6256,5.0,28431
419,5520,5.0,28432
419,4784,4.0,28433
419,4785,4.5,28434
419,5639,4.5,28435
419,5342,4.0,28436
419,5171,5.0,28437
419,4682,2.5,28438
419,5810,4.0,28439
419,4492,3.5,28440
419,4938,3.5,28441
419,6720,4.5,28442
419,4604,3.0,28443
419,6562,3.5,28444
419,4073,4.0,28445
419,5374,1.0,28446
419,5375,2.5,28447
419,5195,3.0,28448
419,3727,3.0,28449
419,3958,3.5,28450
419,4177,4.0,28451
419,4003,4.0,28452
419,6549,4.5,28453
419,5226,2.5,28454
419,4081,4.0,28455
419,4591,4.0,28456
419,5926,3.5,28457
419,6082,3.0,28458
419,6067,4.5,28459
419,4129,3.5,28460
419,6535,3.0,28461
419,5854,3.0,28462
419,5627,4.0,28463
419,6371,3.0,28464
419,4556,4.0,28465
419,3775,4.5,28466
419,5836,3.5,28467
419,4986,2.0,28468
419,4204,4.0,28469
419,6521,2.5,28470
419,5763,5.0,28471
419,6425,3.0,28472
419,6063,2.5,28473
419,6502,1.5,28474
419,6532,3.0,28475
419,4629,4.0,28476
419,4634,2.5,28477
419,4117,1.5,28478
419,6575,4.5,28479
419,4097,4.0,28480
419,3758,1.0,28481
419,6339,4.0,28482
419,3740,2.5,28483
419,3736,2.5,28484
419,5925,2.5,28485
419,4560,2.5,28486
419,6342,5.0,28487
419,6641,4.0,28488
419,4381,3.0,28489
419,4794,3.5,28490
419,5338,3.5,28491
419,5588,1.0,28492
419,6607,3.5,28493
419,6488,3.5,28494
419,4123,1.0,28495
419,5198,3.5,28496
419,4956,5.0,28497
419,5450,4.5,28498
419,3947,2.0,28499
419,5707,4.5,28500
419,4631,0.5,28501
419,4643,3.5,28502
419,6539,2.0,28503
419,6159,4.5,28504
419,497,4.0,28505
419,4241,3.5,28506
419,6076,2.5,28507
419,6482,5.0,28508
419,6292,4.0,28509
419,4800,4.5,28510
419,6533,1.5,28511
419,3850,3.0,28512
419,6190,4.0,28513
419,1205,1.5,28514
419,4457,0.5,28515
419,808,2.5,28516
419,5328,5.0,28517
419,6643,4.0,28518
419,2501,3.5,28519
419,6305,4.0,28520
419,5329,2.5,28521
419,3144,3.0,28522
419,3499,2.5,28523
419,307,3.5,28524
419,4993,5.0,28525
419,827,3.5,28526
419,1362,3.5,28527
419,6297,3.5,28528
419,6336,1.5,28529
419,1336,1.0,28530
419,4326,2.5,28531
419,1654,4.0,28532
419,6706,4.5,28533
419,3318,0.5,28534
419,1708,2.5,28535
419,2308,3.0,28536
419,234,3.0,28537
419,5615,4.0,28538
419,58,3.5,28539
419,2688,4.0,28540
419,4990,4.0,28541
419,2391,4.0,28542
419,4974,4.0,28543
419,5373,3.5,28544
419,6081,3.5,28545
419,5055,3.0,28546
419,5433,3.0,28547
419,4635,3.0,28548
420,4672,5.0,28549
420,4673,5.0,28550
420,4734,5.0,28551
420,4035,5.0,28552
420,3794,3.5,28553
420,3795,2.5,28554
420,6417,4.0,28555
420,5700,3.5,28556
420,5877,3.5,28557
420,6529,3.5,28558
420,6256,3.0,28559
420,3752,4.0,28560
420,5695,3.5,28561
420,5403,2.5,28562
420,6528,2.5,28563
420,4259,1.0,28564
420,6398,2.0,28565
420,6688,1.0,28566
420,4213,2.0,28567
420,4898,1.0,28568
420,4440,3.5,28569
420,3753,3.0,28570
420,3750,2.0,28571
420,3749,3.5,28572
420,4311,3.0,28573
420,4987,1.5,28574
420,4129,2.5,28575
420,6390,2.0,28576
420,5056,5.0,28577
420,6667,2.0,28578
420,6670,3.0,28579
420,5634,5.0,28580
420,6167,3.0,28581
420,5415,2.0,28582
420,6480,2.0,28583
420,4942,3.0,28584
420,5277,3.0,28585
420,6170,0.5,28586
420,6658,2.5,28587
420,4782,3.5,28588
420,6711,1.5,28589
420,6341,4.0,28590
420,5308,3.0,28591
420,3922,2.0,28592
420,6543,4.0,28593
420,5783,3.0,28594
420,4020,3.0,28595
420,6695,4.0,28596
420,3777,3.5,28597
420,6700,3.5,28598
420,5434,3.5,28599
420,4826,3.5,28600
420,5904,3.0,28601
420,5946,3.0,28602
420,4218,3.5,28603
420,5876,2.5,28604
420,3648,2.5,28605
420,3695,1.5,28606
420,5130,2.5,28607
420,3371,2.0,28608
420,6550,3.0,28609
420,4679,3.0,28610
420,4145,4.5,28611
420,5390,2.0,28612
420,6607,4.0,28613
420,5588,1.0,28614
420,33,3.0,28615
420,4643,3.5,28616
420,4366,3.0,28617
420,5353,3.0,28618
420,4260,3.5,28619
420,3944,2.0,28620
420,5655,3.5,28621
420,6643,0.5,28622
420,5821,3.0,28623
420,4904,3.5,28624
420,4140,3.0,28625
420,4014,2.0,28626
420,5174,3.0,28627
420,2161,2.5,28628
420,5414,3.5,28629
420,5789,3.0,28630
421,5705,5.0,28631
421,2032,5.0,28632
421,2211,5.0,28633
421,3308,5.0,28634
421,5678,3.5,28635
421,1273,3.5,28636
421,2027,1.0,28637
421,3266,3.0,28638
421,958,3.5,28639
421,1161,5.0,28640
421,2903,4.0,28641
421,1741,3.5,28642
421,3244,5.0,28643
421,856,3.5,28644
421,2485,5.0,28645
421,1790,4.0,28646
421,1401,5.0,28647
421,1326,4.0,28648
421,66,4.0,28649
421,1974,5.0,28650
421,1461,2.5,28651
421,3044,3.5,28652
421,2236,3.5,28653
421,2378,3.5,28654
421,287,2.5,28655
421,350,2.5,28656
421,163,4.5,28657
421,1745,4.0,28658
421,226,5.0,28659
421,2736,4.0,28660
421,2898,3.0,28661
421,845,5.0,28662
421,69,4.5,28663
421,102,2.5,28664
421,1656,4.5,28665
421,1507,5.0,28666
421,234,0.5,28667
421,3019,4.5,28668
421,1232,3.5,28669
421,2212,3.5,28670
421,1694,3.5,28671
421,172,4.0,28672
421,2985,5.0,28673
421,2799,4.5,28674
421,2047,4.0,28675
421,319,5.0,28676
421,1746,2.5,28677
421,1492,4.5,28678
421,3382,4.0,28679
421,1354,2.5,28680
421,338,3.5,28681
421,2099,5.0,28682
421,560,5.0,28683
421,1149,2.5,28684
421,3106,2.5,28685
421,2754,5.0,28686
421,3360,5.0,28687
421,2104,5.0,28688
421,457,2.5,28689
421,318,4.5,28690
421,4338,4.0,28691
422,5071,5.0,28692
422,3305,5.0,28693
422,5754,3.0,28694
422,4405,2.5,28695
422,2863,2.5,28696
422,1789,2.5,28697
422,2994,2.5,28698
422,1733,2.5,28699
422,2830,2.5,28700
422,510,2.5,28701
422,566,2.5,28702
422,3593,2.5,28703
422,1741,2.5,28704
422,2485,2.5,28705
422,2509,2.5,28706
422,2527,2.5,28707
422,3428,2.5,28708
422,1326,2.5,28709
422,650,2.5,28710
422,2036,2.5,28711
422,66,2.5,28712
422,1828,2.5,28713
422,1088,2.5,28714
422,3633,2.5,28715
422,2501,2.5,28716
422,2547,2.5,28717
422,2236,2.5,28718
422,287,2.5,28719
422,2857,2.5,28720
422,163,2.5,28721
422,431,2.5,28722
422,1612,2.5,28723
422,1745,2.5,28724
422,1362,2.5,28725
422,1005,2.5,28726
422,226,2.5,28727
422,2681,2.5,28728
422,2915,2.5,28729
422,574,5.0,28730
422,3006,2.5,28731
422,1336,2.5,28732
422,1836,5.0,28733
422,845,2.5,28734
422,102,2.5,28735
422,2205,2.5,28736
422,3019,2.5,28737
422,3002,2.5,28738
422,1554,2.5,28739
422,2891,2.5,28740
422,3654,2.5,28741
422,2212,2.5,28742
422,2368,2.5,28743
422,2047,2.5,28744
422,319,2.5,28745
422,1954,2.5,28746
422,2554,2.5,28747
422,211,2.5,28748
422,1746,2.5,28749
422,5837,4.0,28750
422,6249,3.5,28751
422,6468,3.5,28752
423,6243,5.0,28753
423,4784,3.0,28754
423,5876,2.5,28755
423,2215,3.5,28756
423,652,4.0,28757
423,2799,4.0,28758
423,2948,4.0,28759
423,2567,5.0,28760
423,4678,3.5,28761
424,6296,5.0,28762
424,5876,2.5,28763
424,5678,4.0,28764
425,3835,5.0,28765
425,2730,5.0,28766
425,2559,5.0,28767
425,279,5.0,28768
425,5460,2.5,28769
425,1789,1.0,28770
425,1996,5.0,28771
425,3121,4.0,28772
425,2648,3.5,28773
425,498,4.0,28774
425,2526,4.0,28775
425,3541,0.5,28776
425,728,3.0,28777
425,1523,1.0,28778
425,2919,2.0,28779
425,2554,3.5,28780
425,1148,3.5,28781
425,2445,0.5,28782
425,2228,3.5,28783
425,382,0.5,28784
425,3397,2.5,28785
425,1584,1.0,28786
425,796,1.5,28787
425,2756,4.0,28788
425,2561,3.0,28789
425,3410,3.5,28790
425,901,2.5,28791
425,3540,2.0,28792
425,1033,1.5,28793
425,3286,3.5,28794
425,3699,4.5,28795
425,2398,2.0,28796
425,2558,1.0,28797
425,2444,3.0,28798
425,2560,5.0,28799
425,244,4.0,28800
425,3539,3.0,28801
425,3190,0.5,28802
425,230,1.5,28803
425,1350,2.5,28804
425,727,3.5,28805
425,280,5.0,28806
425,1469,0.5,28807
425,3398,3.0,28808
425,1147,1.0,28809
425,536,4.5,28810
425,330,4.0,28811
425,726,3.5,28812
425,371,2.0,28813
425,1146,5.0,28814
425,2731,3.5,28815
425,3399,2.5,28816
425,1484,3.5,28817
425,1711,4.0,28818
425,2744,3.5,28819
425,3396,3.5,28820
425,1770,4.0,28821
425,1483,4.0,28822
425,2849,5.0,28823
425,2553,2.5,28824
425,3011,4.0,28825
425,2552,5.0,28826
425,2551,4.5,28827
425,200,4.5,28828
425,975,4.5,28829
425,5678,3.0,28830
426,5889,5.0,28831
426,4156,3.0,28832
426,996,4.0,28833
426,85,3.0,28834
426,1065,3.5,28835
426,531,2.5,28836
426,2705,4.0,28837
426,1530,4.0,28838
426,1753,4.0,28839
426,2948,2.0,28840
426,3370,3.5,28841
426,2953,3.0,28842
426,1003,2.5,28843
426,2465,5.0,28844
426,3202,3.0,28845
426,2966,4.0,28846
426,1709,3.5,28847
426,30,4.0,28848
426,2859,2.5,28849
426,2907,5.0,28850
426,1873,3.5,28851
426,2745,3.5,28852
426,63,2.0,28853
426,1755,4.0,28854
426,2809,3.0,28855
426,1272,3.5,28856
426,3151,2.0,28857
426,2290,3.5,28858
426,975,3.0,28859
426,2,5.0,28860
426,1115,5.0,28861
426,3420,4.5,28862
426,2342,3.0,28863
426,2410,5.0,28864
426,1529,3.5,28865
426,2755,3.0,28866
426,3612,3.5,28867
426,1904,2.5,28868
426,2206,2.0,28869
426,725,4.5,28870
426,2586,3.0,28871
426,2392,3.0,28872
426,2687,1.5,28873
426,7,5.0,28874
426,3716,4.0,28875
426,6633,3.5,28876
426,5751,3.5,28877
426,4407,3.0,28878
427,4352,5.0,28879
427,725,5.0,28880
427,2208,5.0,28881
427,3174,5.0,28882
427,6633,4.0,28883
427,5782,2.5,28884
427,2110,5.0,28885
427,226,5.0,28886
427,616,4.0,28887
427,845,2.5,28888
427,1914,5.0,28889
427,319,2.5,28890
427,3106,2.5,28891
427,844,2.5,28892
427,384,5.0,28893
427,1600,2.5,28894
427,1508,2.5,28895
427,279,2.5,28896
427,280,2.5,28897
427,1576,5.0,28898
427,1535,2.5,28899
427,284,2.5,28900
427,1530,2.5,28901
427,1103,2.5,28902
427,3269,2.5,28903
427,1348,2.5,28904
427,1422,4.0,28905
427,47,2.5,28906
427,3565,2.5,28907
427,899,2.5,28908
427,2,2.5,28909
427,3327,2.5,28910
427,1115,2.5,28911
427,2687,2.5,28912
427,6565,3.5,28913
428,3452,5.0,28914
428,5832,4.0,28915
428,2871,3.5,28916
428,3225,2.5,28917
428,1733,5.0,28918
428,3561,4.5,28919
428,1957,4.0,28920
428,566,4.0,28921
428,3095,3.5,28922
428,2485,4.0,28923
428,1790,4.0,28924
428,66,4.0,28925
428,1974,4.0,28926
428,2236,3.5,28927
428,365,3.5,28928
428,652,4.0,28929
428,1612,3.5,28930
428,99,3.0,28931
428,1745,3.0,28932
428,3285,4.5,28933
428,1053,3.5,28934
428,574,4.5,28935
428,1836,3.0,28936
428,835,2.5,28937
428,69,4.0,28938
428,1095,4.0,28939
428,2212,4.0,28940
428,3026,4.0,28941
428,2191,4.5,28942
428,2047,4.0,28943
428,259,3.0,28944
428,941,4.0,28945
428,1838,4.5,28946
428,348,5.0,28947
428,469,4.0,28948
428,1545,3.0,28949
428,1356,4.0,28950
428,560,3.5,28951
428,2676,4.0,28952
428,706,3.5,28953
428,174,4.5,28954
428,1090,4.0,28955
428,3360,3.5,28956
428,2104,3.0,28957
428,1969,4.0,28958
428,624,4.0,28959
428,872,3.0,28960
428,2468,4.5,28961
428,3460,4.0,28962
428,145,5.0,28963
428,3135,4.0,28964
428,3669,3.5,28965
428,913,4.5,28966
428,2756,4.0,28967
428,2991,3.5,28968
428,2561,3.5,28969
428,1578,3.5,28970
428,2578,2.5,28971
428,5903,4.0,28972
428,4190,3.5,28973
428,3970,3.0,28974
429,5460,2.5,28975
429,1789,3.5,28976
429,1556,3.5,28977
429,931,2.5,28978
429,1346,5.0,28979
429,2088,5.0,28980
429,3422,4.0,28981
429,636,4.0,28982
429,222,5.0,28983
429,1065,4.0,28984
429,2571,3.5,28985
429,2829,4.0,28986
429,2731,4.0,28987
429,8,4.0,28988
429,2828,5.0,28989
429,1185,4.0,28990
429,2317,3.5,28991
429,2679,4.0,28992
429,1184,4.0,28993
429,1348,1.0,28994
429,1187,5.0,28995
429,1297,3.0,28996
429,1188,5.0,28997
429,3206,4.0,28998
429,1186,5.0,28999
429,1190,5.0,29000
429,1755,3.0,29001
429,1183,5.0,29002
429,1189,5.0,29003
429,3327,4.0,29004
429,2410,4.0,29005
429,3261,4.0,29006
430,4352,5.0,29007
430,3794,4.0,29008
430,6319,2.5,29009
430,2658,4.0,29010
430,2110,3.0,29011
430,306,5.0,29012
430,2485,3.5,29013
430,3059,2.0,29014
430,2756,5.0,29015
430,694,4.0,29016
430,2558,4.0,29017
430,2088,5.0,29018
430,339,4.5,29019
430,2559,3.0,29020
430,1829,3.0,29021
430,3710,4.0,29022
430,1427,5.0,29023
430,2731,4.0,29024
430,5473,4.0,29025
430,6083,3.0,29026
431,5678,2.5,29027
431,1996,4.0,29028
431,2088,5.0,29029
431,1780,5.0,29030
432,4352,5.0,29031
432,616,5.0,29032
432,1829,4.5,29033
432,1383,5.0,29034
432,1381,4.0,29035
432,1382,5.0,29036
432,1284,5.0,29037
433,6270,5.0,29038
433,5837,4.0,29039
433,4460,2.5,29040
433,1028,2.5,29041
433,3454,2.5,29042
433,6358,4.0,29043
433,5754,3.5,29044
433,5463,3.0,29045
434,5832,5.0,29046
434,4460,2.5,29047
434,1015,2.0,29048
434,2215,4.0,29049
434,2806,3.5,29050
434,903,4.5,29051
434,3561,3.5,29052
434,510,3.5,29053
434,2978,3.5,29054
434,2191,3.5,29055
434,2195,3.5,29056
434,2911,4.0,29057
434,1940,3.0,29058
434,1464,2.5,29059
434,1219,3.0,29060
434,1764,3.5,29061
434,3136,3.5,29062
434,3297,3.5,29063
434,1174,3.0,29064
434,725,3.0,29065
434,3228,4.0,29066
434,4289,3.5,29067
435,4774,5.0,29068
435,1115,5.0,29069
435,3261,5.0,29070
435,2410,5.0,29071
435,4405,2.5,29072
435,2863,3.5,29073
435,2994,3.0,29074
435,3711,3.5,29075
435,1733,4.5,29076
435,1825,4.0,29077
435,3172,3.5,29078
435,3689,2.0,29079
435,1828,3.0,29080
435,1362,3.0,29081
435,337,3.5,29082
435,2834,4.0,29083
435,3661,3.0,29084
435,319,2.0,29085
435,1819,4.0,29086
435,1954,3.5,29087
435,1900,2.5,29088
435,3059,2.5,29089
435,2233,4.0,29090
435,158,2.0,29091
435,288,3.0,29092
435,886,3.0,29093
435,3242,2.5,29094
435,792,2.5,29095
435,3438,4.5,29096
435,879,3.0,29097
435,1961,4.0,29098
435,2578,2.0,29099
435,844,3.5,29100
435,1671,3.0,29101
435,2257,3.0,29102
435,3421,2.0,29103
435,3207,4.0,29104
435,2325,2.5,29105
435,885,4.0,29106
435,3035,2.0,29107
435,2043,2.5,29108
435,3423,2.5,29109
435,1449,3.5,29110
435,1047,3.0,29111
435,2677,2.5,29112
435,3182,3.0,29113
435,1434,3.5,29114
435,759,2.5,29115
435,2024,2.5,29116
435,2088,4.0,29117
435,156,3.5,29118
435,1737,3.0,29119
435,2959,3.5,29120
435,1132,4.0,29121
435,3422,4.0,29122
435,1262,2.5,29123
435,1999,3.5,29124
435,3034,3.0,29125
436,3869,5.0,29126
436,3371,4.0,29127
436,3285,3.0,29128
436,5837,4.0,29129
437,5837,5.0,29130
437,2195,5.0,29131
437,2126,5.0,29132
437,4678,2.5,29133
437,1028,2.5,29134
437,130,4.0,29135
437,3231,5.0,29136
437,287,2.5,29137
437,652,2.5,29138
437,3285,2.5,29139
437,2191,5.0,29140
437,2368,2.5,29141
437,2799,5.0,29142
437,2047,2.5,29143
437,319,2.5,29144
437,211,5.0,29145
437,1492,2.5,29146
437,3382,2.5,29147
437,3106,2.5,29148
437,3460,2.5,29149
437,913,5.0,29150
437,807,2.5,29151
437,2924,2.5,29152
437,3379,2.5,29153
437,2996,5.0,29154
437,2909,2.5,29155
437,2024,2.5,29156
437,2088,5.0,29157
437,3054,2.5,29158
437,2911,5.0,29159
437,1390,5.0,29160
437,1535,2.5,29161
437,3256,2.5,29162
437,531,2.5,29163
437,2572,2.5,29164
437,3062,2.5,29165
437,1833,2.5,29166
437,2948,2.5,29167
437,1210,2.5,29168
437,3430,5.0,29169
437,125,5.0,29170
437,790,2.5,29171
437,206,5.0,29172
437,1548,5.0,29173
437,1853,5.0,29174
437,1185,2.5,29175
437,949,2.5,29176
437,1187,2.5,29177
437,3522,2.5,29178
437,666,2.5,29179
437,3484,2.5,29180
437,1709,5.0,29181
437,1188,2.5,29182
437,2253,2.5,29183
437,1952,2.5,29184
437,2862,5.0,29185
437,2080,2.5,29186
437,1186,2.5,29187
437,501,2.5,29188
437,1280,2.5,29189
437,1190,2.5,29190
437,2462,2.5,29191
437,1755,2.5,29192
437,1490,5.0,29193
437,299,4.0,29194
437,899,2.5,29195
437,1489,5.0,29196
437,1620,2.5,29197
438,5527,5.0,29198
438,1853,5.0,29199
438,803,5.0,29200
438,1216,5.0,29201
438,5757,2.5,29202
438,2097,1.0,29203
438,2871,3.5,29204
438,2215,5.0,29205
438,573,5.0,29206
438,1790,3.5,29207
438,350,3.0,29208
438,3019,5.0,29209
438,2104,4.0,29210
438,1671,5.0,29211
438,3207,5.0,29212
438,1600,4.0,29213
438,17,4.0,29214
438,1431,5.0,29215
438,1508,5.0,29216
438,1434,5.0,29217
438,3503,5.0,29218
438,1726,5.0,29219
438,1795,4.0,29220
438,3054,4.5,29221
438,279,5.0,29222
438,3528,3.0,29223
438,452,3.5,29224
438,1792,3.5,29225
438,2340,4.5,29226
438,280,5.0,29227
438,98,2.0,29228
438,418,4.0,29229
438,636,4.0,29230
438,1391,4.0,29231
438,1535,4.0,29232
438,2559,5.0,29233
438,1147,4.0,29234
438,284,4.0,29235
438,531,5.0,29236
438,106,5.0,29237
438,1530,5.0,29238
438,3691,5.0,29239
438,1363,5.0,29240
438,3366,3.5,29241
438,1146,5.0,29242
438,2948,5.0,29243
438,3622,4.0,29244
438,3370,4.0,29245
438,1953,5.0,29246
438,1210,3.0,29247
438,3174,3.5,29248
438,3180,2.5,29249
438,2574,3.5,29250
438,834,4.0,29251
438,3269,4.0,29252
438,2629,5.0,29253
438,421,4.5,29254
438,2402,5.0,29255
438,1348,5.0,29256
438,6664,4.0,29257
438,6696,3.5,29258
439,5678,5.0,29259
439,5876,2.5,29260
439,2215,5.0,29261
439,2423,5.0,29262
439,1996,5.0,29263
439,1028,4.0,29264
439,1517,5.0,29265
439,33,0.5,29266
439,1974,0.5,29267
439,3364,5.0,29268
439,1362,4.0,29269
439,574,2.0,29270
439,3002,3.5,29271
439,2191,0.5,29272
439,2368,3.0,29273
439,1090,2.5,29274
439,3106,3.5,29275
439,2104,3.5,29276
439,318,3.0,29277
439,1969,5.0,29278
439,3438,5.0,29279
439,3669,3.5,29280
439,2530,4.0,29281
439,1434,4.5,29282
439,1795,5.0,29283
439,2088,5.0,29284
439,3528,5.0,29285
439,2560,4.0,29286
439,452,3.5,29287
439,339,3.5,29288
439,98,4.0,29289
439,418,4.0,29290
439,1216,5.0,29291
439,636,4.0,29292
439,1391,3.5,29293
439,284,4.0,29294
439,1065,4.0,29295
439,2571,2.5,29296
439,251,2.0,29297
439,1530,5.0,29298
439,1363,4.0,29299
439,1146,4.0,29300
439,3622,5.0,29301
439,2998,5.0,29302
439,2828,2.5,29303
439,790,4.5,29304
439,3174,3.5,29305
439,2997,5.0,29306
439,2679,4.0,29307
439,1348,4.0,29308
439,1276,4.0,29309
439,2465,5.0,29310
439,273,3.5,29311
439,3522,4.0,29312
439,666,4.0,29313
439,2849,3.0,29314
439,3565,4.0,29315
439,2253,5.0,29316
439,3192,5.0,29317
439,551,4.0,29318
439,667,5.0,29319
439,3011,4.0,29320
439,2462,5.0,29321
439,1755,4.0,29322
439,12,4.0,29323
439,2141,5.0,29324
439,31,3.5,29325
439,3065,5.0,29326
439,1845,4.0,29327
439,1559,4.0,29328
439,2461,4.0,29329
439,2,3.0,29330
439,3097,5.0,29331
439,3327,5.0,29332
440,6690,2.5,29333
440,3667,2.5,29334
440,3711,2.0,29335
440,1996,5.0,29336
440,2903,3.0,29337
440,1517,2.5,29338
440,2648,2.5,29339
440,1825,4.0,29340
440,2485,5.0,29341
440,87,1.0,29342
440,3428,4.0,29343
440,650,0.5,29344
440,2526,1.0,29345
440,3588,3.0,29346
440,287,0.5,29347
440,163,2.5,29348
440,1395,0.5,29349
440,1612,1.0,29350
440,1362,2.5,29351
440,1005,3.5,29352
440,226,5.0,29353
440,574,4.5,29354
440,3006,2.5,29355
440,2212,2.0,29356
440,2191,2.0,29357
440,2368,3.0,29358
440,319,4.0,29359
440,1819,3.0,29360
440,211,1.0,29361
440,1746,1.0,29362
440,288,1.0,29363
440,277,2.5,29364
440,2676,2.5,29365
440,3106,1.5,29366
440,809,3.5,29367
440,3620,1.5,29368
440,3397,2.5,29369
440,796,4.0,29370
440,2561,1.5,29371
440,3410,2.5,29372
440,2578,2.0,29373
440,1606,3.0,29374
440,3567,4.0,29375
440,1160,3.5,29376
440,176,3.5,29377
440,2598,4.0,29378
440,1047,5.0,29379
440,2558,3.0,29380
440,3447,5.0,29381
440,2167,0.5,29382
440,279,4.0,29383
440,2444,0.5,29384
440,540,0.5,29385
440,376,1.5,29386
440,2244,1.0,29387
440,683,2.5,29388
440,1820,3.5,29389
440,727,2.5,29390
440,3034,0.5,29391
440,280,4.0,29392
440,418,3.0,29393
440,3656,2.0,29394
440,3398,1.5,29395
440,1391,2.5,29396
440,3256,1.5,29397
440,2882,2.0,29398
440,2559,3.0,29399
440,3660,3.0,29400
440,531,2.5,29401
440,2338,2.0,29402
440,795,3.0,29403
440,1829,2.5,29404
440,1530,5.0,29405
441,6354,5.0,29406
441,4405,2.5,29407
441,2863,3.5,29408
441,2871,3.0,29409
441,1273,3.5,29410
441,3667,2.0,29411
441,2423,3.0,29412
441,2110,3.5,29413
441,210,3.0,29414
441,2994,3.5,29415
441,3634,3.5,29416
441,1733,2.5,29417
441,903,3.5,29418
441,3561,4.5,29419
441,1161,5.0,29420
441,2132,3.0,29421
441,3527,3.5,29422
441,3409,3.5,29423
441,2485,3.0,29424
441,3633,4.0,29425
441,365,4.0,29426
441,226,4.0,29427
441,574,5.0,29428
441,3006,2.5,29429
441,1757,1.5,29430
441,234,1.5,29431
441,3661,2.5,29432
441,1954,2.5,29433
441,469,5.0,29434
441,783,2.5,29435
441,1235,2.5,29436
441,792,2.5,29437
441,2418,2.5,29438
441,1976,2.5,29439
441,3341,2.5,29440
441,43,2.5,29441
441,947,2.5,29442
441,3073,2.0,29443
441,913,5.0,29444
441,1111,2.5,29445
441,2561,2.5,29446
441,3032,2.5,29447
441,807,2.5,29448
441,3607,2.5,29449
441,3410,2.5,29450
441,879,2.5,29451
441,731,2.5,29452
441,610,2.5,29453
441,1218,2.5,29454
441,3036,2.5,29455
441,2924,2.5,29456
441,1341,2.5,29457
441,3421,2.5,29458
441,2816,2.5,29459
441,1968,3.5,29460
441,2861,2.5,29461
441,2699,2.0,29462
441,3035,2.5,29463
441,4565,4.0,29464
441,5435,3.0,29465
442,4565,5.0,29466
442,913,5.0,29467
442,2224,5.0,29468
442,3327,5.0,29469
442,4678,2.5,29470
442,1028,2.5,29471
442,3593,2.5,29472
442,2104,2.5,29473
442,3669,2.5,29474
442,1795,2.5,29475
442,376,2.5,29476
442,98,2.5,29477
442,1391,2.5,29478
442,1065,2.5,29479
442,2746,2.5,29480
442,666,2.5,29481
442,2384,2.5,29482
442,3259,2.5,29483
442,3305,2.5,29484
443,5217,5.0,29485
443,1535,5.0,29486
443,6266,2.5,29487
443,2264,2.5,29488
443,1460,3.5,29489
443,130,4.0,29490
443,5837,4.0,29491
443,6699,4.0,29492
443,4124,3.0,29493
443,5699,3.0,29494
444,1662,5.0,29495
444,2656,5.0,29496
444,4656,2.5,29497
444,997,2.5,29498
444,573,2.5,29499
444,1028,2.5,29500
444,3593,2.5,29501
444,824,2.5,29502
444,752,2.5,29503
444,33,2.5,29504
444,922,2.5,29505
444,2485,2.5,29506
444,1974,2.5,29507
444,3541,2.5,29508
444,3529,2.5,29509
444,1217,2.5,29510
444,3458,2.5,29511
444,1612,2.5,29512
444,99,2.5,29513
444,3302,2.5,29514
444,1073,2.5,29515
444,249,2.5,29516
444,234,2.5,29517
444,942,2.5,29518
444,3002,2.5,29519
444,480,2.5,29520
444,996,2.5,29521
444,3440,2.5,29522
444,2368,2.5,29523
444,319,2.5,29524
444,1954,2.5,29525
444,2554,2.5,29526
444,2937,2.5,29527
444,85,2.5,29528
444,886,2.5,29529
444,2676,2.5,29530
444,382,2.5,29531
444,2502,2.5,29532
444,706,2.5,29533
444,3106,2.5,29534
444,318,2.5,29535
444,2227,2.5,29536
444,796,2.5,29537
444,1850,2.5,29538
444,947,2.5,29539
444,2722,2.5,29540
444,2756,2.5,29541
444,3478,2.5,29542
444,1728,2.5,29543
444,1182,2.5,29544
444,2561,2.5,29545
444,3032,2.5,29546
444,1194,2.5,29547
444,879,2.5,29548
445,3886,5.0,29549
445,251,5.0,29550
445,1712,5.0,29551
445,2088,5.0,29552
445,4460,2.5,29553
445,2871,5.0,29554
445,2215,3.5,29555
445,1733,4.0,29556
445,2027,4.5,29557
445,3561,3.0,29558
445,510,3.5,29559
445,3593,5.0,29560
445,2903,2.5,29561
445,2648,2.5,29562
445,33,3.5,29563
445,931,3.0,29564
445,2485,4.0,29565
445,3576,4.0,29566
445,1974,4.0,29567
445,652,4.0,29568
445,3285,3.0,29569
445,574,3.0,29570
445,616,2.5,29571
445,845,5.0,29572
445,2047,4.0,29573
445,319,3.0,29574
445,2554,2.5,29575
445,277,3.0,29576
445,1090,2.0,29577
445,512,3.0,29578
445,1969,2.0,29579
445,3438,4.0,29580
445,913,5.0,29581
445,2756,4.5,29582
445,2561,4.0,29583
445,844,4.5,29584
445,1431,4.0,29585
445,1508,4.0,29586
445,1434,3.0,29587
445,1795,5.0,29588
445,2024,3.0,29589
445,279,5.0,29590
445,3528,4.0,29591
445,2560,4.0,29592
445,280,5.0,29593
445,224,2.5,29594
445,1216,5.0,29595
445,428,4.0,29596
445,1065,4.0,29597
445,1530,3.0,29598
445,2466,3.5,29599
445,1369,4.0,29600
445,1103,5.0,29601
445,1146,4.0,29602
445,2948,3.0,29603
445,3622,5.0,29604
445,3370,4.0,29605
445,2998,5.0,29606
445,1210,3.0,29607
445,2213,5.0,29608
445,790,4.0,29609
445,3269,5.0,29610
445,1348,4.0,29611
445,2465,5.0,29612
445,273,3.0,29613
445,1357,5.0,29614
445,666,4.0,29615
445,47,3.0,29616
445,2849,5.0,29617
445,3565,5.0,29618
445,1382,5.0,29619
445,1952,5.0,29620
445,3703,3.0,29621
445,2862,4.0,29622
445,5386,4.0,29623
446,624,4.0,29624
446,3000,5.0,29625
446,2999,5.0,29626
446,2998,5.0,29627
446,1115,4.0,29628
447,5694,5.0,29629
447,2024,5.0,29630
447,4,5.0,29631
447,2027,5.0,29632
447,3203,4.0,29633
447,2602,4.5,29634
447,771,3.5,29635
447,2215,5.0,29636
447,770,4.0,29637
447,1733,5.0,29638
447,573,5.0,29639
447,3561,4.0,29640
447,2830,2.5,29641
447,1028,3.5,29642
447,1957,4.5,29643
447,1605,3.5,29644
447,663,1.5,29645
447,3593,3.0,29646
447,752,3.5,29647
447,2674,4.5,29648
447,2648,3.0,29649
447,931,4.0,29650
447,1243,3.5,29651
447,983,3.0,29652
447,3409,3.0,29653
447,2485,5.0,29654
447,3576,4.0,29655
447,2853,4.0,29656
447,1974,3.0,29657
447,2037,5.0,29658
447,3529,2.5,29659
447,3169,5.0,29660
447,3364,5.0,29661
447,3454,4.0,29662
447,728,3.5,29663
447,1701,4.0,29664
447,1613,5.0,29665
447,1005,4.0,29666
447,270,5.0,29667
447,2898,3.0,29668
447,1836,3.0,29669
447,477,3.5,29670
447,845,5.0,29671
447,2365,2.5,29672
447,217,3.0,29673
448,5421,5.0,29674
448,6307,2.5,29675
448,3290,3.0,29676
448,2215,4.0,29677
448,1249,3.0,29678
448,691,3.0,29679
448,3224,3.0,29680
448,2994,3.0,29681
448,1733,4.5,29682
448,573,3.5,29683
448,2027,4.0,29684
448,1989,4.0,29685
448,80,2.0,29686
448,1161,5.0,29687
448,510,3.0,29688
448,931,3.0,29689
448,2485,3.5,29690
448,913,5.0,29691
448,3370,4.0,29692
448,3097,4.0,29693
448,2864,4.0,29694
448,71,4.0,29695
448,4565,4.0,29696
449,4954,5.0,29697
449,1276,5.0,29698
449,845,5.0,29699
449,1065,5.0,29700
449,5210,3.0,29701
449,6307,2.5,29702
449,3290,2.5,29703
449,2258,4.0,29704
449,2215,4.5,29705
449,2103,3.0,29706
449,1249,3.0,29707
449,1092,4.0,29708
449,997,1.5,29709
449,3711,3.0,29710
449,3239,2.5,29711
449,420,3.0,29712
449,3063,4.0,29713
449,1996,4.5,29714
449,3071,3.5,29715
449,1161,4.5,29716
449,510,2.5,29717
449,566,3.0,29718
449,1029,3.0,29719
449,3593,4.0,29720
449,2903,3.5,29721
449,2506,1.5,29722
449,1684,2.5,29723
449,2648,4.0,29724
449,1517,3.0,29725
449,867,2.5,29726
449,4,4.0,29727
449,1278,3.0,29728
449,2623,3.0,29729
449,1588,2.0,29730
449,498,3.5,29731
449,983,3.0,29732
449,1478,3.0,29733
449,1825,2.5,29734
449,3521,2.5,29735
449,2485,4.5,29736
449,1603,3.0,29737
449,1982,3.5,29738
449,630,2.5,29739
449,737,2.0,29740
449,1790,3.0,29741
449,1197,2.5,29742
449,650,3.0,29743
449,1002,2.5,29744
449,3651,1.5,29745
449,66,3.5,29746
449,2526,2.5,29747
449,1883,3.0,29748
449,3541,2.5,29749
449,1088,3.5,29750
449,2501,2.5,29751
449,3183,1.0,29752
449,2706,2.0,29753
449,3364,3.0,29754
449,1435,2.0,29755
449,163,3.0,29756
449,728,3.0,29757
449,3458,1.5,29758
449,3491,2.5,29759
449,99,3.0,29760
449,1362,3.5,29761
449,3282,1.5,29762
449,1323,2.0,29763
449,2930,1.5,29764
449,121,3.0,29765
449,1094,2.0,29766
449,1836,3.0,29767
449,3674,2.0,29768
449,2002,2.5,29769
450,5210,5.0,29770
450,5197,2.5,29771
451,2026,3.5,29772
451,1395,3.0,29773
451,1362,2.0,29774
451,337,3.5,29775
451,845,3.0,29776
451,234,2.5,29777
451,3387,4.5,29778
451,2212,4.0,29779
451,2368,3.5,29780
451,319,2.5,29781
451,211,3.0,29782
451,3059,2.5,29783
451,2502,2.0,29784
451,792,2.0,29785
451,2227,3.0,29786
451,3316,3.5,29787
451,3501,2.0,29788
451,2918,4.0,29789
451,3035,2.0,29790
451,176,3.5,29791
451,42,1.0,29792
451,3423,3.5,29793
451,2598,2.0,29794
451,1600,4.5,29795
451,1706,4.0,29796
451,2677,1.0,29797
451,1434,3.5,29798
451,3584,4.0,29799
451,138,1.0,29800
451,995,3.5,29801
451,3422,4.0,29802
451,3034,2.5,29803
451,1748,4.0,29804
451,2596,2.5,29805
451,1391,2.5,29806
451,531,3.5,29807
451,106,4.5,29808
451,1530,3.5,29809
451,1907,4.0,29810
451,3021,3.0,29811
451,2595,2.5,29812
451,1749,3.0,29813
451,1363,3.0,29814
451,2073,3.0,29815
451,3690,3.0,29816
451,3102,3.0,29817
451,430,4.5,29818
451,3370,4.5,29819
451,3663,3.0,29820
451,2828,3.5,29821
451,2492,3.0,29822
451,2997,4.0,29823
451,2679,2.5,29824
452,4635,5.0,29825
452,975,5.0,29826
452,1952,5.0,29827
452,2952,3.0,29828
452,3593,3.0,29829
452,33,3.5,29830
452,498,4.5,29831
452,2485,4.5,29832
452,3334,2.5,29833
452,3529,3.5,29834
452,431,3.0,29835
452,1336,2.0,29836
452,3614,5.0,29837
452,211,4.0,29838
452,703,4.0,29839
452,2104,3.0,29840
452,512,3.5,29841
452,1631,5.0,29842
452,3135,4.0,29843
452,694,3.0,29844
452,462,3.0,29845
452,227,4.0,29846
452,2861,4.5,29847
452,2503,4.0,29848
452,3707,3.0,29849
452,3018,4.0,29850
452,1434,5.0,29851
452,1795,4.0,29852
452,2088,4.0,29853
452,2024,5.0,29854
452,3054,4.0,29855
452,582,5.0,29856
452,1648,5.0,29857
452,3528,2.0,29858
452,376,2.0,29859
452,1792,4.0,29860
452,1157,3.5,29861
452,727,3.0,29862
452,623,4.0,29863
452,224,4.0,29864
452,1216,5.0,29865
452,18,3.0,29866
452,3427,3.0,29867
452,847,3.0,29868
452,1604,3.5,29869
452,1065,4.0,29870
452,2571,2.0,29871
452,2743,3.0,29872
452,251,5.0,29873
452,3205,1.0,29874
452,1293,3.0,29875
452,726,3.0,29876
452,3222,3.5,29877
452,2971,5.0,29878
452,1562,4.0,29879
452,2616,3.0,29880
452,1686,5.0,29881
452,3366,5.0,29882
452,1369,4.0,29883
453,5170,5.0,29884
453,1489,5.0,29885
453,1600,5.0,29886
453,5236,2.5,29887
453,2871,3.5,29888
453,2215,4.5,29889
453,3667,1.5,29890
453,34,4.0,29891
453,2057,0.5,29892
453,1733,4.0,29893
453,573,4.5,29894
453,2027,5.0,29895
453,3561,3.0,29896
453,2830,1.5,29897
453,1028,3.0,29898
453,1957,3.0,29899
453,510,3.5,29900
453,3593,2.5,29901
453,1517,3.0,29902
453,2648,2.5,29903
453,33,3.5,29904
453,1460,0.5,29905
453,931,4.0,29906
453,1741,2.0,29907
453,1278,0.5,29908
453,2424,4.5,29909
453,856,2.5,29910
453,498,2.5,29911
453,2487,4.5,29912
453,1825,1.5,29913
453,2485,2.5,29914
453,1107,2.5,29915
453,1790,3.5,29916
453,650,1.0,29917
453,3689,0.5,29918
453,2526,2.5,29919
453,550,1.5,29920
453,1974,3.5,29921
453,2075,1.5,29922
453,1461,3.5,29923
453,2366,0.5,29924
453,2706,0.5,29925
453,3364,5.0,29926
453,3053,5.0,29927
453,2547,1.5,29928
453,1435,1.0,29929
453,3231,3.5,29930
453,3652,2.5,29931
453,652,3.0,29932
453,287,0.5,29933
453,137,0.5,29934
453,350,3.0,29935
453,3458,2.0,29936
453,99,2.0,29937
453,1005,4.0,29938
453,2834,4.5,29939
453,226,3.5,29940
453,3285,4.0,29941
453,876,5.0,29942
453,121,0.5,29943
453,3006,2.5,29944
453,845,3.0,29945
453,6243,4.0,29946
454,4635,5.0,29947
454,975,5.0,29948
454,930,5.0,29949
454,6068,3.5,29950
454,5876,2.5,29951
454,2215,4.5,29952
454,1733,4.5,29953
454,2027,4.5,29954
454,3561,4.5,29955
454,2424,4.0,29956
454,87,2.0,29957
454,3633,3.5,29958
454,2807,4.0,29959
454,1745,3.5,29960
454,1005,4.5,29961
454,226,3.0,29962
454,1555,4.0,29963
454,3654,3.5,29964
454,2368,2.5,29965
454,319,3.5,29966
454,2554,4.0,29967
454,1090,4.0,29968
454,2104,4.0,29969
454,512,4.0,29970
454,3669,4.5,29971
454,2756,4.0,29972
454,2699,3.0,29973
454,1600,4.0,29974
454,1434,4.0,29975
454,3503,4.5,29976
454,2088,4.5,29977
454,2560,4.0,29978
454,1999,3.0,29979
454,1535,3.5,29980
454,1065,4.5,29981
454,531,3.5,29982
454,1220,4.0,29983
454,1530,3.5,29984
454,3691,4.0,29985
454,1753,3.0,29986
454,3129,4.0,29987
454,3077,4.0,29988
454,1290,4.0,29989
454,2770,4.5,29990
454,1369,4.5,29991
454,1945,4.5,29992
454,1397,2.5,29993
454,2948,4.5,29994
454,3622,4.0,29995
454,3370,4.0,29996
454,1210,3.5,29997
454,2953,2.5,29998
454,2477,4.5,29999
454,2216,3.0,30000
454,2977,4.0,30001
454,684,3.5,30002
454,1661,2.5,30003
454,3269,4.0,30004
454,421,5.0,30005
454,2402,4.0,30006
454,2465,4.0,30007
454,949,4.0,30008
454,1422,4.0,30009
454,2051,3.5,30010
454,2966,2.5,30011
454,1357,4.5,30012
454,1050,5.0,30013
454,653,2.5,30014
454,666,4.0,30015
454,3484,3.0,30016
454,2190,4.5,30017
454,2434,3.0,30018
454,1452,4.0,30019
455,4098,5.0,30020
455,469,5.0,30021
455,2567,5.0,30022
455,520,5.0,30023
455,5460,2.5,30024
455,1789,4.0,30025
455,2215,4.0,30026
455,2408,0.5,30027
455,3711,1.5,30028
455,3593,3.0,30029
455,87,1.0,30030
455,1362,3.0,30031
455,3285,3.0,30032
455,1656,3.0,30033
455,319,5.0,30034
455,2554,4.5,30035
455,2409,3.0,30036
455,3112,3.5,30037
455,1392,2.0,30038
455,2195,4.0,30039
455,1391,3.0,30040
455,1522,3.0,30041
455,1363,3.5,30042
455,1369,4.0,30043
455,2977,4.0,30044
455,421,4.0,30045
455,2190,3.0,30046
455,1520,3.5,30047
455,2800,3.0,30048
455,880,3.0,30049
455,1280,5.0,30050
455,1755,4.0,30051
455,2141,4.0,30052
455,1587,5.0,30053
455,1559,3.5,30054
455,2883,3.5,30055
455,631,3.5,30056
455,1019,4.0,30057
455,1910,3.5,30058
455,349,4.0,30059
455,290,4.0,30060
455,5837,4.0,30061
456,5789,5.0,30062
456,2530,5.0,30063
456,624,3.0,30064
456,995,3.5,30065
456,339,5.0,30066
456,1318,4.5,30067
456,2956,5.0,30068
456,531,5.0,30069
456,106,5.0,30070
456,2999,3.5,30071
456,3622,5.0,30072
456,2998,5.0,30073
456,2730,4.5,30074
456,2997,4.0,30075
456,421,5.0,30076
456,1276,5.0,30077
456,949,3.0,30078
456,1219,3.0,30079
456,47,5.0,30080
456,1452,2.5,30081
456,1036,3.5,30082
456,2452,3.0,30083
456,63,3.0,30084
456,3136,5.0,30085
456,1755,3.0,30086
456,1489,4.0,30087
456,803,4.0,30088
456,2,3.5,30089
456,725,5.0,30090
456,6633,4.0,30091
457,4582,5.0,30092
457,930,5.0,30093
457,6307,2.5,30094
457,3290,2.5,30095
457,381,2.5,30096
457,2103,2.5,30097
457,1249,2.5,30098
457,2994,2.5,30099
457,3468,2.5,30100
457,2027,2.5,30101
457,3280,2.5,30102
457,2575,2.5,30103
457,2950,2.5,30104
457,66,2.5,30105
457,1088,1.0,30106
457,3364,2.5,30107
457,652,2.5,30108
457,3089,2.5,30109
457,2799,2.5,30110
457,2047,2.5,30111
457,1430,2.5,30112
457,277,2.5,30113
457,2228,2.5,30114
457,208,2.5,30115
457,3106,2.5,30116
457,3438,2.5,30117
457,2756,2.5,30118
457,3501,2.5,30119
457,1961,2.5,30120
457,844,2.5,30121
457,3207,2.5,30122
457,2699,2.5,30123
457,2598,2.5,30124
457,17,2.5,30125
457,3018,2.5,30126
457,1431,2.5,30127
457,1434,2.5,30128
457,1429,2.5,30129
457,279,2.5,30130
457,2560,2.5,30131
457,452,2.5,30132
457,727,2.5,30133
457,2515,2.5,30134
457,280,2.5,30135
457,2596,2.5,30136
457,428,2.5,30137
457,1866,2.5,30138
457,847,2.5,30139
457,1147,2.5,30140
457,284,2.5,30141
457,1428,2.5,30142
457,2338,2.5,30143
457,251,2.5,30144
457,726,2.5,30145
457,2595,2.5,30146
457,2971,2.5,30147
457,3000,2.5,30148
457,2548,2.5,30149
457,1686,2.5,30150
457,278,2.5,30151
457,1503,2.5,30152
457,2983,2.5,30153
457,2999,2.5,30154
457,1369,2.5,30155
457,1056,2.5,30156
457,1427,2.5,30157
457,3007,2.5,30158
457,1675,2.5,30159
457,1146,2.5,30160
458,3729,5.0,30161
458,22,5.0,30162
458,2806,3.0,30163
458,3561,3.5,30164
458,510,4.5,30165
458,3121,4.0,30166
458,3176,2.0,30167
458,1974,2.0,30168
458,2236,2.5,30169
458,652,5.0,30170
458,163,2.5,30171
458,1313,2.5,30172
458,319,3.0,30173
458,1090,4.5,30174
458,3106,3.0,30175
458,844,2.0,30176
458,1508,4.0,30177
458,2088,5.0,30178
458,2948,2.5,30179
458,1422,2.5,30180
458,1724,4.0,30181
458,501,2.5,30182
458,3011,5.0,30183
458,1280,4.5,30184
458,899,1.0,30185
458,3508,2.5,30186
458,564,2.5,30187
458,2567,5.0,30188
458,1777,4.0,30189
458,2358,2.5,30190
458,2211,5.0,30191
458,951,4.5,30192
458,3452,2.5,30193
458,1370,2.5,30194
458,1564,2.5,30195
458,2841,2.5,30196
458,476,2.5,30197
458,3122,3.5,30198
458,1127,2.5,30199
458,427,2.5,30200
458,3259,2.5,30201
458,2589,4.5,30202
459,4565,3.0,30203
459,6319,2.5,30204
459,2658,2.5,30205
459,1217,2.5,30206
459,913,3.0,30207
459,1727,4.5,30208
459,1065,3.0,30209
459,1152,3.5,30210
459,2262,4.0,30211
460,1487,5.0,30212
460,1147,5.0,30213
460,3491,5.0,30214
460,3684,2.5,30215
460,2408,2.5,30216
460,3634,2.5,30217
460,903,2.5,30218
460,1996,5.0,30219
460,510,2.5,30220
460,3593,2.5,30221
460,3506,2.5,30222
460,2903,2.5,30223
460,498,2.5,30224
460,983,2.5,30225
460,2485,2.5,30226
460,3114,2.5,30227
460,3428,2.5,30228
460,650,2.5,30229
460,3633,2.5,30230
460,1217,2.5,30231
460,3364,2.5,30232
460,2547,2.5,30233
460,1612,2.5,30234
460,3285,2.5,30235
460,270,2.5,30236
460,845,2.5,30237
460,1148,2.5,30238
460,2099,2.5,30239
460,2676,2.5,30240
460,2502,2.5,30241
460,3106,2.5,30242
460,318,2.5,30243
460,1969,2.5,30244
460,913,2.5,30245
460,844,2.5,30246
460,2530,2.5,30247
460,1795,2.5,30248
460,2088,2.5,30249
460,3528,2.5,30250
460,418,2.5,30251
460,1216,2.5,30252
460,636,2.5,30253
460,1391,2.5,30254
460,1065,2.5,30255
460,2571,2.5,30256
460,1851,2.5,30257
460,251,2.5,30258
460,3450,2.5,30259
460,3349,2.5,30260
460,536,2.5,30261
460,3000,2.5,30262
460,278,2.5,30263
460,3366,2.5,30264
460,2999,2.5,30265
460,1369,2.5,30266
460,371,2.5,30267
460,3102,2.5,30268
460,1146,2.5,30269
460,538,2.5,30270
460,2998,2.5,30271
460,1210,2.5,30272
460,3331,2.5,30273
460,2144,2.5,30274
460,2744,2.5,30275
460,2997,2.5,30276
460,3330,2.5,30277
460,537,2.5,30278
460,1185,2.5,30279
460,3396,2.5,30280
460,490,2.5,30281
460,1589,2.5,30282
460,1184,2.5,30283
460,851,2.5,30284
460,6606,4.0,30285
461,1626,5.0,30286
461,2001,5.0,30287
461,2450,4.5,30288
461,2449,4.0,30289
461,2849,4.5,30290
461,1440,4.0,30291
461,325,4.5,30292
461,3627,3.0,30293
461,1729,3.5,30294
461,481,3.5,30295
461,5921,4.0,30296
461,4818,3.5,30297
462,6633,3.0,30298
462,2937,4.5,30299
462,3592,5.0,30300
462,457,5.0,30301
462,171,4.5,30302
462,1792,5.0,30303
462,339,5.0,30304
462,1065,4.0,30305
462,531,5.0,30306
462,3622,5.0,30307
462,3663,5.0,30308
462,3174,5.0,30309
462,160,5.0,30310
462,505,4.5,30311
462,949,5.0,30312
462,47,4.0,30313
462,2644,4.5,30314
462,1597,5.0,30315
462,501,5.0,30316
462,1921,4.5,30317
462,168,5.0,30318
462,2290,5.0,30319
462,975,5.0,30320
462,1607,4.0,30321
462,961,4.5,30322
462,2755,5.0,30323
462,859,5.0,30324
462,725,5.0,30325
462,4635,4.0,30326
463,899,5.0,30327
463,607,5.0,30328
463,6117,2.5,30329
463,3258,3.5,30330
463,3290,4.0,30331
463,2215,5.0,30332
463,1249,5.0,30333
463,275,3.0,30334
463,2393,2.5,30335
463,3121,2.5,30336
463,1517,5.0,30337
463,2648,5.0,30338
463,306,2.5,30339
463,247,4.0,30340
463,1558,5.0,30341
463,3409,2.5,30342
463,2485,2.5,30343
463,1790,2.5,30344
463,3172,2.5,30345
463,3364,2.5,30346
463,350,2.5,30347
463,728,2.5,30348
463,1362,2.5,30349
463,1053,2.5,30350
463,1094,2.5,30351
463,845,2.5,30352
463,2165,2.5,30353
463,3091,2.5,30354
463,1095,2.5,30355
463,1042,5.0,30356
463,2837,2.5,30357
463,2696,2.5,30358
463,2799,2.5,30359
463,319,2.5,30360
463,2554,2.5,30361
463,865,2.5,30362
463,2115,4.0,30363
463,1838,5.0,30364
463,1148,2.5,30365
463,348,2.5,30366
463,3289,2.5,30367
463,846,2.5,30368
463,1430,2.5,30369
463,635,2.5,30370
463,231,2.5,30371
463,2099,4.0,30372
463,277,2.5,30373
463,2228,2.5,30374
463,2656,2.5,30375
463,318,2.5,30376
463,512,2.5,30377
463,3620,2.5,30378
463,1804,2.5,30379
463,913,2.5,30380
463,3478,2.5,30381
463,3501,2.5,30382
463,901,2.5,30383
463,879,2.5,30384
463,1702,2.5,30385
463,844,2.5,30386
463,2438,2.5,30387
463,2957,2.5,30388
463,6410,3.0,30389
464,5789,5.0,30390
464,3794,4.0,30391
464,6005,2.5,30392
464,1148,2.5,30393
464,6392,4.0,30394
464,6184,4.0,30395
464,4287,3.5,30396
464,5889,3.0,30397
465,5210,5.0,30398
465,4405,2.5,30399
465,6260,4.0,30400
466,4488,4.0,30401
466,1962,3.0,30402
466,2903,4.0,30403
466,2648,4.0,30404
466,3576,5.0,30405
466,2501,4.0,30406
466,431,3.0,30407
466,728,4.0,30408
466,3458,1.5,30409
466,1501,3.5,30410
466,2898,3.5,30411
466,2322,3.0,30412
466,696,3.5,30413
466,1403,3.5,30414
466,3019,4.5,30415
466,3002,2.0,30416
466,1095,5.0,30417
466,996,3.0,30418
466,78,3.0,30419
466,2696,4.5,30420
466,2799,3.0,30421
466,2047,4.5,30422
466,319,4.0,30423
466,2554,4.5,30424
466,259,3.5,30425
466,211,4.5,30426
466,1492,4.5,30427
466,1148,4.0,30428
466,3289,3.5,30429
466,1545,4.0,30430
466,1430,3.5,30431
466,1361,3.0,30432
466,1695,4.0,30433
466,1815,3.5,30434
466,2228,5.0,30435
466,2676,4.0,30436
466,419,3.0,30437
466,2502,4.0,30438
466,703,4.5,30439
466,174,4.0,30440
466,3602,3.0,30441
466,3106,3.0,30442
466,1090,4.0,30443
466,809,2.5,30444
466,3360,3.5,30445
466,318,3.0,30446
466,512,3.5,30447
466,1969,4.5,30448
466,3397,2.0,30449
466,3438,4.0,30450
466,796,3.0,30451
466,3135,4.0,30452
466,449,3.0,30453
466,3669,3.0,30454
466,913,5.0,30455
466,2756,4.5,30456
466,3478,3.0,30457
466,2561,4.0,30458
466,807,2.0,30459
466,1578,2.5,30460
466,901,2.0,30461
466,2774,3.5,30462
466,2578,4.0,30463
466,3886,4.0,30464
466,6057,4.0,30465
466,5430,3.5,30466
466,5302,3.5,30467
467,4774,5.0,30468
467,4338,3.0,30469
467,6386,2.5,30470
467,3391,3.0,30471
467,931,4.0,30472
467,3458,5.0,30473
467,2743,4.0,30474
467,1427,4.0,30475
467,1165,5.0,30476
467,2866,4.0,30477
467,47,2.5,30478
467,2849,5.0,30479
467,2906,5.0,30480
467,1163,5.0,30481
467,1115,4.5,30482
467,940,5.0,30483
467,725,5.0,30484
467,2938,5.0,30485
467,458,5.0,30486
467,3713,4.0,30487
468,3369,5.0,30488
468,4927,2.5,30489
468,1249,5.0,30490
468,1996,4.0,30491
468,2648,5.0,30492
468,2485,5.0,30493
468,1974,2.0,30494
468,2236,5.0,30495
468,431,3.5,30496
468,574,5.0,30497
468,845,5.0,30498
468,2047,4.0,30499
468,17,4.0,30500
468,1508,5.0,30501
468,1016,4.0,30502
468,3503,4.0,30503
468,2024,4.0,30504
468,2088,4.0,30505
468,2328,3.5,30506
468,452,3.0,30507
468,1792,2.0,30508
468,1216,3.0,30509
468,284,5.0,30510
468,1065,4.0,30511
468,531,5.0,30512
468,2101,5.0,30513
468,2770,3.0,30514
468,2548,3.5,30515
468,2691,2.5,30516
468,2466,5.0,30517
468,1751,4.0,30518
468,1369,4.0,30519
468,1056,3.5,30520
468,1103,3.0,30521
468,538,4.0,30522
468,2948,5.0,30523
468,3622,5.0,30524
468,3370,4.0,30525
468,3315,5.0,30526
468,2492,5.0,30527
468,219,4.0,30528
468,1853,5.0,30529
468,2977,5.0,30530
468,490,5.0,30531
468,1464,5.0,30532
468,421,4.0,30533
468,1348,4.0,30534
468,3079,4.0,30535
468,3706,3.0,30536
468,1422,2.0,30537
468,1357,5.0,30538
468,135,4.0,30539
468,47,4.5,30540
468,2230,3.0,30541
468,3638,3.0,30542
468,2604,5.0,30543
468,2849,5.0,30544
468,2800,2.5,30545
468,880,5.0,30546
468,1155,5.0,30547
468,3703,5.0,30548
469,6110,5.0,30549
469,3257,5.0,30550
469,2948,5.0,30551
469,2998,5.0,30552
469,4283,2.5,30553
469,2836,2.5,30554
469,2346,4.0,30555
469,1028,4.0,30556
469,1362,3.0,30557
469,234,2.0,30558
469,3002,5.0,30559
469,2212,5.0,30560
469,2368,4.0,30561
469,2047,4.0,30562
469,319,5.0,30563
469,3059,2.5,30564
469,277,4.0,30565
469,2227,4.0,30566
469,2756,5.0,30567
469,3036,3.0,30568
469,694,5.0,30569
469,2257,2.5,30570
469,3421,2.5,30571
469,3035,3.0,30572
469,3423,2.5,30573
469,1600,5.0,30574
469,3422,5.0,30575
469,1710,4.0,30576
469,2429,2.5,30577
469,3034,4.0,30578
469,418,2.5,30579
469,636,4.0,30580
469,1535,3.0,30581
469,2559,2.5,30582
469,531,5.0,30583
469,495,2.0,30584
469,1530,5.0,30585
469,1753,5.0,30586
469,1363,3.0,30587
469,371,4.0,30588
469,1663,5.0,30589
469,3102,5.0,30590
469,2997,5.0,30591
469,684,5.0,30592
469,2679,5.0,30593
469,1144,3.0,30594
469,273,5.0,30595
469,1422,3.0,30596
469,2966,2.5,30597
469,3522,4.0,30598
469,3484,4.0,30599
469,1709,5.0,30600
469,30,4.0,30601
469,2253,4.0,30602
469,434,4.0,30603
469,2605,5.0,30604
469,2862,3.0,30605
469,1186,2.5,30606
469,2208,4.0,30607
469,1873,3.0,30608
469,1190,3.0,30609
469,3136,5.0,30610
469,1755,5.0,30611
469,2933,3.0,30612
469,2545,4.0,30613
469,3066,3.0,30614
469,1626,4.0,30615
469,1030,4.0,30616
470,6110,5.0,30617
470,3257,5.0,30618
470,975,5.0,30619
470,5837,3.0,30620
470,4410,2.5,30621
470,771,4.0,30622
470,2103,3.5,30623
470,770,3.5,30624
470,1962,3.0,30625
470,3593,3.5,30626
470,931,4.5,30627
470,498,3.5,30628
470,2485,4.5,30629
470,1883,4.0,30630
470,2706,2.5,30631
470,1217,3.5,30632
470,3588,3.5,30633
470,226,4.0,30634
470,121,3.0,30635
470,574,3.0,30636
470,2898,3.5,30637
470,2322,3.5,30638
470,102,3.0,30639
470,1085,4.0,30640
470,2901,3.0,30641
470,234,3.0,30642
470,3091,2.5,30643
470,2891,2.0,30644
470,3440,3.0,30645
470,1956,1.0,30646
470,1628,3.0,30647
470,1621,4.0,30648
470,2368,3.5,30649
470,440,3.0,30650
470,2047,4.0,30651
470,1954,2.5,30652
470,2554,5.0,30653
470,1074,3.0,30654
470,341,3.5,30655
470,917,3.0,30656
470,1430,3.5,30657
470,2409,3.0,30658
470,2113,1.0,30659
470,2099,3.5,30660
470,936,2.5,30661
470,1683,2.0,30662
470,2502,2.5,30663
470,2375,3.5,30664
470,318,3.0,30665
470,2704,3.5,30666
470,2227,3.0,30667
470,512,3.5,30668
470,3397,2.5,30669
470,145,4.0,30670
470,1346,3.5,30671
470,745,2.0,30672
470,2756,4.0,30673
470,3501,3.0,30674
470,1037,3.0,30675
470,2405,3.0,30676
470,2561,4.5,30677
470,2972,2.5,30678
470,1194,3.5,30679
470,2774,3.0,30680
470,3540,4.0,30681
470,422,2.5,30682
470,1606,4.5,30683
470,1963,3.0,30684
470,4742,3.5,30685
471,1339,5.0,30686
471,3129,5.0,30687
471,455,5.0,30688
471,6184,3.5,30689
471,5029,2.5,30690
471,118,1.5,30691
472,4774,5.0,30692
472,2863,3.0,30693
472,2149,2.0,30694
472,210,2.0,30695
472,1517,3.0,30696
472,2132,4.0,30697
472,6005,3.5,30698
472,4460,3.0,30699
472,5650,3.0,30700
473,2417,5.0,30701
473,1780,5.0,30702
473,6312,2.5,30703
473,2648,4.0,30704
473,1974,4.0,30705
473,3360,4.0,30706
473,1994,1.5,30707
473,1434,3.5,30708
473,98,4.0,30709
473,1391,4.0,30710
473,1065,4.5,30711
473,2338,4.0,30712
473,2705,3.0,30713
473,106,5.0,30714
473,1152,3.5,30715
473,3691,5.0,30716
473,3450,4.0,30717
473,1,4.0,30718
473,1712,4.5,30719
473,3366,4.0,30720
473,1945,3.5,30721
473,253,2.5,30722
473,2948,4.5,30723
473,2746,3.5,30724
473,3370,0.5,30725
473,2213,5.0,30726
473,2828,4.0,30727
473,790,4.5,30728
473,2465,4.0,30729
473,505,3.0,30730
473,949,5.0,30731
473,666,4.0,30732
473,2253,4.0,30733
473,1952,5.0,30734
473,2208,3.5,30735
473,667,4.5,30736
473,2592,4.5,30737
473,2860,3.5,30738
473,3136,3.0,30739
473,899,5.0,30740
473,3066,5.0,30741
473,3067,5.0,30742
473,2591,3.5,30743
473,3065,5.0,30744
473,2290,4.0,30745
473,1087,3.5,30746
473,200,4.0,30747
473,1082,4.0,30748
473,975,1.5,30749
473,930,5.0,30750
473,2590,3.0,30751
473,2776,3.0,30752
473,2383,4.0,30753
473,3327,4.5,30754
473,2114,4.0,30755
473,2410,4.0,30756
473,481,3.0,30757
473,1019,4.5,30758
473,2396,5.0,30759
473,859,5.0,30760
473,2708,4.0,30761
473,1127,5.0,30762
473,1049,2.5,30763
473,2251,4.0,30764
473,2392,4.0,30765
473,2302,4.5,30766
473,2884,4.0,30767
473,2589,4.0,30768
474,5751,4.0,30769
474,6307,2.5,30770
474,3290,2.5,30771
474,275,4.5,30772
474,3239,3.5,30773
474,1733,4.5,30774
474,2027,4.5,30775
474,2607,4.5,30776
474,1161,4.0,30777
474,1517,4.0,30778
474,931,3.0,30779
474,10,4.5,30780
474,3176,4.0,30781
474,1825,3.0,30782
474,2485,4.0,30783
474,312,1.0,30784
474,3364,4.5,30785
474,652,4.0,30786
474,1362,3.5,30787
474,2531,4.0,30788
474,2898,4.0,30789
474,2191,4.5,30790
474,3377,4.0,30791
474,2554,4.5,30792
474,259,4.0,30793
474,277,5.0,30794
474,1149,3.5,30795
474,703,3.0,30796
474,174,4.5,30797
474,261,4.5,30798
474,3438,4.5,30799
474,2530,4.5,30800
474,2699,3.0,30801
474,3018,4.0,30802
474,1016,3.5,30803
474,2088,4.5,30804
474,2560,5.0,30805
474,260,4.5,30806
474,2139,2.0,30807
474,553,2.5,30808
474,2338,4.5,30809
474,251,4.0,30810
474,3710,3.5,30811
474,2770,4.0,30812
474,2548,3.5,30813
474,3090,3.0,30814
474,1803,3.5,30815
474,1363,4.0,30816
474,2885,3.0,30817
474,3306,3.5,30818
474,2948,4.5,30819
474,3622,4.0,30820
475,4525,5.0,30821
475,6110,3.0,30822
475,5876,2.5,30823
475,1380,3.5,30824
475,2622,4.0,30825
475,2202,2.5,30826
475,420,2.5,30827
475,1225,2.5,30828
475,573,4.0,30829
475,2027,4.0,30830
475,3063,3.5,30831
475,903,2.5,30832
475,1989,2.5,30833
475,2344,2.0,30834
475,2830,3.0,30835
475,1028,4.0,30836
475,1419,3.5,30837
475,3593,4.0,30838
475,1175,3.0,30839
475,2903,4.0,30840
475,2648,4.5,30841
475,1460,3.5,30842
475,1278,3.5,30843
475,498,1.5,30844
475,1825,3.0,30845
475,3409,4.5,30846
475,87,2.5,30847
475,3373,3.0,30848
475,2509,1.0,30849
475,1790,2.0,30850
475,535,3.0,30851
475,3428,2.5,30852
475,650,3.5,30853
475,2526,3.0,30854
475,1883,2.5,30855
475,1828,2.5,30856
475,2274,2.0,30857
475,3541,2.5,30858
475,3633,4.0,30859
475,2501,2.5,30860
475,3364,3.0,30861
475,350,3.0,30862
475,431,4.0,30863
475,3491,2.5,30864
475,99,3.5,30865
475,764,3.0,30866
475,3354,3.0,30867
475,226,4.0,30868
475,6718,3.5,30869
475,6574,3.0,30870
476,5857,5.0,30871
476,2208,5.0,30872
476,1600,5.0,30873
476,4405,2.5,30874
476,2863,3.0,30875
476,3215,3.5,30876
476,2871,4.0,30877
476,3667,3.5,30878
476,275,3.5,30879
476,1733,4.5,30880
476,2027,4.0,30881
476,1989,2.5,30882
476,3280,4.0,30883
476,1161,4.0,30884
476,3593,4.0,30885
476,931,3.0,30886
476,1435,3.0,30887
476,728,4.0,30888
476,1362,3.0,30889
476,2834,5.0,30890
476,876,4.0,30891
476,574,4.0,30892
476,845,4.5,30893
476,2034,4.5,30894
476,2047,5.0,30895
476,3382,2.5,30896
476,288,4.5,30897
476,512,4.0,30898
476,2756,4.5,30899
476,2561,4.0,30900
476,844,4.0,30901
476,1704,4.0,30902
476,905,4.0,30903
476,906,4.0,30904
476,2861,4.0,30905
476,17,4.0,30906
476,3029,3.5,30907
476,1434,4.5,30908
476,2558,3.0,30909
476,2088,4.5,30910
476,2024,4.0,30911
476,1999,4.0,30912
476,2260,3.5,30913
476,2956,4.0,30914
476,1535,3.5,30915
476,2559,3.0,30916
476,531,3.5,30917
476,1530,4.0,30918
476,3000,3.5,30919
476,2999,3.5,30920
476,1369,5.0,30921
476,1833,4.5,30922
476,3622,4.5,30923
476,3370,4.5,30924
476,2998,4.0,30925
476,8,4.0,30926
476,125,4.0,30927
476,2953,3.5,30928
476,790,4.0,30929
476,2492,4.0,30930
476,2477,4.0,30931
476,2997,3.5,30932
476,3015,4.0,30933
476,1185,4.0,30934
476,1184,4.5,30935
476,421,4.5,30936
476,1348,4.5,30937
476,2465,4.5,30938
476,1187,4.0,30939
476,1357,4.5,30940
476,47,3.5,30941
476,4185,3.0,30942
477,266,5.0,30943
477,5751,3.0,30944
477,827,5.0,30945
477,1274,5.0,30946
477,234,2.0,30947
477,25,3.0,30948
477,1600,3.0,30949
477,364,5.0,30950
477,1615,5.0,30951
477,2088,5.0,30952
477,1257,1.0,30953
477,1663,5.0,30954
477,2079,4.0,30955
477,774,3.0,30956
477,1003,3.0,30957
477,1422,3.5,30958
478,5789,5.0,30959
478,3174,5.0,30960
478,913,5.0,30961
478,421,5.0,30962
478,5876,4.0,30963
479,6718,5.0,30964
479,3907,2.5,30965
479,274,5.0,30966
479,2871,4.0,30967
479,2622,5.0,30968
479,909,5.0,30969
479,3711,4.0,30970
479,1161,5.0,30971
479,1666,5.0,30972
479,1916,2.5,30973
479,2227,4.0,30974
479,1600,5.0,30975
479,1530,2.5,30976
479,1753,5.0,30977
479,1185,5.0,30978
479,1184,5.0,30979
479,1348,5.0,30980
479,1188,5.0,30981
479,1186,5.0,30982
479,1190,5.0,30983
479,1183,5.0,30984
479,1189,5.0,30985
479,1240,4.0,30986
480,5170,5.0,30987
480,4410,2.5,30988
480,771,5.0,30989
480,2215,5.0,30990
480,2628,3.0,30991
480,3571,3.0,30992
480,275,3.5,30993
480,1028,3.5,30994
480,1962,2.5,30995
480,2749,3.5,30996
480,931,4.0,30997
480,1278,3.5,30998
480,1825,4.0,30999
480,1931,2.5,31000
480,2485,4.0,31001
480,87,0.5,31002
480,2719,3.0,31003
480,535,2.5,31004
480,3449,3.5,31005
480,2526,3.5,31006
480,1518,2.5,31007
480,2274,3.0,31008
480,3541,4.0,31009
480,2037,3.5,31010
480,3364,3.5,31011
480,728,5.0,31012
480,764,2.5,31013
480,1701,5.0,31014
480,1005,2.5,31015
480,2681,2.5,31016
480,2930,2.5,31017
480,1094,2.5,31018
480,270,5.0,31019
480,2898,3.5,31020
480,2322,3.5,31021
480,1523,2.5,31022
480,1689,2.5,31023
480,2764,2.5,31024
480,2365,2.5,31025
480,3091,2.5,31026
480,996,2.5,31027
480,1819,2.5,31028
480,926,4.0,31029
480,2554,2.5,31030
480,3455,2.5,31031
480,865,3.5,31032
480,1148,2.5,31033
480,1150,2.5,31034
480,3289,2.5,31035
480,2445,2.5,31036
480,1430,2.5,31037
480,231,2.5,31038
480,277,2.5,31039
480,2228,2.5,31040
480,419,2.5,31041
480,572,2.5,31042
480,2502,4.0,31043
480,475,2.5,31044
480,512,4.0,31045
480,2949,4.0,31046
480,1804,2.5,31047
480,3397,2.5,31048
480,3438,4.0,31049
481,3249,5.0,31050
481,1280,5.0,31051
481,4103,2.5,31052
481,2799,5.0,31053
481,106,4.0,31054
481,3365,4.0,31055
481,2190,4.0,31056
481,2567,5.0,31057
481,2194,4.0,31058
481,1487,4.0,31059
481,563,4.0,31060
482,4460,2.5,31061
482,1028,4.0,31062
482,130,5.0,31063
482,1790,4.0,31064
482,650,3.0,31065
482,1612,2.5,31066
482,3285,4.0,31067
482,2238,2.5,31068
482,775,5.0,31069
482,3002,4.0,31070
482,3654,3.0,31071
482,2212,4.0,31072
482,172,2.5,31073
482,2191,4.5,31074
482,259,2.0,31075
482,211,4.5,31076
482,1746,2.5,31077
482,469,4.0,31078
482,2409,3.0,31079
482,288,2.5,31080
482,277,2.5,31081
482,2676,2.5,31082
482,25,2.5,31083
482,1673,2.5,31084
482,792,2.5,31085
482,1976,2.5,31086
482,6147,3.0,31087
483,986,5.0,31088
483,844,5.0,31089
483,5444,3.5,31090
483,4656,2.5,31091
483,997,2.0,31092
483,2830,3.0,31093
483,1962,3.0,31094
483,3593,2.5,31095
483,3573,1.0,31096
483,931,3.5,31097
483,498,3.0,31098
483,1982,4.0,31099
483,298,4.5,31100
483,2764,3.0,31101
483,996,3.5,31102
483,1364,3.0,31103
483,1150,4.5,31104
483,277,4.5,31105
483,703,2.5,31106
483,1090,4.5,31107
483,512,4.0,31108
483,1804,3.5,31109
483,3438,4.0,31110
483,2774,4.0,31111
483,54,4.0,31112
483,1963,4.0,31113
483,753,4.0,31114
483,1443,2.5,31115
483,1508,3.5,31116
483,3594,2.5,31117
483,3549,2.5,31118
483,3447,2.5,31119
483,2088,5.0,31120
483,751,2.5,31121
483,3528,3.0,31122
483,376,4.0,31123
483,1318,4.0,31124
483,1710,2.5,31125
483,1350,4.0,31126
483,1391,2.5,31127
483,763,4.0,31128
483,553,5.0,31129
483,284,4.0,31130
483,1065,5.0,31131
483,2705,4.0,31132
483,1829,3.5,31133
483,2718,3.5,31134
483,106,4.5,31135
483,1152,5.0,31136
483,3569,4.0,31137
483,2632,2.5,31138
483,3691,4.5,31139
483,3205,2.5,31140
483,985,4.0,31141
483,726,4.0,31142
483,3710,4.0,31143
483,1261,4.0,31144
483,1803,4.5,31145
483,1363,2.5,31146
483,3014,4.0,31147
483,4827,4.0,31148
483,4338,3.0,31149
484,5236,2.5,31150
485,4733,5.0,31151
485,1082,5.0,31152
485,803,5.0,31153
485,1753,5.0,31154
485,5460,2.5,31155
485,1789,2.5,31156
485,2408,4.0,31157
485,275,5.0,31158
485,3633,3.0,31159
485,350,4.0,31160
485,1745,5.0,31161
485,1362,5.0,31162
485,2191,3.0,31163
485,2047,4.0,31164
485,2409,4.0,31165
485,277,5.0,31166
485,2104,5.0,31167
485,3669,5.0,31168
485,3478,4.0,31169
485,2405,4.0,31170
485,1671,5.0,31171
485,694,5.0,31172
485,2530,3.0,31173
485,1388,3.0,31174
485,379,4.0,31175
485,2534,5.0,31176
485,1392,4.0,31177
485,1795,5.0,31178
485,2088,5.0,31179
485,995,5.0,31180
485,376,4.0,31181
485,1792,5.0,31182
485,1317,5.0,31183
485,1391,4.0,31184
485,1065,5.0,31185
485,531,5.0,31186
485,1829,5.0,31187
485,1813,5.0,31188
485,1530,5.0,31189
485,2632,5.0,31190
485,2798,4.0,31191
485,1562,5.0,31192
485,2540,5.0,31193
485,3622,2.5,31194
485,2213,5.0,31195
485,1344,3.0,31196
485,3015,5.0,31197
485,2407,3.0,31198
485,421,5.0,31199
485,3332,5.0,31200
485,160,5.0,31201
485,2465,4.0,31202
485,273,5.0,31203
485,1422,5.0,31204
485,816,2.5,31205
485,2051,3.0,31206
485,3522,4.0,31207
485,666,5.0,31208
485,2800,5.0,31209
485,2253,5.0,31210
485,2138,5.0,31211
485,3530,5.0,31212
485,667,5.0,31213
485,577,5.0,31214
485,1873,5.0,31215
485,1190,4.0,31216
485,3136,5.0,31217
485,1489,5.0,31218
485,2141,4.0,31219
485,986,4.0,31220
485,3392,5.0,31221
485,3177,5.0,31222
486,4276,5.0,31223
486,2485,5.0,31224
486,5302,2.5,31225
486,3063,3.0,31226
486,1996,3.5,31227
486,2830,3.0,31228
486,1028,4.0,31229
486,3514,1.5,31230
486,3593,3.5,31231
486,2623,3.0,31232
486,498,4.0,31233
486,3364,5.0,31234
486,1435,1.5,31235
486,431,3.0,31236
486,3354,3.0,31237
486,286,3.5,31238
486,234,3.0,31239
486,2985,3.5,31240
486,1954,3.5,31241
486,3382,3.5,31242
486,85,4.0,31243
486,3413,4.0,31244
486,706,4.0,31245
486,2104,4.0,31246
486,2704,3.0,31247
486,318,3.0,31248
486,1969,2.5,31249
486,872,2.5,31250
486,3669,2.5,31251
486,913,3.5,31252
486,807,2.5,31253
486,1702,4.0,31254
486,1542,4.0,31255
486,1968,2.5,31256
486,2078,3.0,31257
486,1434,4.0,31258
486,1795,5.0,31259
486,2195,2.5,31260
486,3556,4.0,31261
486,3528,4.0,31262
486,2560,4.0,31263
486,1792,4.0,31264
486,2752,2.5,31265
486,98,2.5,31266
486,1216,2.5,31267
486,1391,2.5,31268
486,2920,3.5,31269
486,1065,4.0,31270
486,1907,2.5,31271
486,1293,2.5,31272
486,3345,3.5,31273
486,2616,4.5,31274
486,3366,2.5,31275
486,2608,3.5,31276
486,6158,4.0,31277
486,5883,3.5,31278
487,5757,2.5,31279
487,2408,2.5,31280
487,997,2.0,31281
487,420,3.5,31282
487,2210,3.0,31283
487,3593,4.0,31284
487,3506,2.0,31285
487,498,4.5,31286
487,3521,1.0,31287
487,2485,4.0,31288
487,3428,3.5,31289
487,3334,3.5,31290
487,2501,3.0,31291
487,2706,3.0,31292
487,3458,1.5,31293
487,1745,3.5,31294
487,3285,4.0,31295
487,3282,1.0,31296
487,2681,1.0,31297
487,2915,4.0,31298
487,1336,3.5,31299
487,696,2.5,31300
487,996,2.0,31301
487,3140,1.5,31302
487,1364,2.5,31303
487,2783,3.0,31304
487,1545,3.5,31305
487,2409,3.0,31306
487,2676,4.0,31307
487,2502,3.5,31308
487,2104,4.0,31309
487,2704,3.0,31310
487,318,3.5,31311
487,2491,4.0,31312
487,1781,2.5,31313
487,3669,4.0,31314
487,2405,3.0,31315
487,2774,4.0,31316
487,794,3.0,31317
487,1795,4.0,31318
487,3054,5.0,31319
487,1089,2.5,31320
487,3139,1.0,31321
487,1216,5.0,31322
487,428,5.0,31323
487,2705,2.0,31324
487,2571,3.0,31325
487,2829,3.5,31326
487,3345,2.5,31327
487,3366,4.5,31328
487,253,3.5,31329
487,2746,4.0,31330
487,2828,4.0,31331
487,834,5.0,31332
487,2407,3.0,31333
487,3281,2.5,31334
487,1952,5.0,31335
487,6439,4.0,31336
488,5460,5.0,31337
488,1789,5.0,31338
488,1996,5.0,31339
488,1087,5.0,31340
488,2215,4.5,31341
488,1733,4.0,31342
488,2648,3.5,31343
488,2485,4.5,31344
488,3633,3.5,31345
488,226,3.5,31346
488,845,4.5,31347
488,2047,5.0,31348
488,319,3.5,31349
488,2554,5.0,31350
488,512,4.5,31351
488,3438,4.5,31352
488,913,4.0,31353
488,2756,4.0,31354
488,2561,3.5,31355
488,844,4.0,31356
488,2530,3.5,31357
488,2598,0.5,31358
488,1434,4.5,31359
488,2558,4.0,31360
488,2024,3.5,31361
488,279,4.5,31362
488,3528,3.5,31363
488,2560,5.0,31364
488,280,5.0,31365
488,418,4.5,31366
488,2596,2.0,31367
488,636,4.5,31368
488,3398,4.5,31369
488,1391,4.0,31370
488,2559,4.0,31371
488,284,4.0,31372
488,1065,4.0,31373
488,1530,4.5,31374
488,726,3.5,31375
488,2595,3.0,31376
488,1363,4.5,31377
488,1369,5.0,31378
488,1146,4.0,31379
488,2948,4.0,31380
488,3622,5.0,31381
488,3370,4.0,31382
488,2998,2.5,31383
488,790,4.5,31384
488,2744,4.5,31385
488,2679,2.5,31386
488,1348,2.5,31387
488,1357,4.5,31388
488,3522,4.0,31389
488,666,4.5,31390
488,47,3.5,31391
488,3565,5.0,31392
488,1382,4.0,31393
488,2253,5.0,31394
488,1952,5.0,31395
488,1186,3.0,31396
488,2592,3.5,31397
488,3011,5.0,31398
488,1280,4.0,31399
488,2552,4.5,31400
488,1190,4.0,31401
488,1489,5.0,31402
488,986,4.0,31403
488,564,4.0,31404
488,1183,4.0,31405
488,2591,2.0,31406
488,2551,4.0,31407
488,1189,4.0,31408
488,1845,2.5,31409
488,2461,4.5,31410
489,3228,5.0,31411
489,3196,5.0,31412
489,1517,5.0,31413
489,4405,2.5,31414
489,2863,5.0,31415
489,2423,5.0,31416
489,1996,5.0,31417
489,510,5.0,31418
489,3593,5.0,31419
489,2485,5.0,31420
489,1677,5.0,31421
489,3428,5.0,31422
489,650,5.0,31423
489,3633,4.0,31424
489,728,5.0,31425
489,1362,5.0,31426
489,3285,5.0,31427
489,574,3.0,31428
489,2191,5.0,31429
489,2554,5.0,31430
489,1545,5.0,31431
489,2502,5.0,31432
489,703,5.0,31433
489,3106,5.0,31434
489,3360,5.0,31435
489,1969,4.0,31436
489,913,3.0,31437
489,807,5.0,31438
489,879,5.0,31439
489,844,3.0,31440
489,694,4.0,31441
489,17,5.0,31442
489,1508,5.0,31443
489,1434,5.0,31444
489,3503,5.0,31445
489,2558,5.0,31446
489,2560,5.0,31447
489,108,5.0,31448
489,683,3.0,31449
489,2956,5.0,31450
489,636,5.0,31451
489,2559,5.0,31452
489,284,5.0,31453
489,2571,5.0,31454
489,251,5.0,31455
489,2632,3.0,31456
489,726,5.0,31457
489,1363,5.0,31458
489,378,5.0,31459
489,1146,4.0,31460
489,3370,5.0,31461
489,3666,3.5,31462
489,2144,4.0,31463
489,2477,4.5,31464
489,479,5.0,31465
489,2679,5.0,31466
489,421,4.0,31467
489,2402,5.0,31468
489,1348,4.0,31469
489,3195,5.0,31470
489,949,5.0,31471
489,1422,5.0,31472
489,2966,5.0,31473
489,1050,5.0,31474
489,47,5.0,31475
489,3484,5.0,31476
489,2190,5.0,31477
489,2849,4.0,31478
489,3565,5.0,31479
489,1452,5.0,31480
489,2862,5.0,31481
489,2452,3.5,31482
489,667,5.0,31483
489,3175,5.0,31484
490,4787,5.0,31485
490,5210,2.5,31486
490,1530,2.5,31487
490,834,4.5,31488
490,975,2.5,31489
490,2410,2.5,31490
490,1127,2.5,31491
491,3622,5.0,31492
491,3257,5.0,31493
491,5460,3.0,31494
491,1789,4.0,31495
491,2047,4.5,31496
491,2554,4.0,31497
491,582,5.0,31498
491,2560,4.0,31499
491,1530,4.5,31500
491,1369,5.0,31501
491,3370,5.0,31502
491,1348,5.0,31503
491,2849,5.0,31504
491,899,4.0,31505
491,975,4.5,31506
491,2,4.5,31507
491,2410,4.0,31508
492,3869,2.5,31509
492,236,2.5,31510
492,2863,3.5,31511
492,3400,1.0,31512
492,2520,4.0,31513
492,2871,4.0,31514
492,2103,2.5,31515
492,3371,2.5,31516
492,1843,3.5,31517
492,3561,4.0,31518
492,3071,3.0,31519
492,821,3.0,31520
492,80,2.5,31521
492,1028,4.0,31522
492,3310,2.0,31523
492,487,2.0,31524
492,2648,4.0,31525
492,1741,3.0,31526
492,966,1.0,31527
492,1020,3.0,31528
492,2132,3.0,31529
492,3176,3.5,31530
492,2485,4.0,31531
492,4525,3.5,31532
493,4054,5.0,31533
493,421,5.0,31534
493,1342,5.0,31535
493,5460,2.5,31536
493,1789,4.0,31537
493,1733,4.0,31538
493,1974,2.5,31539
493,2834,4.5,31540
493,574,4.0,31541
493,2212,4.0,31542
493,2368,4.0,31543
493,2799,4.0,31544
493,2047,4.0,31545
493,319,2.5,31546
493,2115,2.5,31547
493,2656,3.5,31548
493,2104,3.5,31549
493,1738,4.0,31550
493,3379,4.0,31551
493,1388,3.0,31552
493,3584,4.5,31553
493,3594,4.0,31554
493,2024,4.0,31555
493,2088,5.0,31556
493,623,3.0,31557
493,1317,4.0,31558
493,1535,2.5,31559
493,1065,2.5,31560
493,531,4.0,31561
493,2878,2.0,31562
493,1851,4.0,31563
493,1530,4.5,31564
493,3691,5.0,31565
493,2770,4.0,31566
493,2540,4.0,31567
493,1624,4.5,31568
493,1009,3.0,31569
493,1369,5.0,31570
493,1103,4.5,31571
493,1945,4.0,31572
493,3007,4.0,31573
493,3622,5.0,31574
493,3696,4.0,31575
493,3370,2.5,31576
493,1582,2.5,31577
493,1208,4.0,31578
493,3003,4.0,31579
493,3015,2.5,31580
493,2317,4.0,31581
493,2679,2.5,31582
493,3269,4.0,31583
493,1348,2.5,31584
493,160,4.0,31585
493,3195,2.5,31586
493,949,5.0,31587
493,1422,4.0,31588
493,1187,4.5,31589
493,1357,5.0,31590
493,666,2.5,31591
493,47,4.0,31592
493,2844,3.5,31593
493,3546,3.0,31594
493,3638,3.5,31595
493,3565,4.0,31596
494,5789,5.0,31597
494,3174,5.0,31598
494,1530,5.0,31599
494,2864,5.0,31600
494,5678,4.0,31601
494,1996,4.5,31602
494,2024,2.5,31603
494,2971,2.5,31604
494,790,2.5,31605
494,1357,2.5,31606
494,1490,2.5,31607
494,1489,2.5,31608
494,1410,2.5,31609
494,2224,2.5,31610
494,2291,2.5,31611
495,1548,5.0,31612
495,4405,2.5,31613
495,2863,2.5,31614
495,1556,2.5,31615
495,2027,2.5,31616
495,1028,2.5,31617
495,1957,2.5,31618
495,510,2.5,31619
495,3593,2.5,31620
495,2287,2.5,31621
495,2487,2.5,31622
495,375,2.5,31623
495,845,2.5,31624
495,3614,2.5,31625
495,828,2.5,31626
495,2513,2.5,31627
495,2191,2.5,31628
495,172,2.5,31629
495,1526,5.0,31630
495,2115,2.5,31631
495,941,2.5,31632
495,2214,5.0,31633
495,2468,2.5,31634
495,3669,2.5,31635
495,3336,2.5,31636
495,988,2.5,31637
495,1578,2.5,31638
495,3040,2.5,31639
495,2964,2.5,31640
495,2087,2.5,31641
495,2131,2.5,31642
495,3419,2.5,31643
495,651,2.5,31644
495,3379,2.5,31645
495,3613,2.5,31646
495,638,2.5,31647
495,2314,2.5,31648
495,227,2.5,31649
495,1968,2.5,31650
495,2861,2.5,31651
495,2636,2.5,31652
495,3030,2.5,31653
495,2454,2.5,31654
495,2078,2.5,31655
495,1801,2.5,31656
495,384,2.5,31657
495,2364,2.5,31658
495,2534,2.5,31659
495,111,2.5,31660
495,3182,2.5,31661
495,3503,2.5,31662
496,6005,2.5,31663
496,2110,2.5,31664
496,2622,2.5,31665
496,3711,2.5,31666
496,3561,2.5,31667
496,2344,2.5,31668
496,1419,2.5,31669
496,3232,2.5,31670
496,2648,2.5,31671
496,1246,2.5,31672
496,87,2.5,31673
496,3052,2.5,31674
496,1790,2.5,31675
496,494,2.5,31676
496,3449,2.5,31677
496,550,2.5,31678
496,2060,2.5,31679
496,1828,2.5,31680
496,3588,2.5,31681
496,728,2.5,31682
496,760,2.5,31683
496,764,2.5,31684
496,1362,2.5,31685
496,3285,2.5,31686
496,574,2.5,31687
496,1073,2.5,31688
496,2898,2.5,31689
496,3642,2.5,31690
496,1914,2.5,31691
496,102,2.5,31692
496,234,2.5,31693
496,996,2.5,31694
496,1232,2.5,31695
496,2212,2.5,31696
496,2368,2.5,31697
496,2696,2.5,31698
496,319,2.5,31699
496,2554,2.5,31700
496,865,2.5,31701
496,259,2.5,31702
496,1148,2.5,31703
496,1545,2.5,31704
496,231,2.5,31705
496,783,2.5,31706
496,3106,2.5,31707
496,1090,2.5,31708
496,3397,2.5,31709
496,872,2.5,31710
496,796,2.5,31711
496,947,2.5,31712
496,2756,2.5,31713
496,2561,2.5,31714
496,4584,4.0,31715
496,4834,3.0,31716
497,5652,5.0,31717
497,5876,2.5,31718
497,2215,4.0,31719
497,275,3.0,31720
497,2027,3.0,31721
497,1161,4.0,31722
497,498,3.0,31723
497,3449,4.0,31724
497,1435,1.0,31725
497,728,3.0,31726
497,1053,3.5,31727
497,845,5.0,31728
497,3026,3.0,31729
497,2047,5.0,31730
497,926,3.0,31731
497,2554,5.0,31732
497,957,3.0,31733
497,1430,4.0,31734
497,277,3.0,31735
497,703,4.0,31736
497,174,5.0,31737
497,3360,3.5,31738
497,3135,3.0,31739
497,844,4.0,31740
497,2699,3.0,31741
497,927,3.5,31742
497,49,2.5,31743
497,1024,4.0,31744
497,1434,4.0,31745
497,3549,4.5,31746
497,582,5.0,31747
497,2560,5.0,31748
497,428,4.0,31749
497,847,4.0,31750
497,1604,3.5,31751
497,1065,4.0,31752
497,251,5.0,31753
497,1530,3.0,31754
497,726,3.0,31755
497,1712,4.0,31756
497,1054,3.0,31757
497,1369,5.0,31758
497,1103,4.0,31759
497,2948,3.0,31760
497,1210,4.0,31761
497,2213,4.0,31762
497,790,4.0,31763
497,2850,4.0,31764
497,3003,4.0,31765
497,1347,5.0,31766
497,1348,5.0,31767
497,2465,5.0,31768
497,273,4.0,31769
497,1357,5.0,31770
497,2849,5.0,31771
497,3386,4.0,31772
497,1952,4.0,31773
497,3703,4.0,31774
497,3206,4.0,31775
497,3192,5.0,31776
497,2907,3.5,31777
497,325,3.0,31778
497,3136,3.0,31779
497,1490,4.0,31780
497,899,4.0,31781
497,2015,5.0,31782
497,1489,4.0,31783
497,3177,4.0,31784
497,1777,5.0,31785
497,2290,4.0,31786
497,200,4.0,31787
497,975,4.0,31788
497,930,4.0,31789
497,5896,4.0,31790
497,6227,3.0,31791
498,5678,2.5,31792
498,1996,4.0,31793
498,899,5.0,31794
498,975,3.5,31795
499,5287,5.0,31796
499,349,5.0,31797
499,6110,4.0,31798
499,4405,2.5,31799
499,2622,2.5,31800
499,275,3.5,31801
499,2027,4.5,31802
499,3304,3.5,31803
499,1028,3.5,31804
499,1666,2.5,31805
499,566,4.0,31806
499,3593,3.5,31807
499,931,1.0,31808
499,1741,3.5,31809
499,3176,4.0,31810
499,2485,5.0,31811
499,130,2.5,31812
499,3576,4.0,31813
499,1790,5.0,31814
499,3449,4.5,31815
499,3172,4.0,31816
499,3490,5.0,31817
499,1974,3.0,31818
499,3364,2.5,31819
499,350,3.5,31820
499,3491,4.0,31821
499,1778,3.5,31822
499,574,4.5,31823
499,1073,3.0,31824
499,2498,5.0,31825
499,16,4.0,31826
499,1591,3.5,31827
499,234,2.5,31828
499,2803,4.0,31829
499,3019,2.5,31830
499,1554,4.0,31831
499,2513,4.0,31832
499,5071,4.0,31833
499,6005,3.5,31834
499,3858,3.5,31835
499,4972,3.0,31836
500,5889,5.0,31837
500,2224,5.0,31838
500,1529,5.0,31839
500,353,5.0,31840
500,5055,2.5,31841
500,1357,2.5,31842
500,354,2.5,31843
500,930,2.5,31844
500,2291,2.5,31845
500,1117,2.5,31846
500,22,2.5,31847
501,5357,3.5,31848
501,5460,2.5,31849
501,3364,4.0,31850
501,4002,3.5,31851
501,5402,3.0,31852
502,6500,5.0,31853
502,5947,4.0,31854
502,3593,4.0,31855
502,931,3.0,31856
502,2527,4.0,31857
502,1362,4.0,31858
502,1216,3.5,31859
502,1753,3.5,31860
502,2948,4.0,31861
502,3079,4.0,31862
502,47,4.0,31863
502,975,3.5,31864
502,3265,4.0,31865
502,1487,5.0,31866
502,725,4.5,31867
502,5287,3.5,31868
503,5039,5.0,31869
503,1347,5.0,31870
503,1217,5.0,31871
503,5460,2.5,31872
503,1789,4.5,31873
503,2215,4.5,31874
503,2103,3.5,31875
503,2994,3.0,31876
503,2830,3.5,31877
503,3593,3.5,31878
503,1916,2.5,31879
503,3521,3.0,31880
503,650,2.5,31881
503,3285,3.0,31882
503,2205,4.0,31883
503,1403,3.5,31884
503,2047,4.5,31885
503,1364,2.5,31886
503,2502,3.0,31887
503,2831,4.0,31888
503,2699,4.0,31889
503,100,4.5,31890
503,1431,4.0,31891
503,1434,4.0,31892
503,1392,3.0,31893
503,2259,3.0,31894
503,1795,3.0,31895
503,2024,4.0,31896
503,376,3.0,31897
503,98,4.5,31898
503,1216,3.5,31899
503,973,2.5,31900
503,428,4.5,31901
503,1391,4.0,31902
503,972,5.0,31903
503,2098,3.0,31904
503,251,4.0,31905
503,1753,3.5,31906
503,2829,4.0,31907
503,3450,5.0,31908
503,974,4.0,31909
503,1369,4.5,31910
503,3370,4.0,31911
503,1953,5.0,31912
503,2213,4.5,31913
503,2828,4.5,31914
503,38,3.5,31915
503,1348,4.5,31916
503,2465,4.0,31917
503,36,4.5,31918
503,2051,3.0,31919
503,2844,4.0,31920
503,2849,4.5,31921
503,266,4.5,31922
503,3192,4.5,31923
503,3136,4.5,31924
503,46,3.0,31925
503,2015,4.5,31926
503,200,3.5,31927
503,975,4.5,31928
503,3327,4.5,31929
503,3420,4.5,31930
503,2410,4.5,31931
504,6110,5.0,31932
504,3257,3.5,31933
505,6307,2.5,31934
505,3290,2.5,31935
505,2215,2.5,31936
505,1733,2.5,31937
505,2027,2.5,31938
505,2607,2.5,31939
505,1161,4.5,31940
505,1957,2.5,31941
505,510,4.0,31942
505,824,2.5,31943
505,2648,2.5,31944
505,856,2.5,31945
505,3409,2.5,31946
505,3449,2.5,31947
505,845,2.5,31948
505,1924,2.5,31949
505,3019,2.5,31950
505,2617,2.5,31951
505,2047,2.5,31952
505,2115,2.5,31953
505,1492,5.0,31954
505,277,2.5,31955
505,2754,2.5,31956
505,1969,2.5,31957
505,512,2.5,31958
505,3135,2.5,31959
505,844,2.5,31960
505,3699,2.5,31961
505,1801,2.5,31962
505,3029,2.5,31963
505,128,2.5,31964
505,2088,2.5,31965
505,2024,2.5,31966
505,3054,2.5,31967
505,995,2.5,31968
505,3528,2.5,31969
505,1132,2.5,31970
505,428,2.5,31971
505,1114,2.5,31972
505,2010,2.5,31973
505,284,2.5,31974
505,1065,2.5,31975
505,2098,2.5,31976
505,251,5.0,31977
505,2101,2.5,31978
505,3129,2.5,31979
505,2971,2.5,31980
505,1686,2.5,31981
505,3366,2.5,31982
505,201,2.5,31983
505,1103,2.5,31984
505,1945,2.5,31985
505,1397,2.5,31986
505,3622,2.5,31987
505,1210,2.5,31988
505,3247,2.5,31989
505,884,2.5,31990
505,708,2.5,31991
505,2213,2.5,31992
505,2512,2.5,31993
505,1711,2.5,31994
505,881,2.5,31995
505,2866,2.5,31996
505,2218,2.5,31997
505,834,2.5,31998
505,766,2.5,31999
506,554,5.0,32000
506,1117,5.0,32001
506,5678,3.0,32002
506,4405,2.5,32003
506,2863,2.5,32004
506,1789,2.5,32005
506,2871,2.5,32006
506,2215,2.5,32007
506,3667,2.5,32008
506,1733,2.5,32009
506,2027,2.5,32010
506,1996,4.0,32011
506,1028,2.5,32012
506,1161,2.5,32013
506,510,2.5,32014
506,3593,2.5,32015
506,2903,2.5,32016
506,2485,2.5,32017
506,1790,2.5,32018
506,1974,2.5,32019
506,3285,2.5,32020
506,845,2.5,32021
506,2191,2.5,32022
506,2047,2.5,32023
506,319,2.5,32024
506,2554,2.5,32025
506,3106,2.5,32026
506,2104,2.5,32027
506,913,2.5,32028
506,2756,2.5,32029
506,844,2.5,32030
506,1508,2.5,32031
506,1434,2.5,32032
506,1795,2.5,32033
506,2088,2.5,32034
506,3528,2.5,32035
506,2560,2.5,32036
506,1216,2.5,32037
506,1391,2.5,32038
506,1065,2.5,32039
506,531,2.5,32040
506,1530,2.5,32041
506,1369,2.5,32042
506,1103,2.5,32043
506,3622,2.5,32044
506,3370,2.5,32045
506,2213,2.5,32046
506,421,2.5,32047
506,1348,2.5,32048
506,2465,2.5,32049
506,666,2.5,32050
506,2849,2.5,32051
506,899,2.5,32052
506,2567,2.5,32053
506,803,2.5,32054
506,200,2.5,32055
506,975,2.5,32056
506,2,2.5,32057
506,3327,2.5,32058
506,2410,2.5,32059
506,2224,2.5,32060
506,3261,2.5,32061
506,725,2.5,32062
506,3259,2.5,32063
506,4185,4.0,32064
507,5876,5.0,32065
507,5757,3.0,32066
507,2097,1.5,32067
507,2215,4.0,32068
507,1733,2.5,32069
507,3593,2.5,32070
507,2648,2.5,32071
507,2485,2.5,32072
507,1790,2.5,32073
507,728,2.5,32074
507,845,2.5,32075
507,2047,2.5,32076
507,2554,2.5,32077
507,3106,2.5,32078
507,913,2.5,32079
507,2561,2.5,32080
507,844,2.5,32081
507,279,2.5,32082
507,2560,2.5,32083
507,280,2.5,32084
507,1216,2.5,32085
507,1065,2.5,32086
507,1363,2.5,32087
507,1369,2.5,32088
507,1146,2.5,32089
507,3370,2.5,32090
507,790,2.5,32091
507,2997,2.5,32092
507,1348,2.5,32093
507,2465,2.5,32094
507,273,2.5,32095
507,1357,2.5,32096
507,3522,2.5,32097
507,47,2.5,32098
507,2849,2.5,32099
507,2253,2.5,32100
507,1280,2.5,32101
507,3065,2.5,32102
507,200,2.5,32103
507,975,2.5,32104
507,3327,2.5,32105
507,1115,2.5,32106
507,3420,2.5,32107
507,2410,2.5,32108
507,3257,2.5,32109
507,1019,2.5,32110
507,1117,4.0,32111
507,290,2.5,32112
507,3259,2.5,32113
507,2589,2.5,32114
508,6260,5.0,32115
508,2592,5.0,32116
508,3192,5.0,32117
508,899,5.0,32118
508,6266,4.0,32119
508,997,3.0,32120
508,275,4.0,32121
508,1028,5.0,32122
508,2648,4.0,32123
508,33,4.0,32124
508,2485,4.0,32125
508,3364,4.0,32126
508,163,4.0,32127
508,728,3.0,32128
508,1778,4.0,32129
508,1362,4.0,32130
508,3285,4.0,32131
508,2898,3.0,32132
508,845,4.0,32133
508,1095,4.0,32134
508,996,3.0,32135
508,2047,4.0,32136
508,1767,3.0,32137
508,2554,5.0,32138
508,865,4.0,32139
508,1148,4.0,32140
508,3289,4.0,32141
508,2409,3.0,32142
508,1430,4.0,32143
508,277,3.0,32144
508,2228,5.0,32145
508,703,4.0,32146
508,3397,2.0,32147
508,1631,4.0,32148
508,796,3.0,32149
508,2756,4.0,32150
508,2405,3.0,32151
508,2561,4.0,32152
508,844,4.0,32153
508,1033,3.0,32154
508,422,2.0,32155
508,2699,4.0,32156
508,2598,2.0,32157
508,863,4.0,32158
508,1434,5.0,32159
508,1392,3.0,32160
508,2558,4.0,32161
508,2024,4.0,32162
508,1429,4.0,32163
508,279,5.0,32164
508,2120,2.0,32165
508,3528,3.0,32166
508,540,3.0,32167
508,1279,4.0,32168
508,2560,5.0,32169
508,376,2.0,32170
508,1157,4.0,32171
508,3190,3.0,32172
508,3104,4.0,32173
508,1459,3.0,32174
508,727,4.0,32175
508,2515,3.0,32176
508,280,5.0,32177
508,2260,4.0,32178
508,1390,5.0,32179
508,418,4.0,32180
508,2596,2.0,32181
508,1450,3.0,32182
508,636,4.0,32183
508,428,4.0,32184
508,3398,4.0,32185
508,3226,3.0,32186
508,1391,4.0,32187
508,2559,3.0,32188
509,3386,5.0,32189
509,6690,2.5,32190
509,3667,2.5,32191
509,1161,2.5,32192
509,1666,2.5,32193
509,3232,2.5,32194
509,1790,2.5,32195
509,1217,2.5,32196
509,3588,2.5,32197
509,728,2.5,32198
509,3285,2.5,32199
509,2191,2.5,32200
509,2047,2.5,32201
509,319,2.5,32202
509,2115,2.5,32203
509,211,4.0,32204
509,3382,2.5,32205
509,3106,2.5,32206
509,744,2.5,32207
509,796,2.5,32208
509,2756,4.0,32209
509,2561,2.5,32210
509,807,2.5,32211
509,3410,2.5,32212
509,3419,2.5,32213
509,2924,2.5,32214
509,836,4.0,32215
509,638,2.5,32216
509,2530,2.5,32217
509,863,2.5,32218
509,3182,5.0,32219
509,1434,2.5,32220
509,1726,2.5,32221
509,2558,2.5,32222
509,716,2.5,32223
509,2024,2.5,32224
509,2088,4.0,32225
509,2195,2.5,32226
509,2928,2.5,32227
509,279,2.5,32228
509,3198,2.5,32229
509,895,2.5,32230
509,2560,2.5,32231
509,376,2.5,32232
509,3539,2.5,32233
509,1132,2.5,32234
509,2340,2.5,32235
509,1318,2.5,32236
509,516,2.5,32237
509,727,2.5,32238
509,3504,2.5,32239
509,280,2.5,32240
509,98,2.5,32241
509,1390,2.5,32242
509,418,2.5,32243
509,2956,2.5,32244
509,1172,2.5,32245
509,428,2.5,32246
509,5716,4.0,32247
510,4779,3.5,32248
510,5532,2.5,32249
510,2756,4.5,32250
510,4352,3.0,32251
511,4460,2.5,32252
511,2215,4.5,32253
511,1249,5.0,32254
511,1733,3.5,32255
511,573,5.0,32256
511,1996,4.5,32257
511,1028,3.5,32258
511,1161,5.0,32259
511,2485,5.0,32260
511,2527,3.5,32261
511,1005,5.0,32262
511,226,4.0,32263
511,270,5.0,32264
511,775,5.0,32265
511,2191,4.0,32266
511,2799,4.0,32267
511,3360,3.5,32268
511,457,2.5,32269
511,3460,3.0,32270
511,3438,2.5,32271
511,796,2.5,32272
511,913,5.0,32273
511,2756,2.5,32274
511,3478,4.5,32275
511,2561,2.5,32276
511,807,2.5,32277
511,901,2.5,32278
511,879,2.5,32279
511,1717,5.0,32280
511,844,2.5,32281
511,2438,2.5,32282
511,2957,3.5,32283
511,3286,2.5,32284
511,2924,2.5,32285
511,3379,4.0,32286
511,422,2.5,32287
511,1671,2.5,32288
511,2530,2.5,32289
511,2699,2.5,32290
511,877,3.5,32291
511,2598,2.5,32292
511,1600,5.0,32293
511,17,2.5,32294
511,3018,2.5,32295
511,1926,2.5,32296
511,1431,5.0,32297
511,1508,2.5,32298
511,1434,2.5,32299
511,3503,2.5,32300
511,1726,2.5,32301
511,3594,2.5,32302
511,2558,2.5,32303
511,1795,2.5,32304
511,2024,2.5,32305
511,2088,2.5,32306
511,2195,5.0,32307
511,460,3.0,32308
511,3528,2.5,32309
511,540,2.5,32310
511,2560,2.5,32311
511,108,2.5,32312
511,1350,2.5,32313
511,727,2.5,32314
511,424,2.5,32315
511,280,2.5,32316
511,98,2.5,32317
511,1390,2.5,32318
511,224,3.0,32319
511,418,2.5,32320
511,2596,2.5,32321
511,6270,4.0,32322
512,4749,5.0,32323
512,6690,2.5,32324
512,3667,4.0,32325
512,2280,3.5,32326
512,2485,4.5,32327
512,1974,3.5,32328
512,3018,3.5,32329
512,3366,3.0,32330
512,2939,5.0,32331
512,2938,5.0,32332
512,4656,3.5,32333
512,4752,3.0,32334
513,5444,5.0,32335
513,1780,5.0,32336
513,2589,5.0,32337
513,2700,5.0,32338
513,5460,2.5,32339
513,1789,4.0,32340
513,3290,3.0,32341
513,2215,4.5,32342
513,210,3.5,32343
513,1733,3.5,32344
513,2344,3.5,32345
513,3593,2.5,32346
513,1175,0.5,32347
513,2648,4.0,32348
513,33,3.0,32349
513,931,4.5,32350
513,2485,4.0,32351
513,650,3.5,32352
513,2526,3.5,32353
513,1217,3.0,32354
513,1435,2.0,32355
513,365,3.5,32356
513,1769,1.0,32357
513,1094,3.0,32358
513,845,3.5,32359
513,3661,4.0,32360
513,1123,3.5,32361
513,2047,4.5,32362
513,1767,2.0,32363
513,2554,4.0,32364
513,3289,4.0,32365
513,1545,2.5,32366
513,85,4.0,32367
513,3161,3.0,32368
513,2502,3.0,32369
513,318,3.0,32370
513,1969,3.5,32371
513,1804,3.5,32372
513,826,4.0,32373
513,1458,2.0,32374
513,796,1.0,32375
513,2525,3.0,32376
513,188,3.5,32377
513,2756,4.5,32378
513,1444,3.5,32379
513,2561,3.5,32380
513,2774,3.0,32381
513,844,3.0,32382
513,2438,3.0,32383
513,2543,1.5,32384
513,2922,1.5,32385
513,3699,4.0,32386
513,1963,3.5,32387
513,3412,3.5,32388
513,379,2.5,32389
513,2598,1.5,32390
513,863,3.5,32391
513,1434,5.0,32392
513,956,3.0,32393
513,2558,2.0,32394
513,1795,3.5,32395
513,3447,2.5,32396
513,2088,4.0,32397
513,3556,1.5,32398
513,279,4.0,32399
513,5485,4.0,32400
514,2680,4.0,32401
514,1302,4.0,32402
514,531,4.0,32403
514,547,5.0,32404
514,598,3.0,32405
515,4190,5.0,32406
515,6307,2.5,32407
515,3290,3.5,32408
515,3391,1.0,32409
515,3711,3.5,32410
515,573,2.5,32411
515,2027,3.5,32412
515,3593,2.5,32413
515,3121,3.5,32414
515,856,3.0,32415
515,3409,2.5,32416
515,1790,3.5,32417
515,2526,3.0,32418
515,3053,3.5,32419
515,589,2.5,32420
515,2047,3.0,32421
515,319,1.0,32422
515,2115,3.5,32423
515,1148,3.5,32424
515,338,4.0,32425
515,846,2.5,32426
515,1969,3.5,32427
515,3501,2.0,32428
515,2043,3.5,32429
515,251,3.5,32430
515,2965,4.5,32431
515,3349,4.0,32432
515,3710,4.0,32433
515,3090,3.0,32434
515,3062,3.0,32435
515,1686,4.0,32436
515,1369,4.5,32437
515,1103,4.0,32438
515,1945,4.0,32439
515,2948,3.5,32440
515,3115,2.0,32441
515,2213,4.5,32442
515,2077,2.5,32443
515,766,3.5,32444
515,2252,4.0,32445
515,949,3.5,32446
515,1688,3.0,32447
515,3565,5.0,32448
515,733,3.5,32449
515,2848,3.5,32450
515,2253,4.0,32451
515,2137,4.0,32452
515,3192,4.0,32453
515,2138,4.5,32454
515,1537,4.5,32455
515,899,5.0,32456
515,2015,5.0,32457
515,1620,4.0,32458
515,2141,4.0,32459
515,1780,4.0,32460
515,2225,3.5,32461
515,1365,2.5,32462
515,3236,3.5,32463
515,1777,4.0,32464
515,588,3.5,32465
515,1699,5.0,32466
515,2958,5.0,32467
515,3344,3.5,32468
515,193,4.0,32469
515,3935,4.0,32470
516,501,5.0,32471
516,2730,5.0,32472
516,725,5.0,32473
516,5421,3.5,32474
516,6690,2.5,32475
516,997,4.5,32476
516,3711,4.0,32477
516,1175,3.5,32478
516,2648,4.5,32479
516,66,4.5,32480
516,1883,2.5,32481
516,2706,2.5,32482
516,2236,4.0,32483
516,2930,2.5,32484
516,270,2.5,32485
516,3661,2.5,32486
516,996,2.5,32487
516,589,2.5,32488
516,2368,3.0,32489
516,2278,4.5,32490
516,2554,5.0,32491
516,957,2.5,32492
516,3289,2.5,32493
516,2409,2.5,32494
516,277,2.5,32495
516,3551,2.5,32496
516,2228,2.5,32497
516,888,4.5,32498
516,2502,2.5,32499
516,2104,2.5,32500
516,2704,2.5,32501
516,2038,2.5,32502
516,2405,2.5,32503
516,2561,5.0,32504
516,2689,2.5,32505
516,2273,2.5,32506
516,960,3.0,32507
516,932,2.5,32508
516,379,2.5,32509
516,1504,2.5,32510
516,1726,4.0,32511
516,956,2.5,32512
516,2558,4.0,32513
516,3447,2.5,32514
516,1889,2.5,32515
516,2560,5.0,32516
516,2959,2.5,32517
516,1119,2.5,32518
516,339,4.5,32519
516,2260,3.0,32520
516,98,2.5,32521
516,1391,2.5,32522
516,2559,4.0,32523
516,1669,4.0,32524
516,2908,2.5,32525
516,531,2.5,32526
517,4771,5.0,32527
517,2946,5.0,32528
517,3369,5.0,32529
517,3066,5.0,32530
517,5876,2.5,32531
517,2215,4.5,32532
517,2994,3.5,32533
517,3711,3.5,32534
517,420,3.5,32535
517,3121,3.0,32536
517,1175,2.5,32537
517,33,4.0,32538
517,931,3.0,32539
517,87,2.0,32540
517,1790,3.5,32541
517,1088,2.0,32542
517,163,2.5,32543
517,728,2.5,32544
517,99,2.5,32545
517,1053,4.0,32546
517,845,4.0,32547
517,3661,3.5,32548
517,3002,2.5,32549
517,1095,4.0,32550
517,2513,3.0,32551
517,2368,2.5,32552
517,2047,4.0,32553
517,319,4.0,32554
517,2554,2.5,32555
517,259,3.0,32556
517,1148,2.5,32557
517,3289,2.5,32558
517,277,3.5,32559
517,2228,2.5,32560
517,419,0.5,32561
517,174,4.0,32562
517,3106,3.5,32563
517,318,3.5,32564
517,512,5.0,32565
517,3438,2.5,32566
517,3135,5.0,32567
517,2756,4.5,32568
517,2561,2.5,32569
517,2774,3.5,32570
517,2578,2.5,32571
517,3540,2.5,32572
517,844,4.0,32573
517,1033,2.5,32574
517,2699,2.5,32575
517,2598,2.5,32576
517,17,2.5,32577
517,3018,2.5,32578
517,1508,2.5,32579
517,3029,4.0,32580
517,1434,4.5,32581
517,3503,4.5,32582
517,2558,2.5,32583
517,3447,2.5,32584
517,2024,4.0,32585
517,2088,4.5,32586
517,3054,4.0,32587
517,582,2.5,32588
517,279,2.5,32589
517,2444,2.5,32590
517,3050,2.5,32591
517,2560,2.5,32592
517,3539,2.5,32593
517,1132,2.5,32594
517,2752,4.5,32595
517,1350,3.0,32596
517,727,2.5,32597
517,2515,3.5,32598
517,280,2.5,32599
517,2260,2.5,32600
517,1390,3.5,32601
517,418,2.5,32602
517,1216,3.5,32603
518,6515,5.0,32604
518,3486,5.0,32605
518,4678,2.5,32606
518,1028,2.5,32607
518,3593,3.0,32608
518,2648,3.0,32609
518,3176,4.0,32610
518,1588,2.0,32611
518,87,1.5,32612
518,259,3.0,32613
518,1930,0.5,32614
518,3419,3.0,32615
518,1801,4.0,32616
518,1795,2.0,32617
518,2993,2.5,32618
518,2528,3.5,32619
518,1535,3.5,32620
518,1712,4.5,32621
518,1686,4.0,32622
518,1945,4.0,32623
518,3622,4.5,32624
518,1210,4.5,32625
518,1360,5.0,32626
518,3051,3.5,32627
518,3236,4.0,32628
518,803,3.5,32629
518,2003,2.0,32630
518,1933,4.5,32631
518,951,4.0,32632
518,1448,3.5,32633
518,3134,3.0,32634
518,474,4.0,32635
518,1049,4.0,32636
518,164,4.0,32637
518,1928,4.0,32638
518,427,5.0,32639
518,3308,4.5,32640
518,2881,4.0,32641
518,3259,4.5,32642
518,162,4.5,32643
518,237,4.5,32644
518,891,4.5,32645
518,22,5.0,32646
518,822,4.0,32647
519,4450,5.0,32648
519,3066,5.0,32649
519,4002,3.0,32650
519,3869,2.5,32651
519,236,3.0,32652
519,2863,3.5,32653
519,3258,4.0,32654
519,3400,2.5,32655
519,2871,4.0,32656
519,1798,3.0,32657
519,2215,4.0,32658
519,1273,3.0,32659
519,691,3.0,32660
519,2448,3.0,32661
519,2423,3.5,32662
519,3224,3.0,32663
519,34,4.0,32664
519,2994,3.0,32665
519,275,4.0,32666
519,3239,3.0,32667
519,1986,3.0,32668
519,2202,3.5,32669
519,1387,5.0,32670
519,1733,5.0,32671
519,2210,2.0,32672
519,1225,3.0,32673
519,573,4.0,32674
519,57,4.0,32675
519,848,3.5,32676
519,2027,5.0,32677
519,1996,4.0,32678
519,3561,3.0,32679
519,2288,4.0,32680
519,1108,3.0,32681
519,3266,4.5,32682
519,1028,3.0,32683
519,1161,5.0,32684
519,1957,3.5,32685
519,2575,3.5,32686
519,1419,3.5,32687
519,510,4.0,32688
519,3310,3.0,32689
519,3232,3.5,32690
519,566,3.5,32691
519,3593,4.0,32692
519,3121,3.0,32693
519,2903,3.5,32694
519,1175,3.0,32695
519,1307,3.0,32696
519,1684,3.0,32697
519,1195,3.0,32698
519,1517,3.0,32699
519,2648,4.0,32700
519,33,3.5,32701
519,1460,3.0,32702
519,931,4.0,32703
519,1741,3.0,32704
519,1278,3.5,32705
519,306,3.0,32706
519,1870,2.5,32707
519,2424,3.5,32708
519,1223,3.0,32709
519,712,3.0,32710
519,777,3.5,32711
519,856,4.0,32712
519,498,3.5,32713
519,1291,3.0,32714
519,983,3.5,32715
519,6690,3.5,32716
519,4488,3.5,32717
519,3751,3.0,32718
520,6296,5.0,32719
520,3571,1.5,32720
520,1989,4.0,32721
520,3561,4.5,32722
520,510,2.0,32723
520,931,5.0,32724
520,2485,4.0,32725
520,1790,4.5,32726
520,3285,5.0,32727
520,3109,5.0,32728
520,2764,3.5,32729
520,1150,3.5,32730
520,846,5.0,32731
520,1090,5.0,32732
520,2754,5.0,32733
520,3438,5.0,32734
520,2756,5.0,32735
520,1961,4.5,32736
520,932,4.5,32737
520,2530,4.0,32738
520,2931,5.0,32739
520,1508,5.0,32740
520,1016,5.0,32741
520,1132,5.0,32742
520,2064,5.0,32743
520,2908,3.0,32744
520,2548,4.0,32745
520,1054,3.0,32746
520,1056,4.0,32747
520,3670,3.5,32748
520,2069,5.0,32749
520,2492,4.0,32750
520,952,4.5,32751
520,949,4.5,32752
520,1357,5.0,32753
520,3671,2.5,32754
520,4450,3.0,32755
521,5751,5.0,32756
521,6196,2.5,32757
521,2520,2.5,32758
521,2423,3.0,32759
521,1229,3.0,32760
521,170,3.0,32761
521,1843,3.0,32762
521,3593,3.0,32763
521,2623,4.0,32764
521,130,2.0,32765
521,3702,2.0,32766
521,3114,2.0,32767
521,550,3.0,32768
521,2501,3.0,32769
521,3169,5.0,32770
521,1612,2.0,32771
521,3285,1.0,32772
521,3282,3.0,32773
521,3609,3.0,32774
521,1924,3.0,32775
521,2710,2.0,32776
521,996,2.0,32777
521,2513,2.0,32778
521,1746,2.0,32779
521,1492,3.0,32780
521,917,3.0,32781
521,1815,2.5,32782
521,85,2.0,32783
521,2676,1.0,32784
521,1158,2.5,32785
521,2502,3.0,32786
521,706,4.0,32787
521,174,3.0,32788
521,2945,4.0,32789
521,3106,5.0,32790
521,318,1.0,32791
521,1969,2.0,32792
521,385,2.5,32793
521,3438,1.0,32794
521,3669,3.0,32795
521,2709,3.0,32796
521,1376,4.0,32797
521,807,2.0,32798
521,1702,3.0,32799
521,2578,3.0,32800
521,2962,0.5,32801
521,1159,2.5,32802
521,964,2.5,32803
521,3372,2.5,32804
521,1721,5.0,32805
521,1963,2.0,32806
521,3207,3.0,32807
521,2353,4.0,32808
521,166,2.5,32809
521,100,2.5,32810
521,3017,2.0,32811
521,17,4.0,32812
522,5852,5.0,32813
522,3192,5.0,32814
522,949,5.0,32815
522,1348,5.0,32816
522,4405,3.5,32817
522,573,4.0,32818
522,845,4.5,32819
522,2047,4.0,32820
522,319,2.5,32821
522,2554,4.0,32822
522,2756,4.0,32823
522,1431,4.5,32824
522,1434,4.5,32825
522,2560,4.5,32826
522,1390,4.0,32827
522,1216,4.0,32828
522,1391,4.0,32829
522,1535,2.5,32830
522,1604,4.5,32831
522,2338,4.0,32832
522,2571,4.0,32833
522,106,4.5,32834
522,1152,4.0,32835
522,1530,4.5,32836
522,3129,3.5,32837
522,2663,0.5,32838
522,229,3.5,32839
522,1945,4.5,32840
522,858,4.0,32841
522,2746,1.5,32842
522,2998,3.5,32843
522,1128,4.0,32844
522,2828,3.0,32845
522,2953,2.5,32846
522,2929,3.5,32847
522,3356,4.5,32848
522,790,5.0,32849
522,3174,4.0,32850
522,3650,4.0,32851
522,2850,4.0,32852
522,834,5.0,32853
522,1770,4.0,32854
522,2402,4.0,32855
522,1276,4.5,32856
522,2785,4.0,32857
522,1422,2.0,32858
522,666,4.0,32859
522,3484,2.0,32860
522,3470,3.0,32861
522,2849,4.5,32862
522,3565,4.0,32863
522,1297,3.0,32864
522,1541,4.0,32865
522,1256,4.0,32866
522,2862,3.5,32867
522,2080,3.0,32868
522,501,2.5,32869
522,1280,4.5,32870
522,2552,5.0,32871
522,3627,3.5,32872
522,3136,3.0,32873
522,46,4.0,32874
522,3066,4.5,32875
522,1489,4.0,32876
522,3067,4.0,32877
522,31,3.5,32878
522,3065,5.0,32879
522,3708,3.0,32880
522,2567,3.5,32881
522,2461,4.0,32882
523,6243,4.0,32883
523,4656,2.5,32884
523,99,4.5,32885
523,3285,3.5,32886
523,2799,3.5,32887
523,2104,1.5,32888
523,694,2.0,32889
523,2573,3.5,32890
523,339,4.0,32891
523,763,2.5,32892
523,1530,5.0,32893
523,1803,2.5,32894
523,1363,1.5,32895
523,1210,5.0,32896
523,762,2.5,32897
523,761,2.5,32898
523,47,4.5,32899
523,1452,4.5,32900
523,2386,5.0,32901
523,1921,5.0,32902
523,1490,3.0,32903
523,899,5.0,32904
523,2384,4.0,32905
523,193,5.0,32906
523,4476,3.5,32907
524,4232,5.0,32908
524,5757,2.5,32909
524,2097,2.0,32910
524,2346,2.0,32911
524,1789,3.0,32912
524,934,2.0,32913
524,2520,4.0,32914
524,2871,4.0,32915
524,2149,2.5,32916
524,2780,2.5,32917
524,2423,3.5,32918
524,34,2.5,32919
524,997,2.5,32920
524,3711,3.0,32921
524,3239,3.5,32922
524,2202,2.5,32923
524,3371,2.0,32924
524,420,2.5,32925
524,3283,1.5,32926
524,3063,3.0,32927
524,2027,2.5,32928
524,1996,4.5,32929
524,3561,5.0,32930
524,80,2.5,32931
524,2830,2.5,32932
524,1957,2.5,32933
524,1161,5.0,32934
524,1962,1.5,32935
524,3593,3.0,32936
524,3506,2.5,32937
524,1307,2.0,32938
524,2648,2.5,32939
524,33,3.0,32940
524,1460,2.0,32941
524,306,2.5,32942
524,2424,2.5,32943
524,3244,4.5,32944
524,3176,4.0,32945
524,498,2.5,32946
524,983,2.5,32947
524,3409,2.5,32948
524,2485,4.5,32949
524,87,2.5,32950
524,130,2.5,32951
524,3576,2.5,32952
524,1982,2.5,32953
524,1107,2.5,32954
524,1790,4.5,32955
524,2947,2.5,32956
524,650,2.5,32957
524,66,3.5,32958
524,3951,3.5,32959
524,5402,3.5,32960
525,5460,2.5,32961
525,1789,2.5,32962
525,3239,2.5,32963
525,1986,2.5,32964
525,2202,2.5,32965
525,3468,2.5,32966
525,1225,2.5,32967
525,3063,2.5,32968
525,2027,2.5,32969
525,1989,2.5,32970
525,2344,2.5,32971
525,3266,2.5,32972
525,3232,2.5,32973
525,1962,2.5,32974
525,566,2.5,32975
525,3593,2.5,32976
525,3121,2.5,32977
525,2903,2.5,32978
525,752,2.5,32979
525,1517,2.5,32980
525,2648,2.5,32981
525,1460,2.5,32982
525,931,2.5,32983
525,306,2.5,32984
525,1825,2.5,32985
525,3409,2.5,32986
525,2485,2.5,32987
525,87,2.5,32988
525,728,2.5,32989
525,3002,2.5,32990
525,440,2.5,32991
525,1123,2.5,32992
525,2047,2.5,32993
525,2919,2.5,32994
525,846,2.5,32995
525,277,2.5,32996
525,1584,2.5,32997
525,1458,2.5,32998
525,947,2.5,32999
525,2722,2.5,33000
525,1264,2.5,33001
525,901,2.5,33002
525,2438,2.5,33003
525,422,2.5,33004
525,1963,2.5,33005
525,1508,2.5,33006
525,2558,2.5,33007
525,2167,2.5,33008
525,279,2.5,33009
525,540,2.5,33010
525,376,2.5,33011
525,2959,2.5,33012
525,946,2.5,33013
525,3539,2.5,33014
525,230,2.5,33015
525,1459,2.5,33016
525,727,2.5,33017
525,280,2.5,33018
525,98,2.5,33019
525,418,2.5,33020
525,1748,2.5,33021
525,1450,2.5,33022
525,3398,2.5,33023
525,2559,2.5,33024
525,553,2.5,33025
525,2139,2.5,33026
525,1147,2.5,33027
525,284,2.5,33028
525,1604,2.5,33029
525,945,2.5,33030
525,795,2.5,33031
526,6068,4.0,33032
526,4405,2.5,33033
526,4573,3.5,33034
526,4488,3.5,33035
526,5402,3.0,33036
526,6647,3.0,33037
527,6541,5.0,33038
527,3522,5.0,33039
527,2576,5.0,33040
527,5832,4.0,33041
527,5947,2.5,33042
527,2283,3.5,33043
527,2215,4.0,33044
527,1249,3.5,33045
527,2110,3.5,33046
527,2994,4.0,33047
527,1514,3.5,33048
527,1028,3.5,33049
527,1161,3.5,33050
527,510,3.5,33051
527,1684,3.5,33052
527,2648,4.0,33053
527,1278,4.0,33054
527,2132,3.5,33055
527,983,3.5,33056
527,837,3.5,33057
527,2527,3.5,33058
527,2007,3.5,33059
527,3490,3.5,33060
527,1974,3.5,33061
527,3105,3.5,33062
527,1844,3.5,33063
527,2640,3.5,33064
527,3364,4.5,33065
527,3588,3.5,33066
527,1608,3.5,33067
527,1395,3.5,33068
527,1612,3.5,33069
527,5435,4.0,33070
527,3975,4.0,33071
527,4432,4.0,33072
527,6319,3.5,33073
527,6221,3.0,33074
528,4678,2.5,33075
528,1028,5.0,33076
528,510,5.0,33077
528,3616,5.0,33078
528,1612,5.0,33079
528,1745,4.0,33080
528,318,3.5,33081
528,3549,5.0,33082
528,1795,5.0,33083
528,2028,5.0,33084
528,1999,5.0,33085
528,1216,5.0,33086
528,1065,5.0,33087
528,3366,5.0,33088
528,2065,5.0,33089
528,1369,5.0,33090
528,1103,5.0,33091
528,253,5.0,33092
528,2828,5.0,33093
528,421,5.0,33094
528,3537,5.0,33095
528,2567,5.0,33096
528,3179,5.0,33097
528,200,3.0,33098
528,2927,3.5,33099
528,725,5.0,33100
528,1127,5.0,33101
529,6110,4.0,33102
529,6574,2.5,33103
529,3561,4.0,33104
529,1028,4.5,33105
529,2075,3.5,33106
529,3564,4.0,33107
529,3364,4.5,33108
529,350,3.0,33109
529,2930,2.5,33110
529,1523,3.0,33111
529,3661,2.5,33112
529,589,3.0,33113
529,2799,3.0,33114
529,319,3.0,33115
529,1948,4.0,33116
529,2554,4.0,33117
529,3455,3.5,33118
529,2228,4.5,33119
529,1149,4.5,33120
529,3602,4.0,33121
529,1090,3.5,33122
529,2781,3.5,33123
529,1638,4.0,33124
529,1637,2.0,33125
529,1640,3.0,33126
529,1644,2.5,33127
529,1639,2.0,33128
529,1631,3.5,33129
529,1641,2.5,33130
529,1647,3.0,33131
529,1649,3.0,33132
529,2525,3.0,33133
529,1946,3.0,33134
529,1671,4.0,33135
529,448,4.5,33136
529,3112,3.5,33137
529,3646,3.0,33138
529,1168,2.5,33139
529,2530,4.0,33140
529,3653,4.0,33141
529,1913,3.0,33142
529,2398,2.0,33143
529,2963,3.0,33144
529,1324,3.5,33145
529,2043,4.0,33146
529,2524,2.5,33147
529,4939,4.0,33148
529,5204,3.0,33149
530,5402,5.0,33150
530,1733,5.0,33151
530,2592,5.0,33152
530,2410,5.0,33153
530,4460,2.5,33154
530,2871,4.0,33155
530,2215,5.0,33156
530,3063,2.5,33157
530,2027,4.5,33158
530,3561,2.5,33159
530,3593,4.0,33160
530,2903,3.0,33161
530,2648,4.0,33162
530,931,4.0,33163
530,1088,3.0,33164
530,1041,2.5,33165
530,574,3.0,33166
530,234,2.5,33167
530,3019,4.5,33168
530,2047,5.0,33169
530,1148,4.0,33170
530,3397,0.5,33171
530,872,3.0,33172
530,145,3.5,33173
530,913,3.0,33174
530,2756,4.5,33175
530,2561,3.0,33176
530,2530,4.0,33177
530,3503,5.0,33178
530,1016,4.5,33179
530,2024,4.0,33180
530,279,4.0,33181
530,452,4.0,33182
530,339,4.0,33183
530,108,4.0,33184
530,280,5.0,33185
530,2956,3.0,33186
530,636,3.5,33187
530,2466,4.5,33188
530,1369,5.0,33189
530,1146,4.0,33190
530,3622,5.0,33191
530,3370,5.0,33192
530,3247,3.0,33193
530,2354,4.0,33194
530,2953,3.5,33195
530,3174,4.0,33196
530,881,4.0,33197
530,1835,4.0,33198
530,684,3.5,33199
530,446,3.5,33200
530,2966,4.0,33201
530,47,3.5,33202
530,2604,4.5,33203
530,2849,4.5,33204
530,192,4.5,33205
530,3206,4.5,33206
530,434,4.0,33207
530,3192,4.5,33208
530,564,4.0,33209
530,31,3.0,33210
530,1271,4.0,33211
530,3327,4.5,33212
530,1115,5.0,33213
530,2404,3.5,33214
530,3257,5.0,33215
530,1019,3.5,33216
530,59,4.0,33217
531,3794,5.0,33218
531,145,5.0,33219
531,3226,5.0,33220
531,1789,5.0,33221
531,5460,2.5,33222
531,2994,3.0,33223
531,1733,5.0,33224
531,573,5.0,33225
531,2027,5.0,33226
531,1161,4.5,33227
531,510,4.5,33228
531,2424,4.5,33229
531,2485,4.5,33230
531,3449,5.0,33231
531,2047,5.0,33232
531,319,3.5,33233
531,2099,4.5,33234
531,913,4.5,33235
531,3379,3.0,33236
531,2088,4.5,33237
531,1530,5.0,33238
531,1369,5.0,33239
531,708,5.0,33240
531,2213,5.0,33241
531,790,5.0,33242
531,1347,5.0,33243
531,2208,5.0,33244
531,189,4.0,33245
531,975,5.0,33246
531,1115,5.0,33247
531,1117,5.0,33248
531,725,5.0,33249
532,3056,5.0,33250
532,4338,3.5,33251
532,5925,2.5,33252
533,3067,5.0,33253
533,421,5.0,33254
533,1357,5.0,33255
533,5876,2.5,33256
533,2215,4.0,33257
533,2027,3.5,33258
533,3561,3.0,33259
533,1161,3.5,33260
533,2424,3.0,33261
533,650,3.5,33262
533,616,2.5,33263
533,845,4.0,33264
533,211,4.0,33265
533,3106,3.0,33266
533,913,2.5,33267
533,844,4.0,33268
533,1508,2.5,33269
533,2088,3.5,33270
533,2911,2.5,33271
533,1216,3.0,33272
533,2126,2.5,33273
533,1317,2.5,33274
533,531,3.5,33275
533,251,4.0,33276
533,547,2.5,33277
533,1686,2.5,33278
533,3366,2.5,33279
533,1103,2.5,33280
533,3622,4.0,33281
533,2213,3.5,33282
533,352,2.5,33283
533,1026,2.5,33284
533,834,4.0,33285
533,2367,2.5,33286
533,1348,4.0,33287
533,2465,3.5,33288
533,666,2.5,33289
533,3484,3.0,33290
533,2849,4.0,33291
533,1952,4.0,33292
533,3192,3.5,33293
533,592,2.5,33294
533,2862,2.5,33295
533,1724,2.5,33296
533,2208,2.5,33297
533,667,2.5,33298
533,1873,2.5,33299
533,325,3.0,33300
533,1755,2.5,33301
533,899,4.5,33302
533,354,2.5,33303
533,1489,5.0,33304
533,1620,2.5,33305
533,1030,2.5,33306
533,3065,5.0,33307
533,2427,2.5,33308
533,2567,4.0,33309
533,1559,2.5,33310
533,1777,2.5,33311
533,1082,2.5,33312
533,2590,2.5,33313
533,3097,2.5,33314
533,3420,2.5,33315
533,2410,4.5,33316
533,353,4.0,33317
533,3257,4.0,33318
534,2776,4.0,33319
534,6110,4.0,33320
535,2831,5.0,33321
535,273,5.0,33322
535,290,5.0,33323
535,4678,2.5,33324
535,1028,5.0,33325
535,3633,1.0,33326
535,728,2.0,33327
535,3285,1.5,33328
535,319,5.0,33329
535,2554,4.0,33330
535,1090,1.0,33331
535,2756,2.0,33332
535,2561,3.0,33333
535,1508,0.5,33334
535,1434,2.5,33335
535,2088,3.0,33336
535,279,3.0,33337
535,2560,4.0,33338
535,280,2.0,33339
535,284,5.0,33340
535,1065,2.5,33341
535,1530,4.0,33342
535,3622,5.0,33343
535,3269,1.0,33344
535,2402,2.0,33345
535,3136,5.0,33346
535,1755,4.0,33347
535,899,5.0,33348
535,3327,2.5,33349
536,4338,5.0,33350
536,6296,2.5,33351
536,3285,3.0,33352
536,2554,3.5,33353
536,957,4.0,33354
536,1890,3.0,33355
536,2756,4.5,33356
536,2561,3.0,33357
536,3540,2.5,33358
536,2558,4.0,33359
536,2088,4.0,33360
536,279,3.5,33361
536,3528,3.0,33362
536,2560,4.0,33363
536,3539,4.0,33364
536,1459,3.0,33365
536,727,2.0,33366
536,280,4.5,33367
536,1513,2.5,33368
536,3048,4.0,33369
536,2480,3.5,33370
536,1152,4.5,33371
536,3569,4.0,33372
536,2595,4.0,33373
536,1457,4.0,33374
536,29,3.5,33375
536,430,3.0,33376
536,2731,2.5,33377
536,538,3.0,33378
536,3049,4.0,33379
536,3370,4.0,33380
536,1145,2.0,33381
536,1383,2.5,33382
536,2730,4.0,33383
536,2712,2.0,33384
536,2744,3.5,33385
536,2997,4.0,33386
536,2317,3.0,33387
536,2402,3.5,33388
536,1144,4.0,33389
536,1381,3.0,33390
536,1276,4.0,33391
536,505,3.5,33392
536,3706,3.5,33393
536,3202,4.0,33394
536,135,3.0,33395
536,47,3.5,33396
536,3683,3.0,33397
536,1382,4.0,33398
536,2644,3.0,33399
536,2553,3.5,33400
536,622,4.0,33401
536,46,3.5,33402
536,2551,3.5,33403
536,1845,4.0,33404
537,2639,5.0,33405
537,1619,5.0,33406
537,1887,5.0,33407
537,4267,2.5,33408
537,2830,3.0,33409
537,510,3.0,33410
537,1974,4.0,33411
537,1435,0.5,33412
537,1612,3.5,33413
537,876,0.5,33414
537,1924,4.0,33415
537,1286,5.0,33416
537,2191,5.0,33417
537,2047,4.0,33418
537,3161,3.0,33419
537,457,4.0,33420
537,3669,3.5,33421
537,2756,5.0,33422
537,2991,5.0,33423
537,3582,3.5,33424
537,3018,5.0,33425
537,1431,4.5,33426
537,1434,4.0,33427
537,1726,4.0,33428
537,1392,4.0,33429
537,1795,4.0,33430
537,2024,3.5,33431
537,2088,5.0,33432
537,3054,4.5,33433
537,424,5.0,33434
537,418,4.0,33435
537,1216,4.0,33436
537,1391,5.0,33437
537,3488,5.0,33438
537,1065,4.5,33439
537,795,2.5,33440
537,1851,5.0,33441
537,3366,5.0,33442
537,1945,5.0,33443
537,378,4.0,33444
537,2478,4.0,33445
537,1991,5.0,33446
537,3370,5.0,33447
537,8,4.0,33448
537,2953,5.0,33449
537,790,5.0,33450
537,2982,5.0,33451
537,3174,5.0,33452
537,2216,4.0,33453
537,5142,4.0,33454
537,5789,4.0,33455
537,4062,3.5,33456
537,5959,3.0,33457
538,6047,5.0,33458
538,4603,2.5,33459
538,2903,4.0,33460
538,87,1.0,33461
538,728,2.0,33462
538,3584,4.0,33463
538,339,3.0,33464
538,1152,5.0,33465
538,2595,3.0,33466
538,1369,4.0,33467
538,3102,3.0,33468
538,3622,4.0,33469
538,3370,4.0,33470
538,2213,5.0,33471
538,2953,4.0,33472
538,2730,5.0,33473
538,3706,3.0,33474
538,47,3.0,33475
538,2849,4.0,33476
538,2644,4.0,33477
538,3206,4.0,33478
538,2592,5.0,33479
538,899,5.0,33480
538,200,3.0,33481
538,975,4.0,33482
538,2,3.0,33483
538,3327,4.0,33484
538,1115,5.0,33485
538,2224,3.0,33486
538,1117,5.0,33487
538,725,5.0,33488
538,971,5.0,33489
538,3259,2.0,33490
538,2589,4.0,33491
538,6633,4.0,33492
539,1580,5.0,33493
539,3177,5.0,33494
539,6110,3.5,33495
539,5532,2.5,33496
539,236,3.0,33497
539,2408,3.5,33498
539,3571,3.0,33499
539,3711,4.0,33500
539,420,3.0,33501
539,3532,3.0,33502
539,2952,3.5,33503
539,2830,3.0,33504
539,1161,5.0,33505
539,1029,3.0,33506
539,3593,4.5,33507
539,2749,3.0,33508
539,3121,3.5,33509
539,2903,3.5,33510
539,1195,3.0,33511
539,1517,3.5,33512
539,33,4.5,33513
539,867,3.0,33514
539,498,3.5,33515
539,983,2.5,33516
539,391,3.5,33517
539,401,3.0,33518
539,397,4.5,33519
539,407,3.5,33520
539,414,4.0,33521
539,130,5.0,33522
539,3616,4.5,33523
539,3334,4.0,33524
539,5678,4.0,33525
539,6633,4.0,33526
539,6068,3.5,33527
539,5789,3.0,33528
540,5716,5.0,33529
540,5757,3.0,33530
540,2097,4.0,33531
540,2215,4.0,33532
540,1962,1.0,33533
540,1435,1.5,33534
540,2834,4.0,33535
540,226,3.5,33536
540,2898,3.0,33537
540,938,2.5,33538
540,2561,4.0,33539
540,1033,1.0,33540
540,1451,2.0,33541
540,1963,3.0,33542
540,1135,4.0,33543
540,2109,4.0,33544
540,2524,3.0,33545
540,1434,4.0,33546
540,2088,4.5,33547
540,2024,3.5,33548
540,279,4.0,33549
540,995,3.5,33550
540,3528,3.0,33551
540,165,3.0,33552
540,452,4.0,33553
540,3104,2.0,33554
540,280,4.0,33555
540,1748,3.0,33556
540,1450,3.0,33557
540,2074,3.0,33558
540,1063,4.0,33559
540,847,4.0,33560
540,1077,3.5,33561
540,2790,2.5,33562
540,531,0.5,33563
540,2098,3.5,33564
540,1152,4.0,33565
540,2634,3.5,33566
540,1530,3.5,33567
540,569,2.5,33568
540,3450,4.0,33569
540,3129,2.0,33570
540,726,3.0,33571
540,3710,2.5,33572
540,1522,3.5,33573
540,2716,2.0,33574
540,3222,4.5,33575
540,685,4.0,33576
540,3090,4.0,33577
540,1749,3.5,33578
540,910,3.5,33579
540,1457,1.0,33580
540,2374,2.5,33581
540,1363,3.5,33582
540,1054,3.5,33583
540,5071,3.5,33584
541,4752,5.0,33585
541,2938,5.0,33586
541,3257,5.0,33587
541,975,5.0,33588
541,5751,2.5,33589
541,2088,5.0,33590
541,3622,4.0,33591
541,2862,3.0,33592
542,6035,5.0,33593
542,1369,5.0,33594
542,3869,3.5,33595
542,2215,5.0,33596
542,2027,3.0,33597
542,1028,4.0,33598
542,510,5.0,33599
542,3593,4.0,33600
542,1175,3.0,33601
542,2485,3.0,33602
542,87,4.0,33603
542,130,4.0,33604
542,3576,3.0,33605
542,1790,4.0,33606
542,650,3.0,33607
542,66,5.0,33608
542,550,4.0,33609
542,1974,2.0,33610
542,2501,4.0,33611
542,1217,4.0,33612
542,2547,4.0,33613
542,163,4.0,33614
542,431,4.0,33615
542,3458,3.0,33616
542,1612,5.0,33617
542,1745,4.0,33618
542,3285,2.0,33619
542,286,5.0,33620
542,1924,4.0,33621
542,1554,4.0,33622
542,2513,4.0,33623
542,3026,4.0,33624
542,2368,3.0,33625
542,2047,4.0,33626
542,1492,5.0,33627
542,1545,4.0,33628
542,2502,3.0,33629
542,174,5.0,33630
542,3106,3.0,33631
542,2104,4.0,33632
542,512,5.0,33633
542,2578,5.0,33634
542,844,4.0,33635
542,17,5.0,33636
542,1431,2.0,33637
542,3182,3.0,33638
542,2534,5.0,33639
542,1434,5.0,33640
542,3503,3.0,33641
542,1795,5.0,33642
542,2024,4.0,33643
542,2088,5.0,33644
542,2328,4.0,33645
542,3528,4.0,33646
542,1792,4.0,33647
542,2655,4.0,33648
542,1216,4.0,33649
542,428,4.0,33650
542,1317,4.0,33651
542,1391,3.0,33652
542,3028,4.0,33653
542,284,4.0,33654
542,1065,4.0,33655
542,1152,5.0,33656
542,3450,4.0,33657
542,3129,5.0,33658
542,3222,5.0,33659
542,2971,4.0,33660
542,3090,4.0,33661
542,920,5.0,33662
542,1056,5.0,33663
542,1103,4.0,33664
542,1945,5.0,33665
543,4779,5.0,33666
543,5460,2.5,33667
543,1789,2.5,33668
543,2871,2.5,33669
543,2215,2.5,33670
543,1733,4.0,33671
543,2027,2.5,33672
543,3063,2.5,33673
543,3266,2.5,33674
543,3232,2.5,33675
543,566,2.5,33676
543,1029,2.5,33677
543,3593,2.5,33678
543,3121,2.5,33679
543,1175,2.5,33680
543,2903,2.5,33681
543,2648,2.5,33682
543,931,2.5,33683
543,856,2.5,33684
543,1825,2.5,33685
543,3409,2.5,33686
543,2485,4.5,33687
543,2753,4.0,33688
543,728,2.5,33689
543,1007,2.5,33690
543,3109,2.5,33691
543,845,2.5,33692
543,970,2.5,33693
543,2047,2.5,33694
543,319,2.5,33695
543,288,2.5,33696
543,277,2.5,33697
543,3438,2.5,33698
543,2561,2.5,33699
543,807,2.5,33700
543,2762,2.5,33701
543,2699,2.5,33702
543,927,2.5,33703
543,2598,2.5,33704
543,3018,2.5,33705
543,1431,2.5,33706
543,1016,2.5,33707
543,128,2.5,33708
543,2558,2.5,33709
543,2024,5.0,33710
543,279,2.5,33711
543,3462,2.5,33712
543,540,2.5,33713
543,929,2.5,33714
543,2560,2.5,33715
543,452,2.5,33716
543,993,2.5,33717
543,2886,2.5,33718
543,1820,2.5,33719
543,230,2.5,33720
543,1350,2.5,33721
543,727,2.5,33722
543,424,2.5,33723
543,2515,2.5,33724
543,280,2.5,33725
543,2260,2.5,33726
543,2146,2.5,33727
543,2596,2.5,33728
543,2956,2.5,33729
543,1891,2.5,33730
543,1469,2.5,33731
543,428,2.5,33732
543,3398,2.5,33733
543,1502,2.5,33734
543,3401,2.5,33735
543,4774,3.0,33736
544,4156,5.0,33737
544,3794,3.0,33738
544,5947,2.5,33739
544,2283,4.5,33740
544,2215,5.0,33741
544,1249,4.5,33742
544,1092,4.0,33743
544,3711,4.5,33744
544,1733,5.0,33745
544,573,5.0,33746
544,1028,5.0,33747
544,1161,5.0,33748
544,1029,4.5,33749
544,867,4.0,33750
544,2203,4.0,33751
544,922,4.0,33752
544,2485,4.5,33753
544,3334,4.5,33754
544,3364,4.5,33755
544,3588,4.5,33756
544,1005,4.0,33757
544,3285,5.0,33758
544,3006,4.0,33759
544,234,3.0,33760
544,2368,4.0,33761
544,2278,5.0,33762
544,2228,4.0,33763
544,2656,5.0,33764
544,1149,5.0,33765
544,2104,5.0,33766
544,457,5.0,33767
544,1672,4.0,33768
544,624,5.0,33769
544,145,4.5,33770
544,913,5.0,33771
544,2279,5.0,33772
544,2972,3.5,33773
544,1671,5.0,33774
544,694,4.0,33775
544,3421,4.5,33776
544,1237,3.5,33777
544,2530,4.5,33778
544,2636,5.0,33779
544,3692,5.0,33780
544,176,4.5,33781
544,3423,4.5,33782
544,1434,4.5,33783
544,2088,4.5,33784
544,995,4.0,33785
544,1279,5.0,33786
544,1132,4.5,33787
544,339,5.0,33788
544,3422,4.5,33789
544,1664,5.0,33790
544,284,4.5,33791
544,4678,4.0,33792
545,5804,3.0,33793
545,6307,2.5,33794
545,1029,1.5,33795
545,3593,3.5,33796
545,1175,2.0,33797
545,487,1.0,33798
545,1517,2.0,33799
545,2648,3.5,33800
545,2203,3.5,33801
545,2623,3.0,33802
545,2424,3.0,33803
545,1398,3.0,33804
545,3244,3.5,33805
545,3176,3.5,33806
545,1558,4.0,33807
545,414,3.5,33808
545,407,4.0,33809
545,397,4.5,33810
545,401,4.5,33811
545,391,3.0,33812
545,394,3.5,33813
545,2485,4.5,33814
545,1107,2.0,33815
545,3633,3.5,33816
545,3169,4.0,33817
545,2547,2.0,33818
545,3231,3.5,33819
545,2807,3.5,33820
545,1333,4.0,33821
545,287,2.5,33822
545,163,3.0,33823
545,1799,3.0,33824
545,3458,2.5,33825
545,70,2.0,33826
545,1745,3.5,33827
545,764,2.5,33828
545,1362,3.5,33829
545,1005,4.0,33830
545,3285,3.5,33831
545,876,1.5,33832
545,1495,3.0,33833
545,286,4.0,33834
545,3109,2.5,33835
545,3378,3.5,33836
545,3913,3.5,33837
545,5688,3.5,33838
545,4474,3.0,33839
545,3810,3.0,33840
546,5657,5.0,33841
546,3136,5.0,33842
546,4156,3.5,33843
546,4405,2.5,33844
546,1161,3.0,33845
546,319,4.0,33846
546,1900,2.5,33847
546,1369,4.0,33848
546,2912,3.0,33849
546,1272,4.0,33850
546,2590,5.0,33851
546,1129,4.5,33852
547,1422,3.5,33853
547,2474,4.0,33854
547,1755,3.5,33855
547,1115,3.5,33856
547,1117,5.0,33857
547,4779,4.0,33858
548,4838,5.0,33859
548,2622,4.0,33860
548,394,4.0,33861
548,2485,4.5,33862
548,130,5.0,33863
548,652,4.0,33864
548,1745,3.5,33865
548,1005,5.0,33866
548,2681,1.0,33867
548,2047,4.5,33868
548,917,4.0,33869
548,2532,2.5,33870
548,2228,5.0,33871
548,2104,5.0,33872
548,5433,3.5,33873
548,5397,3.0,33874
549,2404,5.0,33875
549,2849,5.0,33876
549,3794,3.0,33877
549,5876,4.0,33878
549,2622,2.5,33879
549,3711,4.5,33880
549,3634,3.5,33881
549,1733,4.5,33882
549,2027,4.0,33883
549,3561,3.5,33884
549,1028,3.5,33885
549,1161,4.5,33886
549,510,4.5,33887
549,3593,4.0,33888
549,2903,4.0,33889
549,1460,3.5,33890
549,1278,3.5,33891
549,3409,4.0,33892
549,2485,4.5,33893
549,196,2.5,33894
549,1790,4.0,33895
549,650,3.5,33896
549,1974,4.5,33897
549,2501,3.0,33898
549,2366,3.0,33899
549,3169,4.5,33900
549,3364,4.0,33901
549,3053,4.0,33902
549,652,3.5,33903
549,163,3.5,33904
549,3458,2.5,33905
549,3491,3.5,33906
549,1612,4.0,33907
549,99,3.5,33908
549,1745,4.0,33909
549,1362,4.0,33910
549,3354,1.0,33911
549,226,4.5,33912
549,3285,4.0,33913
549,121,4.0,33914
549,616,4.0,33915
549,2898,3.5,33916
549,2002,4.5,33917
549,696,3.0,33918
549,845,4.5,33919
549,234,2.0,33920
549,3002,2.5,33921
549,1554,2.5,33922
549,2688,5.0,33923
549,1956,3.0,33924
549,78,2.5,33925
549,3026,2.0,33926
549,2985,4.0,33927
549,2368,4.0,33928
549,3046,2.5,33929
549,2047,4.5,33930
549,319,5.0,33931
549,1364,2.5,33932
549,1819,2.5,33933
549,1954,3.0,33934
549,259,3.5,33935
549,1354,2.5,33936
549,3059,2.5,33937
549,2286,2.5,33938
549,4972,3.0,33939
550,4868,5.0,33940
550,2462,5.0,33941
550,4490,4.0,33942
550,6307,2.5,33943
550,3290,3.5,33944
550,2871,4.0,33945
550,2110,4.5,33946
550,3561,4.5,33947
550,3121,2.5,33948
550,1741,3.0,33949
550,2485,4.0,33950
550,1088,5.0,33951
550,3633,5.0,33952
550,3588,5.0,33953
550,2547,2.0,33954
550,2378,4.0,33955
550,431,2.5,33956
550,70,3.5,33957
550,1362,5.0,33958
550,226,3.5,33959
550,3285,1.0,33960
550,574,5.0,33961
550,3006,2.0,33962
550,102,4.0,33963
550,234,4.5,33964
550,1628,4.0,33965
550,828,3.0,33966
550,191,4.0,33967
550,1232,3.0,33968
550,2191,4.5,33969
550,1954,1.5,33970
550,3299,5.0,33971
550,469,5.0,33972
550,2566,3.5,33973
550,2497,2.5,33974
550,792,4.0,33975
550,3106,4.5,33976
550,1090,4.0,33977
550,809,2.0,33978
550,318,4.0,33979
550,2227,1.5,33980
550,512,4.5,33981
550,1969,4.0,33982
550,3460,5.0,33983
550,947,4.0,33984
550,449,4.5,33985
550,913,5.0,33986
550,3501,2.5,33987
550,1037,3.5,33988
550,5071,3.0,33989
551,1529,5.0,33990
551,3584,5.0,33991
551,615,5.0,33992
551,4584,4.0,33993
551,4460,2.5,33994
551,2871,4.5,33995
551,1733,4.5,33996
551,2027,4.5,33997
551,1996,4.5,33998
551,1161,5.0,33999
551,510,3.5,34000
551,931,4.5,34001
551,383,4.5,34002
551,163,4.0,34003
551,145,2.5,34004
551,3503,4.0,34005
551,531,3.5,34006
551,3297,4.5,34007
551,975,4.5,34008
